[2025-11-18T05:32:02.891+0000] {manager.py:470} INFO - Processing files using up to 2 processes at a time 
[2025-11-18T05:32:02.892+0000] {manager.py:471} INFO - Process each file at most once every 30 seconds
[2025-11-18T05:32:02.895+0000] {manager.py:472} INFO - Checking for new files in /opt/airflow/dags every 300 seconds
[2025-11-18T05:32:02.896+0000] {manager.py:737} INFO - Searching for files in /opt/airflow/dags
[2025-11-18T05:32:03.039+0000] {manager.py:740} INFO - There are 4 files in /opt/airflow/dags
[2025-11-18T05:32:03.110+0000] {manager.py:878} INFO - 
================================================================================
DAG File Processing Stats

File Path                                  PID  Runtime      # DAGs    # Errors  Last Runtime    Last Run
---------------------------------------  -----  ---------  --------  ----------  --------------  ----------
/opt/airflow/dags/sodai_pipeline_dag.py                           0           0
/opt/airflow/dags/sodai/data_io.py                                0           0
/opt/airflow/dags/sodai/features.py        193  0.03s             0           0
/opt/airflow/dags/sodai/__init__.py        196  0.03s             0           0
================================================================================
[2025-11-18T05:32:33.598+0000] {manager.py:878} INFO - 
================================================================================
DAG File Processing Stats

File Path                                  PID  Runtime      # DAGs    # Errors  Last Runtime    Last Run
---------------------------------------  -----  ---------  --------  ----------  --------------  -------------------
/opt/airflow/dags/sodai_pipeline_dag.py                           1           0  2.02s           2025-11-18T05:32:05
/opt/airflow/dags/sodai/features.py                               0           1  1.09s           2025-11-18T05:32:04
/opt/airflow/dags/sodai/data_io.py                                0           1  0.31s           2025-11-18T05:32:04
/opt/airflow/dags/sodai/__init__.py        235  0.00s             0           0  0.05s           2025-11-18T05:32:03
================================================================================
[2025-11-18T05:33:04.156+0000] {manager.py:878} INFO - 
================================================================================
DAG File Processing Stats

File Path                                  PID  Runtime      # DAGs    # Errors  Last Runtime    Last Run
---------------------------------------  -----  ---------  --------  ----------  --------------  -------------------
/opt/airflow/dags/sodai_pipeline_dag.py                           1           0  1.26s           2025-11-18T05:32:36
/opt/airflow/dags/sodai/features.py                               0           1  0.26s           2025-11-18T05:32:34
/opt/airflow/dags/sodai/data_io.py                                0           1  0.25s           2025-11-18T05:32:34
/opt/airflow/dags/sodai/__init__.py        277  0.00s             0           0  0.05s           2025-11-18T05:32:33
================================================================================
[2025-11-18T05:33:34.493+0000] {manager.py:878} INFO - 
================================================================================
DAG File Processing Stats

File Path                                  PID  Runtime      # DAGs    # Errors  Last Runtime    Last Run
---------------------------------------  -----  ---------  --------  ----------  --------------  -------------------
/opt/airflow/dags/sodai_pipeline_dag.py                           1           0  0.87s           2025-11-18T05:33:08
/opt/airflow/dags/sodai/features.py                               0           1  0.38s           2025-11-18T05:33:05
/opt/airflow/dags/sodai/data_io.py                                0           1  0.37s           2025-11-18T05:33:05
/opt/airflow/dags/sodai/__init__.py        319  0.00s             0           0  0.04s           2025-11-18T05:33:04
================================================================================
[2025-11-18T05:34:04.937+0000] {manager.py:878} INFO - 
================================================================================
DAG File Processing Stats

File Path                                  PID  Runtime      # DAGs    # Errors  Last Runtime    Last Run
---------------------------------------  -----  ---------  --------  ----------  --------------  -------------------
/opt/airflow/dags/sodai_pipeline_dag.py                           1           0  0.85s           2025-11-18T05:33:39
/opt/airflow/dags/sodai/features.py                               0           1  0.41s           2025-11-18T05:33:36
/opt/airflow/dags/sodai/data_io.py                                0           1  0.40s           2025-11-18T05:33:36
/opt/airflow/dags/sodai/__init__.py        361  0.00s             0           0  0.05s           2025-11-18T05:33:34
================================================================================
[2025-11-18T05:34:35.201+0000] {manager.py:878} INFO - 
================================================================================
DAG File Processing Stats

File Path                                  PID  Runtime      # DAGs    # Errors  Last Runtime    Last Run
---------------------------------------  -----  ---------  --------  ----------  --------------  -------------------
/opt/airflow/dags/sodai_pipeline_dag.py                           1           0  0.88s           2025-11-18T05:34:10
/opt/airflow/dags/sodai/features.py                               0           1  0.42s           2025-11-18T05:34:07
/opt/airflow/dags/sodai/data_io.py                                0           1  0.40s           2025-11-18T05:34:07
/opt/airflow/dags/sodai/__init__.py        403  0.00s             0           0  0.05s           2025-11-18T05:34:04
================================================================================
[2025-11-18T05:35:05.746+0000] {manager.py:878} INFO - 
================================================================================
DAG File Processing Stats

File Path                                  PID  Runtime      # DAGs    # Errors  Last Runtime    Last Run
---------------------------------------  -----  ---------  --------  ----------  --------------  -------------------
/opt/airflow/dags/sodai_pipeline_dag.py                           1           0  0.98s           2025-11-18T05:34:42
/opt/airflow/dags/sodai/features.py                               0           1  0.38s           2025-11-18T05:34:38
/opt/airflow/dags/sodai/data_io.py                                0           1  0.37s           2025-11-18T05:34:38
/opt/airflow/dags/sodai/__init__.py        445  0.00s             0           0  0.04s           2025-11-18T05:34:35
================================================================================
[2025-11-18T05:35:36.493+0000] {manager.py:878} INFO - 
================================================================================
DAG File Processing Stats

File Path                                  PID  Runtime      # DAGs    # Errors  Last Runtime    Last Run
---------------------------------------  -----  ---------  --------  ----------  --------------  -------------------
/opt/airflow/dags/sodai_pipeline_dag.py                           1           0  0.86s           2025-11-18T05:35:14
/opt/airflow/dags/sodai/features.py                               0           1  0.44s           2025-11-18T05:35:09
/opt/airflow/dags/sodai/data_io.py                                0           1  0.41s           2025-11-18T05:35:09
/opt/airflow/dags/sodai/__init__.py        487  0.00s             0           0  0.05s           2025-11-18T05:35:05
================================================================================
[2025-11-18T05:36:06.934+0000] {manager.py:878} INFO - 
================================================================================
DAG File Processing Stats

File Path                                  PID  Runtime      # DAGs    # Errors  Last Runtime    Last Run
---------------------------------------  -----  ---------  --------  ----------  --------------  -------------------
/opt/airflow/dags/sodai_pipeline_dag.py                           1           0  0.89s           2025-11-18T05:35:45
/opt/airflow/dags/sodai/features.py                               0           1  0.41s           2025-11-18T05:35:39
/opt/airflow/dags/sodai/data_io.py                                0           1  0.40s           2025-11-18T05:35:39
/opt/airflow/dags/sodai/__init__.py        529  0.00s             0           0  0.05s           2025-11-18T05:35:36
================================================================================
[2025-11-18T05:36:37.070+0000] {manager.py:878} INFO - 
================================================================================
DAG File Processing Stats

File Path                                  PID  Runtime      # DAGs    # Errors  Last Runtime    Last Run
---------------------------------------  -----  ---------  --------  ----------  --------------  -------------------
/opt/airflow/dags/sodai_pipeline_dag.py                           1           0  0.93s           2025-11-18T05:36:17
/opt/airflow/dags/sodai/data_io.py                                0           1  0.42s           2025-11-18T05:36:10
/opt/airflow/dags/sodai/features.py                               0           1  0.40s           2025-11-18T05:36:10
/opt/airflow/dags/sodai/__init__.py        571  0.00s             0           0  0.11s           2025-11-18T05:36:07
================================================================================
[2025-11-18T05:37:03.432+0000] {manager.py:737} INFO - Searching for files in /opt/airflow/dags
[2025-11-18T05:37:03.496+0000] {manager.py:740} INFO - There are 4 files in /opt/airflow/dags
[2025-11-18T05:37:07.649+0000] {manager.py:878} INFO - 
================================================================================
DAG File Processing Stats

File Path                                  PID  Runtime      # DAGs    # Errors  Last Runtime    Last Run
---------------------------------------  -----  ---------  --------  ----------  --------------  -------------------
/opt/airflow/dags/sodai_pipeline_dag.py                           1           0  0.89s           2025-11-18T05:36:48
/opt/airflow/dags/sodai/features.py                               0           1  0.39s           2025-11-18T05:36:41
/opt/airflow/dags/sodai/data_io.py                                0           1  0.39s           2025-11-18T05:36:41
/opt/airflow/dags/sodai/__init__.py        613  0.00s             0           0  0.06s           2025-11-18T05:36:37
================================================================================
[2025-11-18T05:37:38.130+0000] {manager.py:878} INFO - 
================================================================================
DAG File Processing Stats

File Path                                  PID  Runtime      # DAGs    # Errors  Last Runtime    Last Run
---------------------------------------  -----  ---------  --------  ----------  --------------  -------------------
/opt/airflow/dags/sodai_pipeline_dag.py                           1           0  0.95s           2025-11-18T05:37:19
/opt/airflow/dags/sodai/features.py                               0           1  0.39s           2025-11-18T05:37:12
/opt/airflow/dags/sodai/data_io.py                                0           1  0.38s           2025-11-18T05:37:12
/opt/airflow/dags/sodai/__init__.py        655  0.00s             0           0  0.07s           2025-11-18T05:37:07
================================================================================
[2025-11-18T05:38:09.123+0000] {manager.py:878} INFO - 
================================================================================
DAG File Processing Stats

File Path                                  PID  Runtime      # DAGs    # Errors  Last Runtime    Last Run
---------------------------------------  -----  ---------  --------  ----------  --------------  -------------------
/opt/airflow/dags/sodai_pipeline_dag.py                           0           1  0.40s           2025-11-18T05:37:49
/opt/airflow/dags/sodai/features.py        707  0.02s             0           0  0.11s           2025-11-18T05:38:05
/opt/airflow/dags/sodai/data_io.py                                0           0  0.07s           2025-11-18T05:37:45
/opt/airflow/dags/sodai/__init__.py        710  0.00s             0           0  0.05s           2025-11-18T05:37:38
================================================================================
[2025-11-18T05:38:39.553+0000] {manager.py:878} INFO - 
================================================================================
DAG File Processing Stats

File Path                                  PID  Runtime      # DAGs    # Errors  Last Runtime    Last Run
---------------------------------------  -----  ---------  --------  ----------  --------------  -------------------
/opt/airflow/dags/sodai_pipeline_dag.py                           0           1  0.41s           2025-11-18T05:38:20
/opt/airflow/dags/sodai/__init__.py        731  0.00s             0           0  0.06s           2025-11-18T05:38:09
/opt/airflow/dags/sodai/features.py        728  0.01s             0           0  0.06s           2025-11-18T05:38:09
/opt/airflow/dags/sodai/data_io.py                                0           0  0.05s           2025-11-18T05:38:16
================================================================================
[2025-11-18T05:39:10.264+0000] {manager.py:878} INFO - 
================================================================================
DAG File Processing Stats

File Path                                  PID  Runtime      # DAGs    # Errors  Last Runtime    Last Run
---------------------------------------  -----  ---------  --------  ----------  --------------  -------------------
/opt/airflow/dags/sodai_pipeline_dag.py                           0           1  0.38s           2025-11-18T05:38:51
/opt/airflow/dags/sodai/__init__.py        752  0.00s             0           0  0.07s           2025-11-18T05:38:39
/opt/airflow/dags/sodai/data_io.py                                0           0  0.06s           2025-11-18T05:38:46
/opt/airflow/dags/sodai/features.py        749  0.05s             0           0  0.04s           2025-11-18T05:38:39
================================================================================
[2025-11-18T05:39:40.798+0000] {manager.py:878} INFO - 
================================================================================
DAG File Processing Stats

File Path                                  PID  Runtime      # DAGs    # Errors  Last Runtime    Last Run
---------------------------------------  -----  ---------  --------  ----------  --------------  -------------------
/opt/airflow/dags/sodai_pipeline_dag.py                           0           1  0.42s           2025-11-18T05:39:21
/opt/airflow/dags/sodai/features.py        770  0.02s             0           0  0.17s           2025-11-18T05:39:10
/opt/airflow/dags/sodai/__init__.py        773  0.00s             0           0  0.14s           2025-11-18T05:39:10
/opt/airflow/dags/sodai/data_io.py                                0           0  0.05s           2025-11-18T05:39:17
================================================================================
[2025-11-18T05:40:11.414+0000] {manager.py:878} INFO - 
================================================================================
DAG File Processing Stats

File Path                                  PID  Runtime      # DAGs    # Errors  Last Runtime    Last Run
---------------------------------------  -----  ---------  --------  ----------  --------------  -------------------
/opt/airflow/dags/sodai_pipeline_dag.py                           0           1  0.39s           2025-11-18T05:39:52
/opt/airflow/dags/sodai/data_io.py                                0           0  0.09s           2025-11-18T05:39:48
/opt/airflow/dags/sodai/__init__.py        794  0.00s             0           0  0.05s           2025-11-18T05:39:40
/opt/airflow/dags/sodai/features.py        791  0.01s             0           0  0.05s           2025-11-18T05:39:40
================================================================================
[2025-11-18T05:40:42.163+0000] {manager.py:878} INFO - 
================================================================================
DAG File Processing Stats

File Path                                  PID  Runtime      # DAGs    # Errors  Last Runtime    Last Run
---------------------------------------  -----  ---------  --------  ----------  --------------  -------------------
/opt/airflow/dags/sodai_pipeline_dag.py                           0           1  0.37s           2025-11-18T05:40:23
/opt/airflow/dags/sodai/data_io.py                                0           0  0.11s           2025-11-18T05:40:18
/opt/airflow/dags/sodai/__init__.py        815  0.00s             0           0  0.05s           2025-11-18T05:40:11
/opt/airflow/dags/sodai/features.py        812  0.01s             0           0  0.04s           2025-11-18T05:40:11
================================================================================
[2025-11-18T05:41:12.794+0000] {manager.py:878} INFO - 
================================================================================
DAG File Processing Stats

File Path                                  PID  Runtime      # DAGs    # Errors  Last Runtime    Last Run
---------------------------------------  -----  ---------  --------  ----------  --------------  -------------------
/opt/airflow/dags/sodai_pipeline_dag.py                           0           1  0.49s           2025-11-18T05:40:53
/opt/airflow/dags/sodai/data_io.py                                0           0  0.08s           2025-11-18T05:40:49
/opt/airflow/dags/sodai/__init__.py        836  0.00s             0           0  0.07s           2025-11-18T05:40:42
/opt/airflow/dags/sodai/features.py        833  0.01s             0           0  0.07s           2025-11-18T05:40:42
================================================================================
[2025-11-18T05:41:43.120+0000] {manager.py:878} INFO - 
================================================================================
DAG File Processing Stats

File Path                                  PID  Runtime      # DAGs    # Errors  Last Runtime    Last Run
---------------------------------------  -----  ---------  --------  ----------  --------------  -------------------
/opt/airflow/dags/sodai_pipeline_dag.py                           0           1  0.61s           2025-11-18T05:41:24
/opt/airflow/dags/sodai/data_io.py                                0           0  0.11s           2025-11-18T05:41:20
/opt/airflow/dags/sodai/__init__.py        857  0.00s             0           0  0.05s           2025-11-18T05:41:12
/opt/airflow/dags/sodai/features.py        854  0.01s             0           0  0.04s           2025-11-18T05:41:12
================================================================================
[2025-11-18T05:42:03.815+0000] {manager.py:737} INFO - Searching for files in /opt/airflow/dags
[2025-11-18T05:42:03.885+0000] {manager.py:740} INFO - There are 2 files in /opt/airflow/dags
[2025-11-18T05:42:13.625+0000] {manager.py:878} INFO - 
================================================================================
DAG File Processing Stats

File Path                                  PID  Runtime      # DAGs    # Errors  Last Runtime    Last Run
---------------------------------------  -----  ---------  --------  ----------  --------------  -------------------
/opt/airflow/dags/sodai_pipeline_dag.py                           0           1  0.41s           2025-11-18T05:41:55
/opt/airflow/dags/sodai/__init__.py        875  0.00s             0           0  0.06s           2025-11-18T05:41:43
================================================================================
[2025-11-18T05:42:44.010+0000] {manager.py:878} INFO - 
================================================================================
DAG File Processing Stats

File Path                                  PID  Runtime      # DAGs    # Errors  Last Runtime    Last Run
---------------------------------------  -----  ---------  --------  ----------  --------------  -------------------
/opt/airflow/dags/sodai_pipeline_dag.py                           0           1  0.50s           2025-11-18T05:42:27
/opt/airflow/dags/sodai/__init__.py        886  0.00s             0           0  0.04s           2025-11-18T05:42:13
================================================================================
[2025-11-18T05:43:14.368+0000] {manager.py:878} INFO - 
================================================================================
DAG File Processing Stats

File Path                                  PID  Runtime      # DAGs    # Errors  Last Runtime    Last Run
---------------------------------------  -----  ---------  --------  ----------  --------------  -------------------
/opt/airflow/dags/sodai_pipeline_dag.py                           0           1  0.41s           2025-11-18T05:42:58
/opt/airflow/dags/sodai/__init__.py        897  0.00s             0           0  0.05s           2025-11-18T05:42:44
================================================================================
[2025-11-18T05:43:44.735+0000] {manager.py:878} INFO - 
================================================================================
DAG File Processing Stats

File Path                                  PID  Runtime      # DAGs    # Errors  Last Runtime    Last Run
---------------------------------------  -----  ---------  --------  ----------  --------------  -------------------
/opt/airflow/dags/sodai_pipeline_dag.py                           0           1  0.36s           2025-11-18T05:43:29
/opt/airflow/dags/sodai/__init__.py        908  0.00s             0           0  0.04s           2025-11-18T05:43:14
================================================================================
[2025-11-18T05:44:15.170+0000] {manager.py:878} INFO - 
================================================================================
DAG File Processing Stats

File Path                                  PID  Runtime      # DAGs    # Errors  Last Runtime    Last Run
---------------------------------------  -----  ---------  --------  ----------  --------------  -------------------
/opt/airflow/dags/sodai_pipeline_dag.py                           0           1  0.44s           2025-11-18T05:44:00
/opt/airflow/dags/sodai/__init__.py        919  0.00s             0           0  0.11s           2025-11-18T05:43:44
================================================================================
[2025-11-18T05:44:45.652+0000] {manager.py:878} INFO - 
================================================================================
DAG File Processing Stats

File Path                                  PID  Runtime      # DAGs    # Errors  Last Runtime    Last Run
---------------------------------------  -----  ---------  --------  ----------  --------------  -------------------
/opt/airflow/dags/sodai_pipeline_dag.py                           0           1  0.41s           2025-11-18T05:44:30
/opt/airflow/dags/sodai/__init__.py        930  0.00s             0           0  0.06s           2025-11-18T05:44:15
================================================================================
[2025-11-18T05:45:16.122+0000] {manager.py:878} INFO - 
================================================================================
DAG File Processing Stats

File Path                                  PID  Runtime      # DAGs    # Errors  Last Runtime    Last Run
---------------------------------------  -----  ---------  --------  ----------  --------------  -------------------
/opt/airflow/dags/sodai_pipeline_dag.py                           0           1  0.53s           2025-11-18T05:45:01
/opt/airflow/dags/sodai/__init__.py        941  0.00s             0           0  0.12s           2025-11-18T05:44:45
================================================================================
[2025-11-18T05:45:46.648+0000] {manager.py:878} INFO - 
================================================================================
DAG File Processing Stats

File Path                                  PID  Runtime      # DAGs    # Errors  Last Runtime    Last Run
---------------------------------------  -----  ---------  --------  ----------  --------------  -------------------
/opt/airflow/dags/sodai_pipeline_dag.py                           0           1  0.44s           2025-11-18T05:45:31
/opt/airflow/dags/sodai/__init__.py        952  0.00s             0           0  0.16s           2025-11-18T05:45:16
================================================================================
[2025-11-18T05:46:17.032+0000] {manager.py:878} INFO - 
================================================================================
DAG File Processing Stats

File Path                                  PID  Runtime      # DAGs    # Errors  Last Runtime    Last Run
---------------------------------------  -----  ---------  --------  ----------  --------------  -------------------
/opt/airflow/dags/sodai_pipeline_dag.py                           0           1  0.36s           2025-11-18T05:46:03
/opt/airflow/dags/sodai/__init__.py        963  0.00s             0           0  0.09s           2025-11-18T05:45:46
================================================================================
[2025-11-18T05:46:47.372+0000] {manager.py:878} INFO - 
================================================================================
DAG File Processing Stats

File Path                                  PID  Runtime      # DAGs    # Errors  Last Runtime    Last Run
---------------------------------------  -----  ---------  --------  ----------  --------------  -------------------
/opt/airflow/dags/sodai_pipeline_dag.py                           0           1  0.38s           2025-11-18T05:46:33
/opt/airflow/dags/sodai/__init__.py        974  0.00s             0           0  0.05s           2025-11-18T05:46:17
================================================================================
[2025-11-18T05:47:04.513+0000] {manager.py:737} INFO - Searching for files in /opt/airflow/dags
[2025-11-18T05:47:04.789+0000] {manager.py:740} INFO - There are 2 files in /opt/airflow/dags
[2025-11-18T05:47:17.985+0000] {manager.py:878} INFO - 
================================================================================
DAG File Processing Stats

File Path                                  PID  Runtime      # DAGs    # Errors  Last Runtime    Last Run
---------------------------------------  -----  ---------  --------  ----------  --------------  -------------------
/opt/airflow/dags/sodai_pipeline_dag.py                           0           1  0.40s           2025-11-18T05:47:05
/opt/airflow/dags/sodai/__init__.py        985  0.00s             0           0  0.04s           2025-11-18T05:46:47
================================================================================
[2025-11-18T05:47:48.130+0000] {manager.py:878} INFO - 
================================================================================
DAG File Processing Stats

File Path                                  PID  Runtime      # DAGs    # Errors  Last Runtime    Last Run
---------------------------------------  -----  ---------  --------  ----------  --------------  -------------------
/opt/airflow/dags/sodai_pipeline_dag.py                           1           0  0.07s           2025-11-18T05:47:45
/opt/airflow/dags/sodai/__init__.py       1006  0.00s             0           0  0.05s           2025-11-18T05:47:18
================================================================================
[2025-11-18T05:48:18.716+0000] {manager.py:878} INFO - 
================================================================================
DAG File Processing Stats

File Path                                  PID  Runtime      # DAGs    # Errors  Last Runtime    Last Run
---------------------------------------  -----  ---------  --------  ----------  --------------  -------------------
/opt/airflow/dags/sodai_pipeline_dag.py                           1           0  0.18s           2025-11-18T05:47:58
/opt/airflow/dags/sodai/__init__.py       1026  0.00s             0           0  0.04s           2025-11-18T05:47:48
================================================================================
[2025-11-18T05:48:49.117+0000] {manager.py:878} INFO - 
================================================================================
DAG File Processing Stats

File Path                                  PID  Runtime      # DAGs    # Errors  Last Runtime    Last Run
---------------------------------------  -----  ---------  --------  ----------  --------------  -------------------
/opt/airflow/dags/sodai_pipeline_dag.py                           1           0  0.13s           2025-11-18T05:48:28
/opt/airflow/dags/sodai/__init__.py       1036  0.00s             0           0  0.07s           2025-11-18T05:48:18
================================================================================
[2025-11-18T05:49:19.556+0000] {manager.py:878} INFO - 
================================================================================
DAG File Processing Stats

File Path                                  PID  Runtime      # DAGs    # Errors  Last Runtime    Last Run
---------------------------------------  -----  ---------  --------  ----------  --------------  -------------------
/opt/airflow/dags/sodai_pipeline_dag.py                           1           0  0.24s           2025-11-18T05:48:59
/opt/airflow/dags/sodai/__init__.py       1046  0.00s             0           0  0.04s           2025-11-18T05:48:49
================================================================================
[2025-11-18T05:49:49.936+0000] {manager.py:878} INFO - 
================================================================================
DAG File Processing Stats

File Path                                  PID  Runtime      # DAGs    # Errors  Last Runtime    Last Run
---------------------------------------  -----  ---------  --------  ----------  --------------  -------------------
/opt/airflow/dags/sodai_pipeline_dag.py                           1           0  0.08s           2025-11-18T05:49:29
/opt/airflow/dags/sodai/__init__.py       1056  0.00s             0           0  0.04s           2025-11-18T05:49:19
================================================================================
[2025-11-18T05:50:20.383+0000] {manager.py:878} INFO - 
================================================================================
DAG File Processing Stats

File Path                                  PID  Runtime      # DAGs    # Errors  Last Runtime    Last Run
---------------------------------------  -----  ---------  --------  ----------  --------------  -------------------
/opt/airflow/dags/sodai_pipeline_dag.py                           1           0  0.08s           2025-11-18T05:50:00
/opt/airflow/dags/sodai/__init__.py       1066  0.00s             0           0  0.04s           2025-11-18T05:49:49
================================================================================
[2025-11-18T05:50:50.804+0000] {manager.py:878} INFO - 
================================================================================
DAG File Processing Stats

File Path                                  PID  Runtime      # DAGs    # Errors  Last Runtime    Last Run
---------------------------------------  -----  ---------  --------  ----------  --------------  -------------------
/opt/airflow/dags/sodai_pipeline_dag.py                           1           0  0.07s           2025-11-18T05:50:30
/opt/airflow/dags/sodai/__init__.py       1076  0.00s             0           0  0.05s           2025-11-18T05:50:20
================================================================================
[2025-11-18T05:51:21.179+0000] {manager.py:878} INFO - 
================================================================================
DAG File Processing Stats

File Path                                  PID  Runtime      # DAGs    # Errors  Last Runtime    Last Run
---------------------------------------  -----  ---------  --------  ----------  --------------  -------------------
/opt/airflow/dags/sodai_pipeline_dag.py                           1           0  0.07s           2025-11-18T05:51:00
/opt/airflow/dags/sodai/__init__.py       1086  0.00s             0           0  0.04s           2025-11-18T05:50:50
================================================================================
[2025-11-18T05:51:51.541+0000] {manager.py:878} INFO - 
================================================================================
DAG File Processing Stats

File Path                                  PID  Runtime      # DAGs    # Errors  Last Runtime    Last Run
---------------------------------------  -----  ---------  --------  ----------  --------------  -------------------
/opt/airflow/dags/sodai_pipeline_dag.py                           1           0  0.10s           2025-11-18T05:51:31
/opt/airflow/dags/sodai/__init__.py       1096  0.00s             0           0  0.04s           2025-11-18T05:51:21
================================================================================
[2025-11-18T05:51:58.366+0000] {manager.py:452} INFO - Exiting gracefully upon receiving signal 15
[2025-11-18T15:53:37.128+0000] {manager.py:470} INFO - Processing files using up to 2 processes at a time 
[2025-11-18T15:53:37.130+0000] {manager.py:471} INFO - Process each file at most once every 30 seconds
[2025-11-18T15:53:37.132+0000] {manager.py:472} INFO - Checking for new files in /opt/airflow/dags every 300 seconds
[2025-11-18T15:53:37.133+0000] {manager.py:737} INFO - Searching for files in /opt/airflow/dags
[2025-11-18T15:53:37.351+0000] {manager.py:740} INFO - There are 2 files in /opt/airflow/dags
[2025-11-18T15:53:37.450+0000] {manager.py:878} INFO - 
================================================================================
DAG File Processing Stats

File Path                                  PID  Runtime      # DAGs    # Errors  Last Runtime    Last Run
---------------------------------------  -----  ---------  --------  ----------  --------------  ----------
/opt/airflow/dags/sodai_pipeline_dag.py    193  0.05s             0           0
/opt/airflow/dags/sodai/__init__.py        196  0.04s             0           0
================================================================================
[2025-11-18T15:54:07.137+0000] {manager.py:878} INFO - 
================================================================================
DAG File Processing Stats

File Path                                PID    Runtime      # DAGs    # Errors  Last Runtime    Last Run
---------------------------------------  -----  ---------  --------  ----------  --------------  -------------------
/opt/airflow/dags/sodai_pipeline_dag.py                           1           0  0.16s           2025-11-18T15:53:37
/opt/airflow/dags/sodai/__init__.py                               0           0  0.11s           2025-11-18T15:53:37
================================================================================
[2025-11-18T15:54:36.076+0000] {manager.py:878} INFO - 
================================================================================
DAG File Processing Stats

File Path                                PID    Runtime      # DAGs    # Errors  Last Runtime    Last Run
---------------------------------------  -----  ---------  --------  ----------  --------------  -------------------
/opt/airflow/dags/sodai_pipeline_dag.py                           1           0  0.10s           2025-11-18T15:54:08
/opt/airflow/dags/sodai/__init__.py                               0           0  0.06s           2025-11-18T15:54:08
================================================================================
[2025-11-18T15:55:05.785+0000] {manager.py:878} INFO - 
================================================================================
DAG File Processing Stats

File Path                                PID    Runtime      # DAGs    # Errors  Last Runtime    Last Run
---------------------------------------  -----  ---------  --------  ----------  --------------  -------------------
/opt/airflow/dags/sodai_pipeline_dag.py                           1           0  0.11s           2025-11-18T15:54:39
/opt/airflow/dags/sodai/__init__.py                               0           0  0.06s           2025-11-18T15:54:39
================================================================================
[2025-11-18T15:55:35.457+0000] {manager.py:878} INFO - 
================================================================================
DAG File Processing Stats

File Path                                PID    Runtime      # DAGs    # Errors  Last Runtime    Last Run
---------------------------------------  -----  ---------  --------  ----------  --------------  -------------------
/opt/airflow/dags/sodai_pipeline_dag.py                           1           0  0.12s           2025-11-18T15:55:09
/opt/airflow/dags/sodai/__init__.py                               0           0  0.06s           2025-11-18T15:55:09
================================================================================
[2025-11-18T15:56:05.252+0000] {manager.py:878} INFO - 
================================================================================
DAG File Processing Stats

File Path                                PID    Runtime      # DAGs    # Errors  Last Runtime    Last Run
---------------------------------------  -----  ---------  --------  ----------  --------------  -------------------
/opt/airflow/dags/sodai_pipeline_dag.py                           1           0  0.15s           2025-11-18T15:55:40
/opt/airflow/dags/sodai/__init__.py                               0           0  0.11s           2025-11-18T15:55:40
================================================================================
[2025-11-18T15:56:35.151+0000] {manager.py:878} INFO - 
================================================================================
DAG File Processing Stats

File Path                                PID    Runtime      # DAGs    # Errors  Last Runtime    Last Run
---------------------------------------  -----  ---------  --------  ----------  --------------  -------------------
/opt/airflow/dags/sodai_pipeline_dag.py                           1           0  0.11s           2025-11-18T15:56:11
/opt/airflow/dags/sodai/__init__.py                               0           0  0.06s           2025-11-18T15:56:11
================================================================================
[2025-11-18T15:57:04.875+0000] {manager.py:878} INFO - 
================================================================================
DAG File Processing Stats

File Path                                PID    Runtime      # DAGs    # Errors  Last Runtime    Last Run
---------------------------------------  -----  ---------  --------  ----------  --------------  -------------------
/opt/airflow/dags/sodai_pipeline_dag.py                           1           0  0.12s           2025-11-18T15:56:42
/opt/airflow/dags/sodai/__init__.py                               0           0  0.07s           2025-11-18T15:56:42
================================================================================
[2025-11-18T15:57:34.489+0000] {manager.py:878} INFO - 
================================================================================
DAG File Processing Stats

File Path                                PID    Runtime      # DAGs    # Errors  Last Runtime    Last Run
---------------------------------------  -----  ---------  --------  ----------  --------------  -------------------
/opt/airflow/dags/sodai_pipeline_dag.py                           1           0  0.09s           2025-11-18T15:57:13
/opt/airflow/dags/sodai/__init__.py                               0           0  0.05s           2025-11-18T15:57:13
================================================================================
[2025-11-18T15:58:03.997+0000] {manager.py:878} INFO - 
================================================================================
DAG File Processing Stats

File Path                                PID    Runtime      # DAGs    # Errors  Last Runtime    Last Run
---------------------------------------  -----  ---------  --------  ----------  --------------  -------------------
/opt/airflow/dags/sodai_pipeline_dag.py                           1           0  0.09s           2025-11-18T15:57:43
/opt/airflow/dags/sodai/__init__.py                               0           0  0.05s           2025-11-18T15:57:43
================================================================================
[2025-11-18T15:58:33.665+0000] {manager.py:878} INFO - 
================================================================================
DAG File Processing Stats

File Path                                PID    Runtime      # DAGs    # Errors  Last Runtime    Last Run
---------------------------------------  -----  ---------  --------  ----------  --------------  -------------------
/opt/airflow/dags/sodai_pipeline_dag.py                           1           0  0.11s           2025-11-18T15:58:14
/opt/airflow/dags/sodai/__init__.py                               0           0  0.05s           2025-11-18T15:58:14
================================================================================
[2025-11-18T15:58:37.741+0000] {manager.py:737} INFO - Searching for files in /opt/airflow/dags
[2025-11-18T15:58:37.823+0000] {manager.py:740} INFO - There are 2 files in /opt/airflow/dags
[2025-11-18T15:59:03.321+0000] {manager.py:878} INFO - 
================================================================================
DAG File Processing Stats

File Path                                PID    Runtime      # DAGs    # Errors  Last Runtime    Last Run
---------------------------------------  -----  ---------  --------  ----------  --------------  -------------------
/opt/airflow/dags/sodai_pipeline_dag.py                           1           0  0.09s           2025-11-18T15:58:45
/opt/airflow/dags/sodai/__init__.py                               0           0  0.04s           2025-11-18T15:58:44
================================================================================
[2025-11-18T15:59:32.974+0000] {manager.py:878} INFO - 
================================================================================
DAG File Processing Stats

File Path                                PID    Runtime      # DAGs    # Errors  Last Runtime    Last Run
---------------------------------------  -----  ---------  --------  ----------  --------------  -------------------
/opt/airflow/dags/sodai_pipeline_dag.py                           1           0  0.13s           2025-11-18T15:59:15
/opt/airflow/dags/sodai/__init__.py                               0           0  0.08s           2025-11-18T15:59:15
================================================================================
[2025-11-18T16:00:02.532+0000] {manager.py:878} INFO - 
================================================================================
DAG File Processing Stats

File Path                                PID    Runtime      # DAGs    # Errors  Last Runtime    Last Run
---------------------------------------  -----  ---------  --------  ----------  --------------  -------------------
/opt/airflow/dags/sodai_pipeline_dag.py                           1           0  0.08s           2025-11-18T15:59:46
/opt/airflow/dags/sodai/__init__.py                               0           0  0.04s           2025-11-18T15:59:46
================================================================================
[2025-11-18T16:00:32.037+0000] {manager.py:878} INFO - 
================================================================================
DAG File Processing Stats

File Path                                PID    Runtime      # DAGs    # Errors  Last Runtime    Last Run
---------------------------------------  -----  ---------  --------  ----------  --------------  -------------------
/opt/airflow/dags/sodai_pipeline_dag.py                           1           0  0.09s           2025-11-18T16:00:16
/opt/airflow/dags/sodai/__init__.py                               0           0  0.05s           2025-11-18T16:00:16
================================================================================
[2025-11-18T16:01:01.573+0000] {manager.py:878} INFO - 
================================================================================
DAG File Processing Stats

File Path                                PID    Runtime      # DAGs    # Errors  Last Runtime    Last Run
---------------------------------------  -----  ---------  --------  ----------  --------------  -------------------
/opt/airflow/dags/sodai_pipeline_dag.py                           1           0  0.10s           2025-11-18T16:00:47
/opt/airflow/dags/sodai/__init__.py                               0           0  0.05s           2025-11-18T16:00:47
================================================================================
[2025-11-18T16:01:31.147+0000] {manager.py:878} INFO - 
================================================================================
DAG File Processing Stats

File Path                                PID    Runtime      # DAGs    # Errors  Last Runtime    Last Run
---------------------------------------  -----  ---------  --------  ----------  --------------  -------------------
/opt/airflow/dags/sodai_pipeline_dag.py                           1           0  0.13s           2025-11-18T16:01:17
/opt/airflow/dags/sodai/__init__.py                               0           0  0.08s           2025-11-18T16:01:17
================================================================================
[2025-11-18T16:02:00.633+0000] {manager.py:878} INFO - 
================================================================================
DAG File Processing Stats

File Path                                PID    Runtime      # DAGs    # Errors  Last Runtime    Last Run
---------------------------------------  -----  ---------  --------  ----------  --------------  -------------------
/opt/airflow/dags/sodai_pipeline_dag.py                           1           0  0.09s           2025-11-18T16:01:48
/opt/airflow/dags/sodai/__init__.py                               0           0  0.05s           2025-11-18T16:01:48
================================================================================
[2025-11-18T16:02:30.298+0000] {manager.py:878} INFO - 
================================================================================
DAG File Processing Stats

File Path                                PID    Runtime      # DAGs    # Errors  Last Runtime    Last Run
---------------------------------------  -----  ---------  --------  ----------  --------------  -------------------
/opt/airflow/dags/sodai_pipeline_dag.py                           1           0  0.09s           2025-11-18T16:02:19
/opt/airflow/dags/sodai/__init__.py                               0           0  0.05s           2025-11-18T16:02:18
================================================================================
[2025-11-18T16:02:59.902+0000] {manager.py:878} INFO - 
================================================================================
DAG File Processing Stats

File Path                                PID    Runtime      # DAGs    # Errors  Last Runtime    Last Run
---------------------------------------  -----  ---------  --------  ----------  --------------  -------------------
/opt/airflow/dags/sodai_pipeline_dag.py                           1           0  0.13s           2025-11-18T16:02:49
/opt/airflow/dags/sodai/__init__.py                               0           0  0.06s           2025-11-18T16:02:49
================================================================================
[2025-11-18T16:03:29.492+0000] {manager.py:878} INFO - 
================================================================================
DAG File Processing Stats

File Path                                PID    Runtime      # DAGs    # Errors  Last Runtime    Last Run
---------------------------------------  -----  ---------  --------  ----------  --------------  -------------------
/opt/airflow/dags/sodai_pipeline_dag.py                           1           0  0.09s           2025-11-18T16:03:20
/opt/airflow/dags/sodai/__init__.py                               0           0  0.04s           2025-11-18T16:03:20
================================================================================
[2025-11-18T16:03:38.676+0000] {manager.py:737} INFO - Searching for files in /opt/airflow/dags
[2025-11-18T16:03:38.775+0000] {manager.py:740} INFO - There are 2 files in /opt/airflow/dags
[2025-11-18T16:03:59.139+0000] {manager.py:878} INFO - 
================================================================================
DAG File Processing Stats

File Path                                PID    Runtime      # DAGs    # Errors  Last Runtime    Last Run
---------------------------------------  -----  ---------  --------  ----------  --------------  -------------------
/opt/airflow/dags/sodai_pipeline_dag.py                           1           0  0.09s           2025-11-18T16:03:51
/opt/airflow/dags/sodai/__init__.py                               0           0  0.04s           2025-11-18T16:03:51
================================================================================
[2025-11-18T16:04:28.726+0000] {manager.py:878} INFO - 
================================================================================
DAG File Processing Stats

File Path                                PID    Runtime      # DAGs    # Errors  Last Runtime    Last Run
---------------------------------------  -----  ---------  --------  ----------  --------------  -------------------
/opt/airflow/dags/sodai_pipeline_dag.py                           1           0  0.09s           2025-11-18T16:04:21
/opt/airflow/dags/sodai/__init__.py                               0           0  0.05s           2025-11-18T16:04:21
================================================================================
[2025-11-18T16:04:58.243+0000] {manager.py:878} INFO - 
================================================================================
DAG File Processing Stats

File Path                                PID    Runtime      # DAGs    # Errors  Last Runtime    Last Run
---------------------------------------  -----  ---------  --------  ----------  --------------  -------------------
/opt/airflow/dags/sodai_pipeline_dag.py                           1           0  0.09s           2025-11-18T16:04:52
/opt/airflow/dags/sodai/__init__.py                               0           0  0.05s           2025-11-18T16:04:52
================================================================================
[2025-11-18T16:05:27.732+0000] {manager.py:878} INFO - 
================================================================================
DAG File Processing Stats

File Path                                PID    Runtime      # DAGs    # Errors  Last Runtime    Last Run
---------------------------------------  -----  ---------  --------  ----------  --------------  -------------------
/opt/airflow/dags/sodai_pipeline_dag.py                           1           0  0.09s           2025-11-18T16:05:22
/opt/airflow/dags/sodai/__init__.py                               0           0  0.04s           2025-11-18T16:05:22
================================================================================
[2025-11-18T16:05:57.404+0000] {manager.py:878} INFO - 
================================================================================
DAG File Processing Stats

File Path                                PID    Runtime      # DAGs    # Errors  Last Runtime    Last Run
---------------------------------------  -----  ---------  --------  ----------  --------------  -------------------
/opt/airflow/dags/sodai_pipeline_dag.py                           1           0  0.08s           2025-11-18T16:05:53
/opt/airflow/dags/sodai/__init__.py                               0           0  0.04s           2025-11-18T16:05:53
================================================================================
[2025-11-18T16:06:27.011+0000] {manager.py:878} INFO - 
================================================================================
DAG File Processing Stats

File Path                                PID    Runtime      # DAGs    # Errors  Last Runtime    Last Run
---------------------------------------  -----  ---------  --------  ----------  --------------  -------------------
/opt/airflow/dags/sodai_pipeline_dag.py                           1           0  0.13s           2025-11-18T16:06:24
/opt/airflow/dags/sodai/__init__.py                               0           0  0.04s           2025-11-18T16:06:23
================================================================================
[2025-11-18T16:06:56.551+0000] {manager.py:878} INFO - 
================================================================================
DAG File Processing Stats

File Path                                PID    Runtime      # DAGs    # Errors  Last Runtime    Last Run
---------------------------------------  -----  ---------  --------  ----------  --------------  -------------------
/opt/airflow/dags/sodai_pipeline_dag.py                           1           0  0.10s           2025-11-18T16:06:54
/opt/airflow/dags/sodai/__init__.py                               0           0  0.05s           2025-11-18T16:06:54
================================================================================
[2025-11-18T16:07:26.145+0000] {manager.py:878} INFO - 
================================================================================
DAG File Processing Stats

File Path                                PID    Runtime      # DAGs    # Errors  Last Runtime    Last Run
---------------------------------------  -----  ---------  --------  ----------  --------------  -------------------
/opt/airflow/dags/sodai_pipeline_dag.py                           1           0  0.12s           2025-11-18T16:07:25
/opt/airflow/dags/sodai/__init__.py                               0           0  0.05s           2025-11-18T16:07:25
================================================================================
[2025-11-18T16:07:55.715+0000] {manager.py:878} INFO - 
================================================================================
DAG File Processing Stats

File Path                                  PID  Runtime      # DAGs    # Errors  Last Runtime    Last Run
---------------------------------------  -----  ---------  --------  ----------  --------------  -------------------
/opt/airflow/dags/sodai_pipeline_dag.py    502  0.02s             1           0  0.12s           2025-11-18T16:07:25
/opt/airflow/dags/sodai/__init__.py        505  0.00s             0           0  0.05s           2025-11-18T16:07:25
================================================================================
[2025-11-18T16:08:25.145+0000] {manager.py:878} INFO - 
================================================================================
DAG File Processing Stats

File Path                                PID    Runtime      # DAGs    # Errors  Last Runtime    Last Run
---------------------------------------  -----  ---------  --------  ----------  --------------  -------------------
/opt/airflow/dags/sodai_pipeline_dag.py                           1           0  0.11s           2025-11-18T16:07:55
/opt/airflow/dags/sodai/__init__.py                               0           0  0.06s           2025-11-18T16:07:55
================================================================================
[2025-11-18T16:08:39.542+0000] {manager.py:737} INFO - Searching for files in /opt/airflow/dags
[2025-11-18T16:08:39.662+0000] {manager.py:740} INFO - There are 2 files in /opt/airflow/dags
[2025-11-18T16:08:54.890+0000] {manager.py:878} INFO - 
================================================================================
DAG File Processing Stats

File Path                                PID    Runtime      # DAGs    # Errors  Last Runtime    Last Run
---------------------------------------  -----  ---------  --------  ----------  --------------  -------------------
/opt/airflow/dags/sodai_pipeline_dag.py                           1           0  0.09s           2025-11-18T16:08:26
/opt/airflow/dags/sodai/__init__.py                               0           0  0.04s           2025-11-18T16:08:26
================================================================================
[2025-11-18T16:09:24.373+0000] {manager.py:878} INFO - 
================================================================================
DAG File Processing Stats

File Path                                PID    Runtime      # DAGs    # Errors  Last Runtime    Last Run
---------------------------------------  -----  ---------  --------  ----------  --------------  -------------------
/opt/airflow/dags/sodai_pipeline_dag.py                           1           0  0.09s           2025-11-18T16:08:57
/opt/airflow/dags/sodai/__init__.py                               0           0  0.06s           2025-11-18T16:08:56
================================================================================
[2025-11-18T16:09:54.032+0000] {manager.py:878} INFO - 
================================================================================
DAG File Processing Stats

File Path                                PID    Runtime      # DAGs    # Errors  Last Runtime    Last Run
---------------------------------------  -----  ---------  --------  ----------  --------------  -------------------
/opt/airflow/dags/sodai_pipeline_dag.py                           1           0  0.10s           2025-11-18T16:09:27
/opt/airflow/dags/sodai/__init__.py                               0           0  0.06s           2025-11-18T16:09:27
================================================================================
[2025-11-18T16:10:23.535+0000] {manager.py:878} INFO - 
================================================================================
DAG File Processing Stats

File Path                                PID    Runtime      # DAGs    # Errors  Last Runtime    Last Run
---------------------------------------  -----  ---------  --------  ----------  --------------  -------------------
/opt/airflow/dags/sodai_pipeline_dag.py                           1           0  0.20s           2025-11-18T16:09:58
/opt/airflow/dags/sodai/__init__.py                               0           0  0.10s           2025-11-18T16:09:58
================================================================================
[2025-11-18T16:10:53.275+0000] {manager.py:878} INFO - 
================================================================================
DAG File Processing Stats

File Path                                PID    Runtime      # DAGs    # Errors  Last Runtime    Last Run
---------------------------------------  -----  ---------  --------  ----------  --------------  -------------------
/opt/airflow/dags/sodai_pipeline_dag.py                           1           0  0.10s           2025-11-18T16:10:28
/opt/airflow/dags/sodai/__init__.py                               0           0  0.05s           2025-11-18T16:10:28
================================================================================
[2025-11-18T16:11:22.946+0000] {manager.py:878} INFO - 
================================================================================
DAG File Processing Stats

File Path                                PID    Runtime      # DAGs    # Errors  Last Runtime    Last Run
---------------------------------------  -----  ---------  --------  ----------  --------------  -------------------
/opt/airflow/dags/sodai_pipeline_dag.py                           1           0  0.16s           2025-11-18T16:10:59
/opt/airflow/dags/sodai/__init__.py                               0           0  0.09s           2025-11-18T16:10:59
================================================================================
[2025-11-18T16:11:52.553+0000] {manager.py:878} INFO - 
================================================================================
DAG File Processing Stats

File Path                                PID    Runtime      # DAGs    # Errors  Last Runtime    Last Run
---------------------------------------  -----  ---------  --------  ----------  --------------  -------------------
/opt/airflow/dags/sodai_pipeline_dag.py                           1           0  0.10s           2025-11-18T16:11:30
/opt/airflow/dags/sodai/__init__.py                               0           0  0.06s           2025-11-18T16:11:30
================================================================================
[2025-11-18T16:12:22.198+0000] {manager.py:878} INFO - 
================================================================================
DAG File Processing Stats

File Path                                PID    Runtime      # DAGs    # Errors  Last Runtime    Last Run
---------------------------------------  -----  ---------  --------  ----------  --------------  -------------------
/opt/airflow/dags/sodai_pipeline_dag.py                           1           0  0.11s           2025-11-18T16:12:00
/opt/airflow/dags/sodai/__init__.py                               0           0  0.07s           2025-11-18T16:12:00
================================================================================
[2025-11-18T16:12:51.792+0000] {manager.py:878} INFO - 
================================================================================
DAG File Processing Stats

File Path                                PID    Runtime      # DAGs    # Errors  Last Runtime    Last Run
---------------------------------------  -----  ---------  --------  ----------  --------------  -------------------
/opt/airflow/dags/sodai_pipeline_dag.py                           1           0  0.10s           2025-11-18T16:12:31
/opt/airflow/dags/sodai/__init__.py                               0           0  0.06s           2025-11-18T16:12:31
================================================================================
[2025-11-18T16:13:21.618+0000] {manager.py:878} INFO - 
================================================================================
DAG File Processing Stats

File Path                                PID    Runtime      # DAGs    # Errors  Last Runtime    Last Run
---------------------------------------  -----  ---------  --------  ----------  --------------  -------------------
/opt/airflow/dags/sodai_pipeline_dag.py                           1           0  -0.36s          2025-11-18T16:13:01
/opt/airflow/dags/sodai/__init__.py                               0           0  -0.38s          2025-11-18T16:13:01
================================================================================
[2025-11-18T16:13:39.944+0000] {manager.py:737} INFO - Searching for files in /opt/airflow/dags
[2025-11-18T16:13:40.113+0000] {manager.py:740} INFO - There are 2 files in /opt/airflow/dags
[2025-11-18T16:13:51.312+0000] {manager.py:878} INFO - 
================================================================================
DAG File Processing Stats

File Path                                PID    Runtime      # DAGs    # Errors  Last Runtime    Last Run
---------------------------------------  -----  ---------  --------  ----------  --------------  -------------------
/opt/airflow/dags/sodai_pipeline_dag.py                           1           0  0.12s           2025-11-18T16:13:31
/opt/airflow/dags/sodai/__init__.py                               0           0  0.06s           2025-11-18T16:13:31
================================================================================
[2025-11-18T16:14:20.911+0000] {manager.py:878} INFO - 
================================================================================
DAG File Processing Stats

File Path                                PID    Runtime      # DAGs    # Errors  Last Runtime    Last Run
---------------------------------------  -----  ---------  --------  ----------  --------------  -------------------
/opt/airflow/dags/sodai_pipeline_dag.py                           1           0  0.11s           2025-11-18T16:14:02
/opt/airflow/dags/sodai/__init__.py                               0           0  0.06s           2025-11-18T16:14:02
================================================================================
[2025-11-18T16:14:50.360+0000] {manager.py:878} INFO - 
================================================================================
DAG File Processing Stats

File Path                                PID    Runtime      # DAGs    # Errors  Last Runtime    Last Run
---------------------------------------  -----  ---------  --------  ----------  --------------  -------------------
/opt/airflow/dags/sodai_pipeline_dag.py                           1           0  0.10s           2025-11-18T16:14:33
/opt/airflow/dags/sodai/__init__.py                               0           0  0.05s           2025-11-18T16:14:33
================================================================================
[2025-11-18T16:15:19.805+0000] {manager.py:878} INFO - 
================================================================================
DAG File Processing Stats

File Path                                PID    Runtime      # DAGs    # Errors  Last Runtime    Last Run
---------------------------------------  -----  ---------  --------  ----------  --------------  -------------------
/opt/airflow/dags/sodai_pipeline_dag.py                           1           0  0.08s           2025-11-18T16:15:03
/opt/airflow/dags/sodai/__init__.py                               0           0  0.04s           2025-11-18T16:15:03
================================================================================
[2025-11-18T16:15:49.392+0000] {manager.py:878} INFO - 
================================================================================
DAG File Processing Stats

File Path                                PID    Runtime      # DAGs    # Errors  Last Runtime    Last Run
---------------------------------------  -----  ---------  --------  ----------  --------------  -------------------
/opt/airflow/dags/sodai_pipeline_dag.py                           1           0  0.11s           2025-11-18T16:15:34
/opt/airflow/dags/sodai/__init__.py                               0           0  0.06s           2025-11-18T16:15:34
================================================================================
[2025-11-18T16:16:18.933+0000] {manager.py:878} INFO - 
================================================================================
DAG File Processing Stats

File Path                                PID    Runtime      # DAGs    # Errors  Last Runtime    Last Run
---------------------------------------  -----  ---------  --------  ----------  --------------  -------------------
/opt/airflow/dags/sodai_pipeline_dag.py                           1           0  0.11s           2025-11-18T16:16:04
/opt/airflow/dags/sodai/__init__.py                               0           0  0.05s           2025-11-18T16:16:04
================================================================================
[2025-11-18T16:16:48.549+0000] {manager.py:878} INFO - 
================================================================================
DAG File Processing Stats

File Path                                PID    Runtime      # DAGs    # Errors  Last Runtime    Last Run
---------------------------------------  -----  ---------  --------  ----------  --------------  -------------------
/opt/airflow/dags/sodai_pipeline_dag.py                           1           0  0.09s           2025-11-18T16:16:35
/opt/airflow/dags/sodai/__init__.py                               0           0  0.05s           2025-11-18T16:16:35
================================================================================
[2025-11-18T16:17:18.232+0000] {manager.py:878} INFO - 
================================================================================
DAG File Processing Stats

File Path                                PID    Runtime      # DAGs    # Errors  Last Runtime    Last Run
---------------------------------------  -----  ---------  --------  ----------  --------------  -------------------
/opt/airflow/dags/sodai_pipeline_dag.py                           1           0  0.11s           2025-11-18T16:17:05
/opt/airflow/dags/sodai/__init__.py                               0           0  0.05s           2025-11-18T16:17:05
================================================================================
[2025-11-18T16:17:47.919+0000] {manager.py:878} INFO - 
================================================================================
DAG File Processing Stats

File Path                                PID    Runtime      # DAGs    # Errors  Last Runtime    Last Run
---------------------------------------  -----  ---------  --------  ----------  --------------  -------------------
/opt/airflow/dags/sodai_pipeline_dag.py                           1           0  0.09s           2025-11-18T16:17:36
/opt/airflow/dags/sodai/__init__.py                               0           0  0.05s           2025-11-18T16:17:36
================================================================================
[2025-11-18T16:18:17.544+0000] {manager.py:878} INFO - 
================================================================================
DAG File Processing Stats

File Path                                PID    Runtime      # DAGs    # Errors  Last Runtime    Last Run
---------------------------------------  -----  ---------  --------  ----------  --------------  -------------------
/opt/airflow/dags/sodai_pipeline_dag.py                           1           0  0.15s           2025-11-18T16:18:07
/opt/airflow/dags/sodai/__init__.py                               0           0  0.09s           2025-11-18T16:18:07
================================================================================
[2025-11-18T16:18:40.020+0000] {manager.py:737} INFO - Searching for files in /opt/airflow/dags
[2025-11-18T16:18:40.203+0000] {manager.py:740} INFO - There are 2 files in /opt/airflow/dags
[2025-11-18T16:18:47.369+0000] {manager.py:878} INFO - 
================================================================================
DAG File Processing Stats

File Path                                PID    Runtime      # DAGs    # Errors  Last Runtime    Last Run
---------------------------------------  -----  ---------  --------  ----------  --------------  -------------------
/opt/airflow/dags/sodai_pipeline_dag.py                           1           0  0.09s           2025-11-18T16:18:38
/opt/airflow/dags/sodai/__init__.py                               0           0  0.05s           2025-11-18T16:18:38
================================================================================
[2025-11-18T16:19:16.825+0000] {manager.py:878} INFO - 
================================================================================
DAG File Processing Stats

File Path                                PID    Runtime      # DAGs    # Errors  Last Runtime    Last Run
---------------------------------------  -----  ---------  --------  ----------  --------------  -------------------
/opt/airflow/dags/sodai_pipeline_dag.py                           1           0  0.11s           2025-11-18T16:19:08
/opt/airflow/dags/sodai/__init__.py                               0           0  0.06s           2025-11-18T16:19:08
================================================================================
[2025-11-18T16:19:46.361+0000] {manager.py:878} INFO - 
================================================================================
DAG File Processing Stats

File Path                                PID    Runtime      # DAGs    # Errors  Last Runtime    Last Run
---------------------------------------  -----  ---------  --------  ----------  --------------  -------------------
/opt/airflow/dags/sodai_pipeline_dag.py                           1           0  0.11s           2025-11-18T16:19:39
/opt/airflow/dags/sodai/__init__.py                               0           0  0.06s           2025-11-18T16:19:39
================================================================================
[2025-11-18T16:20:15.867+0000] {manager.py:878} INFO - 
================================================================================
DAG File Processing Stats

File Path                                PID    Runtime      # DAGs    # Errors  Last Runtime    Last Run
---------------------------------------  -----  ---------  --------  ----------  --------------  -------------------
/opt/airflow/dags/sodai_pipeline_dag.py                           1           0  0.09s           2025-11-18T16:20:09
/opt/airflow/dags/sodai/__init__.py                               0           0  0.05s           2025-11-18T16:20:09
================================================================================
[2025-11-18T16:20:45.765+0000] {manager.py:878} INFO - 
================================================================================
DAG File Processing Stats

File Path                                PID    Runtime      # DAGs    # Errors  Last Runtime    Last Run
---------------------------------------  -----  ---------  --------  ----------  --------------  -------------------
/opt/airflow/dags/sodai_pipeline_dag.py                           1           0  0.15s           2025-11-18T16:20:40
/opt/airflow/dags/sodai/__init__.py                               0           0  0.07s           2025-11-18T16:20:40
================================================================================
[2025-11-18T16:21:14.437+0000] {manager.py:878} INFO - 
================================================================================
DAG File Processing Stats

File Path                                PID    Runtime      # DAGs    # Errors  Last Runtime    Last Run
---------------------------------------  -----  ---------  --------  ----------  --------------  -------------------
/opt/airflow/dags/sodai_pipeline_dag.py                           1           0  0.09s           2025-11-18T16:21:11
/opt/airflow/dags/sodai/__init__.py                               0           0  0.05s           2025-11-18T16:21:11
================================================================================
[2025-11-18T16:21:44.023+0000] {manager.py:878} INFO - 
================================================================================
DAG File Processing Stats

File Path                                PID    Runtime      # DAGs    # Errors  Last Runtime    Last Run
---------------------------------------  -----  ---------  --------  ----------  --------------  -------------------
/opt/airflow/dags/sodai_pipeline_dag.py                           1           0  0.10s           2025-11-18T16:21:42
/opt/airflow/dags/sodai/__init__.py                               0           0  0.05s           2025-11-18T16:21:42
================================================================================
[2025-11-18T16:22:13.806+0000] {manager.py:878} INFO - 
================================================================================
DAG File Processing Stats

File Path                                PID    Runtime      # DAGs    # Errors  Last Runtime    Last Run
---------------------------------------  -----  ---------  --------  ----------  --------------  -------------------
/opt/airflow/dags/sodai_pipeline_dag.py                           1           0  0.11s           2025-11-18T16:22:12
/opt/airflow/dags/sodai/__init__.py                               0           0  0.07s           2025-11-18T16:22:12
================================================================================
[2025-11-18T16:22:43.178+0000] {manager.py:878} INFO - 
================================================================================
DAG File Processing Stats

File Path                                  PID  Runtime      # DAGs    # Errors  Last Runtime    Last Run
---------------------------------------  -----  ---------  --------  ----------  --------------  -------------------
/opt/airflow/dags/sodai_pipeline_dag.py    927  0.01s             1           0  0.11s           2025-11-18T16:22:12
/opt/airflow/dags/sodai/__init__.py        930  0.00s             0           0  0.07s           2025-11-18T16:22:12
================================================================================
[2025-11-18T16:23:12.555+0000] {manager.py:878} INFO - 
================================================================================
DAG File Processing Stats

File Path                                PID    Runtime      # DAGs    # Errors  Last Runtime    Last Run
---------------------------------------  -----  ---------  --------  ----------  --------------  -------------------
/opt/airflow/dags/sodai_pipeline_dag.py                           1           0  0.10s           2025-11-18T16:22:43
/opt/airflow/dags/sodai/__init__.py                               0           0  0.06s           2025-11-18T16:22:43
================================================================================
[2025-11-18T16:23:40.021+0000] {manager.py:737} INFO - Searching for files in /opt/airflow/dags
[2025-11-18T16:23:40.145+0000] {manager.py:740} INFO - There are 2 files in /opt/airflow/dags
[2025-11-18T16:23:42.036+0000] {manager.py:878} INFO - 
================================================================================
DAG File Processing Stats

File Path                                PID    Runtime      # DAGs    # Errors  Last Runtime    Last Run
---------------------------------------  -----  ---------  --------  ----------  --------------  -------------------
/opt/airflow/dags/sodai_pipeline_dag.py                           1           0  0.16s           2025-11-18T16:23:13
/opt/airflow/dags/sodai/__init__.py                               0           0  0.12s           2025-11-18T16:23:13
================================================================================
[2025-11-18T16:24:11.595+0000] {manager.py:878} INFO - 
================================================================================
DAG File Processing Stats

File Path                                PID    Runtime      # DAGs    # Errors  Last Runtime    Last Run
---------------------------------------  -----  ---------  --------  ----------  --------------  -------------------
/opt/airflow/dags/sodai_pipeline_dag.py                           1           0  0.11s           2025-11-18T16:23:44
/opt/airflow/dags/sodai/__init__.py                               0           0  0.07s           2025-11-18T16:23:44
================================================================================
[2025-11-18T16:24:41.249+0000] {manager.py:878} INFO - 
================================================================================
DAG File Processing Stats

File Path                                PID    Runtime      # DAGs    # Errors  Last Runtime    Last Run
---------------------------------------  -----  ---------  --------  ----------  --------------  -------------------
/opt/airflow/dags/sodai_pipeline_dag.py                           1           0  0.09s           2025-11-18T16:24:14
/opt/airflow/dags/sodai/__init__.py                               0           0  0.04s           2025-11-18T16:24:14
================================================================================
[2025-11-18T16:25:11.190+0000] {manager.py:878} INFO - 
================================================================================
DAG File Processing Stats

File Path                                PID    Runtime      # DAGs    # Errors  Last Runtime    Last Run
---------------------------------------  -----  ---------  --------  ----------  --------------  -------------------
/opt/airflow/dags/sodai_pipeline_dag.py                           1           0  0.08s           2025-11-18T16:24:45
/opt/airflow/dags/sodai/__init__.py                               0           0  0.04s           2025-11-18T16:24:45
================================================================================
[2025-11-18T16:25:40.996+0000] {manager.py:878} INFO - 
================================================================================
DAG File Processing Stats

File Path                                PID    Runtime      # DAGs    # Errors  Last Runtime    Last Run
---------------------------------------  -----  ---------  --------  ----------  --------------  -------------------
/opt/airflow/dags/sodai_pipeline_dag.py                           1           0  0.09s           2025-11-18T16:25:16
/opt/airflow/dags/sodai/__init__.py                               0           0  0.05s           2025-11-18T16:25:16
================================================================================
[2025-11-18T16:26:10.693+0000] {manager.py:878} INFO - 
================================================================================
DAG File Processing Stats

File Path                                PID    Runtime      # DAGs    # Errors  Last Runtime    Last Run
---------------------------------------  -----  ---------  --------  ----------  --------------  -------------------
/opt/airflow/dags/sodai_pipeline_dag.py                           1           0  0.10s           2025-11-18T16:25:47
/opt/airflow/dags/sodai/__init__.py                               0           0  0.06s           2025-11-18T16:25:47
================================================================================
[2025-11-18T16:26:40.350+0000] {manager.py:878} INFO - 
================================================================================
DAG File Processing Stats

File Path                                PID    Runtime      # DAGs    # Errors  Last Runtime    Last Run
---------------------------------------  -----  ---------  --------  ----------  --------------  -------------------
/opt/airflow/dags/sodai_pipeline_dag.py                           1           0  0.09s           2025-11-18T16:26:17
/opt/airflow/dags/sodai/__init__.py                               0           0  0.05s           2025-11-18T16:26:17
================================================================================
[2025-11-18T16:27:09.929+0000] {manager.py:878} INFO - 
================================================================================
DAG File Processing Stats

File Path                                PID    Runtime      # DAGs    # Errors  Last Runtime    Last Run
---------------------------------------  -----  ---------  --------  ----------  --------------  -------------------
/opt/airflow/dags/sodai_pipeline_dag.py                           1           0  0.12s           2025-11-18T16:26:48
/opt/airflow/dags/sodai/__init__.py                               0           0  0.07s           2025-11-18T16:26:48
================================================================================
[2025-11-18T16:27:39.637+0000] {manager.py:878} INFO - 
================================================================================
DAG File Processing Stats

File Path                                PID    Runtime      # DAGs    # Errors  Last Runtime    Last Run
---------------------------------------  -----  ---------  --------  ----------  --------------  -------------------
/opt/airflow/dags/sodai_pipeline_dag.py                           1           0  0.15s           2025-11-18T16:27:19
/opt/airflow/dags/sodai/__init__.py                               0           0  0.07s           2025-11-18T16:27:19
================================================================================
[2025-11-18T16:28:09.261+0000] {manager.py:878} INFO - 
================================================================================
DAG File Processing Stats

File Path                                PID    Runtime      # DAGs    # Errors  Last Runtime    Last Run
---------------------------------------  -----  ---------  --------  ----------  --------------  -------------------
/opt/airflow/dags/sodai_pipeline_dag.py                           1           0  0.11s           2025-11-18T16:27:49
/opt/airflow/dags/sodai/__init__.py                               0           0  0.06s           2025-11-18T16:27:49
================================================================================
[2025-11-18T16:28:38.803+0000] {manager.py:878} INFO - 
================================================================================
DAG File Processing Stats

File Path                                PID    Runtime      # DAGs    # Errors  Last Runtime    Last Run
---------------------------------------  -----  ---------  --------  ----------  --------------  -------------------
/opt/airflow/dags/sodai_pipeline_dag.py                           1           0  0.09s           2025-11-18T16:28:20
/opt/airflow/dags/sodai/__init__.py                               0           0  0.05s           2025-11-18T16:28:20
================================================================================
[2025-11-18T16:28:40.834+0000] {manager.py:737} INFO - Searching for files in /opt/airflow/dags
[2025-11-18T16:28:41.219+0000] {manager.py:740} INFO - There are 2 files in /opt/airflow/dags
[2025-11-18T16:29:07.791+0000] {manager.py:878} INFO - 
================================================================================
DAG File Processing Stats

File Path                                PID    Runtime      # DAGs    # Errors  Last Runtime    Last Run
---------------------------------------  -----  ---------  --------  ----------  --------------  -------------------
/opt/airflow/dags/sodai_pipeline_dag.py                           1           0  0.10s           2025-11-18T16:28:50
/opt/airflow/dags/sodai/__init__.py                               0           0  0.05s           2025-11-18T16:28:50
================================================================================
[2025-11-18T16:29:37.200+0000] {manager.py:878} INFO - 
================================================================================
DAG File Processing Stats

File Path                                PID    Runtime      # DAGs    # Errors  Last Runtime    Last Run
---------------------------------------  -----  ---------  --------  ----------  --------------  -------------------
/opt/airflow/dags/sodai_pipeline_dag.py                           1           0  0.11s           2025-11-18T16:29:21
/opt/airflow/dags/sodai/__init__.py                               0           0  0.06s           2025-11-18T16:29:21
================================================================================
[2025-11-18T16:30:06.762+0000] {manager.py:878} INFO - 
================================================================================
DAG File Processing Stats

File Path                                PID    Runtime      # DAGs    # Errors  Last Runtime    Last Run
---------------------------------------  -----  ---------  --------  ----------  --------------  -------------------
/opt/airflow/dags/sodai_pipeline_dag.py                           1           0  0.10s           2025-11-18T16:29:51
/opt/airflow/dags/sodai/__init__.py                               0           0  0.07s           2025-11-18T16:29:51
================================================================================
[2025-11-18T16:30:36.400+0000] {manager.py:878} INFO - 
================================================================================
DAG File Processing Stats

File Path                                PID    Runtime      # DAGs    # Errors  Last Runtime    Last Run
---------------------------------------  -----  ---------  --------  ----------  --------------  -------------------
/opt/airflow/dags/sodai_pipeline_dag.py                           1           0  0.11s           2025-11-18T16:30:22
/opt/airflow/dags/sodai/__init__.py                               0           0  0.06s           2025-11-18T16:30:22
================================================================================
[2025-11-18T16:31:05.834+0000] {manager.py:878} INFO - 
================================================================================
DAG File Processing Stats

File Path                                PID    Runtime      # DAGs    # Errors  Last Runtime    Last Run
---------------------------------------  -----  ---------  --------  ----------  --------------  -------------------
/opt/airflow/dags/sodai_pipeline_dag.py                           1           0  0.09s           2025-11-18T16:30:52
/opt/airflow/dags/sodai/__init__.py                               0           0  0.05s           2025-11-18T16:30:52
================================================================================
[2025-11-18T16:31:35.502+0000] {manager.py:878} INFO - 
================================================================================
DAG File Processing Stats

File Path                                PID    Runtime      # DAGs    # Errors  Last Runtime    Last Run
---------------------------------------  -----  ---------  --------  ----------  --------------  -------------------
/opt/airflow/dags/sodai_pipeline_dag.py                           1           0  0.10s           2025-11-18T16:31:23
/opt/airflow/dags/sodai/__init__.py                               0           0  0.05s           2025-11-18T16:31:23
================================================================================
[2025-11-18T16:32:05.094+0000] {manager.py:878} INFO - 
================================================================================
DAG File Processing Stats

File Path                                PID    Runtime      # DAGs    # Errors  Last Runtime    Last Run
---------------------------------------  -----  ---------  --------  ----------  --------------  -------------------
/opt/airflow/dags/sodai_pipeline_dag.py                           1           0  0.10s           2025-11-18T16:31:53
/opt/airflow/dags/sodai/__init__.py                               0           0  0.05s           2025-11-18T16:31:53
================================================================================
[2025-11-18T16:32:34.747+0000] {manager.py:878} INFO - 
================================================================================
DAG File Processing Stats

File Path                                PID    Runtime      # DAGs    # Errors  Last Runtime    Last Run
---------------------------------------  -----  ---------  --------  ----------  --------------  -------------------
/opt/airflow/dags/sodai_pipeline_dag.py                           1           0  0.09s           2025-11-18T16:32:24
/opt/airflow/dags/sodai/__init__.py                               0           0  0.05s           2025-11-18T16:32:24
================================================================================
[2025-11-18T16:33:04.362+0000] {manager.py:878} INFO - 
================================================================================
DAG File Processing Stats

File Path                                PID    Runtime      # DAGs    # Errors  Last Runtime    Last Run
---------------------------------------  -----  ---------  --------  ----------  --------------  -------------------
/opt/airflow/dags/sodai_pipeline_dag.py                           1           0  0.09s           2025-11-18T16:32:55
/opt/airflow/dags/sodai/__init__.py                               0           0  0.05s           2025-11-18T16:32:55
================================================================================
[2025-11-18T16:33:33.971+0000] {manager.py:878} INFO - 
================================================================================
DAG File Processing Stats

File Path                                PID    Runtime      # DAGs    # Errors  Last Runtime    Last Run
---------------------------------------  -----  ---------  --------  ----------  --------------  -------------------
/opt/airflow/dags/sodai_pipeline_dag.py                           1           0  0.11s           2025-11-18T16:33:25
/opt/airflow/dags/sodai/__init__.py                               0           0  0.05s           2025-11-18T16:33:25
================================================================================
[2025-11-18T16:33:41.030+0000] {manager.py:737} INFO - Searching for files in /opt/airflow/dags
[2025-11-18T16:33:41.146+0000] {manager.py:740} INFO - There are 2 files in /opt/airflow/dags
[2025-11-18T16:34:03.654+0000] {manager.py:878} INFO - 
================================================================================
DAG File Processing Stats

File Path                                PID    Runtime      # DAGs    # Errors  Last Runtime    Last Run
---------------------------------------  -----  ---------  --------  ----------  --------------  -------------------
/opt/airflow/dags/sodai_pipeline_dag.py                           1           0  0.10s           2025-11-18T16:33:56
/opt/airflow/dags/sodai/__init__.py                               0           0  0.05s           2025-11-18T16:33:56
================================================================================
[2025-11-18T16:34:33.262+0000] {manager.py:878} INFO - 
================================================================================
DAG File Processing Stats

File Path                                PID    Runtime      # DAGs    # Errors  Last Runtime    Last Run
---------------------------------------  -----  ---------  --------  ----------  --------------  -------------------
/opt/airflow/dags/sodai_pipeline_dag.py                           1           0  0.10s           2025-11-18T16:34:27
/opt/airflow/dags/sodai/__init__.py                               0           0  0.05s           2025-11-18T16:34:27
================================================================================
[2025-11-18T16:35:02.820+0000] {manager.py:878} INFO - 
================================================================================
DAG File Processing Stats

File Path                                PID    Runtime      # DAGs    # Errors  Last Runtime    Last Run
---------------------------------------  -----  ---------  --------  ----------  --------------  -------------------
/opt/airflow/dags/sodai_pipeline_dag.py                           1           0  0.13s           2025-11-18T16:34:57
/opt/airflow/dags/sodai/__init__.py                               0           0  0.08s           2025-11-18T16:34:57
================================================================================
[2025-11-18T16:35:32.356+0000] {manager.py:878} INFO - 
================================================================================
DAG File Processing Stats

File Path                                PID    Runtime      # DAGs    # Errors  Last Runtime    Last Run
---------------------------------------  -----  ---------  --------  ----------  --------------  -------------------
/opt/airflow/dags/sodai_pipeline_dag.py                           1           0  0.09s           2025-11-18T16:35:28
/opt/airflow/dags/sodai/__init__.py                               0           0  0.05s           2025-11-18T16:35:28
================================================================================
[2025-11-18T16:36:01.813+0000] {manager.py:878} INFO - 
================================================================================
DAG File Processing Stats

File Path                                PID    Runtime      # DAGs    # Errors  Last Runtime    Last Run
---------------------------------------  -----  ---------  --------  ----------  --------------  -------------------
/opt/airflow/dags/sodai_pipeline_dag.py                           1           0  0.09s           2025-11-18T16:35:58
/opt/airflow/dags/sodai/__init__.py                               0           0  0.04s           2025-11-18T16:35:58
================================================================================
[2025-11-18T16:36:31.560+0000] {manager.py:878} INFO - 
================================================================================
DAG File Processing Stats

File Path                                PID    Runtime      # DAGs    # Errors  Last Runtime    Last Run
---------------------------------------  -----  ---------  --------  ----------  --------------  -------------------
/opt/airflow/dags/sodai_pipeline_dag.py                           1           0  0.17s           2025-11-18T16:36:29
/opt/airflow/dags/sodai/__init__.py                               0           0  0.10s           2025-11-18T16:36:29
================================================================================
[2025-11-18T16:37:01.187+0000] {manager.py:878} INFO - 
================================================================================
DAG File Processing Stats

File Path                                PID    Runtime      # DAGs    # Errors  Last Runtime    Last Run
---------------------------------------  -----  ---------  --------  ----------  --------------  -------------------
/opt/airflow/dags/sodai_pipeline_dag.py                           1           0  0.12s           2025-11-18T16:37:00
/opt/airflow/dags/sodai/__init__.py                               0           0  0.05s           2025-11-18T16:37:00
================================================================================
[2025-11-18T16:37:30.715+0000] {manager.py:878} INFO - 
================================================================================
DAG File Processing Stats

File Path                                  PID  Runtime      # DAGs    # Errors  Last Runtime    Last Run
---------------------------------------  -----  ---------  --------  ----------  --------------  -------------------
/opt/airflow/dags/sodai_pipeline_dag.py   1217  0.02s             1           0  0.12s           2025-11-18T16:37:00
/opt/airflow/dags/sodai/__init__.py       1220  0.00s             0           0  0.05s           2025-11-18T16:37:00
================================================================================
[2025-11-18T16:38:00.056+0000] {manager.py:878} INFO - 
================================================================================
DAG File Processing Stats

File Path                                PID    Runtime      # DAGs    # Errors  Last Runtime    Last Run
---------------------------------------  -----  ---------  --------  ----------  --------------  -------------------
/opt/airflow/dags/sodai_pipeline_dag.py                           1           0  0.15s           2025-11-18T16:37:30
/opt/airflow/dags/sodai/__init__.py                               0           0  0.09s           2025-11-18T16:37:30
================================================================================
[2025-11-18T16:38:29.507+0000] {manager.py:878} INFO - 
================================================================================
DAG File Processing Stats

File Path                                PID    Runtime      # DAGs    # Errors  Last Runtime    Last Run
---------------------------------------  -----  ---------  --------  ----------  --------------  -------------------
/opt/airflow/dags/sodai_pipeline_dag.py                           1           0  0.10s           2025-11-18T16:38:01
/opt/airflow/dags/sodai/__init__.py                               0           0  0.06s           2025-11-18T16:38:01
================================================================================
[2025-11-18T16:38:41.715+0000] {manager.py:737} INFO - Searching for files in /opt/airflow/dags
[2025-11-18T16:38:41.910+0000] {manager.py:740} INFO - There are 2 files in /opt/airflow/dags
[2025-11-18T16:38:59.240+0000] {manager.py:878} INFO - 
================================================================================
DAG File Processing Stats

File Path                                PID    Runtime      # DAGs    # Errors  Last Runtime    Last Run
---------------------------------------  -----  ---------  --------  ----------  --------------  -------------------
/opt/airflow/dags/sodai_pipeline_dag.py                           1           0  0.11s           2025-11-18T16:38:31
/opt/airflow/dags/sodai/__init__.py                               0           0  0.06s           2025-11-18T16:38:31
================================================================================
[2025-11-18T16:39:28.639+0000] {manager.py:878} INFO - 
================================================================================
DAG File Processing Stats

File Path                                PID    Runtime      # DAGs    # Errors  Last Runtime    Last Run
---------------------------------------  -----  ---------  --------  ----------  --------------  -------------------
/opt/airflow/dags/sodai_pipeline_dag.py                           1           0  0.10s           2025-11-18T16:39:02
/opt/airflow/dags/sodai/__init__.py                               0           0  0.06s           2025-11-18T16:39:02
================================================================================
[2025-11-18T16:39:58.236+0000] {manager.py:878} INFO - 
================================================================================
DAG File Processing Stats

File Path                                PID    Runtime      # DAGs    # Errors  Last Runtime    Last Run
---------------------------------------  -----  ---------  --------  ----------  --------------  -------------------
/opt/airflow/dags/sodai_pipeline_dag.py                           1           0  0.13s           2025-11-18T16:39:32
/opt/airflow/dags/sodai/__init__.py                               0           0  0.07s           2025-11-18T16:39:32
================================================================================
[2025-11-18T16:40:27.709+0000] {manager.py:878} INFO - 
================================================================================
DAG File Processing Stats

File Path                                PID    Runtime      # DAGs    # Errors  Last Runtime    Last Run
---------------------------------------  -----  ---------  --------  ----------  --------------  -------------------
/opt/airflow/dags/sodai_pipeline_dag.py                           1           0  0.11s           2025-11-18T16:40:03
/opt/airflow/dags/sodai/__init__.py                               0           0  0.06s           2025-11-18T16:40:03
================================================================================
[2025-11-18T16:40:57.187+0000] {manager.py:878} INFO - 
================================================================================
DAG File Processing Stats

File Path                                PID    Runtime      # DAGs    # Errors  Last Runtime    Last Run
---------------------------------------  -----  ---------  --------  ----------  --------------  -------------------
/opt/airflow/dags/sodai_pipeline_dag.py                           1           0  0.11s           2025-11-18T16:40:33
/opt/airflow/dags/sodai/__init__.py                               0           0  0.06s           2025-11-18T16:40:33
================================================================================
[2025-11-18T16:41:26.606+0000] {manager.py:878} INFO - 
================================================================================
DAG File Processing Stats

File Path                                PID    Runtime      # DAGs    # Errors  Last Runtime    Last Run
---------------------------------------  -----  ---------  --------  ----------  --------------  -------------------
/opt/airflow/dags/sodai_pipeline_dag.py                           1           0  0.10s           2025-11-18T16:41:04
/opt/airflow/dags/sodai/__init__.py                               0           0  0.05s           2025-11-18T16:41:04
================================================================================
[2025-11-18T16:41:56.019+0000] {manager.py:878} INFO - 
================================================================================
DAG File Processing Stats

File Path                                PID    Runtime      # DAGs    # Errors  Last Runtime    Last Run
---------------------------------------  -----  ---------  --------  ----------  --------------  -------------------
/opt/airflow/dags/sodai_pipeline_dag.py                           1           0  0.09s           2025-11-18T16:41:34
/opt/airflow/dags/sodai/__init__.py                               0           0  0.05s           2025-11-18T16:41:34
================================================================================
[2025-11-18T16:42:25.400+0000] {manager.py:878} INFO - 
================================================================================
DAG File Processing Stats

File Path                                PID    Runtime      # DAGs    # Errors  Last Runtime    Last Run
---------------------------------------  -----  ---------  --------  ----------  --------------  -------------------
/opt/airflow/dags/sodai_pipeline_dag.py                           1           0  0.09s           2025-11-18T16:42:05
/opt/airflow/dags/sodai/__init__.py                               0           0  0.05s           2025-11-18T16:42:05
================================================================================
[2025-11-18T16:42:54.955+0000] {manager.py:878} INFO - 
================================================================================
DAG File Processing Stats

File Path                                PID    Runtime      # DAGs    # Errors  Last Runtime    Last Run
---------------------------------------  -----  ---------  --------  ----------  --------------  -------------------
/opt/airflow/dags/sodai_pipeline_dag.py                           1           0  0.09s           2025-11-18T16:42:35
/opt/airflow/dags/sodai/__init__.py                               0           0  0.05s           2025-11-18T16:42:35
================================================================================
[2025-11-18T16:43:24.492+0000] {manager.py:878} INFO - 
================================================================================
DAG File Processing Stats

File Path                                PID    Runtime      # DAGs    # Errors  Last Runtime    Last Run
---------------------------------------  -----  ---------  --------  ----------  --------------  -------------------
/opt/airflow/dags/sodai_pipeline_dag.py                           1           0  0.09s           2025-11-18T16:43:06
/opt/airflow/dags/sodai/__init__.py                               0           0  0.07s           2025-11-18T16:43:06
================================================================================
[2025-11-18T16:43:41.869+0000] {manager.py:737} INFO - Searching for files in /opt/airflow/dags
[2025-11-18T16:43:42.024+0000] {manager.py:740} INFO - There are 2 files in /opt/airflow/dags
[2025-11-18T16:43:54.290+0000] {manager.py:878} INFO - 
================================================================================
DAG File Processing Stats

File Path                                PID    Runtime      # DAGs    # Errors  Last Runtime    Last Run
---------------------------------------  -----  ---------  --------  ----------  --------------  -------------------
/opt/airflow/dags/sodai_pipeline_dag.py                           1           0  0.19s           2025-11-18T16:43:36
/opt/airflow/dags/sodai/__init__.py                               0           0  0.11s           2025-11-18T16:43:36
================================================================================
[2025-11-18T16:44:23.806+0000] {manager.py:878} INFO - 
================================================================================
DAG File Processing Stats

File Path                                PID    Runtime      # DAGs    # Errors  Last Runtime    Last Run
---------------------------------------  -----  ---------  --------  ----------  --------------  -------------------
/opt/airflow/dags/sodai_pipeline_dag.py                           1           0  0.11s           2025-11-18T16:44:07
/opt/airflow/dags/sodai/__init__.py                               0           0  0.06s           2025-11-18T16:44:07
================================================================================
[2025-11-18T16:44:53.388+0000] {manager.py:878} INFO - 
================================================================================
DAG File Processing Stats

File Path                                PID    Runtime      # DAGs    # Errors  Last Runtime    Last Run
---------------------------------------  -----  ---------  --------  ----------  --------------  -------------------
/opt/airflow/dags/sodai_pipeline_dag.py                           1           0  0.11s           2025-11-18T16:44:38
/opt/airflow/dags/sodai/__init__.py                               0           0  0.06s           2025-11-18T16:44:38
================================================================================
[2025-11-18T16:45:23.155+0000] {manager.py:878} INFO - 
================================================================================
DAG File Processing Stats

File Path                                PID    Runtime      # DAGs    # Errors  Last Runtime    Last Run
---------------------------------------  -----  ---------  --------  ----------  --------------  -------------------
/opt/airflow/dags/sodai_pipeline_dag.py                           1           0  0.12s           2025-11-18T16:45:08
/opt/airflow/dags/sodai/__init__.py                               0           0  0.05s           2025-11-18T16:45:08
================================================================================
[2025-11-18T16:45:52.818+0000] {manager.py:878} INFO - 
================================================================================
DAG File Processing Stats

File Path                                PID    Runtime      # DAGs    # Errors  Last Runtime    Last Run
---------------------------------------  -----  ---------  --------  ----------  --------------  -------------------
/opt/airflow/dags/sodai_pipeline_dag.py                           1           0  0.11s           2025-11-18T16:45:39
/opt/airflow/dags/sodai/__init__.py                               0           0  0.06s           2025-11-18T16:45:39
================================================================================
[2025-11-18T16:46:21.384+0000] {manager.py:878} INFO - 
================================================================================
DAG File Processing Stats

File Path                                PID    Runtime      # DAGs    # Errors  Last Runtime    Last Run
---------------------------------------  -----  ---------  --------  ----------  --------------  -------------------
/opt/airflow/dags/sodai_pipeline_dag.py                           1           0  0.17s           2025-11-18T16:46:10
/opt/airflow/dags/sodai/__init__.py                               0           0  0.14s           2025-11-18T16:46:10
================================================================================
[2025-11-18T16:46:50.905+0000] {manager.py:878} INFO - 
================================================================================
DAG File Processing Stats

File Path                                PID    Runtime      # DAGs    # Errors  Last Runtime    Last Run
---------------------------------------  -----  ---------  --------  ----------  --------------  -------------------
/opt/airflow/dags/sodai_pipeline_dag.py                           1           0  0.11s           2025-11-18T16:46:40
/opt/airflow/dags/sodai/__init__.py                               0           0  0.05s           2025-11-18T16:46:40
================================================================================
[2025-11-18T16:47:20.675+0000] {manager.py:878} INFO - 
================================================================================
DAG File Processing Stats

File Path                                PID    Runtime      # DAGs    # Errors  Last Runtime    Last Run
---------------------------------------  -----  ---------  --------  ----------  --------------  -------------------
/opt/airflow/dags/sodai_pipeline_dag.py                           1           0  0.10s           2025-11-18T16:47:11
/opt/airflow/dags/sodai/__init__.py                               0           0  0.05s           2025-11-18T16:47:11
================================================================================
[2025-11-18T16:47:50.275+0000] {manager.py:878} INFO - 
================================================================================
DAG File Processing Stats

File Path                                PID    Runtime      # DAGs    # Errors  Last Runtime    Last Run
---------------------------------------  -----  ---------  --------  ----------  --------------  -------------------
/opt/airflow/dags/sodai_pipeline_dag.py                           1           0  0.09s           2025-11-18T16:47:42
/opt/airflow/dags/sodai/__init__.py                               0           0  0.05s           2025-11-18T16:47:42
================================================================================
[2025-11-18T16:48:20.025+0000] {manager.py:878} INFO - 
================================================================================
DAG File Processing Stats

File Path                                PID    Runtime      # DAGs    # Errors  Last Runtime    Last Run
---------------------------------------  -----  ---------  --------  ----------  --------------  -------------------
/opt/airflow/dags/sodai_pipeline_dag.py                           1           0  0.10s           2025-11-18T16:48:12
/opt/airflow/dags/sodai/__init__.py                               0           0  0.06s           2025-11-18T16:48:12
================================================================================
[2025-11-18T16:48:42.267+0000] {manager.py:737} INFO - Searching for files in /opt/airflow/dags
[2025-11-18T16:48:42.411+0000] {manager.py:740} INFO - There are 2 files in /opt/airflow/dags
[2025-11-18T16:48:49.557+0000] {manager.py:878} INFO - 
================================================================================
DAG File Processing Stats

File Path                                PID    Runtime      # DAGs    # Errors  Last Runtime    Last Run
---------------------------------------  -----  ---------  --------  ----------  --------------  -------------------
/opt/airflow/dags/sodai_pipeline_dag.py                           1           0  0.11s           2025-11-18T16:48:43
/opt/airflow/dags/sodai/__init__.py                               0           0  0.07s           2025-11-18T16:48:43
================================================================================
[2025-11-18T16:49:19.128+0000] {manager.py:878} INFO - 
================================================================================
DAG File Processing Stats

File Path                                PID    Runtime      # DAGs    # Errors  Last Runtime    Last Run
---------------------------------------  -----  ---------  --------  ----------  --------------  -------------------
/opt/airflow/dags/sodai_pipeline_dag.py                           1           0  0.09s           2025-11-18T16:49:14
/opt/airflow/dags/sodai/__init__.py                               0           0  0.05s           2025-11-18T16:49:14
================================================================================
[2025-11-18T16:49:48.744+0000] {manager.py:878} INFO - 
================================================================================
DAG File Processing Stats

File Path                                PID    Runtime      # DAGs    # Errors  Last Runtime    Last Run
---------------------------------------  -----  ---------  --------  ----------  --------------  -------------------
/opt/airflow/dags/sodai/__init__.py                               0           0  0.08s           2025-11-18T16:49:44
/opt/airflow/dags/sodai_pipeline_dag.py                           1           0  -0.35s          2025-11-18T16:49:44
================================================================================
[2025-11-18T16:50:18.256+0000] {manager.py:878} INFO - 
================================================================================
DAG File Processing Stats

File Path                                PID    Runtime      # DAGs    # Errors  Last Runtime    Last Run
---------------------------------------  -----  ---------  --------  ----------  --------------  -------------------
/opt/airflow/dags/sodai_pipeline_dag.py                           1           0  0.11s           2025-11-18T16:50:15
/opt/airflow/dags/sodai/__init__.py                               0           0  0.06s           2025-11-18T16:50:15
================================================================================
[2025-11-18T16:50:47.759+0000] {manager.py:878} INFO - 
================================================================================
DAG File Processing Stats

File Path                                PID    Runtime      # DAGs    # Errors  Last Runtime    Last Run
---------------------------------------  -----  ---------  --------  ----------  --------------  -------------------
/opt/airflow/dags/sodai_pipeline_dag.py                           1           0  0.10s           2025-11-18T16:50:45
/opt/airflow/dags/sodai/__init__.py                               0           0  0.07s           2025-11-18T16:50:45
================================================================================
[2025-11-18T16:51:17.429+0000] {manager.py:878} INFO - 
================================================================================
DAG File Processing Stats

File Path                                PID    Runtime      # DAGs    # Errors  Last Runtime    Last Run
---------------------------------------  -----  ---------  --------  ----------  --------------  -------------------
/opt/airflow/dags/sodai_pipeline_dag.py                           1           0  0.09s           2025-11-18T16:51:16
/opt/airflow/dags/sodai/__init__.py                               0           0  0.05s           2025-11-18T16:51:16
================================================================================
[2025-11-18T16:51:46.979+0000] {manager.py:878} INFO - 
================================================================================
DAG File Processing Stats

File Path                                  PID  Runtime      # DAGs    # Errors  Last Runtime    Last Run
---------------------------------------  -----  ---------  --------  ----------  --------------  -------------------
/opt/airflow/dags/sodai_pipeline_dag.py   1497  0.02s             1           0  0.09s           2025-11-18T16:51:16
/opt/airflow/dags/sodai/__init__.py       1500  0.00s             0           0  0.05s           2025-11-18T16:51:16
================================================================================
[2025-11-18T16:52:16.762+0000] {manager.py:878} INFO - 
================================================================================
DAG File Processing Stats

File Path                                PID    Runtime      # DAGs    # Errors  Last Runtime    Last Run
---------------------------------------  -----  ---------  --------  ----------  --------------  -------------------
/opt/airflow/dags/sodai_pipeline_dag.py                           1           0  0.12s           2025-11-18T16:51:47
/opt/airflow/dags/sodai/__init__.py                               0           0  0.07s           2025-11-18T16:51:47
================================================================================
[2025-11-18T16:52:46.726+0000] {manager.py:878} INFO - 
================================================================================
DAG File Processing Stats

File Path                                PID    Runtime      # DAGs    # Errors  Last Runtime    Last Run
---------------------------------------  -----  ---------  --------  ----------  --------------  -------------------
/opt/airflow/dags/sodai_pipeline_dag.py                           1           0  0.17s           2025-11-18T16:52:18
/opt/airflow/dags/sodai/__init__.py                               0           0  0.11s           2025-11-18T16:52:17
================================================================================
[2025-11-18T16:53:16.381+0000] {manager.py:878} INFO - 
================================================================================
DAG File Processing Stats

File Path                                PID    Runtime      # DAGs    # Errors  Last Runtime    Last Run
---------------------------------------  -----  ---------  --------  ----------  --------------  -------------------
/opt/airflow/dags/sodai_pipeline_dag.py                           1           0  0.20s           2025-11-18T16:52:49
/opt/airflow/dags/sodai/__init__.py                               0           0  0.19s           2025-11-18T16:52:49
================================================================================
[2025-11-18T16:53:42.948+0000] {manager.py:737} INFO - Searching for files in /opt/airflow/dags
[2025-11-18T16:53:43.079+0000] {manager.py:740} INFO - There are 2 files in /opt/airflow/dags
[2025-11-18T16:53:46.132+0000] {manager.py:878} INFO - 
================================================================================
DAG File Processing Stats

File Path                                PID    Runtime      # DAGs    # Errors  Last Runtime    Last Run
---------------------------------------  -----  ---------  --------  ----------  --------------  -------------------
/opt/airflow/dags/sodai_pipeline_dag.py                           1           0  0.12s           2025-11-18T16:53:19
/opt/airflow/dags/sodai/__init__.py                               0           0  0.05s           2025-11-18T16:53:19
================================================================================
[2025-11-18T16:54:16.010+0000] {manager.py:878} INFO - 
================================================================================
DAG File Processing Stats

File Path                                PID    Runtime      # DAGs    # Errors  Last Runtime    Last Run
---------------------------------------  -----  ---------  --------  ----------  --------------  -------------------
/opt/airflow/dags/sodai_pipeline_dag.py                           1           0  0.15s           2025-11-18T16:53:50
/opt/airflow/dags/sodai/__init__.py                               0           0  0.10s           2025-11-18T16:53:50
================================================================================
[2025-11-18T16:54:45.715+0000] {manager.py:878} INFO - 
================================================================================
DAG File Processing Stats

File Path                                PID    Runtime      # DAGs    # Errors  Last Runtime    Last Run
---------------------------------------  -----  ---------  --------  ----------  --------------  -------------------
/opt/airflow/dags/sodai_pipeline_dag.py                           1           0  0.10s           2025-11-18T16:54:21
/opt/airflow/dags/sodai/__init__.py                               0           0  0.05s           2025-11-18T16:54:21
================================================================================
[2025-11-18T16:55:15.322+0000] {manager.py:878} INFO - 
================================================================================
DAG File Processing Stats

File Path                                PID    Runtime      # DAGs    # Errors  Last Runtime    Last Run
---------------------------------------  -----  ---------  --------  ----------  --------------  -------------------
/opt/airflow/dags/sodai_pipeline_dag.py                           1           0  0.10s           2025-11-18T16:54:51
/opt/airflow/dags/sodai/__init__.py                               0           0  0.05s           2025-11-18T16:54:51
================================================================================
[2025-11-18T16:55:44.883+0000] {manager.py:878} INFO - 
================================================================================
DAG File Processing Stats

File Path                                PID    Runtime      # DAGs    # Errors  Last Runtime    Last Run
---------------------------------------  -----  ---------  --------  ----------  --------------  -------------------
/opt/airflow/dags/sodai_pipeline_dag.py                           1           0  0.16s           2025-11-18T16:55:22
/opt/airflow/dags/sodai/__init__.py                               0           0  0.11s           2025-11-18T16:55:22
================================================================================
[2025-11-18T16:56:14.656+0000] {manager.py:878} INFO - 
================================================================================
DAG File Processing Stats

File Path                                PID    Runtime      # DAGs    # Errors  Last Runtime    Last Run
---------------------------------------  -----  ---------  --------  ----------  --------------  -------------------
/opt/airflow/dags/sodai_pipeline_dag.py                           1           0  0.15s           2025-11-18T16:55:53
/opt/airflow/dags/sodai/__init__.py                               0           0  0.07s           2025-11-18T16:55:53
================================================================================
[2025-11-18T16:56:44.220+0000] {manager.py:878} INFO - 
================================================================================
DAG File Processing Stats

File Path                                PID    Runtime      # DAGs    # Errors  Last Runtime    Last Run
---------------------------------------  -----  ---------  --------  ----------  --------------  -------------------
/opt/airflow/dags/sodai_pipeline_dag.py                           1           0  0.12s           2025-11-18T16:56:23
/opt/airflow/dags/sodai/__init__.py                               0           0  0.06s           2025-11-18T16:56:23
================================================================================
[2025-11-18T16:57:13.812+0000] {manager.py:878} INFO - 
================================================================================
DAG File Processing Stats

File Path                                PID    Runtime      # DAGs    # Errors  Last Runtime    Last Run
---------------------------------------  -----  ---------  --------  ----------  --------------  -------------------
/opt/airflow/dags/sodai_pipeline_dag.py                           1           0  0.11s           2025-11-18T16:56:54
/opt/airflow/dags/sodai/__init__.py                               0           0  0.06s           2025-11-18T16:56:54
================================================================================
[2025-11-18T16:57:43.533+0000] {manager.py:878} INFO - 
================================================================================
DAG File Processing Stats

File Path                                PID    Runtime      # DAGs    # Errors  Last Runtime    Last Run
---------------------------------------  -----  ---------  --------  ----------  --------------  -------------------
/opt/airflow/dags/sodai_pipeline_dag.py                           1           0  0.10s           2025-11-18T16:57:25
/opt/airflow/dags/sodai/__init__.py                               0           0  0.05s           2025-11-18T16:57:25
================================================================================
[2025-11-18T16:58:13.265+0000] {manager.py:878} INFO - 
================================================================================
DAG File Processing Stats

File Path                                PID    Runtime      # DAGs    # Errors  Last Runtime    Last Run
---------------------------------------  -----  ---------  --------  ----------  --------------  -------------------
/opt/airflow/dags/sodai_pipeline_dag.py                           1           0  0.10s           2025-11-18T16:57:55
/opt/airflow/dags/sodai/__init__.py                               0           0  0.06s           2025-11-18T16:57:55
================================================================================
[2025-11-18T16:58:42.863+0000] {manager.py:878} INFO - 
================================================================================
DAG File Processing Stats

File Path                                PID    Runtime      # DAGs    # Errors  Last Runtime    Last Run
---------------------------------------  -----  ---------  --------  ----------  --------------  -------------------
/opt/airflow/dags/sodai_pipeline_dag.py                           1           0  0.16s           2025-11-18T16:58:26
/opt/airflow/dags/sodai/__init__.py                               0           0  0.07s           2025-11-18T16:58:26
================================================================================
[2025-11-18T16:58:43.892+0000] {manager.py:737} INFO - Searching for files in /opt/airflow/dags
[2025-11-18T16:58:44.268+0000] {manager.py:740} INFO - There are 2 files in /opt/airflow/dags
[2025-11-18T16:59:12.050+0000] {manager.py:878} INFO - 
================================================================================
DAG File Processing Stats

File Path                                PID    Runtime      # DAGs    # Errors  Last Runtime    Last Run
---------------------------------------  -----  ---------  --------  ----------  --------------  -------------------
/opt/airflow/dags/sodai_pipeline_dag.py                           1           0  0.13s           2025-11-18T16:58:57
/opt/airflow/dags/sodai/__init__.py                               0           0  0.08s           2025-11-18T16:58:57
================================================================================
[2025-11-18T16:59:41.759+0000] {manager.py:878} INFO - 
================================================================================
DAG File Processing Stats

File Path                                PID    Runtime      # DAGs    # Errors  Last Runtime    Last Run
---------------------------------------  -----  ---------  --------  ----------  --------------  -------------------
/opt/airflow/dags/sodai_pipeline_dag.py                           1           0  0.11s           2025-11-18T16:59:28
/opt/airflow/dags/sodai/__init__.py                               0           0  0.07s           2025-11-18T16:59:28
================================================================================
[2025-11-18T17:00:11.674+0000] {manager.py:878} INFO - 
================================================================================
DAG File Processing Stats

File Path                                PID    Runtime      # DAGs    # Errors  Last Runtime    Last Run
---------------------------------------  -----  ---------  --------  ----------  --------------  -------------------
/opt/airflow/dags/sodai_pipeline_dag.py                           1           0  0.12s           2025-11-18T16:59:59
/opt/airflow/dags/sodai/__init__.py                               0           0  0.07s           2025-11-18T16:59:59
================================================================================
[2025-11-18T17:00:41.499+0000] {manager.py:878} INFO - 
================================================================================
DAG File Processing Stats

File Path                                PID    Runtime      # DAGs    # Errors  Last Runtime    Last Run
---------------------------------------  -----  ---------  --------  ----------  --------------  -------------------
/opt/airflow/dags/sodai_pipeline_dag.py                           1           0  0.11s           2025-11-18T17:00:30
/opt/airflow/dags/sodai/__init__.py                               0           0  0.05s           2025-11-18T17:00:30
================================================================================
[2025-11-18T17:01:11.041+0000] {manager.py:878} INFO - 
================================================================================
DAG File Processing Stats

File Path                                PID    Runtime      # DAGs    # Errors  Last Runtime    Last Run
---------------------------------------  -----  ---------  --------  ----------  --------------  -------------------
/opt/airflow/dags/sodai_pipeline_dag.py                           1           0  0.12s           2025-11-18T17:01:00
/opt/airflow/dags/sodai/__init__.py                               0           0  0.07s           2025-11-18T17:01:00
================================================================================
[2025-11-18T17:01:40.565+0000] {manager.py:878} INFO - 
================================================================================
DAG File Processing Stats

File Path                                PID    Runtime      # DAGs    # Errors  Last Runtime    Last Run
---------------------------------------  -----  ---------  --------  ----------  --------------  -------------------
/opt/airflow/dags/sodai_pipeline_dag.py                           1           0  0.10s           2025-11-18T17:01:31
/opt/airflow/dags/sodai/__init__.py                               0           0  0.05s           2025-11-18T17:01:31
================================================================================
[2025-11-18T17:02:10.140+0000] {manager.py:878} INFO - 
================================================================================
DAG File Processing Stats

File Path                                PID    Runtime      # DAGs    # Errors  Last Runtime    Last Run
---------------------------------------  -----  ---------  --------  ----------  --------------  -------------------
/opt/airflow/dags/sodai/__init__.py                               0           0  0.18s           2025-11-18T17:02:02
/opt/airflow/dags/sodai_pipeline_dag.py                           1           0  0.17s           2025-11-18T17:02:02
================================================================================
[2025-11-18T17:02:39.691+0000] {manager.py:878} INFO - 
================================================================================
DAG File Processing Stats

File Path                                PID    Runtime      # DAGs    # Errors  Last Runtime    Last Run
---------------------------------------  -----  ---------  --------  ----------  --------------  -------------------
/opt/airflow/dags/sodai_pipeline_dag.py                           1           0  0.09s           2025-11-18T17:02:32
/opt/airflow/dags/sodai/__init__.py                               0           0  0.04s           2025-11-18T17:02:32
================================================================================
[2025-11-18T17:03:09.309+0000] {manager.py:878} INFO - 
================================================================================
DAG File Processing Stats

File Path                                PID    Runtime      # DAGs    # Errors  Last Runtime    Last Run
---------------------------------------  -----  ---------  --------  ----------  --------------  -------------------
/opt/airflow/dags/sodai_pipeline_dag.py                           1           0  0.18s           2025-11-18T17:03:03
/opt/airflow/dags/sodai/__init__.py                               0           0  0.13s           2025-11-18T17:03:03
================================================================================
[2025-11-18T17:03:38.899+0000] {manager.py:878} INFO - 
================================================================================
DAG File Processing Stats

File Path                                PID    Runtime      # DAGs    # Errors  Last Runtime    Last Run
---------------------------------------  -----  ---------  --------  ----------  --------------  -------------------
/opt/airflow/dags/sodai_pipeline_dag.py                           1           0  0.11s           2025-11-18T17:03:33
/opt/airflow/dags/sodai/__init__.py                               0           0  0.07s           2025-11-18T17:03:33
================================================================================
[2025-11-18T17:03:44.039+0000] {manager.py:737} INFO - Searching for files in /opt/airflow/dags
[2025-11-18T17:03:44.193+0000] {manager.py:740} INFO - There are 2 files in /opt/airflow/dags
[2025-11-18T17:04:08.808+0000] {manager.py:878} INFO - 
================================================================================
DAG File Processing Stats

File Path                                PID    Runtime      # DAGs    # Errors  Last Runtime    Last Run
---------------------------------------  -----  ---------  --------  ----------  --------------  -------------------
/opt/airflow/dags/sodai_pipeline_dag.py                           1           0  0.16s           2025-11-18T17:04:04
/opt/airflow/dags/sodai/__init__.py                               0           0  0.10s           2025-11-18T17:04:04
================================================================================
[2025-11-18T17:04:38.299+0000] {manager.py:878} INFO - 
================================================================================
DAG File Processing Stats

File Path                                PID    Runtime      # DAGs    # Errors  Last Runtime    Last Run
---------------------------------------  -----  ---------  --------  ----------  --------------  -------------------
/opt/airflow/dags/sodai_pipeline_dag.py                           1           0  0.10s           2025-11-18T17:04:35
/opt/airflow/dags/sodai/__init__.py                               0           0  0.05s           2025-11-18T17:04:35
================================================================================
[2025-11-18T17:05:07.779+0000] {manager.py:878} INFO - 
================================================================================
DAG File Processing Stats

File Path                                PID    Runtime      # DAGs    # Errors  Last Runtime    Last Run
---------------------------------------  -----  ---------  --------  ----------  --------------  -------------------
/opt/airflow/dags/sodai_pipeline_dag.py                           1           0  0.11s           2025-11-18T17:05:05
/opt/airflow/dags/sodai/__init__.py                               0           0  0.05s           2025-11-18T17:05:05
================================================================================
[2025-11-18T17:05:37.367+0000] {manager.py:878} INFO - 
================================================================================
DAG File Processing Stats

File Path                                PID    Runtime      # DAGs    # Errors  Last Runtime    Last Run
---------------------------------------  -----  ---------  --------  ----------  --------------  -------------------
/opt/airflow/dags/sodai_pipeline_dag.py                           1           0  0.09s           2025-11-18T17:05:36
/opt/airflow/dags/sodai/__init__.py                               0           0  0.05s           2025-11-18T17:05:36
================================================================================
[2025-11-18T17:06:06.726+0000] {manager.py:878} INFO - 
================================================================================
DAG File Processing Stats

File Path                                  PID  Runtime      # DAGs    # Errors  Last Runtime    Last Run
---------------------------------------  -----  ---------  --------  ----------  --------------  -------------------
/opt/airflow/dags/sodai_pipeline_dag.py   1777  0.02s             1           0  0.09s           2025-11-18T17:05:36
/opt/airflow/dags/sodai/__init__.py       1780  0.00s             0           0  0.05s           2025-11-18T17:05:36
================================================================================
[2025-11-18T17:06:36.080+0000] {manager.py:878} INFO - 
================================================================================
DAG File Processing Stats

File Path                                PID    Runtime      # DAGs    # Errors  Last Runtime    Last Run
---------------------------------------  -----  ---------  --------  ----------  --------------  -------------------
/opt/airflow/dags/sodai_pipeline_dag.py                           1           0  0.10s           2025-11-18T17:06:06
/opt/airflow/dags/sodai/__init__.py                               0           0  0.06s           2025-11-18T17:06:06
================================================================================
[2025-11-18T17:07:05.505+0000] {manager.py:878} INFO - 
================================================================================
DAG File Processing Stats

File Path                                PID    Runtime      # DAGs    # Errors  Last Runtime    Last Run
---------------------------------------  -----  ---------  --------  ----------  --------------  -------------------
/opt/airflow/dags/sodai_pipeline_dag.py                           1           0  0.09s           2025-11-18T17:06:37
/opt/airflow/dags/sodai/__init__.py                               0           0  0.06s           2025-11-18T17:06:37
================================================================================
[2025-11-18T17:07:35.022+0000] {manager.py:878} INFO - 
================================================================================
DAG File Processing Stats

File Path                                PID    Runtime      # DAGs    # Errors  Last Runtime    Last Run
---------------------------------------  -----  ---------  --------  ----------  --------------  -------------------
/opt/airflow/dags/sodai_pipeline_dag.py                           1           0  0.11s           2025-11-18T17:07:07
/opt/airflow/dags/sodai/__init__.py                               0           0  0.06s           2025-11-18T17:07:07
================================================================================
[2025-11-18T17:08:04.641+0000] {manager.py:878} INFO - 
================================================================================
DAG File Processing Stats

File Path                                PID    Runtime      # DAGs    # Errors  Last Runtime    Last Run
---------------------------------------  -----  ---------  --------  ----------  --------------  -------------------
/opt/airflow/dags/sodai_pipeline_dag.py                           1           0  0.09s           2025-11-18T17:07:38
/opt/airflow/dags/sodai/__init__.py                               0           0  0.05s           2025-11-18T17:07:38
================================================================================
[2025-11-18T17:08:33.248+0000] {manager.py:878} INFO - 
================================================================================
DAG File Processing Stats

File Path                                PID    Runtime      # DAGs    # Errors  Last Runtime    Last Run
---------------------------------------  -----  ---------  --------  ----------  --------------  -------------------
/opt/airflow/dags/sodai_pipeline_dag.py                           1           0  0.11s           2025-11-18T17:08:08
/opt/airflow/dags/sodai/__init__.py                               0           0  0.06s           2025-11-18T17:08:08
================================================================================
[2025-11-18T17:08:44.491+0000] {manager.py:737} INFO - Searching for files in /opt/airflow/dags
[2025-11-18T17:08:44.569+0000] {manager.py:740} INFO - There are 2 files in /opt/airflow/dags
[2025-11-18T17:09:02.762+0000] {manager.py:878} INFO - 
================================================================================
DAG File Processing Stats

File Path                                PID    Runtime      # DAGs    # Errors  Last Runtime    Last Run
---------------------------------------  -----  ---------  --------  ----------  --------------  -------------------
/opt/airflow/dags/sodai_pipeline_dag.py                           1           0  0.10s           2025-11-18T17:08:39
/opt/airflow/dags/sodai/__init__.py                               0           0  0.05s           2025-11-18T17:08:39
================================================================================
[2025-11-18T17:09:32.346+0000] {manager.py:878} INFO - 
================================================================================
DAG File Processing Stats

File Path                                PID    Runtime      # DAGs    # Errors  Last Runtime    Last Run
---------------------------------------  -----  ---------  --------  ----------  --------------  -------------------
/opt/airflow/dags/sodai_pipeline_dag.py                           1           0  0.10s           2025-11-18T17:09:09
/opt/airflow/dags/sodai/__init__.py                               0           0  0.06s           2025-11-18T17:09:09
================================================================================
[2025-11-18T17:10:01.862+0000] {manager.py:878} INFO - 
================================================================================
DAG File Processing Stats

File Path                                PID    Runtime      # DAGs    # Errors  Last Runtime    Last Run
---------------------------------------  -----  ---------  --------  ----------  --------------  -------------------
/opt/airflow/dags/sodai_pipeline_dag.py                           1           0  0.09s           2025-11-18T17:09:40
/opt/airflow/dags/sodai/__init__.py                               0           0  0.05s           2025-11-18T17:09:40
================================================================================
[2025-11-18T17:10:31.318+0000] {manager.py:878} INFO - 
================================================================================
DAG File Processing Stats

File Path                                PID    Runtime      # DAGs    # Errors  Last Runtime    Last Run
---------------------------------------  -----  ---------  --------  ----------  --------------  -------------------
/opt/airflow/dags/sodai_pipeline_dag.py                           1           0  0.10s           2025-11-18T17:10:11
/opt/airflow/dags/sodai/__init__.py                               0           0  0.05s           2025-11-18T17:10:11
================================================================================
[2025-11-18T17:11:00.908+0000] {manager.py:878} INFO - 
================================================================================
DAG File Processing Stats

File Path                                PID    Runtime      # DAGs    # Errors  Last Runtime    Last Run
---------------------------------------  -----  ---------  --------  ----------  --------------  -------------------
/opt/airflow/dags/sodai_pipeline_dag.py                           1           0  0.09s           2025-11-18T17:10:41
/opt/airflow/dags/sodai/__init__.py                               0           0  0.05s           2025-11-18T17:10:41
================================================================================
[2025-11-18T17:11:30.403+0000] {manager.py:878} INFO - 
================================================================================
DAG File Processing Stats

File Path                                PID    Runtime      # DAGs    # Errors  Last Runtime    Last Run
---------------------------------------  -----  ---------  --------  ----------  --------------  -------------------
/opt/airflow/dags/sodai_pipeline_dag.py                           1           0  0.09s           2025-11-18T17:11:12
/opt/airflow/dags/sodai/__init__.py                               0           0  0.04s           2025-11-18T17:11:12
================================================================================
[2025-11-18T17:11:59.823+0000] {manager.py:878} INFO - 
================================================================================
DAG File Processing Stats

File Path                                PID    Runtime      # DAGs    # Errors  Last Runtime    Last Run
---------------------------------------  -----  ---------  --------  ----------  --------------  -------------------
/opt/airflow/dags/sodai_pipeline_dag.py                           1           0  0.10s           2025-11-18T17:11:42
/opt/airflow/dags/sodai/__init__.py                               0           0  0.05s           2025-11-18T17:11:42
================================================================================
[2025-11-18T17:12:29.402+0000] {manager.py:878} INFO - 
================================================================================
DAG File Processing Stats

File Path                                PID    Runtime      # DAGs    # Errors  Last Runtime    Last Run
---------------------------------------  -----  ---------  --------  ----------  --------------  -------------------
/opt/airflow/dags/sodai_pipeline_dag.py                           1           0  0.10s           2025-11-18T17:12:13
/opt/airflow/dags/sodai/__init__.py                               0           0  0.05s           2025-11-18T17:12:13
================================================================================
[2025-11-18T17:12:58.959+0000] {manager.py:878} INFO - 
================================================================================
DAG File Processing Stats

File Path                                PID    Runtime      # DAGs    # Errors  Last Runtime    Last Run
---------------------------------------  -----  ---------  --------  ----------  --------------  -------------------
/opt/airflow/dags/sodai_pipeline_dag.py                           1           0  0.11s           2025-11-18T17:12:43
/opt/airflow/dags/sodai/__init__.py                               0           0  0.06s           2025-11-18T17:12:43
================================================================================
[2025-11-18T17:13:28.464+0000] {manager.py:878} INFO - 
================================================================================
DAG File Processing Stats

File Path                                PID    Runtime      # DAGs    # Errors  Last Runtime    Last Run
---------------------------------------  -----  ---------  --------  ----------  --------------  -------------------
/opt/airflow/dags/sodai_pipeline_dag.py                           1           0  0.13s           2025-11-18T17:13:14
/opt/airflow/dags/sodai/__init__.py                               0           0  0.09s           2025-11-18T17:13:14
================================================================================
[2025-11-18T17:13:44.794+0000] {manager.py:737} INFO - Searching for files in /opt/airflow/dags
[2025-11-18T17:13:44.891+0000] {manager.py:740} INFO - There are 2 files in /opt/airflow/dags
[2025-11-18T17:13:58.173+0000] {manager.py:878} INFO - 
================================================================================
DAG File Processing Stats

File Path                                PID    Runtime      # DAGs    # Errors  Last Runtime    Last Run
---------------------------------------  -----  ---------  --------  ----------  --------------  -------------------
/opt/airflow/dags/sodai_pipeline_dag.py                           1           0  0.09s           2025-11-18T17:13:45
/opt/airflow/dags/sodai/__init__.py                               0           0  0.05s           2025-11-18T17:13:44
================================================================================
[2025-11-18T17:14:27.720+0000] {manager.py:878} INFO - 
================================================================================
DAG File Processing Stats

File Path                                PID    Runtime      # DAGs    # Errors  Last Runtime    Last Run
---------------------------------------  -----  ---------  --------  ----------  --------------  -------------------
/opt/airflow/dags/sodai_pipeline_dag.py                           1           0  0.09s           2025-11-18T17:14:15
/opt/airflow/dags/sodai/__init__.py                               0           0  0.04s           2025-11-18T17:14:15
================================================================================
[2025-11-18T17:14:57.402+0000] {manager.py:878} INFO - 
================================================================================
DAG File Processing Stats

File Path                                PID    Runtime      # DAGs    # Errors  Last Runtime    Last Run
---------------------------------------  -----  ---------  --------  ----------  --------------  -------------------
/opt/airflow/dags/sodai_pipeline_dag.py                           1           0  0.22s           2025-11-18T17:14:46
/opt/airflow/dags/sodai/__init__.py                               0           0  0.15s           2025-11-18T17:14:46
================================================================================
[2025-11-18T17:15:27.139+0000] {manager.py:878} INFO - 
================================================================================
DAG File Processing Stats

File Path                                PID    Runtime      # DAGs    # Errors  Last Runtime    Last Run
---------------------------------------  -----  ---------  --------  ----------  --------------  -------------------
/opt/airflow/dags/sodai_pipeline_dag.py                           1           0  0.14s           2025-11-18T17:15:17
/opt/airflow/dags/sodai/__init__.py                               0           0  0.08s           2025-11-18T17:15:16
================================================================================
[2025-11-18T17:15:56.719+0000] {manager.py:878} INFO - 
================================================================================
DAG File Processing Stats

File Path                                PID    Runtime      # DAGs    # Errors  Last Runtime    Last Run
---------------------------------------  -----  ---------  --------  ----------  --------------  -------------------
/opt/airflow/dags/sodai_pipeline_dag.py                           1           0  0.10s           2025-11-18T17:15:47
/opt/airflow/dags/sodai/__init__.py                               0           0  0.06s           2025-11-18T17:15:47
================================================================================
[2025-11-18T17:16:26.376+0000] {manager.py:878} INFO - 
================================================================================
DAG File Processing Stats

File Path                                PID    Runtime      # DAGs    # Errors  Last Runtime    Last Run
---------------------------------------  -----  ---------  --------  ----------  --------------  -------------------
/opt/airflow/dags/sodai_pipeline_dag.py                           1           0  0.10s           2025-11-18T17:16:18
/opt/airflow/dags/sodai/__init__.py                               0           0  0.05s           2025-11-18T17:16:18
================================================================================
[2025-11-18T17:16:55.959+0000] {manager.py:878} INFO - 
================================================================================
DAG File Processing Stats

File Path                                PID    Runtime      # DAGs    # Errors  Last Runtime    Last Run
---------------------------------------  -----  ---------  --------  ----------  --------------  -------------------
/opt/airflow/dags/sodai_pipeline_dag.py                           1           0  0.16s           2025-11-18T17:16:48
/opt/airflow/dags/sodai/__init__.py                               0           0  0.09s           2025-11-18T17:16:48
================================================================================
[2025-11-18T17:17:25.410+0000] {manager.py:878} INFO - 
================================================================================
DAG File Processing Stats

File Path                                PID    Runtime      # DAGs    # Errors  Last Runtime    Last Run
---------------------------------------  -----  ---------  --------  ----------  --------------  -------------------
/opt/airflow/dags/sodai_pipeline_dag.py                           1           0  0.10s           2025-11-18T17:17:19
/opt/airflow/dags/sodai/__init__.py                               0           0  0.05s           2025-11-18T17:17:19
================================================================================
[2025-11-18T17:17:54.978+0000] {manager.py:878} INFO - 
================================================================================
DAG File Processing Stats

File Path                                PID    Runtime      # DAGs    # Errors  Last Runtime    Last Run
---------------------------------------  -----  ---------  --------  ----------  --------------  -------------------
/opt/airflow/dags/sodai_pipeline_dag.py                           1           0  0.11s           2025-11-18T17:17:49
/opt/airflow/dags/sodai/__init__.py                               0           0  0.06s           2025-11-18T17:17:49
================================================================================
[2025-11-18T17:18:24.399+0000] {manager.py:878} INFO - 
================================================================================
DAG File Processing Stats

File Path                                PID    Runtime      # DAGs    # Errors  Last Runtime    Last Run
---------------------------------------  -----  ---------  --------  ----------  --------------  -------------------
/opt/airflow/dags/sodai_pipeline_dag.py                           1           0  0.10s           2025-11-18T17:18:20
/opt/airflow/dags/sodai/__init__.py                               0           0  0.05s           2025-11-18T17:18:20
================================================================================
[2025-11-18T17:18:45.735+0000] {manager.py:737} INFO - Searching for files in /opt/airflow/dags
[2025-11-18T17:18:45.989+0000] {manager.py:740} INFO - There are 2 files in /opt/airflow/dags
[2025-11-18T17:18:54.162+0000] {manager.py:878} INFO - 
================================================================================
DAG File Processing Stats

File Path                                PID    Runtime      # DAGs    # Errors  Last Runtime    Last Run
---------------------------------------  -----  ---------  --------  ----------  --------------  -------------------
/opt/airflow/dags/sodai_pipeline_dag.py                           1           0  0.10s           2025-11-18T17:18:51
/opt/airflow/dags/sodai/__init__.py                               0           0  0.05s           2025-11-18T17:18:51
================================================================================
[2025-11-18T17:19:23.747+0000] {manager.py:878} INFO - 
================================================================================
DAG File Processing Stats

File Path                                PID    Runtime      # DAGs    # Errors  Last Runtime    Last Run
---------------------------------------  -----  ---------  --------  ----------  --------------  -------------------
/opt/airflow/dags/sodai_pipeline_dag.py                           1           0  0.10s           2025-11-18T17:19:21
/opt/airflow/dags/sodai/__init__.py                               0           0  0.06s           2025-11-18T17:19:21
================================================================================
[2025-11-18T17:19:53.461+0000] {manager.py:878} INFO - 
================================================================================
DAG File Processing Stats

File Path                                PID    Runtime      # DAGs    # Errors  Last Runtime    Last Run
---------------------------------------  -----  ---------  --------  ----------  --------------  -------------------
/opt/airflow/dags/sodai_pipeline_dag.py                           1           0  0.11s           2025-11-18T17:19:52
/opt/airflow/dags/sodai/__init__.py                               0           0  0.05s           2025-11-18T17:19:52
================================================================================
[2025-11-18T17:20:23.028+0000] {manager.py:878} INFO - 
================================================================================
DAG File Processing Stats

File Path                                  PID  Runtime      # DAGs    # Errors  Last Runtime    Last Run
---------------------------------------  -----  ---------  --------  ----------  --------------  -------------------
/opt/airflow/dags/sodai_pipeline_dag.py   2057  0.02s             1           0  0.11s           2025-11-18T17:19:52
/opt/airflow/dags/sodai/__init__.py       2060  0.00s             0           0  0.05s           2025-11-18T17:19:52
================================================================================
[2025-11-18T17:20:52.529+0000] {manager.py:878} INFO - 
================================================================================
DAG File Processing Stats

File Path                                PID    Runtime      # DAGs    # Errors  Last Runtime    Last Run
---------------------------------------  -----  ---------  --------  ----------  --------------  -------------------
/opt/airflow/dags/sodai_pipeline_dag.py                           1           0  0.11s           2025-11-18T17:20:23
/opt/airflow/dags/sodai/__init__.py                               0           0  0.06s           2025-11-18T17:20:23
================================================================================
[2025-11-18T17:21:22.342+0000] {manager.py:878} INFO - 
================================================================================
DAG File Processing Stats

File Path                                PID    Runtime      # DAGs    # Errors  Last Runtime    Last Run
---------------------------------------  -----  ---------  --------  ----------  --------------  -------------------
/opt/airflow/dags/sodai_pipeline_dag.py                           1           0  0.10s           2025-11-18T17:20:53
/opt/airflow/dags/sodai/__init__.py                               0           0  0.06s           2025-11-18T17:20:53
================================================================================
[2025-11-18T17:21:52.004+0000] {manager.py:878} INFO - 
================================================================================
DAG File Processing Stats

File Path                                PID    Runtime      # DAGs    # Errors  Last Runtime    Last Run
---------------------------------------  -----  ---------  --------  ----------  --------------  -------------------
/opt/airflow/dags/sodai_pipeline_dag.py                           1           0  0.10s           2025-11-18T17:21:24
/opt/airflow/dags/sodai/__init__.py                               0           0  0.06s           2025-11-18T17:21:24
================================================================================
[2025-11-18T17:22:21.730+0000] {manager.py:878} INFO - 
================================================================================
DAG File Processing Stats

File Path                                PID    Runtime      # DAGs    # Errors  Last Runtime    Last Run
---------------------------------------  -----  ---------  --------  ----------  --------------  -------------------
/opt/airflow/dags/sodai_pipeline_dag.py                           1           0  0.10s           2025-11-18T17:21:55
/opt/airflow/dags/sodai/__init__.py                               0           0  0.05s           2025-11-18T17:21:55
================================================================================
[2025-11-18T17:22:51.522+0000] {manager.py:878} INFO - 
================================================================================
DAG File Processing Stats

File Path                                PID    Runtime      # DAGs    # Errors  Last Runtime    Last Run
---------------------------------------  -----  ---------  --------  ----------  --------------  -------------------
/opt/airflow/dags/sodai_pipeline_dag.py                           1           0  0.13s           2025-11-18T17:22:25
/opt/airflow/dags/sodai/__init__.py                               0           0  0.09s           2025-11-18T17:22:25
================================================================================
[2025-11-18T17:23:21.101+0000] {manager.py:878} INFO - 
================================================================================
DAG File Processing Stats

File Path                                PID    Runtime      # DAGs    # Errors  Last Runtime    Last Run
---------------------------------------  -----  ---------  --------  ----------  --------------  -------------------
/opt/airflow/dags/sodai_pipeline_dag.py                           1           0  0.09s           2025-11-18T17:22:56
/opt/airflow/dags/sodai/__init__.py                               0           0  0.04s           2025-11-18T17:22:56
================================================================================
[2025-11-18T17:23:46.693+0000] {manager.py:737} INFO - Searching for files in /opt/airflow/dags
[2025-11-18T17:23:46.859+0000] {manager.py:740} INFO - There are 2 files in /opt/airflow/dags
[2025-11-18T17:23:50.946+0000] {manager.py:878} INFO - 
================================================================================
DAG File Processing Stats

File Path                                PID    Runtime      # DAGs    # Errors  Last Runtime    Last Run
---------------------------------------  -----  ---------  --------  ----------  --------------  -------------------
/opt/airflow/dags/sodai_pipeline_dag.py                           1           0  0.10s           2025-11-18T17:23:27
/opt/airflow/dags/sodai/__init__.py                               0           0  0.05s           2025-11-18T17:23:27
================================================================================
[2025-11-18T17:24:20.641+0000] {manager.py:878} INFO - 
================================================================================
DAG File Processing Stats

File Path                                PID    Runtime      # DAGs    # Errors  Last Runtime    Last Run
---------------------------------------  -----  ---------  --------  ----------  --------------  -------------------
/opt/airflow/dags/sodai_pipeline_dag.py                           1           0  0.09s           2025-11-18T17:23:58
/opt/airflow/dags/sodai/__init__.py                               0           0  0.05s           2025-11-18T17:23:58
================================================================================
[2025-11-18T17:24:50.349+0000] {manager.py:878} INFO - 
================================================================================
DAG File Processing Stats

File Path                                PID    Runtime      # DAGs    # Errors  Last Runtime    Last Run
---------------------------------------  -----  ---------  --------  ----------  --------------  -------------------
/opt/airflow/dags/sodai/__init__.py                               0           0  0.10s           2025-11-18T17:24:28
/opt/airflow/dags/sodai_pipeline_dag.py                           1           0  0.10s           2025-11-18T17:24:28
================================================================================
[2025-11-18T17:25:19.435+0000] {manager.py:878} INFO - 
================================================================================
DAG File Processing Stats

File Path                                PID    Runtime      # DAGs    # Errors  Last Runtime    Last Run
---------------------------------------  -----  ---------  --------  ----------  --------------  -------------------
/opt/airflow/dags/sodai_pipeline_dag.py                           1           0  0.16s           2025-11-18T17:24:59
/opt/airflow/dags/sodai/__init__.py                               0           0  0.11s           2025-11-18T17:24:59
================================================================================
[2025-11-18T17:25:49.185+0000] {manager.py:878} INFO - 
================================================================================
DAG File Processing Stats

File Path                                PID    Runtime      # DAGs    # Errors  Last Runtime    Last Run
---------------------------------------  -----  ---------  --------  ----------  --------------  -------------------
/opt/airflow/dags/sodai/__init__.py                               0           0  0.18s           2025-11-18T17:25:30
/opt/airflow/dags/sodai_pipeline_dag.py                           1           0  0.16s           2025-11-18T17:25:30
================================================================================
[2025-11-18T17:26:19.001+0000] {manager.py:878} INFO - 
================================================================================
DAG File Processing Stats

File Path                                PID    Runtime      # DAGs    # Errors  Last Runtime    Last Run
---------------------------------------  -----  ---------  --------  ----------  --------------  -------------------
/opt/airflow/dags/sodai_pipeline_dag.py                           1           0  0.17s           2025-11-18T17:26:01
/opt/airflow/dags/sodai/__init__.py                               0           0  0.10s           2025-11-18T17:26:01
================================================================================
[2025-11-18T17:26:48.623+0000] {manager.py:878} INFO - 
================================================================================
DAG File Processing Stats

File Path                                PID    Runtime      # DAGs    # Errors  Last Runtime    Last Run
---------------------------------------  -----  ---------  --------  ----------  --------------  -------------------
/opt/airflow/dags/sodai_pipeline_dag.py                           1           0  0.19s           2025-11-18T17:26:32
/opt/airflow/dags/sodai/__init__.py                               0           0  0.14s           2025-11-18T17:26:32
================================================================================
[2025-11-18T17:27:17.617+0000] {manager.py:878} INFO - 
================================================================================
DAG File Processing Stats

File Path                                PID    Runtime      # DAGs    # Errors  Last Runtime    Last Run
---------------------------------------  -----  ---------  --------  ----------  --------------  -------------------
/opt/airflow/dags/sodai_pipeline_dag.py                           1           0  0.19s           2025-11-18T17:27:03
/opt/airflow/dags/sodai/__init__.py                               0           0  0.13s           2025-11-18T17:27:03
================================================================================
[2025-11-18T17:27:47.372+0000] {manager.py:878} INFO - 
================================================================================
DAG File Processing Stats

File Path                                PID    Runtime      # DAGs    # Errors  Last Runtime    Last Run
---------------------------------------  -----  ---------  --------  ----------  --------------  -------------------
/opt/airflow/dags/sodai_pipeline_dag.py                           1           0  0.16s           2025-11-18T17:27:34
/opt/airflow/dags/sodai/__init__.py                               0           0  0.14s           2025-11-18T17:27:34
================================================================================
[2025-11-18T17:28:16.962+0000] {manager.py:878} INFO - 
================================================================================
DAG File Processing Stats

File Path                                PID    Runtime      # DAGs    # Errors  Last Runtime    Last Run
---------------------------------------  -----  ---------  --------  ----------  --------------  -------------------
/opt/airflow/dags/sodai_pipeline_dag.py                           1           0  0.10s           2025-11-18T17:28:04
/opt/airflow/dags/sodai/__init__.py                               0           0  0.08s           2025-11-18T17:28:04
================================================================================
[2025-11-18T17:28:46.637+0000] {manager.py:878} INFO - 
================================================================================
DAG File Processing Stats

File Path                                PID    Runtime      # DAGs    # Errors  Last Runtime    Last Run
---------------------------------------  -----  ---------  --------  ----------  --------------  -------------------
/opt/airflow/dags/sodai_pipeline_dag.py                           1           0  0.10s           2025-11-18T17:28:35
/opt/airflow/dags/sodai/__init__.py                               0           0  0.06s           2025-11-18T17:28:35
================================================================================
[2025-11-18T17:28:47.659+0000] {manager.py:737} INFO - Searching for files in /opt/airflow/dags
[2025-11-18T17:28:47.786+0000] {manager.py:740} INFO - There are 2 files in /opt/airflow/dags
[2025-11-18T17:29:16.373+0000] {manager.py:878} INFO - 
================================================================================
DAG File Processing Stats

File Path                                PID    Runtime      # DAGs    # Errors  Last Runtime    Last Run
---------------------------------------  -----  ---------  --------  ----------  --------------  -------------------
/opt/airflow/dags/sodai_pipeline_dag.py                           1           0  0.14s           2025-11-18T17:29:06
/opt/airflow/dags/sodai/__init__.py                               0           0  0.08s           2025-11-18T17:29:06
================================================================================
[2025-11-18T17:29:45.936+0000] {manager.py:878} INFO - 
================================================================================
DAG File Processing Stats

File Path                                PID    Runtime      # DAGs    # Errors  Last Runtime    Last Run
---------------------------------------  -----  ---------  --------  ----------  --------------  -------------------
/opt/airflow/dags/sodai_pipeline_dag.py                           1           0  0.09s           2025-11-18T17:29:36
/opt/airflow/dags/sodai/__init__.py                               0           0  0.05s           2025-11-18T17:29:36
================================================================================
[2025-11-18T17:30:15.534+0000] {manager.py:878} INFO - 
================================================================================
DAG File Processing Stats

File Path                                PID    Runtime      # DAGs    # Errors  Last Runtime    Last Run
---------------------------------------  -----  ---------  --------  ----------  --------------  -------------------
/opt/airflow/dags/sodai_pipeline_dag.py                           1           0  0.12s           2025-11-18T17:30:07
/opt/airflow/dags/sodai/__init__.py                               0           0  0.06s           2025-11-18T17:30:07
================================================================================
[2025-11-18T17:30:45.249+0000] {manager.py:878} INFO - 
================================================================================
DAG File Processing Stats

File Path                                PID    Runtime      # DAGs    # Errors  Last Runtime    Last Run
---------------------------------------  -----  ---------  --------  ----------  --------------  -------------------
/opt/airflow/dags/sodai_pipeline_dag.py                           1           0  0.20s           2025-11-18T17:30:38
/opt/airflow/dags/sodai/__init__.py                               0           0  0.10s           2025-11-18T17:30:38
================================================================================
[2025-11-18T17:31:14.804+0000] {manager.py:878} INFO - 
================================================================================
DAG File Processing Stats

File Path                                PID    Runtime      # DAGs    # Errors  Last Runtime    Last Run
---------------------------------------  -----  ---------  --------  ----------  --------------  -------------------
/opt/airflow/dags/sodai_pipeline_dag.py                           1           0  0.10s           2025-11-18T17:31:08
/opt/airflow/dags/sodai/__init__.py                               0           0  0.05s           2025-11-18T17:31:08
================================================================================
[2025-11-18T17:31:44.241+0000] {manager.py:878} INFO - 
================================================================================
DAG File Processing Stats

File Path                                PID    Runtime      # DAGs    # Errors  Last Runtime    Last Run
---------------------------------------  -----  ---------  --------  ----------  --------------  -------------------
/opt/airflow/dags/sodai_pipeline_dag.py                           1           0  0.09s           2025-11-18T17:31:39
/opt/airflow/dags/sodai/__init__.py                               0           0  0.05s           2025-11-18T17:31:39
================================================================================
[2025-11-18T17:32:13.749+0000] {manager.py:878} INFO - 
================================================================================
DAG File Processing Stats

File Path                                PID    Runtime      # DAGs    # Errors  Last Runtime    Last Run
---------------------------------------  -----  ---------  --------  ----------  --------------  -------------------
/opt/airflow/dags/sodai_pipeline_dag.py                           1           0  0.12s           2025-11-18T17:32:09
/opt/airflow/dags/sodai/__init__.py                               0           0  0.06s           2025-11-18T17:32:09
================================================================================
[2025-11-18T17:32:42.746+0000] {manager.py:878} INFO - 
================================================================================
DAG File Processing Stats

File Path                                PID    Runtime      # DAGs    # Errors  Last Runtime    Last Run
---------------------------------------  -----  ---------  --------  ----------  --------------  -------------------
/opt/airflow/dags/sodai_pipeline_dag.py                           1           0  0.16s           2025-11-18T17:32:40
/opt/airflow/dags/sodai/__init__.py                               0           0  0.12s           2025-11-18T17:32:40
================================================================================
[2025-11-18T17:33:11.383+0000] {manager.py:878} INFO - 
================================================================================
DAG File Processing Stats

File Path                                PID    Runtime      # DAGs    # Errors  Last Runtime    Last Run
---------------------------------------  -----  ---------  --------  ----------  --------------  -------------------
/opt/airflow/dags/sodai_pipeline_dag.py                           1           0  0.12s           2025-11-18T17:33:10
/opt/airflow/dags/sodai/__init__.py                               0           0  0.06s           2025-11-18T17:33:10
================================================================================
[2025-11-18T17:33:40.347+0000] {manager.py:878} INFO - 
================================================================================
DAG File Processing Stats

File Path                                PID    Runtime      # DAGs    # Errors  Last Runtime    Last Run
---------------------------------------  -----  ---------  --------  ----------  --------------  -------------------
/opt/airflow/dags/sodai_pipeline_dag.py                           1           0  0.12s           2025-11-18T17:33:10
/opt/airflow/dags/sodai/__init__.py                               0           0  0.06s           2025-11-18T17:33:10
================================================================================
[2025-11-18T17:33:48.586+0000] {manager.py:737} INFO - Searching for files in /opt/airflow/dags
[2025-11-18T17:33:48.774+0000] {manager.py:740} INFO - There are 2 files in /opt/airflow/dags
[2025-11-18T17:34:10.084+0000] {manager.py:878} INFO - 
================================================================================
DAG File Processing Stats

File Path                                PID    Runtime      # DAGs    # Errors  Last Runtime    Last Run
---------------------------------------  -----  ---------  --------  ----------  --------------  -------------------
/opt/airflow/dags/sodai_pipeline_dag.py                           1           0  0.14s           2025-11-18T17:33:41
/opt/airflow/dags/sodai/__init__.py                               0           0  0.07s           2025-11-18T17:33:41
================================================================================
[2025-11-18T17:34:39.657+0000] {manager.py:878} INFO - 
================================================================================
DAG File Processing Stats

File Path                                PID    Runtime      # DAGs    # Errors  Last Runtime    Last Run
---------------------------------------  -----  ---------  --------  ----------  --------------  -------------------
/opt/airflow/dags/sodai_pipeline_dag.py                           1           0  0.10s           2025-11-18T17:34:12
/opt/airflow/dags/sodai/__init__.py                               0           0  0.06s           2025-11-18T17:34:12
================================================================================
[2025-11-18T17:35:09.274+0000] {manager.py:878} INFO - 
================================================================================
DAG File Processing Stats

File Path                                PID    Runtime      # DAGs    # Errors  Last Runtime    Last Run
---------------------------------------  -----  ---------  --------  ----------  --------------  -------------------
/opt/airflow/dags/sodai_pipeline_dag.py                           1           0  0.16s           2025-11-18T17:34:42
/opt/airflow/dags/sodai/__init__.py                               0           0  0.09s           2025-11-18T17:34:42
================================================================================
[2025-11-18T17:35:38.866+0000] {manager.py:878} INFO - 
================================================================================
DAG File Processing Stats

File Path                                PID    Runtime      # DAGs    # Errors  Last Runtime    Last Run
---------------------------------------  -----  ---------  --------  ----------  --------------  -------------------
/opt/airflow/dags/sodai_pipeline_dag.py                           1           0  0.10s           2025-11-18T17:35:13
/opt/airflow/dags/sodai/__init__.py                               0           0  0.05s           2025-11-18T17:35:13
================================================================================
[2025-11-18T17:36:08.440+0000] {manager.py:878} INFO - 
================================================================================
DAG File Processing Stats

File Path                                PID    Runtime      # DAGs    # Errors  Last Runtime    Last Run
---------------------------------------  -----  ---------  --------  ----------  --------------  -------------------
/opt/airflow/dags/sodai_pipeline_dag.py                           1           0  0.09s           2025-11-18T17:35:44
/opt/airflow/dags/sodai/__init__.py                               0           0  0.05s           2025-11-18T17:35:44
================================================================================
[2025-11-18T17:36:38.084+0000] {manager.py:878} INFO - 
================================================================================
DAG File Processing Stats

File Path                                PID    Runtime      # DAGs    # Errors  Last Runtime    Last Run
---------------------------------------  -----  ---------  --------  ----------  --------------  -------------------
/opt/airflow/dags/sodai_pipeline_dag.py                           1           0  0.10s           2025-11-18T17:36:14
/opt/airflow/dags/sodai/__init__.py                               0           0  0.07s           2025-11-18T17:36:14
================================================================================
[2025-11-18T17:37:07.524+0000] {manager.py:878} INFO - 
================================================================================
DAG File Processing Stats

File Path                                PID    Runtime      # DAGs    # Errors  Last Runtime    Last Run
---------------------------------------  -----  ---------  --------  ----------  --------------  -------------------
/opt/airflow/dags/sodai_pipeline_dag.py                           1           0  0.11s           2025-11-18T17:36:45
/opt/airflow/dags/sodai/__init__.py                               0           0  0.06s           2025-11-18T17:36:45
================================================================================
[2025-11-18T17:37:37.176+0000] {manager.py:878} INFO - 
================================================================================
DAG File Processing Stats

File Path                                PID    Runtime      # DAGs    # Errors  Last Runtime    Last Run
---------------------------------------  -----  ---------  --------  ----------  --------------  -------------------
/opt/airflow/dags/sodai_pipeline_dag.py                           1           0  0.19s           2025-11-18T17:37:15
/opt/airflow/dags/sodai/__init__.py                               0           0  0.11s           2025-11-18T17:37:15
================================================================================
[2025-11-18T17:38:06.648+0000] {manager.py:878} INFO - 
================================================================================
DAG File Processing Stats

File Path                                PID    Runtime      # DAGs    # Errors  Last Runtime    Last Run
---------------------------------------  -----  ---------  --------  ----------  --------------  -------------------
/opt/airflow/dags/sodai_pipeline_dag.py                           1           0  0.11s           2025-11-18T17:37:46
/opt/airflow/dags/sodai/__init__.py                               0           0  0.06s           2025-11-18T17:37:46
================================================================================
[2025-11-18T17:38:36.098+0000] {manager.py:878} INFO - 
================================================================================
DAG File Processing Stats

File Path                                PID    Runtime      # DAGs    # Errors  Last Runtime    Last Run
---------------------------------------  -----  ---------  --------  ----------  --------------  -------------------
/opt/airflow/dags/sodai_pipeline_dag.py                           1           0  0.10s           2025-11-18T17:38:16
/opt/airflow/dags/sodai/__init__.py                               0           0  0.06s           2025-11-18T17:38:16
================================================================================
[2025-11-18T17:38:49.298+0000] {manager.py:737} INFO - Searching for files in /opt/airflow/dags
[2025-11-18T17:38:49.445+0000] {manager.py:740} INFO - There are 2 files in /opt/airflow/dags
[2025-11-18T17:39:05.667+0000] {manager.py:878} INFO - 
================================================================================
DAG File Processing Stats

File Path                                PID    Runtime      # DAGs    # Errors  Last Runtime    Last Run
---------------------------------------  -----  ---------  --------  ----------  --------------  -------------------
/opt/airflow/dags/sodai_pipeline_dag.py                           1           0  0.11s           2025-11-18T17:38:47
/opt/airflow/dags/sodai/__init__.py                               0           0  0.05s           2025-11-18T17:38:47
================================================================================
[2025-11-18T17:39:35.169+0000] {manager.py:878} INFO - 
================================================================================
DAG File Processing Stats

File Path                                PID    Runtime      # DAGs    # Errors  Last Runtime    Last Run
---------------------------------------  -----  ---------  --------  ----------  --------------  -------------------
/opt/airflow/dags/sodai_pipeline_dag.py                           1           0  0.16s           2025-11-18T17:39:18
/opt/airflow/dags/sodai/__init__.py                               0           0  0.10s           2025-11-18T17:39:18
================================================================================
[2025-11-18T17:40:04.617+0000] {manager.py:878} INFO - 
================================================================================
DAG File Processing Stats

File Path                                PID    Runtime      # DAGs    # Errors  Last Runtime    Last Run
---------------------------------------  -----  ---------  --------  ----------  --------------  -------------------
/opt/airflow/dags/sodai_pipeline_dag.py                           1           0  0.09s           2025-11-18T17:39:48
/opt/airflow/dags/sodai/__init__.py                               0           0  0.05s           2025-11-18T17:39:48
================================================================================
[2025-11-18T17:40:34.052+0000] {manager.py:878} INFO - 
================================================================================
DAG File Processing Stats

File Path                                PID    Runtime      # DAGs    # Errors  Last Runtime    Last Run
---------------------------------------  -----  ---------  --------  ----------  --------------  -------------------
/opt/airflow/dags/sodai_pipeline_dag.py                           1           0  0.11s           2025-11-18T17:40:18
/opt/airflow/dags/sodai/__init__.py                               0           0  0.06s           2025-11-18T17:40:18
================================================================================
[2025-11-18T17:41:03.503+0000] {manager.py:878} INFO - 
================================================================================
DAG File Processing Stats

File Path                                PID    Runtime      # DAGs    # Errors  Last Runtime    Last Run
---------------------------------------  -----  ---------  --------  ----------  --------------  -------------------
/opt/airflow/dags/sodai_pipeline_dag.py                           1           0  0.10s           2025-11-18T17:40:49
/opt/airflow/dags/sodai/__init__.py                               0           0  0.05s           2025-11-18T17:40:49
================================================================================
[2025-11-18T17:41:32.991+0000] {manager.py:878} INFO - 
================================================================================
DAG File Processing Stats

File Path                                PID    Runtime      # DAGs    # Errors  Last Runtime    Last Run
---------------------------------------  -----  ---------  --------  ----------  --------------  -------------------
/opt/airflow/dags/sodai_pipeline_dag.py                           1           0  0.11s           2025-11-18T17:41:19
/opt/airflow/dags/sodai/__init__.py                               0           0  0.07s           2025-11-18T17:41:19
================================================================================
[2025-11-18T17:42:02.386+0000] {manager.py:878} INFO - 
================================================================================
DAG File Processing Stats

File Path                                PID    Runtime      # DAGs    # Errors  Last Runtime    Last Run
---------------------------------------  -----  ---------  --------  ----------  --------------  -------------------
/opt/airflow/dags/sodai_pipeline_dag.py                           1           0  0.10s           2025-11-18T17:41:50
/opt/airflow/dags/sodai/__init__.py                               0           0  0.06s           2025-11-18T17:41:50
================================================================================
[2025-11-18T17:42:31.908+0000] {manager.py:878} INFO - 
================================================================================
DAG File Processing Stats

File Path                                PID    Runtime      # DAGs    # Errors  Last Runtime    Last Run
---------------------------------------  -----  ---------  --------  ----------  --------------  -------------------
/opt/airflow/dags/sodai_pipeline_dag.py                           1           0  0.11s           2025-11-18T17:42:20
/opt/airflow/dags/sodai/__init__.py                               0           0  0.06s           2025-11-18T17:42:20
================================================================================
[2025-11-18T17:43:01.407+0000] {manager.py:878} INFO - 
================================================================================
DAG File Processing Stats

File Path                                PID    Runtime      # DAGs    # Errors  Last Runtime    Last Run
---------------------------------------  -----  ---------  --------  ----------  --------------  -------------------
/opt/airflow/dags/sodai_pipeline_dag.py                           1           0  0.10s           2025-11-18T17:42:51
/opt/airflow/dags/sodai/__init__.py                               0           0  0.06s           2025-11-18T17:42:51
================================================================================
[2025-11-18T17:43:30.984+0000] {manager.py:878} INFO - 
================================================================================
DAG File Processing Stats

File Path                                PID    Runtime      # DAGs    # Errors  Last Runtime    Last Run
---------------------------------------  -----  ---------  --------  ----------  --------------  -------------------
/opt/airflow/dags/sodai_pipeline_dag.py                           1           0  0.10s           2025-11-18T17:43:21
/opt/airflow/dags/sodai/__init__.py                               0           0  0.06s           2025-11-18T17:43:21
================================================================================
[2025-11-18T17:43:49.428+0000] {manager.py:737} INFO - Searching for files in /opt/airflow/dags
[2025-11-18T17:43:49.587+0000] {manager.py:740} INFO - There are 2 files in /opt/airflow/dags
[2025-11-18T17:44:00.913+0000] {manager.py:878} INFO - 
================================================================================
DAG File Processing Stats

File Path                                PID    Runtime      # DAGs    # Errors  Last Runtime    Last Run
---------------------------------------  -----  ---------  --------  ----------  --------------  -------------------
/opt/airflow/dags/sodai_pipeline_dag.py                           1           0  0.11s           2025-11-18T17:43:52
/opt/airflow/dags/sodai/__init__.py                               0           0  0.06s           2025-11-18T17:43:52
================================================================================
[2025-11-18T17:44:30.489+0000] {manager.py:878} INFO - 
================================================================================
DAG File Processing Stats

File Path                                PID    Runtime      # DAGs    # Errors  Last Runtime    Last Run
---------------------------------------  -----  ---------  --------  ----------  --------------  -------------------
/opt/airflow/dags/sodai_pipeline_dag.py                           1           0  0.10s           2025-11-18T17:44:23
/opt/airflow/dags/sodai/__init__.py                               0           0  0.06s           2025-11-18T17:44:23
================================================================================
[2025-11-18T17:45:00.308+0000] {manager.py:878} INFO - 
================================================================================
DAG File Processing Stats

File Path                                PID    Runtime      # DAGs    # Errors  Last Runtime    Last Run
---------------------------------------  -----  ---------  --------  ----------  --------------  -------------------
/opt/airflow/dags/sodai_pipeline_dag.py                           1           0  0.11s           2025-11-18T17:44:54
/opt/airflow/dags/sodai/__init__.py                               0           0  0.06s           2025-11-18T17:44:54
================================================================================
[2025-11-18T17:45:29.976+0000] {manager.py:878} INFO - 
================================================================================
DAG File Processing Stats

File Path                                PID    Runtime      # DAGs    # Errors  Last Runtime    Last Run
---------------------------------------  -----  ---------  --------  ----------  --------------  -------------------
/opt/airflow/dags/sodai_pipeline_dag.py                           1           0  0.10s           2025-11-18T17:45:24
/opt/airflow/dags/sodai/__init__.py                               0           0  0.06s           2025-11-18T17:45:24
================================================================================
[2025-11-18T17:45:59.783+0000] {manager.py:878} INFO - 
================================================================================
DAG File Processing Stats

File Path                                PID    Runtime      # DAGs    # Errors  Last Runtime    Last Run
---------------------------------------  -----  ---------  --------  ----------  --------------  -------------------
/opt/airflow/dags/sodai_pipeline_dag.py                           1           0  0.11s           2025-11-18T17:45:55
/opt/airflow/dags/sodai/__init__.py                               0           0  0.06s           2025-11-18T17:45:55
================================================================================
[2025-11-18T17:46:29.445+0000] {manager.py:878} INFO - 
================================================================================
DAG File Processing Stats

File Path                                PID    Runtime      # DAGs    # Errors  Last Runtime    Last Run
---------------------------------------  -----  ---------  --------  ----------  --------------  -------------------
/opt/airflow/dags/sodai_pipeline_dag.py                           1           0  0.10s           2025-11-18T17:46:26
/opt/airflow/dags/sodai/__init__.py                               0           0  0.06s           2025-11-18T17:46:26
================================================================================
[2025-11-18T17:46:58.906+0000] {manager.py:878} INFO - 
================================================================================
DAG File Processing Stats

File Path                                PID    Runtime      # DAGs    # Errors  Last Runtime    Last Run
---------------------------------------  -----  ---------  --------  ----------  --------------  -------------------
/opt/airflow/dags/sodai_pipeline_dag.py                           1           0  0.10s           2025-11-18T17:46:56
/opt/airflow/dags/sodai/__init__.py                               0           0  0.06s           2025-11-18T17:46:56
================================================================================
[2025-11-18T17:47:28.401+0000] {manager.py:878} INFO - 
================================================================================
DAG File Processing Stats

File Path                                PID    Runtime      # DAGs    # Errors  Last Runtime    Last Run
---------------------------------------  -----  ---------  --------  ----------  --------------  -------------------
/opt/airflow/dags/sodai_pipeline_dag.py                           1           0  0.11s           2025-11-18T17:47:27
/opt/airflow/dags/sodai/__init__.py                               0           0  0.06s           2025-11-18T17:47:27
================================================================================
[2025-11-18T17:47:57.888+0000] {manager.py:878} INFO - 
================================================================================
DAG File Processing Stats

File Path                                  PID  Runtime      # DAGs    # Errors  Last Runtime    Last Run
---------------------------------------  -----  ---------  --------  ----------  --------------  -------------------
/opt/airflow/dags/sodai_pipeline_dag.py   2597  0.01s             1           0  0.11s           2025-11-18T17:47:27
/opt/airflow/dags/sodai/__init__.py       2600  0.00s             0           0  0.06s           2025-11-18T17:47:27
================================================================================
[2025-11-18T17:48:27.244+0000] {manager.py:878} INFO - 
================================================================================
DAG File Processing Stats

File Path                                PID    Runtime      # DAGs    # Errors  Last Runtime    Last Run
---------------------------------------  -----  ---------  --------  ----------  --------------  -------------------
/opt/airflow/dags/sodai_pipeline_dag.py                           1           0  0.11s           2025-11-18T17:47:57
/opt/airflow/dags/sodai/__init__.py                               0           0  0.06s           2025-11-18T17:47:57
================================================================================
[2025-11-18T17:48:49.621+0000] {manager.py:737} INFO - Searching for files in /opt/airflow/dags
[2025-11-18T17:48:49.749+0000] {manager.py:740} INFO - There are 2 files in /opt/airflow/dags
[2025-11-18T17:48:56.849+0000] {manager.py:878} INFO - 
================================================================================
DAG File Processing Stats

File Path                                PID    Runtime      # DAGs    # Errors  Last Runtime    Last Run
---------------------------------------  -----  ---------  --------  ----------  --------------  -------------------
/opt/airflow/dags/sodai_pipeline_dag.py                           1           0  0.10s           2025-11-18T17:48:28
/opt/airflow/dags/sodai/__init__.py                               0           0  0.06s           2025-11-18T17:48:28
================================================================================
[2025-11-18T17:49:26.300+0000] {manager.py:878} INFO - 
================================================================================
DAG File Processing Stats

File Path                                PID    Runtime      # DAGs    # Errors  Last Runtime    Last Run
---------------------------------------  -----  ---------  --------  ----------  --------------  -------------------
/opt/airflow/dags/sodai_pipeline_dag.py                           1           0  0.11s           2025-11-18T17:48:58
/opt/airflow/dags/sodai/__init__.py                               0           0  0.06s           2025-11-18T17:48:58
================================================================================
[2025-11-18T17:49:55.796+0000] {manager.py:878} INFO - 
================================================================================
DAG File Processing Stats

File Path                                PID    Runtime      # DAGs    # Errors  Last Runtime    Last Run
---------------------------------------  -----  ---------  --------  ----------  --------------  -------------------
/opt/airflow/dags/sodai_pipeline_dag.py                           1           0  0.11s           2025-11-18T17:49:29
/opt/airflow/dags/sodai/__init__.py                               0           0  0.06s           2025-11-18T17:49:29
================================================================================
[2025-11-18T17:50:25.178+0000] {manager.py:878} INFO - 
================================================================================
DAG File Processing Stats

File Path                                PID    Runtime      # DAGs    # Errors  Last Runtime    Last Run
---------------------------------------  -----  ---------  --------  ----------  --------------  -------------------
/opt/airflow/dags/sodai_pipeline_dag.py                           1           0  0.10s           2025-11-18T17:49:59
/opt/airflow/dags/sodai/__init__.py                               0           0  0.06s           2025-11-18T17:49:59
================================================================================
[2025-11-18T17:50:54.780+0000] {manager.py:878} INFO - 
================================================================================
DAG File Processing Stats

File Path                                PID    Runtime      # DAGs    # Errors  Last Runtime    Last Run
---------------------------------------  -----  ---------  --------  ----------  --------------  -------------------
/opt/airflow/dags/sodai_pipeline_dag.py                           1           0  0.11s           2025-11-18T17:50:30
/opt/airflow/dags/sodai/__init__.py                               0           0  0.06s           2025-11-18T17:50:30
================================================================================
[2025-11-18T17:51:24.315+0000] {manager.py:878} INFO - 
================================================================================
DAG File Processing Stats

File Path                                PID    Runtime      # DAGs    # Errors  Last Runtime    Last Run
---------------------------------------  -----  ---------  --------  ----------  --------------  -------------------
/opt/airflow/dags/sodai_pipeline_dag.py                           1           0  0.14s           2025-11-18T17:51:01
/opt/airflow/dags/sodai/__init__.py                               0           0  0.09s           2025-11-18T17:51:01
================================================================================
[2025-11-18T17:51:54.063+0000] {manager.py:878} INFO - 
================================================================================
DAG File Processing Stats

File Path                                PID    Runtime      # DAGs    # Errors  Last Runtime    Last Run
---------------------------------------  -----  ---------  --------  ----------  --------------  -------------------
/opt/airflow/dags/sodai_pipeline_dag.py                           1           0  0.13s           2025-11-18T17:51:31
/opt/airflow/dags/sodai/__init__.py                               0           0  0.07s           2025-11-18T17:51:31
================================================================================
[2025-11-18T17:52:23.749+0000] {manager.py:878} INFO - 
================================================================================
DAG File Processing Stats

File Path                                PID    Runtime      # DAGs    # Errors  Last Runtime    Last Run
---------------------------------------  -----  ---------  --------  ----------  --------------  -------------------
/opt/airflow/dags/sodai_pipeline_dag.py                           1           0  0.11s           2025-11-18T17:52:02
/opt/airflow/dags/sodai/__init__.py                               0           0  0.06s           2025-11-18T17:52:02
================================================================================
[2025-11-18T17:52:53.191+0000] {manager.py:878} INFO - 
================================================================================
DAG File Processing Stats

File Path                                PID    Runtime      # DAGs    # Errors  Last Runtime    Last Run
---------------------------------------  -----  ---------  --------  ----------  --------------  -------------------
/opt/airflow/dags/sodai_pipeline_dag.py                           1           0  0.10s           2025-11-18T17:52:32
/opt/airflow/dags/sodai/__init__.py                               0           0  0.06s           2025-11-18T17:52:32
================================================================================
[2025-11-18T17:53:22.729+0000] {manager.py:878} INFO - 
================================================================================
DAG File Processing Stats

File Path                                PID    Runtime      # DAGs    # Errors  Last Runtime    Last Run
---------------------------------------  -----  ---------  --------  ----------  --------------  -------------------
/opt/airflow/dags/sodai_pipeline_dag.py                           1           0  0.10s           2025-11-18T17:53:03
/opt/airflow/dags/sodai/__init__.py                               0           0  0.06s           2025-11-18T17:53:03
================================================================================
[2025-11-18T17:53:50.227+0000] {manager.py:737} INFO - Searching for files in /opt/airflow/dags
[2025-11-18T17:53:50.356+0000] {manager.py:740} INFO - There are 2 files in /opt/airflow/dags
[2025-11-18T17:53:52.379+0000] {manager.py:878} INFO - 
================================================================================
DAG File Processing Stats

File Path                                PID    Runtime      # DAGs    # Errors  Last Runtime    Last Run
---------------------------------------  -----  ---------  --------  ----------  --------------  -------------------
/opt/airflow/dags/sodai_pipeline_dag.py                           1           0  0.11s           2025-11-18T17:53:33
/opt/airflow/dags/sodai/__init__.py                               0           0  0.06s           2025-11-18T17:53:33
================================================================================
[2025-11-18T17:54:21.810+0000] {manager.py:878} INFO - 
================================================================================
DAG File Processing Stats

File Path                                PID    Runtime      # DAGs    # Errors  Last Runtime    Last Run
---------------------------------------  -----  ---------  --------  ----------  --------------  -------------------
/opt/airflow/dags/sodai_pipeline_dag.py                           1           0  0.11s           2025-11-18T17:54:04
/opt/airflow/dags/sodai/__init__.py                               0           0  0.06s           2025-11-18T17:54:04
================================================================================
[2025-11-18T17:54:51.206+0000] {manager.py:878} INFO - 
================================================================================
DAG File Processing Stats

File Path                                PID    Runtime      # DAGs    # Errors  Last Runtime    Last Run
---------------------------------------  -----  ---------  --------  ----------  --------------  -------------------
/opt/airflow/dags/sodai_pipeline_dag.py                           1           0  0.11s           2025-11-18T17:54:35
/opt/airflow/dags/sodai/__init__.py                               0           0  0.06s           2025-11-18T17:54:35
================================================================================
[2025-11-18T17:55:20.611+0000] {manager.py:878} INFO - 
================================================================================
DAG File Processing Stats

File Path                                PID    Runtime      # DAGs    # Errors  Last Runtime    Last Run
---------------------------------------  -----  ---------  --------  ----------  --------------  -------------------
/opt/airflow/dags/sodai_pipeline_dag.py                           1           0  0.12s           2025-11-18T17:55:05
/opt/airflow/dags/sodai/__init__.py                               0           0  0.07s           2025-11-18T17:55:05
================================================================================
[2025-11-18T17:55:49.976+0000] {manager.py:878} INFO - 
================================================================================
DAG File Processing Stats

File Path                                PID    Runtime      # DAGs    # Errors  Last Runtime    Last Run
---------------------------------------  -----  ---------  --------  ----------  --------------  -------------------
/opt/airflow/dags/sodai_pipeline_dag.py                           1           0  0.11s           2025-11-18T17:55:35
/opt/airflow/dags/sodai/__init__.py                               0           0  0.06s           2025-11-18T17:55:35
================================================================================
[2025-11-18T17:56:19.349+0000] {manager.py:878} INFO - 
================================================================================
DAG File Processing Stats

File Path                                PID    Runtime      # DAGs    # Errors  Last Runtime    Last Run
---------------------------------------  -----  ---------  --------  ----------  --------------  -------------------
/opt/airflow/dags/sodai_pipeline_dag.py                           1           0  0.10s           2025-11-18T17:56:06
/opt/airflow/dags/sodai/__init__.py                               0           0  0.07s           2025-11-18T17:56:06
================================================================================
[2025-11-18T17:56:48.855+0000] {manager.py:878} INFO - 
================================================================================
DAG File Processing Stats

File Path                                PID    Runtime      # DAGs    # Errors  Last Runtime    Last Run
---------------------------------------  -----  ---------  --------  ----------  --------------  -------------------
/opt/airflow/dags/sodai_pipeline_dag.py                           1           0  0.10s           2025-11-18T17:56:36
/opt/airflow/dags/sodai/__init__.py                               0           0  0.06s           2025-11-18T17:56:36
================================================================================
[2025-11-18T17:57:18.308+0000] {manager.py:878} INFO - 
================================================================================
DAG File Processing Stats

File Path                                PID    Runtime      # DAGs    # Errors  Last Runtime    Last Run
---------------------------------------  -----  ---------  --------  ----------  --------------  -------------------
/opt/airflow/dags/sodai_pipeline_dag.py                           1           0  0.10s           2025-11-18T17:57:07
/opt/airflow/dags/sodai/__init__.py                               0           0  0.06s           2025-11-18T17:57:07
================================================================================
[2025-11-18T17:57:47.745+0000] {manager.py:878} INFO - 
================================================================================
DAG File Processing Stats

File Path                                PID    Runtime      # DAGs    # Errors  Last Runtime    Last Run
---------------------------------------  -----  ---------  --------  ----------  --------------  -------------------
/opt/airflow/dags/sodai_pipeline_dag.py                           1           0  0.11s           2025-11-18T17:57:37
/opt/airflow/dags/sodai/__init__.py                               0           0  0.06s           2025-11-18T17:57:37
================================================================================
[2025-11-18T17:58:17.146+0000] {manager.py:878} INFO - 
================================================================================
DAG File Processing Stats

File Path                                PID    Runtime      # DAGs    # Errors  Last Runtime    Last Run
---------------------------------------  -----  ---------  --------  ----------  --------------  -------------------
/opt/airflow/dags/sodai_pipeline_dag.py                           1           0  0.11s           2025-11-18T17:58:08
/opt/airflow/dags/sodai/__init__.py                               0           0  0.06s           2025-11-18T17:58:08
================================================================================
[2025-11-18T17:58:46.494+0000] {manager.py:878} INFO - 
================================================================================
DAG File Processing Stats

File Path                                PID    Runtime      # DAGs    # Errors  Last Runtime    Last Run
---------------------------------------  -----  ---------  --------  ----------  --------------  -------------------
/opt/airflow/dags/sodai_pipeline_dag.py                           1           0  0.10s           2025-11-18T17:58:38
/opt/airflow/dags/sodai/__init__.py                               0           0  0.06s           2025-11-18T17:58:38
================================================================================
[2025-11-18T17:58:50.554+0000] {manager.py:737} INFO - Searching for files in /opt/airflow/dags
[2025-11-18T17:58:50.804+0000] {manager.py:740} INFO - There are 2 files in /opt/airflow/dags
[2025-11-18T17:59:16.119+0000] {manager.py:878} INFO - 
================================================================================
DAG File Processing Stats

File Path                                PID    Runtime      # DAGs    # Errors  Last Runtime    Last Run
---------------------------------------  -----  ---------  --------  ----------  --------------  -------------------
/opt/airflow/dags/sodai_pipeline_dag.py                           1           0  0.10s           2025-11-18T17:59:09
/opt/airflow/dags/sodai/__init__.py                               0           0  0.05s           2025-11-18T17:59:09
================================================================================
[2025-11-18T17:59:45.550+0000] {manager.py:878} INFO - 
================================================================================
DAG File Processing Stats

File Path                                PID    Runtime      # DAGs    # Errors  Last Runtime    Last Run
---------------------------------------  -----  ---------  --------  ----------  --------------  -------------------
/opt/airflow/dags/sodai_pipeline_dag.py                           1           0  0.10s           2025-11-18T17:59:39
/opt/airflow/dags/sodai/__init__.py                               0           0  0.06s           2025-11-18T17:59:39
================================================================================
[2025-11-18T18:00:15.092+0000] {manager.py:878} INFO - 
================================================================================
DAG File Processing Stats

File Path                                PID    Runtime      # DAGs    # Errors  Last Runtime    Last Run
---------------------------------------  -----  ---------  --------  ----------  --------------  -------------------
/opt/airflow/dags/sodai_pipeline_dag.py                           1           0  0.11s           2025-11-18T18:00:10
/opt/airflow/dags/sodai/__init__.py                               0           0  0.07s           2025-11-18T18:00:10
================================================================================
[2025-11-18T18:00:44.568+0000] {manager.py:878} INFO - 
================================================================================
DAG File Processing Stats

File Path                                PID    Runtime      # DAGs    # Errors  Last Runtime    Last Run
---------------------------------------  -----  ---------  --------  ----------  --------------  -------------------
/opt/airflow/dags/sodai_pipeline_dag.py                           1           0  0.11s           2025-11-18T18:00:40
/opt/airflow/dags/sodai/__init__.py                               0           0  0.06s           2025-11-18T18:00:40
================================================================================
[2025-11-18T18:01:14.086+0000] {manager.py:878} INFO - 
================================================================================
DAG File Processing Stats

File Path                                PID    Runtime      # DAGs    # Errors  Last Runtime    Last Run
---------------------------------------  -----  ---------  --------  ----------  --------------  -------------------
/opt/airflow/dags/sodai_pipeline_dag.py                           1           0  0.10s           2025-11-18T18:01:11
/opt/airflow/dags/sodai/__init__.py                               0           0  0.06s           2025-11-18T18:01:11
================================================================================
[2025-11-18T18:01:43.039+0000] {manager.py:878} INFO - 
================================================================================
DAG File Processing Stats

File Path                                PID    Runtime      # DAGs    # Errors  Last Runtime    Last Run
---------------------------------------  -----  ---------  --------  ----------  --------------  -------------------
/opt/airflow/dags/sodai_pipeline_dag.py                           1           0  0.10s           2025-11-18T18:01:41
/opt/airflow/dags/sodai/__init__.py                               0           0  0.06s           2025-11-18T18:01:41
================================================================================
[2025-11-18T18:02:11.975+0000] {manager.py:878} INFO - 
================================================================================
DAG File Processing Stats

File Path                                PID    Runtime      # DAGs    # Errors  Last Runtime    Last Run
---------------------------------------  -----  ---------  --------  ----------  --------------  -------------------
/opt/airflow/dags/sodai_pipeline_dag.py                           1           0  0.11s           2025-11-18T18:02:11
/opt/airflow/dags/sodai/__init__.py                               0           0  0.06s           2025-11-18T18:02:11
================================================================================
[2025-11-18T18:02:41.316+0000] {manager.py:878} INFO - 
================================================================================
DAG File Processing Stats

File Path                                PID    Runtime      # DAGs    # Errors  Last Runtime    Last Run
---------------------------------------  -----  ---------  --------  ----------  --------------  -------------------
/opt/airflow/dags/sodai_pipeline_dag.py                           1           0  0.11s           2025-11-18T18:02:11
/opt/airflow/dags/sodai/__init__.py                               0           0  0.06s           2025-11-18T18:02:11
================================================================================
[2025-11-18T18:03:10.744+0000] {manager.py:878} INFO - 
================================================================================
DAG File Processing Stats

File Path                                PID    Runtime      # DAGs    # Errors  Last Runtime    Last Run
---------------------------------------  -----  ---------  --------  ----------  --------------  -------------------
/opt/airflow/dags/sodai_pipeline_dag.py                           1           0  0.12s           2025-11-18T18:02:42
/opt/airflow/dags/sodai/__init__.py                               0           0  0.07s           2025-11-18T18:02:42
================================================================================
[2025-11-18T18:03:40.184+0000] {manager.py:878} INFO - 
================================================================================
DAG File Processing Stats

File Path                                PID    Runtime      # DAGs    # Errors  Last Runtime    Last Run
---------------------------------------  -----  ---------  --------  ----------  --------------  -------------------
/opt/airflow/dags/sodai_pipeline_dag.py                           1           0  0.13s           2025-11-18T18:03:12
/opt/airflow/dags/sodai/__init__.py                               0           0  0.07s           2025-11-18T18:03:12
================================================================================
[2025-11-18T18:03:51.456+0000] {manager.py:737} INFO - Searching for files in /opt/airflow/dags
[2025-11-18T18:03:51.599+0000] {manager.py:740} INFO - There are 2 files in /opt/airflow/dags
[2025-11-18T18:04:09.838+0000] {manager.py:878} INFO - 
================================================================================
DAG File Processing Stats

File Path                                PID    Runtime      # DAGs    # Errors  Last Runtime    Last Run
---------------------------------------  -----  ---------  --------  ----------  --------------  -------------------
/opt/airflow/dags/sodai_pipeline_dag.py                           1           0  0.16s           2025-11-18T18:03:43
/opt/airflow/dags/sodai/__init__.py                               0           0  0.11s           2025-11-18T18:03:43
================================================================================
[2025-11-18T18:04:39.321+0000] {manager.py:878} INFO - 
================================================================================
DAG File Processing Stats

File Path                                PID    Runtime      # DAGs    # Errors  Last Runtime    Last Run
---------------------------------------  -----  ---------  --------  ----------  --------------  -------------------
/opt/airflow/dags/sodai_pipeline_dag.py                           1           0  0.12s           2025-11-18T18:04:14
/opt/airflow/dags/sodai/__init__.py                               0           0  0.06s           2025-11-18T18:04:13
================================================================================
[2025-11-18T18:05:08.743+0000] {manager.py:878} INFO - 
================================================================================
DAG File Processing Stats

File Path                                PID    Runtime      # DAGs    # Errors  Last Runtime    Last Run
---------------------------------------  -----  ---------  --------  ----------  --------------  -------------------
/opt/airflow/dags/sodai_pipeline_dag.py                           1           0  0.11s           2025-11-18T18:04:44
/opt/airflow/dags/sodai/__init__.py                               0           0  0.06s           2025-11-18T18:04:44
================================================================================
[2025-11-18T18:05:38.202+0000] {manager.py:878} INFO - 
================================================================================
DAG File Processing Stats

File Path                                PID    Runtime      # DAGs    # Errors  Last Runtime    Last Run
---------------------------------------  -----  ---------  --------  ----------  --------------  -------------------
/opt/airflow/dags/sodai_pipeline_dag.py                           1           0  0.11s           2025-11-18T18:05:14
/opt/airflow/dags/sodai/__init__.py                               0           0  0.06s           2025-11-18T18:05:14
================================================================================
[2025-11-18T18:06:07.624+0000] {manager.py:878} INFO - 
================================================================================
DAG File Processing Stats

File Path                                PID    Runtime      # DAGs    # Errors  Last Runtime    Last Run
---------------------------------------  -----  ---------  --------  ----------  --------------  -------------------
/opt/airflow/dags/sodai_pipeline_dag.py                           1           0  0.11s           2025-11-18T18:05:45
/opt/airflow/dags/sodai/__init__.py                               0           0  0.06s           2025-11-18T18:05:45
================================================================================
[2025-11-18T18:06:37.038+0000] {manager.py:878} INFO - 
================================================================================
DAG File Processing Stats

File Path                                PID    Runtime      # DAGs    # Errors  Last Runtime    Last Run
---------------------------------------  -----  ---------  --------  ----------  --------------  -------------------
/opt/airflow/dags/sodai_pipeline_dag.py                           1           0  0.10s           2025-11-18T18:06:15
/opt/airflow/dags/sodai/__init__.py                               0           0  0.06s           2025-11-18T18:06:15
================================================================================
[2025-11-18T18:07:06.499+0000] {manager.py:878} INFO - 
================================================================================
DAG File Processing Stats

File Path                                PID    Runtime      # DAGs    # Errors  Last Runtime    Last Run
---------------------------------------  -----  ---------  --------  ----------  --------------  -------------------
/opt/airflow/dags/sodai_pipeline_dag.py                           1           0  0.12s           2025-11-18T18:06:46
/opt/airflow/dags/sodai/__init__.py                               0           0  0.06s           2025-11-18T18:06:46
================================================================================
[2025-11-18T18:07:36.018+0000] {manager.py:878} INFO - 
================================================================================
DAG File Processing Stats

File Path                                PID    Runtime      # DAGs    # Errors  Last Runtime    Last Run
---------------------------------------  -----  ---------  --------  ----------  --------------  -------------------
/opt/airflow/dags/sodai_pipeline_dag.py                           1           0  0.11s           2025-11-18T18:07:16
/opt/airflow/dags/sodai/__init__.py                               0           0  0.06s           2025-11-18T18:07:16
================================================================================
[2025-11-18T18:08:05.635+0000] {manager.py:878} INFO - 
================================================================================
DAG File Processing Stats

File Path                                PID    Runtime      # DAGs    # Errors  Last Runtime    Last Run
---------------------------------------  -----  ---------  --------  ----------  --------------  -------------------
/opt/airflow/dags/sodai_pipeline_dag.py                           1           0  0.11s           2025-11-18T18:07:47
/opt/airflow/dags/sodai/__init__.py                               0           0  0.06s           2025-11-18T18:07:47
================================================================================
[2025-11-18T18:08:35.212+0000] {manager.py:878} INFO - 
================================================================================
DAG File Processing Stats

File Path                                PID    Runtime      # DAGs    # Errors  Last Runtime    Last Run
---------------------------------------  -----  ---------  --------  ----------  --------------  -------------------
/opt/airflow/dags/sodai_pipeline_dag.py                           1           0  0.11s           2025-11-18T18:08:17
/opt/airflow/dags/sodai/__init__.py                               0           0  0.06s           2025-11-18T18:08:17
================================================================================
[2025-11-18T18:08:51.581+0000] {manager.py:737} INFO - Searching for files in /opt/airflow/dags
[2025-11-18T18:08:51.732+0000] {manager.py:740} INFO - There are 2 files in /opt/airflow/dags
[2025-11-18T18:09:04.985+0000] {manager.py:878} INFO - 
================================================================================
DAG File Processing Stats

File Path                                PID    Runtime      # DAGs    # Errors  Last Runtime    Last Run
---------------------------------------  -----  ---------  --------  ----------  --------------  -------------------
/opt/airflow/dags/sodai_pipeline_dag.py                           1           0  0.10s           2025-11-18T18:08:48
/opt/airflow/dags/sodai/__init__.py                               0           0  0.06s           2025-11-18T18:08:48
================================================================================
[2025-11-18T18:09:34.461+0000] {manager.py:878} INFO - 
================================================================================
DAG File Processing Stats

File Path                                PID    Runtime      # DAGs    # Errors  Last Runtime    Last Run
---------------------------------------  -----  ---------  --------  ----------  --------------  -------------------
/opt/airflow/dags/sodai_pipeline_dag.py                           1           0  0.11s           2025-11-18T18:09:19
/opt/airflow/dags/sodai/__init__.py                               0           0  0.06s           2025-11-18T18:09:19
================================================================================
[2025-11-18T18:10:04.125+0000] {manager.py:878} INFO - 
================================================================================
DAG File Processing Stats

File Path                                PID    Runtime      # DAGs    # Errors  Last Runtime    Last Run
---------------------------------------  -----  ---------  --------  ----------  --------------  -------------------
/opt/airflow/dags/sodai_pipeline_dag.py                           1           0  0.10s           2025-11-18T18:09:49
/opt/airflow/dags/sodai/__init__.py                               0           0  0.06s           2025-11-18T18:09:49
================================================================================
[2025-11-18T18:10:33.564+0000] {manager.py:878} INFO - 
================================================================================
DAG File Processing Stats

File Path                                PID    Runtime      # DAGs    # Errors  Last Runtime    Last Run
---------------------------------------  -----  ---------  --------  ----------  --------------  -------------------
/opt/airflow/dags/sodai_pipeline_dag.py                           1           0  0.10s           2025-11-18T18:10:20
/opt/airflow/dags/sodai/__init__.py                               0           0  0.05s           2025-11-18T18:10:20
================================================================================
[2025-11-18T18:11:02.997+0000] {manager.py:878} INFO - 
================================================================================
DAG File Processing Stats

File Path                                PID    Runtime      # DAGs    # Errors  Last Runtime    Last Run
---------------------------------------  -----  ---------  --------  ----------  --------------  -------------------
/opt/airflow/dags/sodai_pipeline_dag.py                           1           0  0.11s           2025-11-18T18:10:50
/opt/airflow/dags/sodai/__init__.py                               0           0  0.06s           2025-11-18T18:10:50
================================================================================
[2025-11-18T18:11:32.618+0000] {manager.py:878} INFO - 
================================================================================
DAG File Processing Stats

File Path                                PID    Runtime      # DAGs    # Errors  Last Runtime    Last Run
---------------------------------------  -----  ---------  --------  ----------  --------------  -------------------
/opt/airflow/dags/sodai_pipeline_dag.py                           1           0  0.10s           2025-11-18T18:11:21
/opt/airflow/dags/sodai/__init__.py                               0           0  0.06s           2025-11-18T18:11:21
================================================================================
[2025-11-18T18:12:02.189+0000] {manager.py:878} INFO - 
================================================================================
DAG File Processing Stats

File Path                                PID    Runtime      # DAGs    # Errors  Last Runtime    Last Run
---------------------------------------  -----  ---------  --------  ----------  --------------  -------------------
/opt/airflow/dags/sodai_pipeline_dag.py                           1           0  0.12s           2025-11-18T18:11:52
/opt/airflow/dags/sodai/__init__.py                               0           0  0.06s           2025-11-18T18:11:52
================================================================================
[2025-11-18T18:12:31.800+0000] {manager.py:878} INFO - 
================================================================================
DAG File Processing Stats

File Path                                PID    Runtime      # DAGs    # Errors  Last Runtime    Last Run
---------------------------------------  -----  ---------  --------  ----------  --------------  -------------------
/opt/airflow/dags/sodai_pipeline_dag.py                           1           0  0.09s           2025-11-18T18:12:22
/opt/airflow/dags/sodai/__init__.py                               0           0  0.05s           2025-11-18T18:12:22
================================================================================
[2025-11-18T18:13:01.499+0000] {manager.py:878} INFO - 
================================================================================
DAG File Processing Stats

File Path                                PID    Runtime      # DAGs    # Errors  Last Runtime    Last Run
---------------------------------------  -----  ---------  --------  ----------  --------------  -------------------
/opt/airflow/dags/sodai_pipeline_dag.py                           1           0  0.09s           2025-11-18T18:12:53
/opt/airflow/dags/sodai/__init__.py                               0           0  0.04s           2025-11-18T18:12:53
================================================================================
[2025-11-18T18:13:30.934+0000] {manager.py:878} INFO - 
================================================================================
DAG File Processing Stats

File Path                                PID    Runtime      # DAGs    # Errors  Last Runtime    Last Run
---------------------------------------  -----  ---------  --------  ----------  --------------  -------------------
/opt/airflow/dags/sodai_pipeline_dag.py                           1           0  0.09s           2025-11-18T18:13:23
/opt/airflow/dags/sodai/__init__.py                               0           0  0.05s           2025-11-18T18:13:23
================================================================================
[2025-11-18T18:13:52.297+0000] {manager.py:737} INFO - Searching for files in /opt/airflow/dags
[2025-11-18T18:13:52.391+0000] {manager.py:740} INFO - There are 2 files in /opt/airflow/dags
[2025-11-18T18:14:00.673+0000] {manager.py:878} INFO - 
================================================================================
DAG File Processing Stats

File Path                                PID    Runtime      # DAGs    # Errors  Last Runtime    Last Run
---------------------------------------  -----  ---------  --------  ----------  --------------  -------------------
/opt/airflow/dags/sodai_pipeline_dag.py                           1           0  0.08s           2025-11-18T18:13:54
/opt/airflow/dags/sodai/__init__.py                               0           0  0.04s           2025-11-18T18:13:54
================================================================================
[2025-11-18T18:14:30.162+0000] {manager.py:878} INFO - 
================================================================================
DAG File Processing Stats

File Path                                PID    Runtime      # DAGs    # Errors  Last Runtime    Last Run
---------------------------------------  -----  ---------  --------  ----------  --------------  -------------------
/opt/airflow/dags/sodai_pipeline_dag.py                           1           0  0.09s           2025-11-18T18:14:25
/opt/airflow/dags/sodai/__init__.py                               0           0  0.04s           2025-11-18T18:14:25
================================================================================
[2025-11-18T18:14:59.591+0000] {manager.py:878} INFO - 
================================================================================
DAG File Processing Stats

File Path                                PID    Runtime      # DAGs    # Errors  Last Runtime    Last Run
---------------------------------------  -----  ---------  --------  ----------  --------------  -------------------
/opt/airflow/dags/sodai_pipeline_dag.py                           1           0  0.09s           2025-11-18T18:14:55
/opt/airflow/dags/sodai/__init__.py                               0           0  0.05s           2025-11-18T18:14:55
================================================================================
[2025-11-18T18:15:29.378+0000] {manager.py:878} INFO - 
================================================================================
DAG File Processing Stats

File Path                                PID    Runtime      # DAGs    # Errors  Last Runtime    Last Run
---------------------------------------  -----  ---------  --------  ----------  --------------  -------------------
/opt/airflow/dags/sodai_pipeline_dag.py                           1           0  0.09s           2025-11-18T18:15:26
/opt/airflow/dags/sodai/__init__.py                               0           0  0.05s           2025-11-18T18:15:26
================================================================================
[2025-11-18T18:15:58.961+0000] {manager.py:878} INFO - 
================================================================================
DAG File Processing Stats

File Path                                PID    Runtime      # DAGs    # Errors  Last Runtime    Last Run
---------------------------------------  -----  ---------  --------  ----------  --------------  -------------------
/opt/airflow/dags/sodai_pipeline_dag.py                           1           0  0.11s           2025-11-18T18:15:56
/opt/airflow/dags/sodai/__init__.py                               0           0  0.07s           2025-11-18T18:15:56
================================================================================
[2025-11-18T18:16:28.445+0000] {manager.py:878} INFO - 
================================================================================
DAG File Processing Stats

File Path                                PID    Runtime      # DAGs    # Errors  Last Runtime    Last Run
---------------------------------------  -----  ---------  --------  ----------  --------------  -------------------
/opt/airflow/dags/sodai_pipeline_dag.py                           1           0  0.09s           2025-11-18T18:16:27
/opt/airflow/dags/sodai/__init__.py                               0           0  0.05s           2025-11-18T18:16:27
================================================================================
[2025-11-18T18:16:57.927+0000] {manager.py:878} INFO - 
================================================================================
DAG File Processing Stats

File Path                                  PID  Runtime      # DAGs    # Errors  Last Runtime    Last Run
---------------------------------------  -----  ---------  --------  ----------  --------------  -------------------
/opt/airflow/dags/sodai_pipeline_dag.py   3167  0.01s             1           0  0.09s           2025-11-18T18:16:27
/opt/airflow/dags/sodai/__init__.py       3170  0.00s             0           0  0.05s           2025-11-18T18:16:27
================================================================================
[2025-11-18T18:17:27.464+0000] {manager.py:878} INFO - 
================================================================================
DAG File Processing Stats

File Path                                PID    Runtime      # DAGs    # Errors  Last Runtime    Last Run
---------------------------------------  -----  ---------  --------  ----------  --------------  -------------------
/opt/airflow/dags/sodai_pipeline_dag.py                           1           0  0.09s           2025-11-18T18:16:58
/opt/airflow/dags/sodai/__init__.py                               0           0  0.05s           2025-11-18T18:16:57
================================================================================
[2025-11-18T18:17:56.891+0000] {manager.py:878} INFO - 
================================================================================
DAG File Processing Stats

File Path                                PID    Runtime      # DAGs    # Errors  Last Runtime    Last Run
---------------------------------------  -----  ---------  --------  ----------  --------------  -------------------
/opt/airflow/dags/sodai_pipeline_dag.py                           1           0  0.10s           2025-11-18T18:17:28
/opt/airflow/dags/sodai/__init__.py                               0           0  0.05s           2025-11-18T18:17:28
================================================================================
[2025-11-18T18:18:26.602+0000] {manager.py:878} INFO - 
================================================================================
DAG File Processing Stats

File Path                                PID    Runtime      # DAGs    # Errors  Last Runtime    Last Run
---------------------------------------  -----  ---------  --------  ----------  --------------  -------------------
/opt/airflow/dags/sodai_pipeline_dag.py                           1           0  0.09s           2025-11-18T18:17:59
/opt/airflow/dags/sodai/__init__.py                               0           0  0.05s           2025-11-18T18:17:58
================================================================================
[2025-11-18T18:18:53.145+0000] {manager.py:737} INFO - Searching for files in /opt/airflow/dags
[2025-11-18T18:18:53.228+0000] {manager.py:740} INFO - There are 2 files in /opt/airflow/dags
[2025-11-18T18:18:56.278+0000] {manager.py:878} INFO - 
================================================================================
DAG File Processing Stats

File Path                                PID    Runtime      # DAGs    # Errors  Last Runtime    Last Run
---------------------------------------  -----  ---------  --------  ----------  --------------  -------------------
/opt/airflow/dags/sodai_pipeline_dag.py                           1           0  0.10s           2025-11-18T18:18:29
/opt/airflow/dags/sodai/__init__.py                               0           0  0.05s           2025-11-18T18:18:29
================================================================================
[2025-11-18T18:19:25.935+0000] {manager.py:878} INFO - 
================================================================================
DAG File Processing Stats

File Path                                PID    Runtime      # DAGs    # Errors  Last Runtime    Last Run
---------------------------------------  -----  ---------  --------  ----------  --------------  -------------------
/opt/airflow/dags/sodai_pipeline_dag.py                           1           0  0.09s           2025-11-18T18:19:00
/opt/airflow/dags/sodai/__init__.py                               0           0  0.05s           2025-11-18T18:19:00
================================================================================
[2025-11-18T18:19:55.593+0000] {manager.py:878} INFO - 
================================================================================
DAG File Processing Stats

File Path                                PID    Runtime      # DAGs    # Errors  Last Runtime    Last Run
---------------------------------------  -----  ---------  --------  ----------  --------------  -------------------
/opt/airflow/dags/sodai_pipeline_dag.py                           1           0  0.11s           2025-11-18T18:19:31
/opt/airflow/dags/sodai/__init__.py                               0           0  0.06s           2025-11-18T18:19:31
================================================================================
[2025-11-18T18:20:25.299+0000] {manager.py:878} INFO - 
================================================================================
DAG File Processing Stats

File Path                                PID    Runtime      # DAGs    # Errors  Last Runtime    Last Run
---------------------------------------  -----  ---------  --------  ----------  --------------  -------------------
/opt/airflow/dags/sodai_pipeline_dag.py                           1           0  0.09s           2025-11-18T18:20:01
/opt/airflow/dags/sodai/__init__.py                               0           0  0.04s           2025-11-18T18:20:01
================================================================================
[2025-11-18T18:20:54.763+0000] {manager.py:878} INFO - 
================================================================================
DAG File Processing Stats

File Path                                PID    Runtime      # DAGs    # Errors  Last Runtime    Last Run
---------------------------------------  -----  ---------  --------  ----------  --------------  -------------------
/opt/airflow/dags/sodai_pipeline_dag.py                           1           0  0.08s           2025-11-18T18:20:32
/opt/airflow/dags/sodai/__init__.py                               0           0  0.04s           2025-11-18T18:20:32
================================================================================
[2025-11-18T18:21:24.279+0000] {manager.py:878} INFO - 
================================================================================
DAG File Processing Stats

File Path                                PID    Runtime      # DAGs    # Errors  Last Runtime    Last Run
---------------------------------------  -----  ---------  --------  ----------  --------------  -------------------
/opt/airflow/dags/sodai_pipeline_dag.py                           1           0  0.09s           2025-11-18T18:21:02
/opt/airflow/dags/sodai/__init__.py                               0           0  0.05s           2025-11-18T18:21:02
================================================================================
[2025-11-18T18:21:53.767+0000] {manager.py:878} INFO - 
================================================================================
DAG File Processing Stats

File Path                                PID    Runtime      # DAGs    # Errors  Last Runtime    Last Run
---------------------------------------  -----  ---------  --------  ----------  --------------  -------------------
/opt/airflow/dags/sodai_pipeline_dag.py                           1           0  0.08s           2025-11-18T18:21:33
/opt/airflow/dags/sodai/__init__.py                               0           0  0.04s           2025-11-18T18:21:33
================================================================================
[2025-11-18T18:22:23.472+0000] {manager.py:878} INFO - 
================================================================================
DAG File Processing Stats

File Path                                PID    Runtime      # DAGs    # Errors  Last Runtime    Last Run
---------------------------------------  -----  ---------  --------  ----------  --------------  -------------------
/opt/airflow/dags/sodai_pipeline_dag.py                           1           0  0.14s           2025-11-18T18:22:04
/opt/airflow/dags/sodai/__init__.py                               0           0  0.09s           2025-11-18T18:22:04
================================================================================
[2025-11-18T18:22:52.977+0000] {manager.py:878} INFO - 
================================================================================
DAG File Processing Stats

File Path                                PID    Runtime      # DAGs    # Errors  Last Runtime    Last Run
---------------------------------------  -----  ---------  --------  ----------  --------------  -------------------
/opt/airflow/dags/sodai_pipeline_dag.py                           1           0  0.19s           2025-11-18T18:22:34
/opt/airflow/dags/sodai/__init__.py                               0           0  0.14s           2025-11-18T18:22:34
================================================================================
[2025-11-18T18:23:22.607+0000] {manager.py:878} INFO - 
================================================================================
DAG File Processing Stats

File Path                                PID    Runtime      # DAGs    # Errors  Last Runtime    Last Run
---------------------------------------  -----  ---------  --------  ----------  --------------  -------------------
/opt/airflow/dags/sodai_pipeline_dag.py                           1           0  0.09s           2025-11-18T18:23:05
/opt/airflow/dags/sodai/__init__.py                               0           0  0.05s           2025-11-18T18:23:05
================================================================================
[2025-11-18T18:23:52.196+0000] {manager.py:878} INFO - 
================================================================================
DAG File Processing Stats

File Path                                PID    Runtime      # DAGs    # Errors  Last Runtime    Last Run
---------------------------------------  -----  ---------  --------  ----------  --------------  -------------------
/opt/airflow/dags/sodai_pipeline_dag.py                           1           0  0.15s           2025-11-18T18:23:36
/opt/airflow/dags/sodai/__init__.py                               0           0  0.12s           2025-11-18T18:23:36
================================================================================
[2025-11-18T18:23:53.212+0000] {manager.py:737} INFO - Searching for files in /opt/airflow/dags
[2025-11-18T18:23:53.293+0000] {manager.py:740} INFO - There are 2 files in /opt/airflow/dags
[2025-11-18T18:24:22.080+0000] {manager.py:878} INFO - 
================================================================================
DAG File Processing Stats

File Path                                PID    Runtime      # DAGs    # Errors  Last Runtime    Last Run
---------------------------------------  -----  ---------  --------  ----------  --------------  -------------------
/opt/airflow/dags/sodai_pipeline_dag.py                           1           0  0.11s           2025-11-18T18:24:06
/opt/airflow/dags/sodai/__init__.py                               0           0  0.07s           2025-11-18T18:24:06
================================================================================
[2025-11-18T18:24:51.754+0000] {manager.py:878} INFO - 
================================================================================
DAG File Processing Stats

File Path                                PID    Runtime      # DAGs    # Errors  Last Runtime    Last Run
---------------------------------------  -----  ---------  --------  ----------  --------------  -------------------
/opt/airflow/dags/sodai_pipeline_dag.py                           1           0  0.08s           2025-11-18T18:24:37
/opt/airflow/dags/sodai/__init__.py                               0           0  0.05s           2025-11-18T18:24:37
================================================================================
[2025-11-18T18:25:21.601+0000] {manager.py:878} INFO - 
================================================================================
DAG File Processing Stats

File Path                                PID    Runtime      # DAGs    # Errors  Last Runtime    Last Run
---------------------------------------  -----  ---------  --------  ----------  --------------  -------------------
/opt/airflow/dags/sodai_pipeline_dag.py                           1           0  0.09s           2025-11-18T18:25:08
/opt/airflow/dags/sodai/__init__.py                               0           0  0.06s           2025-11-18T18:25:08
================================================================================
[2025-11-18T18:25:51.321+0000] {manager.py:878} INFO - 
================================================================================
DAG File Processing Stats

File Path                                PID    Runtime      # DAGs    # Errors  Last Runtime    Last Run
---------------------------------------  -----  ---------  --------  ----------  --------------  -------------------
/opt/airflow/dags/sodai_pipeline_dag.py                           1           0  0.09s           2025-11-18T18:25:39
/opt/airflow/dags/sodai/__init__.py                               0           0  0.05s           2025-11-18T18:25:39
================================================================================
[2025-11-18T18:26:20.986+0000] {manager.py:878} INFO - 
================================================================================
DAG File Processing Stats

File Path                                PID    Runtime      # DAGs    # Errors  Last Runtime    Last Run
---------------------------------------  -----  ---------  --------  ----------  --------------  -------------------
/opt/airflow/dags/sodai_pipeline_dag.py                           1           0  0.09s           2025-11-18T18:26:09
/opt/airflow/dags/sodai/__init__.py                               0           0  0.04s           2025-11-18T18:26:09
================================================================================
[2025-11-18T18:26:50.661+0000] {manager.py:878} INFO - 
================================================================================
DAG File Processing Stats

File Path                                PID    Runtime      # DAGs    # Errors  Last Runtime    Last Run
---------------------------------------  -----  ---------  --------  ----------  --------------  -------------------
/opt/airflow/dags/sodai_pipeline_dag.py                           1           0  0.08s           2025-11-18T18:26:40
/opt/airflow/dags/sodai/__init__.py                               0           0  0.04s           2025-11-18T18:26:40
================================================================================
[2025-11-18T18:27:20.465+0000] {manager.py:878} INFO - 
================================================================================
DAG File Processing Stats

File Path                                PID    Runtime      # DAGs    # Errors  Last Runtime    Last Run
---------------------------------------  -----  ---------  --------  ----------  --------------  -------------------
/opt/airflow/dags/sodai_pipeline_dag.py                           1           0  0.08s           2025-11-18T18:27:11
/opt/airflow/dags/sodai/__init__.py                               0           0  0.05s           2025-11-18T18:27:11
================================================================================
[2025-11-18T18:27:50.222+0000] {manager.py:878} INFO - 
================================================================================
DAG File Processing Stats

File Path                                PID    Runtime      # DAGs    # Errors  Last Runtime    Last Run
---------------------------------------  -----  ---------  --------  ----------  --------------  -------------------
/opt/airflow/dags/sodai_pipeline_dag.py                           1           0  0.10s           2025-11-18T18:27:42
/opt/airflow/dags/sodai/__init__.py                               0           0  0.05s           2025-11-18T18:27:42
================================================================================
[2025-11-18T18:28:19.959+0000] {manager.py:878} INFO - 
================================================================================
DAG File Processing Stats

File Path                                PID    Runtime      # DAGs    # Errors  Last Runtime    Last Run
---------------------------------------  -----  ---------  --------  ----------  --------------  -------------------
/opt/airflow/dags/sodai_pipeline_dag.py                           1           0  0.09s           2025-11-18T18:28:12
/opt/airflow/dags/sodai/__init__.py                               0           0  0.05s           2025-11-18T18:28:12
================================================================================
[2025-11-18T18:28:49.695+0000] {manager.py:878} INFO - 
================================================================================
DAG File Processing Stats

File Path                                PID    Runtime      # DAGs    # Errors  Last Runtime    Last Run
---------------------------------------  -----  ---------  --------  ----------  --------------  -------------------
/opt/airflow/dags/sodai_pipeline_dag.py                           1           0  0.09s           2025-11-18T18:28:43
/opt/airflow/dags/sodai/__init__.py                               0           0  0.04s           2025-11-18T18:28:43
================================================================================
[2025-11-18T18:28:53.812+0000] {manager.py:737} INFO - Searching for files in /opt/airflow/dags
[2025-11-18T18:28:53.910+0000] {manager.py:740} INFO - There are 2 files in /opt/airflow/dags
[2025-11-18T18:29:18.945+0000] {manager.py:878} INFO - 
================================================================================
DAG File Processing Stats

File Path                                PID    Runtime      # DAGs    # Errors  Last Runtime    Last Run
---------------------------------------  -----  ---------  --------  ----------  --------------  -------------------
/opt/airflow/dags/sodai_pipeline_dag.py                           1           0  0.12s           2025-11-18T18:29:14
/opt/airflow/dags/sodai/__init__.py                               0           0  0.06s           2025-11-18T18:29:14
================================================================================
[2025-11-18T18:29:48.004+0000] {manager.py:878} INFO - 
================================================================================
DAG File Processing Stats

File Path                                PID    Runtime      # DAGs    # Errors  Last Runtime    Last Run
---------------------------------------  -----  ---------  --------  ----------  --------------  -------------------
/opt/airflow/dags/sodai_pipeline_dag.py                           1           0  0.12s           2025-11-18T18:29:44
/opt/airflow/dags/sodai/__init__.py                               0           0  0.07s           2025-11-18T18:29:44
================================================================================
[2025-11-18T18:30:17.804+0000] {manager.py:878} INFO - 
================================================================================
DAG File Processing Stats

File Path                                PID    Runtime      # DAGs    # Errors  Last Runtime    Last Run
---------------------------------------  -----  ---------  --------  ----------  --------------  -------------------
/opt/airflow/dags/sodai_pipeline_dag.py                           1           0  0.15s           2025-11-18T18:30:15
/opt/airflow/dags/sodai/__init__.py                               0           0  0.08s           2025-11-18T18:30:15
================================================================================
[2025-11-18T18:30:47.351+0000] {manager.py:878} INFO - 
================================================================================
DAG File Processing Stats

File Path                                PID    Runtime      # DAGs    # Errors  Last Runtime    Last Run
---------------------------------------  -----  ---------  --------  ----------  --------------  -------------------
/opt/airflow/dags/sodai_pipeline_dag.py                           1           0  0.09s           2025-11-18T18:30:46
/opt/airflow/dags/sodai/__init__.py                               0           0  0.04s           2025-11-18T18:30:46
================================================================================
[2025-11-18T18:31:16.860+0000] {manager.py:878} INFO - 
================================================================================
DAG File Processing Stats

File Path                                  PID  Runtime      # DAGs    # Errors  Last Runtime    Last Run
---------------------------------------  -----  ---------  --------  ----------  --------------  -------------------
/opt/airflow/dags/sodai_pipeline_dag.py   3447  0.01s             1           0  0.09s           2025-11-18T18:30:46
/opt/airflow/dags/sodai/__init__.py       3450  0.00s             0           0  0.04s           2025-11-18T18:30:46
================================================================================
[2025-11-18T18:31:46.412+0000] {manager.py:878} INFO - 
================================================================================
DAG File Processing Stats

File Path                                PID    Runtime      # DAGs    # Errors  Last Runtime    Last Run
---------------------------------------  -----  ---------  --------  ----------  --------------  -------------------
/opt/airflow/dags/sodai_pipeline_dag.py                           1           0  0.09s           2025-11-18T18:31:16
/opt/airflow/dags/sodai/__init__.py                               0           0  0.06s           2025-11-18T18:31:16
================================================================================
[2025-11-18T18:32:16.123+0000] {manager.py:878} INFO - 
================================================================================
DAG File Processing Stats

File Path                                PID    Runtime      # DAGs    # Errors  Last Runtime    Last Run
---------------------------------------  -----  ---------  --------  ----------  --------------  -------------------
/opt/airflow/dags/sodai_pipeline_dag.py                           1           0  0.10s           2025-11-18T18:31:47
/opt/airflow/dags/sodai/__init__.py                               0           0  0.05s           2025-11-18T18:31:47
================================================================================
[2025-11-18T18:32:45.581+0000] {manager.py:878} INFO - 
================================================================================
DAG File Processing Stats

File Path                                PID    Runtime      # DAGs    # Errors  Last Runtime    Last Run
---------------------------------------  -----  ---------  --------  ----------  --------------  -------------------
/opt/airflow/dags/sodai_pipeline_dag.py                           1           0  0.09s           2025-11-18T18:32:18
/opt/airflow/dags/sodai/__init__.py                               0           0  0.05s           2025-11-18T18:32:18
================================================================================
[2025-11-18T18:33:15.281+0000] {manager.py:878} INFO - 
================================================================================
DAG File Processing Stats

File Path                                PID    Runtime      # DAGs    # Errors  Last Runtime    Last Run
---------------------------------------  -----  ---------  --------  ----------  --------------  -------------------
/opt/airflow/dags/sodai_pipeline_dag.py                           1           0  0.10s           2025-11-18T18:32:48
/opt/airflow/dags/sodai/__init__.py                               0           0  0.08s           2025-11-18T18:32:48
================================================================================
[2025-11-18T18:33:45.011+0000] {manager.py:878} INFO - 
================================================================================
DAG File Processing Stats

File Path                                PID    Runtime      # DAGs    # Errors  Last Runtime    Last Run
---------------------------------------  -----  ---------  --------  ----------  --------------  -------------------
/opt/airflow/dags/sodai_pipeline_dag.py                           1           0  0.08s           2025-11-18T18:33:19
/opt/airflow/dags/sodai/__init__.py                               0           0  0.05s           2025-11-18T18:33:19
================================================================================
[2025-11-18T18:33:54.318+0000] {manager.py:737} INFO - Searching for files in /opt/airflow/dags
[2025-11-18T18:33:54.431+0000] {manager.py:740} INFO - There are 2 files in /opt/airflow/dags
[2025-11-18T18:34:14.817+0000] {manager.py:878} INFO - 
================================================================================
DAG File Processing Stats

File Path                                PID    Runtime      # DAGs    # Errors  Last Runtime    Last Run
---------------------------------------  -----  ---------  --------  ----------  --------------  -------------------
/opt/airflow/dags/sodai_pipeline_dag.py                           1           0  0.12s           2025-11-18T18:33:50
/opt/airflow/dags/sodai/__init__.py                               0           0  0.08s           2025-11-18T18:33:50
================================================================================
[2025-11-18T18:34:44.561+0000] {manager.py:878} INFO - 
================================================================================
DAG File Processing Stats

File Path                                PID    Runtime      # DAGs    # Errors  Last Runtime    Last Run
---------------------------------------  -----  ---------  --------  ----------  --------------  -------------------
/opt/airflow/dags/sodai_pipeline_dag.py                           1           0  0.13s           2025-11-18T18:34:21
/opt/airflow/dags/sodai/__init__.py                               0           0  0.12s           2025-11-18T18:34:21
================================================================================
[2025-11-18T18:35:14.097+0000] {manager.py:878} INFO - 
================================================================================
DAG File Processing Stats

File Path                                PID    Runtime      # DAGs    # Errors  Last Runtime    Last Run
---------------------------------------  -----  ---------  --------  ----------  --------------  -------------------
/opt/airflow/dags/sodai_pipeline_dag.py                           1           0  0.09s           2025-11-18T18:34:51
/opt/airflow/dags/sodai/__init__.py                               0           0  0.04s           2025-11-18T18:34:51
================================================================================
[2025-11-18T18:35:43.616+0000] {manager.py:878} INFO - 
================================================================================
DAG File Processing Stats

File Path                                PID    Runtime      # DAGs    # Errors  Last Runtime    Last Run
---------------------------------------  -----  ---------  --------  ----------  --------------  -------------------
/opt/airflow/dags/sodai_pipeline_dag.py                           1           0  0.14s           2025-11-18T18:35:22
/opt/airflow/dags/sodai/__init__.py                               0           0  0.11s           2025-11-18T18:35:22
================================================================================
[2025-11-18T18:36:13.346+0000] {manager.py:878} INFO - 
================================================================================
DAG File Processing Stats

File Path                                PID    Runtime      # DAGs    # Errors  Last Runtime    Last Run
---------------------------------------  -----  ---------  --------  ----------  --------------  -------------------
/opt/airflow/dags/sodai_pipeline_dag.py                           1           0  0.10s           2025-11-18T18:35:52
/opt/airflow/dags/sodai/__init__.py                               0           0  0.06s           2025-11-18T18:35:52
================================================================================
[2025-11-18T18:36:43.282+0000] {manager.py:878} INFO - 
================================================================================
DAG File Processing Stats

File Path                                PID    Runtime      # DAGs    # Errors  Last Runtime    Last Run
---------------------------------------  -----  ---------  --------  ----------  --------------  -------------------
/opt/airflow/dags/sodai_pipeline_dag.py                           1           0  0.08s           2025-11-18T18:36:23
/opt/airflow/dags/sodai/__init__.py                               0           0  0.04s           2025-11-18T18:36:23
================================================================================
[2025-11-18T18:37:13.004+0000] {manager.py:878} INFO - 
================================================================================
DAG File Processing Stats

File Path                                PID    Runtime      # DAGs    # Errors  Last Runtime    Last Run
---------------------------------------  -----  ---------  --------  ----------  --------------  -------------------
/opt/airflow/dags/sodai_pipeline_dag.py                           1           0  0.09s           2025-11-18T18:36:54
/opt/airflow/dags/sodai/__init__.py                               0           0  0.05s           2025-11-18T18:36:54
================================================================================
[2025-11-18T18:37:42.815+0000] {manager.py:878} INFO - 
================================================================================
DAG File Processing Stats

File Path                                PID    Runtime      # DAGs    # Errors  Last Runtime    Last Run
---------------------------------------  -----  ---------  --------  ----------  --------------  -------------------
/opt/airflow/dags/sodai_pipeline_dag.py                           1           0  0.13s           2025-11-18T18:37:25
/opt/airflow/dags/sodai/__init__.py                               0           0  0.08s           2025-11-18T18:37:25
================================================================================
[2025-11-18T18:38:12.302+0000] {manager.py:878} INFO - 
================================================================================
DAG File Processing Stats

File Path                                PID    Runtime      # DAGs    # Errors  Last Runtime    Last Run
---------------------------------------  -----  ---------  --------  ----------  --------------  -------------------
/opt/airflow/dags/sodai_pipeline_dag.py                           1           0  0.09s           2025-11-18T18:37:56
/opt/airflow/dags/sodai/__init__.py                               0           0  0.04s           2025-11-18T18:37:56
================================================================================
[2025-11-18T18:38:41.943+0000] {manager.py:878} INFO - 
================================================================================
DAG File Processing Stats

File Path                                PID    Runtime      # DAGs    # Errors  Last Runtime    Last Run
---------------------------------------  -----  ---------  --------  ----------  --------------  -------------------
/opt/airflow/dags/sodai_pipeline_dag.py                           1           0  0.09s           2025-11-18T18:38:26
/opt/airflow/dags/sodai/__init__.py                               0           0  0.04s           2025-11-18T18:38:26
================================================================================
[2025-11-18T18:38:55.066+0000] {manager.py:737} INFO - Searching for files in /opt/airflow/dags
[2025-11-18T18:38:55.169+0000] {manager.py:740} INFO - There are 2 files in /opt/airflow/dags
[2025-11-18T18:39:11.582+0000] {manager.py:878} INFO - 
================================================================================
DAG File Processing Stats

File Path                                PID    Runtime      # DAGs    # Errors  Last Runtime    Last Run
---------------------------------------  -----  ---------  --------  ----------  --------------  -------------------
/opt/airflow/dags/sodai_pipeline_dag.py                           1           0  0.08s           2025-11-18T18:38:57
/opt/airflow/dags/sodai/__init__.py                               0           0  0.04s           2025-11-18T18:38:57
================================================================================
[2025-11-18T18:39:41.250+0000] {manager.py:878} INFO - 
================================================================================
DAG File Processing Stats

File Path                                PID    Runtime      # DAGs    # Errors  Last Runtime    Last Run
---------------------------------------  -----  ---------  --------  ----------  --------------  -------------------
/opt/airflow/dags/sodai_pipeline_dag.py                           1           0  0.11s           2025-11-18T18:39:27
/opt/airflow/dags/sodai/__init__.py                               0           0  0.06s           2025-11-18T18:39:27
================================================================================
[2025-11-18T18:40:11.088+0000] {manager.py:878} INFO - 
================================================================================
DAG File Processing Stats

File Path                                PID    Runtime      # DAGs    # Errors  Last Runtime    Last Run
---------------------------------------  -----  ---------  --------  ----------  --------------  -------------------
/opt/airflow/dags/sodai_pipeline_dag.py                           1           0  0.09s           2025-11-18T18:39:58
/opt/airflow/dags/sodai/__init__.py                               0           0  0.05s           2025-11-18T18:39:58
================================================================================
[2025-11-18T18:40:40.863+0000] {manager.py:878} INFO - 
================================================================================
DAG File Processing Stats

File Path                                PID    Runtime      # DAGs    # Errors  Last Runtime    Last Run
---------------------------------------  -----  ---------  --------  ----------  --------------  -------------------
/opt/airflow/dags/sodai_pipeline_dag.py                           1           0  0.08s           2025-11-18T18:40:29
/opt/airflow/dags/sodai/__init__.py                               0           0  0.04s           2025-11-18T18:40:29
================================================================================
[2025-11-18T18:41:10.563+0000] {manager.py:878} INFO - 
================================================================================
DAG File Processing Stats

File Path                                PID    Runtime      # DAGs    # Errors  Last Runtime    Last Run
---------------------------------------  -----  ---------  --------  ----------  --------------  -------------------
/opt/airflow/dags/sodai_pipeline_dag.py                           1           0  0.08s           2025-11-18T18:41:00
/opt/airflow/dags/sodai/__init__.py                               0           0  0.04s           2025-11-18T18:41:00
================================================================================
[2025-11-18T18:41:40.108+0000] {manager.py:878} INFO - 
================================================================================
DAG File Processing Stats

File Path                                PID    Runtime      # DAGs    # Errors  Last Runtime    Last Run
---------------------------------------  -----  ---------  --------  ----------  --------------  -------------------
/opt/airflow/dags/sodai_pipeline_dag.py                           1           0  0.09s           2025-11-18T18:41:31
/opt/airflow/dags/sodai/__init__.py                               0           0  0.05s           2025-11-18T18:41:31
================================================================================
[2025-11-18T18:42:09.660+0000] {manager.py:878} INFO - 
================================================================================
DAG File Processing Stats

File Path                                PID    Runtime      # DAGs    # Errors  Last Runtime    Last Run
---------------------------------------  -----  ---------  --------  ----------  --------------  -------------------
/opt/airflow/dags/sodai_pipeline_dag.py                           1           0  0.12s           2025-11-18T18:42:01
/opt/airflow/dags/sodai/__init__.py                               0           0  0.07s           2025-11-18T18:42:01
================================================================================
[2025-11-18T18:42:39.294+0000] {manager.py:878} INFO - 
================================================================================
DAG File Processing Stats

File Path                                PID    Runtime      # DAGs    # Errors  Last Runtime    Last Run
---------------------------------------  -----  ---------  --------  ----------  --------------  -------------------
/opt/airflow/dags/sodai_pipeline_dag.py                           1           0  0.10s           2025-11-18T18:42:32
/opt/airflow/dags/sodai/__init__.py                               0           0  0.05s           2025-11-18T18:42:32
================================================================================
[2025-11-18T18:43:08.946+0000] {manager.py:878} INFO - 
================================================================================
DAG File Processing Stats

File Path                                PID    Runtime      # DAGs    # Errors  Last Runtime    Last Run
---------------------------------------  -----  ---------  --------  ----------  --------------  -------------------
/opt/airflow/dags/sodai_pipeline_dag.py                           1           0  0.09s           2025-11-18T18:43:02
/opt/airflow/dags/sodai/__init__.py                               0           0  0.05s           2025-11-18T18:43:02
================================================================================
[2025-11-18T18:43:38.676+0000] {manager.py:878} INFO - 
================================================================================
DAG File Processing Stats

File Path                                PID    Runtime      # DAGs    # Errors  Last Runtime    Last Run
---------------------------------------  -----  ---------  --------  ----------  --------------  -------------------
/opt/airflow/dags/sodai_pipeline_dag.py                           1           0  0.10s           2025-11-18T18:43:33
/opt/airflow/dags/sodai/__init__.py                               0           0  0.05s           2025-11-18T18:43:33
================================================================================
[2025-11-18T18:43:55.211+0000] {manager.py:737} INFO - Searching for files in /opt/airflow/dags
[2025-11-18T18:43:55.606+0000] {manager.py:740} INFO - There are 2 files in /opt/airflow/dags
[2025-11-18T18:44:07.872+0000] {manager.py:878} INFO - 
================================================================================
DAG File Processing Stats

File Path                                PID    Runtime      # DAGs    # Errors  Last Runtime    Last Run
---------------------------------------  -----  ---------  --------  ----------  --------------  -------------------
/opt/airflow/dags/sodai_pipeline_dag.py                           1           0  0.09s           2025-11-18T18:44:03
/opt/airflow/dags/sodai/__init__.py                               0           0  0.04s           2025-11-18T18:44:03
================================================================================
[2025-11-18T18:44:37.370+0000] {manager.py:878} INFO - 
================================================================================
DAG File Processing Stats

File Path                                PID    Runtime      # DAGs    # Errors  Last Runtime    Last Run
---------------------------------------  -----  ---------  --------  ----------  --------------  -------------------
/opt/airflow/dags/sodai_pipeline_dag.py                           1           0  0.08s           2025-11-18T18:44:34
/opt/airflow/dags/sodai/__init__.py                               0           0  0.04s           2025-11-18T18:44:34
================================================================================
[2025-11-18T18:45:06.828+0000] {manager.py:878} INFO - 
================================================================================
DAG File Processing Stats

File Path                                PID    Runtime      # DAGs    # Errors  Last Runtime    Last Run
---------------------------------------  -----  ---------  --------  ----------  --------------  -------------------
/opt/airflow/dags/sodai_pipeline_dag.py                           1           0  0.10s           2025-11-18T18:45:04
/opt/airflow/dags/sodai/__init__.py                               0           0  0.05s           2025-11-18T18:45:04
================================================================================
[2025-11-18T18:45:36.326+0000] {manager.py:878} INFO - 
================================================================================
DAG File Processing Stats

File Path                                PID    Runtime      # DAGs    # Errors  Last Runtime    Last Run
---------------------------------------  -----  ---------  --------  ----------  --------------  -------------------
/opt/airflow/dags/sodai_pipeline_dag.py                           1           0  0.12s           2025-11-18T18:45:35
/opt/airflow/dags/sodai/__init__.py                               0           0  0.06s           2025-11-18T18:45:35
================================================================================
[2025-11-18T18:46:05.859+0000] {manager.py:878} INFO - 
================================================================================
DAG File Processing Stats

File Path                                  PID  Runtime      # DAGs    # Errors  Last Runtime    Last Run
---------------------------------------  -----  ---------  --------  ----------  --------------  -------------------
/opt/airflow/dags/sodai_pipeline_dag.py   3737  0.04s             1           0  0.12s           2025-11-18T18:45:35
/opt/airflow/dags/sodai/__init__.py       3740  0.00s             0           0  0.06s           2025-11-18T18:45:35
================================================================================
[2025-11-18T18:46:35.708+0000] {manager.py:878} INFO - 
================================================================================
DAG File Processing Stats

File Path                                PID    Runtime      # DAGs    # Errors  Last Runtime    Last Run
---------------------------------------  -----  ---------  --------  ----------  --------------  -------------------
/opt/airflow/dags/sodai_pipeline_dag.py                           1           0  0.15s           2025-11-18T18:46:05
/opt/airflow/dags/sodai/__init__.py                               0           0  0.08s           2025-11-18T18:46:05
================================================================================
[2025-11-18T18:47:05.489+0000] {manager.py:878} INFO - 
================================================================================
DAG File Processing Stats

File Path                                PID    Runtime      # DAGs    # Errors  Last Runtime    Last Run
---------------------------------------  -----  ---------  --------  ----------  --------------  -------------------
/opt/airflow/dags/sodai_pipeline_dag.py                           1           0  0.14s           2025-11-18T18:46:36
/opt/airflow/dags/sodai/__init__.py                               0           0  0.09s           2025-11-18T18:46:36
================================================================================
[2025-11-18T18:47:35.178+0000] {manager.py:878} INFO - 
================================================================================
DAG File Processing Stats

File Path                                PID    Runtime      # DAGs    # Errors  Last Runtime    Last Run
---------------------------------------  -----  ---------  --------  ----------  --------------  -------------------
/opt/airflow/dags/sodai_pipeline_dag.py                           1           0  0.16s           2025-11-18T18:47:07
/opt/airflow/dags/sodai/__init__.py                               0           0  0.12s           2025-11-18T18:47:07
================================================================================
[2025-11-18T18:48:04.899+0000] {manager.py:878} INFO - 
================================================================================
DAG File Processing Stats

File Path                                PID    Runtime      # DAGs    # Errors  Last Runtime    Last Run
---------------------------------------  -----  ---------  --------  ----------  --------------  -------------------
/opt/airflow/dags/sodai_pipeline_dag.py                           1           0  0.08s           2025-11-18T18:47:38
/opt/airflow/dags/sodai/__init__.py                               0           0  0.04s           2025-11-18T18:47:38
================================================================================
[2025-11-18T18:48:34.820+0000] {manager.py:878} INFO - 
================================================================================
DAG File Processing Stats

File Path                                PID    Runtime      # DAGs    # Errors  Last Runtime    Last Run
---------------------------------------  -----  ---------  --------  ----------  --------------  -------------------
/opt/airflow/dags/sodai_pipeline_dag.py                           1           0  0.09s           2025-11-18T18:48:09
/opt/airflow/dags/sodai/__init__.py                               0           0  0.04s           2025-11-18T18:48:09
================================================================================
[2025-11-18T18:48:55.373+0000] {manager.py:737} INFO - Searching for files in /opt/airflow/dags
[2025-11-18T18:48:55.455+0000] {manager.py:740} INFO - There are 2 files in /opt/airflow/dags
[2025-11-18T18:49:04.592+0000] {manager.py:878} INFO - 
================================================================================
DAG File Processing Stats

File Path                                PID    Runtime      # DAGs    # Errors  Last Runtime    Last Run
---------------------------------------  -----  ---------  --------  ----------  --------------  -------------------
/opt/airflow/dags/sodai_pipeline_dag.py                           1           0  0.13s           2025-11-18T18:48:40
/opt/airflow/dags/sodai/__init__.py                               0           0  0.04s           2025-11-18T18:48:39
================================================================================
[2025-11-18T18:49:34.287+0000] {manager.py:878} INFO - 
================================================================================
DAG File Processing Stats

File Path                                PID    Runtime      # DAGs    # Errors  Last Runtime    Last Run
---------------------------------------  -----  ---------  --------  ----------  --------------  -------------------
/opt/airflow/dags/sodai_pipeline_dag.py                           1           0  0.08s           2025-11-18T18:49:10
/opt/airflow/dags/sodai/__init__.py                               0           0  0.04s           2025-11-18T18:49:10
================================================================================
[2025-11-18T18:50:04.010+0000] {manager.py:878} INFO - 
================================================================================
DAG File Processing Stats

File Path                                PID    Runtime      # DAGs    # Errors  Last Runtime    Last Run
---------------------------------------  -----  ---------  --------  ----------  --------------  -------------------
/opt/airflow/dags/sodai_pipeline_dag.py                           1           0  0.09s           2025-11-18T18:49:41
/opt/airflow/dags/sodai/__init__.py                               0           0  0.04s           2025-11-18T18:49:41
================================================================================
[2025-11-18T18:50:33.773+0000] {manager.py:878} INFO - 
================================================================================
DAG File Processing Stats

File Path                                PID    Runtime      # DAGs    # Errors  Last Runtime    Last Run
---------------------------------------  -----  ---------  --------  ----------  --------------  -------------------
/opt/airflow/dags/sodai_pipeline_dag.py                           1           0  0.09s           2025-11-18T18:50:12
/opt/airflow/dags/sodai/__init__.py                               0           0  0.04s           2025-11-18T18:50:12
================================================================================
[2025-11-18T18:51:03.554+0000] {manager.py:878} INFO - 
================================================================================
DAG File Processing Stats

File Path                                PID    Runtime      # DAGs    # Errors  Last Runtime    Last Run
---------------------------------------  -----  ---------  --------  ----------  --------------  -------------------
/opt/airflow/dags/sodai_pipeline_dag.py                           1           0  0.09s           2025-11-18T18:50:43
/opt/airflow/dags/sodai/__init__.py                               0           0  0.05s           2025-11-18T18:50:43
================================================================================
[2025-11-18T18:51:33.202+0000] {manager.py:878} INFO - 
================================================================================
DAG File Processing Stats

File Path                                PID    Runtime      # DAGs    # Errors  Last Runtime    Last Run
---------------------------------------  -----  ---------  --------  ----------  --------------  -------------------
/opt/airflow/dags/sodai_pipeline_dag.py                           1           0  0.08s           2025-11-18T18:51:13
/opt/airflow/dags/sodai/__init__.py                               0           0  0.04s           2025-11-18T18:51:13
================================================================================
[2025-11-18T18:52:02.827+0000] {manager.py:878} INFO - 
================================================================================
DAG File Processing Stats

File Path                                PID    Runtime      # DAGs    # Errors  Last Runtime    Last Run
---------------------------------------  -----  ---------  --------  ----------  --------------  -------------------
/opt/airflow/dags/sodai_pipeline_dag.py                           1           0  0.09s           2025-11-18T18:51:44
/opt/airflow/dags/sodai/__init__.py                               0           0  0.04s           2025-11-18T18:51:44
================================================================================
[2025-11-18T18:52:32.578+0000] {manager.py:878} INFO - 
================================================================================
DAG File Processing Stats

File Path                                PID    Runtime      # DAGs    # Errors  Last Runtime    Last Run
---------------------------------------  -----  ---------  --------  ----------  --------------  -------------------
/opt/airflow/dags/sodai_pipeline_dag.py                           1           0  0.09s           2025-11-18T18:52:15
/opt/airflow/dags/sodai/__init__.py                               0           0  0.05s           2025-11-18T18:52:15
================================================================================
[2025-11-18T18:53:02.201+0000] {manager.py:878} INFO - 
================================================================================
DAG File Processing Stats

File Path                                PID    Runtime      # DAGs    # Errors  Last Runtime    Last Run
---------------------------------------  -----  ---------  --------  ----------  --------------  -------------------
/opt/airflow/dags/sodai_pipeline_dag.py                           1           0  0.11s           2025-11-18T18:52:46
/opt/airflow/dags/sodai/__init__.py                               0           0  0.07s           2025-11-18T18:52:45
================================================================================
[2025-11-18T18:53:32.119+0000] {manager.py:878} INFO - 
================================================================================
DAG File Processing Stats

File Path                                PID    Runtime      # DAGs    # Errors  Last Runtime    Last Run
---------------------------------------  -----  ---------  --------  ----------  --------------  -------------------
/opt/airflow/dags/sodai_pipeline_dag.py                           1           0  0.14s           2025-11-18T18:53:16
/opt/airflow/dags/sodai/__init__.py                               0           0  0.09s           2025-11-18T18:53:16
================================================================================
[2025-11-18T18:53:55.761+0000] {manager.py:737} INFO - Searching for files in /opt/airflow/dags
[2025-11-18T18:53:55.936+0000] {manager.py:740} INFO - There are 2 files in /opt/airflow/dags
[2025-11-18T18:54:02.126+0000] {manager.py:878} INFO - 
================================================================================
DAG File Processing Stats

File Path                                PID    Runtime      # DAGs    # Errors  Last Runtime    Last Run
---------------------------------------  -----  ---------  --------  ----------  --------------  -------------------
/opt/airflow/dags/sodai_pipeline_dag.py                           1           0  0.09s           2025-11-18T18:53:47
/opt/airflow/dags/sodai/__init__.py                               0           0  0.05s           2025-11-18T18:53:47
================================================================================
[2025-11-18T18:54:31.515+0000] {manager.py:878} INFO - 
================================================================================
DAG File Processing Stats

File Path                                PID    Runtime      # DAGs    # Errors  Last Runtime    Last Run
---------------------------------------  -----  ---------  --------  ----------  --------------  -------------------
/opt/airflow/dags/sodai_pipeline_dag.py                           1           0  0.10s           2025-11-18T18:54:17
/opt/airflow/dags/sodai/__init__.py                               0           0  0.07s           2025-11-18T18:54:17
================================================================================
[2025-11-18T18:55:00.727+0000] {manager.py:878} INFO - 
================================================================================
DAG File Processing Stats

File Path                                PID    Runtime      # DAGs    # Errors  Last Runtime    Last Run
---------------------------------------  -----  ---------  --------  ----------  --------------  -------------------
/opt/airflow/dags/sodai_pipeline_dag.py                           1           0  0.10s           2025-11-18T18:54:48
/opt/airflow/dags/sodai/__init__.py                               0           0  0.05s           2025-11-18T18:54:48
================================================================================
[2025-11-18T18:55:30.370+0000] {manager.py:878} INFO - 
================================================================================
DAG File Processing Stats

File Path                                PID    Runtime      # DAGs    # Errors  Last Runtime    Last Run
---------------------------------------  -----  ---------  --------  ----------  --------------  -------------------
/opt/airflow/dags/sodai_pipeline_dag.py                           1           0  0.08s           2025-11-18T18:55:19
/opt/airflow/dags/sodai/__init__.py                               0           0  0.04s           2025-11-18T18:55:19
================================================================================
[2025-11-18T18:56:00.286+0000] {manager.py:878} INFO - 
================================================================================
DAG File Processing Stats

File Path                                PID    Runtime      # DAGs    # Errors  Last Runtime    Last Run
---------------------------------------  -----  ---------  --------  ----------  --------------  -------------------
/opt/airflow/dags/sodai_pipeline_dag.py                           1           0  0.09s           2025-11-18T18:55:49
/opt/airflow/dags/sodai/__init__.py                               0           0  0.05s           2025-11-18T18:55:49
================================================================================
[2025-11-18T18:56:29.985+0000] {manager.py:878} INFO - 
================================================================================
DAG File Processing Stats

File Path                                PID    Runtime      # DAGs    # Errors  Last Runtime    Last Run
---------------------------------------  -----  ---------  --------  ----------  --------------  -------------------
/opt/airflow/dags/sodai_pipeline_dag.py                           1           0  0.09s           2025-11-18T18:56:20
/opt/airflow/dags/sodai/__init__.py                               0           0  0.05s           2025-11-18T18:56:20
================================================================================
[2025-11-18T18:56:59.683+0000] {manager.py:878} INFO - 
================================================================================
DAG File Processing Stats

File Path                                PID    Runtime      # DAGs    # Errors  Last Runtime    Last Run
---------------------------------------  -----  ---------  --------  ----------  --------------  -------------------
/opt/airflow/dags/sodai_pipeline_dag.py                           1           0  0.08s           2025-11-18T18:56:51
/opt/airflow/dags/sodai/__init__.py                               0           0  0.04s           2025-11-18T18:56:51
================================================================================
[2025-11-18T18:57:29.297+0000] {manager.py:878} INFO - 
================================================================================
DAG File Processing Stats

File Path                                PID    Runtime      # DAGs    # Errors  Last Runtime    Last Run
---------------------------------------  -----  ---------  --------  ----------  --------------  -------------------
/opt/airflow/dags/sodai_pipeline_dag.py                           1           0  0.09s           2025-11-18T18:57:22
/opt/airflow/dags/sodai/__init__.py                               0           0  0.04s           2025-11-18T18:57:22
================================================================================
[2025-11-18T18:57:58.982+0000] {manager.py:878} INFO - 
================================================================================
DAG File Processing Stats

File Path                                PID    Runtime      # DAGs    # Errors  Last Runtime    Last Run
---------------------------------------  -----  ---------  --------  ----------  --------------  -------------------
/opt/airflow/dags/sodai_pipeline_dag.py                           1           0  0.09s           2025-11-18T18:57:52
/opt/airflow/dags/sodai/__init__.py                               0           0  0.04s           2025-11-18T18:57:52
================================================================================
[2025-11-18T18:58:28.742+0000] {manager.py:878} INFO - 
================================================================================
DAG File Processing Stats

File Path                                PID    Runtime      # DAGs    # Errors  Last Runtime    Last Run
---------------------------------------  -----  ---------  --------  ----------  --------------  -------------------
/opt/airflow/dags/sodai_pipeline_dag.py                           1           0  0.08s           2025-11-18T18:58:23
/opt/airflow/dags/sodai/__init__.py                               0           0  0.04s           2025-11-18T18:58:23
================================================================================
[2025-11-18T18:58:56.498+0000] {manager.py:737} INFO - Searching for files in /opt/airflow/dags
[2025-11-18T18:58:56.574+0000] {manager.py:740} INFO - There are 2 files in /opt/airflow/dags
[2025-11-18T18:58:58.599+0000] {manager.py:878} INFO - 
================================================================================
DAG File Processing Stats

File Path                                PID    Runtime      # DAGs    # Errors  Last Runtime    Last Run
---------------------------------------  -----  ---------  --------  ----------  --------------  -------------------
/opt/airflow/dags/sodai_pipeline_dag.py                           1           0  0.10s           2025-11-18T18:58:54
/opt/airflow/dags/sodai/__init__.py                               0           0  0.06s           2025-11-18T18:58:54
================================================================================
[2025-11-18T18:59:28.236+0000] {manager.py:878} INFO - 
================================================================================
DAG File Processing Stats

File Path                                PID    Runtime      # DAGs    # Errors  Last Runtime    Last Run
---------------------------------------  -----  ---------  --------  ----------  --------------  -------------------
/opt/airflow/dags/sodai_pipeline_dag.py                           1           0  0.11s           2025-11-18T18:59:25
/opt/airflow/dags/sodai/__init__.py                               0           0  0.05s           2025-11-18T18:59:25
================================================================================
[2025-11-18T18:59:58.148+0000] {manager.py:878} INFO - 
================================================================================
DAG File Processing Stats

File Path                                PID    Runtime      # DAGs    # Errors  Last Runtime    Last Run
---------------------------------------  -----  ---------  --------  ----------  --------------  -------------------
/opt/airflow/dags/sodai_pipeline_dag.py                           1           0  0.15s           2025-11-18T18:59:56
/opt/airflow/dags/sodai/__init__.py                               0           0  0.15s           2025-11-18T18:59:56
================================================================================
[2025-11-18T19:00:27.789+0000] {manager.py:878} INFO - 
================================================================================
DAG File Processing Stats

File Path                                PID    Runtime      # DAGs    # Errors  Last Runtime    Last Run
---------------------------------------  -----  ---------  --------  ----------  --------------  -------------------
/opt/airflow/dags/sodai_pipeline_dag.py                           1           0  0.10s           2025-11-18T19:00:26
/opt/airflow/dags/sodai/__init__.py                               0           0  0.05s           2025-11-18T19:00:26
================================================================================
[2025-11-18T19:00:57.425+0000] {manager.py:878} INFO - 
================================================================================
DAG File Processing Stats

File Path                                  PID  Runtime      # DAGs    # Errors  Last Runtime    Last Run
---------------------------------------  -----  ---------  --------  ----------  --------------  -------------------
/opt/airflow/dags/sodai_pipeline_dag.py   4027  0.02s             1           0  0.10s           2025-11-18T19:00:26
/opt/airflow/dags/sodai/__init__.py       4030  0.00s             0           0  0.05s           2025-11-18T19:00:26
================================================================================
[2025-11-18T19:01:27.196+0000] {manager.py:878} INFO - 
================================================================================
DAG File Processing Stats

File Path                                PID    Runtime      # DAGs    # Errors  Last Runtime    Last Run
---------------------------------------  -----  ---------  --------  ----------  --------------  -------------------
/opt/airflow/dags/sodai_pipeline_dag.py                           1           0  0.09s           2025-11-18T19:00:57
/opt/airflow/dags/sodai/__init__.py                               0           0  0.08s           2025-11-18T19:00:57
================================================================================
[2025-11-18T19:01:56.695+0000] {manager.py:878} INFO - 
================================================================================
DAG File Processing Stats

File Path                                PID    Runtime      # DAGs    # Errors  Last Runtime    Last Run
---------------------------------------  -----  ---------  --------  ----------  --------------  -------------------
/opt/airflow/dags/sodai_pipeline_dag.py                           1           0  0.10s           2025-11-18T19:01:28
/opt/airflow/dags/sodai/__init__.py                               0           0  0.05s           2025-11-18T19:01:28
================================================================================
[2025-11-18T19:02:26.273+0000] {manager.py:878} INFO - 
================================================================================
DAG File Processing Stats

File Path                                PID    Runtime      # DAGs    # Errors  Last Runtime    Last Run
---------------------------------------  -----  ---------  --------  ----------  --------------  -------------------
/opt/airflow/dags/sodai_pipeline_dag.py                           1           0  0.09s           2025-11-18T19:01:58
/opt/airflow/dags/sodai/__init__.py                               0           0  0.05s           2025-11-18T19:01:58
================================================================================
[2025-11-18T19:02:55.870+0000] {manager.py:878} INFO - 
================================================================================
DAG File Processing Stats

File Path                                PID    Runtime      # DAGs    # Errors  Last Runtime    Last Run
---------------------------------------  -----  ---------  --------  ----------  --------------  -------------------
/opt/airflow/dags/sodai_pipeline_dag.py                           1           0  0.08s           2025-11-18T19:02:29
/opt/airflow/dags/sodai/__init__.py                               0           0  0.06s           2025-11-18T19:02:29
================================================================================
[2025-11-18T19:03:25.654+0000] {manager.py:878} INFO - 
================================================================================
DAG File Processing Stats

File Path                                PID    Runtime      # DAGs    # Errors  Last Runtime    Last Run
---------------------------------------  -----  ---------  --------  ----------  --------------  -------------------
/opt/airflow/dags/sodai_pipeline_dag.py                           1           0  0.09s           2025-11-18T19:03:00
/opt/airflow/dags/sodai/__init__.py                               0           0  0.05s           2025-11-18T19:02:59
================================================================================
[2025-11-18T19:03:55.200+0000] {manager.py:878} INFO - 
================================================================================
DAG File Processing Stats

File Path                                PID    Runtime      # DAGs    # Errors  Last Runtime    Last Run
---------------------------------------  -----  ---------  --------  ----------  --------------  -------------------
/opt/airflow/dags/sodai_pipeline_dag.py                           1           0  0.09s           2025-11-18T19:03:30
/opt/airflow/dags/sodai/__init__.py                               0           0  0.04s           2025-11-18T19:03:30
================================================================================
[2025-11-18T19:03:57.222+0000] {manager.py:737} INFO - Searching for files in /opt/airflow/dags
[2025-11-18T19:03:57.322+0000] {manager.py:740} INFO - There are 2 files in /opt/airflow/dags
[2025-11-18T19:04:24.900+0000] {manager.py:878} INFO - 
================================================================================
DAG File Processing Stats

File Path                                PID    Runtime      # DAGs    # Errors  Last Runtime    Last Run
---------------------------------------  -----  ---------  --------  ----------  --------------  -------------------
/opt/airflow/dags/sodai_pipeline_dag.py                           1           0  0.12s           2025-11-18T19:04:01
/opt/airflow/dags/sodai/__init__.py                               0           0  0.07s           2025-11-18T19:04:01
================================================================================
[2025-11-18T19:04:54.419+0000] {manager.py:878} INFO - 
================================================================================
DAG File Processing Stats

File Path                                PID    Runtime      # DAGs    # Errors  Last Runtime    Last Run
---------------------------------------  -----  ---------  --------  ----------  --------------  -------------------
/opt/airflow/dags/sodai_pipeline_dag.py                           1           0  0.09s           2025-11-18T19:04:32
/opt/airflow/dags/sodai/__init__.py                               0           0  0.04s           2025-11-18T19:04:32
================================================================================
[2025-11-18T19:05:24.132+0000] {manager.py:878} INFO - 
================================================================================
DAG File Processing Stats

File Path                                PID    Runtime      # DAGs    # Errors  Last Runtime    Last Run
---------------------------------------  -----  ---------  --------  ----------  --------------  -------------------
/opt/airflow/dags/sodai_pipeline_dag.py                           1           0  0.08s           2025-11-18T19:05:02
/opt/airflow/dags/sodai/__init__.py                               0           0  0.04s           2025-11-18T19:05:02
================================================================================
[2025-11-18T19:05:53.739+0000] {manager.py:878} INFO - 
================================================================================
DAG File Processing Stats

File Path                                PID    Runtime      # DAGs    # Errors  Last Runtime    Last Run
---------------------------------------  -----  ---------  --------  ----------  --------------  -------------------
/opt/airflow/dags/sodai_pipeline_dag.py                           1           0  0.08s           2025-11-18T19:05:33
/opt/airflow/dags/sodai/__init__.py                               0           0  0.05s           2025-11-18T19:05:33
================================================================================
[2025-11-18T19:06:23.476+0000] {manager.py:878} INFO - 
================================================================================
DAG File Processing Stats

File Path                                PID    Runtime      # DAGs    # Errors  Last Runtime    Last Run
---------------------------------------  -----  ---------  --------  ----------  --------------  -------------------
/opt/airflow/dags/sodai_pipeline_dag.py                           1           0  0.15s           2025-11-18T19:06:04
/opt/airflow/dags/sodai/__init__.py                               0           0  0.11s           2025-11-18T19:06:04
================================================================================
[2025-11-18T19:06:53.073+0000] {manager.py:878} INFO - 
================================================================================
DAG File Processing Stats

File Path                                PID    Runtime      # DAGs    # Errors  Last Runtime    Last Run
---------------------------------------  -----  ---------  --------  ----------  --------------  -------------------
/opt/airflow/dags/sodai_pipeline_dag.py                           1           0  0.10s           2025-11-18T19:06:34
/opt/airflow/dags/sodai/__init__.py                               0           0  0.06s           2025-11-18T19:06:34
================================================================================
[2025-11-18T19:07:22.679+0000] {manager.py:878} INFO - 
================================================================================
DAG File Processing Stats

File Path                                PID    Runtime      # DAGs    # Errors  Last Runtime    Last Run
---------------------------------------  -----  ---------  --------  ----------  --------------  -------------------
/opt/airflow/dags/sodai_pipeline_dag.py                           1           0  0.09s           2025-11-18T19:07:05
/opt/airflow/dags/sodai/__init__.py                               0           0  0.04s           2025-11-18T19:07:05
================================================================================
[2025-11-18T19:07:52.253+0000] {manager.py:878} INFO - 
================================================================================
DAG File Processing Stats

File Path                                PID    Runtime      # DAGs    # Errors  Last Runtime    Last Run
---------------------------------------  -----  ---------  --------  ----------  --------------  -------------------
/opt/airflow/dags/sodai_pipeline_dag.py                           1           0  0.08s           2025-11-18T19:07:35
/opt/airflow/dags/sodai/__init__.py                               0           0  0.04s           2025-11-18T19:07:35
================================================================================
[2025-11-18T19:08:21.795+0000] {manager.py:878} INFO - 
================================================================================
DAG File Processing Stats

File Path                                PID    Runtime      # DAGs    # Errors  Last Runtime    Last Run
---------------------------------------  -----  ---------  --------  ----------  --------------  -------------------
/opt/airflow/dags/sodai_pipeline_dag.py                           1           0  0.09s           2025-11-18T19:08:06
/opt/airflow/dags/sodai/__init__.py                               0           0  0.04s           2025-11-18T19:08:06
================================================================================
[2025-11-18T19:08:51.365+0000] {manager.py:878} INFO - 
================================================================================
DAG File Processing Stats

File Path                                PID    Runtime      # DAGs    # Errors  Last Runtime    Last Run
---------------------------------------  -----  ---------  --------  ----------  --------------  -------------------
/opt/airflow/dags/sodai_pipeline_dag.py                           1           0  0.15s           2025-11-18T19:08:37
/opt/airflow/dags/sodai/__init__.py                               0           0  0.09s           2025-11-18T19:08:37
================================================================================
[2025-11-18T19:08:57.431+0000] {manager.py:737} INFO - Searching for files in /opt/airflow/dags
[2025-11-18T19:08:57.758+0000] {manager.py:740} INFO - There are 2 files in /opt/airflow/dags
[2025-11-18T19:09:21.392+0000] {manager.py:878} INFO - 
================================================================================
DAG File Processing Stats

File Path                                PID    Runtime      # DAGs    # Errors  Last Runtime    Last Run
---------------------------------------  -----  ---------  --------  ----------  --------------  -------------------
/opt/airflow/dags/sodai_pipeline_dag.py                           1           0  0.10s           2025-11-18T19:09:08
/opt/airflow/dags/sodai/__init__.py                               0           0  0.06s           2025-11-18T19:09:08
================================================================================
[2025-11-18T19:09:50.970+0000] {manager.py:878} INFO - 
================================================================================
DAG File Processing Stats

File Path                                PID    Runtime      # DAGs    # Errors  Last Runtime    Last Run
---------------------------------------  -----  ---------  --------  ----------  --------------  -------------------
/opt/airflow/dags/sodai_pipeline_dag.py                           1           0  0.09s           2025-11-18T19:09:38
/opt/airflow/dags/sodai/__init__.py                               0           0  0.05s           2025-11-18T19:09:38
================================================================================
[2025-11-18T19:10:20.773+0000] {manager.py:878} INFO - 
================================================================================
DAG File Processing Stats

File Path                                PID    Runtime      # DAGs    # Errors  Last Runtime    Last Run
---------------------------------------  -----  ---------  --------  ----------  --------------  -------------------
/opt/airflow/dags/sodai_pipeline_dag.py                           1           0  0.09s           2025-11-18T19:10:09
/opt/airflow/dags/sodai/__init__.py                               0           0  0.04s           2025-11-18T19:10:09
================================================================================
[2025-11-18T19:10:50.340+0000] {manager.py:878} INFO - 
================================================================================
DAG File Processing Stats

File Path                                PID    Runtime      # DAGs    # Errors  Last Runtime    Last Run
---------------------------------------  -----  ---------  --------  ----------  --------------  -------------------
/opt/airflow/dags/sodai_pipeline_dag.py                           1           0  0.08s           2025-11-18T19:10:40
/opt/airflow/dags/sodai/__init__.py                               0           0  0.04s           2025-11-18T19:10:40
================================================================================
[2025-11-18T19:11:19.853+0000] {manager.py:878} INFO - 
================================================================================
DAG File Processing Stats

File Path                                PID    Runtime      # DAGs    # Errors  Last Runtime    Last Run
---------------------------------------  -----  ---------  --------  ----------  --------------  -------------------
/opt/airflow/dags/sodai_pipeline_dag.py                           1           0  0.13s           2025-11-18T19:11:10
/opt/airflow/dags/sodai/__init__.py                               0           0  0.05s           2025-11-18T19:11:10
================================================================================
[2025-11-18T19:11:49.586+0000] {manager.py:878} INFO - 
================================================================================
DAG File Processing Stats

File Path                                PID    Runtime      # DAGs    # Errors  Last Runtime    Last Run
---------------------------------------  -----  ---------  --------  ----------  --------------  -------------------
/opt/airflow/dags/sodai_pipeline_dag.py                           1           0  0.12s           2025-11-18T19:11:41
/opt/airflow/dags/sodai/__init__.py                               0           0  0.11s           2025-11-18T19:11:41
================================================================================
[2025-11-18T19:12:19.406+0000] {manager.py:878} INFO - 
================================================================================
DAG File Processing Stats

File Path                                PID    Runtime      # DAGs    # Errors  Last Runtime    Last Run
---------------------------------------  -----  ---------  --------  ----------  --------------  -------------------
/opt/airflow/dags/sodai_pipeline_dag.py                           1           0  0.10s           2025-11-18T19:12:12
/opt/airflow/dags/sodai/__init__.py                               0           0  0.05s           2025-11-18T19:12:12
================================================================================
[2025-11-18T19:12:49.119+0000] {manager.py:878} INFO - 
================================================================================
DAG File Processing Stats

File Path                                PID    Runtime      # DAGs    # Errors  Last Runtime    Last Run
---------------------------------------  -----  ---------  --------  ----------  --------------  -------------------
/opt/airflow/dags/sodai_pipeline_dag.py                           1           0  0.09s           2025-11-18T19:12:43
/opt/airflow/dags/sodai/__init__.py                               0           0  0.04s           2025-11-18T19:12:42
================================================================================
[2025-11-18T19:13:18.881+0000] {manager.py:878} INFO - 
================================================================================
DAG File Processing Stats

File Path                                PID    Runtime      # DAGs    # Errors  Last Runtime    Last Run
---------------------------------------  -----  ---------  --------  ----------  --------------  -------------------
/opt/airflow/dags/sodai_pipeline_dag.py                           1           0  0.08s           2025-11-18T19:13:13
/opt/airflow/dags/sodai/__init__.py                               0           0  0.04s           2025-11-18T19:13:13
================================================================================
[2025-11-18T19:13:48.562+0000] {manager.py:878} INFO - 
================================================================================
DAG File Processing Stats

File Path                                PID    Runtime      # DAGs    # Errors  Last Runtime    Last Run
---------------------------------------  -----  ---------  --------  ----------  --------------  -------------------
/opt/airflow/dags/sodai/__init__.py                               0           0  0.16s           2025-11-18T19:13:44
/opt/airflow/dags/sodai_pipeline_dag.py                           1           0  0.14s           2025-11-18T19:13:44
================================================================================
[2025-11-18T19:13:57.896+0000] {manager.py:737} INFO - Searching for files in /opt/airflow/dags
[2025-11-18T19:13:58.073+0000] {manager.py:740} INFO - There are 2 files in /opt/airflow/dags
[2025-11-18T19:14:18.576+0000] {manager.py:878} INFO - 
================================================================================
DAG File Processing Stats

File Path                                PID    Runtime      # DAGs    # Errors  Last Runtime    Last Run
---------------------------------------  -----  ---------  --------  ----------  --------------  -------------------
/opt/airflow/dags/sodai_pipeline_dag.py                           1           0  0.09s           2025-11-18T19:14:15
/opt/airflow/dags/sodai/__init__.py                               0           0  0.04s           2025-11-18T19:14:15
================================================================================
[2025-11-18T19:14:48.199+0000] {manager.py:878} INFO - 
================================================================================
DAG File Processing Stats

File Path                                PID    Runtime      # DAGs    # Errors  Last Runtime    Last Run
---------------------------------------  -----  ---------  --------  ----------  --------------  -------------------
/opt/airflow/dags/sodai_pipeline_dag.py                           1           0  0.08s           2025-11-18T19:14:46
/opt/airflow/dags/sodai/__init__.py                               0           0  0.04s           2025-11-18T19:14:46
================================================================================
[2025-11-18T19:15:17.721+0000] {manager.py:878} INFO - 
================================================================================
DAG File Processing Stats

File Path                                PID    Runtime      # DAGs    # Errors  Last Runtime    Last Run
---------------------------------------  -----  ---------  --------  ----------  --------------  -------------------
/opt/airflow/dags/sodai_pipeline_dag.py                           1           0  0.08s           2025-11-18T19:15:16
/opt/airflow/dags/sodai/__init__.py                               0           0  0.04s           2025-11-18T19:15:16
================================================================================
[2025-11-18T19:15:47.232+0000] {manager.py:878} INFO - 
================================================================================
DAG File Processing Stats

File Path                                  PID  Runtime      # DAGs    # Errors  Last Runtime    Last Run
---------------------------------------  -----  ---------  --------  ----------  --------------  -------------------
/opt/airflow/dags/sodai_pipeline_dag.py   4317  0.01s             1           0  0.08s           2025-11-18T19:15:16
/opt/airflow/dags/sodai/__init__.py       4320  0.00s             0           0  0.04s           2025-11-18T19:15:16
================================================================================
[2025-11-18T19:16:16.812+0000] {manager.py:878} INFO - 
================================================================================
DAG File Processing Stats

File Path                                PID    Runtime      # DAGs    # Errors  Last Runtime    Last Run
---------------------------------------  -----  ---------  --------  ----------  --------------  -------------------
/opt/airflow/dags/sodai_pipeline_dag.py                           1           0  0.08s           2025-11-18T19:15:47
/opt/airflow/dags/sodai/__init__.py                               0           0  0.05s           2025-11-18T19:15:47
================================================================================
[2025-11-18T19:16:46.381+0000] {manager.py:878} INFO - 
================================================================================
DAG File Processing Stats

File Path                                PID    Runtime      # DAGs    # Errors  Last Runtime    Last Run
---------------------------------------  -----  ---------  --------  ----------  --------------  -------------------
/opt/airflow/dags/sodai_pipeline_dag.py                           1           0  0.09s           2025-11-18T19:16:17
/opt/airflow/dags/sodai/__init__.py                               0           0  0.05s           2025-11-18T19:16:17
================================================================================
[2025-11-18T19:17:15.987+0000] {manager.py:878} INFO - 
================================================================================
DAG File Processing Stats

File Path                                PID    Runtime      # DAGs    # Errors  Last Runtime    Last Run
---------------------------------------  -----  ---------  --------  ----------  --------------  -------------------
/opt/airflow/dags/sodai_pipeline_dag.py                           1           0  0.08s           2025-11-18T19:16:48
/opt/airflow/dags/sodai/__init__.py                               0           0  0.04s           2025-11-18T19:16:48
================================================================================
[2025-11-18T19:17:45.683+0000] {manager.py:878} INFO - 
================================================================================
DAG File Processing Stats

File Path                                PID    Runtime      # DAGs    # Errors  Last Runtime    Last Run
---------------------------------------  -----  ---------  --------  ----------  --------------  -------------------
/opt/airflow/dags/sodai_pipeline_dag.py                           1           0  0.09s           2025-11-18T19:17:19
/opt/airflow/dags/sodai/__init__.py                               0           0  0.04s           2025-11-18T19:17:19
================================================================================
[2025-11-18T19:18:15.321+0000] {manager.py:878} INFO - 
================================================================================
DAG File Processing Stats

File Path                                PID    Runtime      # DAGs    # Errors  Last Runtime    Last Run
---------------------------------------  -----  ---------  --------  ----------  --------------  -------------------
/opt/airflow/dags/sodai_pipeline_dag.py                           1           0  0.09s           2025-11-18T19:17:49
/opt/airflow/dags/sodai/__init__.py                               0           0  0.04s           2025-11-18T19:17:49
================================================================================
[2025-11-18T19:18:44.831+0000] {manager.py:878} INFO - 
================================================================================
DAG File Processing Stats

File Path                                PID    Runtime      # DAGs    # Errors  Last Runtime    Last Run
---------------------------------------  -----  ---------  --------  ----------  --------------  -------------------
/opt/airflow/dags/sodai_pipeline_dag.py                           1           0  0.09s           2025-11-18T19:18:20
/opt/airflow/dags/sodai/__init__.py                               0           0  0.04s           2025-11-18T19:18:20
================================================================================
[2025-11-18T19:18:58.196+0000] {manager.py:737} INFO - Searching for files in /opt/airflow/dags
[2025-11-18T19:18:58.305+0000] {manager.py:740} INFO - There are 2 files in /opt/airflow/dags
[2025-11-18T19:19:14.560+0000] {manager.py:878} INFO - 
================================================================================
DAG File Processing Stats

File Path                                PID    Runtime      # DAGs    # Errors  Last Runtime    Last Run
---------------------------------------  -----  ---------  --------  ----------  --------------  -------------------
/opt/airflow/dags/sodai_pipeline_dag.py                           1           0  0.10s           2025-11-18T19:18:51
/opt/airflow/dags/sodai/__init__.py                               0           0  0.05s           2025-11-18T19:18:51
================================================================================
[2025-11-18T19:19:44.122+0000] {manager.py:878} INFO - 
================================================================================
DAG File Processing Stats

File Path                                PID    Runtime      # DAGs    # Errors  Last Runtime    Last Run
---------------------------------------  -----  ---------  --------  ----------  --------------  -------------------
/opt/airflow/dags/sodai_pipeline_dag.py                           1           0  0.08s           2025-11-18T19:19:21
/opt/airflow/dags/sodai/__init__.py                               0           0  0.04s           2025-11-18T19:19:21
================================================================================
[2025-11-18T19:20:13.678+0000] {manager.py:878} INFO - 
================================================================================
DAG File Processing Stats

File Path                                PID    Runtime      # DAGs    # Errors  Last Runtime    Last Run
---------------------------------------  -----  ---------  --------  ----------  --------------  -------------------
/opt/airflow/dags/sodai_pipeline_dag.py                           1           0  0.10s           2025-11-18T19:19:52
/opt/airflow/dags/sodai/__init__.py                               0           0  0.04s           2025-11-18T19:19:52
================================================================================
[2025-11-18T19:20:43.379+0000] {manager.py:878} INFO - 
================================================================================
DAG File Processing Stats

File Path                                PID    Runtime      # DAGs    # Errors  Last Runtime    Last Run
---------------------------------------  -----  ---------  --------  ----------  --------------  -------------------
/opt/airflow/dags/sodai_pipeline_dag.py                           1           0  0.08s           2025-11-18T19:20:23
/opt/airflow/dags/sodai/__init__.py                               0           0  0.04s           2025-11-18T19:20:23
================================================================================
[2025-11-18T19:21:13.206+0000] {manager.py:878} INFO - 
================================================================================
DAG File Processing Stats

File Path                                PID    Runtime      # DAGs    # Errors  Last Runtime    Last Run
---------------------------------------  -----  ---------  --------  ----------  --------------  -------------------
/opt/airflow/dags/sodai_pipeline_dag.py                           1           0  0.08s           2025-11-18T19:20:53
/opt/airflow/dags/sodai/__init__.py                               0           0  0.04s           2025-11-18T19:20:53
================================================================================
[2025-11-18T19:21:43.103+0000] {manager.py:878} INFO - 
================================================================================
DAG File Processing Stats

File Path                                PID    Runtime      # DAGs    # Errors  Last Runtime    Last Run
---------------------------------------  -----  ---------  --------  ----------  --------------  -------------------
/opt/airflow/dags/sodai_pipeline_dag.py                           1           0  0.10s           2025-11-18T19:21:24
/opt/airflow/dags/sodai/__init__.py                               0           0  0.05s           2025-11-18T19:21:24
================================================================================
[2025-11-18T19:22:11.855+0000] {manager.py:878} INFO - 
================================================================================
DAG File Processing Stats

File Path                                PID    Runtime      # DAGs    # Errors  Last Runtime    Last Run
---------------------------------------  -----  ---------  --------  ----------  --------------  -------------------
/opt/airflow/dags/sodai_pipeline_dag.py                           1           0  0.08s           2025-11-18T19:21:55
/opt/airflow/dags/sodai/__init__.py                               0           0  0.04s           2025-11-18T19:21:55
================================================================================
[2025-11-18T19:22:41.674+0000] {manager.py:878} INFO - 
================================================================================
DAG File Processing Stats

File Path                                PID    Runtime      # DAGs    # Errors  Last Runtime    Last Run
---------------------------------------  -----  ---------  --------  ----------  --------------  -------------------
/opt/airflow/dags/sodai_pipeline_dag.py                           1           0  0.08s           2025-11-18T19:22:26
/opt/airflow/dags/sodai/__init__.py                               0           0  0.05s           2025-11-18T19:22:26
================================================================================
[2025-11-18T19:23:11.470+0000] {manager.py:878} INFO - 
================================================================================
DAG File Processing Stats

File Path                                PID    Runtime      # DAGs    # Errors  Last Runtime    Last Run
---------------------------------------  -----  ---------  --------  ----------  --------------  -------------------
/opt/airflow/dags/sodai_pipeline_dag.py                           1           0  0.08s           2025-11-18T19:22:57
/opt/airflow/dags/sodai/__init__.py                               0           0  0.05s           2025-11-18T19:22:57
================================================================================
[2025-11-18T19:23:41.279+0000] {manager.py:878} INFO - 
================================================================================
DAG File Processing Stats

File Path                                PID    Runtime      # DAGs    # Errors  Last Runtime    Last Run
---------------------------------------  -----  ---------  --------  ----------  --------------  -------------------
/opt/airflow/dags/sodai_pipeline_dag.py                           1           0  0.17s           2025-11-18T19:23:27
/opt/airflow/dags/sodai/__init__.py                               0           0  0.12s           2025-11-18T19:23:27
================================================================================
[2025-11-18T19:23:58.572+0000] {manager.py:737} INFO - Searching for files in /opt/airflow/dags
[2025-11-18T19:23:58.646+0000] {manager.py:740} INFO - There are 2 files in /opt/airflow/dags
[2025-11-18T19:24:11.109+0000] {manager.py:878} INFO - 
================================================================================
DAG File Processing Stats

File Path                                PID    Runtime      # DAGs    # Errors  Last Runtime    Last Run
---------------------------------------  -----  ---------  --------  ----------  --------------  -------------------
/opt/airflow/dags/sodai_pipeline_dag.py                           1           0  0.11s           2025-11-18T19:23:58
/opt/airflow/dags/sodai/__init__.py                               0           0  0.04s           2025-11-18T19:23:58
================================================================================
[2025-11-18T19:24:40.958+0000] {manager.py:878} INFO - 
================================================================================
DAG File Processing Stats

File Path                                PID    Runtime      # DAGs    # Errors  Last Runtime    Last Run
---------------------------------------  -----  ---------  --------  ----------  --------------  -------------------
/opt/airflow/dags/sodai_pipeline_dag.py                           1           0  0.09s           2025-11-18T19:24:29
/opt/airflow/dags/sodai/__init__.py                               0           0  0.05s           2025-11-18T19:24:29
================================================================================
[2025-11-18T19:25:10.609+0000] {manager.py:878} INFO - 
================================================================================
DAG File Processing Stats

File Path                                PID    Runtime      # DAGs    # Errors  Last Runtime    Last Run
---------------------------------------  -----  ---------  --------  ----------  --------------  -------------------
/opt/airflow/dags/sodai_pipeline_dag.py                           1           0  0.14s           2025-11-18T19:25:00
/opt/airflow/dags/sodai/__init__.py                               0           0  0.05s           2025-11-18T19:25:00
================================================================================
[2025-11-18T19:25:40.389+0000] {manager.py:878} INFO - 
================================================================================
DAG File Processing Stats

File Path                                PID    Runtime      # DAGs    # Errors  Last Runtime    Last Run
---------------------------------------  -----  ---------  --------  ----------  --------------  -------------------
/opt/airflow/dags/sodai_pipeline_dag.py                           1           0  0.09s           2025-11-18T19:25:31
/opt/airflow/dags/sodai/__init__.py                               0           0  0.05s           2025-11-18T19:25:31
================================================================================
[2025-11-18T19:26:10.090+0000] {manager.py:878} INFO - 
================================================================================
DAG File Processing Stats

File Path                                PID    Runtime      # DAGs    # Errors  Last Runtime    Last Run
---------------------------------------  -----  ---------  --------  ----------  --------------  -------------------
/opt/airflow/dags/sodai_pipeline_dag.py                           1           0  0.08s           2025-11-18T19:26:01
/opt/airflow/dags/sodai/__init__.py                               0           0  0.04s           2025-11-18T19:26:01
================================================================================
[2025-11-18T19:26:39.744+0000] {manager.py:878} INFO - 
================================================================================
DAG File Processing Stats

File Path                                PID    Runtime      # DAGs    # Errors  Last Runtime    Last Run
---------------------------------------  -----  ---------  --------  ----------  --------------  -------------------
/opt/airflow/dags/sodai_pipeline_dag.py                           1           0  0.09s           2025-11-18T19:26:32
/opt/airflow/dags/sodai/__init__.py                               0           0  0.05s           2025-11-18T19:26:32
================================================================================
[2025-11-18T19:27:09.500+0000] {manager.py:878} INFO - 
================================================================================
DAG File Processing Stats

File Path                                PID    Runtime      # DAGs    # Errors  Last Runtime    Last Run
---------------------------------------  -----  ---------  --------  ----------  --------------  -------------------
/opt/airflow/dags/sodai_pipeline_dag.py                           1           0  0.08s           2025-11-18T19:27:03
/opt/airflow/dags/sodai/__init__.py                               0           0  0.04s           2025-11-18T19:27:03
================================================================================
[2025-11-18T19:27:39.215+0000] {manager.py:878} INFO - 
================================================================================
DAG File Processing Stats

File Path                                PID    Runtime      # DAGs    # Errors  Last Runtime    Last Run
---------------------------------------  -----  ---------  --------  ----------  --------------  -------------------
/opt/airflow/dags/sodai_pipeline_dag.py                           1           0  0.09s           2025-11-18T19:27:34
/opt/airflow/dags/sodai/__init__.py                               0           0  0.04s           2025-11-18T19:27:34
================================================================================
[2025-11-18T19:28:08.884+0000] {manager.py:878} INFO - 
================================================================================
DAG File Processing Stats

File Path                                PID    Runtime      # DAGs    # Errors  Last Runtime    Last Run
---------------------------------------  -----  ---------  --------  ----------  --------------  -------------------
/opt/airflow/dags/sodai_pipeline_dag.py                           1           0  0.10s           2025-11-18T19:28:04
/opt/airflow/dags/sodai/__init__.py                               0           0  0.06s           2025-11-18T19:28:04
================================================================================
[2025-11-18T19:28:38.564+0000] {manager.py:878} INFO - 
================================================================================
DAG File Processing Stats

File Path                                PID    Runtime      # DAGs    # Errors  Last Runtime    Last Run
---------------------------------------  -----  ---------  --------  ----------  --------------  -------------------
/opt/airflow/dags/sodai_pipeline_dag.py                           1           0  0.10s           2025-11-18T19:28:35
/opt/airflow/dags/sodai/__init__.py                               0           0  0.05s           2025-11-18T19:28:35
================================================================================
[2025-11-18T19:28:58.882+0000] {manager.py:737} INFO - Searching for files in /opt/airflow/dags
[2025-11-18T19:28:59.310+0000] {manager.py:740} INFO - There are 2 files in /opt/airflow/dags
[2025-11-18T19:29:08.728+0000] {manager.py:878} INFO - 
================================================================================
DAG File Processing Stats

File Path                                PID    Runtime      # DAGs    # Errors  Last Runtime    Last Run
---------------------------------------  -----  ---------  --------  ----------  --------------  -------------------
/opt/airflow/dags/sodai_pipeline_dag.py                           1           0  0.09s           2025-11-18T19:29:05
/opt/airflow/dags/sodai/__init__.py                               0           0  0.05s           2025-11-18T19:29:05
================================================================================
[2025-11-18T19:29:38.352+0000] {manager.py:878} INFO - 
================================================================================
DAG File Processing Stats

File Path                                PID    Runtime      # DAGs    # Errors  Last Runtime    Last Run
---------------------------------------  -----  ---------  --------  ----------  --------------  -------------------
/opt/airflow/dags/sodai_pipeline_dag.py                           1           0  0.09s           2025-11-18T19:29:36
/opt/airflow/dags/sodai/__init__.py                               0           0  0.04s           2025-11-18T19:29:36
================================================================================
[2025-11-18T19:30:07.991+0000] {manager.py:878} INFO - 
================================================================================
DAG File Processing Stats

File Path                                PID    Runtime      # DAGs    # Errors  Last Runtime    Last Run
---------------------------------------  -----  ---------  --------  ----------  --------------  -------------------
/opt/airflow/dags/sodai_pipeline_dag.py                           1           0  0.09s           2025-11-18T19:30:07
/opt/airflow/dags/sodai/__init__.py                               0           0  0.04s           2025-11-18T19:30:06
================================================================================
[2025-11-18T19:30:37.613+0000] {manager.py:878} INFO - 
================================================================================
DAG File Processing Stats

File Path                                  PID  Runtime      # DAGs    # Errors  Last Runtime    Last Run
---------------------------------------  -----  ---------  --------  ----------  --------------  -------------------
/opt/airflow/dags/sodai_pipeline_dag.py   4629  0.01s             1           0  0.09s           2025-11-18T19:30:07
/opt/airflow/dags/sodai/__init__.py       4632  0.00s             0           0  0.04s           2025-11-18T19:30:06
================================================================================
[2025-11-18T19:31:07.169+0000] {manager.py:878} INFO - 
================================================================================
DAG File Processing Stats

File Path                                PID    Runtime      # DAGs    # Errors  Last Runtime    Last Run
---------------------------------------  -----  ---------  --------  ----------  --------------  -------------------
/opt/airflow/dags/sodai_pipeline_dag.py                           1           0  0.11s           2025-11-18T19:30:37
/opt/airflow/dags/sodai/__init__.py                               0           0  0.05s           2025-11-18T19:30:37
================================================================================
[2025-11-18T19:31:36.680+0000] {manager.py:878} INFO - 
================================================================================
DAG File Processing Stats

File Path                                PID    Runtime      # DAGs    # Errors  Last Runtime    Last Run
---------------------------------------  -----  ---------  --------  ----------  --------------  -------------------
/opt/airflow/dags/sodai_pipeline_dag.py                           1           0  0.09s           2025-11-18T19:31:08
/opt/airflow/dags/sodai/__init__.py                               0           0  0.05s           2025-11-18T19:31:08
================================================================================
[2025-11-18T19:32:06.298+0000] {manager.py:878} INFO - 
================================================================================
DAG File Processing Stats

File Path                                PID    Runtime      # DAGs    # Errors  Last Runtime    Last Run
---------------------------------------  -----  ---------  --------  ----------  --------------  -------------------
/opt/airflow/dags/sodai_pipeline_dag.py                           1           0  0.09s           2025-11-18T19:31:38
/opt/airflow/dags/sodai/__init__.py                               0           0  0.04s           2025-11-18T19:31:38
================================================================================
[2025-11-18T19:32:35.941+0000] {manager.py:878} INFO - 
================================================================================
DAG File Processing Stats

File Path                                PID    Runtime      # DAGs    # Errors  Last Runtime    Last Run
---------------------------------------  -----  ---------  --------  ----------  --------------  -------------------
/opt/airflow/dags/sodai_pipeline_dag.py                           1           0  0.08s           2025-11-18T19:32:09
/opt/airflow/dags/sodai/__init__.py                               0           0  0.04s           2025-11-18T19:32:09
================================================================================
[2025-11-18T19:33:05.836+0000] {manager.py:878} INFO - 
================================================================================
DAG File Processing Stats

File Path                                PID    Runtime      # DAGs    # Errors  Last Runtime    Last Run
---------------------------------------  -----  ---------  --------  ----------  --------------  -------------------
/opt/airflow/dags/sodai_pipeline_dag.py                           1           0  0.20s           2025-11-18T19:32:40
/opt/airflow/dags/sodai/__init__.py                               0           0  0.10s           2025-11-18T19:32:40
================================================================================
[2025-11-18T19:33:35.604+0000] {manager.py:878} INFO - 
================================================================================
DAG File Processing Stats

File Path                                PID    Runtime      # DAGs    # Errors  Last Runtime    Last Run
---------------------------------------  -----  ---------  --------  ----------  --------------  -------------------
/opt/airflow/dags/sodai_pipeline_dag.py                           1           0  0.08s           2025-11-18T19:33:10
/opt/airflow/dags/sodai/__init__.py                               0           0  0.04s           2025-11-18T19:33:10
================================================================================
[2025-11-18T19:33:59.222+0000] {manager.py:737} INFO - Searching for files in /opt/airflow/dags
[2025-11-18T19:33:59.292+0000] {manager.py:740} INFO - There are 2 files in /opt/airflow/dags
[2025-11-18T19:34:05.417+0000] {manager.py:878} INFO - 
================================================================================
DAG File Processing Stats

File Path                                PID    Runtime      # DAGs    # Errors  Last Runtime    Last Run
---------------------------------------  -----  ---------  --------  ----------  --------------  -------------------
/opt/airflow/dags/sodai_pipeline_dag.py                           1           0  0.09s           2025-11-18T19:33:41
/opt/airflow/dags/sodai/__init__.py                               0           0  0.05s           2025-11-18T19:33:41
================================================================================
[2025-11-18T19:34:35.110+0000] {manager.py:878} INFO - 
================================================================================
DAG File Processing Stats

File Path                                PID    Runtime      # DAGs    # Errors  Last Runtime    Last Run
---------------------------------------  -----  ---------  --------  ----------  --------------  -------------------
/opt/airflow/dags/sodai_pipeline_dag.py                           1           0  0.09s           2025-11-18T19:34:12
/opt/airflow/dags/sodai/__init__.py                               0           0  0.04s           2025-11-18T19:34:12
================================================================================
[2025-11-18T19:35:04.716+0000] {manager.py:878} INFO - 
================================================================================
DAG File Processing Stats

File Path                                PID    Runtime      # DAGs    # Errors  Last Runtime    Last Run
---------------------------------------  -----  ---------  --------  ----------  --------------  -------------------
/opt/airflow/dags/sodai_pipeline_dag.py                           1           0  0.09s           2025-11-18T19:34:43
/opt/airflow/dags/sodai/__init__.py                               0           0  0.04s           2025-11-18T19:34:43
================================================================================
[2025-11-18T19:35:34.462+0000] {manager.py:878} INFO - 
================================================================================
DAG File Processing Stats

File Path                                PID    Runtime      # DAGs    # Errors  Last Runtime    Last Run
---------------------------------------  -----  ---------  --------  ----------  --------------  -------------------
/opt/airflow/dags/sodai_pipeline_dag.py                           1           0  0.15s           2025-11-18T19:35:13
/opt/airflow/dags/sodai/__init__.py                               0           0  0.10s           2025-11-18T19:35:13
================================================================================
[2025-11-18T19:36:04.120+0000] {manager.py:878} INFO - 
================================================================================
DAG File Processing Stats

File Path                                PID    Runtime      # DAGs    # Errors  Last Runtime    Last Run
---------------------------------------  -----  ---------  --------  ----------  --------------  -------------------
/opt/airflow/dags/sodai_pipeline_dag.py                           1           0  0.09s           2025-11-18T19:35:44
/opt/airflow/dags/sodai/__init__.py                               0           0  0.04s           2025-11-18T19:35:44
================================================================================
[2025-11-18T19:36:34.035+0000] {manager.py:878} INFO - 
================================================================================
DAG File Processing Stats

File Path                                PID    Runtime      # DAGs    # Errors  Last Runtime    Last Run
---------------------------------------  -----  ---------  --------  ----------  --------------  -------------------
/opt/airflow/dags/sodai_pipeline_dag.py                           1           0  0.15s           2025-11-18T19:36:15
/opt/airflow/dags/sodai/__init__.py                               0           0  0.09s           2025-11-18T19:36:15
================================================================================
[2025-11-18T19:37:03.874+0000] {manager.py:878} INFO - 
================================================================================
DAG File Processing Stats

File Path                                PID    Runtime      # DAGs    # Errors  Last Runtime    Last Run
---------------------------------------  -----  ---------  --------  ----------  --------------  -------------------
/opt/airflow/dags/sodai_pipeline_dag.py                           1           0  0.09s           2025-11-18T19:36:46
/opt/airflow/dags/sodai/__init__.py                               0           0  0.05s           2025-11-18T19:36:46
================================================================================
[2025-11-18T19:37:33.797+0000] {manager.py:878} INFO - 
================================================================================
DAG File Processing Stats

File Path                                PID    Runtime      # DAGs    # Errors  Last Runtime    Last Run
---------------------------------------  -----  ---------  --------  ----------  --------------  -------------------
/opt/airflow/dags/sodai_pipeline_dag.py                           1           0  0.13s           2025-11-18T19:37:17
/opt/airflow/dags/sodai/__init__.py                               0           0  0.06s           2025-11-18T19:37:17
================================================================================
[2025-11-18T19:38:03.669+0000] {manager.py:878} INFO - 
================================================================================
DAG File Processing Stats

File Path                                PID    Runtime      # DAGs    # Errors  Last Runtime    Last Run
---------------------------------------  -----  ---------  --------  ----------  --------------  -------------------
/opt/airflow/dags/sodai_pipeline_dag.py                           1           0  0.10s           2025-11-18T19:37:48
/opt/airflow/dags/sodai/__init__.py                               0           0  0.05s           2025-11-18T19:37:48
================================================================================
[2025-11-18T19:38:33.486+0000] {manager.py:878} INFO - 
================================================================================
DAG File Processing Stats

File Path                                PID    Runtime      # DAGs    # Errors  Last Runtime    Last Run
---------------------------------------  -----  ---------  --------  ----------  --------------  -------------------
/opt/airflow/dags/sodai_pipeline_dag.py                           1           0  0.08s           2025-11-18T19:38:19
/opt/airflow/dags/sodai/__init__.py                               0           0  0.04s           2025-11-18T19:38:19
================================================================================
[2025-11-18T19:38:59.240+0000] {manager.py:737} INFO - Searching for files in /opt/airflow/dags
[2025-11-18T19:38:59.318+0000] {manager.py:740} INFO - There are 2 files in /opt/airflow/dags
[2025-11-18T19:39:03.390+0000] {manager.py:878} INFO - 
================================================================================
DAG File Processing Stats

File Path                                PID    Runtime      # DAGs    # Errors  Last Runtime    Last Run
---------------------------------------  -----  ---------  --------  ----------  --------------  -------------------
/opt/airflow/dags/sodai_pipeline_dag.py                           1           0  0.09s           2025-11-18T19:38:50
/opt/airflow/dags/sodai/__init__.py                               0           0  0.06s           2025-11-18T19:38:50
================================================================================
[2025-11-18T19:39:33.036+0000] {manager.py:878} INFO - 
================================================================================
DAG File Processing Stats

File Path                                PID    Runtime      # DAGs    # Errors  Last Runtime    Last Run
---------------------------------------  -----  ---------  --------  ----------  --------------  -------------------
/opt/airflow/dags/sodai_pipeline_dag.py                           1           0  0.10s           2025-11-18T19:39:20
/opt/airflow/dags/sodai/__init__.py                               0           0  0.05s           2025-11-18T19:39:20
================================================================================
[2025-11-18T19:40:02.726+0000] {manager.py:878} INFO - 
================================================================================
DAG File Processing Stats

File Path                                PID    Runtime      # DAGs    # Errors  Last Runtime    Last Run
---------------------------------------  -----  ---------  --------  ----------  --------------  -------------------
/opt/airflow/dags/sodai_pipeline_dag.py                           1           0  0.09s           2025-11-18T19:39:51
/opt/airflow/dags/sodai/__init__.py                               0           0  0.05s           2025-11-18T19:39:51
================================================================================
[2025-11-18T19:40:32.479+0000] {manager.py:878} INFO - 
================================================================================
DAG File Processing Stats

File Path                                PID    Runtime      # DAGs    # Errors  Last Runtime    Last Run
---------------------------------------  -----  ---------  --------  ----------  --------------  -------------------
/opt/airflow/dags/sodai_pipeline_dag.py                           1           0  0.10s           2025-11-18T19:40:22
/opt/airflow/dags/sodai/__init__.py                               0           0  0.05s           2025-11-18T19:40:22
================================================================================
[2025-11-18T19:41:02.342+0000] {manager.py:878} INFO - 
================================================================================
DAG File Processing Stats

File Path                                PID    Runtime      # DAGs    # Errors  Last Runtime    Last Run
---------------------------------------  -----  ---------  --------  ----------  --------------  -------------------
/opt/airflow/dags/sodai_pipeline_dag.py                           1           0  0.10s           2025-11-18T19:40:53
/opt/airflow/dags/sodai/__init__.py                               0           0  0.06s           2025-11-18T19:40:53
================================================================================
[2025-11-18T19:41:31.906+0000] {manager.py:878} INFO - 
================================================================================
DAG File Processing Stats

File Path                                PID    Runtime      # DAGs    # Errors  Last Runtime    Last Run
---------------------------------------  -----  ---------  --------  ----------  --------------  -------------------
/opt/airflow/dags/sodai_pipeline_dag.py                           1           0  0.09s           2025-11-18T19:41:23
/opt/airflow/dags/sodai/__init__.py                               0           0  0.05s           2025-11-18T19:41:23
================================================================================
[2025-11-18T19:42:01.455+0000] {manager.py:878} INFO - 
================================================================================
DAG File Processing Stats

File Path                                PID    Runtime      # DAGs    # Errors  Last Runtime    Last Run
---------------------------------------  -----  ---------  --------  ----------  --------------  -------------------
/opt/airflow/dags/sodai_pipeline_dag.py                           1           0  0.09s           2025-11-18T19:41:54
/opt/airflow/dags/sodai/__init__.py                               0           0  0.05s           2025-11-18T19:41:54
================================================================================
[2025-11-18T19:42:31.047+0000] {manager.py:878} INFO - 
================================================================================
DAG File Processing Stats

File Path                                PID    Runtime      # DAGs    # Errors  Last Runtime    Last Run
---------------------------------------  -----  ---------  --------  ----------  --------------  -------------------
/opt/airflow/dags/sodai_pipeline_dag.py                           1           0  0.09s           2025-11-18T19:42:24
/opt/airflow/dags/sodai/__init__.py                               0           0  0.04s           2025-11-18T19:42:24
================================================================================
[2025-11-18T19:43:00.701+0000] {manager.py:878} INFO - 
================================================================================
DAG File Processing Stats

File Path                                PID    Runtime      # DAGs    # Errors  Last Runtime    Last Run
---------------------------------------  -----  ---------  --------  ----------  --------------  -------------------
/opt/airflow/dags/sodai_pipeline_dag.py                           1           0  0.08s           2025-11-18T19:42:55
/opt/airflow/dags/sodai/__init__.py                               0           0  0.04s           2025-11-18T19:42:55
================================================================================
[2025-11-18T19:43:30.353+0000] {manager.py:878} INFO - 
================================================================================
DAG File Processing Stats

File Path                                PID    Runtime      # DAGs    # Errors  Last Runtime    Last Run
---------------------------------------  -----  ---------  --------  ----------  --------------  -------------------
/opt/airflow/dags/sodai_pipeline_dag.py                           1           0  0.11s           2025-11-18T19:43:26
/opt/airflow/dags/sodai/__init__.py                               0           0  0.05s           2025-11-18T19:43:26
================================================================================
[2025-11-18T19:44:00.052+0000] {manager.py:737} INFO - Searching for files in /opt/airflow/dags
[2025-11-18T19:44:00.262+0000] {manager.py:740} INFO - There are 2 files in /opt/airflow/dags
[2025-11-18T19:44:00.270+0000] {manager.py:878} INFO - 
================================================================================
DAG File Processing Stats

File Path                                PID    Runtime      # DAGs    # Errors  Last Runtime    Last Run
---------------------------------------  -----  ---------  --------  ----------  --------------  -------------------
/opt/airflow/dags/sodai_pipeline_dag.py                           1           0  0.10s           2025-11-18T19:43:57
/opt/airflow/dags/sodai/__init__.py                               0           0  0.05s           2025-11-18T19:43:57
================================================================================
[2025-11-18T19:44:29.942+0000] {manager.py:878} INFO - 
================================================================================
DAG File Processing Stats

File Path                                PID    Runtime      # DAGs    # Errors  Last Runtime    Last Run
---------------------------------------  -----  ---------  --------  ----------  --------------  -------------------
/opt/airflow/dags/sodai_pipeline_dag.py                           1           0  0.09s           2025-11-18T19:44:27
/opt/airflow/dags/sodai/__init__.py                               0           0  0.05s           2025-11-18T19:44:27
================================================================================
[2025-11-18T19:44:59.622+0000] {manager.py:878} INFO - 
================================================================================
DAG File Processing Stats

File Path                                PID    Runtime      # DAGs    # Errors  Last Runtime    Last Run
---------------------------------------  -----  ---------  --------  ----------  --------------  -------------------
/opt/airflow/dags/sodai_pipeline_dag.py                           1           0  0.10s           2025-11-18T19:44:58
/opt/airflow/dags/sodai/__init__.py                               0           0  0.05s           2025-11-18T19:44:58
================================================================================
[2025-11-18T19:45:29.432+0000] {manager.py:878} INFO - 
================================================================================
DAG File Processing Stats

File Path                                  PID  Runtime      # DAGs    # Errors  Last Runtime    Last Run
---------------------------------------  -----  ---------  --------  ----------  --------------  -------------------
/opt/airflow/dags/sodai_pipeline_dag.py   4919  0.02s             1           0  0.10s           2025-11-18T19:44:58
/opt/airflow/dags/sodai/__init__.py       4922  0.00s             0           0  0.05s           2025-11-18T19:44:58
================================================================================
[2025-11-18T19:45:59.233+0000] {manager.py:878} INFO - 
================================================================================
DAG File Processing Stats

File Path                                PID    Runtime      # DAGs    # Errors  Last Runtime    Last Run
---------------------------------------  -----  ---------  --------  ----------  --------------  -------------------
/opt/airflow/dags/sodai_pipeline_dag.py                           1           0  0.12s           2025-11-18T19:45:29
/opt/airflow/dags/sodai/__init__.py                               0           0  0.06s           2025-11-18T19:45:29
================================================================================
[2025-11-18T19:46:28.501+0000] {manager.py:878} INFO - 
================================================================================
DAG File Processing Stats

File Path                                PID    Runtime      # DAGs    # Errors  Last Runtime    Last Run
---------------------------------------  -----  ---------  --------  ----------  --------------  -------------------
/opt/airflow/dags/sodai_pipeline_dag.py                           1           0  0.09s           2025-11-18T19:46:26
/opt/airflow/dags/sodai/__init__.py                               0           0  0.05s           2025-11-18T19:46:00
================================================================================
[2025-11-18T19:46:58.109+0000] {manager.py:878} INFO - 
================================================================================
DAG File Processing Stats

File Path                                PID    Runtime      # DAGs    # Errors  Last Runtime    Last Run
---------------------------------------  -----  ---------  --------  ----------  --------------  -------------------
/opt/airflow/dags/sodai_pipeline_dag.py                           1           0  0.10s           2025-11-18T19:46:32
/opt/airflow/dags/sodai/__init__.py                               0           0  0.06s           2025-11-18T19:46:30
================================================================================
[2025-11-18T19:47:27.874+0000] {manager.py:878} INFO - 
================================================================================
DAG File Processing Stats

File Path                                PID    Runtime      # DAGs    # Errors  Last Runtime    Last Run
---------------------------------------  -----  ---------  --------  ----------  --------------  -------------------
/opt/airflow/dags/sodai_pipeline_dag.py                           1           0  0.14s           2025-11-18T19:47:03
/opt/airflow/dags/sodai/__init__.py                               0           0  0.09s           2025-11-18T19:47:01
================================================================================
[2025-11-18T19:47:57.411+0000] {manager.py:878} INFO - 
================================================================================
DAG File Processing Stats

File Path                                PID    Runtime      # DAGs    # Errors  Last Runtime    Last Run
---------------------------------------  -----  ---------  --------  ----------  --------------  -------------------
/opt/airflow/dags/sodai_pipeline_dag.py                           1           0  0.10s           2025-11-18T19:47:34
/opt/airflow/dags/sodai/__init__.py                               0           0  0.05s           2025-11-18T19:47:32
================================================================================
[2025-11-18T19:48:27.025+0000] {manager.py:878} INFO - 
================================================================================
DAG File Processing Stats

File Path                                PID    Runtime      # DAGs    # Errors  Last Runtime    Last Run
---------------------------------------  -----  ---------  --------  ----------  --------------  -------------------
/opt/airflow/dags/sodai_pipeline_dag.py                           1           0  0.11s           2025-11-18T19:48:04
/opt/airflow/dags/sodai/__init__.py                               0           0  0.05s           2025-11-18T19:48:02
================================================================================
[2025-11-18T19:48:56.667+0000] {manager.py:878} INFO - 
================================================================================
DAG File Processing Stats

File Path                                PID    Runtime      # DAGs    # Errors  Last Runtime    Last Run
---------------------------------------  -----  ---------  --------  ----------  --------------  -------------------
/opt/airflow/dags/sodai_pipeline_dag.py                           1           0  0.09s           2025-11-18T19:48:35
/opt/airflow/dags/sodai/__init__.py                               0           0  0.06s           2025-11-18T19:48:33
================================================================================
[2025-11-18T19:49:00.945+0000] {manager.py:737} INFO - Searching for files in /opt/airflow/dags
[2025-11-18T19:49:01.070+0000] {manager.py:740} INFO - There are 2 files in /opt/airflow/dags
[2025-11-18T19:49:25.706+0000] {manager.py:878} INFO - 
================================================================================
DAG File Processing Stats

File Path                                PID    Runtime      # DAGs    # Errors  Last Runtime    Last Run
---------------------------------------  -----  ---------  --------  ----------  --------------  -------------------
/opt/airflow/dags/sodai_pipeline_dag.py                           1           0  0.08s           2025-11-18T19:49:06
/opt/airflow/dags/sodai/__init__.py                               0           0  0.04s           2025-11-18T19:49:04
================================================================================
[2025-11-18T19:49:55.351+0000] {manager.py:878} INFO - 
================================================================================
DAG File Processing Stats

File Path                                PID    Runtime      # DAGs    # Errors  Last Runtime    Last Run
---------------------------------------  -----  ---------  --------  ----------  --------------  -------------------
/opt/airflow/dags/sodai_pipeline_dag.py                           1           0  0.08s           2025-11-18T19:49:36
/opt/airflow/dags/sodai/__init__.py                               0           0  0.04s           2025-11-18T19:49:34
================================================================================
[2025-11-18T19:50:25.139+0000] {manager.py:878} INFO - 
================================================================================
DAG File Processing Stats

File Path                                PID    Runtime      # DAGs    # Errors  Last Runtime    Last Run
---------------------------------------  -----  ---------  --------  ----------  --------------  -------------------
/opt/airflow/dags/sodai_pipeline_dag.py                           1           0  0.08s           2025-11-18T19:50:07
/opt/airflow/dags/sodai/__init__.py                               0           0  0.06s           2025-11-18T19:50:05
================================================================================
[2025-11-18T19:50:54.884+0000] {manager.py:878} INFO - 
================================================================================
DAG File Processing Stats

File Path                                PID    Runtime      # DAGs    # Errors  Last Runtime    Last Run
---------------------------------------  -----  ---------  --------  ----------  --------------  -------------------
/opt/airflow/dags/sodai_pipeline_dag.py                           1           0  0.08s           2025-11-18T19:50:38
/opt/airflow/dags/sodai/__init__.py                               0           0  0.05s           2025-11-18T19:50:36
================================================================================
[2025-11-18T19:51:24.504+0000] {manager.py:878} INFO - 
================================================================================
DAG File Processing Stats

File Path                                PID    Runtime      # DAGs    # Errors  Last Runtime    Last Run
---------------------------------------  -----  ---------  --------  ----------  --------------  -------------------
/opt/airflow/dags/sodai_pipeline_dag.py                           1           0  0.10s           2025-11-18T19:51:09
/opt/airflow/dags/sodai/__init__.py                               0           0  0.07s           2025-11-18T19:51:07
================================================================================
[2025-11-18T19:51:54.039+0000] {manager.py:878} INFO - 
================================================================================
DAG File Processing Stats

File Path                                PID    Runtime      # DAGs    # Errors  Last Runtime    Last Run
---------------------------------------  -----  ---------  --------  ----------  --------------  -------------------
/opt/airflow/dags/sodai_pipeline_dag.py                           1           0  0.10s           2025-11-18T19:51:39
/opt/airflow/dags/sodai/__init__.py                               0           0  0.06s           2025-11-18T19:51:37
================================================================================
[2025-11-18T19:52:24.240+0000] {manager.py:878} INFO - 
================================================================================
DAG File Processing Stats

File Path                                PID    Runtime      # DAGs    # Errors  Last Runtime    Last Run
---------------------------------------  -----  ---------  --------  ----------  --------------  -------------------
/opt/airflow/dags/sodai_pipeline_dag.py                           1           0  0.10s           2025-11-18T19:52:10
/opt/airflow/dags/sodai/__init__.py                               0           0  0.06s           2025-11-18T19:52:08
================================================================================
[2025-11-18T19:52:54.235+0000] {manager.py:878} INFO - 
================================================================================
DAG File Processing Stats

File Path                                PID    Runtime      # DAGs    # Errors  Last Runtime    Last Run
---------------------------------------  -----  ---------  --------  ----------  --------------  -------------------
/opt/airflow/dags/sodai_pipeline_dag.py                           1           0  0.11s           2025-11-18T19:52:40
/opt/airflow/dags/sodai/__init__.py                               0           0  0.06s           2025-11-18T19:52:38
================================================================================
[2025-11-18T19:53:23.833+0000] {manager.py:878} INFO - 
================================================================================
DAG File Processing Stats

File Path                                PID    Runtime      # DAGs    # Errors  Last Runtime    Last Run
---------------------------------------  -----  ---------  --------  ----------  --------------  -------------------
/opt/airflow/dags/sodai_pipeline_dag.py                           1           0  0.10s           2025-11-18T19:53:11
/opt/airflow/dags/sodai/__init__.py                               0           0  0.05s           2025-11-18T19:53:09
================================================================================
[2025-11-18T19:53:53.538+0000] {manager.py:878} INFO - 
================================================================================
DAG File Processing Stats

File Path                                PID    Runtime      # DAGs    # Errors  Last Runtime    Last Run
---------------------------------------  -----  ---------  --------  ----------  --------------  -------------------
/opt/airflow/dags/sodai/__init__.py                               0           0  0.08s           2025-11-18T19:53:40
/opt/airflow/dags/sodai_pipeline_dag.py                           1           0  -0.21s          2025-11-18T19:53:49
================================================================================
[2025-11-18T19:54:01.449+0000] {manager.py:737} INFO - Searching for files in /opt/airflow/dags
[2025-11-18T19:54:01.579+0000] {manager.py:740} INFO - There are 2 files in /opt/airflow/dags
[2025-11-18T19:54:23.391+0000] {manager.py:878} INFO - 
================================================================================
DAG File Processing Stats

File Path                                PID    Runtime      # DAGs    # Errors  Last Runtime    Last Run
---------------------------------------  -----  ---------  --------  ----------  --------------  -------------------
/opt/airflow/dags/sodai_pipeline_dag.py                           1           0  0.11s           2025-11-18T19:54:05
/opt/airflow/dags/sodai/__init__.py                               0           0  0.05s           2025-11-18T19:54:10
================================================================================
[2025-11-18T19:54:53.325+0000] {manager.py:878} INFO - 
================================================================================
DAG File Processing Stats

File Path                                PID    Runtime      # DAGs    # Errors  Last Runtime    Last Run
---------------------------------------  -----  ---------  --------  ----------  --------------  -------------------
/opt/airflow/dags/sodai_pipeline_dag.py                           1           0  0.12s           2025-11-18T19:54:36
/opt/airflow/dags/sodai/__init__.py                               0           0  0.08s           2025-11-18T19:54:41
================================================================================
[2025-11-18T19:55:11.230+0000] {manager.py:452} INFO - Exiting gracefully upon receiving signal 15
[2025-11-18T19:55:24.068+0000] {manager.py:470} INFO - Processing files using up to 2 processes at a time 
[2025-11-18T19:55:24.069+0000] {manager.py:471} INFO - Process each file at most once every 30 seconds
[2025-11-18T19:55:24.070+0000] {manager.py:472} INFO - Checking for new files in /opt/airflow/dags every 300 seconds
[2025-11-18T19:55:24.071+0000] {manager.py:737} INFO - Searching for files in /opt/airflow/dags
[2025-11-18T19:55:24.189+0000] {manager.py:740} INFO - There are 2 files in /opt/airflow/dags
[2025-11-18T19:55:24.297+0000] {manager.py:878} INFO - 
================================================================================
DAG File Processing Stats

File Path                                  PID  Runtime      # DAGs    # Errors  Last Runtime    Last Run
---------------------------------------  -----  ---------  --------  ----------  --------------  ----------
/opt/airflow/dags/sodai_pipeline_dag.py    193  0.06s             0           0
/opt/airflow/dags/sodai/__init__.py        196  0.04s             0           0
================================================================================
[2025-11-18T19:55:54.441+0000] {manager.py:878} INFO - 
================================================================================
DAG File Processing Stats

File Path                                  PID  Runtime      # DAGs    # Errors  Last Runtime    Last Run
---------------------------------------  -----  ---------  --------  ----------  --------------  -------------------
/opt/airflow/dags/sodai_pipeline_dag.py    203  0.01s             1           0  0.13s           2025-11-18T19:55:24
/opt/airflow/dags/sodai/__init__.py        206  0.00s             0           0  0.07s           2025-11-18T19:55:24
================================================================================
[2025-11-18T19:56:24.408+0000] {manager.py:878} INFO - 
================================================================================
DAG File Processing Stats

File Path                                PID    Runtime      # DAGs    # Errors  Last Runtime    Last Run
---------------------------------------  -----  ---------  --------  ----------  --------------  -------------------
/opt/airflow/dags/sodai_pipeline_dag.py                           1           0  0.11s           2025-11-18T19:55:54
/opt/airflow/dags/sodai/__init__.py                               0           0  0.05s           2025-11-18T19:55:54
================================================================================
[2025-11-18T19:56:54.414+0000] {manager.py:878} INFO - 
================================================================================
DAG File Processing Stats

File Path                                PID    Runtime      # DAGs    # Errors  Last Runtime    Last Run
---------------------------------------  -----  ---------  --------  ----------  --------------  -------------------
/opt/airflow/dags/sodai_pipeline_dag.py                           1           0  0.10s           2025-11-18T19:56:25
/opt/airflow/dags/sodai/__init__.py                               0           0  0.05s           2025-11-18T19:56:25
================================================================================
[2025-11-18T19:57:24.424+0000] {manager.py:878} INFO - 
================================================================================
DAG File Processing Stats

File Path                                PID    Runtime      # DAGs    # Errors  Last Runtime    Last Run
---------------------------------------  -----  ---------  --------  ----------  --------------  -------------------
/opt/airflow/dags/sodai_pipeline_dag.py                           1           0  0.09s           2025-11-18T19:56:56
/opt/airflow/dags/sodai/__init__.py                               0           0  0.05s           2025-11-18T19:56:56
================================================================================
[2025-11-18T19:57:54.517+0000] {manager.py:878} INFO - 
================================================================================
DAG File Processing Stats

File Path                                PID    Runtime      # DAGs    # Errors  Last Runtime    Last Run
---------------------------------------  -----  ---------  --------  ----------  --------------  -------------------
/opt/airflow/dags/sodai_pipeline_dag.py                           1           0  0.09s           2025-11-18T19:57:27
/opt/airflow/dags/sodai/__init__.py                               0           0  0.06s           2025-11-18T19:57:27
================================================================================
[2025-11-18T19:58:24.585+0000] {manager.py:878} INFO - 
================================================================================
DAG File Processing Stats

File Path                                PID    Runtime      # DAGs    # Errors  Last Runtime    Last Run
---------------------------------------  -----  ---------  --------  ----------  --------------  -------------------
/opt/airflow/dags/sodai_pipeline_dag.py                           1           0  0.08s           2025-11-18T19:57:57
/opt/airflow/dags/sodai/__init__.py                               0           0  0.05s           2025-11-18T19:57:57
================================================================================
[2025-11-18T19:58:54.644+0000] {manager.py:878} INFO - 
================================================================================
DAG File Processing Stats

File Path                                PID    Runtime      # DAGs    # Errors  Last Runtime    Last Run
---------------------------------------  -----  ---------  --------  ----------  --------------  -------------------
/opt/airflow/dags/sodai_pipeline_dag.py                           1           0  0.25s           2025-11-18T19:58:27
/opt/airflow/dags/sodai/__init__.py                               0           0  0.04s           2025-11-18T19:58:27
================================================================================
[2025-11-18T19:59:24.903+0000] {manager.py:878} INFO - 
================================================================================
DAG File Processing Stats

File Path                                PID    Runtime      # DAGs    # Errors  Last Runtime    Last Run
---------------------------------------  -----  ---------  --------  ----------  --------------  -------------------
/opt/airflow/dags/sodai_pipeline_dag.py                           1           0  0.11s           2025-11-18T19:58:58
/opt/airflow/dags/sodai/__init__.py                               0           0  0.05s           2025-11-18T19:58:57
================================================================================
[2025-11-18T19:59:54.991+0000] {manager.py:878} INFO - 
================================================================================
DAG File Processing Stats

File Path                                PID    Runtime      # DAGs    # Errors  Last Runtime    Last Run
---------------------------------------  -----  ---------  --------  ----------  --------------  -------------------
/opt/airflow/dags/sodai_pipeline_dag.py                           1           0  0.09s           2025-11-18T19:59:29
/opt/airflow/dags/sodai/__init__.py                               0           0  0.06s           2025-11-18T19:59:27
================================================================================
[2025-11-18T20:00:25.065+0000] {manager.py:737} INFO - Searching for files in /opt/airflow/dags
[2025-11-18T20:00:25.145+0000] {manager.py:740} INFO - There are 2 files in /opt/airflow/dags
[2025-11-18T20:00:25.154+0000] {manager.py:878} INFO - 
================================================================================
DAG File Processing Stats

File Path                                PID    Runtime      # DAGs    # Errors  Last Runtime    Last Run
---------------------------------------  -----  ---------  --------  ----------  --------------  -------------------
/opt/airflow/dags/sodai_pipeline_dag.py                           1           0  0.08s           2025-11-18T19:59:59
/opt/airflow/dags/sodai/__init__.py                               0           0  0.04s           2025-11-18T19:59:58
================================================================================
[2025-11-18T20:00:55.200+0000] {manager.py:878} INFO - 
================================================================================
DAG File Processing Stats

File Path                                PID    Runtime      # DAGs    # Errors  Last Runtime    Last Run
---------------------------------------  -----  ---------  --------  ----------  --------------  -------------------
/opt/airflow/dags/sodai_pipeline_dag.py                           1           0  0.09s           2025-11-18T20:00:29
/opt/airflow/dags/sodai/__init__.py                               0           0  0.04s           2025-11-18T20:00:28
================================================================================
[2025-11-18T20:01:25.466+0000] {manager.py:878} INFO - 
================================================================================
DAG File Processing Stats

File Path                                PID    Runtime      # DAGs    # Errors  Last Runtime    Last Run
---------------------------------------  -----  ---------  --------  ----------  --------------  -------------------
/opt/airflow/dags/sodai_pipeline_dag.py                           1           0  0.14s           2025-11-18T20:00:59
/opt/airflow/dags/sodai/__init__.py                               0           0  0.11s           2025-11-18T20:00:58
================================================================================
[2025-11-18T20:01:55.589+0000] {manager.py:878} INFO - 
================================================================================
DAG File Processing Stats

File Path                                PID    Runtime      # DAGs    # Errors  Last Runtime    Last Run
---------------------------------------  -----  ---------  --------  ----------  --------------  -------------------
/opt/airflow/dags/sodai/__init__.py                               0           0  0.10s           2025-11-18T20:01:28
/opt/airflow/dags/sodai_pipeline_dag.py                           1           0  0.09s           2025-11-18T20:01:30
================================================================================
[2025-11-18T20:02:25.736+0000] {manager.py:878} INFO - 
================================================================================
DAG File Processing Stats

File Path                                PID    Runtime      # DAGs    # Errors  Last Runtime    Last Run
---------------------------------------  -----  ---------  --------  ----------  --------------  -------------------
/opt/airflow/dags/sodai_pipeline_dag.py                           1           0  0.10s           2025-11-18T20:02:00
/opt/airflow/dags/sodai/__init__.py                               0           0  0.07s           2025-11-18T20:01:58
================================================================================
[2025-11-18T20:02:55.736+0000] {manager.py:878} INFO - 
================================================================================
DAG File Processing Stats

File Path                                PID    Runtime      # DAGs    # Errors  Last Runtime    Last Run
---------------------------------------  -----  ---------  --------  ----------  --------------  -------------------
/opt/airflow/dags/sodai_pipeline_dag.py                           1           0  0.08s           2025-11-18T20:02:30
/opt/airflow/dags/sodai/__init__.py                               0           0  0.04s           2025-11-18T20:02:28
================================================================================
[2025-11-18T20:03:25.764+0000] {manager.py:878} INFO - 
================================================================================
DAG File Processing Stats

File Path                                PID    Runtime      # DAGs    # Errors  Last Runtime    Last Run
---------------------------------------  -----  ---------  --------  ----------  --------------  -------------------
/opt/airflow/dags/sodai_pipeline_dag.py                           1           0  0.10s           2025-11-18T20:03:01
/opt/airflow/dags/sodai/__init__.py                               0           0  0.05s           2025-11-18T20:02:59
================================================================================
[2025-11-18T20:03:55.927+0000] {manager.py:878} INFO - 
================================================================================
DAG File Processing Stats

File Path                                PID    Runtime      # DAGs    # Errors  Last Runtime    Last Run
---------------------------------------  -----  ---------  --------  ----------  --------------  -------------------
/opt/airflow/dags/sodai_pipeline_dag.py                           1           0  0.09s           2025-11-18T20:03:32
/opt/airflow/dags/sodai/__init__.py                               0           0  0.05s           2025-11-18T20:03:29
================================================================================
[2025-11-18T20:04:26.001+0000] {manager.py:878} INFO - 
================================================================================
DAG File Processing Stats

File Path                                PID    Runtime      # DAGs    # Errors  Last Runtime    Last Run
---------------------------------------  -----  ---------  --------  ----------  --------------  -------------------
/opt/airflow/dags/sodai_pipeline_dag.py                           1           0  0.09s           2025-11-18T20:04:02
/opt/airflow/dags/sodai/__init__.py                               0           0  0.06s           2025-11-18T20:04:00
================================================================================
[2025-11-18T20:04:56.125+0000] {manager.py:878} INFO - 
================================================================================
DAG File Processing Stats

File Path                                PID    Runtime      # DAGs    # Errors  Last Runtime    Last Run
---------------------------------------  -----  ---------  --------  ----------  --------------  -------------------
/opt/airflow/dags/sodai_pipeline_dag.py                           1           0  0.08s           2025-11-18T20:04:32
/opt/airflow/dags/sodai/__init__.py                               0           0  0.06s           2025-11-18T20:04:30
================================================================================
[2025-11-18T20:05:25.179+0000] {manager.py:737} INFO - Searching for files in /opt/airflow/dags
[2025-11-18T20:05:25.316+0000] {manager.py:740} INFO - There are 2 files in /opt/airflow/dags
[2025-11-18T20:05:26.337+0000] {manager.py:878} INFO - 
================================================================================
DAG File Processing Stats

File Path                                PID    Runtime      # DAGs    # Errors  Last Runtime    Last Run
---------------------------------------  -----  ---------  --------  ----------  --------------  -------------------
/opt/airflow/dags/sodai_pipeline_dag.py                           1           0  0.10s           2025-11-18T20:05:02
/opt/airflow/dags/sodai/__init__.py                               0           0  0.05s           2025-11-18T20:05:00
================================================================================
[2025-11-18T20:05:56.391+0000] {manager.py:878} INFO - 
================================================================================
DAG File Processing Stats

File Path                                PID    Runtime      # DAGs    # Errors  Last Runtime    Last Run
---------------------------------------  -----  ---------  --------  ----------  --------------  -------------------
/opt/airflow/dags/sodai_pipeline_dag.py                           1           0  0.09s           2025-11-18T20:05:32
/opt/airflow/dags/sodai/__init__.py                               0           0  0.04s           2025-11-18T20:05:30
================================================================================
[2025-11-18T20:06:26.484+0000] {manager.py:878} INFO - 
================================================================================
DAG File Processing Stats

File Path                                PID    Runtime      # DAGs    # Errors  Last Runtime    Last Run
---------------------------------------  -----  ---------  --------  ----------  --------------  -------------------
/opt/airflow/dags/sodai_pipeline_dag.py                           1           0  0.08s           2025-11-18T20:06:03
/opt/airflow/dags/sodai/__init__.py                               0           0  0.04s           2025-11-18T20:06:01
================================================================================
[2025-11-18T20:06:56.506+0000] {manager.py:878} INFO - 
================================================================================
DAG File Processing Stats

File Path                                PID    Runtime      # DAGs    # Errors  Last Runtime    Last Run
---------------------------------------  -----  ---------  --------  ----------  --------------  -------------------
/opt/airflow/dags/sodai_pipeline_dag.py                           1           0  0.08s           2025-11-18T20:06:33
/opt/airflow/dags/sodai/__init__.py                               0           0  0.04s           2025-11-18T20:06:31
================================================================================
[2025-11-18T20:07:26.665+0000] {manager.py:878} INFO - 
================================================================================
DAG File Processing Stats

File Path                                PID    Runtime      # DAGs    # Errors  Last Runtime    Last Run
---------------------------------------  -----  ---------  --------  ----------  --------------  -------------------
/opt/airflow/dags/sodai_pipeline_dag.py                           1           0  0.10s           2025-11-18T20:07:04
/opt/airflow/dags/sodai/__init__.py                               0           0  0.05s           2025-11-18T20:07:02
================================================================================
[2025-11-18T20:07:56.822+0000] {manager.py:878} INFO - 
================================================================================
DAG File Processing Stats

File Path                                PID    Runtime      # DAGs    # Errors  Last Runtime    Last Run
---------------------------------------  -----  ---------  --------  ----------  --------------  -------------------
/opt/airflow/dags/sodai_pipeline_dag.py                           1           0  0.20s           2025-11-18T20:07:35
/opt/airflow/dags/sodai/__init__.py                               0           0  0.05s           2025-11-18T20:07:32
================================================================================
[2025-11-18T20:08:27.092+0000] {manager.py:878} INFO - 
================================================================================
DAG File Processing Stats

File Path                                PID    Runtime      # DAGs    # Errors  Last Runtime    Last Run
---------------------------------------  -----  ---------  --------  ----------  --------------  -------------------
/opt/airflow/dags/sodai_pipeline_dag.py                           1           0  0.11s           2025-11-18T20:08:05
/opt/airflow/dags/sodai/__init__.py                               0           0  0.04s           2025-11-18T20:08:03
================================================================================
[2025-11-18T20:08:57.233+0000] {manager.py:878} INFO - 
================================================================================
DAG File Processing Stats

File Path                                PID    Runtime      # DAGs    # Errors  Last Runtime    Last Run
---------------------------------------  -----  ---------  --------  ----------  --------------  -------------------
/opt/airflow/dags/sodai_pipeline_dag.py                           1           0  0.09s           2025-11-18T20:08:35
/opt/airflow/dags/sodai/__init__.py                               0           0  0.07s           2025-11-18T20:08:33
================================================================================
[2025-11-18T20:09:27.451+0000] {manager.py:878} INFO - 
================================================================================
DAG File Processing Stats

File Path                                PID    Runtime      # DAGs    # Errors  Last Runtime    Last Run
---------------------------------------  -----  ---------  --------  ----------  --------------  -------------------
/opt/airflow/dags/sodai/__init__.py                               0           0  0.16s           2025-11-18T20:09:03
/opt/airflow/dags/sodai_pipeline_dag.py                           1           0  0.13s           2025-11-18T20:09:05
================================================================================
[2025-11-18T20:09:57.516+0000] {manager.py:878} INFO - 
================================================================================
DAG File Processing Stats

File Path                                PID    Runtime      # DAGs    # Errors  Last Runtime    Last Run
---------------------------------------  -----  ---------  --------  ----------  --------------  -------------------
/opt/airflow/dags/sodai_pipeline_dag.py                           1           0  0.19s           2025-11-18T20:09:36
/opt/airflow/dags/sodai/__init__.py                               0           0  0.07s           2025-11-18T20:09:33
================================================================================
[2025-11-18T20:10:25.722+0000] {manager.py:737} INFO - Searching for files in /opt/airflow/dags
[2025-11-18T20:10:25.894+0000] {manager.py:740} INFO - There are 2 files in /opt/airflow/dags
[2025-11-18T20:10:27.925+0000] {manager.py:878} INFO - 
================================================================================
DAG File Processing Stats

File Path                                PID    Runtime      # DAGs    # Errors  Last Runtime    Last Run
---------------------------------------  -----  ---------  --------  ----------  --------------  -------------------
/opt/airflow/dags/sodai_pipeline_dag.py                           1           0  0.11s           2025-11-18T20:10:06
/opt/airflow/dags/sodai/__init__.py                               0           0  0.10s           2025-11-18T20:10:03
================================================================================
[2025-11-18T20:10:58.018+0000] {manager.py:878} INFO - 
================================================================================
DAG File Processing Stats

File Path                                PID    Runtime      # DAGs    # Errors  Last Runtime    Last Run
---------------------------------------  -----  ---------  --------  ----------  --------------  -------------------
/opt/airflow/dags/sodai_pipeline_dag.py                           1           0  0.09s           2025-11-18T20:10:37
/opt/airflow/dags/sodai/__init__.py                               0           0  0.04s           2025-11-18T20:10:34
================================================================================
[2025-11-18T20:11:28.074+0000] {manager.py:878} INFO - 
================================================================================
DAG File Processing Stats

File Path                                PID    Runtime      # DAGs    # Errors  Last Runtime    Last Run
---------------------------------------  -----  ---------  --------  ----------  --------------  -------------------
/opt/airflow/dags/sodai_pipeline_dag.py                           1           0  0.10s           2025-11-18T20:11:08
/opt/airflow/dags/sodai/__init__.py                               0           0  0.05s           2025-11-18T20:11:04
================================================================================
[2025-11-18T20:11:58.141+0000] {manager.py:878} INFO - 
================================================================================
DAG File Processing Stats

File Path                                PID    Runtime      # DAGs    # Errors  Last Runtime    Last Run
---------------------------------------  -----  ---------  --------  ----------  --------------  -------------------
/opt/airflow/dags/sodai_pipeline_dag.py                           1           0  0.08s           2025-11-18T20:11:39
/opt/airflow/dags/sodai/__init__.py                               0           0  0.05s           2025-11-18T20:11:34
================================================================================
[2025-11-18T20:12:28.241+0000] {manager.py:878} INFO - 
================================================================================
DAG File Processing Stats

File Path                                PID    Runtime      # DAGs    # Errors  Last Runtime    Last Run
---------------------------------------  -----  ---------  --------  ----------  --------------  -------------------
/opt/airflow/dags/sodai_pipeline_dag.py                           1           0  0.08s           2025-11-18T20:12:09
/opt/airflow/dags/sodai/__init__.py                               0           0  0.06s           2025-11-18T20:12:05
================================================================================
[2025-11-18T20:12:58.438+0000] {manager.py:878} INFO - 
================================================================================
DAG File Processing Stats

File Path                                PID    Runtime      # DAGs    # Errors  Last Runtime    Last Run
---------------------------------------  -----  ---------  --------  ----------  --------------  -------------------
/opt/airflow/dags/sodai/__init__.py                               0           0  0.09s           2025-11-18T20:12:35
/opt/airflow/dags/sodai_pipeline_dag.py                           1           0  0.09s           2025-11-18T20:12:39
================================================================================
[2025-11-18T20:13:28.510+0000] {manager.py:878} INFO - 
================================================================================
DAG File Processing Stats

File Path                                PID    Runtime      # DAGs    # Errors  Last Runtime    Last Run
---------------------------------------  -----  ---------  --------  ----------  --------------  -------------------
/opt/airflow/dags/sodai_pipeline_dag.py                           1           0  0.10s           2025-11-18T20:13:09
/opt/airflow/dags/sodai/__init__.py                               0           0  0.06s           2025-11-18T20:13:05
================================================================================
[2025-11-18T20:13:58.607+0000] {manager.py:878} INFO - 
================================================================================
DAG File Processing Stats

File Path                                PID    Runtime      # DAGs    # Errors  Last Runtime    Last Run
---------------------------------------  -----  ---------  --------  ----------  --------------  -------------------
/opt/airflow/dags/sodai_pipeline_dag.py                           1           0  0.08s           2025-11-18T20:13:39
/opt/airflow/dags/sodai/__init__.py                               0           0  0.07s           2025-11-18T20:13:36
================================================================================
[2025-11-18T20:14:28.668+0000] {manager.py:878} INFO - 
================================================================================
DAG File Processing Stats

File Path                                PID    Runtime      # DAGs    # Errors  Last Runtime    Last Run
---------------------------------------  -----  ---------  --------  ----------  --------------  -------------------
/opt/airflow/dags/sodai_pipeline_dag.py                           1           0  0.10s           2025-11-18T20:14:09
/opt/airflow/dags/sodai/__init__.py                               0           0  0.05s           2025-11-18T20:14:06
================================================================================
[2025-11-18T20:14:58.957+0000] {manager.py:878} INFO - 
================================================================================
DAG File Processing Stats

File Path                                PID    Runtime      # DAGs    # Errors  Last Runtime    Last Run
---------------------------------------  -----  ---------  --------  ----------  --------------  -------------------
/opt/airflow/dags/sodai_pipeline_dag.py                           1           0  0.08s           2025-11-18T20:14:39
/opt/airflow/dags/sodai/__init__.py                               0           0  0.07s           2025-11-18T20:14:36
================================================================================
[2025-11-18T20:15:26.021+0000] {manager.py:737} INFO - Searching for files in /opt/airflow/dags
[2025-11-18T20:15:26.119+0000] {manager.py:740} INFO - There are 2 files in /opt/airflow/dags
[2025-11-18T20:15:29.154+0000] {manager.py:878} INFO - 
================================================================================
DAG File Processing Stats

File Path                                PID    Runtime      # DAGs    # Errors  Last Runtime    Last Run
---------------------------------------  -----  ---------  --------  ----------  --------------  -------------------
/opt/airflow/dags/sodai_pipeline_dag.py                           1           0  0.08s           2025-11-18T20:15:09
/opt/airflow/dags/sodai/__init__.py                               0           0  0.04s           2025-11-18T20:15:07
================================================================================
[2025-11-18T20:15:59.338+0000] {manager.py:878} INFO - 
================================================================================
DAG File Processing Stats

File Path                                PID    Runtime      # DAGs    # Errors  Last Runtime    Last Run
---------------------------------------  -----  ---------  --------  ----------  --------------  -------------------
/opt/airflow/dags/sodai_pipeline_dag.py                           1           0  0.13s           2025-11-18T20:15:40
/opt/airflow/dags/sodai/__init__.py                               0           0  0.07s           2025-11-18T20:15:38
================================================================================
[2025-11-18T20:16:29.465+0000] {manager.py:878} INFO - 
================================================================================
DAG File Processing Stats

File Path                                PID    Runtime      # DAGs    # Errors  Last Runtime    Last Run
---------------------------------------  -----  ---------  --------  ----------  --------------  -------------------
/opt/airflow/dags/sodai_pipeline_dag.py                           1           0  0.09s           2025-11-18T20:16:10
/opt/airflow/dags/sodai/__init__.py                               0           0  0.07s           2025-11-18T20:16:08
================================================================================
[2025-11-18T20:16:59.560+0000] {manager.py:878} INFO - 
================================================================================
DAG File Processing Stats

File Path                                PID    Runtime      # DAGs    # Errors  Last Runtime    Last Run
---------------------------------------  -----  ---------  --------  ----------  --------------  -------------------
/opt/airflow/dags/sodai_pipeline_dag.py                           1           0  0.09s           2025-11-18T20:16:40
/opt/airflow/dags/sodai/__init__.py                               0           0  0.04s           2025-11-18T20:16:38
================================================================================
[2025-11-18T20:17:29.635+0000] {manager.py:878} INFO - 
================================================================================
DAG File Processing Stats

File Path                                PID    Runtime      # DAGs    # Errors  Last Runtime    Last Run
---------------------------------------  -----  ---------  --------  ----------  --------------  -------------------
/opt/airflow/dags/sodai_pipeline_dag.py                           1           0  0.19s           2025-11-18T20:17:11
/opt/airflow/dags/sodai/__init__.py                               0           0  0.04s           2025-11-18T20:17:08
================================================================================
[2025-11-18T20:17:59.670+0000] {manager.py:878} INFO - 
================================================================================
DAG File Processing Stats

File Path                                PID    Runtime      # DAGs    # Errors  Last Runtime    Last Run
---------------------------------------  -----  ---------  --------  ----------  --------------  -------------------
/opt/airflow/dags/sodai_pipeline_dag.py                           1           0  0.09s           2025-11-18T20:17:42
/opt/airflow/dags/sodai/__init__.py                               0           0  0.05s           2025-11-18T20:17:38
================================================================================
[2025-11-18T20:18:29.736+0000] {manager.py:878} INFO - 
================================================================================
DAG File Processing Stats

File Path                                PID    Runtime      # DAGs    # Errors  Last Runtime    Last Run
---------------------------------------  -----  ---------  --------  ----------  --------------  -------------------
/opt/airflow/dags/sodai_pipeline_dag.py                           1           0  0.19s           2025-11-18T20:18:13
/opt/airflow/dags/sodai/__init__.py                               0           0  0.04s           2025-11-18T20:18:09
================================================================================
[2025-11-18T20:18:59.859+0000] {manager.py:878} INFO - 
================================================================================
DAG File Processing Stats

File Path                                PID    Runtime      # DAGs    # Errors  Last Runtime    Last Run
---------------------------------------  -----  ---------  --------  ----------  --------------  -------------------
/opt/airflow/dags/sodai_pipeline_dag.py                           1           0  0.08s           2025-11-18T20:18:44
/opt/airflow/dags/sodai/__init__.py                               0           0  0.05s           2025-11-18T20:18:39
================================================================================
[2025-11-18T20:19:30.039+0000] {manager.py:878} INFO - 
================================================================================
DAG File Processing Stats

File Path                                PID    Runtime      # DAGs    # Errors  Last Runtime    Last Run
---------------------------------------  -----  ---------  --------  ----------  --------------  -------------------
/opt/airflow/dags/sodai/__init__.py                               0           0  0.10s           2025-11-18T20:19:09
/opt/airflow/dags/sodai_pipeline_dag.py                           1           0  0.09s           2025-11-18T20:19:14
================================================================================
[2025-11-18T20:20:00.303+0000] {manager.py:878} INFO - 
================================================================================
DAG File Processing Stats

File Path                                PID    Runtime      # DAGs    # Errors  Last Runtime    Last Run
---------------------------------------  -----  ---------  --------  ----------  --------------  -------------------
/opt/airflow/dags/sodai_pipeline_dag.py                           1           0  0.15s           2025-11-18T20:19:45
/opt/airflow/dags/sodai/__init__.py                               0           0  0.14s           2025-11-18T20:19:40
================================================================================
[2025-11-18T20:20:26.450+0000] {manager.py:737} INFO - Searching for files in /opt/airflow/dags
[2025-11-18T20:20:26.615+0000] {manager.py:740} INFO - There are 2 files in /opt/airflow/dags
[2025-11-18T20:20:30.693+0000] {manager.py:878} INFO - 
================================================================================
DAG File Processing Stats

File Path                                PID    Runtime      # DAGs    # Errors  Last Runtime    Last Run
---------------------------------------  -----  ---------  --------  ----------  --------------  -------------------
/opt/airflow/dags/sodai_pipeline_dag.py                           1           0  0.30s           2025-11-18T20:20:15
/opt/airflow/dags/sodai/__init__.py                               0           0  0.05s           2025-11-18T20:20:10
================================================================================
[2025-11-18T20:21:00.797+0000] {manager.py:878} INFO - 
================================================================================
DAG File Processing Stats

File Path                                PID    Runtime      # DAGs    # Errors  Last Runtime    Last Run
---------------------------------------  -----  ---------  --------  ----------  --------------  -------------------
/opt/airflow/dags/sodai_pipeline_dag.py                           1           0  0.08s           2025-11-18T20:20:45
/opt/airflow/dags/sodai/__init__.py                               0           0  0.05s           2025-11-18T20:20:40
================================================================================
[2025-11-18T20:21:31.009+0000] {manager.py:878} INFO - 
================================================================================
DAG File Processing Stats

File Path                                PID    Runtime      # DAGs    # Errors  Last Runtime    Last Run
---------------------------------------  -----  ---------  --------  ----------  --------------  -------------------
/opt/airflow/dags/sodai_pipeline_dag.py                           1           0  0.12s           2025-11-18T20:21:15
/opt/airflow/dags/sodai/__init__.py                               0           0  0.05s           2025-11-18T20:21:10
================================================================================
[2025-11-18T20:22:01.144+0000] {manager.py:878} INFO - 
================================================================================
DAG File Processing Stats

File Path                                PID    Runtime      # DAGs    # Errors  Last Runtime    Last Run
---------------------------------------  -----  ---------  --------  ----------  --------------  -------------------
/opt/airflow/dags/sodai_pipeline_dag.py                           1           0  0.09s           2025-11-18T20:21:46
/opt/airflow/dags/sodai/__init__.py                               0           0  0.06s           2025-11-18T20:21:40
================================================================================
[2025-11-18T20:22:31.266+0000] {manager.py:878} INFO - 
================================================================================
DAG File Processing Stats

File Path                                PID    Runtime      # DAGs    # Errors  Last Runtime    Last Run
---------------------------------------  -----  ---------  --------  ----------  --------------  -------------------
/opt/airflow/dags/sodai_pipeline_dag.py                           1           0  0.10s           2025-11-18T20:22:16
/opt/airflow/dags/sodai/__init__.py                               0           0  0.05s           2025-11-18T20:22:11
================================================================================
[2025-11-18T20:23:01.377+0000] {manager.py:878} INFO - 
================================================================================
DAG File Processing Stats

File Path                                PID    Runtime      # DAGs    # Errors  Last Runtime    Last Run
---------------------------------------  -----  ---------  --------  ----------  --------------  -------------------
/opt/airflow/dags/sodai_pipeline_dag.py                           1           0  0.09s           2025-11-18T20:22:46
/opt/airflow/dags/sodai/__init__.py                               0           0  0.06s           2025-11-18T20:22:41
================================================================================
[2025-11-18T20:23:31.472+0000] {manager.py:878} INFO - 
================================================================================
DAG File Processing Stats

File Path                                PID    Runtime      # DAGs    # Errors  Last Runtime    Last Run
---------------------------------------  -----  ---------  --------  ----------  --------------  -------------------
/opt/airflow/dags/sodai_pipeline_dag.py                           1           0  0.10s           2025-11-18T20:23:16
/opt/airflow/dags/sodai/__init__.py                               0           0  0.05s           2025-11-18T20:23:11
================================================================================
[2025-11-18T20:24:01.619+0000] {manager.py:878} INFO - 
================================================================================
DAG File Processing Stats

File Path                                PID    Runtime      # DAGs    # Errors  Last Runtime    Last Run
---------------------------------------  -----  ---------  --------  ----------  --------------  -------------------
/opt/airflow/dags/sodai_pipeline_dag.py                           1           0  0.08s           2025-11-18T20:23:46
/opt/airflow/dags/sodai/__init__.py                               0           0  0.08s           2025-11-18T20:23:41
================================================================================
[2025-11-18T20:24:31.725+0000] {manager.py:878} INFO - 
================================================================================
DAG File Processing Stats

File Path                                PID    Runtime      # DAGs    # Errors  Last Runtime    Last Run
---------------------------------------  -----  ---------  --------  ----------  --------------  -------------------
/opt/airflow/dags/sodai_pipeline_dag.py                           1           0  0.11s           2025-11-18T20:24:17
/opt/airflow/dags/sodai/__init__.py                               0           0  0.04s           2025-11-18T20:24:11
================================================================================
[2025-11-18T20:25:01.806+0000] {manager.py:878} INFO - 
================================================================================
DAG File Processing Stats

File Path                                PID    Runtime      # DAGs    # Errors  Last Runtime    Last Run
---------------------------------------  -----  ---------  --------  ----------  --------------  -------------------
/opt/airflow/dags/sodai/__init__.py                               0           0  0.11s           2025-11-18T20:24:41
/opt/airflow/dags/sodai_pipeline_dag.py                           1           0  0.09s           2025-11-18T20:24:47
================================================================================
[2025-11-18T20:25:27.086+0000] {manager.py:737} INFO - Searching for files in /opt/airflow/dags
[2025-11-18T20:25:27.173+0000] {manager.py:740} INFO - There are 2 files in /opt/airflow/dags
[2025-11-18T20:25:32.016+0000] {manager.py:878} INFO - 
================================================================================
DAG File Processing Stats

File Path                                PID    Runtime      # DAGs    # Errors  Last Runtime    Last Run
---------------------------------------  -----  ---------  --------  ----------  --------------  -------------------
/opt/airflow/dags/sodai_pipeline_dag.py                           1           0  0.08s           2025-11-18T20:25:18
/opt/airflow/dags/sodai/__init__.py                               0           0  0.06s           2025-11-18T20:25:11
================================================================================
[2025-11-18T20:26:02.136+0000] {manager.py:878} INFO - 
================================================================================
DAG File Processing Stats

File Path                                PID    Runtime      # DAGs    # Errors  Last Runtime    Last Run
---------------------------------------  -----  ---------  --------  ----------  --------------  -------------------
/opt/airflow/dags/sodai_pipeline_dag.py                           1           0  0.12s           2025-11-18T20:25:48
/opt/airflow/dags/sodai/__init__.py                               0           0  0.04s           2025-11-18T20:25:42
================================================================================
[2025-11-18T20:26:32.261+0000] {manager.py:878} INFO - 
================================================================================
DAG File Processing Stats

File Path                                PID    Runtime      # DAGs    # Errors  Last Runtime    Last Run
---------------------------------------  -----  ---------  --------  ----------  --------------  -------------------
/opt/airflow/dags/sodai_pipeline_dag.py                           1           0  0.09s           2025-11-18T20:26:18
/opt/airflow/dags/sodai/__init__.py                               0           0  0.06s           2025-11-18T20:26:12
================================================================================
[2025-11-18T20:27:02.370+0000] {manager.py:878} INFO - 
================================================================================
DAG File Processing Stats

File Path                                PID    Runtime      # DAGs    # Errors  Last Runtime    Last Run
---------------------------------------  -----  ---------  --------  ----------  --------------  -------------------
/opt/airflow/dags/sodai_pipeline_dag.py                           1           0  0.09s           2025-11-18T20:26:48
/opt/airflow/dags/sodai/__init__.py                               0           0  0.05s           2025-11-18T20:26:42
================================================================================
[2025-11-18T20:27:32.465+0000] {manager.py:878} INFO - 
================================================================================
DAG File Processing Stats

File Path                                PID    Runtime      # DAGs    # Errors  Last Runtime    Last Run
---------------------------------------  -----  ---------  --------  ----------  --------------  -------------------
/opt/airflow/dags/sodai_pipeline_dag.py                           1           0  0.10s           2025-11-18T20:27:18
/opt/airflow/dags/sodai/__init__.py                               0           0  0.05s           2025-11-18T20:27:12
================================================================================
[2025-11-18T20:28:02.559+0000] {manager.py:878} INFO - 
================================================================================
DAG File Processing Stats

File Path                                PID    Runtime      # DAGs    # Errors  Last Runtime    Last Run
---------------------------------------  -----  ---------  --------  ----------  --------------  -------------------
/opt/airflow/dags/sodai_pipeline_dag.py                           1           0  0.10s           2025-11-18T20:27:49
/opt/airflow/dags/sodai/__init__.py                               0           0  0.05s           2025-11-18T20:27:42
================================================================================
[2025-11-18T20:28:32.636+0000] {manager.py:878} INFO - 
================================================================================
DAG File Processing Stats

File Path                                PID    Runtime      # DAGs    # Errors  Last Runtime    Last Run
---------------------------------------  -----  ---------  --------  ----------  --------------  -------------------
/opt/airflow/dags/sodai_pipeline_dag.py                           1           0  0.08s           2025-11-18T20:28:20
/opt/airflow/dags/sodai/__init__.py                               0           0  0.05s           2025-11-18T20:28:12
================================================================================
[2025-11-18T20:29:02.781+0000] {manager.py:878} INFO - 
================================================================================
DAG File Processing Stats

File Path                                PID    Runtime      # DAGs    # Errors  Last Runtime    Last Run
---------------------------------------  -----  ---------  --------  ----------  --------------  -------------------
/opt/airflow/dags/sodai_pipeline_dag.py                           1           0  0.11s           2025-11-18T20:28:50
/opt/airflow/dags/sodai/__init__.py                               0           0  0.06s           2025-11-18T20:28:42
================================================================================
[2025-11-18T20:29:33.008+0000] {manager.py:878} INFO - 
================================================================================
DAG File Processing Stats

File Path                                PID    Runtime      # DAGs    # Errors  Last Runtime    Last Run
---------------------------------------  -----  ---------  --------  ----------  --------------  -------------------
/opt/airflow/dags/sodai_pipeline_dag.py                           1           0  0.14s           2025-11-18T20:29:21
/opt/airflow/dags/sodai/__init__.py                               0           0  0.07s           2025-11-18T20:29:12
================================================================================
[2025-11-18T20:30:03.078+0000] {manager.py:878} INFO - 
================================================================================
DAG File Processing Stats

File Path                                PID    Runtime      # DAGs    # Errors  Last Runtime    Last Run
---------------------------------------  -----  ---------  --------  ----------  --------------  -------------------
/opt/airflow/dags/sodai_pipeline_dag.py                           1           0  0.08s           2025-11-18T20:29:52
/opt/airflow/dags/sodai/__init__.py                               0           0  0.05s           2025-11-18T20:29:43
================================================================================
[2025-11-18T20:30:27.323+0000] {manager.py:737} INFO - Searching for files in /opt/airflow/dags
[2025-11-18T20:30:27.424+0000] {manager.py:740} INFO - There are 2 files in /opt/airflow/dags
[2025-11-18T20:30:33.232+0000] {manager.py:878} INFO - 
================================================================================
DAG File Processing Stats

File Path                                PID    Runtime      # DAGs    # Errors  Last Runtime    Last Run
---------------------------------------  -----  ---------  --------  ----------  --------------  -------------------
/opt/airflow/dags/sodai_pipeline_dag.py                           1           0  0.08s           2025-11-18T20:30:22
/opt/airflow/dags/sodai/__init__.py                               0           0  0.05s           2025-11-18T20:30:13
================================================================================
[2025-11-18T20:31:03.312+0000] {manager.py:878} INFO - 
================================================================================
DAG File Processing Stats

File Path                                PID    Runtime      # DAGs    # Errors  Last Runtime    Last Run
---------------------------------------  -----  ---------  --------  ----------  --------------  -------------------
/opt/airflow/dags/sodai_pipeline_dag.py                           1           0  0.09s           2025-11-18T20:30:52
/opt/airflow/dags/sodai/__init__.py                               0           0  0.04s           2025-11-18T20:30:43
================================================================================
[2025-11-18T20:31:33.671+0000] {manager.py:878} INFO - 
================================================================================
DAG File Processing Stats

File Path                                PID    Runtime      # DAGs    # Errors  Last Runtime    Last Run
---------------------------------------  -----  ---------  --------  ----------  --------------  -------------------
/opt/airflow/dags/sodai/__init__.py                               0           0  0.16s           2025-11-18T20:31:13
/opt/airflow/dags/sodai_pipeline_dag.py                           1           0  0.10s           2025-11-18T20:31:22
================================================================================
[2025-11-18T20:32:03.787+0000] {manager.py:878} INFO - 
================================================================================
DAG File Processing Stats

File Path                                PID    Runtime      # DAGs    # Errors  Last Runtime    Last Run
---------------------------------------  -----  ---------  --------  ----------  --------------  -------------------
/opt/airflow/dags/sodai_pipeline_dag.py                           1           0  0.08s           2025-11-18T20:31:53
/opt/airflow/dags/sodai/__init__.py                               0           0  0.04s           2025-11-18T20:31:43
================================================================================
[2025-11-18T20:32:33.934+0000] {manager.py:878} INFO - 
================================================================================
DAG File Processing Stats

File Path                                PID    Runtime      # DAGs    # Errors  Last Runtime    Last Run
---------------------------------------  -----  ---------  --------  ----------  --------------  -------------------
/opt/airflow/dags/sodai_pipeline_dag.py                           1           0  0.10s           2025-11-18T20:32:23
/opt/airflow/dags/sodai/__init__.py                               0           0  0.05s           2025-11-18T20:32:13
================================================================================
[2025-11-18T20:33:04.066+0000] {manager.py:878} INFO - 
================================================================================
DAG File Processing Stats

File Path                                PID    Runtime      # DAGs    # Errors  Last Runtime    Last Run
---------------------------------------  -----  ---------  --------  ----------  --------------  -------------------
/opt/airflow/dags/sodai_pipeline_dag.py                           1           0  0.12s           2025-11-18T20:32:53
/opt/airflow/dags/sodai/__init__.py                               0           0  0.05s           2025-11-18T20:32:44
================================================================================
[2025-11-18T20:33:34.248+0000] {manager.py:878} INFO - 
================================================================================
DAG File Processing Stats

File Path                                PID    Runtime      # DAGs    # Errors  Last Runtime    Last Run
---------------------------------------  -----  ---------  --------  ----------  --------------  -------------------
/opt/airflow/dags/sodai_pipeline_dag.py                           1           0  0.13s           2025-11-18T20:33:23
/opt/airflow/dags/sodai/__init__.py                               0           0  0.05s           2025-11-18T20:33:14
================================================================================
[2025-11-18T20:34:04.409+0000] {manager.py:878} INFO - 
================================================================================
DAG File Processing Stats

File Path                                PID    Runtime      # DAGs    # Errors  Last Runtime    Last Run
---------------------------------------  -----  ---------  --------  ----------  --------------  -------------------
/opt/airflow/dags/sodai_pipeline_dag.py                           1           0  0.13s           2025-11-18T20:33:53
/opt/airflow/dags/sodai/__init__.py                               0           0  0.06s           2025-11-18T20:33:44
================================================================================
[2025-11-18T20:34:34.599+0000] {manager.py:878} INFO - 
================================================================================
DAG File Processing Stats

File Path                                PID    Runtime      # DAGs    # Errors  Last Runtime    Last Run
---------------------------------------  -----  ---------  --------  ----------  --------------  -------------------
/opt/airflow/dags/sodai_pipeline_dag.py                           1           0  0.11s           2025-11-18T20:34:23
/opt/airflow/dags/sodai/__init__.py                               0           0  0.07s           2025-11-18T20:34:14
================================================================================
[2025-11-18T20:35:04.765+0000] {manager.py:878} INFO - 
================================================================================
DAG File Processing Stats

File Path                                PID    Runtime      # DAGs    # Errors  Last Runtime    Last Run
---------------------------------------  -----  ---------  --------  ----------  --------------  -------------------
/opt/airflow/dags/sodai_pipeline_dag.py                           1           0  0.12s           2025-11-18T20:34:53
/opt/airflow/dags/sodai/__init__.py                               0           0  0.10s           2025-11-18T20:34:44
================================================================================
[2025-11-18T20:35:27.848+0000] {manager.py:737} INFO - Searching for files in /opt/airflow/dags
[2025-11-18T20:35:28.100+0000] {manager.py:740} INFO - There are 2 files in /opt/airflow/dags
[2025-11-18T20:35:35.194+0000] {manager.py:878} INFO - 
================================================================================
DAG File Processing Stats

File Path                                PID    Runtime      # DAGs    # Errors  Last Runtime    Last Run
---------------------------------------  -----  ---------  --------  ----------  --------------  -------------------
/opt/airflow/dags/sodai_pipeline_dag.py                           1           0  0.11s           2025-11-18T20:35:24
/opt/airflow/dags/sodai/__init__.py                               0           0  0.04s           2025-11-18T20:35:14
================================================================================
[2025-11-18T20:36:05.306+0000] {manager.py:878} INFO - 
================================================================================
DAG File Processing Stats

File Path                                PID    Runtime      # DAGs    # Errors  Last Runtime    Last Run
---------------------------------------  -----  ---------  --------  ----------  --------------  -------------------
/opt/airflow/dags/sodai_pipeline_dag.py                           1           0  0.08s           2025-11-18T20:35:54
/opt/airflow/dags/sodai/__init__.py                               0           0  0.05s           2025-11-18T20:35:45
================================================================================
[2025-11-18T20:36:35.398+0000] {manager.py:878} INFO - 
================================================================================
DAG File Processing Stats

File Path                                PID    Runtime      # DAGs    # Errors  Last Runtime    Last Run
---------------------------------------  -----  ---------  --------  ----------  --------------  -------------------
/opt/airflow/dags/sodai_pipeline_dag.py                           1           0  0.08s           2025-11-18T20:36:24
/opt/airflow/dags/sodai/__init__.py                               0           0  0.05s           2025-11-18T20:36:15
================================================================================
[2025-11-18T20:37:05.564+0000] {manager.py:878} INFO - 
================================================================================
DAG File Processing Stats

File Path                                PID    Runtime      # DAGs    # Errors  Last Runtime    Last Run
---------------------------------------  -----  ---------  --------  ----------  --------------  -------------------
/opt/airflow/dags/sodai_pipeline_dag.py                           1           0  0.10s           2025-11-18T20:36:54
/opt/airflow/dags/sodai/__init__.py                               0           0  0.08s           2025-11-18T20:36:45
================================================================================
[2025-11-18T20:37:35.835+0000] {manager.py:878} INFO - 
================================================================================
DAG File Processing Stats

File Path                                PID    Runtime      # DAGs    # Errors  Last Runtime    Last Run
---------------------------------------  -----  ---------  --------  ----------  --------------  -------------------
/opt/airflow/dags/sodai/__init__.py                               0           0  0.15s           2025-11-18T20:37:15
/opt/airflow/dags/sodai_pipeline_dag.py                           1           0  0.12s           2025-11-18T20:37:25
================================================================================
[2025-11-18T20:38:06.083+0000] {manager.py:878} INFO - 
================================================================================
DAG File Processing Stats

File Path                                PID    Runtime      # DAGs    # Errors  Last Runtime    Last Run
---------------------------------------  -----  ---------  --------  ----------  --------------  -------------------
/opt/airflow/dags/sodai_pipeline_dag.py                           1           0  0.09s           2025-11-18T20:37:55
/opt/airflow/dags/sodai/__init__.py                               0           0  0.07s           2025-11-18T20:37:46
================================================================================
[2025-11-18T20:38:36.149+0000] {manager.py:878} INFO - 
================================================================================
DAG File Processing Stats

File Path                                PID    Runtime      # DAGs    # Errors  Last Runtime    Last Run
---------------------------------------  -----  ---------  --------  ----------  --------------  -------------------
/opt/airflow/dags/sodai_pipeline_dag.py                           1           0  0.08s           2025-11-18T20:38:25
/opt/airflow/dags/sodai/__init__.py                               0           0  0.04s           2025-11-18T20:38:16
================================================================================
[2025-11-18T20:39:06.303+0000] {manager.py:878} INFO - 
================================================================================
DAG File Processing Stats

File Path                                PID    Runtime      # DAGs    # Errors  Last Runtime    Last Run
---------------------------------------  -----  ---------  --------  ----------  --------------  -------------------
/opt/airflow/dags/sodai_pipeline_dag.py                           1           0  0.09s           2025-11-18T20:38:55
/opt/airflow/dags/sodai/__init__.py                               0           0  0.06s           2025-11-18T20:38:46
================================================================================
[2025-11-18T20:39:36.451+0000] {manager.py:878} INFO - 
================================================================================
DAG File Processing Stats

File Path                                PID    Runtime      # DAGs    # Errors  Last Runtime    Last Run
---------------------------------------  -----  ---------  --------  ----------  --------------  -------------------
/opt/airflow/dags/sodai_pipeline_dag.py                           1           0  0.08s           2025-11-18T20:39:26
/opt/airflow/dags/sodai/__init__.py                               0           0  0.05s           2025-11-18T20:39:16
================================================================================
[2025-11-18T20:40:06.697+0000] {manager.py:878} INFO - 
================================================================================
DAG File Processing Stats

File Path                                PID    Runtime      # DAGs    # Errors  Last Runtime    Last Run
---------------------------------------  -----  ---------  --------  ----------  --------------  -------------------
/opt/airflow/dags/sodai_pipeline_dag.py                           1           0  0.17s           2025-11-18T20:39:56
/opt/airflow/dags/sodai/__init__.py                               0           0  0.11s           2025-11-18T20:39:46
================================================================================
[2025-11-18T20:40:27.887+0000] {manager.py:737} INFO - Searching for files in /opt/airflow/dags
[2025-11-18T20:40:27.968+0000] {manager.py:740} INFO - There are 2 files in /opt/airflow/dags
[2025-11-18T20:40:36.774+0000] {manager.py:878} INFO - 
================================================================================
DAG File Processing Stats

File Path                                PID    Runtime      # DAGs    # Errors  Last Runtime    Last Run
---------------------------------------  -----  ---------  --------  ----------  --------------  -------------------
/opt/airflow/dags/sodai_pipeline_dag.py                           1           0  0.18s           2025-11-18T20:40:27
/opt/airflow/dags/sodai/__init__.py                               0           0  0.05s           2025-11-18T20:40:16
================================================================================
[2025-11-18T20:41:07.167+0000] {manager.py:878} INFO - 
================================================================================
DAG File Processing Stats

File Path                                PID    Runtime      # DAGs    # Errors  Last Runtime    Last Run
---------------------------------------  -----  ---------  --------  ----------  --------------  -------------------
/opt/airflow/dags/sodai_pipeline_dag.py                           1           0  0.07s           2025-11-18T20:40:58
/opt/airflow/dags/sodai/__init__.py                               0           0  0.04s           2025-11-18T20:40:47
================================================================================
[2025-11-18T20:41:37.290+0000] {manager.py:878} INFO - 
================================================================================
DAG File Processing Stats

File Path                                PID    Runtime      # DAGs    # Errors  Last Runtime    Last Run
---------------------------------------  -----  ---------  --------  ----------  --------------  -------------------
/opt/airflow/dags/sodai_pipeline_dag.py                           1           0  0.07s           2025-11-18T20:41:28
/opt/airflow/dags/sodai/__init__.py                               0           0  0.04s           2025-11-18T20:41:17
================================================================================
[2025-11-18T20:42:07.423+0000] {manager.py:878} INFO - 
================================================================================
DAG File Processing Stats

File Path                                PID    Runtime      # DAGs    # Errors  Last Runtime    Last Run
---------------------------------------  -----  ---------  --------  ----------  --------------  -------------------
/opt/airflow/dags/sodai_pipeline_dag.py                           1           0  0.18s           2025-11-18T20:41:58
/opt/airflow/dags/sodai/__init__.py                               0           0  0.04s           2025-11-18T20:41:47
================================================================================
[2025-11-18T20:42:37.473+0000] {manager.py:878} INFO - 
================================================================================
DAG File Processing Stats

File Path                                PID    Runtime      # DAGs    # Errors  Last Runtime    Last Run
---------------------------------------  -----  ---------  --------  ----------  --------------  -------------------
/opt/airflow/dags/sodai_pipeline_dag.py                           1           0  0.08s           2025-11-18T20:42:29
/opt/airflow/dags/sodai/__init__.py                               0           0  0.05s           2025-11-18T20:42:17
================================================================================
[2025-11-18T20:43:07.589+0000] {manager.py:878} INFO - 
================================================================================
DAG File Processing Stats

File Path                                PID    Runtime      # DAGs    # Errors  Last Runtime    Last Run
---------------------------------------  -----  ---------  --------  ----------  --------------  -------------------
/opt/airflow/dags/sodai_pipeline_dag.py                           1           0  0.09s           2025-11-18T20:42:59
/opt/airflow/dags/sodai/__init__.py                               0           0  0.05s           2025-11-18T20:42:47
================================================================================
[2025-11-18T20:43:37.737+0000] {manager.py:878} INFO - 
================================================================================
DAG File Processing Stats

File Path                                PID    Runtime      # DAGs    # Errors  Last Runtime    Last Run
---------------------------------------  -----  ---------  --------  ----------  --------------  -------------------
/opt/airflow/dags/sodai_pipeline_dag.py                           1           0  0.09s           2025-11-18T20:43:29
/opt/airflow/dags/sodai/__init__.py                               0           0  0.06s           2025-11-18T20:43:17
================================================================================
[2025-11-18T20:44:07.934+0000] {manager.py:878} INFO - 
================================================================================
DAG File Processing Stats

File Path                                PID    Runtime      # DAGs    # Errors  Last Runtime    Last Run
---------------------------------------  -----  ---------  --------  ----------  --------------  -------------------
/opt/airflow/dags/sodai/__init__.py                               0           0  0.16s           2025-11-18T20:43:48
/opt/airflow/dags/sodai_pipeline_dag.py                           1           0  0.10s           2025-11-18T20:43:59
================================================================================
[2025-11-18T20:44:38.038+0000] {manager.py:878} INFO - 
================================================================================
DAG File Processing Stats

File Path                                PID    Runtime      # DAGs    # Errors  Last Runtime    Last Run
---------------------------------------  -----  ---------  --------  ----------  --------------  -------------------
/opt/airflow/dags/sodai_pipeline_dag.py                           1           0  0.09s           2025-11-18T20:44:30
/opt/airflow/dags/sodai/__init__.py                               0           0  0.05s           2025-11-18T20:44:18
================================================================================
[2025-11-18T20:45:08.135+0000] {manager.py:878} INFO - 
================================================================================
DAG File Processing Stats

File Path                                PID    Runtime      # DAGs    # Errors  Last Runtime    Last Run
---------------------------------------  -----  ---------  --------  ----------  --------------  -------------------
/opt/airflow/dags/sodai_pipeline_dag.py                           1           0  0.08s           2025-11-18T20:45:00
/opt/airflow/dags/sodai/__init__.py                               0           0  0.04s           2025-11-18T20:44:48
================================================================================
[2025-11-18T20:45:28.147+0000] {manager.py:737} INFO - Searching for files in /opt/airflow/dags
[2025-11-18T20:45:28.243+0000] {manager.py:740} INFO - There are 2 files in /opt/airflow/dags
[2025-11-18T20:45:38.377+0000] {manager.py:878} INFO - 
================================================================================
DAG File Processing Stats

File Path                                PID    Runtime      # DAGs    # Errors  Last Runtime    Last Run
---------------------------------------  -----  ---------  --------  ----------  --------------  -------------------
/opt/airflow/dags/sodai_pipeline_dag.py                           1           0  0.10s           2025-11-18T20:45:30
/opt/airflow/dags/sodai/__init__.py                               0           0  0.04s           2025-11-18T20:45:18
================================================================================
[2025-11-18T20:46:08.474+0000] {manager.py:878} INFO - 
================================================================================
DAG File Processing Stats

File Path                                PID    Runtime      # DAGs    # Errors  Last Runtime    Last Run
---------------------------------------  -----  ---------  --------  ----------  --------------  -------------------
/opt/airflow/dags/sodai_pipeline_dag.py                           1           0  0.09s           2025-11-18T20:46:01
/opt/airflow/dags/sodai/__init__.py                               0           0  0.05s           2025-11-18T20:45:48
================================================================================
[2025-11-18T20:46:38.608+0000] {manager.py:878} INFO - 
================================================================================
DAG File Processing Stats

File Path                                PID    Runtime      # DAGs    # Errors  Last Runtime    Last Run
---------------------------------------  -----  ---------  --------  ----------  --------------  -------------------
/opt/airflow/dags/sodai/__init__.py                               0           0  0.18s           2025-11-18T20:46:18
/opt/airflow/dags/sodai_pipeline_dag.py                           1           0  0.09s           2025-11-18T20:46:31
================================================================================
[2025-11-18T20:47:08.755+0000] {manager.py:878} INFO - 
================================================================================
DAG File Processing Stats

File Path                                PID    Runtime      # DAGs    # Errors  Last Runtime    Last Run
---------------------------------------  -----  ---------  --------  ----------  --------------  -------------------
/opt/airflow/dags/sodai_pipeline_dag.py                           1           0  0.08s           2025-11-18T20:47:01
/opt/airflow/dags/sodai/__init__.py                               0           0  0.06s           2025-11-18T20:46:49
================================================================================
[2025-11-18T20:47:38.975+0000] {manager.py:878} INFO - 
================================================================================
DAG File Processing Stats

File Path                                PID    Runtime      # DAGs    # Errors  Last Runtime    Last Run
---------------------------------------  -----  ---------  --------  ----------  --------------  -------------------
/opt/airflow/dags/sodai/__init__.py                               0           0  0.08s           2025-11-18T20:47:20
/opt/airflow/dags/sodai_pipeline_dag.py                           1           0  0.08s           2025-11-18T20:47:31
================================================================================
[2025-11-18T20:48:09.156+0000] {manager.py:878} INFO - 
================================================================================
DAG File Processing Stats

File Path                                PID    Runtime      # DAGs    # Errors  Last Runtime    Last Run
---------------------------------------  -----  ---------  --------  ----------  --------------  -------------------
/opt/airflow/dags/sodai_pipeline_dag.py                           1           0  0.11s           2025-11-18T20:48:02
/opt/airflow/dags/sodai/__init__.py                               0           0  0.08s           2025-11-18T20:47:50
================================================================================
[2025-11-18T20:48:39.214+0000] {manager.py:878} INFO - 
================================================================================
DAG File Processing Stats

File Path                                PID    Runtime      # DAGs    # Errors  Last Runtime    Last Run
---------------------------------------  -----  ---------  --------  ----------  --------------  -------------------
/opt/airflow/dags/sodai_pipeline_dag.py                           1           0  0.09s           2025-11-18T20:48:33
/opt/airflow/dags/sodai/__init__.py                               0           0  0.06s           2025-11-18T20:48:20
================================================================================
[2025-11-18T20:49:09.417+0000] {manager.py:878} INFO - 
================================================================================
DAG File Processing Stats

File Path                                PID    Runtime      # DAGs    # Errors  Last Runtime    Last Run
---------------------------------------  -----  ---------  --------  ----------  --------------  -------------------
/opt/airflow/dags/sodai_pipeline_dag.py                           1           0  0.10s           2025-11-18T20:49:03
/opt/airflow/dags/sodai/__init__.py                               0           0  0.08s           2025-11-18T20:48:50
================================================================================
[2025-11-18T20:49:39.590+0000] {manager.py:878} INFO - 
================================================================================
DAG File Processing Stats

File Path                                PID    Runtime      # DAGs    # Errors  Last Runtime    Last Run
---------------------------------------  -----  ---------  --------  ----------  --------------  -------------------
/opt/airflow/dags/sodai_pipeline_dag.py                           1           0  0.12s           2025-11-18T20:49:33
/opt/airflow/dags/sodai/__init__.py                               0           0  0.06s           2025-11-18T20:49:20
================================================================================
[2025-11-18T20:50:09.743+0000] {manager.py:878} INFO - 
================================================================================
DAG File Processing Stats

File Path                                PID    Runtime      # DAGs    # Errors  Last Runtime    Last Run
---------------------------------------  -----  ---------  --------  ----------  --------------  -------------------
/opt/airflow/dags/sodai_pipeline_dag.py                           1           0  0.09s           2025-11-18T20:50:03
/opt/airflow/dags/sodai/__init__.py                               0           0  0.05s           2025-11-18T20:49:50
================================================================================
[2025-11-18T20:50:28.757+0000] {manager.py:737} INFO - Searching for files in /opt/airflow/dags
[2025-11-18T20:50:28.951+0000] {manager.py:740} INFO - There are 2 files in /opt/airflow/dags
[2025-11-18T20:50:40.126+0000] {manager.py:878} INFO - 
================================================================================
DAG File Processing Stats

File Path                                PID    Runtime      # DAGs    # Errors  Last Runtime    Last Run
---------------------------------------  -----  ---------  --------  ----------  --------------  -------------------
/opt/airflow/dags/sodai_pipeline_dag.py                           1           0  0.10s           2025-11-18T20:50:34
/opt/airflow/dags/sodai/__init__.py                               0           0  0.04s           2025-11-18T20:50:21
================================================================================
[2025-11-18T20:51:10.281+0000] {manager.py:878} INFO - 
================================================================================
DAG File Processing Stats

File Path                                PID    Runtime      # DAGs    # Errors  Last Runtime    Last Run
---------------------------------------  -----  ---------  --------  ----------  --------------  -------------------
/opt/airflow/dags/sodai_pipeline_dag.py                           1           0  0.10s           2025-11-18T20:51:04
/opt/airflow/dags/sodai/__init__.py                               0           0  0.05s           2025-11-18T20:50:52
================================================================================
[2025-11-18T20:51:40.469+0000] {manager.py:878} INFO - 
================================================================================
DAG File Processing Stats

File Path                                PID    Runtime      # DAGs    # Errors  Last Runtime    Last Run
---------------------------------------  -----  ---------  --------  ----------  --------------  -------------------
/opt/airflow/dags/sodai_pipeline_dag.py                           1           0  0.11s           2025-11-18T20:51:34
/opt/airflow/dags/sodai/__init__.py                               0           0  0.10s           2025-11-18T20:51:22
================================================================================
[2025-11-18T20:52:10.631+0000] {manager.py:878} INFO - 
================================================================================
DAG File Processing Stats

File Path                                PID    Runtime      # DAGs    # Errors  Last Runtime    Last Run
---------------------------------------  -----  ---------  --------  ----------  --------------  -------------------
/opt/airflow/dags/sodai_pipeline_dag.py                           1           0  0.08s           2025-11-18T20:52:04
/opt/airflow/dags/sodai/__init__.py                               0           0  0.07s           2025-11-18T20:51:52
================================================================================
[2025-11-18T20:52:40.785+0000] {manager.py:878} INFO - 
================================================================================
DAG File Processing Stats

File Path                                PID    Runtime      # DAGs    # Errors  Last Runtime    Last Run
---------------------------------------  -----  ---------  --------  ----------  --------------  -------------------
/opt/airflow/dags/sodai_pipeline_dag.py                           1           0  0.08s           2025-11-18T20:52:34
/opt/airflow/dags/sodai/__init__.py                               0           0  0.05s           2025-11-18T20:52:22
================================================================================
[2025-11-18T20:53:11.048+0000] {manager.py:878} INFO - 
================================================================================
DAG File Processing Stats

File Path                                PID    Runtime      # DAGs    # Errors  Last Runtime    Last Run
---------------------------------------  -----  ---------  --------  ----------  --------------  -------------------
/opt/airflow/dags/sodai_pipeline_dag.py                           1           0  0.08s           2025-11-18T20:53:05
/opt/airflow/dags/sodai/__init__.py                               0           0  0.04s           2025-11-18T20:52:52
================================================================================
[2025-11-18T20:53:41.266+0000] {manager.py:878} INFO - 
================================================================================
DAG File Processing Stats

File Path                                PID    Runtime      # DAGs    # Errors  Last Runtime    Last Run
---------------------------------------  -----  ---------  --------  ----------  --------------  -------------------
/opt/airflow/dags/sodai/__init__.py                               0           0  0.11s           2025-11-18T20:53:23
/opt/airflow/dags/sodai_pipeline_dag.py                           1           0  0.09s           2025-11-18T20:53:35
================================================================================
[2025-11-18T20:54:11.840+0000] {manager.py:878} INFO - 
================================================================================
DAG File Processing Stats

File Path                                PID    Runtime      # DAGs    # Errors  Last Runtime    Last Run
---------------------------------------  -----  ---------  --------  ----------  --------------  -------------------
/opt/airflow/dags/sodai_pipeline_dag.py                           1           0  0.30s           2025-11-18T20:54:05
/opt/airflow/dags/sodai/__init__.py                               0           0  0.21s           2025-11-18T20:53:53
================================================================================
[2025-11-18T20:54:42.270+0000] {manager.py:878} INFO - 
================================================================================
DAG File Processing Stats

File Path                                PID    Runtime      # DAGs    # Errors  Last Runtime    Last Run
---------------------------------------  -----  ---------  --------  ----------  --------------  -------------------
/opt/airflow/dags/sodai/__init__.py                               0           0  0.21s           2025-11-18T20:54:24
/opt/airflow/dags/sodai_pipeline_dag.py                           1           0  0.09s           2025-11-18T20:54:36
================================================================================
[2025-11-18T20:55:12.429+0000] {manager.py:878} INFO - 
================================================================================
DAG File Processing Stats

File Path                                PID    Runtime      # DAGs    # Errors  Last Runtime    Last Run
---------------------------------------  -----  ---------  --------  ----------  --------------  -------------------
/opt/airflow/dags/sodai_pipeline_dag.py                           1           0  0.12s           2025-11-18T20:55:06
/opt/airflow/dags/sodai/__init__.py                               0           0  0.10s           2025-11-18T20:54:54
================================================================================
[2025-11-18T20:55:29.429+0000] {manager.py:737} INFO - Searching for files in /opt/airflow/dags
[2025-11-18T20:55:29.538+0000] {manager.py:740} INFO - There are 2 files in /opt/airflow/dags
[2025-11-18T20:55:42.696+0000] {manager.py:878} INFO - 
================================================================================
DAG File Processing Stats

File Path                                PID    Runtime      # DAGs    # Errors  Last Runtime    Last Run
---------------------------------------  -----  ---------  --------  ----------  --------------  -------------------
/opt/airflow/dags/sodai_pipeline_dag.py                           1           0  0.09s           2025-11-18T20:55:36
/opt/airflow/dags/sodai/__init__.py                               0           0  0.08s           2025-11-18T20:55:24
================================================================================
[2025-11-18T20:56:12.930+0000] {manager.py:878} INFO - 
================================================================================
DAG File Processing Stats

File Path                                PID    Runtime      # DAGs    # Errors  Last Runtime    Last Run
---------------------------------------  -----  ---------  --------  ----------  --------------  -------------------
/opt/airflow/dags/sodai_pipeline_dag.py                           1           0  0.09s           2025-11-18T20:56:06
/opt/airflow/dags/sodai/__init__.py                               0           0  0.07s           2025-11-18T20:55:54
================================================================================
[2025-11-18T20:56:43.039+0000] {manager.py:878} INFO - 
================================================================================
DAG File Processing Stats

File Path                                PID    Runtime      # DAGs    # Errors  Last Runtime    Last Run
---------------------------------------  -----  ---------  --------  ----------  --------------  -------------------
/opt/airflow/dags/sodai_pipeline_dag.py                           1           0  0.08s           2025-11-18T20:56:37
/opt/airflow/dags/sodai/__init__.py                               0           0  0.05s           2025-11-18T20:56:24
================================================================================
[2025-11-18T20:57:13.190+0000] {manager.py:878} INFO - 
================================================================================
DAG File Processing Stats

File Path                                PID    Runtime      # DAGs    # Errors  Last Runtime    Last Run
---------------------------------------  -----  ---------  --------  ----------  --------------  -------------------
/opt/airflow/dags/sodai_pipeline_dag.py                           1           0  0.19s           2025-11-18T20:57:07
/opt/airflow/dags/sodai/__init__.py                               0           0  0.05s           2025-11-18T20:56:54
================================================================================
[2025-11-18T20:57:43.334+0000] {manager.py:878} INFO - 
================================================================================
DAG File Processing Stats

File Path                                PID    Runtime      # DAGs    # Errors  Last Runtime    Last Run
---------------------------------------  -----  ---------  --------  ----------  --------------  -------------------
/opt/airflow/dags/sodai_pipeline_dag.py                           1           0  0.09s           2025-11-18T20:57:38
/opt/airflow/dags/sodai/__init__.py                               0           0  0.05s           2025-11-18T20:57:25
================================================================================
[2025-11-18T20:58:13.579+0000] {manager.py:878} INFO - 
================================================================================
DAG File Processing Stats

File Path                                PID    Runtime      # DAGs    # Errors  Last Runtime    Last Run
---------------------------------------  -----  ---------  --------  ----------  --------------  -------------------
/opt/airflow/dags/sodai_pipeline_dag.py                           1           0  0.09s           2025-11-18T20:58:08
/opt/airflow/dags/sodai/__init__.py                               0           0  0.05s           2025-11-18T20:57:55
================================================================================
[2025-11-18T20:58:43.843+0000] {manager.py:878} INFO - 
================================================================================
DAG File Processing Stats

File Path                                PID    Runtime      # DAGs    # Errors  Last Runtime    Last Run
---------------------------------------  -----  ---------  --------  ----------  --------------  -------------------
/opt/airflow/dags/sodai_pipeline_dag.py                           1           0  0.24s           2025-11-18T20:58:39
/opt/airflow/dags/sodai/__init__.py                               0           0  0.09s           2025-11-18T20:58:25
================================================================================
[2025-11-18T20:59:14.162+0000] {manager.py:878} INFO - 
================================================================================
DAG File Processing Stats

File Path                                PID    Runtime      # DAGs    # Errors  Last Runtime    Last Run
---------------------------------------  -----  ---------  --------  ----------  --------------  -------------------
/opt/airflow/dags/sodai_pipeline_dag.py                           1           0  0.11s           2025-11-18T20:59:09
/opt/airflow/dags/sodai/__init__.py                               0           0  0.06s           2025-11-18T20:58:55
================================================================================
[2025-11-18T20:59:44.403+0000] {manager.py:878} INFO - 
================================================================================
DAG File Processing Stats

File Path                                PID    Runtime      # DAGs    # Errors  Last Runtime    Last Run
---------------------------------------  -----  ---------  --------  ----------  --------------  -------------------
/opt/airflow/dags/sodai/__init__.py                               0           0  0.31s           2025-11-18T20:59:26
/opt/airflow/dags/sodai_pipeline_dag.py                           1           0  0.14s           2025-11-18T20:59:39
================================================================================
[2025-11-18T21:00:14.791+0000] {manager.py:878} INFO - 
================================================================================
DAG File Processing Stats

File Path                                PID    Runtime      # DAGs    # Errors  Last Runtime    Last Run
---------------------------------------  -----  ---------  --------  ----------  --------------  -------------------
/opt/airflow/dags/sodai_pipeline_dag.py                           1           0  0.11s           2025-11-18T21:00:09
/opt/airflow/dags/sodai/__init__.py                               0           0  0.04s           2025-11-18T20:59:56
================================================================================
[2025-11-18T21:00:29.796+0000] {manager.py:737} INFO - Searching for files in /opt/airflow/dags
[2025-11-18T21:00:29.913+0000] {manager.py:740} INFO - There are 2 files in /opt/airflow/dags
[2025-11-18T21:00:45.150+0000] {manager.py:878} INFO - 
================================================================================
DAG File Processing Stats

File Path                                PID    Runtime      # DAGs    # Errors  Last Runtime    Last Run
---------------------------------------  -----  ---------  --------  ----------  --------------  -------------------
/opt/airflow/dags/sodai_pipeline_dag.py                           1           0  0.09s           2025-11-18T21:00:40
/opt/airflow/dags/sodai/__init__.py                               0           0  0.06s           2025-11-18T21:00:26
================================================================================
[2025-11-18T21:01:15.483+0000] {manager.py:878} INFO - 
================================================================================
DAG File Processing Stats

File Path                                PID    Runtime      # DAGs    # Errors  Last Runtime    Last Run
---------------------------------------  -----  ---------  --------  ----------  --------------  -------------------
/opt/airflow/dags/sodai_pipeline_dag.py                           1           0  0.11s           2025-11-18T21:01:10
/opt/airflow/dags/sodai/__init__.py                               0           0  0.07s           2025-11-18T21:00:57
================================================================================
[2025-11-18T21:01:45.910+0000] {manager.py:878} INFO - 
================================================================================
DAG File Processing Stats

File Path                                PID    Runtime      # DAGs    # Errors  Last Runtime    Last Run
---------------------------------------  -----  ---------  --------  ----------  --------------  -------------------
/opt/airflow/dags/sodai/__init__.py                               0           0  0.14s           2025-11-18T21:01:27
/opt/airflow/dags/sodai_pipeline_dag.py                           1           0  0.11s           2025-11-18T21:01:40
================================================================================
[2025-11-18T21:02:15.823+0000] {manager.py:878} INFO - 
================================================================================
DAG File Processing Stats

File Path                                PID    Runtime      # DAGs    # Errors  Last Runtime    Last Run
---------------------------------------  -----  ---------  --------  ----------  --------------  -------------------
/opt/airflow/dags/sodai_pipeline_dag.py                           1           0  0.09s           2025-11-18T21:02:11
/opt/airflow/dags/sodai/__init__.py                               0           0  0.04s           2025-11-18T21:01:57
================================================================================
[2025-11-18T21:02:46.048+0000] {manager.py:878} INFO - 
================================================================================
DAG File Processing Stats

File Path                                PID    Runtime      # DAGs    # Errors  Last Runtime    Last Run
---------------------------------------  -----  ---------  --------  ----------  --------------  -------------------
/opt/airflow/dags/sodai_pipeline_dag.py                           1           0  0.09s           2025-11-18T21:02:41
/opt/airflow/dags/sodai/__init__.py                               0           0  0.06s           2025-11-18T21:02:28
================================================================================
[2025-11-18T21:03:16.170+0000] {manager.py:878} INFO - 
================================================================================
DAG File Processing Stats

File Path                                PID    Runtime      # DAGs    # Errors  Last Runtime    Last Run
---------------------------------------  -----  ---------  --------  ----------  --------------  -------------------
/opt/airflow/dags/sodai_pipeline_dag.py                           1           0  0.09s           2025-11-18T21:03:12
/opt/airflow/dags/sodai/__init__.py                               0           0  0.05s           2025-11-18T21:02:58
================================================================================
[2025-11-18T21:03:46.277+0000] {manager.py:878} INFO - 
================================================================================
DAG File Processing Stats

File Path                                PID    Runtime      # DAGs    # Errors  Last Runtime    Last Run
---------------------------------------  -----  ---------  --------  ----------  --------------  -------------------
/opt/airflow/dags/sodai_pipeline_dag.py                           1           0  0.10s           2025-11-18T21:03:42
/opt/airflow/dags/sodai/__init__.py                               0           0  0.05s           2025-11-18T21:03:28
================================================================================
[2025-11-18T21:04:16.433+0000] {manager.py:878} INFO - 
================================================================================
DAG File Processing Stats

File Path                                PID    Runtime      # DAGs    # Errors  Last Runtime    Last Run
---------------------------------------  -----  ---------  --------  ----------  --------------  -------------------
/opt/airflow/dags/sodai_pipeline_dag.py                           1           0  0.09s           2025-11-18T21:04:12
/opt/airflow/dags/sodai/__init__.py                               0           0  0.05s           2025-11-18T21:03:58
================================================================================
[2025-11-18T21:04:46.664+0000] {manager.py:878} INFO - 
================================================================================
DAG File Processing Stats

File Path                                PID    Runtime      # DAGs    # Errors  Last Runtime    Last Run
---------------------------------------  -----  ---------  --------  ----------  --------------  -------------------
/opt/airflow/dags/sodai_pipeline_dag.py                           1           0  0.15s           2025-11-18T21:04:42
/opt/airflow/dags/sodai/__init__.py                               0           0  0.06s           2025-11-18T21:04:28
================================================================================
[2025-11-18T21:05:16.852+0000] {manager.py:878} INFO - 
================================================================================
DAG File Processing Stats

File Path                                PID    Runtime      # DAGs    # Errors  Last Runtime    Last Run
---------------------------------------  -----  ---------  --------  ----------  --------------  -------------------
/opt/airflow/dags/sodai_pipeline_dag.py                           1           0  0.11s           2025-11-18T21:05:14
/opt/airflow/dags/sodai/__init__.py                               0           0  0.05s           2025-11-18T21:04:58
================================================================================
[2025-11-18T21:05:30.045+0000] {manager.py:737} INFO - Searching for files in /opt/airflow/dags
[2025-11-18T21:05:30.146+0000] {manager.py:740} INFO - There are 2 files in /opt/airflow/dags
[2025-11-18T21:05:47.157+0000] {manager.py:878} INFO - 
================================================================================
DAG File Processing Stats

File Path                                PID    Runtime      # DAGs    # Errors  Last Runtime    Last Run
---------------------------------------  -----  ---------  --------  ----------  --------------  -------------------
/opt/airflow/dags/sodai/__init__.py                               0           0  0.11s           2025-11-18T21:05:29
/opt/airflow/dags/sodai_pipeline_dag.py                           1           0  -0.05s          2025-11-18T21:05:44
================================================================================
[2025-11-18T21:06:17.295+0000] {manager.py:878} INFO - 
================================================================================
DAG File Processing Stats

File Path                                PID    Runtime      # DAGs    # Errors  Last Runtime    Last Run
---------------------------------------  -----  ---------  --------  ----------  --------------  -------------------
/opt/airflow/dags/sodai_pipeline_dag.py                           1           0  0.14s           2025-11-18T21:06:15
/opt/airflow/dags/sodai/__init__.py                               0           0  0.05s           2025-11-18T21:05:59
================================================================================
[2025-11-18T21:06:47.441+0000] {manager.py:878} INFO - 
================================================================================
DAG File Processing Stats

File Path                                PID    Runtime      # DAGs    # Errors  Last Runtime    Last Run
---------------------------------------  -----  ---------  --------  ----------  --------------  -------------------
/opt/airflow/dags/sodai_pipeline_dag.py                           1           0  0.14s           2025-11-18T21:06:46
/opt/airflow/dags/sodai/__init__.py                               0           0  0.05s           2025-11-18T21:06:29
================================================================================
[2025-11-18T21:07:17.656+0000] {manager.py:878} INFO - 
================================================================================
DAG File Processing Stats

File Path                                PID    Runtime      # DAGs    # Errors  Last Runtime    Last Run
---------------------------------------  -----  ---------  --------  ----------  --------------  -------------------
/opt/airflow/dags/sodai_pipeline_dag.py                           1           0  0.09s           2025-11-18T21:07:16
/opt/airflow/dags/sodai/__init__.py                               0           0  0.06s           2025-11-18T21:06:59
================================================================================
[2025-11-18T21:07:47.873+0000] {manager.py:878} INFO - 
================================================================================
DAG File Processing Stats

File Path                                PID    Runtime      # DAGs    # Errors  Last Runtime    Last Run
---------------------------------------  -----  ---------  --------  ----------  --------------  -------------------
/opt/airflow/dags/sodai/__init__.py                               0           0  0.11s           2025-11-18T21:07:29
/opt/airflow/dags/sodai_pipeline_dag.py                           1           0  0.10s           2025-11-18T21:07:46
================================================================================
[2025-11-18T21:08:18.043+0000] {manager.py:878} INFO - 
================================================================================
DAG File Processing Stats

File Path                                PID    Runtime      # DAGs    # Errors  Last Runtime    Last Run
---------------------------------------  -----  ---------  --------  ----------  --------------  -------------------
/opt/airflow/dags/sodai_pipeline_dag.py                           1           0  0.14s           2025-11-18T21:08:17
/opt/airflow/dags/sodai/__init__.py                               0           0  0.08s           2025-11-18T21:08:00
================================================================================
[2025-11-18T21:08:48.156+0000] {manager.py:878} INFO - 
================================================================================
DAG File Processing Stats

File Path                                  PID  Runtime      # DAGs    # Errors  Last Runtime    Last Run
---------------------------------------  -----  ---------  --------  ----------  --------------  -------------------
/opt/airflow/dags/sodai_pipeline_dag.py   1862  0.00s             1           0  0.14s           2025-11-18T21:08:17
/opt/airflow/dags/sodai/__init__.py                               0           0  0.05s           2025-11-18T21:08:30
================================================================================
[2025-11-18T21:09:18.432+0000] {manager.py:878} INFO - 
================================================================================
DAG File Processing Stats

File Path                                  PID  Runtime      # DAGs    # Errors  Last Runtime    Last Run
---------------------------------------  -----  ---------  --------  ----------  --------------  -------------------
/opt/airflow/dags/sodai/__init__.py                               0           0  0.11s           2025-11-18T21:09:00
/opt/airflow/dags/sodai_pipeline_dag.py   1872  0.00s             1           0  0.09s           2025-11-18T21:08:48
================================================================================
[2025-11-18T21:09:48.570+0000] {manager.py:878} INFO - 
================================================================================
DAG File Processing Stats

File Path                                  PID  Runtime      # DAGs    # Errors  Last Runtime    Last Run
---------------------------------------  -----  ---------  --------  ----------  --------------  -------------------
/opt/airflow/dags/sodai_pipeline_dag.py   1882  0.00s             1           0  0.09s           2025-11-18T21:09:18
/opt/airflow/dags/sodai/__init__.py                               0           0  0.07s           2025-11-18T21:09:30
================================================================================
[2025-11-18T21:10:18.671+0000] {manager.py:878} INFO - 
================================================================================
DAG File Processing Stats

File Path                                PID    Runtime      # DAGs    # Errors  Last Runtime    Last Run
---------------------------------------  -----  ---------  --------  ----------  --------------  -------------------
/opt/airflow/dags/sodai_pipeline_dag.py                           1           0  0.15s           2025-11-18T21:09:48
/opt/airflow/dags/sodai/__init__.py                               0           0  0.06s           2025-11-18T21:10:00
================================================================================
[2025-11-18T21:10:30.833+0000] {manager.py:737} INFO - Searching for files in /opt/airflow/dags
[2025-11-18T21:10:31.009+0000] {manager.py:740} INFO - There are 2 files in /opt/airflow/dags
[2025-11-18T21:10:49.023+0000] {manager.py:878} INFO - 
================================================================================
DAG File Processing Stats

File Path                                PID    Runtime      # DAGs    # Errors  Last Runtime    Last Run
---------------------------------------  -----  ---------  --------  ----------  --------------  -------------------
/opt/airflow/dags/sodai_pipeline_dag.py                           1           0  0.10s           2025-11-18T21:10:19
/opt/airflow/dags/sodai/__init__.py                               0           0  0.07s           2025-11-18T21:10:31
================================================================================
[2025-11-18T21:11:19.158+0000] {manager.py:878} INFO - 
================================================================================
DAG File Processing Stats

File Path                                PID    Runtime      # DAGs    # Errors  Last Runtime    Last Run
---------------------------------------  -----  ---------  --------  ----------  --------------  -------------------
/opt/airflow/dags/sodai_pipeline_dag.py                           1           0  0.08s           2025-11-18T21:10:50
/opt/airflow/dags/sodai/__init__.py                               0           0  0.05s           2025-11-18T21:11:01
================================================================================
[2025-11-18T21:11:49.204+0000] {manager.py:878} INFO - 
================================================================================
DAG File Processing Stats

File Path                                PID    Runtime      # DAGs    # Errors  Last Runtime    Last Run
---------------------------------------  -----  ---------  --------  ----------  --------------  -------------------
/opt/airflow/dags/sodai_pipeline_dag.py                           1           0  0.08s           2025-11-18T21:11:20
/opt/airflow/dags/sodai/__init__.py                               0           0  0.05s           2025-11-18T21:11:31
================================================================================
[2025-11-18T21:12:19.372+0000] {manager.py:878} INFO - 
================================================================================
DAG File Processing Stats

File Path                                PID    Runtime      # DAGs    # Errors  Last Runtime    Last Run
---------------------------------------  -----  ---------  --------  ----------  --------------  -------------------
/opt/airflow/dags/sodai_pipeline_dag.py                           1           0  0.10s           2025-11-18T21:11:51
/opt/airflow/dags/sodai/__init__.py                               0           0  0.05s           2025-11-18T21:12:01
================================================================================
[2025-11-18T21:12:49.514+0000] {manager.py:878} INFO - 
================================================================================
DAG File Processing Stats

File Path                                PID    Runtime      # DAGs    # Errors  Last Runtime    Last Run
---------------------------------------  -----  ---------  --------  ----------  --------------  -------------------
/opt/airflow/dags/sodai_pipeline_dag.py                           1           0  0.08s           2025-11-18T21:12:21
/opt/airflow/dags/sodai/__init__.py                               0           0  0.04s           2025-11-18T21:12:31
================================================================================
[2025-11-18T21:13:19.668+0000] {manager.py:878} INFO - 
================================================================================
DAG File Processing Stats

File Path                                PID    Runtime      # DAGs    # Errors  Last Runtime    Last Run
---------------------------------------  -----  ---------  --------  ----------  --------------  -------------------
/opt/airflow/dags/sodai_pipeline_dag.py                           1           0  0.08s           2025-11-18T21:12:51
/opt/airflow/dags/sodai/__init__.py                               0           0  0.06s           2025-11-18T21:13:01
================================================================================
[2025-11-18T21:13:49.876+0000] {manager.py:878} INFO - 
================================================================================
DAG File Processing Stats

File Path                                PID    Runtime      # DAGs    # Errors  Last Runtime    Last Run
---------------------------------------  -----  ---------  --------  ----------  --------------  -------------------
/opt/airflow/dags/sodai_pipeline_dag.py                           1           0  0.11s           2025-11-18T21:13:21
/opt/airflow/dags/sodai/__init__.py                               0           0  0.06s           2025-11-18T21:13:31
================================================================================
[2025-11-18T21:14:19.972+0000] {manager.py:878} INFO - 
================================================================================
DAG File Processing Stats

File Path                                PID    Runtime      # DAGs    # Errors  Last Runtime    Last Run
---------------------------------------  -----  ---------  --------  ----------  --------------  -------------------
/opt/airflow/dags/sodai_pipeline_dag.py                           1           0  0.10s           2025-11-18T21:13:51
/opt/airflow/dags/sodai/__init__.py                               0           0  0.05s           2025-11-18T21:14:02
================================================================================
[2025-11-18T21:14:50.260+0000] {manager.py:878} INFO - 
================================================================================
DAG File Processing Stats

File Path                                PID    Runtime      # DAGs    # Errors  Last Runtime    Last Run
---------------------------------------  -----  ---------  --------  ----------  --------------  -------------------
/opt/airflow/dags/sodai_pipeline_dag.py                           1           0  0.17s           2025-11-18T21:14:22
/opt/airflow/dags/sodai/__init__.py                               0           0  0.05s           2025-11-18T21:14:32
================================================================================
[2025-11-18T21:15:20.442+0000] {manager.py:878} INFO - 
================================================================================
DAG File Processing Stats

File Path                                PID    Runtime      # DAGs    # Errors  Last Runtime    Last Run
---------------------------------------  -----  ---------  --------  ----------  --------------  -------------------
/opt/airflow/dags/sodai_pipeline_dag.py                           1           0  0.08s           2025-11-18T21:14:52
/opt/airflow/dags/sodai/__init__.py                               0           0  0.05s           2025-11-18T21:15:02
================================================================================
[2025-11-18T21:15:31.607+0000] {manager.py:737} INFO - Searching for files in /opt/airflow/dags
[2025-11-18T21:15:31.690+0000] {manager.py:740} INFO - There are 2 files in /opt/airflow/dags
[2025-11-18T21:15:50.692+0000] {manager.py:878} INFO - 
================================================================================
DAG File Processing Stats

File Path                                PID    Runtime      # DAGs    # Errors  Last Runtime    Last Run
---------------------------------------  -----  ---------  --------  ----------  --------------  -------------------
/opt/airflow/dags/sodai_pipeline_dag.py                           1           0  0.08s           2025-11-18T21:15:22
/opt/airflow/dags/sodai/__init__.py                               0           0  0.04s           2025-11-18T21:15:32
================================================================================
[2025-11-18T21:16:20.793+0000] {manager.py:878} INFO - 
================================================================================
DAG File Processing Stats

File Path                                PID    Runtime      # DAGs    # Errors  Last Runtime    Last Run
---------------------------------------  -----  ---------  --------  ----------  --------------  -------------------
/opt/airflow/dags/sodai_pipeline_dag.py                           1           0  0.09s           2025-11-18T21:15:52
/opt/airflow/dags/sodai/__init__.py                               0           0  0.05s           2025-11-18T21:16:02
================================================================================
[2025-11-18T21:16:50.992+0000] {manager.py:878} INFO - 
================================================================================
DAG File Processing Stats

File Path                                PID    Runtime      # DAGs    # Errors  Last Runtime    Last Run
---------------------------------------  -----  ---------  --------  ----------  --------------  -------------------
/opt/airflow/dags/sodai/__init__.py                               0           0  0.10s           2025-11-18T21:16:33
/opt/airflow/dags/sodai_pipeline_dag.py                           1           0  0.08s           2025-11-18T21:16:22
================================================================================
[2025-11-18T21:17:21.220+0000] {manager.py:878} INFO - 
================================================================================
DAG File Processing Stats

File Path                                PID    Runtime      # DAGs    # Errors  Last Runtime    Last Run
---------------------------------------  -----  ---------  --------  ----------  --------------  -------------------
/opt/airflow/dags/sodai_pipeline_dag.py                           1           0  0.11s           2025-11-18T21:16:53
/opt/airflow/dags/sodai/__init__.py                               0           0  0.05s           2025-11-18T21:17:03
================================================================================
[2025-11-18T21:17:51.412+0000] {manager.py:878} INFO - 
================================================================================
DAG File Processing Stats

File Path                                PID    Runtime      # DAGs    # Errors  Last Runtime    Last Run
---------------------------------------  -----  ---------  --------  ----------  --------------  -------------------
/opt/airflow/dags/sodai_pipeline_dag.py                           1           0  0.08s           2025-11-18T21:17:23
/opt/airflow/dags/sodai/__init__.py                               0           0  0.05s           2025-11-18T21:17:33
================================================================================
[2025-11-18T21:18:21.564+0000] {manager.py:878} INFO - 
================================================================================
DAG File Processing Stats

File Path                                PID    Runtime      # DAGs    # Errors  Last Runtime    Last Run
---------------------------------------  -----  ---------  --------  ----------  --------------  -------------------
/opt/airflow/dags/sodai/__init__.py                               0           0  0.12s           2025-11-18T21:18:03
/opt/airflow/dags/sodai_pipeline_dag.py                           1           0  0.10s           2025-11-18T21:17:53
================================================================================
[2025-11-18T21:18:51.725+0000] {manager.py:878} INFO - 
================================================================================
DAG File Processing Stats

File Path                                PID    Runtime      # DAGs    # Errors  Last Runtime    Last Run
---------------------------------------  -----  ---------  --------  ----------  --------------  -------------------
/opt/airflow/dags/sodai_pipeline_dag.py                           1           0  0.09s           2025-11-18T21:18:23
/opt/airflow/dags/sodai/__init__.py                               0           0  0.05s           2025-11-18T21:18:34
================================================================================
[2025-11-18T21:19:21.930+0000] {manager.py:878} INFO - 
================================================================================
DAG File Processing Stats

File Path                                PID    Runtime      # DAGs    # Errors  Last Runtime    Last Run
---------------------------------------  -----  ---------  --------  ----------  --------------  -------------------
/opt/airflow/dags/sodai_pipeline_dag.py                           1           0  0.11s           2025-11-18T21:18:53
/opt/airflow/dags/sodai/__init__.py                               0           0  0.05s           2025-11-18T21:19:04
================================================================================
[2025-11-18T21:19:52.097+0000] {manager.py:878} INFO - 
================================================================================
DAG File Processing Stats

File Path                                PID    Runtime      # DAGs    # Errors  Last Runtime    Last Run
---------------------------------------  -----  ---------  --------  ----------  --------------  -------------------
/opt/airflow/dags/sodai_pipeline_dag.py                           1           0  0.08s           2025-11-18T21:19:24
/opt/airflow/dags/sodai/__init__.py                               0           0  0.05s           2025-11-18T21:19:35
================================================================================
[2025-11-18T21:20:22.344+0000] {manager.py:878} INFO - 
================================================================================
DAG File Processing Stats

File Path                                PID    Runtime      # DAGs    # Errors  Last Runtime    Last Run
---------------------------------------  -----  ---------  --------  ----------  --------------  -------------------
/opt/airflow/dags/sodai_pipeline_dag.py                           1           0  0.08s           2025-11-18T21:19:54
/opt/airflow/dags/sodai/__init__.py                               0           0  0.05s           2025-11-18T21:20:05
================================================================================
[2025-11-18T21:20:32.446+0000] {manager.py:737} INFO - Searching for files in /opt/airflow/dags
[2025-11-18T21:20:32.550+0000] {manager.py:740} INFO - There are 2 files in /opt/airflow/dags
[2025-11-18T21:20:52.592+0000] {manager.py:878} INFO - 
================================================================================
DAG File Processing Stats

File Path                                PID    Runtime      # DAGs    # Errors  Last Runtime    Last Run
---------------------------------------  -----  ---------  --------  ----------  --------------  -------------------
/opt/airflow/dags/sodai_pipeline_dag.py                           1           0  0.09s           2025-11-18T21:20:24
/opt/airflow/dags/sodai/__init__.py                               0           0  0.05s           2025-11-18T21:20:35
================================================================================
[2025-11-18T21:21:22.819+0000] {manager.py:878} INFO - 
================================================================================
DAG File Processing Stats

File Path                                PID    Runtime      # DAGs    # Errors  Last Runtime    Last Run
---------------------------------------  -----  ---------  --------  ----------  --------------  -------------------
/opt/airflow/dags/sodai_pipeline_dag.py                           1           0  0.27s           2025-11-18T21:20:54
/opt/airflow/dags/sodai/__init__.py                               0           0  0.08s           2025-11-18T21:21:05
================================================================================
[2025-11-18T21:21:52.935+0000] {manager.py:878} INFO - 
================================================================================
DAG File Processing Stats

File Path                                PID    Runtime      # DAGs    # Errors  Last Runtime    Last Run
---------------------------------------  -----  ---------  --------  ----------  --------------  -------------------
/opt/airflow/dags/sodai_pipeline_dag.py                           1           0  0.08s           2025-11-18T21:21:25
/opt/airflow/dags/sodai/__init__.py                               0           0  0.05s           2025-11-18T21:21:36
================================================================================
[2025-11-18T21:22:23.267+0000] {manager.py:878} INFO - 
================================================================================
DAG File Processing Stats

File Path                                PID    Runtime      # DAGs    # Errors  Last Runtime    Last Run
---------------------------------------  -----  ---------  --------  ----------  --------------  -------------------
/opt/airflow/dags/sodai_pipeline_dag.py                           1           0  0.16s           2025-11-18T21:21:56
/opt/airflow/dags/sodai/__init__.py                               0           0  0.09s           2025-11-18T21:22:06
================================================================================
[2025-11-18T21:22:53.311+0000] {manager.py:878} INFO - 
================================================================================
DAG File Processing Stats

File Path                                PID    Runtime      # DAGs    # Errors  Last Runtime    Last Run
---------------------------------------  -----  ---------  --------  ----------  --------------  -------------------
/opt/airflow/dags/sodai_pipeline_dag.py                           1           0  0.15s           2025-11-18T21:22:26
/opt/airflow/dags/sodai/__init__.py                               0           0  0.05s           2025-11-18T21:22:36
================================================================================
[2025-11-18T21:23:23.564+0000] {manager.py:878} INFO - 
================================================================================
DAG File Processing Stats

File Path                                PID    Runtime      # DAGs    # Errors  Last Runtime    Last Run
---------------------------------------  -----  ---------  --------  ----------  --------------  -------------------
/opt/airflow/dags/sodai_pipeline_dag.py                           1           0  0.10s           2025-11-18T21:22:57
/opt/airflow/dags/sodai/__init__.py                               0           0  0.05s           2025-11-18T21:23:06
================================================================================
[2025-11-18T21:23:53.823+0000] {manager.py:878} INFO - 
================================================================================
DAG File Processing Stats

File Path                                PID    Runtime      # DAGs    # Errors  Last Runtime    Last Run
---------------------------------------  -----  ---------  --------  ----------  --------------  -------------------
/opt/airflow/dags/sodai_pipeline_dag.py                           1           0  0.20s           2025-11-18T21:23:27
/opt/airflow/dags/sodai/__init__.py                               0           0  0.06s           2025-11-18T21:23:36
================================================================================
[2025-11-18T21:24:23.898+0000] {manager.py:878} INFO - 
================================================================================
DAG File Processing Stats

File Path                                PID    Runtime      # DAGs    # Errors  Last Runtime    Last Run
---------------------------------------  -----  ---------  --------  ----------  --------------  -------------------
/opt/airflow/dags/sodai_pipeline_dag.py                           1           0  0.14s           2025-11-18T21:23:59
/opt/airflow/dags/sodai/__init__.py                               0           0  -0.12s          2025-11-18T21:24:06
================================================================================
[2025-11-18T21:24:54.123+0000] {manager.py:878} INFO - 
================================================================================
DAG File Processing Stats

File Path                                PID    Runtime      # DAGs    # Errors  Last Runtime    Last Run
---------------------------------------  -----  ---------  --------  ----------  --------------  -------------------
/opt/airflow/dags/sodai_pipeline_dag.py                           1           0  0.11s           2025-11-18T21:24:30
/opt/airflow/dags/sodai/__init__.py                               0           0  0.05s           2025-11-18T21:24:36
================================================================================
[2025-11-18T21:25:24.224+0000] {manager.py:878} INFO - 
================================================================================
DAG File Processing Stats

File Path                                PID    Runtime      # DAGs    # Errors  Last Runtime    Last Run
---------------------------------------  -----  ---------  --------  ----------  --------------  -------------------
/opt/airflow/dags/sodai_pipeline_dag.py                           1           0  0.15s           2025-11-18T21:25:00
/opt/airflow/dags/sodai/__init__.py                               0           0  0.04s           2025-11-18T21:25:07
================================================================================
[2025-11-18T21:25:33.363+0000] {manager.py:737} INFO - Searching for files in /opt/airflow/dags
[2025-11-18T21:25:33.457+0000] {manager.py:740} INFO - There are 2 files in /opt/airflow/dags
[2025-11-18T21:25:54.442+0000] {manager.py:878} INFO - 
================================================================================
DAG File Processing Stats

File Path                                PID    Runtime      # DAGs    # Errors  Last Runtime    Last Run
---------------------------------------  -----  ---------  --------  ----------  --------------  -------------------
/opt/airflow/dags/sodai_pipeline_dag.py                           1           0  0.08s           2025-11-18T21:25:31
/opt/airflow/dags/sodai/__init__.py                               0           0  0.05s           2025-11-18T21:25:37
================================================================================
[2025-11-18T21:26:24.586+0000] {manager.py:878} INFO - 
================================================================================
DAG File Processing Stats

File Path                                PID    Runtime      # DAGs    # Errors  Last Runtime    Last Run
---------------------------------------  -----  ---------  --------  ----------  --------------  -------------------
/opt/airflow/dags/sodai_pipeline_dag.py                           1           0  0.08s           2025-11-18T21:26:01
/opt/airflow/dags/sodai/__init__.py                               0           0  0.05s           2025-11-18T21:26:07
================================================================================
[2025-11-18T21:26:54.747+0000] {manager.py:878} INFO - 
================================================================================
DAG File Processing Stats

File Path                                PID    Runtime      # DAGs    # Errors  Last Runtime    Last Run
---------------------------------------  -----  ---------  --------  ----------  --------------  -------------------
/opt/airflow/dags/sodai/__init__.py                               0           0  0.13s           2025-11-18T21:26:37
/opt/airflow/dags/sodai_pipeline_dag.py                           1           0  0.10s           2025-11-18T21:26:31
================================================================================
[2025-11-18T21:27:25.077+0000] {manager.py:878} INFO - 
================================================================================
DAG File Processing Stats

File Path                                PID    Runtime      # DAGs    # Errors  Last Runtime    Last Run
---------------------------------------  -----  ---------  --------  ----------  --------------  -------------------
/opt/airflow/dags/sodai_pipeline_dag.py                           1           0  0.16s           2025-11-18T21:27:01
/opt/airflow/dags/sodai/__init__.py                               0           0  0.14s           2025-11-18T21:27:07
================================================================================
[2025-11-18T21:27:55.248+0000] {manager.py:878} INFO - 
================================================================================
DAG File Processing Stats

File Path                                PID    Runtime      # DAGs    # Errors  Last Runtime    Last Run
---------------------------------------  -----  ---------  --------  ----------  --------------  -------------------
/opt/airflow/dags/sodai_pipeline_dag.py                           1           0  0.10s           2025-11-18T21:27:32
/opt/airflow/dags/sodai/__init__.py                               0           0  0.05s           2025-11-18T21:27:38
================================================================================
[2025-11-18T21:28:25.461+0000] {manager.py:878} INFO - 
================================================================================
DAG File Processing Stats

File Path                                PID    Runtime      # DAGs    # Errors  Last Runtime    Last Run
---------------------------------------  -----  ---------  --------  ----------  --------------  -------------------
/opt/airflow/dags/sodai_pipeline_dag.py                           1           0  0.08s           2025-11-18T21:28:02
/opt/airflow/dags/sodai/__init__.py                               0           0  0.05s           2025-11-18T21:28:08
================================================================================
[2025-11-18T21:28:55.656+0000] {manager.py:878} INFO - 
================================================================================
DAG File Processing Stats

File Path                                PID    Runtime      # DAGs    # Errors  Last Runtime    Last Run
---------------------------------------  -----  ---------  --------  ----------  --------------  -------------------
/opt/airflow/dags/sodai/__init__.py                               0           0  0.13s           2025-11-18T21:28:38
/opt/airflow/dags/sodai_pipeline_dag.py                           1           0  0.10s           2025-11-18T21:28:32
================================================================================
[2025-11-18T21:29:25.866+0000] {manager.py:878} INFO - 
================================================================================
DAG File Processing Stats

File Path                                PID    Runtime      # DAGs    # Errors  Last Runtime    Last Run
---------------------------------------  -----  ---------  --------  ----------  --------------  -------------------
/opt/airflow/dags/sodai_pipeline_dag.py                           1           0  0.08s           2025-11-18T21:29:02
/opt/airflow/dags/sodai/__init__.py                               0           0  0.06s           2025-11-18T21:29:08
================================================================================
[2025-11-18T21:29:56.037+0000] {manager.py:878} INFO - 
================================================================================
DAG File Processing Stats

File Path                                PID    Runtime      # DAGs    # Errors  Last Runtime    Last Run
---------------------------------------  -----  ---------  --------  ----------  --------------  -------------------
/opt/airflow/dags/sodai_pipeline_dag.py                           1           0  0.16s           2025-11-18T21:29:33
/opt/airflow/dags/sodai/__init__.py                               0           0  0.04s           2025-11-18T21:29:38
================================================================================
[2025-11-18T21:30:26.243+0000] {manager.py:878} INFO - 
================================================================================
DAG File Processing Stats

File Path                                PID    Runtime      # DAGs    # Errors  Last Runtime    Last Run
---------------------------------------  -----  ---------  --------  ----------  --------------  -------------------
/opt/airflow/dags/sodai_pipeline_dag.py                           1           0  0.09s           2025-11-18T21:30:04
/opt/airflow/dags/sodai/__init__.py                               0           0  0.08s           2025-11-18T21:30:09
================================================================================
[2025-11-18T21:30:34.311+0000] {manager.py:737} INFO - Searching for files in /opt/airflow/dags
[2025-11-18T21:30:34.414+0000] {manager.py:740} INFO - There are 2 files in /opt/airflow/dags
[2025-11-18T21:30:56.590+0000] {manager.py:878} INFO - 
================================================================================
DAG File Processing Stats

File Path                                PID    Runtime      # DAGs    # Errors  Last Runtime    Last Run
---------------------------------------  -----  ---------  --------  ----------  --------------  -------------------
/opt/airflow/dags/sodai/__init__.py                               0           0  0.13s           2025-11-18T21:30:39
/opt/airflow/dags/sodai_pipeline_dag.py                           1           0  -0.08s          2025-11-18T21:30:34
================================================================================
[2025-11-18T21:31:26.765+0000] {manager.py:878} INFO - 
================================================================================
DAG File Processing Stats

File Path                                PID    Runtime      # DAGs    # Errors  Last Runtime    Last Run
---------------------------------------  -----  ---------  --------  ----------  --------------  -------------------
/opt/airflow/dags/sodai_pipeline_dag.py                           1           0  0.12s           2025-11-18T21:31:04
/opt/airflow/dags/sodai/__init__.py                               0           0  0.04s           2025-11-18T21:31:09
================================================================================
[2025-11-18T21:31:57.008+0000] {manager.py:878} INFO - 
================================================================================
DAG File Processing Stats

File Path                                PID    Runtime      # DAGs    # Errors  Last Runtime    Last Run
---------------------------------------  -----  ---------  --------  ----------  --------------  -------------------
/opt/airflow/dags/sodai_pipeline_dag.py                           1           0  0.17s           2025-11-18T21:31:34
/opt/airflow/dags/sodai/__init__.py                               0           0  0.11s           2025-11-18T21:31:39
================================================================================
[2025-11-18T21:32:27.245+0000] {manager.py:878} INFO - 
================================================================================
DAG File Processing Stats

File Path                                PID    Runtime      # DAGs    # Errors  Last Runtime    Last Run
---------------------------------------  -----  ---------  --------  ----------  --------------  -------------------
/opt/airflow/dags/sodai_pipeline_dag.py                           1           0  0.08s           2025-11-18T21:32:05
/opt/airflow/dags/sodai/__init__.py                               0           0  0.06s           2025-11-18T21:32:10
================================================================================
[2025-11-18T21:32:57.401+0000] {manager.py:878} INFO - 
================================================================================
DAG File Processing Stats

File Path                                PID    Runtime      # DAGs    # Errors  Last Runtime    Last Run
---------------------------------------  -----  ---------  --------  ----------  --------------  -------------------
/opt/airflow/dags/sodai_pipeline_dag.py                           1           0  0.08s           2025-11-18T21:32:35
/opt/airflow/dags/sodai/__init__.py                               0           0  0.07s           2025-11-18T21:32:40
================================================================================
[2025-11-18T21:33:27.566+0000] {manager.py:878} INFO - 
================================================================================
DAG File Processing Stats

File Path                                PID    Runtime      # DAGs    # Errors  Last Runtime    Last Run
---------------------------------------  -----  ---------  --------  ----------  --------------  -------------------
/opt/airflow/dags/sodai_pipeline_dag.py                           1           0  0.09s           2025-11-18T21:33:05
/opt/airflow/dags/sodai/__init__.py                               0           0  0.05s           2025-11-18T21:33:10
================================================================================
[2025-11-18T21:33:57.915+0000] {manager.py:878} INFO - 
================================================================================
DAG File Processing Stats

File Path                                PID    Runtime      # DAGs    # Errors  Last Runtime    Last Run
---------------------------------------  -----  ---------  --------  ----------  --------------  -------------------
/opt/airflow/dags/sodai/__init__.py                               0           0  0.14s           2025-11-18T21:33:40
/opt/airflow/dags/sodai_pipeline_dag.py                           1           0  0.12s           2025-11-18T21:33:35
================================================================================
[2025-11-18T21:34:28.158+0000] {manager.py:878} INFO - 
================================================================================
DAG File Processing Stats

File Path                                PID    Runtime      # DAGs    # Errors  Last Runtime    Last Run
---------------------------------------  -----  ---------  --------  ----------  --------------  -------------------
/opt/airflow/dags/sodai/__init__.py                               0           0  0.16s           2025-11-18T21:34:11
/opt/airflow/dags/sodai_pipeline_dag.py                           1           0  0.10s           2025-11-18T21:34:05
================================================================================
[2025-11-18T21:34:58.503+0000] {manager.py:878} INFO - 
================================================================================
DAG File Processing Stats

File Path                                PID    Runtime      # DAGs    # Errors  Last Runtime    Last Run
---------------------------------------  -----  ---------  --------  ----------  --------------  -------------------
/opt/airflow/dags/sodai_pipeline_dag.py                           1           0  0.10s           2025-11-18T21:34:36
/opt/airflow/dags/sodai/__init__.py                               0           0  0.05s           2025-11-18T21:34:41
================================================================================
[2025-11-18T21:35:28.680+0000] {manager.py:878} INFO - 
================================================================================
DAG File Processing Stats

File Path                                PID    Runtime      # DAGs    # Errors  Last Runtime    Last Run
---------------------------------------  -----  ---------  --------  ----------  --------------  -------------------
/opt/airflow/dags/sodai_pipeline_dag.py                           1           0  0.10s           2025-11-18T21:35:06
/opt/airflow/dags/sodai/__init__.py                               0           0  0.05s           2025-11-18T21:35:11
================================================================================
[2025-11-18T21:35:34.593+0000] {manager.py:737} INFO - Searching for files in /opt/airflow/dags
[2025-11-18T21:35:34.679+0000] {manager.py:740} INFO - There are 2 files in /opt/airflow/dags
[2025-11-18T21:35:59.011+0000] {manager.py:878} INFO - 
================================================================================
DAG File Processing Stats

File Path                                PID    Runtime      # DAGs    # Errors  Last Runtime    Last Run
---------------------------------------  -----  ---------  --------  ----------  --------------  -------------------
/opt/airflow/dags/sodai_pipeline_dag.py                           1           0  0.08s           2025-11-18T21:35:36
/opt/airflow/dags/sodai/__init__.py                               0           0  0.05s           2025-11-18T21:35:41
================================================================================
[2025-11-18T21:36:29.193+0000] {manager.py:878} INFO - 
================================================================================
DAG File Processing Stats

File Path                                PID    Runtime      # DAGs    # Errors  Last Runtime    Last Run
---------------------------------------  -----  ---------  --------  ----------  --------------  -------------------
/opt/airflow/dags/sodai_pipeline_dag.py                           1           0  0.20s           2025-11-18T21:36:07
/opt/airflow/dags/sodai/__init__.py                               0           0  0.11s           2025-11-18T21:36:12
================================================================================
[2025-11-18T21:36:59.565+0000] {manager.py:878} INFO - 
================================================================================
DAG File Processing Stats

File Path                                PID    Runtime      # DAGs    # Errors  Last Runtime    Last Run
---------------------------------------  -----  ---------  --------  ----------  --------------  -------------------
/opt/airflow/dags/sodai_pipeline_dag.py                           1           0  0.09s           2025-11-18T21:36:38
/opt/airflow/dags/sodai/__init__.py                               0           0  0.04s           2025-11-18T21:36:42
================================================================================
[2025-11-18T21:37:29.611+0000] {manager.py:878} INFO - 
================================================================================
DAG File Processing Stats

File Path                                PID    Runtime      # DAGs    # Errors  Last Runtime    Last Run
---------------------------------------  -----  ---------  --------  ----------  --------------  -------------------
/opt/airflow/dags/sodai/__init__.py                               0           0  0.26s           2025-11-18T21:37:13
/opt/airflow/dags/sodai_pipeline_dag.py                           1           0  0.14s           2025-11-18T21:37:08
================================================================================
[2025-11-18T21:37:59.755+0000] {manager.py:878} INFO - 
================================================================================
DAG File Processing Stats

File Path                                PID    Runtime      # DAGs    # Errors  Last Runtime    Last Run
---------------------------------------  -----  ---------  --------  ----------  --------------  -------------------
/opt/airflow/dags/sodai_pipeline_dag.py                           1           0  0.11s           2025-11-18T21:37:39
/opt/airflow/dags/sodai/__init__.py                               0           0  0.06s           2025-11-18T21:37:43
================================================================================
[2025-11-18T21:38:30.231+0000] {manager.py:878} INFO - 
================================================================================
DAG File Processing Stats

File Path                                PID    Runtime      # DAGs    # Errors  Last Runtime    Last Run
---------------------------------------  -----  ---------  --------  ----------  --------------  -------------------
/opt/airflow/dags/sodai_pipeline_dag.py                           1           0  0.14s           2025-11-18T21:38:10
/opt/airflow/dags/sodai/__init__.py                               0           0  0.06s           2025-11-18T21:38:14
================================================================================
[2025-11-18T21:39:00.334+0000] {manager.py:878} INFO - 
================================================================================
DAG File Processing Stats

File Path                                PID    Runtime      # DAGs    # Errors  Last Runtime    Last Run
---------------------------------------  -----  ---------  --------  ----------  --------------  -------------------
/opt/airflow/dags/sodai_pipeline_dag.py                           1           0  0.09s           2025-11-18T21:38:40
/opt/airflow/dags/sodai/__init__.py                               0           0  0.04s           2025-11-18T21:38:44
================================================================================
[2025-11-18T21:39:30.547+0000] {manager.py:878} INFO - 
================================================================================
DAG File Processing Stats

File Path                                PID    Runtime      # DAGs    # Errors  Last Runtime    Last Run
---------------------------------------  -----  ---------  --------  ----------  --------------  -------------------
/opt/airflow/dags/sodai/__init__.py                               0           0  0.19s           2025-11-18T21:39:14
/opt/airflow/dags/sodai_pipeline_dag.py                           1           0  0.08s           2025-11-18T21:39:11
================================================================================
[2025-11-18T21:40:00.778+0000] {manager.py:878} INFO - 
================================================================================
DAG File Processing Stats

File Path                                PID    Runtime      # DAGs    # Errors  Last Runtime    Last Run
---------------------------------------  -----  ---------  --------  ----------  --------------  -------------------
/opt/airflow/dags/sodai_pipeline_dag.py                           1           0  0.09s           2025-11-18T21:39:41
/opt/airflow/dags/sodai/__init__.py                               0           0  0.05s           2025-11-18T21:39:44
================================================================================
[2025-11-18T21:40:30.785+0000] {manager.py:878} INFO - 
================================================================================
DAG File Processing Stats

File Path                                PID    Runtime      # DAGs    # Errors  Last Runtime    Last Run
---------------------------------------  -----  ---------  --------  ----------  --------------  -------------------
/opt/airflow/dags/sodai_pipeline_dag.py                           1           0  0.09s           2025-11-18T21:40:11
/opt/airflow/dags/sodai/__init__.py                               0           0  0.06s           2025-11-18T21:40:14
================================================================================
[2025-11-18T21:40:34.802+0000] {manager.py:737} INFO - Searching for files in /opt/airflow/dags
[2025-11-18T21:40:34.923+0000] {manager.py:740} INFO - There are 2 files in /opt/airflow/dags
[2025-11-18T21:41:01.054+0000] {manager.py:878} INFO - 
================================================================================
DAG File Processing Stats

File Path                                PID    Runtime      # DAGs    # Errors  Last Runtime    Last Run
---------------------------------------  -----  ---------  --------  ----------  --------------  -------------------
/opt/airflow/dags/sodai_pipeline_dag.py                           1           0  0.10s           2025-11-18T21:40:42
/opt/airflow/dags/sodai/__init__.py                               0           0  0.05s           2025-11-18T21:40:45
================================================================================
[2025-11-18T21:41:31.157+0000] {manager.py:878} INFO - 
================================================================================
DAG File Processing Stats

File Path                                PID    Runtime      # DAGs    # Errors  Last Runtime    Last Run
---------------------------------------  -----  ---------  --------  ----------  --------------  -------------------
/opt/airflow/dags/sodai_pipeline_dag.py                           1           0  0.11s           2025-11-18T21:41:12
/opt/airflow/dags/sodai/__init__.py                               0           0  0.05s           2025-11-18T21:41:15
================================================================================
[2025-11-18T21:42:01.303+0000] {manager.py:878} INFO - 
================================================================================
DAG File Processing Stats

File Path                                PID    Runtime      # DAGs    # Errors  Last Runtime    Last Run
---------------------------------------  -----  ---------  --------  ----------  --------------  -------------------
/opt/airflow/dags/sodai_pipeline_dag.py                           1           0  0.11s           2025-11-18T21:41:42
/opt/airflow/dags/sodai/__init__.py                               0           0  0.06s           2025-11-18T21:41:45
================================================================================
[2025-11-18T21:42:31.492+0000] {manager.py:878} INFO - 
================================================================================
DAG File Processing Stats

File Path                                PID    Runtime      # DAGs    # Errors  Last Runtime    Last Run
---------------------------------------  -----  ---------  --------  ----------  --------------  -------------------
/opt/airflow/dags/sodai_pipeline_dag.py                           1           0  0.12s           2025-11-18T21:42:12
/opt/airflow/dags/sodai/__init__.py                               0           0  0.05s           2025-11-18T21:42:15
================================================================================
[2025-11-18T21:43:01.595+0000] {manager.py:878} INFO - 
================================================================================
DAG File Processing Stats

File Path                                PID    Runtime      # DAGs    # Errors  Last Runtime    Last Run
---------------------------------------  -----  ---------  --------  ----------  --------------  -------------------
/opt/airflow/dags/sodai_pipeline_dag.py                           1           0  0.08s           2025-11-18T21:42:43
/opt/airflow/dags/sodai/__init__.py                               0           0  0.05s           2025-11-18T21:42:45
================================================================================
[2025-11-18T21:43:31.867+0000] {manager.py:878} INFO - 
================================================================================
DAG File Processing Stats

File Path                                PID    Runtime      # DAGs    # Errors  Last Runtime    Last Run
---------------------------------------  -----  ---------  --------  ----------  --------------  -------------------
/opt/airflow/dags/sodai_pipeline_dag.py                           1           0  0.11s           2025-11-18T21:43:13
/opt/airflow/dags/sodai/__init__.py                               0           0  0.06s           2025-11-18T21:43:15
================================================================================
[2025-11-18T21:44:02.019+0000] {manager.py:878} INFO - 
================================================================================
DAG File Processing Stats

File Path                                PID    Runtime      # DAGs    # Errors  Last Runtime    Last Run
---------------------------------------  -----  ---------  --------  ----------  --------------  -------------------
/opt/airflow/dags/sodai_pipeline_dag.py                           1           0  0.10s           2025-11-18T21:43:44
/opt/airflow/dags/sodai/__init__.py                               0           0  0.04s           2025-11-18T21:43:46
================================================================================
[2025-11-18T21:44:32.092+0000] {manager.py:878} INFO - 
================================================================================
DAG File Processing Stats

File Path                                PID    Runtime      # DAGs    # Errors  Last Runtime    Last Run
---------------------------------------  -----  ---------  --------  ----------  --------------  -------------------
/opt/airflow/dags/sodai_pipeline_dag.py                           1           0  0.09s           2025-11-18T21:44:14
/opt/airflow/dags/sodai/__init__.py                               0           0  0.04s           2025-11-18T21:44:16
================================================================================
[2025-11-18T21:45:02.263+0000] {manager.py:878} INFO - 
================================================================================
DAG File Processing Stats

File Path                                PID    Runtime      # DAGs    # Errors  Last Runtime    Last Run
---------------------------------------  -----  ---------  --------  ----------  --------------  -------------------
/opt/airflow/dags/sodai_pipeline_dag.py                           1           0  0.09s           2025-11-18T21:44:45
/opt/airflow/dags/sodai/__init__.py                               0           0  0.04s           2025-11-18T21:44:46
================================================================================
[2025-11-18T21:45:32.481+0000] {manager.py:878} INFO - 
================================================================================
DAG File Processing Stats

File Path                                PID    Runtime      # DAGs    # Errors  Last Runtime    Last Run
---------------------------------------  -----  ---------  --------  ----------  --------------  -------------------
/opt/airflow/dags/sodai_pipeline_dag.py                           1           0  0.09s           2025-11-18T21:45:15
/opt/airflow/dags/sodai/__init__.py                               0           0  0.04s           2025-11-18T21:45:16
================================================================================
[2025-11-18T21:45:35.497+0000] {manager.py:737} INFO - Searching for files in /opt/airflow/dags
[2025-11-18T21:45:35.576+0000] {manager.py:740} INFO - There are 2 files in /opt/airflow/dags
[2025-11-18T21:46:02.760+0000] {manager.py:878} INFO - 
================================================================================
DAG File Processing Stats

File Path                                PID    Runtime      # DAGs    # Errors  Last Runtime    Last Run
---------------------------------------  -----  ---------  --------  ----------  --------------  -------------------
/opt/airflow/dags/sodai_pipeline_dag.py                           1           0  0.09s           2025-11-18T21:45:45
/opt/airflow/dags/sodai/__init__.py                               0           0  0.06s           2025-11-18T21:45:46
================================================================================
[2025-11-18T21:46:33.000+0000] {manager.py:878} INFO - 
================================================================================
DAG File Processing Stats

File Path                                PID    Runtime      # DAGs    # Errors  Last Runtime    Last Run
---------------------------------------  -----  ---------  --------  ----------  --------------  -------------------
/opt/airflow/dags/sodai_pipeline_dag.py                           1           0  0.10s           2025-11-18T21:46:15
/opt/airflow/dags/sodai/__init__.py                               0           0  0.04s           2025-11-18T21:46:17
================================================================================
[2025-11-18T21:47:03.123+0000] {manager.py:878} INFO - 
================================================================================
DAG File Processing Stats

File Path                                PID    Runtime      # DAGs    # Errors  Last Runtime    Last Run
---------------------------------------  -----  ---------  --------  ----------  --------------  -------------------
/opt/airflow/dags/sodai_pipeline_dag.py                           1           0  0.10s           2025-11-18T21:46:46
/opt/airflow/dags/sodai/__init__.py                               0           0  0.04s           2025-11-18T21:46:47
================================================================================
[2025-11-18T21:47:33.208+0000] {manager.py:878} INFO - 
================================================================================
DAG File Processing Stats

File Path                                PID    Runtime      # DAGs    # Errors  Last Runtime    Last Run
---------------------------------------  -----  ---------  --------  ----------  --------------  -------------------
/opt/airflow/dags/sodai_pipeline_dag.py                           1           0  0.13s           2025-11-18T21:47:16
/opt/airflow/dags/sodai/__init__.py                               0           0  0.05s           2025-11-18T21:47:17
================================================================================
[2025-11-18T21:48:03.340+0000] {manager.py:878} INFO - 
================================================================================
DAG File Processing Stats

File Path                                PID    Runtime      # DAGs    # Errors  Last Runtime    Last Run
---------------------------------------  -----  ---------  --------  ----------  --------------  -------------------
/opt/airflow/dags/sodai_pipeline_dag.py                           1           0  0.10s           2025-11-18T21:47:47
/opt/airflow/dags/sodai/__init__.py                               0           0  0.06s           2025-11-18T21:47:47
================================================================================
[2025-11-18T21:48:33.529+0000] {manager.py:878} INFO - 
================================================================================
DAG File Processing Stats

File Path                                PID    Runtime      # DAGs    # Errors  Last Runtime    Last Run
---------------------------------------  -----  ---------  --------  ----------  --------------  -------------------
/opt/airflow/dags/sodai_pipeline_dag.py                           1           0  0.08s           2025-11-18T21:48:17
/opt/airflow/dags/sodai/__init__.py                               0           0  0.05s           2025-11-18T21:48:17
================================================================================
[2025-11-18T21:49:03.827+0000] {manager.py:878} INFO - 
================================================================================
DAG File Processing Stats

File Path                                PID    Runtime      # DAGs    # Errors  Last Runtime    Last Run
---------------------------------------  -----  ---------  --------  ----------  --------------  -------------------
/opt/airflow/dags/sodai_pipeline_dag.py                           1           0  0.10s           2025-11-18T21:48:47
/opt/airflow/dags/sodai/__init__.py                               0           0  0.05s           2025-11-18T21:48:47
================================================================================
[2025-11-18T21:49:33.996+0000] {manager.py:878} INFO - 
================================================================================
DAG File Processing Stats

File Path                                PID    Runtime      # DAGs    # Errors  Last Runtime    Last Run
---------------------------------------  -----  ---------  --------  ----------  --------------  -------------------
/opt/airflow/dags/sodai_pipeline_dag.py                           1           0  0.08s           2025-11-18T21:49:18
/opt/airflow/dags/sodai/__init__.py                               0           0  0.04s           2025-11-18T21:49:18
================================================================================
[2025-11-18T21:50:04.140+0000] {manager.py:878} INFO - 
================================================================================
DAG File Processing Stats

File Path                                PID    Runtime      # DAGs    # Errors  Last Runtime    Last Run
---------------------------------------  -----  ---------  --------  ----------  --------------  -------------------
/opt/airflow/dags/sodai_pipeline_dag.py                           1           0  0.10s           2025-11-18T21:49:48
/opt/airflow/dags/sodai/__init__.py                               0           0  0.04s           2025-11-18T21:49:48
================================================================================
[2025-11-18T21:50:34.254+0000] {manager.py:878} INFO - 
================================================================================
DAG File Processing Stats

File Path                                PID    Runtime      # DAGs    # Errors  Last Runtime    Last Run
---------------------------------------  -----  ---------  --------  ----------  --------------  -------------------
/opt/airflow/dags/sodai_pipeline_dag.py                           1           0  0.09s           2025-11-18T21:50:18
/opt/airflow/dags/sodai/__init__.py                               0           0  0.04s           2025-11-18T21:50:18
================================================================================
[2025-11-18T21:50:36.263+0000] {manager.py:737} INFO - Searching for files in /opt/airflow/dags
[2025-11-18T21:50:36.335+0000] {manager.py:740} INFO - There are 2 files in /opt/airflow/dags
[2025-11-18T21:51:04.518+0000] {manager.py:878} INFO - 
================================================================================
DAG File Processing Stats

File Path                                PID    Runtime      # DAGs    # Errors  Last Runtime    Last Run
---------------------------------------  -----  ---------  --------  ----------  --------------  -------------------
/opt/airflow/dags/sodai_pipeline_dag.py                           1           0  0.09s           2025-11-18T21:50:48
/opt/airflow/dags/sodai/__init__.py                               0           0  0.04s           2025-11-18T21:50:48
================================================================================
[2025-11-18T21:51:34.647+0000] {manager.py:878} INFO - 
================================================================================
DAG File Processing Stats

File Path                                PID    Runtime      # DAGs    # Errors  Last Runtime    Last Run
---------------------------------------  -----  ---------  --------  ----------  --------------  -------------------
/opt/airflow/dags/sodai_pipeline_dag.py                           1           0  0.09s           2025-11-18T21:51:18
/opt/airflow/dags/sodai/__init__.py                               0           0  0.04s           2025-11-18T21:51:18
================================================================================
[2025-11-18T21:52:04.828+0000] {manager.py:878} INFO - 
================================================================================
DAG File Processing Stats

File Path                                PID    Runtime      # DAGs    # Errors  Last Runtime    Last Run
---------------------------------------  -----  ---------  --------  ----------  --------------  -------------------
/opt/airflow/dags/sodai_pipeline_dag.py                           1           0  0.11s           2025-11-18T21:51:48
/opt/airflow/dags/sodai/__init__.py                               0           0  0.05s           2025-11-18T21:51:48
================================================================================
[2025-11-18T21:52:34.940+0000] {manager.py:878} INFO - 
================================================================================
DAG File Processing Stats

File Path                                PID    Runtime      # DAGs    # Errors  Last Runtime    Last Run
---------------------------------------  -----  ---------  --------  ----------  --------------  -------------------
/opt/airflow/dags/sodai_pipeline_dag.py                           1           0  0.10s           2025-11-18T21:52:19
/opt/airflow/dags/sodai/__init__.py                               0           0  0.05s           2025-11-18T21:52:19
================================================================================
[2025-11-18T21:53:05.116+0000] {manager.py:878} INFO - 
================================================================================
DAG File Processing Stats

File Path                                PID    Runtime      # DAGs    # Errors  Last Runtime    Last Run
---------------------------------------  -----  ---------  --------  ----------  --------------  -------------------
/opt/airflow/dags/sodai_pipeline_dag.py                           1           0  0.09s           2025-11-18T21:52:49
/opt/airflow/dags/sodai/__init__.py                               0           0  0.05s           2025-11-18T21:52:49
================================================================================
[2025-11-18T21:53:35.267+0000] {manager.py:878} INFO - 
================================================================================
DAG File Processing Stats

File Path                                PID    Runtime      # DAGs    # Errors  Last Runtime    Last Run
---------------------------------------  -----  ---------  --------  ----------  --------------  -------------------
/opt/airflow/dags/sodai_pipeline_dag.py                           1           0  0.10s           2025-11-18T21:53:19
/opt/airflow/dags/sodai/__init__.py                               0           0  0.05s           2025-11-18T21:53:19
================================================================================
[2025-11-18T21:54:05.423+0000] {manager.py:878} INFO - 
================================================================================
DAG File Processing Stats

File Path                                PID    Runtime      # DAGs    # Errors  Last Runtime    Last Run
---------------------------------------  -----  ---------  --------  ----------  --------------  -------------------
/opt/airflow/dags/sodai_pipeline_dag.py                           1           0  0.11s           2025-11-18T21:53:49
/opt/airflow/dags/sodai/__init__.py                               0           0  0.05s           2025-11-18T21:53:49
================================================================================
[2025-11-18T21:54:35.574+0000] {manager.py:878} INFO - 
================================================================================
DAG File Processing Stats

File Path                                PID    Runtime      # DAGs    # Errors  Last Runtime    Last Run
---------------------------------------  -----  ---------  --------  ----------  --------------  -------------------
/opt/airflow/dags/sodai_pipeline_dag.py                           1           0  0.08s           2025-11-18T21:54:19
/opt/airflow/dags/sodai/__init__.py                               0           0  0.04s           2025-11-18T21:54:19
================================================================================
[2025-11-18T21:55:05.686+0000] {manager.py:878} INFO - 
================================================================================
DAG File Processing Stats

File Path                                PID    Runtime      # DAGs    # Errors  Last Runtime    Last Run
---------------------------------------  -----  ---------  --------  ----------  --------------  -------------------
/opt/airflow/dags/sodai_pipeline_dag.py                           1           0  0.09s           2025-11-18T21:54:49
/opt/airflow/dags/sodai/__init__.py                               0           0  0.04s           2025-11-18T21:54:49
================================================================================
[2025-11-18T21:55:35.822+0000] {manager.py:878} INFO - 
================================================================================
DAG File Processing Stats

File Path                                PID    Runtime      # DAGs    # Errors  Last Runtime    Last Run
---------------------------------------  -----  ---------  --------  ----------  --------------  -------------------
/opt/airflow/dags/sodai_pipeline_dag.py                           1           0  0.09s           2025-11-18T21:55:19
/opt/airflow/dags/sodai/__init__.py                               0           0  0.05s           2025-11-18T21:55:19
================================================================================
[2025-11-18T21:55:36.826+0000] {manager.py:737} INFO - Searching for files in /opt/airflow/dags
[2025-11-18T21:55:37.058+0000] {manager.py:740} INFO - There are 2 files in /opt/airflow/dags
[2025-11-18T21:56:06.288+0000] {manager.py:878} INFO - 
================================================================================
DAG File Processing Stats

File Path                                PID    Runtime      # DAGs    # Errors  Last Runtime    Last Run
---------------------------------------  -----  ---------  --------  ----------  --------------  -------------------
/opt/airflow/dags/sodai_pipeline_dag.py                           1           0  0.19s           2025-11-18T21:55:50
/opt/airflow/dags/sodai/__init__.py                               0           0  0.12s           2025-11-18T21:55:50
================================================================================
[2025-11-18T21:56:36.511+0000] {manager.py:878} INFO - 
================================================================================
DAG File Processing Stats

File Path                                PID    Runtime      # DAGs    # Errors  Last Runtime    Last Run
---------------------------------------  -----  ---------  --------  ----------  --------------  -------------------
/opt/airflow/dags/sodai_pipeline_dag.py                           1           0  0.13s           2025-11-18T21:56:20
/opt/airflow/dags/sodai/__init__.py                               0           0  0.08s           2025-11-18T21:56:20
================================================================================
[2025-11-18T21:57:06.686+0000] {manager.py:878} INFO - 
================================================================================
DAG File Processing Stats

File Path                                PID    Runtime      # DAGs    # Errors  Last Runtime    Last Run
---------------------------------------  -----  ---------  --------  ----------  --------------  -------------------
/opt/airflow/dags/sodai_pipeline_dag.py                           1           0  0.11s           2025-11-18T21:56:50
/opt/airflow/dags/sodai/__init__.py                               0           0  0.05s           2025-11-18T21:56:50
================================================================================
[2025-11-18T21:57:36.957+0000] {manager.py:878} INFO - 
================================================================================
DAG File Processing Stats

File Path                                PID    Runtime      # DAGs    # Errors  Last Runtime    Last Run
---------------------------------------  -----  ---------  --------  ----------  --------------  -------------------
/opt/airflow/dags/sodai_pipeline_dag.py                           1           0  0.12s           2025-11-18T21:57:21
/opt/airflow/dags/sodai/__init__.py                               0           0  0.05s           2025-11-18T21:57:20
================================================================================
[2025-11-18T21:58:07.081+0000] {manager.py:878} INFO - 
================================================================================
DAG File Processing Stats

File Path                                PID    Runtime      # DAGs    # Errors  Last Runtime    Last Run
---------------------------------------  -----  ---------  --------  ----------  --------------  -------------------
/opt/airflow/dags/sodai_pipeline_dag.py                           1           0  0.09s           2025-11-18T21:57:51
/opt/airflow/dags/sodai/__init__.py                               0           0  0.04s           2025-11-18T21:57:51
================================================================================
[2025-11-18T21:58:37.266+0000] {manager.py:878} INFO - 
================================================================================
DAG File Processing Stats

File Path                                PID    Runtime      # DAGs    # Errors  Last Runtime    Last Run
---------------------------------------  -----  ---------  --------  ----------  --------------  -------------------
/opt/airflow/dags/sodai_pipeline_dag.py                           1           0  0.15s           2025-11-18T21:58:21
/opt/airflow/dags/sodai/__init__.py                               0           0  0.11s           2025-11-18T21:58:21
================================================================================
[2025-11-18T21:59:07.397+0000] {manager.py:878} INFO - 
================================================================================
DAG File Processing Stats

File Path                                PID    Runtime      # DAGs    # Errors  Last Runtime    Last Run
---------------------------------------  -----  ---------  --------  ----------  --------------  -------------------
/opt/airflow/dags/sodai_pipeline_dag.py                           1           0  0.12s           2025-11-18T21:58:51
/opt/airflow/dags/sodai/__init__.py                               0           0  0.05s           2025-11-18T21:58:51
================================================================================
[2025-11-18T21:59:37.657+0000] {manager.py:878} INFO - 
================================================================================
DAG File Processing Stats

File Path                                PID    Runtime      # DAGs    # Errors  Last Runtime    Last Run
---------------------------------------  -----  ---------  --------  ----------  --------------  -------------------
/opt/airflow/dags/sodai/__init__.py                               0           0  0.12s           2025-11-18T21:59:21
/opt/airflow/dags/sodai_pipeline_dag.py                           1           0  0.10s           2025-11-18T21:59:21
================================================================================
[2025-11-18T22:00:07.781+0000] {manager.py:878} INFO - 
================================================================================
DAG File Processing Stats

File Path                                PID    Runtime      # DAGs    # Errors  Last Runtime    Last Run
---------------------------------------  -----  ---------  --------  ----------  --------------  -------------------
/opt/airflow/dags/sodai_pipeline_dag.py                           1           0  0.10s           2025-11-18T21:59:51
/opt/airflow/dags/sodai/__init__.py                               0           0  0.04s           2025-11-18T21:59:51
================================================================================
[2025-11-18T22:00:37.008+0000] {manager.py:737} INFO - Searching for files in /opt/airflow/dags
[2025-11-18T22:00:37.164+0000] {manager.py:740} INFO - There are 2 files in /opt/airflow/dags
[2025-11-18T22:00:38.201+0000] {manager.py:878} INFO - 
================================================================================
DAG File Processing Stats

File Path                                PID    Runtime      # DAGs    # Errors  Last Runtime    Last Run
---------------------------------------  -----  ---------  --------  ----------  --------------  -------------------
/opt/airflow/dags/sodai_pipeline_dag.py                           1           0  0.11s           2025-11-18T22:00:22
/opt/airflow/dags/sodai/__init__.py                               0           0  0.05s           2025-11-18T22:00:22
================================================================================
[2025-11-18T22:01:08.385+0000] {manager.py:878} INFO - 
================================================================================
DAG File Processing Stats

File Path                                PID    Runtime      # DAGs    # Errors  Last Runtime    Last Run
---------------------------------------  -----  ---------  --------  ----------  --------------  -------------------
/opt/airflow/dags/sodai_pipeline_dag.py                           1           0  0.10s           2025-11-18T22:00:52
/opt/airflow/dags/sodai/__init__.py                               0           0  0.06s           2025-11-18T22:00:52
================================================================================
[2025-11-18T22:01:38.654+0000] {manager.py:878} INFO - 
================================================================================
DAG File Processing Stats

File Path                                PID    Runtime      # DAGs    # Errors  Last Runtime    Last Run
---------------------------------------  -----  ---------  --------  ----------  --------------  -------------------
/opt/airflow/dags/sodai_pipeline_dag.py                           1           0  0.12s           2025-11-18T22:01:22
/opt/airflow/dags/sodai/__init__.py                               0           0  0.07s           2025-11-18T22:01:22
================================================================================
[2025-11-18T22:02:08.997+0000] {manager.py:878} INFO - 
================================================================================
DAG File Processing Stats

File Path                                PID    Runtime      # DAGs    # Errors  Last Runtime    Last Run
---------------------------------------  -----  ---------  --------  ----------  --------------  -------------------
/opt/airflow/dags/sodai_pipeline_dag.py                           1           0  0.16s           2025-11-18T22:01:52
/opt/airflow/dags/sodai/__init__.py                               0           0  0.10s           2025-11-18T22:01:52
================================================================================
[2025-11-18T22:02:39.220+0000] {manager.py:878} INFO - 
================================================================================
DAG File Processing Stats

File Path                                PID    Runtime      # DAGs    # Errors  Last Runtime    Last Run
---------------------------------------  -----  ---------  --------  ----------  --------------  -------------------
/opt/airflow/dags/sodai_pipeline_dag.py                           1           0  0.11s           2025-11-18T22:02:24
/opt/airflow/dags/sodai/__init__.py                               0           0  0.06s           2025-11-18T22:02:24
================================================================================
[2025-11-18T22:03:09.457+0000] {manager.py:878} INFO - 
================================================================================
DAG File Processing Stats

File Path                                PID    Runtime      # DAGs    # Errors  Last Runtime    Last Run
---------------------------------------  -----  ---------  --------  ----------  --------------  -------------------
/opt/airflow/dags/sodai_pipeline_dag.py                           1           0  0.09s           2025-11-18T22:02:54
/opt/airflow/dags/sodai/__init__.py                               0           0  0.05s           2025-11-18T22:02:54
================================================================================
[2025-11-18T22:03:39.713+0000] {manager.py:878} INFO - 
================================================================================
DAG File Processing Stats

File Path                                PID    Runtime      # DAGs    # Errors  Last Runtime    Last Run
---------------------------------------  -----  ---------  --------  ----------  --------------  -------------------
/opt/airflow/dags/sodai_pipeline_dag.py                           1           0  0.10s           2025-11-18T22:03:24
/opt/airflow/dags/sodai/__init__.py                               0           0  0.05s           2025-11-18T22:03:24
================================================================================
[2025-11-18T22:04:09.946+0000] {manager.py:878} INFO - 
================================================================================
DAG File Processing Stats

File Path                                PID    Runtime      # DAGs    # Errors  Last Runtime    Last Run
---------------------------------------  -----  ---------  --------  ----------  --------------  -------------------
/opt/airflow/dags/sodai_pipeline_dag.py                           1           0  0.09s           2025-11-18T22:03:54
/opt/airflow/dags/sodai/__init__.py                               0           0  0.05s           2025-11-18T22:03:54
================================================================================
[2025-11-18T22:04:40.262+0000] {manager.py:878} INFO - 
================================================================================
DAG File Processing Stats

File Path                                PID    Runtime      # DAGs    # Errors  Last Runtime    Last Run
---------------------------------------  -----  ---------  --------  ----------  --------------  -------------------
/opt/airflow/dags/sodai_pipeline_dag.py                           1           0  0.17s           2025-11-18T22:04:25
/opt/airflow/dags/sodai/__init__.py                               0           0  0.11s           2025-11-18T22:04:25
================================================================================
[2025-11-18T22:05:10.478+0000] {manager.py:878} INFO - 
================================================================================
DAG File Processing Stats

File Path                                PID    Runtime      # DAGs    # Errors  Last Runtime    Last Run
---------------------------------------  -----  ---------  --------  ----------  --------------  -------------------
/opt/airflow/dags/sodai_pipeline_dag.py                           1           0  0.11s           2025-11-18T22:04:55
/opt/airflow/dags/sodai/__init__.py                               0           0  0.05s           2025-11-18T22:04:55
================================================================================
[2025-11-18T22:05:37.587+0000] {manager.py:737} INFO - Searching for files in /opt/airflow/dags
[2025-11-18T22:05:37.687+0000] {manager.py:740} INFO - There are 2 files in /opt/airflow/dags
[2025-11-18T22:05:40.739+0000] {manager.py:878} INFO - 
================================================================================
DAG File Processing Stats

File Path                                PID    Runtime      # DAGs    # Errors  Last Runtime    Last Run
---------------------------------------  -----  ---------  --------  ----------  --------------  -------------------
/opt/airflow/dags/sodai_pipeline_dag.py                           1           0  0.09s           2025-11-18T22:05:25
/opt/airflow/dags/sodai/__init__.py                               0           0  0.05s           2025-11-18T22:05:25
================================================================================
[2025-11-18T22:06:10.968+0000] {manager.py:878} INFO - 
================================================================================
DAG File Processing Stats

File Path                                PID    Runtime      # DAGs    # Errors  Last Runtime    Last Run
---------------------------------------  -----  ---------  --------  ----------  --------------  -------------------
/opt/airflow/dags/sodai_pipeline_dag.py                           1           0  0.08s           2025-11-18T22:05:55
/opt/airflow/dags/sodai/__init__.py                               0           0  0.04s           2025-11-18T22:05:55
================================================================================
[2025-11-18T22:06:41.134+0000] {manager.py:878} INFO - 
================================================================================
DAG File Processing Stats

File Path                                PID    Runtime      # DAGs    # Errors  Last Runtime    Last Run
---------------------------------------  -----  ---------  --------  ----------  --------------  -------------------
/opt/airflow/dags/sodai_pipeline_dag.py                           1           0  0.08s           2025-11-18T22:06:26
/opt/airflow/dags/sodai/__init__.py                               0           0  0.04s           2025-11-18T22:06:25
================================================================================
[2025-11-18T22:07:11.341+0000] {manager.py:878} INFO - 
================================================================================
DAG File Processing Stats

File Path                                PID    Runtime      # DAGs    # Errors  Last Runtime    Last Run
---------------------------------------  -----  ---------  --------  ----------  --------------  -------------------
/opt/airflow/dags/sodai_pipeline_dag.py                           1           0  0.17s           2025-11-18T22:06:56
/opt/airflow/dags/sodai/__init__.py                               0           0  0.15s           2025-11-18T22:06:56
================================================================================
[2025-11-18T22:07:41.638+0000] {manager.py:878} INFO - 
================================================================================
DAG File Processing Stats

File Path                                PID    Runtime      # DAGs    # Errors  Last Runtime    Last Run
---------------------------------------  -----  ---------  --------  ----------  --------------  -------------------
/opt/airflow/dags/sodai_pipeline_dag.py                           1           0  0.11s           2025-11-18T22:07:26
/opt/airflow/dags/sodai/__init__.py                               0           0  0.05s           2025-11-18T22:07:26
================================================================================
[2025-11-18T22:08:11.856+0000] {manager.py:878} INFO - 
================================================================================
DAG File Processing Stats

File Path                                PID    Runtime      # DAGs    # Errors  Last Runtime    Last Run
---------------------------------------  -----  ---------  --------  ----------  --------------  -------------------
/opt/airflow/dags/sodai_pipeline_dag.py                           1           0  0.11s           2025-11-18T22:07:56
/opt/airflow/dags/sodai/__init__.py                               0           0  0.05s           2025-11-18T22:07:56
================================================================================
[2025-11-18T22:08:42.040+0000] {manager.py:878} INFO - 
================================================================================
DAG File Processing Stats

File Path                                PID    Runtime      # DAGs    # Errors  Last Runtime    Last Run
---------------------------------------  -----  ---------  --------  ----------  --------------  -------------------
/opt/airflow/dags/sodai_pipeline_dag.py                           1           0  0.09s           2025-11-18T22:08:26
/opt/airflow/dags/sodai/__init__.py                               0           0  0.05s           2025-11-18T22:08:26
================================================================================
[2025-11-18T22:09:12.286+0000] {manager.py:878} INFO - 
================================================================================
DAG File Processing Stats

File Path                                PID    Runtime      # DAGs    # Errors  Last Runtime    Last Run
---------------------------------------  -----  ---------  --------  ----------  --------------  -------------------
/opt/airflow/dags/sodai_pipeline_dag.py                           1           0  0.09s           2025-11-18T22:08:57
/opt/airflow/dags/sodai/__init__.py                               0           0  0.05s           2025-11-18T22:08:57
================================================================================
[2025-11-18T22:09:42.531+0000] {manager.py:878} INFO - 
================================================================================
DAG File Processing Stats

File Path                                PID    Runtime      # DAGs    # Errors  Last Runtime    Last Run
---------------------------------------  -----  ---------  --------  ----------  --------------  -------------------
/opt/airflow/dags/sodai_pipeline_dag.py                           1           0  0.11s           2025-11-18T22:09:27
/opt/airflow/dags/sodai/__init__.py                               0           0  0.07s           2025-11-18T22:09:27
================================================================================
[2025-11-18T22:10:12.916+0000] {manager.py:878} INFO - 
================================================================================
DAG File Processing Stats

File Path                                PID    Runtime      # DAGs    # Errors  Last Runtime    Last Run
---------------------------------------  -----  ---------  --------  ----------  --------------  -------------------
/opt/airflow/dags/sodai_pipeline_dag.py                           1           0  0.11s           2025-11-18T22:09:57
/opt/airflow/dags/sodai/__init__.py                               0           0  0.06s           2025-11-18T22:09:57
================================================================================
[2025-11-18T22:10:38.028+0000] {manager.py:737} INFO - Searching for files in /opt/airflow/dags
[2025-11-18T22:10:38.142+0000] {manager.py:740} INFO - There are 2 files in /opt/airflow/dags
[2025-11-18T22:10:43.233+0000] {manager.py:878} INFO - 
================================================================================
DAG File Processing Stats

File Path                                PID    Runtime      # DAGs    # Errors  Last Runtime    Last Run
---------------------------------------  -----  ---------  --------  ----------  --------------  -------------------
/opt/airflow/dags/sodai_pipeline_dag.py                           1           0  0.17s           2025-11-18T22:10:28
/opt/airflow/dags/sodai/__init__.py                               0           0  0.12s           2025-11-18T22:10:28
================================================================================
[2025-11-18T22:11:13.407+0000] {manager.py:878} INFO - 
================================================================================
DAG File Processing Stats

File Path                                PID    Runtime      # DAGs    # Errors  Last Runtime    Last Run
---------------------------------------  -----  ---------  --------  ----------  --------------  -------------------
/opt/airflow/dags/sodai_pipeline_dag.py                           1           0  0.10s           2025-11-18T22:10:58
/opt/airflow/dags/sodai/__init__.py                               0           0  0.05s           2025-11-18T22:10:58
================================================================================
[2025-11-18T22:11:43.668+0000] {manager.py:878} INFO - 
================================================================================
DAG File Processing Stats

File Path                                PID    Runtime      # DAGs    # Errors  Last Runtime    Last Run
---------------------------------------  -----  ---------  --------  ----------  --------------  -------------------
/opt/airflow/dags/sodai_pipeline_dag.py                           1           0  0.14s           2025-11-18T22:11:28
/opt/airflow/dags/sodai/__init__.py                               0           0  0.10s           2025-11-18T22:11:28
================================================================================
[2025-11-18T22:12:13.903+0000] {manager.py:878} INFO - 
================================================================================
DAG File Processing Stats

File Path                                PID    Runtime      # DAGs    # Errors  Last Runtime    Last Run
---------------------------------------  -----  ---------  --------  ----------  --------------  -------------------
/opt/airflow/dags/sodai_pipeline_dag.py                           1           0  0.16s           2025-11-18T22:11:58
/opt/airflow/dags/sodai/__init__.py                               0           0  0.10s           2025-11-18T22:11:58
================================================================================
[2025-11-18T22:12:44.074+0000] {manager.py:878} INFO - 
================================================================================
DAG File Processing Stats

File Path                                PID    Runtime      # DAGs    # Errors  Last Runtime    Last Run
---------------------------------------  -----  ---------  --------  ----------  --------------  -------------------
/opt/airflow/dags/sodai_pipeline_dag.py                           1           0  0.09s           2025-11-18T22:12:28
/opt/airflow/dags/sodai/__init__.py                               0           0  0.05s           2025-11-18T22:12:28
================================================================================
[2025-11-18T22:13:14.372+0000] {manager.py:878} INFO - 
================================================================================
DAG File Processing Stats

File Path                                PID    Runtime      # DAGs    # Errors  Last Runtime    Last Run
---------------------------------------  -----  ---------  --------  ----------  --------------  -------------------
/opt/airflow/dags/sodai_pipeline_dag.py                           1           0  0.10s           2025-11-18T22:12:59
/opt/airflow/dags/sodai/__init__.py                               0           0  0.04s           2025-11-18T22:12:59
================================================================================
[2025-11-18T22:13:44.610+0000] {manager.py:878} INFO - 
================================================================================
DAG File Processing Stats

File Path                                PID    Runtime      # DAGs    # Errors  Last Runtime    Last Run
---------------------------------------  -----  ---------  --------  ----------  --------------  -------------------
/opt/airflow/dags/sodai_pipeline_dag.py                           1           0  0.10s           2025-11-18T22:13:29
/opt/airflow/dags/sodai/__init__.py                               0           0  0.06s           2025-11-18T22:13:29
================================================================================
[2025-11-18T22:14:14.881+0000] {manager.py:878} INFO - 
================================================================================
DAG File Processing Stats

File Path                                PID    Runtime      # DAGs    # Errors  Last Runtime    Last Run
---------------------------------------  -----  ---------  --------  ----------  --------------  -------------------
/opt/airflow/dags/sodai_pipeline_dag.py                           1           0  0.11s           2025-11-18T22:13:59
/opt/airflow/dags/sodai/__init__.py                               0           0  0.05s           2025-11-18T22:13:59
================================================================================
[2025-11-18T22:14:45.184+0000] {manager.py:878} INFO - 
================================================================================
DAG File Processing Stats

File Path                                PID    Runtime      # DAGs    # Errors  Last Runtime    Last Run
---------------------------------------  -----  ---------  --------  ----------  --------------  -------------------
/opt/airflow/dags/sodai_pipeline_dag.py                           1           0  0.10s           2025-11-18T22:14:29
/opt/airflow/dags/sodai/__init__.py                               0           0  0.06s           2025-11-18T22:14:29
================================================================================
[2025-11-18T22:15:15.469+0000] {manager.py:878} INFO - 
================================================================================
DAG File Processing Stats

File Path                                PID    Runtime      # DAGs    # Errors  Last Runtime    Last Run
---------------------------------------  -----  ---------  --------  ----------  --------------  -------------------
/opt/airflow/dags/sodai_pipeline_dag.py                           1           0  0.12s           2025-11-18T22:15:00
/opt/airflow/dags/sodai/__init__.py                               0           0  0.06s           2025-11-18T22:15:00
================================================================================
[2025-11-18T22:15:38.645+0000] {manager.py:737} INFO - Searching for files in /opt/airflow/dags
[2025-11-18T22:15:38.912+0000] {manager.py:740} INFO - There are 2 files in /opt/airflow/dags
[2025-11-18T22:15:46.055+0000] {manager.py:878} INFO - 
================================================================================
DAG File Processing Stats

File Path                                PID    Runtime      # DAGs    # Errors  Last Runtime    Last Run
---------------------------------------  -----  ---------  --------  ----------  --------------  -------------------
/opt/airflow/dags/sodai/__init__.py                               0           0  0.16s           2025-11-18T22:15:30
/opt/airflow/dags/sodai_pipeline_dag.py                           1           0  0.16s           2025-11-18T22:15:30
================================================================================
[2025-11-18T22:16:16.293+0000] {manager.py:878} INFO - 
================================================================================
DAG File Processing Stats

File Path                                PID    Runtime      # DAGs    # Errors  Last Runtime    Last Run
---------------------------------------  -----  ---------  --------  ----------  --------------  -------------------
/opt/airflow/dags/sodai_pipeline_dag.py                           1           0  0.11s           2025-11-18T22:16:01
/opt/airflow/dags/sodai/__init__.py                               0           0  0.06s           2025-11-18T22:16:01
================================================================================
[2025-11-18T22:16:46.590+0000] {manager.py:878} INFO - 
================================================================================
DAG File Processing Stats

File Path                                PID    Runtime      # DAGs    # Errors  Last Runtime    Last Run
---------------------------------------  -----  ---------  --------  ----------  --------------  -------------------
/opt/airflow/dags/sodai_pipeline_dag.py                           1           0  0.14s           2025-11-18T22:16:31
/opt/airflow/dags/sodai/__init__.py                               0           0  0.09s           2025-11-18T22:16:31
================================================================================
[2025-11-18T22:17:16.780+0000] {manager.py:878} INFO - 
================================================================================
DAG File Processing Stats

File Path                                PID    Runtime      # DAGs    # Errors  Last Runtime    Last Run
---------------------------------------  -----  ---------  --------  ----------  --------------  -------------------
/opt/airflow/dags/sodai_pipeline_dag.py                           1           0  0.10s           2025-11-18T22:17:01
/opt/airflow/dags/sodai/__init__.py                               0           0  0.05s           2025-11-18T22:17:01
================================================================================
[2025-11-18T22:17:47.137+0000] {manager.py:878} INFO - 
================================================================================
DAG File Processing Stats

File Path                                PID    Runtime      # DAGs    # Errors  Last Runtime    Last Run
---------------------------------------  -----  ---------  --------  ----------  --------------  -------------------
/opt/airflow/dags/sodai_pipeline_dag.py                           1           0  0.09s           2025-11-18T22:17:31
/opt/airflow/dags/sodai/__init__.py                               0           0  0.04s           2025-11-18T22:17:31
================================================================================
[2025-11-18T22:18:17.360+0000] {manager.py:878} INFO - 
================================================================================
DAG File Processing Stats

File Path                                PID    Runtime      # DAGs    # Errors  Last Runtime    Last Run
---------------------------------------  -----  ---------  --------  ----------  --------------  -------------------
/opt/airflow/dags/sodai_pipeline_dag.py                           1           0  0.11s           2025-11-18T22:18:02
/opt/airflow/dags/sodai/__init__.py                               0           0  0.06s           2025-11-18T22:18:02
================================================================================
[2025-11-18T22:18:47.517+0000] {manager.py:878} INFO - 
================================================================================
DAG File Processing Stats

File Path                                PID    Runtime      # DAGs    # Errors  Last Runtime    Last Run
---------------------------------------  -----  ---------  --------  ----------  --------------  -------------------
/opt/airflow/dags/sodai_pipeline_dag.py                           1           0  0.10s           2025-11-18T22:18:32
/opt/airflow/dags/sodai/__init__.py                               0           0  0.05s           2025-11-18T22:18:32
================================================================================
[2025-11-18T22:19:17.863+0000] {manager.py:878} INFO - 
================================================================================
DAG File Processing Stats

File Path                                PID    Runtime      # DAGs    # Errors  Last Runtime    Last Run
---------------------------------------  -----  ---------  --------  ----------  --------------  -------------------
/opt/airflow/dags/sodai_pipeline_dag.py                           1           0  0.14s           2025-11-18T22:19:02
/opt/airflow/dags/sodai/__init__.py                               0           0  0.09s           2025-11-18T22:19:02
================================================================================
[2025-11-18T22:19:48.128+0000] {manager.py:878} INFO - 
================================================================================
DAG File Processing Stats

File Path                                PID    Runtime      # DAGs    # Errors  Last Runtime    Last Run
---------------------------------------  -----  ---------  --------  ----------  --------------  -------------------
/opt/airflow/dags/sodai_pipeline_dag.py                           1           0  0.11s           2025-11-18T22:19:33
/opt/airflow/dags/sodai/__init__.py                               0           0  0.06s           2025-11-18T22:19:33
================================================================================
[2025-11-18T22:20:18.467+0000] {manager.py:878} INFO - 
================================================================================
DAG File Processing Stats

File Path                                PID    Runtime      # DAGs    # Errors  Last Runtime    Last Run
---------------------------------------  -----  ---------  --------  ----------  --------------  -------------------
/opt/airflow/dags/sodai_pipeline_dag.py                           1           0  0.10s           2025-11-18T22:20:03
/opt/airflow/dags/sodai/__init__.py                               0           0  0.05s           2025-11-18T22:20:03
================================================================================
[2025-11-18T22:20:38.805+0000] {manager.py:737} INFO - Searching for files in /opt/airflow/dags
[2025-11-18T22:20:38.892+0000] {manager.py:740} INFO - There are 2 files in /opt/airflow/dags
[2025-11-18T22:20:48.866+0000] {manager.py:878} INFO - 
================================================================================
DAG File Processing Stats

File Path                                PID    Runtime      # DAGs    # Errors  Last Runtime    Last Run
---------------------------------------  -----  ---------  --------  ----------  --------------  -------------------
/opt/airflow/dags/sodai_pipeline_dag.py                           1           0  0.11s           2025-11-18T22:20:33
/opt/airflow/dags/sodai/__init__.py                               0           0  0.05s           2025-11-18T22:20:33
================================================================================
[2025-11-18T22:21:19.118+0000] {manager.py:878} INFO - 
================================================================================
DAG File Processing Stats

File Path                                PID    Runtime      # DAGs    # Errors  Last Runtime    Last Run
---------------------------------------  -----  ---------  --------  ----------  --------------  -------------------
/opt/airflow/dags/sodai_pipeline_dag.py                           1           0  0.12s           2025-11-18T22:21:04
/opt/airflow/dags/sodai/__init__.py                               0           0  0.06s           2025-11-18T22:21:04
================================================================================
[2025-11-18T22:21:49.480+0000] {manager.py:878} INFO - 
================================================================================
DAG File Processing Stats

File Path                                PID    Runtime      # DAGs    # Errors  Last Runtime    Last Run
---------------------------------------  -----  ---------  --------  ----------  --------------  -------------------
/opt/airflow/dags/sodai_pipeline_dag.py                           1           0  0.11s           2025-11-18T22:21:34
/opt/airflow/dags/sodai/__init__.py                               0           0  0.06s           2025-11-18T22:21:34
================================================================================
[2025-11-18T22:22:19.802+0000] {manager.py:878} INFO - 
================================================================================
DAG File Processing Stats

File Path                                PID    Runtime      # DAGs    # Errors  Last Runtime    Last Run
---------------------------------------  -----  ---------  --------  ----------  --------------  -------------------
/opt/airflow/dags/sodai_pipeline_dag.py                           1           0  0.11s           2025-11-18T22:22:04
/opt/airflow/dags/sodai/__init__.py                               0           0  0.06s           2025-11-18T22:22:04
================================================================================
[2025-11-18T22:22:50.046+0000] {manager.py:878} INFO - 
================================================================================
DAG File Processing Stats

File Path                                PID    Runtime      # DAGs    # Errors  Last Runtime    Last Run
---------------------------------------  -----  ---------  --------  ----------  --------------  -------------------
/opt/airflow/dags/sodai_pipeline_dag.py                           1           0  0.11s           2025-11-18T22:22:35
/opt/airflow/dags/sodai/__init__.py                               0           0  0.06s           2025-11-18T22:22:35
================================================================================
[2025-11-18T22:23:20.249+0000] {manager.py:878} INFO - 
================================================================================
DAG File Processing Stats

File Path                                PID    Runtime      # DAGs    # Errors  Last Runtime    Last Run
---------------------------------------  -----  ---------  --------  ----------  --------------  -------------------
/opt/airflow/dags/sodai_pipeline_dag.py                           1           0  0.12s           2025-11-18T22:23:05
/opt/airflow/dags/sodai/__init__.py                               0           0  0.07s           2025-11-18T22:23:05
================================================================================
[2025-11-18T22:23:50.597+0000] {manager.py:878} INFO - 
================================================================================
DAG File Processing Stats

File Path                                PID    Runtime      # DAGs    # Errors  Last Runtime    Last Run
---------------------------------------  -----  ---------  --------  ----------  --------------  -------------------
/opt/airflow/dags/sodai_pipeline_dag.py                           1           0  0.11s           2025-11-18T22:23:35
/opt/airflow/dags/sodai/__init__.py                               0           0  0.07s           2025-11-18T22:23:35
================================================================================
[2025-11-18T22:24:20.820+0000] {manager.py:878} INFO - 
================================================================================
DAG File Processing Stats

File Path                                PID    Runtime      # DAGs    # Errors  Last Runtime    Last Run
---------------------------------------  -----  ---------  --------  ----------  --------------  -------------------
/opt/airflow/dags/sodai_pipeline_dag.py                           1           0  0.10s           2025-11-18T22:24:05
/opt/airflow/dags/sodai/__init__.py                               0           0  0.05s           2025-11-18T22:24:05
================================================================================
[2025-11-18T22:24:51.096+0000] {manager.py:878} INFO - 
================================================================================
DAG File Processing Stats

File Path                                PID    Runtime      # DAGs    # Errors  Last Runtime    Last Run
---------------------------------------  -----  ---------  --------  ----------  --------------  -------------------
/opt/airflow/dags/sodai_pipeline_dag.py                           1           0  0.11s           2025-11-18T22:24:36
/opt/airflow/dags/sodai/__init__.py                               0           0  0.06s           2025-11-18T22:24:36
================================================================================
[2025-11-18T22:25:21.326+0000] {manager.py:878} INFO - 
================================================================================
DAG File Processing Stats

File Path                                PID    Runtime      # DAGs    # Errors  Last Runtime    Last Run
---------------------------------------  -----  ---------  --------  ----------  --------------  -------------------
/opt/airflow/dags/sodai_pipeline_dag.py                           1           0  0.10s           2025-11-18T22:25:06
/opt/airflow/dags/sodai/__init__.py                               0           0  0.05s           2025-11-18T22:25:06
================================================================================
[2025-11-18T22:25:39.591+0000] {manager.py:737} INFO - Searching for files in /opt/airflow/dags
[2025-11-18T22:25:39.663+0000] {manager.py:740} INFO - There are 2 files in /opt/airflow/dags
[2025-11-18T22:25:51.578+0000] {manager.py:878} INFO - 
================================================================================
DAG File Processing Stats

File Path                                PID    Runtime      # DAGs    # Errors  Last Runtime    Last Run
---------------------------------------  -----  ---------  --------  ----------  --------------  -------------------
/opt/airflow/dags/sodai_pipeline_dag.py                           1           0  0.09s           2025-11-18T22:25:36
/opt/airflow/dags/sodai/__init__.py                               0           0  0.04s           2025-11-18T22:25:36
================================================================================
[2025-11-18T22:26:21.713+0000] {manager.py:878} INFO - 
================================================================================
DAG File Processing Stats

File Path                                PID    Runtime      # DAGs    # Errors  Last Runtime    Last Run
---------------------------------------  -----  ---------  --------  ----------  --------------  -------------------
/opt/airflow/dags/sodai_pipeline_dag.py                           1           0  0.08s           2025-11-18T22:26:06
/opt/airflow/dags/sodai/__init__.py                               0           0  0.04s           2025-11-18T22:26:06
================================================================================
[2025-11-18T22:26:52.025+0000] {manager.py:878} INFO - 
================================================================================
DAG File Processing Stats

File Path                                PID    Runtime      # DAGs    # Errors  Last Runtime    Last Run
---------------------------------------  -----  ---------  --------  ----------  --------------  -------------------
/opt/airflow/dags/sodai_pipeline_dag.py                           1           0  0.11s           2025-11-18T22:26:37
/opt/airflow/dags/sodai/__init__.py                               0           0  0.05s           2025-11-18T22:26:37
================================================================================
[2025-11-18T22:27:22.205+0000] {manager.py:878} INFO - 
================================================================================
DAG File Processing Stats

File Path                                PID    Runtime      # DAGs    # Errors  Last Runtime    Last Run
---------------------------------------  -----  ---------  --------  ----------  --------------  -------------------
/opt/airflow/dags/sodai_pipeline_dag.py                           1           0  0.09s           2025-11-18T22:27:07
/opt/airflow/dags/sodai/__init__.py                               0           0  0.05s           2025-11-18T22:27:07
================================================================================
[2025-11-18T22:27:52.362+0000] {manager.py:878} INFO - 
================================================================================
DAG File Processing Stats

File Path                                PID    Runtime      # DAGs    # Errors  Last Runtime    Last Run
---------------------------------------  -----  ---------  --------  ----------  --------------  -------------------
/opt/airflow/dags/sodai_pipeline_dag.py                           1           0  0.09s           2025-11-18T22:27:37
/opt/airflow/dags/sodai/__init__.py                               0           0  0.04s           2025-11-18T22:27:37
================================================================================
[2025-11-18T22:28:22.575+0000] {manager.py:878} INFO - 
================================================================================
DAG File Processing Stats

File Path                                PID    Runtime      # DAGs    # Errors  Last Runtime    Last Run
---------------------------------------  -----  ---------  --------  ----------  --------------  -------------------
/opt/airflow/dags/sodai_pipeline_dag.py                           1           0  0.09s           2025-11-18T22:28:07
/opt/airflow/dags/sodai/__init__.py                               0           0  0.04s           2025-11-18T22:28:07
================================================================================
[2025-11-18T22:28:52.740+0000] {manager.py:878} INFO - 
================================================================================
DAG File Processing Stats

File Path                                PID    Runtime      # DAGs    # Errors  Last Runtime    Last Run
---------------------------------------  -----  ---------  --------  ----------  --------------  -------------------
/opt/airflow/dags/sodai_pipeline_dag.py                           1           0  0.09s           2025-11-18T22:28:37
/opt/airflow/dags/sodai/__init__.py                               0           0  0.05s           2025-11-18T22:28:37
================================================================================
[2025-11-18T22:29:22.908+0000] {manager.py:878} INFO - 
================================================================================
DAG File Processing Stats

File Path                                PID    Runtime      # DAGs    # Errors  Last Runtime    Last Run
---------------------------------------  -----  ---------  --------  ----------  --------------  -------------------
/opt/airflow/dags/sodai_pipeline_dag.py                           1           0  0.11s           2025-11-18T22:29:07
/opt/airflow/dags/sodai/__init__.py                               0           0  0.06s           2025-11-18T22:29:07
================================================================================
[2025-11-18T22:29:53.117+0000] {manager.py:878} INFO - 
================================================================================
DAG File Processing Stats

File Path                                PID    Runtime      # DAGs    # Errors  Last Runtime    Last Run
---------------------------------------  -----  ---------  --------  ----------  --------------  -------------------
/opt/airflow/dags/sodai_pipeline_dag.py                           1           0  0.10s           2025-11-18T22:29:38
/opt/airflow/dags/sodai/__init__.py                               0           0  0.04s           2025-11-18T22:29:38
================================================================================
[2025-11-18T22:30:23.252+0000] {manager.py:878} INFO - 
================================================================================
DAG File Processing Stats

File Path                                PID    Runtime      # DAGs    # Errors  Last Runtime    Last Run
---------------------------------------  -----  ---------  --------  ----------  --------------  -------------------
/opt/airflow/dags/sodai_pipeline_dag.py                           1           0  0.08s           2025-11-18T22:30:08
/opt/airflow/dags/sodai/__init__.py                               0           0  0.04s           2025-11-18T22:30:08
================================================================================
[2025-11-18T22:30:40.528+0000] {manager.py:737} INFO - Searching for files in /opt/airflow/dags
[2025-11-18T22:30:40.602+0000] {manager.py:740} INFO - There are 2 files in /opt/airflow/dags
[2025-11-18T22:30:53.542+0000] {manager.py:878} INFO - 
================================================================================
DAG File Processing Stats

File Path                                PID    Runtime      # DAGs    # Errors  Last Runtime    Last Run
---------------------------------------  -----  ---------  --------  ----------  --------------  -------------------
/opt/airflow/dags/sodai_pipeline_dag.py                           1           0  0.13s           2025-11-18T22:30:38
/opt/airflow/dags/sodai/__init__.py                               0           0  0.08s           2025-11-18T22:30:38
================================================================================
[2025-11-18T22:31:23.844+0000] {manager.py:878} INFO - 
================================================================================
DAG File Processing Stats

File Path                                PID    Runtime      # DAGs    # Errors  Last Runtime    Last Run
---------------------------------------  -----  ---------  --------  ----------  --------------  -------------------
/opt/airflow/dags/sodai_pipeline_dag.py                           1           0  0.10s           2025-11-18T22:31:08
/opt/airflow/dags/sodai/__init__.py                               0           0  0.05s           2025-11-18T22:31:08
================================================================================
[2025-11-18T22:31:54.089+0000] {manager.py:878} INFO - 
================================================================================
DAG File Processing Stats

File Path                                PID    Runtime      # DAGs    # Errors  Last Runtime    Last Run
---------------------------------------  -----  ---------  --------  ----------  --------------  -------------------
/opt/airflow/dags/sodai_pipeline_dag.py                           1           0  0.11s           2025-11-18T22:31:39
/opt/airflow/dags/sodai/__init__.py                               0           0  0.06s           2025-11-18T22:31:39
================================================================================
[2025-11-18T22:32:24.555+0000] {manager.py:878} INFO - 
================================================================================
DAG File Processing Stats

File Path                                PID    Runtime      # DAGs    # Errors  Last Runtime    Last Run
---------------------------------------  -----  ---------  --------  ----------  --------------  -------------------
/opt/airflow/dags/sodai_pipeline_dag.py                           1           0  0.13s           2025-11-18T22:32:09
/opt/airflow/dags/sodai/__init__.py                               0           0  0.10s           2025-11-18T22:32:09
================================================================================
[2025-11-18T22:32:54.771+0000] {manager.py:878} INFO - 
================================================================================
DAG File Processing Stats

File Path                                PID    Runtime      # DAGs    # Errors  Last Runtime    Last Run
---------------------------------------  -----  ---------  --------  ----------  --------------  -------------------
/opt/airflow/dags/sodai_pipeline_dag.py                           1           0  0.10s           2025-11-18T22:32:39
/opt/airflow/dags/sodai/__init__.py                               0           0  0.05s           2025-11-18T22:32:39
================================================================================
[2025-11-18T22:33:25.295+0000] {manager.py:878} INFO - 
================================================================================
DAG File Processing Stats

File Path                                PID    Runtime      # DAGs    # Errors  Last Runtime    Last Run
---------------------------------------  -----  ---------  --------  ----------  --------------  -------------------
/opt/airflow/dags/sodai_pipeline_dag.py                           1           0  0.14s           2025-11-18T22:33:10
/opt/airflow/dags/sodai/__init__.py                               0           0  0.13s           2025-11-18T22:33:10
================================================================================
[2025-11-18T22:33:55.594+0000] {manager.py:878} INFO - 
================================================================================
DAG File Processing Stats

File Path                                PID    Runtime      # DAGs    # Errors  Last Runtime    Last Run
---------------------------------------  -----  ---------  --------  ----------  --------------  -------------------
/opt/airflow/dags/sodai_pipeline_dag.py                           1           0  0.12s           2025-11-18T22:33:40
/opt/airflow/dags/sodai/__init__.py                               0           0  0.08s           2025-11-18T22:33:40
================================================================================
[2025-11-18T22:34:25.870+0000] {manager.py:878} INFO - 
================================================================================
DAG File Processing Stats

File Path                                PID    Runtime      # DAGs    # Errors  Last Runtime    Last Run
---------------------------------------  -----  ---------  --------  ----------  --------------  -------------------
/opt/airflow/dags/sodai_pipeline_dag.py                           1           0  0.10s           2025-11-18T22:34:10
/opt/airflow/dags/sodai/__init__.py                               0           0  0.04s           2025-11-18T22:34:10
================================================================================
[2025-11-18T22:34:56.081+0000] {manager.py:878} INFO - 
================================================================================
DAG File Processing Stats

File Path                                PID    Runtime      # DAGs    # Errors  Last Runtime    Last Run
---------------------------------------  -----  ---------  --------  ----------  --------------  -------------------
/opt/airflow/dags/sodai_pipeline_dag.py                           1           0  0.08s           2025-11-18T22:34:41
/opt/airflow/dags/sodai/__init__.py                               0           0  0.04s           2025-11-18T22:34:41
================================================================================
[2025-11-18T22:35:26.442+0000] {manager.py:878} INFO - 
================================================================================
DAG File Processing Stats

File Path                                PID    Runtime      # DAGs    # Errors  Last Runtime    Last Run
---------------------------------------  -----  ---------  --------  ----------  --------------  -------------------
/opt/airflow/dags/sodai_pipeline_dag.py                           1           0  0.13s           2025-11-18T22:35:11
/opt/airflow/dags/sodai/__init__.py                               0           0  0.09s           2025-11-18T22:35:11
================================================================================
[2025-11-18T22:35:40.647+0000] {manager.py:737} INFO - Searching for files in /opt/airflow/dags
[2025-11-18T22:35:40.895+0000] {manager.py:740} INFO - There are 2 files in /opt/airflow/dags
[2025-11-18T22:35:57.077+0000] {manager.py:878} INFO - 
================================================================================
DAG File Processing Stats

File Path                                PID    Runtime      # DAGs    # Errors  Last Runtime    Last Run
---------------------------------------  -----  ---------  --------  ----------  --------------  -------------------
/opt/airflow/dags/sodai_pipeline_dag.py                           1           0  0.11s           2025-11-18T22:35:41
/opt/airflow/dags/sodai/__init__.py                               0           0  0.07s           2025-11-18T22:35:41
================================================================================
[2025-11-18T22:36:27.372+0000] {manager.py:878} INFO - 
================================================================================
DAG File Processing Stats

File Path                                PID    Runtime      # DAGs    # Errors  Last Runtime    Last Run
---------------------------------------  -----  ---------  --------  ----------  --------------  -------------------
/opt/airflow/dags/sodai_pipeline_dag.py                           1           0  0.14s           2025-11-18T22:36:12
/opt/airflow/dags/sodai/__init__.py                               0           0  0.08s           2025-11-18T22:36:12
================================================================================
[2025-11-18T22:36:57.546+0000] {manager.py:878} INFO - 
================================================================================
DAG File Processing Stats

File Path                                PID    Runtime      # DAGs    # Errors  Last Runtime    Last Run
---------------------------------------  -----  ---------  --------  ----------  --------------  -------------------
/opt/airflow/dags/sodai_pipeline_dag.py                           1           0  0.10s           2025-11-18T22:36:42
/opt/airflow/dags/sodai/__init__.py                               0           0  0.05s           2025-11-18T22:36:42
================================================================================
[2025-11-18T22:37:27.768+0000] {manager.py:878} INFO - 
================================================================================
DAG File Processing Stats

File Path                                PID    Runtime      # DAGs    # Errors  Last Runtime    Last Run
---------------------------------------  -----  ---------  --------  ----------  --------------  -------------------
/opt/airflow/dags/sodai_pipeline_dag.py                           1           0  0.11s           2025-11-18T22:37:12
/opt/airflow/dags/sodai/__init__.py                               0           0  0.06s           2025-11-18T22:37:12
================================================================================
[2025-11-18T22:37:57.984+0000] {manager.py:878} INFO - 
================================================================================
DAG File Processing Stats

File Path                                PID    Runtime      # DAGs    # Errors  Last Runtime    Last Run
---------------------------------------  -----  ---------  --------  ----------  --------------  -------------------
/opt/airflow/dags/sodai_pipeline_dag.py                           1           0  0.10s           2025-11-18T22:37:42
/opt/airflow/dags/sodai/__init__.py                               0           0  0.06s           2025-11-18T22:37:42
================================================================================
[2025-11-18T22:38:28.222+0000] {manager.py:878} INFO - 
================================================================================
DAG File Processing Stats

File Path                                PID    Runtime      # DAGs    # Errors  Last Runtime    Last Run
---------------------------------------  -----  ---------  --------  ----------  --------------  -------------------
/opt/airflow/dags/sodai_pipeline_dag.py                           1           0  0.10s           2025-11-18T22:38:13
/opt/airflow/dags/sodai/__init__.py                               0           0  0.05s           2025-11-18T22:38:13
================================================================================
[2025-11-18T22:38:58.466+0000] {manager.py:878} INFO - 
================================================================================
DAG File Processing Stats

File Path                                PID    Runtime      # DAGs    # Errors  Last Runtime    Last Run
---------------------------------------  -----  ---------  --------  ----------  --------------  -------------------
/opt/airflow/dags/sodai_pipeline_dag.py                           1           0  0.11s           2025-11-18T22:38:43
/opt/airflow/dags/sodai/__init__.py                               0           0  0.04s           2025-11-18T22:38:43
================================================================================
[2025-11-18T22:39:28.685+0000] {manager.py:878} INFO - 
================================================================================
DAG File Processing Stats

File Path                                PID    Runtime      # DAGs    # Errors  Last Runtime    Last Run
---------------------------------------  -----  ---------  --------  ----------  --------------  -------------------
/opt/airflow/dags/sodai_pipeline_dag.py                           1           0  0.10s           2025-11-18T22:39:13
/opt/airflow/dags/sodai/__init__.py                               0           0  0.06s           2025-11-18T22:39:13
================================================================================
[2025-11-18T22:39:58.792+0000] {manager.py:878} INFO - 
================================================================================
DAG File Processing Stats

File Path                                PID    Runtime      # DAGs    # Errors  Last Runtime    Last Run
---------------------------------------  -----  ---------  --------  ----------  --------------  -------------------
/opt/airflow/dags/sodai_pipeline_dag.py                           1           0  0.09s           2025-11-18T22:39:43
/opt/airflow/dags/sodai/__init__.py                               0           0  0.05s           2025-11-18T22:39:43
================================================================================
[2025-11-18T22:40:29.054+0000] {manager.py:878} INFO - 
================================================================================
DAG File Processing Stats

File Path                                PID    Runtime      # DAGs    # Errors  Last Runtime    Last Run
---------------------------------------  -----  ---------  --------  ----------  --------------  -------------------
/opt/airflow/dags/sodai_pipeline_dag.py                           1           0  0.11s           2025-11-18T22:40:13
/opt/airflow/dags/sodai/__init__.py                               0           0  0.07s           2025-11-18T22:40:13
================================================================================
[2025-11-18T22:40:41.012+0000] {manager.py:737} INFO - Searching for files in /opt/airflow/dags
[2025-11-18T22:40:41.082+0000] {manager.py:740} INFO - There are 2 files in /opt/airflow/dags
[2025-11-18T22:40:59.258+0000] {manager.py:878} INFO - 
================================================================================
DAG File Processing Stats

File Path                                PID    Runtime      # DAGs    # Errors  Last Runtime    Last Run
---------------------------------------  -----  ---------  --------  ----------  --------------  -------------------
/opt/airflow/dags/sodai_pipeline_dag.py                           1           0  0.09s           2025-11-18T22:40:44
/opt/airflow/dags/sodai/__init__.py                               0           0  0.05s           2025-11-18T22:40:44
================================================================================
[2025-11-18T22:41:29.445+0000] {manager.py:878} INFO - 
================================================================================
DAG File Processing Stats

File Path                                PID    Runtime      # DAGs    # Errors  Last Runtime    Last Run
---------------------------------------  -----  ---------  --------  ----------  --------------  -------------------
/opt/airflow/dags/sodai_pipeline_dag.py                           1           0  0.09s           2025-11-18T22:41:14
/opt/airflow/dags/sodai/__init__.py                               0           0  0.04s           2025-11-18T22:41:14
================================================================================
[2025-11-18T22:41:59.650+0000] {manager.py:878} INFO - 
================================================================================
DAG File Processing Stats

File Path                                PID    Runtime      # DAGs    # Errors  Last Runtime    Last Run
---------------------------------------  -----  ---------  --------  ----------  --------------  -------------------
/opt/airflow/dags/sodai_pipeline_dag.py                           1           0  0.09s           2025-11-18T22:41:44
/opt/airflow/dags/sodai/__init__.py                               0           0  0.05s           2025-11-18T22:41:44
================================================================================
[2025-11-18T22:42:29.891+0000] {manager.py:878} INFO - 
================================================================================
DAG File Processing Stats

File Path                                PID    Runtime      # DAGs    # Errors  Last Runtime    Last Run
---------------------------------------  -----  ---------  --------  ----------  --------------  -------------------
/opt/airflow/dags/sodai_pipeline_dag.py                           1           0  0.10s           2025-11-18T22:42:14
/opt/airflow/dags/sodai/__init__.py                               0           0  0.05s           2025-11-18T22:42:14
================================================================================
[2025-11-18T22:43:00.077+0000] {manager.py:878} INFO - 
================================================================================
DAG File Processing Stats

File Path                                PID    Runtime      # DAGs    # Errors  Last Runtime    Last Run
---------------------------------------  -----  ---------  --------  ----------  --------------  -------------------
/opt/airflow/dags/sodai_pipeline_dag.py                           1           0  0.09s           2025-11-18T22:42:44
/opt/airflow/dags/sodai/__init__.py                               0           0  0.04s           2025-11-18T22:42:44
================================================================================
[2025-11-18T22:43:30.369+0000] {manager.py:878} INFO - 
================================================================================
DAG File Processing Stats

File Path                                PID    Runtime      # DAGs    # Errors  Last Runtime    Last Run
---------------------------------------  -----  ---------  --------  ----------  --------------  -------------------
/opt/airflow/dags/sodai_pipeline_dag.py                           1           0  0.10s           2025-11-18T22:43:15
/opt/airflow/dags/sodai/__init__.py                               0           0  0.05s           2025-11-18T22:43:15
================================================================================
[2025-11-18T22:44:00.885+0000] {manager.py:878} INFO - 
================================================================================
DAG File Processing Stats

File Path                                PID    Runtime      # DAGs    # Errors  Last Runtime    Last Run
---------------------------------------  -----  ---------  --------  ----------  --------------  -------------------
/opt/airflow/dags/sodai_pipeline_dag.py                           1           0  0.12s           2025-11-18T22:43:45
/opt/airflow/dags/sodai/__init__.py                               0           0  0.06s           2025-11-18T22:43:45
================================================================================
[2025-11-18T22:44:31.071+0000] {manager.py:878} INFO - 
================================================================================
DAG File Processing Stats

File Path                                PID    Runtime      # DAGs    # Errors  Last Runtime    Last Run
---------------------------------------  -----  ---------  --------  ----------  --------------  -------------------
/opt/airflow/dags/sodai_pipeline_dag.py                           1           0  0.08s           2025-11-18T22:44:15
/opt/airflow/dags/sodai/__init__.py                               0           0  0.04s           2025-11-18T22:44:15
================================================================================
[2025-11-18T22:45:01.340+0000] {manager.py:878} INFO - 
================================================================================
DAG File Processing Stats

File Path                                PID    Runtime      # DAGs    # Errors  Last Runtime    Last Run
---------------------------------------  -----  ---------  --------  ----------  --------------  -------------------
/opt/airflow/dags/sodai_pipeline_dag.py                           1           0  0.10s           2025-11-18T22:44:46
/opt/airflow/dags/sodai/__init__.py                               0           0  0.05s           2025-11-18T22:44:46
================================================================================
[2025-11-18T22:45:31.589+0000] {manager.py:878} INFO - 
================================================================================
DAG File Processing Stats

File Path                                PID    Runtime      # DAGs    # Errors  Last Runtime    Last Run
---------------------------------------  -----  ---------  --------  ----------  --------------  -------------------
/opt/airflow/dags/sodai_pipeline_dag.py                           1           0  0.11s           2025-11-18T22:45:16
/opt/airflow/dags/sodai/__init__.py                               0           0  0.06s           2025-11-18T22:45:16
================================================================================
