[2025-11-20T00:00:06.512+0000] {processor.py:161} INFO - Started process (PID=3440) to work on /opt/airflow/dags/sodai/__init__.py
[2025-11-20T00:00:06.513+0000] {processor.py:830} INFO - Processing file /opt/airflow/dags/sodai/__init__.py for tasks to queue
[2025-11-20T00:00:06.516+0000] {logging_mixin.py:188} INFO - [2025-11-20T00:00:06.516+0000] {dagbag.py:540} INFO - Filling up the DagBag from /opt/airflow/dags/sodai/__init__.py
[2025-11-20T00:00:06.532+0000] {processor.py:842} WARNING - No viable dags retrieved from /opt/airflow/dags/sodai/__init__.py
[2025-11-20T00:00:06.547+0000] {processor.py:183} INFO - Processing /opt/airflow/dags/sodai/__init__.py took 0.042 seconds
[2025-11-20T00:00:39.984+0000] {processor.py:161} INFO - Started process (PID=3450) to work on /opt/airflow/dags/sodai/__init__.py
[2025-11-20T00:00:39.986+0000] {processor.py:830} INFO - Processing file /opt/airflow/dags/sodai/__init__.py for tasks to queue
[2025-11-20T00:00:39.989+0000] {logging_mixin.py:188} INFO - [2025-11-20T00:00:39.989+0000] {dagbag.py:540} INFO - Filling up the DagBag from /opt/airflow/dags/sodai/__init__.py
[2025-11-20T00:00:40.006+0000] {processor.py:842} WARNING - No viable dags retrieved from /opt/airflow/dags/sodai/__init__.py
[2025-11-20T00:00:40.025+0000] {processor.py:183} INFO - Processing /opt/airflow/dags/sodai/__init__.py took 0.047 seconds
[2025-11-20T00:01:13.320+0000] {processor.py:161} INFO - Started process (PID=3460) to work on /opt/airflow/dags/sodai/__init__.py
[2025-11-20T00:01:13.321+0000] {processor.py:830} INFO - Processing file /opt/airflow/dags/sodai/__init__.py for tasks to queue
[2025-11-20T00:01:13.323+0000] {logging_mixin.py:188} INFO - [2025-11-20T00:01:13.323+0000] {dagbag.py:540} INFO - Filling up the DagBag from /opt/airflow/dags/sodai/__init__.py
[2025-11-20T00:01:13.340+0000] {processor.py:842} WARNING - No viable dags retrieved from /opt/airflow/dags/sodai/__init__.py
[2025-11-20T00:01:13.357+0000] {processor.py:183} INFO - Processing /opt/airflow/dags/sodai/__init__.py took 0.043 seconds
[2025-11-20T00:01:45.906+0000] {processor.py:161} INFO - Started process (PID=3470) to work on /opt/airflow/dags/sodai/__init__.py
[2025-11-20T00:01:45.907+0000] {processor.py:830} INFO - Processing file /opt/airflow/dags/sodai/__init__.py for tasks to queue
[2025-11-20T00:01:45.910+0000] {logging_mixin.py:188} INFO - [2025-11-20T00:01:45.909+0000] {dagbag.py:540} INFO - Filling up the DagBag from /opt/airflow/dags/sodai/__init__.py
[2025-11-20T00:01:45.922+0000] {processor.py:842} WARNING - No viable dags retrieved from /opt/airflow/dags/sodai/__init__.py
[2025-11-20T00:01:45.936+0000] {processor.py:183} INFO - Processing /opt/airflow/dags/sodai/__init__.py took 0.034 seconds
[2025-11-20T00:02:19.473+0000] {processor.py:161} INFO - Started process (PID=3480) to work on /opt/airflow/dags/sodai/__init__.py
[2025-11-20T00:02:19.474+0000] {processor.py:830} INFO - Processing file /opt/airflow/dags/sodai/__init__.py for tasks to queue
[2025-11-20T00:02:19.475+0000] {logging_mixin.py:188} INFO - [2025-11-20T00:02:19.475+0000] {dagbag.py:540} INFO - Filling up the DagBag from /opt/airflow/dags/sodai/__init__.py
[2025-11-20T00:02:19.486+0000] {processor.py:842} WARNING - No viable dags retrieved from /opt/airflow/dags/sodai/__init__.py
[2025-11-20T00:02:19.497+0000] {processor.py:183} INFO - Processing /opt/airflow/dags/sodai/__init__.py took 0.028 seconds
[2025-11-20T00:02:53.025+0000] {processor.py:161} INFO - Started process (PID=3490) to work on /opt/airflow/dags/sodai/__init__.py
[2025-11-20T00:02:53.026+0000] {processor.py:830} INFO - Processing file /opt/airflow/dags/sodai/__init__.py for tasks to queue
[2025-11-20T00:02:53.027+0000] {logging_mixin.py:188} INFO - [2025-11-20T00:02:53.027+0000] {dagbag.py:540} INFO - Filling up the DagBag from /opt/airflow/dags/sodai/__init__.py
[2025-11-20T00:02:53.038+0000] {processor.py:842} WARNING - No viable dags retrieved from /opt/airflow/dags/sodai/__init__.py
[2025-11-20T00:02:53.048+0000] {processor.py:183} INFO - Processing /opt/airflow/dags/sodai/__init__.py took 0.026 seconds
[2025-11-20T00:03:23.423+0000] {processor.py:161} INFO - Started process (PID=3500) to work on /opt/airflow/dags/sodai/__init__.py
[2025-11-20T00:03:23.424+0000] {processor.py:830} INFO - Processing file /opt/airflow/dags/sodai/__init__.py for tasks to queue
[2025-11-20T00:03:23.425+0000] {logging_mixin.py:188} INFO - [2025-11-20T00:03:23.425+0000] {dagbag.py:540} INFO - Filling up the DagBag from /opt/airflow/dags/sodai/__init__.py
[2025-11-20T00:03:23.434+0000] {processor.py:842} WARNING - No viable dags retrieved from /opt/airflow/dags/sodai/__init__.py
[2025-11-20T00:03:23.445+0000] {processor.py:183} INFO - Processing /opt/airflow/dags/sodai/__init__.py took 0.026 seconds
[2025-11-20T00:03:53.674+0000] {processor.py:161} INFO - Started process (PID=3510) to work on /opt/airflow/dags/sodai/__init__.py
[2025-11-20T00:03:53.675+0000] {processor.py:830} INFO - Processing file /opt/airflow/dags/sodai/__init__.py for tasks to queue
[2025-11-20T00:03:53.677+0000] {logging_mixin.py:188} INFO - [2025-11-20T00:03:53.676+0000] {dagbag.py:540} INFO - Filling up the DagBag from /opt/airflow/dags/sodai/__init__.py
[2025-11-20T00:03:53.688+0000] {processor.py:842} WARNING - No viable dags retrieved from /opt/airflow/dags/sodai/__init__.py
[2025-11-20T00:03:53.699+0000] {processor.py:183} INFO - Processing /opt/airflow/dags/sodai/__init__.py took 0.028 seconds
[2025-11-20T00:04:24.115+0000] {processor.py:161} INFO - Started process (PID=3520) to work on /opt/airflow/dags/sodai/__init__.py
[2025-11-20T00:04:24.115+0000] {processor.py:830} INFO - Processing file /opt/airflow/dags/sodai/__init__.py for tasks to queue
[2025-11-20T00:04:24.117+0000] {logging_mixin.py:188} INFO - [2025-11-20T00:04:24.117+0000] {dagbag.py:540} INFO - Filling up the DagBag from /opt/airflow/dags/sodai/__init__.py
[2025-11-20T00:04:24.126+0000] {processor.py:842} WARNING - No viable dags retrieved from /opt/airflow/dags/sodai/__init__.py
[2025-11-20T00:04:24.137+0000] {processor.py:183} INFO - Processing /opt/airflow/dags/sodai/__init__.py took 0.028 seconds
[2025-11-20T00:04:54.544+0000] {processor.py:161} INFO - Started process (PID=3530) to work on /opt/airflow/dags/sodai/__init__.py
[2025-11-20T00:04:54.544+0000] {processor.py:830} INFO - Processing file /opt/airflow/dags/sodai/__init__.py for tasks to queue
[2025-11-20T00:04:54.546+0000] {logging_mixin.py:188} INFO - [2025-11-20T00:04:54.546+0000] {dagbag.py:540} INFO - Filling up the DagBag from /opt/airflow/dags/sodai/__init__.py
[2025-11-20T00:04:54.557+0000] {processor.py:842} WARNING - No viable dags retrieved from /opt/airflow/dags/sodai/__init__.py
[2025-11-20T00:04:54.568+0000] {processor.py:183} INFO - Processing /opt/airflow/dags/sodai/__init__.py took 0.029 seconds
[2025-11-20T00:05:24.979+0000] {processor.py:161} INFO - Started process (PID=3540) to work on /opt/airflow/dags/sodai/__init__.py
[2025-11-20T00:05:24.980+0000] {processor.py:830} INFO - Processing file /opt/airflow/dags/sodai/__init__.py for tasks to queue
[2025-11-20T00:05:24.981+0000] {logging_mixin.py:188} INFO - [2025-11-20T00:05:24.981+0000] {dagbag.py:540} INFO - Filling up the DagBag from /opt/airflow/dags/sodai/__init__.py
[2025-11-20T00:05:24.990+0000] {processor.py:842} WARNING - No viable dags retrieved from /opt/airflow/dags/sodai/__init__.py
[2025-11-20T00:05:25.001+0000] {processor.py:183} INFO - Processing /opt/airflow/dags/sodai/__init__.py took 0.026 seconds
[2025-11-20T00:05:55.357+0000] {processor.py:161} INFO - Started process (PID=3550) to work on /opt/airflow/dags/sodai/__init__.py
[2025-11-20T00:05:55.358+0000] {processor.py:830} INFO - Processing file /opt/airflow/dags/sodai/__init__.py for tasks to queue
[2025-11-20T00:05:55.359+0000] {logging_mixin.py:188} INFO - [2025-11-20T00:05:55.359+0000] {dagbag.py:540} INFO - Filling up the DagBag from /opt/airflow/dags/sodai/__init__.py
[2025-11-20T00:05:55.368+0000] {processor.py:842} WARNING - No viable dags retrieved from /opt/airflow/dags/sodai/__init__.py
[2025-11-20T00:05:55.378+0000] {processor.py:183} INFO - Processing /opt/airflow/dags/sodai/__init__.py took 0.025 seconds
[2025-11-20T00:06:25.660+0000] {processor.py:161} INFO - Started process (PID=3560) to work on /opt/airflow/dags/sodai/__init__.py
[2025-11-20T00:06:25.661+0000] {processor.py:830} INFO - Processing file /opt/airflow/dags/sodai/__init__.py for tasks to queue
[2025-11-20T00:06:25.662+0000] {logging_mixin.py:188} INFO - [2025-11-20T00:06:25.662+0000] {dagbag.py:540} INFO - Filling up the DagBag from /opt/airflow/dags/sodai/__init__.py
[2025-11-20T00:06:25.672+0000] {processor.py:842} WARNING - No viable dags retrieved from /opt/airflow/dags/sodai/__init__.py
[2025-11-20T00:06:25.682+0000] {processor.py:183} INFO - Processing /opt/airflow/dags/sodai/__init__.py took 0.026 seconds
[2025-11-20T00:06:56.066+0000] {processor.py:161} INFO - Started process (PID=3570) to work on /opt/airflow/dags/sodai/__init__.py
[2025-11-20T00:06:56.067+0000] {processor.py:830} INFO - Processing file /opt/airflow/dags/sodai/__init__.py for tasks to queue
[2025-11-20T00:06:56.068+0000] {logging_mixin.py:188} INFO - [2025-11-20T00:06:56.068+0000] {dagbag.py:540} INFO - Filling up the DagBag from /opt/airflow/dags/sodai/__init__.py
[2025-11-20T00:06:56.078+0000] {processor.py:842} WARNING - No viable dags retrieved from /opt/airflow/dags/sodai/__init__.py
[2025-11-20T00:06:56.088+0000] {processor.py:183} INFO - Processing /opt/airflow/dags/sodai/__init__.py took 0.025 seconds
[2025-11-20T00:07:26.454+0000] {processor.py:161} INFO - Started process (PID=3580) to work on /opt/airflow/dags/sodai/__init__.py
[2025-11-20T00:07:26.455+0000] {processor.py:830} INFO - Processing file /opt/airflow/dags/sodai/__init__.py for tasks to queue
[2025-11-20T00:07:26.456+0000] {logging_mixin.py:188} INFO - [2025-11-20T00:07:26.456+0000] {dagbag.py:540} INFO - Filling up the DagBag from /opt/airflow/dags/sodai/__init__.py
[2025-11-20T00:07:26.466+0000] {processor.py:842} WARNING - No viable dags retrieved from /opt/airflow/dags/sodai/__init__.py
[2025-11-20T00:07:26.476+0000] {processor.py:183} INFO - Processing /opt/airflow/dags/sodai/__init__.py took 0.025 seconds
[2025-11-20T00:07:56.897+0000] {processor.py:161} INFO - Started process (PID=3590) to work on /opt/airflow/dags/sodai/__init__.py
[2025-11-20T00:07:56.898+0000] {processor.py:830} INFO - Processing file /opt/airflow/dags/sodai/__init__.py for tasks to queue
[2025-11-20T00:07:56.899+0000] {logging_mixin.py:188} INFO - [2025-11-20T00:07:56.899+0000] {dagbag.py:540} INFO - Filling up the DagBag from /opt/airflow/dags/sodai/__init__.py
[2025-11-20T00:07:56.910+0000] {processor.py:842} WARNING - No viable dags retrieved from /opt/airflow/dags/sodai/__init__.py
[2025-11-20T00:07:56.920+0000] {processor.py:183} INFO - Processing /opt/airflow/dags/sodai/__init__.py took 0.026 seconds
[2025-11-20T00:08:27.249+0000] {processor.py:161} INFO - Started process (PID=3600) to work on /opt/airflow/dags/sodai/__init__.py
[2025-11-20T00:08:27.250+0000] {processor.py:830} INFO - Processing file /opt/airflow/dags/sodai/__init__.py for tasks to queue
[2025-11-20T00:08:27.252+0000] {logging_mixin.py:188} INFO - [2025-11-20T00:08:27.252+0000] {dagbag.py:540} INFO - Filling up the DagBag from /opt/airflow/dags/sodai/__init__.py
[2025-11-20T00:08:27.265+0000] {processor.py:842} WARNING - No viable dags retrieved from /opt/airflow/dags/sodai/__init__.py
[2025-11-20T00:08:27.276+0000] {processor.py:183} INFO - Processing /opt/airflow/dags/sodai/__init__.py took 0.031 seconds
[2025-11-20T00:08:57.647+0000] {processor.py:161} INFO - Started process (PID=3610) to work on /opt/airflow/dags/sodai/__init__.py
[2025-11-20T00:08:57.648+0000] {processor.py:830} INFO - Processing file /opt/airflow/dags/sodai/__init__.py for tasks to queue
[2025-11-20T00:08:57.649+0000] {logging_mixin.py:188} INFO - [2025-11-20T00:08:57.649+0000] {dagbag.py:540} INFO - Filling up the DagBag from /opt/airflow/dags/sodai/__init__.py
[2025-11-20T00:08:57.660+0000] {processor.py:842} WARNING - No viable dags retrieved from /opt/airflow/dags/sodai/__init__.py
[2025-11-20T00:08:57.671+0000] {processor.py:183} INFO - Processing /opt/airflow/dags/sodai/__init__.py took 0.028 seconds
[2025-11-20T00:09:31.082+0000] {processor.py:161} INFO - Started process (PID=3620) to work on /opt/airflow/dags/sodai/__init__.py
[2025-11-20T00:09:31.083+0000] {processor.py:830} INFO - Processing file /opt/airflow/dags/sodai/__init__.py for tasks to queue
[2025-11-20T00:09:31.084+0000] {logging_mixin.py:188} INFO - [2025-11-20T00:09:31.084+0000] {dagbag.py:540} INFO - Filling up the DagBag from /opt/airflow/dags/sodai/__init__.py
[2025-11-20T00:09:31.096+0000] {processor.py:842} WARNING - No viable dags retrieved from /opt/airflow/dags/sodai/__init__.py
[2025-11-20T00:09:31.108+0000] {processor.py:183} INFO - Processing /opt/airflow/dags/sodai/__init__.py took 0.031 seconds
[2025-11-20T00:10:04.439+0000] {processor.py:161} INFO - Started process (PID=3630) to work on /opt/airflow/dags/sodai/__init__.py
[2025-11-20T00:10:04.440+0000] {processor.py:830} INFO - Processing file /opt/airflow/dags/sodai/__init__.py for tasks to queue
[2025-11-20T00:10:04.441+0000] {logging_mixin.py:188} INFO - [2025-11-20T00:10:04.441+0000] {dagbag.py:540} INFO - Filling up the DagBag from /opt/airflow/dags/sodai/__init__.py
[2025-11-20T00:10:04.454+0000] {processor.py:842} WARNING - No viable dags retrieved from /opt/airflow/dags/sodai/__init__.py
[2025-11-20T00:10:04.463+0000] {processor.py:183} INFO - Processing /opt/airflow/dags/sodai/__init__.py took 0.029 seconds
[2025-11-20T00:10:34.534+0000] {processor.py:161} INFO - Started process (PID=3640) to work on /opt/airflow/dags/sodai/__init__.py
[2025-11-20T00:10:34.535+0000] {processor.py:830} INFO - Processing file /opt/airflow/dags/sodai/__init__.py for tasks to queue
[2025-11-20T00:10:34.536+0000] {logging_mixin.py:188} INFO - [2025-11-20T00:10:34.536+0000] {dagbag.py:540} INFO - Filling up the DagBag from /opt/airflow/dags/sodai/__init__.py
[2025-11-20T00:10:34.546+0000] {processor.py:842} WARNING - No viable dags retrieved from /opt/airflow/dags/sodai/__init__.py
[2025-11-20T00:10:34.556+0000] {processor.py:183} INFO - Processing /opt/airflow/dags/sodai/__init__.py took 0.026 seconds
[2025-11-20T00:11:04.775+0000] {processor.py:161} INFO - Started process (PID=3650) to work on /opt/airflow/dags/sodai/__init__.py
[2025-11-20T00:11:04.776+0000] {processor.py:830} INFO - Processing file /opt/airflow/dags/sodai/__init__.py for tasks to queue
[2025-11-20T00:11:04.778+0000] {logging_mixin.py:188} INFO - [2025-11-20T00:11:04.778+0000] {dagbag.py:540} INFO - Filling up the DagBag from /opt/airflow/dags/sodai/__init__.py
[2025-11-20T00:11:04.788+0000] {processor.py:842} WARNING - No viable dags retrieved from /opt/airflow/dags/sodai/__init__.py
[2025-11-20T00:11:04.799+0000] {processor.py:183} INFO - Processing /opt/airflow/dags/sodai/__init__.py took 0.027 seconds
[2025-11-20T00:11:35.148+0000] {processor.py:161} INFO - Started process (PID=3660) to work on /opt/airflow/dags/sodai/__init__.py
[2025-11-20T00:11:35.149+0000] {processor.py:830} INFO - Processing file /opt/airflow/dags/sodai/__init__.py for tasks to queue
[2025-11-20T00:11:35.151+0000] {logging_mixin.py:188} INFO - [2025-11-20T00:11:35.151+0000] {dagbag.py:540} INFO - Filling up the DagBag from /opt/airflow/dags/sodai/__init__.py
[2025-11-20T00:11:35.160+0000] {processor.py:842} WARNING - No viable dags retrieved from /opt/airflow/dags/sodai/__init__.py
[2025-11-20T00:11:35.172+0000] {processor.py:183} INFO - Processing /opt/airflow/dags/sodai/__init__.py took 0.027 seconds
[2025-11-20T00:12:05.581+0000] {processor.py:161} INFO - Started process (PID=3670) to work on /opt/airflow/dags/sodai/__init__.py
[2025-11-20T00:12:05.582+0000] {processor.py:830} INFO - Processing file /opt/airflow/dags/sodai/__init__.py for tasks to queue
[2025-11-20T00:12:05.584+0000] {logging_mixin.py:188} INFO - [2025-11-20T00:12:05.583+0000] {dagbag.py:540} INFO - Filling up the DagBag from /opt/airflow/dags/sodai/__init__.py
[2025-11-20T00:12:05.595+0000] {processor.py:842} WARNING - No viable dags retrieved from /opt/airflow/dags/sodai/__init__.py
[2025-11-20T00:12:05.606+0000] {processor.py:183} INFO - Processing /opt/airflow/dags/sodai/__init__.py took 0.028 seconds
[2025-11-20T00:12:35.946+0000] {processor.py:161} INFO - Started process (PID=3680) to work on /opt/airflow/dags/sodai/__init__.py
[2025-11-20T00:12:35.947+0000] {processor.py:830} INFO - Processing file /opt/airflow/dags/sodai/__init__.py for tasks to queue
[2025-11-20T00:12:35.948+0000] {logging_mixin.py:188} INFO - [2025-11-20T00:12:35.948+0000] {dagbag.py:540} INFO - Filling up the DagBag from /opt/airflow/dags/sodai/__init__.py
[2025-11-20T00:12:35.960+0000] {processor.py:842} WARNING - No viable dags retrieved from /opt/airflow/dags/sodai/__init__.py
[2025-11-20T00:12:35.971+0000] {processor.py:183} INFO - Processing /opt/airflow/dags/sodai/__init__.py took 0.029 seconds
[2025-11-20T00:13:06.453+0000] {processor.py:161} INFO - Started process (PID=3690) to work on /opt/airflow/dags/sodai/__init__.py
[2025-11-20T00:13:06.455+0000] {processor.py:830} INFO - Processing file /opt/airflow/dags/sodai/__init__.py for tasks to queue
[2025-11-20T00:13:06.457+0000] {logging_mixin.py:188} INFO - [2025-11-20T00:13:06.456+0000] {dagbag.py:540} INFO - Filling up the DagBag from /opt/airflow/dags/sodai/__init__.py
[2025-11-20T00:13:06.468+0000] {processor.py:842} WARNING - No viable dags retrieved from /opt/airflow/dags/sodai/__init__.py
[2025-11-20T00:13:06.480+0000] {processor.py:183} INFO - Processing /opt/airflow/dags/sodai/__init__.py took 0.032 seconds
[2025-11-20T00:13:36.876+0000] {processor.py:161} INFO - Started process (PID=3700) to work on /opt/airflow/dags/sodai/__init__.py
[2025-11-20T00:13:36.877+0000] {processor.py:830} INFO - Processing file /opt/airflow/dags/sodai/__init__.py for tasks to queue
[2025-11-20T00:13:36.878+0000] {logging_mixin.py:188} INFO - [2025-11-20T00:13:36.878+0000] {dagbag.py:540} INFO - Filling up the DagBag from /opt/airflow/dags/sodai/__init__.py
[2025-11-20T00:13:36.890+0000] {processor.py:842} WARNING - No viable dags retrieved from /opt/airflow/dags/sodai/__init__.py
[2025-11-20T00:13:36.900+0000] {processor.py:183} INFO - Processing /opt/airflow/dags/sodai/__init__.py took 0.028 seconds
[2025-11-20T00:14:07.321+0000] {processor.py:161} INFO - Started process (PID=3710) to work on /opt/airflow/dags/sodai/__init__.py
[2025-11-20T00:14:07.322+0000] {processor.py:830} INFO - Processing file /opt/airflow/dags/sodai/__init__.py for tasks to queue
[2025-11-20T00:14:07.323+0000] {logging_mixin.py:188} INFO - [2025-11-20T00:14:07.323+0000] {dagbag.py:540} INFO - Filling up the DagBag from /opt/airflow/dags/sodai/__init__.py
[2025-11-20T00:14:07.334+0000] {processor.py:842} WARNING - No viable dags retrieved from /opt/airflow/dags/sodai/__init__.py
[2025-11-20T00:14:07.346+0000] {processor.py:183} INFO - Processing /opt/airflow/dags/sodai/__init__.py took 0.030 seconds
[2025-11-20T00:14:37.575+0000] {processor.py:161} INFO - Started process (PID=3720) to work on /opt/airflow/dags/sodai/__init__.py
[2025-11-20T00:14:37.576+0000] {processor.py:830} INFO - Processing file /opt/airflow/dags/sodai/__init__.py for tasks to queue
[2025-11-20T00:14:37.577+0000] {logging_mixin.py:188} INFO - [2025-11-20T00:14:37.577+0000] {dagbag.py:540} INFO - Filling up the DagBag from /opt/airflow/dags/sodai/__init__.py
[2025-11-20T00:14:37.595+0000] {processor.py:842} WARNING - No viable dags retrieved from /opt/airflow/dags/sodai/__init__.py
[2025-11-20T00:14:37.608+0000] {processor.py:183} INFO - Processing /opt/airflow/dags/sodai/__init__.py took 0.038 seconds
[2025-11-20T00:15:08.051+0000] {processor.py:161} INFO - Started process (PID=3730) to work on /opt/airflow/dags/sodai/__init__.py
[2025-11-20T00:15:08.051+0000] {processor.py:830} INFO - Processing file /opt/airflow/dags/sodai/__init__.py for tasks to queue
[2025-11-20T00:15:08.053+0000] {logging_mixin.py:188} INFO - [2025-11-20T00:15:08.053+0000] {dagbag.py:540} INFO - Filling up the DagBag from /opt/airflow/dags/sodai/__init__.py
[2025-11-20T00:15:08.063+0000] {processor.py:842} WARNING - No viable dags retrieved from /opt/airflow/dags/sodai/__init__.py
[2025-11-20T00:15:08.073+0000] {processor.py:183} INFO - Processing /opt/airflow/dags/sodai/__init__.py took 0.029 seconds
[2025-11-20T00:15:38.443+0000] {processor.py:161} INFO - Started process (PID=3740) to work on /opt/airflow/dags/sodai/__init__.py
[2025-11-20T00:15:38.444+0000] {processor.py:830} INFO - Processing file /opt/airflow/dags/sodai/__init__.py for tasks to queue
[2025-11-20T00:15:38.445+0000] {logging_mixin.py:188} INFO - [2025-11-20T00:15:38.445+0000] {dagbag.py:540} INFO - Filling up the DagBag from /opt/airflow/dags/sodai/__init__.py
[2025-11-20T00:15:38.455+0000] {processor.py:842} WARNING - No viable dags retrieved from /opt/airflow/dags/sodai/__init__.py
[2025-11-20T00:15:38.466+0000] {processor.py:183} INFO - Processing /opt/airflow/dags/sodai/__init__.py took 0.027 seconds
[2025-11-20T00:16:08.837+0000] {processor.py:161} INFO - Started process (PID=3750) to work on /opt/airflow/dags/sodai/__init__.py
[2025-11-20T00:16:08.839+0000] {processor.py:830} INFO - Processing file /opt/airflow/dags/sodai/__init__.py for tasks to queue
[2025-11-20T00:16:08.841+0000] {logging_mixin.py:188} INFO - [2025-11-20T00:16:08.840+0000] {dagbag.py:540} INFO - Filling up the DagBag from /opt/airflow/dags/sodai/__init__.py
[2025-11-20T00:16:08.852+0000] {processor.py:842} WARNING - No viable dags retrieved from /opt/airflow/dags/sodai/__init__.py
[2025-11-20T00:16:08.866+0000] {processor.py:183} INFO - Processing /opt/airflow/dags/sodai/__init__.py took 0.034 seconds
[2025-11-20T00:16:42.075+0000] {processor.py:161} INFO - Started process (PID=3760) to work on /opt/airflow/dags/sodai/__init__.py
[2025-11-20T00:16:42.076+0000] {processor.py:830} INFO - Processing file /opt/airflow/dags/sodai/__init__.py for tasks to queue
[2025-11-20T00:16:42.077+0000] {logging_mixin.py:188} INFO - [2025-11-20T00:16:42.077+0000] {dagbag.py:540} INFO - Filling up the DagBag from /opt/airflow/dags/sodai/__init__.py
[2025-11-20T00:16:42.090+0000] {processor.py:842} WARNING - No viable dags retrieved from /opt/airflow/dags/sodai/__init__.py
[2025-11-20T00:16:42.101+0000] {processor.py:183} INFO - Processing /opt/airflow/dags/sodai/__init__.py took 0.030 seconds
[2025-11-20T00:17:15.635+0000] {processor.py:161} INFO - Started process (PID=3770) to work on /opt/airflow/dags/sodai/__init__.py
[2025-11-20T00:17:15.636+0000] {processor.py:830} INFO - Processing file /opt/airflow/dags/sodai/__init__.py for tasks to queue
[2025-11-20T00:17:15.637+0000] {logging_mixin.py:188} INFO - [2025-11-20T00:17:15.637+0000] {dagbag.py:540} INFO - Filling up the DagBag from /opt/airflow/dags/sodai/__init__.py
[2025-11-20T00:17:15.648+0000] {processor.py:842} WARNING - No viable dags retrieved from /opt/airflow/dags/sodai/__init__.py
[2025-11-20T00:17:15.660+0000] {processor.py:183} INFO - Processing /opt/airflow/dags/sodai/__init__.py took 0.028 seconds
[2025-11-20T00:17:46.112+0000] {processor.py:161} INFO - Started process (PID=3780) to work on /opt/airflow/dags/sodai/__init__.py
[2025-11-20T00:17:46.113+0000] {processor.py:830} INFO - Processing file /opt/airflow/dags/sodai/__init__.py for tasks to queue
[2025-11-20T00:17:46.114+0000] {logging_mixin.py:188} INFO - [2025-11-20T00:17:46.114+0000] {dagbag.py:540} INFO - Filling up the DagBag from /opt/airflow/dags/sodai/__init__.py
[2025-11-20T00:17:46.129+0000] {processor.py:842} WARNING - No viable dags retrieved from /opt/airflow/dags/sodai/__init__.py
[2025-11-20T00:17:48.180+0000] {processor.py:183} INFO - Processing /opt/airflow/dags/sodai/__init__.py took 0.033 seconds
[2025-11-20T00:18:21.568+0000] {processor.py:161} INFO - Started process (PID=3790) to work on /opt/airflow/dags/sodai/__init__.py
[2025-11-20T00:18:21.569+0000] {processor.py:830} INFO - Processing file /opt/airflow/dags/sodai/__init__.py for tasks to queue
[2025-11-20T00:18:21.570+0000] {logging_mixin.py:188} INFO - [2025-11-20T00:18:21.570+0000] {dagbag.py:540} INFO - Filling up the DagBag from /opt/airflow/dags/sodai/__init__.py
[2025-11-20T00:18:21.582+0000] {processor.py:842} WARNING - No viable dags retrieved from /opt/airflow/dags/sodai/__init__.py
[2025-11-20T00:18:21.594+0000] {processor.py:183} INFO - Processing /opt/airflow/dags/sodai/__init__.py took 0.030 seconds
[2025-11-20T00:18:54.947+0000] {processor.py:161} INFO - Started process (PID=3800) to work on /opt/airflow/dags/sodai/__init__.py
[2025-11-20T00:18:54.948+0000] {processor.py:830} INFO - Processing file /opt/airflow/dags/sodai/__init__.py for tasks to queue
[2025-11-20T00:18:54.950+0000] {logging_mixin.py:188} INFO - [2025-11-20T00:18:54.949+0000] {dagbag.py:540} INFO - Filling up the DagBag from /opt/airflow/dags/sodai/__init__.py
[2025-11-20T00:18:54.964+0000] {processor.py:842} WARNING - No viable dags retrieved from /opt/airflow/dags/sodai/__init__.py
[2025-11-20T00:18:54.976+0000] {processor.py:183} INFO - Processing /opt/airflow/dags/sodai/__init__.py took 0.034 seconds
[2025-11-20T00:19:28.456+0000] {processor.py:161} INFO - Started process (PID=3810) to work on /opt/airflow/dags/sodai/__init__.py
[2025-11-20T00:19:28.456+0000] {processor.py:830} INFO - Processing file /opt/airflow/dags/sodai/__init__.py for tasks to queue
[2025-11-20T00:19:28.458+0000] {logging_mixin.py:188} INFO - [2025-11-20T00:19:28.457+0000] {dagbag.py:540} INFO - Filling up the DagBag from /opt/airflow/dags/sodai/__init__.py
[2025-11-20T00:19:28.467+0000] {processor.py:842} WARNING - No viable dags retrieved from /opt/airflow/dags/sodai/__init__.py
[2025-11-20T00:19:28.479+0000] {processor.py:183} INFO - Processing /opt/airflow/dags/sodai/__init__.py took 0.027 seconds
[2025-11-20T00:19:58.814+0000] {processor.py:161} INFO - Started process (PID=3820) to work on /opt/airflow/dags/sodai/__init__.py
[2025-11-20T00:19:58.815+0000] {processor.py:830} INFO - Processing file /opt/airflow/dags/sodai/__init__.py for tasks to queue
[2025-11-20T00:19:58.816+0000] {logging_mixin.py:188} INFO - [2025-11-20T00:19:58.816+0000] {dagbag.py:540} INFO - Filling up the DagBag from /opt/airflow/dags/sodai/__init__.py
[2025-11-20T00:19:58.827+0000] {processor.py:842} WARNING - No viable dags retrieved from /opt/airflow/dags/sodai/__init__.py
[2025-11-20T00:19:58.839+0000] {processor.py:183} INFO - Processing /opt/airflow/dags/sodai/__init__.py took 0.029 seconds
[2025-11-20T00:20:29.069+0000] {processor.py:161} INFO - Started process (PID=3830) to work on /opt/airflow/dags/sodai/__init__.py
[2025-11-20T00:20:29.070+0000] {processor.py:830} INFO - Processing file /opt/airflow/dags/sodai/__init__.py for tasks to queue
[2025-11-20T00:20:29.071+0000] {logging_mixin.py:188} INFO - [2025-11-20T00:20:29.071+0000] {dagbag.py:540} INFO - Filling up the DagBag from /opt/airflow/dags/sodai/__init__.py
[2025-11-20T00:20:29.083+0000] {processor.py:842} WARNING - No viable dags retrieved from /opt/airflow/dags/sodai/__init__.py
[2025-11-20T00:20:29.096+0000] {processor.py:183} INFO - Processing /opt/airflow/dags/sodai/__init__.py took 0.032 seconds
[2025-11-20T00:20:59.476+0000] {processor.py:161} INFO - Started process (PID=3840) to work on /opt/airflow/dags/sodai/__init__.py
[2025-11-20T00:20:59.477+0000] {processor.py:830} INFO - Processing file /opt/airflow/dags/sodai/__init__.py for tasks to queue
[2025-11-20T00:20:59.478+0000] {logging_mixin.py:188} INFO - [2025-11-20T00:20:59.478+0000] {dagbag.py:540} INFO - Filling up the DagBag from /opt/airflow/dags/sodai/__init__.py
[2025-11-20T00:20:59.488+0000] {processor.py:842} WARNING - No viable dags retrieved from /opt/airflow/dags/sodai/__init__.py
[2025-11-20T00:20:59.509+0000] {processor.py:183} INFO - Processing /opt/airflow/dags/sodai/__init__.py took 0.037 seconds
[2025-11-20T00:21:29.761+0000] {processor.py:161} INFO - Started process (PID=3850) to work on /opt/airflow/dags/sodai/__init__.py
[2025-11-20T00:21:29.762+0000] {processor.py:830} INFO - Processing file /opt/airflow/dags/sodai/__init__.py for tasks to queue
[2025-11-20T00:21:29.763+0000] {logging_mixin.py:188} INFO - [2025-11-20T00:21:29.763+0000] {dagbag.py:540} INFO - Filling up the DagBag from /opt/airflow/dags/sodai/__init__.py
[2025-11-20T00:21:29.775+0000] {processor.py:842} WARNING - No viable dags retrieved from /opt/airflow/dags/sodai/__init__.py
[2025-11-20T00:21:29.787+0000] {processor.py:183} INFO - Processing /opt/airflow/dags/sodai/__init__.py took 0.030 seconds
[2025-11-20T00:22:00.311+0000] {processor.py:161} INFO - Started process (PID=3860) to work on /opt/airflow/dags/sodai/__init__.py
[2025-11-20T00:22:00.312+0000] {processor.py:830} INFO - Processing file /opt/airflow/dags/sodai/__init__.py for tasks to queue
[2025-11-20T00:22:00.314+0000] {logging_mixin.py:188} INFO - [2025-11-20T00:22:00.313+0000] {dagbag.py:540} INFO - Filling up the DagBag from /opt/airflow/dags/sodai/__init__.py
[2025-11-20T00:22:00.325+0000] {processor.py:842} WARNING - No viable dags retrieved from /opt/airflow/dags/sodai/__init__.py
[2025-11-20T00:22:00.337+0000] {processor.py:183} INFO - Processing /opt/airflow/dags/sodai/__init__.py took 0.030 seconds
[2025-11-20T00:22:30.837+0000] {processor.py:161} INFO - Started process (PID=3870) to work on /opt/airflow/dags/sodai/__init__.py
[2025-11-20T00:22:30.838+0000] {processor.py:830} INFO - Processing file /opt/airflow/dags/sodai/__init__.py for tasks to queue
[2025-11-20T00:22:30.839+0000] {logging_mixin.py:188} INFO - [2025-11-20T00:22:30.839+0000] {dagbag.py:540} INFO - Filling up the DagBag from /opt/airflow/dags/sodai/__init__.py
[2025-11-20T00:22:30.851+0000] {processor.py:842} WARNING - No viable dags retrieved from /opt/airflow/dags/sodai/__init__.py
[2025-11-20T00:22:30.864+0000] {processor.py:183} INFO - Processing /opt/airflow/dags/sodai/__init__.py took 0.032 seconds
[2025-11-20T00:23:01.230+0000] {processor.py:161} INFO - Started process (PID=3880) to work on /opt/airflow/dags/sodai/__init__.py
[2025-11-20T00:23:01.232+0000] {processor.py:830} INFO - Processing file /opt/airflow/dags/sodai/__init__.py for tasks to queue
[2025-11-20T00:23:01.234+0000] {logging_mixin.py:188} INFO - [2025-11-20T00:23:01.234+0000] {dagbag.py:540} INFO - Filling up the DagBag from /opt/airflow/dags/sodai/__init__.py
[2025-11-20T00:23:01.249+0000] {processor.py:842} WARNING - No viable dags retrieved from /opt/airflow/dags/sodai/__init__.py
[2025-11-20T00:23:01.261+0000] {processor.py:183} INFO - Processing /opt/airflow/dags/sodai/__init__.py took 0.037 seconds
[2025-11-20T00:23:31.617+0000] {processor.py:161} INFO - Started process (PID=3890) to work on /opt/airflow/dags/sodai/__init__.py
[2025-11-20T00:23:31.618+0000] {processor.py:830} INFO - Processing file /opt/airflow/dags/sodai/__init__.py for tasks to queue
[2025-11-20T00:23:31.621+0000] {logging_mixin.py:188} INFO - [2025-11-20T00:23:31.620+0000] {dagbag.py:540} INFO - Filling up the DagBag from /opt/airflow/dags/sodai/__init__.py
[2025-11-20T00:23:31.637+0000] {processor.py:842} WARNING - No viable dags retrieved from /opt/airflow/dags/sodai/__init__.py
[2025-11-20T00:23:31.651+0000] {processor.py:183} INFO - Processing /opt/airflow/dags/sodai/__init__.py took 0.038 seconds
[2025-11-20T00:24:02.005+0000] {processor.py:161} INFO - Started process (PID=3900) to work on /opt/airflow/dags/sodai/__init__.py
[2025-11-20T00:24:02.006+0000] {processor.py:830} INFO - Processing file /opt/airflow/dags/sodai/__init__.py for tasks to queue
[2025-11-20T00:24:02.007+0000] {logging_mixin.py:188} INFO - [2025-11-20T00:24:02.007+0000] {dagbag.py:540} INFO - Filling up the DagBag from /opt/airflow/dags/sodai/__init__.py
[2025-11-20T00:24:02.020+0000] {processor.py:842} WARNING - No viable dags retrieved from /opt/airflow/dags/sodai/__init__.py
[2025-11-20T00:24:02.036+0000] {processor.py:183} INFO - Processing /opt/airflow/dags/sodai/__init__.py took 0.035 seconds
[2025-11-20T00:24:32.398+0000] {processor.py:161} INFO - Started process (PID=3910) to work on /opt/airflow/dags/sodai/__init__.py
[2025-11-20T00:24:32.399+0000] {processor.py:830} INFO - Processing file /opt/airflow/dags/sodai/__init__.py for tasks to queue
[2025-11-20T00:24:32.401+0000] {logging_mixin.py:188} INFO - [2025-11-20T00:24:32.400+0000] {dagbag.py:540} INFO - Filling up the DagBag from /opt/airflow/dags/sodai/__init__.py
[2025-11-20T00:24:32.413+0000] {processor.py:842} WARNING - No viable dags retrieved from /opt/airflow/dags/sodai/__init__.py
[2025-11-20T00:24:32.424+0000] {processor.py:183} INFO - Processing /opt/airflow/dags/sodai/__init__.py took 0.030 seconds
[2025-11-20T00:25:02.771+0000] {processor.py:161} INFO - Started process (PID=3920) to work on /opt/airflow/dags/sodai/__init__.py
[2025-11-20T00:25:02.772+0000] {processor.py:830} INFO - Processing file /opt/airflow/dags/sodai/__init__.py for tasks to queue
[2025-11-20T00:25:02.773+0000] {logging_mixin.py:188} INFO - [2025-11-20T00:25:02.773+0000] {dagbag.py:540} INFO - Filling up the DagBag from /opt/airflow/dags/sodai/__init__.py
[2025-11-20T00:25:02.784+0000] {processor.py:842} WARNING - No viable dags retrieved from /opt/airflow/dags/sodai/__init__.py
[2025-11-20T00:25:02.795+0000] {processor.py:183} INFO - Processing /opt/airflow/dags/sodai/__init__.py took 0.027 seconds
[2025-11-20T00:25:33.104+0000] {processor.py:161} INFO - Started process (PID=3930) to work on /opt/airflow/dags/sodai/__init__.py
[2025-11-20T00:25:33.105+0000] {processor.py:830} INFO - Processing file /opt/airflow/dags/sodai/__init__.py for tasks to queue
[2025-11-20T00:25:33.106+0000] {logging_mixin.py:188} INFO - [2025-11-20T00:25:33.106+0000] {dagbag.py:540} INFO - Filling up the DagBag from /opt/airflow/dags/sodai/__init__.py
[2025-11-20T00:25:33.120+0000] {processor.py:842} WARNING - No viable dags retrieved from /opt/airflow/dags/sodai/__init__.py
[2025-11-20T00:25:33.132+0000] {processor.py:183} INFO - Processing /opt/airflow/dags/sodai/__init__.py took 0.033 seconds
[2025-11-20T00:26:06.391+0000] {processor.py:161} INFO - Started process (PID=3940) to work on /opt/airflow/dags/sodai/__init__.py
[2025-11-20T00:26:06.392+0000] {processor.py:830} INFO - Processing file /opt/airflow/dags/sodai/__init__.py for tasks to queue
[2025-11-20T00:26:06.394+0000] {logging_mixin.py:188} INFO - [2025-11-20T00:26:06.393+0000] {dagbag.py:540} INFO - Filling up the DagBag from /opt/airflow/dags/sodai/__init__.py
[2025-11-20T00:26:06.406+0000] {processor.py:842} WARNING - No viable dags retrieved from /opt/airflow/dags/sodai/__init__.py
[2025-11-20T00:26:06.417+0000] {processor.py:183} INFO - Processing /opt/airflow/dags/sodai/__init__.py took 0.032 seconds
[2025-11-20T00:26:36.616+0000] {processor.py:161} INFO - Started process (PID=3950) to work on /opt/airflow/dags/sodai/__init__.py
[2025-11-20T00:26:36.617+0000] {processor.py:830} INFO - Processing file /opt/airflow/dags/sodai/__init__.py for tasks to queue
[2025-11-20T00:26:36.618+0000] {logging_mixin.py:188} INFO - [2025-11-20T00:26:36.618+0000] {dagbag.py:540} INFO - Filling up the DagBag from /opt/airflow/dags/sodai/__init__.py
[2025-11-20T00:26:36.627+0000] {processor.py:842} WARNING - No viable dags retrieved from /opt/airflow/dags/sodai/__init__.py
[2025-11-20T00:26:36.638+0000] {processor.py:183} INFO - Processing /opt/airflow/dags/sodai/__init__.py took 0.027 seconds
[2025-11-20T00:27:06.899+0000] {processor.py:161} INFO - Started process (PID=3960) to work on /opt/airflow/dags/sodai/__init__.py
[2025-11-20T00:27:06.901+0000] {processor.py:830} INFO - Processing file /opt/airflow/dags/sodai/__init__.py for tasks to queue
[2025-11-20T00:27:06.903+0000] {logging_mixin.py:188} INFO - [2025-11-20T00:27:06.903+0000] {dagbag.py:540} INFO - Filling up the DagBag from /opt/airflow/dags/sodai/__init__.py
[2025-11-20T00:27:06.917+0000] {processor.py:842} WARNING - No viable dags retrieved from /opt/airflow/dags/sodai/__init__.py
[2025-11-20T00:27:06.932+0000] {processor.py:183} INFO - Processing /opt/airflow/dags/sodai/__init__.py took 0.039 seconds
[2025-11-20T00:27:37.388+0000] {processor.py:161} INFO - Started process (PID=3970) to work on /opt/airflow/dags/sodai/__init__.py
[2025-11-20T00:27:37.390+0000] {processor.py:830} INFO - Processing file /opt/airflow/dags/sodai/__init__.py for tasks to queue
[2025-11-20T00:27:37.392+0000] {logging_mixin.py:188} INFO - [2025-11-20T00:27:37.392+0000] {dagbag.py:540} INFO - Filling up the DagBag from /opt/airflow/dags/sodai/__init__.py
[2025-11-20T00:27:37.406+0000] {processor.py:842} WARNING - No viable dags retrieved from /opt/airflow/dags/sodai/__init__.py
[2025-11-20T00:27:37.419+0000] {processor.py:183} INFO - Processing /opt/airflow/dags/sodai/__init__.py took 0.038 seconds
[2025-11-20T00:28:07.744+0000] {processor.py:161} INFO - Started process (PID=3980) to work on /opt/airflow/dags/sodai/__init__.py
[2025-11-20T00:28:07.745+0000] {processor.py:830} INFO - Processing file /opt/airflow/dags/sodai/__init__.py for tasks to queue
[2025-11-20T00:28:07.748+0000] {logging_mixin.py:188} INFO - [2025-11-20T00:28:07.748+0000] {dagbag.py:540} INFO - Filling up the DagBag from /opt/airflow/dags/sodai/__init__.py
[2025-11-20T00:28:07.764+0000] {processor.py:842} WARNING - No viable dags retrieved from /opt/airflow/dags/sodai/__init__.py
[2025-11-20T00:28:07.778+0000] {processor.py:183} INFO - Processing /opt/airflow/dags/sodai/__init__.py took 0.044 seconds
[2025-11-20T00:28:38.087+0000] {processor.py:161} INFO - Started process (PID=3990) to work on /opt/airflow/dags/sodai/__init__.py
[2025-11-20T00:28:38.088+0000] {processor.py:830} INFO - Processing file /opt/airflow/dags/sodai/__init__.py for tasks to queue
[2025-11-20T00:28:38.090+0000] {logging_mixin.py:188} INFO - [2025-11-20T00:28:38.089+0000] {dagbag.py:540} INFO - Filling up the DagBag from /opt/airflow/dags/sodai/__init__.py
[2025-11-20T00:28:38.102+0000] {processor.py:842} WARNING - No viable dags retrieved from /opt/airflow/dags/sodai/__init__.py
[2025-11-20T00:28:38.118+0000] {processor.py:183} INFO - Processing /opt/airflow/dags/sodai/__init__.py took 0.035 seconds
[2025-11-20T00:29:08.456+0000] {processor.py:161} INFO - Started process (PID=4000) to work on /opt/airflow/dags/sodai/__init__.py
[2025-11-20T00:29:08.456+0000] {processor.py:830} INFO - Processing file /opt/airflow/dags/sodai/__init__.py for tasks to queue
[2025-11-20T00:29:08.458+0000] {logging_mixin.py:188} INFO - [2025-11-20T00:29:08.458+0000] {dagbag.py:540} INFO - Filling up the DagBag from /opt/airflow/dags/sodai/__init__.py
[2025-11-20T00:29:08.469+0000] {processor.py:842} WARNING - No viable dags retrieved from /opt/airflow/dags/sodai/__init__.py
[2025-11-20T00:29:08.481+0000] {processor.py:183} INFO - Processing /opt/airflow/dags/sodai/__init__.py took 0.031 seconds
[2025-11-20T00:29:38.846+0000] {processor.py:161} INFO - Started process (PID=4010) to work on /opt/airflow/dags/sodai/__init__.py
[2025-11-20T00:29:38.847+0000] {processor.py:830} INFO - Processing file /opt/airflow/dags/sodai/__init__.py for tasks to queue
[2025-11-20T00:29:38.848+0000] {logging_mixin.py:188} INFO - [2025-11-20T00:29:38.848+0000] {dagbag.py:540} INFO - Filling up the DagBag from /opt/airflow/dags/sodai/__init__.py
[2025-11-20T00:29:38.861+0000] {processor.py:842} WARNING - No viable dags retrieved from /opt/airflow/dags/sodai/__init__.py
[2025-11-20T00:29:38.874+0000] {processor.py:183} INFO - Processing /opt/airflow/dags/sodai/__init__.py took 0.033 seconds
[2025-11-20T00:30:09.158+0000] {processor.py:161} INFO - Started process (PID=4020) to work on /opt/airflow/dags/sodai/__init__.py
[2025-11-20T00:30:09.159+0000] {processor.py:830} INFO - Processing file /opt/airflow/dags/sodai/__init__.py for tasks to queue
[2025-11-20T00:30:09.160+0000] {logging_mixin.py:188} INFO - [2025-11-20T00:30:09.160+0000] {dagbag.py:540} INFO - Filling up the DagBag from /opt/airflow/dags/sodai/__init__.py
[2025-11-20T00:30:09.172+0000] {processor.py:842} WARNING - No viable dags retrieved from /opt/airflow/dags/sodai/__init__.py
[2025-11-20T00:30:09.187+0000] {processor.py:183} INFO - Processing /opt/airflow/dags/sodai/__init__.py took 0.034 seconds
[2025-11-20T00:30:39.427+0000] {processor.py:161} INFO - Started process (PID=4030) to work on /opt/airflow/dags/sodai/__init__.py
[2025-11-20T00:30:39.428+0000] {processor.py:830} INFO - Processing file /opt/airflow/dags/sodai/__init__.py for tasks to queue
[2025-11-20T00:30:39.429+0000] {logging_mixin.py:188} INFO - [2025-11-20T00:30:39.429+0000] {dagbag.py:540} INFO - Filling up the DagBag from /opt/airflow/dags/sodai/__init__.py
[2025-11-20T00:30:39.439+0000] {processor.py:842} WARNING - No viable dags retrieved from /opt/airflow/dags/sodai/__init__.py
[2025-11-20T00:30:39.451+0000] {processor.py:183} INFO - Processing /opt/airflow/dags/sodai/__init__.py took 0.029 seconds
[2025-11-20T00:31:09.950+0000] {processor.py:161} INFO - Started process (PID=4040) to work on /opt/airflow/dags/sodai/__init__.py
[2025-11-20T00:31:09.950+0000] {processor.py:830} INFO - Processing file /opt/airflow/dags/sodai/__init__.py for tasks to queue
[2025-11-20T00:31:09.952+0000] {logging_mixin.py:188} INFO - [2025-11-20T00:31:09.952+0000] {dagbag.py:540} INFO - Filling up the DagBag from /opt/airflow/dags/sodai/__init__.py
[2025-11-20T00:31:09.964+0000] {processor.py:842} WARNING - No viable dags retrieved from /opt/airflow/dags/sodai/__init__.py
[2025-11-20T00:31:09.979+0000] {processor.py:183} INFO - Processing /opt/airflow/dags/sodai/__init__.py took 0.035 seconds
[2025-11-20T00:31:40.372+0000] {processor.py:161} INFO - Started process (PID=4050) to work on /opt/airflow/dags/sodai/__init__.py
[2025-11-20T00:31:40.374+0000] {processor.py:830} INFO - Processing file /opt/airflow/dags/sodai/__init__.py for tasks to queue
[2025-11-20T00:31:40.377+0000] {logging_mixin.py:188} INFO - [2025-11-20T00:31:40.376+0000] {dagbag.py:540} INFO - Filling up the DagBag from /opt/airflow/dags/sodai/__init__.py
[2025-11-20T00:31:40.395+0000] {processor.py:842} WARNING - No viable dags retrieved from /opt/airflow/dags/sodai/__init__.py
[2025-11-20T00:31:40.414+0000] {processor.py:183} INFO - Processing /opt/airflow/dags/sodai/__init__.py took 0.052 seconds
[2025-11-20T00:32:10.785+0000] {processor.py:161} INFO - Started process (PID=4060) to work on /opt/airflow/dags/sodai/__init__.py
[2025-11-20T00:32:10.787+0000] {processor.py:830} INFO - Processing file /opt/airflow/dags/sodai/__init__.py for tasks to queue
[2025-11-20T00:32:10.790+0000] {logging_mixin.py:188} INFO - [2025-11-20T00:32:10.790+0000] {dagbag.py:540} INFO - Filling up the DagBag from /opt/airflow/dags/sodai/__init__.py
[2025-11-20T00:32:10.805+0000] {processor.py:842} WARNING - No viable dags retrieved from /opt/airflow/dags/sodai/__init__.py
[2025-11-20T00:32:10.820+0000] {processor.py:183} INFO - Processing /opt/airflow/dags/sodai/__init__.py took 0.046 seconds
[2025-11-20T00:32:43.392+0000] {processor.py:161} INFO - Started process (PID=4070) to work on /opt/airflow/dags/sodai/__init__.py
[2025-11-20T00:32:43.393+0000] {processor.py:830} INFO - Processing file /opt/airflow/dags/sodai/__init__.py for tasks to queue
[2025-11-20T00:32:43.394+0000] {logging_mixin.py:188} INFO - [2025-11-20T00:32:43.394+0000] {dagbag.py:540} INFO - Filling up the DagBag from /opt/airflow/dags/sodai/__init__.py
[2025-11-20T00:32:43.405+0000] {processor.py:842} WARNING - No viable dags retrieved from /opt/airflow/dags/sodai/__init__.py
[2025-11-20T00:32:43.417+0000] {processor.py:183} INFO - Processing /opt/airflow/dags/sodai/__init__.py took 0.030 seconds
[2025-11-20T00:33:16.832+0000] {processor.py:161} INFO - Started process (PID=4080) to work on /opt/airflow/dags/sodai/__init__.py
[2025-11-20T00:33:16.834+0000] {processor.py:830} INFO - Processing file /opt/airflow/dags/sodai/__init__.py for tasks to queue
[2025-11-20T00:33:16.836+0000] {logging_mixin.py:188} INFO - [2025-11-20T00:33:16.836+0000] {dagbag.py:540} INFO - Filling up the DagBag from /opt/airflow/dags/sodai/__init__.py
[2025-11-20T00:33:16.850+0000] {processor.py:842} WARNING - No viable dags retrieved from /opt/airflow/dags/sodai/__init__.py
[2025-11-20T00:33:16.863+0000] {processor.py:183} INFO - Processing /opt/airflow/dags/sodai/__init__.py took 0.036 seconds
[2025-11-20T00:33:50.174+0000] {processor.py:161} INFO - Started process (PID=4090) to work on /opt/airflow/dags/sodai/__init__.py
[2025-11-20T00:33:50.175+0000] {processor.py:830} INFO - Processing file /opt/airflow/dags/sodai/__init__.py for tasks to queue
[2025-11-20T00:33:50.176+0000] {logging_mixin.py:188} INFO - [2025-11-20T00:33:50.176+0000] {dagbag.py:540} INFO - Filling up the DagBag from /opt/airflow/dags/sodai/__init__.py
[2025-11-20T00:33:50.187+0000] {processor.py:842} WARNING - No viable dags retrieved from /opt/airflow/dags/sodai/__init__.py
[2025-11-20T00:33:50.198+0000] {processor.py:183} INFO - Processing /opt/airflow/dags/sodai/__init__.py took 0.028 seconds
[2025-11-20T00:34:23.729+0000] {processor.py:161} INFO - Started process (PID=4100) to work on /opt/airflow/dags/sodai/__init__.py
[2025-11-20T00:34:23.729+0000] {processor.py:830} INFO - Processing file /opt/airflow/dags/sodai/__init__.py for tasks to queue
[2025-11-20T00:34:23.731+0000] {logging_mixin.py:188} INFO - [2025-11-20T00:34:23.731+0000] {dagbag.py:540} INFO - Filling up the DagBag from /opt/airflow/dags/sodai/__init__.py
[2025-11-20T00:34:23.745+0000] {processor.py:842} WARNING - No viable dags retrieved from /opt/airflow/dags/sodai/__init__.py
[2025-11-20T00:34:23.758+0000] {processor.py:183} INFO - Processing /opt/airflow/dags/sodai/__init__.py took 0.034 seconds
[2025-11-20T00:34:56.236+0000] {processor.py:161} INFO - Started process (PID=4110) to work on /opt/airflow/dags/sodai/__init__.py
[2025-11-20T00:34:56.237+0000] {processor.py:830} INFO - Processing file /opt/airflow/dags/sodai/__init__.py for tasks to queue
[2025-11-20T00:34:56.239+0000] {logging_mixin.py:188} INFO - [2025-11-20T00:34:56.238+0000] {dagbag.py:540} INFO - Filling up the DagBag from /opt/airflow/dags/sodai/__init__.py
[2025-11-20T00:34:56.251+0000] {processor.py:842} WARNING - No viable dags retrieved from /opt/airflow/dags/sodai/__init__.py
[2025-11-20T00:34:56.262+0000] {processor.py:183} INFO - Processing /opt/airflow/dags/sodai/__init__.py took 0.031 seconds
[2025-11-20T00:35:29.662+0000] {processor.py:161} INFO - Started process (PID=4120) to work on /opt/airflow/dags/sodai/__init__.py
[2025-11-20T00:35:29.663+0000] {processor.py:830} INFO - Processing file /opt/airflow/dags/sodai/__init__.py for tasks to queue
[2025-11-20T00:35:29.665+0000] {logging_mixin.py:188} INFO - [2025-11-20T00:35:29.664+0000] {dagbag.py:540} INFO - Filling up the DagBag from /opt/airflow/dags/sodai/__init__.py
[2025-11-20T00:35:29.675+0000] {processor.py:842} WARNING - No viable dags retrieved from /opt/airflow/dags/sodai/__init__.py
[2025-11-20T00:35:29.686+0000] {processor.py:183} INFO - Processing /opt/airflow/dags/sodai/__init__.py took 0.029 seconds
[2025-11-20T00:36:03.050+0000] {processor.py:161} INFO - Started process (PID=4130) to work on /opt/airflow/dags/sodai/__init__.py
[2025-11-20T00:36:03.051+0000] {processor.py:830} INFO - Processing file /opt/airflow/dags/sodai/__init__.py for tasks to queue
[2025-11-20T00:36:03.052+0000] {logging_mixin.py:188} INFO - [2025-11-20T00:36:03.052+0000] {dagbag.py:540} INFO - Filling up the DagBag from /opt/airflow/dags/sodai/__init__.py
[2025-11-20T00:36:03.063+0000] {processor.py:842} WARNING - No viable dags retrieved from /opt/airflow/dags/sodai/__init__.py
[2025-11-20T00:36:03.074+0000] {processor.py:183} INFO - Processing /opt/airflow/dags/sodai/__init__.py took 0.028 seconds
[2025-11-20T00:36:36.631+0000] {processor.py:161} INFO - Started process (PID=4146) to work on /opt/airflow/dags/sodai/__init__.py
[2025-11-20T00:36:36.632+0000] {processor.py:830} INFO - Processing file /opt/airflow/dags/sodai/__init__.py for tasks to queue
[2025-11-20T00:36:36.633+0000] {logging_mixin.py:188} INFO - [2025-11-20T00:36:36.633+0000] {dagbag.py:540} INFO - Filling up the DagBag from /opt/airflow/dags/sodai/__init__.py
[2025-11-20T00:36:36.644+0000] {processor.py:842} WARNING - No viable dags retrieved from /opt/airflow/dags/sodai/__init__.py
[2025-11-20T00:36:36.654+0000] {processor.py:183} INFO - Processing /opt/airflow/dags/sodai/__init__.py took 0.026 seconds
[2025-11-20T00:37:06.995+0000] {processor.py:161} INFO - Started process (PID=4156) to work on /opt/airflow/dags/sodai/__init__.py
[2025-11-20T00:37:06.996+0000] {processor.py:830} INFO - Processing file /opt/airflow/dags/sodai/__init__.py for tasks to queue
[2025-11-20T00:37:06.997+0000] {logging_mixin.py:188} INFO - [2025-11-20T00:37:06.997+0000] {dagbag.py:540} INFO - Filling up the DagBag from /opt/airflow/dags/sodai/__init__.py
[2025-11-20T00:37:07.008+0000] {processor.py:842} WARNING - No viable dags retrieved from /opt/airflow/dags/sodai/__init__.py
[2025-11-20T00:37:07.019+0000] {processor.py:183} INFO - Processing /opt/airflow/dags/sodai/__init__.py took 0.028 seconds
[2025-11-20T00:37:37.380+0000] {processor.py:161} INFO - Started process (PID=4163) to work on /opt/airflow/dags/sodai/__init__.py
[2025-11-20T00:37:37.381+0000] {processor.py:830} INFO - Processing file /opt/airflow/dags/sodai/__init__.py for tasks to queue
[2025-11-20T00:37:37.383+0000] {logging_mixin.py:188} INFO - [2025-11-20T00:37:37.383+0000] {dagbag.py:540} INFO - Filling up the DagBag from /opt/airflow/dags/sodai/__init__.py
[2025-11-20T00:37:37.401+0000] {processor.py:842} WARNING - No viable dags retrieved from /opt/airflow/dags/sodai/__init__.py
[2025-11-20T00:37:37.415+0000] {processor.py:183} INFO - Processing /opt/airflow/dags/sodai/__init__.py took 0.039 seconds
[2025-11-20T00:38:07.791+0000] {processor.py:161} INFO - Started process (PID=4173) to work on /opt/airflow/dags/sodai/__init__.py
[2025-11-20T00:38:07.792+0000] {processor.py:830} INFO - Processing file /opt/airflow/dags/sodai/__init__.py for tasks to queue
[2025-11-20T00:38:07.794+0000] {logging_mixin.py:188} INFO - [2025-11-20T00:38:07.794+0000] {dagbag.py:540} INFO - Filling up the DagBag from /opt/airflow/dags/sodai/__init__.py
[2025-11-20T00:38:07.803+0000] {processor.py:842} WARNING - No viable dags retrieved from /opt/airflow/dags/sodai/__init__.py
[2025-11-20T00:38:07.812+0000] {processor.py:183} INFO - Processing /opt/airflow/dags/sodai/__init__.py took 0.025 seconds
[2025-11-20T00:38:38.175+0000] {processor.py:161} INFO - Started process (PID=4183) to work on /opt/airflow/dags/sodai/__init__.py
[2025-11-20T00:38:38.176+0000] {processor.py:830} INFO - Processing file /opt/airflow/dags/sodai/__init__.py for tasks to queue
[2025-11-20T00:38:38.178+0000] {logging_mixin.py:188} INFO - [2025-11-20T00:38:38.177+0000] {dagbag.py:540} INFO - Filling up the DagBag from /opt/airflow/dags/sodai/__init__.py
[2025-11-20T00:38:38.185+0000] {processor.py:842} WARNING - No viable dags retrieved from /opt/airflow/dags/sodai/__init__.py
[2025-11-20T00:38:38.194+0000] {processor.py:183} INFO - Processing /opt/airflow/dags/sodai/__init__.py took 0.023 seconds
[2025-11-20T00:39:08.580+0000] {processor.py:161} INFO - Started process (PID=4199) to work on /opt/airflow/dags/sodai/__init__.py
[2025-11-20T00:39:08.581+0000] {processor.py:830} INFO - Processing file /opt/airflow/dags/sodai/__init__.py for tasks to queue
[2025-11-20T00:39:08.583+0000] {logging_mixin.py:188} INFO - [2025-11-20T00:39:08.583+0000] {dagbag.py:540} INFO - Filling up the DagBag from /opt/airflow/dags/sodai/__init__.py
[2025-11-20T00:39:08.597+0000] {processor.py:842} WARNING - No viable dags retrieved from /opt/airflow/dags/sodai/__init__.py
[2025-11-20T00:39:08.612+0000] {processor.py:183} INFO - Processing /opt/airflow/dags/sodai/__init__.py took 0.039 seconds
[2025-11-20T00:39:40.261+0000] {processor.py:161} INFO - Started process (PID=190) to work on /opt/airflow/dags/sodai/__init__.py
[2025-11-20T00:39:40.263+0000] {processor.py:830} INFO - Processing file /opt/airflow/dags/sodai/__init__.py for tasks to queue
[2025-11-20T00:39:40.266+0000] {logging_mixin.py:188} INFO - [2025-11-20T00:39:40.265+0000] {dagbag.py:540} INFO - Filling up the DagBag from /opt/airflow/dags/sodai/__init__.py
[2025-11-20T00:39:40.282+0000] {processor.py:842} WARNING - No viable dags retrieved from /opt/airflow/dags/sodai/__init__.py
[2025-11-20T00:39:40.302+0000] {processor.py:183} INFO - Processing /opt/airflow/dags/sodai/__init__.py took 0.049 seconds
[2025-11-20T00:40:10.687+0000] {processor.py:161} INFO - Started process (PID=200) to work on /opt/airflow/dags/sodai/__init__.py
[2025-11-20T00:40:10.688+0000] {processor.py:830} INFO - Processing file /opt/airflow/dags/sodai/__init__.py for tasks to queue
[2025-11-20T00:40:10.690+0000] {logging_mixin.py:188} INFO - [2025-11-20T00:40:10.689+0000] {dagbag.py:540} INFO - Filling up the DagBag from /opt/airflow/dags/sodai/__init__.py
[2025-11-20T00:40:10.704+0000] {processor.py:842} WARNING - No viable dags retrieved from /opt/airflow/dags/sodai/__init__.py
[2025-11-20T00:40:10.719+0000] {processor.py:183} INFO - Processing /opt/airflow/dags/sodai/__init__.py took 0.037 seconds
[2025-11-20T00:40:41.091+0000] {processor.py:161} INFO - Started process (PID=210) to work on /opt/airflow/dags/sodai/__init__.py
[2025-11-20T00:40:41.091+0000] {processor.py:830} INFO - Processing file /opt/airflow/dags/sodai/__init__.py for tasks to queue
[2025-11-20T00:40:41.093+0000] {logging_mixin.py:188} INFO - [2025-11-20T00:40:41.093+0000] {dagbag.py:540} INFO - Filling up the DagBag from /opt/airflow/dags/sodai/__init__.py
[2025-11-20T00:40:41.102+0000] {processor.py:842} WARNING - No viable dags retrieved from /opt/airflow/dags/sodai/__init__.py
[2025-11-20T00:40:41.114+0000] {processor.py:183} INFO - Processing /opt/airflow/dags/sodai/__init__.py took 0.027 seconds
[2025-11-20T00:41:11.520+0000] {processor.py:161} INFO - Started process (PID=220) to work on /opt/airflow/dags/sodai/__init__.py
[2025-11-20T00:41:11.522+0000] {processor.py:830} INFO - Processing file /opt/airflow/dags/sodai/__init__.py for tasks to queue
[2025-11-20T00:41:11.524+0000] {logging_mixin.py:188} INFO - [2025-11-20T00:41:11.523+0000] {dagbag.py:540} INFO - Filling up the DagBag from /opt/airflow/dags/sodai/__init__.py
[2025-11-20T00:41:11.539+0000] {processor.py:842} WARNING - No viable dags retrieved from /opt/airflow/dags/sodai/__init__.py
[2025-11-20T00:41:11.555+0000] {processor.py:183} INFO - Processing /opt/airflow/dags/sodai/__init__.py took 0.042 seconds
[2025-11-20T00:41:41.921+0000] {processor.py:161} INFO - Started process (PID=230) to work on /opt/airflow/dags/sodai/__init__.py
[2025-11-20T00:41:41.922+0000] {processor.py:830} INFO - Processing file /opt/airflow/dags/sodai/__init__.py for tasks to queue
[2025-11-20T00:41:41.924+0000] {logging_mixin.py:188} INFO - [2025-11-20T00:41:41.924+0000] {dagbag.py:540} INFO - Filling up the DagBag from /opt/airflow/dags/sodai/__init__.py
[2025-11-20T00:41:41.938+0000] {processor.py:842} WARNING - No viable dags retrieved from /opt/airflow/dags/sodai/__init__.py
[2025-11-20T00:41:41.955+0000] {processor.py:183} INFO - Processing /opt/airflow/dags/sodai/__init__.py took 0.037 seconds
[2025-11-20T00:42:12.375+0000] {processor.py:161} INFO - Started process (PID=240) to work on /opt/airflow/dags/sodai/__init__.py
[2025-11-20T00:42:12.376+0000] {processor.py:830} INFO - Processing file /opt/airflow/dags/sodai/__init__.py for tasks to queue
[2025-11-20T00:42:12.379+0000] {logging_mixin.py:188} INFO - [2025-11-20T00:42:12.378+0000] {dagbag.py:540} INFO - Filling up the DagBag from /opt/airflow/dags/sodai/__init__.py
[2025-11-20T00:42:12.395+0000] {processor.py:842} WARNING - No viable dags retrieved from /opt/airflow/dags/sodai/__init__.py
[2025-11-20T00:42:12.410+0000] {processor.py:183} INFO - Processing /opt/airflow/dags/sodai/__init__.py took 0.040 seconds
[2025-11-20T00:42:42.817+0000] {processor.py:161} INFO - Started process (PID=250) to work on /opt/airflow/dags/sodai/__init__.py
[2025-11-20T00:42:42.817+0000] {processor.py:830} INFO - Processing file /opt/airflow/dags/sodai/__init__.py for tasks to queue
[2025-11-20T00:42:42.819+0000] {logging_mixin.py:188} INFO - [2025-11-20T00:42:42.819+0000] {dagbag.py:540} INFO - Filling up the DagBag from /opt/airflow/dags/sodai/__init__.py
[2025-11-20T00:42:42.830+0000] {processor.py:842} WARNING - No viable dags retrieved from /opt/airflow/dags/sodai/__init__.py
[2025-11-20T00:42:42.840+0000] {processor.py:183} INFO - Processing /opt/airflow/dags/sodai/__init__.py took 0.028 seconds
[2025-11-20T00:43:14.092+0000] {processor.py:161} INFO - Started process (PID=260) to work on /opt/airflow/dags/sodai/__init__.py
[2025-11-20T00:43:14.092+0000] {processor.py:830} INFO - Processing file /opt/airflow/dags/sodai/__init__.py for tasks to queue
[2025-11-20T00:43:14.094+0000] {logging_mixin.py:188} INFO - [2025-11-20T00:43:14.094+0000] {dagbag.py:540} INFO - Filling up the DagBag from /opt/airflow/dags/sodai/__init__.py
[2025-11-20T00:43:14.104+0000] {processor.py:842} WARNING - No viable dags retrieved from /opt/airflow/dags/sodai/__init__.py
[2025-11-20T00:43:14.114+0000] {processor.py:183} INFO - Processing /opt/airflow/dags/sodai/__init__.py took 0.027 seconds
[2025-11-20T00:43:47.596+0000] {processor.py:161} INFO - Started process (PID=270) to work on /opt/airflow/dags/sodai/__init__.py
[2025-11-20T00:43:47.598+0000] {processor.py:830} INFO - Processing file /opt/airflow/dags/sodai/__init__.py for tasks to queue
[2025-11-20T00:43:47.600+0000] {logging_mixin.py:188} INFO - [2025-11-20T00:43:47.599+0000] {dagbag.py:540} INFO - Filling up the DagBag from /opt/airflow/dags/sodai/__init__.py
[2025-11-20T00:43:47.615+0000] {processor.py:842} WARNING - No viable dags retrieved from /opt/airflow/dags/sodai/__init__.py
[2025-11-20T00:43:47.628+0000] {processor.py:183} INFO - Processing /opt/airflow/dags/sodai/__init__.py took 0.038 seconds
[2025-11-20T00:44:21.005+0000] {processor.py:161} INFO - Started process (PID=280) to work on /opt/airflow/dags/sodai/__init__.py
[2025-11-20T00:44:21.006+0000] {processor.py:830} INFO - Processing file /opt/airflow/dags/sodai/__init__.py for tasks to queue
[2025-11-20T00:44:21.008+0000] {logging_mixin.py:188} INFO - [2025-11-20T00:44:21.007+0000] {dagbag.py:540} INFO - Filling up the DagBag from /opt/airflow/dags/sodai/__init__.py
[2025-11-20T00:44:21.022+0000] {processor.py:842} WARNING - No viable dags retrieved from /opt/airflow/dags/sodai/__init__.py
[2025-11-20T00:44:21.033+0000] {processor.py:183} INFO - Processing /opt/airflow/dags/sodai/__init__.py took 0.033 seconds
[2025-11-20T00:44:54.554+0000] {processor.py:161} INFO - Started process (PID=290) to work on /opt/airflow/dags/sodai/__init__.py
[2025-11-20T00:44:54.555+0000] {processor.py:830} INFO - Processing file /opt/airflow/dags/sodai/__init__.py for tasks to queue
[2025-11-20T00:44:54.557+0000] {logging_mixin.py:188} INFO - [2025-11-20T00:44:54.557+0000] {dagbag.py:540} INFO - Filling up the DagBag from /opt/airflow/dags/sodai/__init__.py
[2025-11-20T00:44:54.570+0000] {processor.py:842} WARNING - No viable dags retrieved from /opt/airflow/dags/sodai/__init__.py
[2025-11-20T00:44:54.583+0000] {processor.py:183} INFO - Processing /opt/airflow/dags/sodai/__init__.py took 0.033 seconds
[2025-11-20T00:45:26.866+0000] {processor.py:161} INFO - Started process (PID=300) to work on /opt/airflow/dags/sodai/__init__.py
[2025-11-20T00:45:26.867+0000] {processor.py:830} INFO - Processing file /opt/airflow/dags/sodai/__init__.py for tasks to queue
[2025-11-20T00:45:26.868+0000] {logging_mixin.py:188} INFO - [2025-11-20T00:45:26.868+0000] {dagbag.py:540} INFO - Filling up the DagBag from /opt/airflow/dags/sodai/__init__.py
[2025-11-20T00:45:26.879+0000] {processor.py:842} WARNING - No viable dags retrieved from /opt/airflow/dags/sodai/__init__.py
[2025-11-20T00:45:26.892+0000] {processor.py:183} INFO - Processing /opt/airflow/dags/sodai/__init__.py took 0.031 seconds
[2025-11-20T00:46:00.402+0000] {processor.py:161} INFO - Started process (PID=310) to work on /opt/airflow/dags/sodai/__init__.py
[2025-11-20T00:46:00.403+0000] {processor.py:830} INFO - Processing file /opt/airflow/dags/sodai/__init__.py for tasks to queue
[2025-11-20T00:46:00.404+0000] {logging_mixin.py:188} INFO - [2025-11-20T00:46:00.404+0000] {dagbag.py:540} INFO - Filling up the DagBag from /opt/airflow/dags/sodai/__init__.py
[2025-11-20T00:46:00.417+0000] {processor.py:842} WARNING - No viable dags retrieved from /opt/airflow/dags/sodai/__init__.py
[2025-11-20T00:46:00.430+0000] {processor.py:183} INFO - Processing /opt/airflow/dags/sodai/__init__.py took 0.032 seconds
[2025-11-20T00:46:33.869+0000] {processor.py:161} INFO - Started process (PID=320) to work on /opt/airflow/dags/sodai/__init__.py
[2025-11-20T00:46:33.870+0000] {processor.py:830} INFO - Processing file /opt/airflow/dags/sodai/__init__.py for tasks to queue
[2025-11-20T00:46:33.872+0000] {logging_mixin.py:188} INFO - [2025-11-20T00:46:33.871+0000] {dagbag.py:540} INFO - Filling up the DagBag from /opt/airflow/dags/sodai/__init__.py
[2025-11-20T00:46:33.886+0000] {processor.py:842} WARNING - No viable dags retrieved from /opt/airflow/dags/sodai/__init__.py
[2025-11-20T00:46:33.899+0000] {processor.py:183} INFO - Processing /opt/airflow/dags/sodai/__init__.py took 0.035 seconds
[2025-11-20T00:47:07.258+0000] {processor.py:161} INFO - Started process (PID=330) to work on /opt/airflow/dags/sodai/__init__.py
[2025-11-20T00:47:07.259+0000] {processor.py:830} INFO - Processing file /opt/airflow/dags/sodai/__init__.py for tasks to queue
[2025-11-20T00:47:07.260+0000] {logging_mixin.py:188} INFO - [2025-11-20T00:47:07.260+0000] {dagbag.py:540} INFO - Filling up the DagBag from /opt/airflow/dags/sodai/__init__.py
[2025-11-20T00:47:07.272+0000] {processor.py:842} WARNING - No viable dags retrieved from /opt/airflow/dags/sodai/__init__.py
[2025-11-20T00:47:07.283+0000] {processor.py:183} INFO - Processing /opt/airflow/dags/sodai/__init__.py took 0.029 seconds
[2025-11-20T00:47:39.710+0000] {processor.py:161} INFO - Started process (PID=340) to work on /opt/airflow/dags/sodai/__init__.py
[2025-11-20T00:47:39.710+0000] {processor.py:830} INFO - Processing file /opt/airflow/dags/sodai/__init__.py for tasks to queue
[2025-11-20T00:47:39.712+0000] {logging_mixin.py:188} INFO - [2025-11-20T00:47:39.711+0000] {dagbag.py:540} INFO - Filling up the DagBag from /opt/airflow/dags/sodai/__init__.py
[2025-11-20T00:47:39.723+0000] {processor.py:842} WARNING - No viable dags retrieved from /opt/airflow/dags/sodai/__init__.py
[2025-11-20T00:47:39.735+0000] {processor.py:183} INFO - Processing /opt/airflow/dags/sodai/__init__.py took 0.029 seconds
[2025-11-20T00:48:13.163+0000] {processor.py:161} INFO - Started process (PID=350) to work on /opt/airflow/dags/sodai/__init__.py
[2025-11-20T00:48:13.163+0000] {processor.py:830} INFO - Processing file /opt/airflow/dags/sodai/__init__.py for tasks to queue
[2025-11-20T00:48:13.164+0000] {logging_mixin.py:188} INFO - [2025-11-20T00:48:13.164+0000] {dagbag.py:540} INFO - Filling up the DagBag from /opt/airflow/dags/sodai/__init__.py
[2025-11-20T00:48:13.174+0000] {processor.py:842} WARNING - No viable dags retrieved from /opt/airflow/dags/sodai/__init__.py
[2025-11-20T00:48:13.187+0000] {processor.py:183} INFO - Processing /opt/airflow/dags/sodai/__init__.py took 0.029 seconds
[2025-11-20T00:48:46.607+0000] {processor.py:161} INFO - Started process (PID=360) to work on /opt/airflow/dags/sodai/__init__.py
[2025-11-20T00:48:46.609+0000] {processor.py:830} INFO - Processing file /opt/airflow/dags/sodai/__init__.py for tasks to queue
[2025-11-20T00:48:46.611+0000] {logging_mixin.py:188} INFO - [2025-11-20T00:48:46.610+0000] {dagbag.py:540} INFO - Filling up the DagBag from /opt/airflow/dags/sodai/__init__.py
[2025-11-20T00:48:46.625+0000] {processor.py:842} WARNING - No viable dags retrieved from /opt/airflow/dags/sodai/__init__.py
[2025-11-20T00:48:46.638+0000] {processor.py:183} INFO - Processing /opt/airflow/dags/sodai/__init__.py took 0.036 seconds
[2025-11-20T00:49:19.909+0000] {processor.py:161} INFO - Started process (PID=370) to work on /opt/airflow/dags/sodai/__init__.py
[2025-11-20T00:49:19.910+0000] {processor.py:830} INFO - Processing file /opt/airflow/dags/sodai/__init__.py for tasks to queue
[2025-11-20T00:49:19.912+0000] {logging_mixin.py:188} INFO - [2025-11-20T00:49:19.912+0000] {dagbag.py:540} INFO - Filling up the DagBag from /opt/airflow/dags/sodai/__init__.py
[2025-11-20T00:49:19.923+0000] {processor.py:842} WARNING - No viable dags retrieved from /opt/airflow/dags/sodai/__init__.py
[2025-11-20T00:49:19.936+0000] {processor.py:183} INFO - Processing /opt/airflow/dags/sodai/__init__.py took 0.031 seconds
[2025-11-20T00:49:52.567+0000] {processor.py:161} INFO - Started process (PID=380) to work on /opt/airflow/dags/sodai/__init__.py
[2025-11-20T00:49:52.568+0000] {processor.py:830} INFO - Processing file /opt/airflow/dags/sodai/__init__.py for tasks to queue
[2025-11-20T00:49:52.569+0000] {logging_mixin.py:188} INFO - [2025-11-20T00:49:52.569+0000] {dagbag.py:540} INFO - Filling up the DagBag from /opt/airflow/dags/sodai/__init__.py
[2025-11-20T00:49:52.580+0000] {processor.py:842} WARNING - No viable dags retrieved from /opt/airflow/dags/sodai/__init__.py
[2025-11-20T00:49:52.594+0000] {processor.py:183} INFO - Processing /opt/airflow/dags/sodai/__init__.py took 0.031 seconds
[2025-11-20T00:50:26.142+0000] {processor.py:161} INFO - Started process (PID=390) to work on /opt/airflow/dags/sodai/__init__.py
[2025-11-20T00:50:26.143+0000] {processor.py:830} INFO - Processing file /opt/airflow/dags/sodai/__init__.py for tasks to queue
[2025-11-20T00:50:26.145+0000] {logging_mixin.py:188} INFO - [2025-11-20T00:50:26.144+0000] {dagbag.py:540} INFO - Filling up the DagBag from /opt/airflow/dags/sodai/__init__.py
[2025-11-20T00:50:26.157+0000] {processor.py:842} WARNING - No viable dags retrieved from /opt/airflow/dags/sodai/__init__.py
[2025-11-20T00:50:26.169+0000] {processor.py:183} INFO - Processing /opt/airflow/dags/sodai/__init__.py took 0.030 seconds
[2025-11-20T00:50:59.575+0000] {processor.py:161} INFO - Started process (PID=400) to work on /opt/airflow/dags/sodai/__init__.py
[2025-11-20T00:50:59.576+0000] {processor.py:830} INFO - Processing file /opt/airflow/dags/sodai/__init__.py for tasks to queue
[2025-11-20T00:50:59.577+0000] {logging_mixin.py:188} INFO - [2025-11-20T00:50:59.577+0000] {dagbag.py:540} INFO - Filling up the DagBag from /opt/airflow/dags/sodai/__init__.py
[2025-11-20T00:50:59.590+0000] {processor.py:842} WARNING - No viable dags retrieved from /opt/airflow/dags/sodai/__init__.py
[2025-11-20T00:50:59.603+0000] {processor.py:183} INFO - Processing /opt/airflow/dags/sodai/__init__.py took 0.032 seconds
[2025-11-20T00:51:32.944+0000] {processor.py:161} INFO - Started process (PID=410) to work on /opt/airflow/dags/sodai/__init__.py
[2025-11-20T00:51:32.945+0000] {processor.py:830} INFO - Processing file /opt/airflow/dags/sodai/__init__.py for tasks to queue
[2025-11-20T00:51:32.947+0000] {logging_mixin.py:188} INFO - [2025-11-20T00:51:32.946+0000] {dagbag.py:540} INFO - Filling up the DagBag from /opt/airflow/dags/sodai/__init__.py
[2025-11-20T00:51:32.958+0000] {processor.py:842} WARNING - No viable dags retrieved from /opt/airflow/dags/sodai/__init__.py
[2025-11-20T00:51:32.971+0000] {processor.py:183} INFO - Processing /opt/airflow/dags/sodai/__init__.py took 0.031 seconds
[2025-11-20T00:52:03.371+0000] {processor.py:161} INFO - Started process (PID=420) to work on /opt/airflow/dags/sodai/__init__.py
[2025-11-20T00:52:03.372+0000] {processor.py:830} INFO - Processing file /opt/airflow/dags/sodai/__init__.py for tasks to queue
[2025-11-20T00:52:03.374+0000] {logging_mixin.py:188} INFO - [2025-11-20T00:52:03.374+0000] {dagbag.py:540} INFO - Filling up the DagBag from /opt/airflow/dags/sodai/__init__.py
[2025-11-20T00:52:05.445+0000] {processor.py:842} WARNING - No viable dags retrieved from /opt/airflow/dags/sodai/__init__.py
[2025-11-20T00:52:05.456+0000] {processor.py:183} INFO - Processing /opt/airflow/dags/sodai/__init__.py took 0.034 seconds
[2025-11-20T00:52:38.868+0000] {processor.py:161} INFO - Started process (PID=430) to work on /opt/airflow/dags/sodai/__init__.py
[2025-11-20T00:52:38.869+0000] {processor.py:830} INFO - Processing file /opt/airflow/dags/sodai/__init__.py for tasks to queue
[2025-11-20T00:52:38.870+0000] {logging_mixin.py:188} INFO - [2025-11-20T00:52:38.870+0000] {dagbag.py:540} INFO - Filling up the DagBag from /opt/airflow/dags/sodai/__init__.py
[2025-11-20T00:52:38.881+0000] {processor.py:842} WARNING - No viable dags retrieved from /opt/airflow/dags/sodai/__init__.py
[2025-11-20T00:52:38.894+0000] {processor.py:183} INFO - Processing /opt/airflow/dags/sodai/__init__.py took 0.030 seconds
[2025-11-20T00:53:12.303+0000] {processor.py:161} INFO - Started process (PID=440) to work on /opt/airflow/dags/sodai/__init__.py
[2025-11-20T00:53:12.304+0000] {processor.py:830} INFO - Processing file /opt/airflow/dags/sodai/__init__.py for tasks to queue
[2025-11-20T00:53:12.306+0000] {logging_mixin.py:188} INFO - [2025-11-20T00:53:12.305+0000] {dagbag.py:540} INFO - Filling up the DagBag from /opt/airflow/dags/sodai/__init__.py
[2025-11-20T00:53:12.316+0000] {processor.py:842} WARNING - No viable dags retrieved from /opt/airflow/dags/sodai/__init__.py
[2025-11-20T00:53:12.326+0000] {processor.py:183} INFO - Processing /opt/airflow/dags/sodai/__init__.py took 0.028 seconds
[2025-11-20T00:53:45.723+0000] {processor.py:161} INFO - Started process (PID=450) to work on /opt/airflow/dags/sodai/__init__.py
[2025-11-20T00:53:45.724+0000] {processor.py:830} INFO - Processing file /opt/airflow/dags/sodai/__init__.py for tasks to queue
[2025-11-20T00:53:45.725+0000] {logging_mixin.py:188} INFO - [2025-11-20T00:53:45.725+0000] {dagbag.py:540} INFO - Filling up the DagBag from /opt/airflow/dags/sodai/__init__.py
[2025-11-20T00:53:45.735+0000] {processor.py:842} WARNING - No viable dags retrieved from /opt/airflow/dags/sodai/__init__.py
[2025-11-20T00:53:45.756+0000] {processor.py:183} INFO - Processing /opt/airflow/dags/sodai/__init__.py took 0.039 seconds
[2025-11-20T00:54:16.123+0000] {processor.py:161} INFO - Started process (PID=460) to work on /opt/airflow/dags/sodai/__init__.py
[2025-11-20T00:54:16.125+0000] {processor.py:830} INFO - Processing file /opt/airflow/dags/sodai/__init__.py for tasks to queue
[2025-11-20T00:54:16.127+0000] {logging_mixin.py:188} INFO - [2025-11-20T00:54:16.126+0000] {dagbag.py:540} INFO - Filling up the DagBag from /opt/airflow/dags/sodai/__init__.py
[2025-11-20T00:54:16.139+0000] {processor.py:842} WARNING - No viable dags retrieved from /opt/airflow/dags/sodai/__init__.py
[2025-11-20T00:54:16.157+0000] {processor.py:183} INFO - Processing /opt/airflow/dags/sodai/__init__.py took 0.040 seconds
[2025-11-20T00:54:46.521+0000] {processor.py:161} INFO - Started process (PID=467) to work on /opt/airflow/dags/sodai/__init__.py
[2025-11-20T00:54:46.522+0000] {processor.py:830} INFO - Processing file /opt/airflow/dags/sodai/__init__.py for tasks to queue
[2025-11-20T00:54:46.523+0000] {logging_mixin.py:188} INFO - [2025-11-20T00:54:46.523+0000] {dagbag.py:540} INFO - Filling up the DagBag from /opt/airflow/dags/sodai/__init__.py
[2025-11-20T00:54:46.533+0000] {processor.py:842} WARNING - No viable dags retrieved from /opt/airflow/dags/sodai/__init__.py
[2025-11-20T00:54:46.542+0000] {processor.py:183} INFO - Processing /opt/airflow/dags/sodai/__init__.py took 0.025 seconds
[2025-11-20T00:55:16.930+0000] {processor.py:161} INFO - Started process (PID=477) to work on /opt/airflow/dags/sodai/__init__.py
[2025-11-20T00:55:16.931+0000] {processor.py:830} INFO - Processing file /opt/airflow/dags/sodai/__init__.py for tasks to queue
[2025-11-20T00:55:16.932+0000] {logging_mixin.py:188} INFO - [2025-11-20T00:55:16.932+0000] {dagbag.py:540} INFO - Filling up the DagBag from /opt/airflow/dags/sodai/__init__.py
[2025-11-20T00:55:16.940+0000] {processor.py:842} WARNING - No viable dags retrieved from /opt/airflow/dags/sodai/__init__.py
[2025-11-20T00:55:16.948+0000] {processor.py:183} INFO - Processing /opt/airflow/dags/sodai/__init__.py took 0.021 seconds
[2025-11-20T00:55:47.329+0000] {processor.py:161} INFO - Started process (PID=487) to work on /opt/airflow/dags/sodai/__init__.py
[2025-11-20T00:55:47.331+0000] {processor.py:830} INFO - Processing file /opt/airflow/dags/sodai/__init__.py for tasks to queue
[2025-11-20T00:55:47.332+0000] {logging_mixin.py:188} INFO - [2025-11-20T00:55:47.332+0000] {dagbag.py:540} INFO - Filling up the DagBag from /opt/airflow/dags/sodai/__init__.py
[2025-11-20T00:55:47.344+0000] {processor.py:842} WARNING - No viable dags retrieved from /opt/airflow/dags/sodai/__init__.py
[2025-11-20T00:55:47.353+0000] {processor.py:183} INFO - Processing /opt/airflow/dags/sodai/__init__.py took 0.028 seconds
[2025-11-20T00:56:17.721+0000] {processor.py:161} INFO - Started process (PID=497) to work on /opt/airflow/dags/sodai/__init__.py
[2025-11-20T00:56:17.722+0000] {processor.py:830} INFO - Processing file /opt/airflow/dags/sodai/__init__.py for tasks to queue
[2025-11-20T00:56:17.723+0000] {logging_mixin.py:188} INFO - [2025-11-20T00:56:17.723+0000] {dagbag.py:540} INFO - Filling up the DagBag from /opt/airflow/dags/sodai/__init__.py
[2025-11-20T00:56:17.733+0000] {processor.py:842} WARNING - No viable dags retrieved from /opt/airflow/dags/sodai/__init__.py
[2025-11-20T00:56:17.744+0000] {processor.py:183} INFO - Processing /opt/airflow/dags/sodai/__init__.py took 0.028 seconds
[2025-11-20T00:56:48.130+0000] {processor.py:161} INFO - Started process (PID=507) to work on /opt/airflow/dags/sodai/__init__.py
[2025-11-20T00:56:48.131+0000] {processor.py:830} INFO - Processing file /opt/airflow/dags/sodai/__init__.py for tasks to queue
[2025-11-20T00:56:48.133+0000] {logging_mixin.py:188} INFO - [2025-11-20T00:56:48.132+0000] {dagbag.py:540} INFO - Filling up the DagBag from /opt/airflow/dags/sodai/__init__.py
[2025-11-20T00:56:48.141+0000] {processor.py:842} WARNING - No viable dags retrieved from /opt/airflow/dags/sodai/__init__.py
[2025-11-20T00:56:48.151+0000] {processor.py:183} INFO - Processing /opt/airflow/dags/sodai/__init__.py took 0.025 seconds
[2025-11-20T00:57:18.571+0000] {processor.py:161} INFO - Started process (PID=517) to work on /opt/airflow/dags/sodai/__init__.py
[2025-11-20T00:57:18.572+0000] {processor.py:830} INFO - Processing file /opt/airflow/dags/sodai/__init__.py for tasks to queue
[2025-11-20T00:57:18.574+0000] {logging_mixin.py:188} INFO - [2025-11-20T00:57:18.573+0000] {dagbag.py:540} INFO - Filling up the DagBag from /opt/airflow/dags/sodai/__init__.py
[2025-11-20T00:57:18.584+0000] {processor.py:842} WARNING - No viable dags retrieved from /opt/airflow/dags/sodai/__init__.py
[2025-11-20T00:57:18.595+0000] {processor.py:183} INFO - Processing /opt/airflow/dags/sodai/__init__.py took 0.028 seconds
[2025-11-20T00:57:48.974+0000] {processor.py:161} INFO - Started process (PID=527) to work on /opt/airflow/dags/sodai/__init__.py
[2025-11-20T00:57:48.975+0000] {processor.py:830} INFO - Processing file /opt/airflow/dags/sodai/__init__.py for tasks to queue
[2025-11-20T00:57:48.977+0000] {logging_mixin.py:188} INFO - [2025-11-20T00:57:48.977+0000] {dagbag.py:540} INFO - Filling up the DagBag from /opt/airflow/dags/sodai/__init__.py
[2025-11-20T00:57:48.984+0000] {processor.py:842} WARNING - No viable dags retrieved from /opt/airflow/dags/sodai/__init__.py
[2025-11-20T00:57:48.993+0000] {processor.py:183} INFO - Processing /opt/airflow/dags/sodai/__init__.py took 0.024 seconds
[2025-11-20T00:58:19.328+0000] {processor.py:161} INFO - Started process (PID=537) to work on /opt/airflow/dags/sodai/__init__.py
[2025-11-20T00:58:19.329+0000] {processor.py:830} INFO - Processing file /opt/airflow/dags/sodai/__init__.py for tasks to queue
[2025-11-20T00:58:19.331+0000] {logging_mixin.py:188} INFO - [2025-11-20T00:58:19.330+0000] {dagbag.py:540} INFO - Filling up the DagBag from /opt/airflow/dags/sodai/__init__.py
[2025-11-20T00:58:19.342+0000] {processor.py:842} WARNING - No viable dags retrieved from /opt/airflow/dags/sodai/__init__.py
[2025-11-20T00:58:19.354+0000] {processor.py:183} INFO - Processing /opt/airflow/dags/sodai/__init__.py took 0.031 seconds
[2025-11-20T00:58:49.624+0000] {processor.py:161} INFO - Started process (PID=547) to work on /opt/airflow/dags/sodai/__init__.py
[2025-11-20T00:58:49.625+0000] {processor.py:830} INFO - Processing file /opt/airflow/dags/sodai/__init__.py for tasks to queue
[2025-11-20T00:58:49.626+0000] {logging_mixin.py:188} INFO - [2025-11-20T00:58:49.626+0000] {dagbag.py:540} INFO - Filling up the DagBag from /opt/airflow/dags/sodai/__init__.py
[2025-11-20T00:58:49.637+0000] {processor.py:842} WARNING - No viable dags retrieved from /opt/airflow/dags/sodai/__init__.py
[2025-11-20T00:58:49.651+0000] {processor.py:183} INFO - Processing /opt/airflow/dags/sodai/__init__.py took 0.031 seconds
[2025-11-20T00:59:20.073+0000] {processor.py:161} INFO - Started process (PID=557) to work on /opt/airflow/dags/sodai/__init__.py
[2025-11-20T00:59:20.074+0000] {processor.py:830} INFO - Processing file /opt/airflow/dags/sodai/__init__.py for tasks to queue
[2025-11-20T00:59:20.077+0000] {logging_mixin.py:188} INFO - [2025-11-20T00:59:20.077+0000] {dagbag.py:540} INFO - Filling up the DagBag from /opt/airflow/dags/sodai/__init__.py
[2025-11-20T00:59:20.089+0000] {processor.py:842} WARNING - No viable dags retrieved from /opt/airflow/dags/sodai/__init__.py
[2025-11-20T00:59:20.106+0000] {processor.py:183} INFO - Processing /opt/airflow/dags/sodai/__init__.py took 0.041 seconds
[2025-11-20T00:59:50.598+0000] {processor.py:161} INFO - Started process (PID=567) to work on /opt/airflow/dags/sodai/__init__.py
[2025-11-20T00:59:50.600+0000] {processor.py:830} INFO - Processing file /opt/airflow/dags/sodai/__init__.py for tasks to queue
[2025-11-20T00:59:50.604+0000] {logging_mixin.py:188} INFO - [2025-11-20T00:59:50.604+0000] {dagbag.py:540} INFO - Filling up the DagBag from /opt/airflow/dags/sodai/__init__.py
[2025-11-20T00:59:50.621+0000] {processor.py:842} WARNING - No viable dags retrieved from /opt/airflow/dags/sodai/__init__.py
[2025-11-20T00:59:50.635+0000] {processor.py:183} INFO - Processing /opt/airflow/dags/sodai/__init__.py took 0.046 seconds
[2025-11-20T01:00:23.996+0000] {processor.py:161} INFO - Started process (PID=577) to work on /opt/airflow/dags/sodai/__init__.py
[2025-11-20T01:00:23.997+0000] {processor.py:830} INFO - Processing file /opt/airflow/dags/sodai/__init__.py for tasks to queue
[2025-11-20T01:00:23.998+0000] {logging_mixin.py:188} INFO - [2025-11-20T01:00:23.998+0000] {dagbag.py:540} INFO - Filling up the DagBag from /opt/airflow/dags/sodai/__init__.py
[2025-11-20T01:00:24.009+0000] {processor.py:842} WARNING - No viable dags retrieved from /opt/airflow/dags/sodai/__init__.py
[2025-11-20T01:00:24.021+0000] {processor.py:183} INFO - Processing /opt/airflow/dags/sodai/__init__.py took 0.029 seconds
[2025-11-20T01:00:54.467+0000] {processor.py:161} INFO - Started process (PID=587) to work on /opt/airflow/dags/sodai/__init__.py
[2025-11-20T01:00:54.469+0000] {processor.py:830} INFO - Processing file /opt/airflow/dags/sodai/__init__.py for tasks to queue
[2025-11-20T01:00:54.470+0000] {logging_mixin.py:188} INFO - [2025-11-20T01:00:54.470+0000] {dagbag.py:540} INFO - Filling up the DagBag from /opt/airflow/dags/sodai/__init__.py
[2025-11-20T01:00:54.481+0000] {processor.py:842} WARNING - No viable dags retrieved from /opt/airflow/dags/sodai/__init__.py
[2025-11-20T01:00:54.492+0000] {processor.py:183} INFO - Processing /opt/airflow/dags/sodai/__init__.py took 0.030 seconds
[2025-11-20T01:01:24.717+0000] {processor.py:161} INFO - Started process (PID=597) to work on /opt/airflow/dags/sodai/__init__.py
[2025-11-20T01:01:24.718+0000] {processor.py:830} INFO - Processing file /opt/airflow/dags/sodai/__init__.py for tasks to queue
[2025-11-20T01:01:24.720+0000] {logging_mixin.py:188} INFO - [2025-11-20T01:01:24.720+0000] {dagbag.py:540} INFO - Filling up the DagBag from /opt/airflow/dags/sodai/__init__.py
[2025-11-20T01:01:24.731+0000] {processor.py:842} WARNING - No viable dags retrieved from /opt/airflow/dags/sodai/__init__.py
[2025-11-20T01:01:24.744+0000] {processor.py:183} INFO - Processing /opt/airflow/dags/sodai/__init__.py took 0.031 seconds
[2025-11-20T01:01:55.146+0000] {processor.py:161} INFO - Started process (PID=607) to work on /opt/airflow/dags/sodai/__init__.py
[2025-11-20T01:01:55.146+0000] {processor.py:830} INFO - Processing file /opt/airflow/dags/sodai/__init__.py for tasks to queue
[2025-11-20T01:01:55.148+0000] {logging_mixin.py:188} INFO - [2025-11-20T01:01:55.148+0000] {dagbag.py:540} INFO - Filling up the DagBag from /opt/airflow/dags/sodai/__init__.py
[2025-11-20T01:01:55.157+0000] {processor.py:842} WARNING - No viable dags retrieved from /opt/airflow/dags/sodai/__init__.py
[2025-11-20T01:01:55.167+0000] {processor.py:183} INFO - Processing /opt/airflow/dags/sodai/__init__.py took 0.025 seconds
[2025-11-20T01:02:25.511+0000] {processor.py:161} INFO - Started process (PID=617) to work on /opt/airflow/dags/sodai/__init__.py
[2025-11-20T01:02:25.512+0000] {processor.py:830} INFO - Processing file /opt/airflow/dags/sodai/__init__.py for tasks to queue
[2025-11-20T01:02:25.514+0000] {logging_mixin.py:188} INFO - [2025-11-20T01:02:25.514+0000] {dagbag.py:540} INFO - Filling up the DagBag from /opt/airflow/dags/sodai/__init__.py
[2025-11-20T01:02:25.524+0000] {processor.py:842} WARNING - No viable dags retrieved from /opt/airflow/dags/sodai/__init__.py
[2025-11-20T01:02:25.536+0000] {processor.py:183} INFO - Processing /opt/airflow/dags/sodai/__init__.py took 0.030 seconds
[2025-11-20T01:02:55.840+0000] {processor.py:161} INFO - Started process (PID=627) to work on /opt/airflow/dags/sodai/__init__.py
[2025-11-20T01:02:55.841+0000] {processor.py:830} INFO - Processing file /opt/airflow/dags/sodai/__init__.py for tasks to queue
[2025-11-20T01:02:55.843+0000] {logging_mixin.py:188} INFO - [2025-11-20T01:02:55.843+0000] {dagbag.py:540} INFO - Filling up the DagBag from /opt/airflow/dags/sodai/__init__.py
[2025-11-20T01:02:55.853+0000] {processor.py:842} WARNING - No viable dags retrieved from /opt/airflow/dags/sodai/__init__.py
[2025-11-20T01:02:55.866+0000] {processor.py:183} INFO - Processing /opt/airflow/dags/sodai/__init__.py took 0.030 seconds
[2025-11-20T01:03:26.288+0000] {processor.py:161} INFO - Started process (PID=637) to work on /opt/airflow/dags/sodai/__init__.py
[2025-11-20T01:03:26.289+0000] {processor.py:830} INFO - Processing file /opt/airflow/dags/sodai/__init__.py for tasks to queue
[2025-11-20T01:03:26.291+0000] {logging_mixin.py:188} INFO - [2025-11-20T01:03:26.291+0000] {dagbag.py:540} INFO - Filling up the DagBag from /opt/airflow/dags/sodai/__init__.py
[2025-11-20T01:03:26.300+0000] {processor.py:842} WARNING - No viable dags retrieved from /opt/airflow/dags/sodai/__init__.py
[2025-11-20T01:03:26.311+0000] {processor.py:183} INFO - Processing /opt/airflow/dags/sodai/__init__.py took 0.027 seconds
[2025-11-20T01:03:56.670+0000] {processor.py:161} INFO - Started process (PID=647) to work on /opt/airflow/dags/sodai/__init__.py
[2025-11-20T01:03:56.671+0000] {processor.py:830} INFO - Processing file /opt/airflow/dags/sodai/__init__.py for tasks to queue
[2025-11-20T01:03:56.672+0000] {logging_mixin.py:188} INFO - [2025-11-20T01:03:56.672+0000] {dagbag.py:540} INFO - Filling up the DagBag from /opt/airflow/dags/sodai/__init__.py
[2025-11-20T01:03:56.681+0000] {processor.py:842} WARNING - No viable dags retrieved from /opt/airflow/dags/sodai/__init__.py
[2025-11-20T01:03:56.690+0000] {processor.py:183} INFO - Processing /opt/airflow/dags/sodai/__init__.py took 0.024 seconds
[2025-11-20T01:04:27.043+0000] {processor.py:161} INFO - Started process (PID=657) to work on /opt/airflow/dags/sodai/__init__.py
[2025-11-20T01:04:27.043+0000] {processor.py:830} INFO - Processing file /opt/airflow/dags/sodai/__init__.py for tasks to queue
[2025-11-20T01:04:27.045+0000] {logging_mixin.py:188} INFO - [2025-11-20T01:04:27.045+0000] {dagbag.py:540} INFO - Filling up the DagBag from /opt/airflow/dags/sodai/__init__.py
[2025-11-20T01:04:27.055+0000] {processor.py:842} WARNING - No viable dags retrieved from /opt/airflow/dags/sodai/__init__.py
[2025-11-20T01:04:27.065+0000] {processor.py:183} INFO - Processing /opt/airflow/dags/sodai/__init__.py took 0.028 seconds
[2025-11-20T01:04:57.409+0000] {processor.py:161} INFO - Started process (PID=667) to work on /opt/airflow/dags/sodai/__init__.py
[2025-11-20T01:04:57.410+0000] {processor.py:830} INFO - Processing file /opt/airflow/dags/sodai/__init__.py for tasks to queue
[2025-11-20T01:04:57.413+0000] {logging_mixin.py:188} INFO - [2025-11-20T01:04:57.412+0000] {dagbag.py:540} INFO - Filling up the DagBag from /opt/airflow/dags/sodai/__init__.py
[2025-11-20T01:04:57.421+0000] {processor.py:842} WARNING - No viable dags retrieved from /opt/airflow/dags/sodai/__init__.py
[2025-11-20T01:04:57.432+0000] {processor.py:183} INFO - Processing /opt/airflow/dags/sodai/__init__.py took 0.027 seconds
[2025-11-20T01:05:27.925+0000] {processor.py:161} INFO - Started process (PID=677) to work on /opt/airflow/dags/sodai/__init__.py
[2025-11-20T01:05:27.926+0000] {processor.py:830} INFO - Processing file /opt/airflow/dags/sodai/__init__.py for tasks to queue
[2025-11-20T01:05:27.928+0000] {logging_mixin.py:188} INFO - [2025-11-20T01:05:27.928+0000] {dagbag.py:540} INFO - Filling up the DagBag from /opt/airflow/dags/sodai/__init__.py
[2025-11-20T01:05:27.938+0000] {processor.py:842} WARNING - No viable dags retrieved from /opt/airflow/dags/sodai/__init__.py
[2025-11-20T01:05:27.949+0000] {processor.py:183} INFO - Processing /opt/airflow/dags/sodai/__init__.py took 0.028 seconds
[2025-11-20T01:05:58.433+0000] {processor.py:161} INFO - Started process (PID=687) to work on /opt/airflow/dags/sodai/__init__.py
[2025-11-20T01:05:58.434+0000] {processor.py:830} INFO - Processing file /opt/airflow/dags/sodai/__init__.py for tasks to queue
[2025-11-20T01:05:58.436+0000] {logging_mixin.py:188} INFO - [2025-11-20T01:05:58.435+0000] {dagbag.py:540} INFO - Filling up the DagBag from /opt/airflow/dags/sodai/__init__.py
[2025-11-20T01:05:58.447+0000] {processor.py:842} WARNING - No viable dags retrieved from /opt/airflow/dags/sodai/__init__.py
[2025-11-20T01:05:58.456+0000] {processor.py:183} INFO - Processing /opt/airflow/dags/sodai/__init__.py took 0.028 seconds
[2025-11-20T01:06:28.826+0000] {processor.py:161} INFO - Started process (PID=695) to work on /opt/airflow/dags/sodai/__init__.py
[2025-11-20T01:06:28.827+0000] {processor.py:830} INFO - Processing file /opt/airflow/dags/sodai/__init__.py for tasks to queue
[2025-11-20T01:06:28.828+0000] {logging_mixin.py:188} INFO - [2025-11-20T01:06:28.828+0000] {dagbag.py:540} INFO - Filling up the DagBag from /opt/airflow/dags/sodai/__init__.py
[2025-11-20T01:06:28.839+0000] {processor.py:842} WARNING - No viable dags retrieved from /opt/airflow/dags/sodai/__init__.py
[2025-11-20T01:06:28.851+0000] {processor.py:183} INFO - Processing /opt/airflow/dags/sodai/__init__.py took 0.031 seconds
[2025-11-20T01:07:02.230+0000] {processor.py:161} INFO - Started process (PID=705) to work on /opt/airflow/dags/sodai/__init__.py
[2025-11-20T01:07:02.231+0000] {processor.py:830} INFO - Processing file /opt/airflow/dags/sodai/__init__.py for tasks to queue
[2025-11-20T01:07:02.232+0000] {logging_mixin.py:188} INFO - [2025-11-20T01:07:02.232+0000] {dagbag.py:540} INFO - Filling up the DagBag from /opt/airflow/dags/sodai/__init__.py
[2025-11-20T01:07:02.248+0000] {processor.py:842} WARNING - No viable dags retrieved from /opt/airflow/dags/sodai/__init__.py
[2025-11-20T01:07:02.259+0000] {processor.py:183} INFO - Processing /opt/airflow/dags/sodai/__init__.py took 0.034 seconds
[2025-11-20T01:07:35.654+0000] {processor.py:161} INFO - Started process (PID=715) to work on /opt/airflow/dags/sodai/__init__.py
[2025-11-20T01:07:35.654+0000] {processor.py:830} INFO - Processing file /opt/airflow/dags/sodai/__init__.py for tasks to queue
[2025-11-20T01:07:35.656+0000] {logging_mixin.py:188} INFO - [2025-11-20T01:07:35.655+0000] {dagbag.py:540} INFO - Filling up the DagBag from /opt/airflow/dags/sodai/__init__.py
[2025-11-20T01:07:35.666+0000] {processor.py:842} WARNING - No viable dags retrieved from /opt/airflow/dags/sodai/__init__.py
[2025-11-20T01:07:35.676+0000] {processor.py:183} INFO - Processing /opt/airflow/dags/sodai/__init__.py took 0.026 seconds
[2025-11-20T01:08:09.085+0000] {processor.py:161} INFO - Started process (PID=725) to work on /opt/airflow/dags/sodai/__init__.py
[2025-11-20T01:08:09.086+0000] {processor.py:830} INFO - Processing file /opt/airflow/dags/sodai/__init__.py for tasks to queue
[2025-11-20T01:08:09.088+0000] {logging_mixin.py:188} INFO - [2025-11-20T01:08:09.087+0000] {dagbag.py:540} INFO - Filling up the DagBag from /opt/airflow/dags/sodai/__init__.py
[2025-11-20T01:08:09.099+0000] {processor.py:842} WARNING - No viable dags retrieved from /opt/airflow/dags/sodai/__init__.py
[2025-11-20T01:08:09.111+0000] {processor.py:183} INFO - Processing /opt/airflow/dags/sodai/__init__.py took 0.032 seconds
[2025-11-20T01:08:39.495+0000] {processor.py:161} INFO - Started process (PID=735) to work on /opt/airflow/dags/sodai/__init__.py
[2025-11-20T01:08:39.495+0000] {processor.py:830} INFO - Processing file /opt/airflow/dags/sodai/__init__.py for tasks to queue
[2025-11-20T01:08:39.497+0000] {logging_mixin.py:188} INFO - [2025-11-20T01:08:39.497+0000] {dagbag.py:540} INFO - Filling up the DagBag from /opt/airflow/dags/sodai/__init__.py
[2025-11-20T01:08:39.506+0000] {processor.py:842} WARNING - No viable dags retrieved from /opt/airflow/dags/sodai/__init__.py
[2025-11-20T01:08:39.518+0000] {processor.py:183} INFO - Processing /opt/airflow/dags/sodai/__init__.py took 0.028 seconds
[2025-11-20T01:09:09.775+0000] {processor.py:161} INFO - Started process (PID=742) to work on /opt/airflow/dags/sodai/__init__.py
[2025-11-20T01:09:09.776+0000] {processor.py:830} INFO - Processing file /opt/airflow/dags/sodai/__init__.py for tasks to queue
[2025-11-20T01:09:09.778+0000] {logging_mixin.py:188} INFO - [2025-11-20T01:09:09.778+0000] {dagbag.py:540} INFO - Filling up the DagBag from /opt/airflow/dags/sodai/__init__.py
[2025-11-20T01:09:09.786+0000] {processor.py:842} WARNING - No viable dags retrieved from /opt/airflow/dags/sodai/__init__.py
[2025-11-20T01:09:09.797+0000] {processor.py:183} INFO - Processing /opt/airflow/dags/sodai/__init__.py took 0.025 seconds
[2025-11-20T01:09:40.075+0000] {processor.py:161} INFO - Started process (PID=752) to work on /opt/airflow/dags/sodai/__init__.py
[2025-11-20T01:09:40.077+0000] {processor.py:830} INFO - Processing file /opt/airflow/dags/sodai/__init__.py for tasks to queue
[2025-11-20T01:09:40.079+0000] {logging_mixin.py:188} INFO - [2025-11-20T01:09:40.078+0000] {dagbag.py:540} INFO - Filling up the DagBag from /opt/airflow/dags/sodai/__init__.py
[2025-11-20T01:09:40.088+0000] {processor.py:842} WARNING - No viable dags retrieved from /opt/airflow/dags/sodai/__init__.py
[2025-11-20T01:09:40.099+0000] {processor.py:183} INFO - Processing /opt/airflow/dags/sodai/__init__.py took 0.027 seconds
[2025-11-20T01:10:10.593+0000] {processor.py:161} INFO - Started process (PID=762) to work on /opt/airflow/dags/sodai/__init__.py
[2025-11-20T01:10:10.594+0000] {processor.py:830} INFO - Processing file /opt/airflow/dags/sodai/__init__.py for tasks to queue
[2025-11-20T01:10:10.595+0000] {logging_mixin.py:188} INFO - [2025-11-20T01:10:10.595+0000] {dagbag.py:540} INFO - Filling up the DagBag from /opt/airflow/dags/sodai/__init__.py
[2025-11-20T01:10:10.604+0000] {processor.py:842} WARNING - No viable dags retrieved from /opt/airflow/dags/sodai/__init__.py
[2025-11-20T01:10:10.614+0000] {processor.py:183} INFO - Processing /opt/airflow/dags/sodai/__init__.py took 0.025 seconds
[2025-11-20T01:10:41.027+0000] {processor.py:161} INFO - Started process (PID=772) to work on /opt/airflow/dags/sodai/__init__.py
[2025-11-20T01:10:41.028+0000] {processor.py:830} INFO - Processing file /opt/airflow/dags/sodai/__init__.py for tasks to queue
[2025-11-20T01:10:41.029+0000] {logging_mixin.py:188} INFO - [2025-11-20T01:10:41.029+0000] {dagbag.py:540} INFO - Filling up the DagBag from /opt/airflow/dags/sodai/__init__.py
[2025-11-20T01:10:41.038+0000] {processor.py:842} WARNING - No viable dags retrieved from /opt/airflow/dags/sodai/__init__.py
[2025-11-20T01:10:41.050+0000] {processor.py:183} INFO - Processing /opt/airflow/dags/sodai/__init__.py took 0.027 seconds
[2025-11-20T01:11:11.414+0000] {processor.py:161} INFO - Started process (PID=782) to work on /opt/airflow/dags/sodai/__init__.py
[2025-11-20T01:11:11.415+0000] {processor.py:830} INFO - Processing file /opt/airflow/dags/sodai/__init__.py for tasks to queue
[2025-11-20T01:11:11.417+0000] {logging_mixin.py:188} INFO - [2025-11-20T01:11:11.417+0000] {dagbag.py:540} INFO - Filling up the DagBag from /opt/airflow/dags/sodai/__init__.py
[2025-11-20T01:11:11.425+0000] {processor.py:842} WARNING - No viable dags retrieved from /opt/airflow/dags/sodai/__init__.py
[2025-11-20T01:11:11.435+0000] {processor.py:183} INFO - Processing /opt/airflow/dags/sodai/__init__.py took 0.025 seconds
[2025-11-20T01:11:41.815+0000] {processor.py:161} INFO - Started process (PID=792) to work on /opt/airflow/dags/sodai/__init__.py
[2025-11-20T01:11:41.816+0000] {processor.py:830} INFO - Processing file /opt/airflow/dags/sodai/__init__.py for tasks to queue
[2025-11-20T01:11:41.817+0000] {logging_mixin.py:188} INFO - [2025-11-20T01:11:41.817+0000] {dagbag.py:540} INFO - Filling up the DagBag from /opt/airflow/dags/sodai/__init__.py
[2025-11-20T01:11:41.825+0000] {processor.py:842} WARNING - No viable dags retrieved from /opt/airflow/dags/sodai/__init__.py
[2025-11-20T01:11:41.834+0000] {processor.py:183} INFO - Processing /opt/airflow/dags/sodai/__init__.py took 0.023 seconds
[2025-11-20T01:12:12.225+0000] {processor.py:161} INFO - Started process (PID=802) to work on /opt/airflow/dags/sodai/__init__.py
[2025-11-20T01:12:12.226+0000] {processor.py:830} INFO - Processing file /opt/airflow/dags/sodai/__init__.py for tasks to queue
[2025-11-20T01:12:12.228+0000] {logging_mixin.py:188} INFO - [2025-11-20T01:12:12.228+0000] {dagbag.py:540} INFO - Filling up the DagBag from /opt/airflow/dags/sodai/__init__.py
[2025-11-20T01:12:12.237+0000] {processor.py:842} WARNING - No viable dags retrieved from /opt/airflow/dags/sodai/__init__.py
[2025-11-20T01:12:12.248+0000] {processor.py:183} INFO - Processing /opt/airflow/dags/sodai/__init__.py took 0.029 seconds
[2025-11-20T01:12:42.609+0000] {processor.py:161} INFO - Started process (PID=812) to work on /opt/airflow/dags/sodai/__init__.py
[2025-11-20T01:12:42.610+0000] {processor.py:830} INFO - Processing file /opt/airflow/dags/sodai/__init__.py for tasks to queue
[2025-11-20T01:12:42.612+0000] {logging_mixin.py:188} INFO - [2025-11-20T01:12:42.612+0000] {dagbag.py:540} INFO - Filling up the DagBag from /opt/airflow/dags/sodai/__init__.py
[2025-11-20T01:12:42.621+0000] {processor.py:842} WARNING - No viable dags retrieved from /opt/airflow/dags/sodai/__init__.py
[2025-11-20T01:12:42.631+0000] {processor.py:183} INFO - Processing /opt/airflow/dags/sodai/__init__.py took 0.026 seconds
[2025-11-20T01:13:13.013+0000] {processor.py:161} INFO - Started process (PID=822) to work on /opt/airflow/dags/sodai/__init__.py
[2025-11-20T01:13:13.013+0000] {processor.py:830} INFO - Processing file /opt/airflow/dags/sodai/__init__.py for tasks to queue
[2025-11-20T01:13:13.015+0000] {logging_mixin.py:188} INFO - [2025-11-20T01:13:13.014+0000] {dagbag.py:540} INFO - Filling up the DagBag from /opt/airflow/dags/sodai/__init__.py
[2025-11-20T01:13:13.027+0000] {processor.py:842} WARNING - No viable dags retrieved from /opt/airflow/dags/sodai/__init__.py
[2025-11-20T01:13:13.037+0000] {processor.py:183} INFO - Processing /opt/airflow/dags/sodai/__init__.py took 0.028 seconds
[2025-11-20T01:13:43.343+0000] {processor.py:161} INFO - Started process (PID=832) to work on /opt/airflow/dags/sodai/__init__.py
[2025-11-20T01:13:43.344+0000] {processor.py:830} INFO - Processing file /opt/airflow/dags/sodai/__init__.py for tasks to queue
[2025-11-20T01:13:43.345+0000] {logging_mixin.py:188} INFO - [2025-11-20T01:13:43.345+0000] {dagbag.py:540} INFO - Filling up the DagBag from /opt/airflow/dags/sodai/__init__.py
[2025-11-20T01:13:43.355+0000] {processor.py:842} WARNING - No viable dags retrieved from /opt/airflow/dags/sodai/__init__.py
[2025-11-20T01:13:43.364+0000] {processor.py:183} INFO - Processing /opt/airflow/dags/sodai/__init__.py took 0.025 seconds
[2025-11-20T01:14:13.862+0000] {processor.py:161} INFO - Started process (PID=842) to work on /opt/airflow/dags/sodai/__init__.py
[2025-11-20T01:14:13.863+0000] {processor.py:830} INFO - Processing file /opt/airflow/dags/sodai/__init__.py for tasks to queue
[2025-11-20T01:14:13.864+0000] {logging_mixin.py:188} INFO - [2025-11-20T01:14:13.864+0000] {dagbag.py:540} INFO - Filling up the DagBag from /opt/airflow/dags/sodai/__init__.py
[2025-11-20T01:14:13.874+0000] {processor.py:842} WARNING - No viable dags retrieved from /opt/airflow/dags/sodai/__init__.py
[2025-11-20T01:14:13.883+0000] {processor.py:183} INFO - Processing /opt/airflow/dags/sodai/__init__.py took 0.025 seconds
[2025-11-20T01:14:47.416+0000] {processor.py:161} INFO - Started process (PID=852) to work on /opt/airflow/dags/sodai/__init__.py
[2025-11-20T01:14:47.416+0000] {processor.py:830} INFO - Processing file /opt/airflow/dags/sodai/__init__.py for tasks to queue
[2025-11-20T01:14:47.418+0000] {logging_mixin.py:188} INFO - [2025-11-20T01:14:47.418+0000] {dagbag.py:540} INFO - Filling up the DagBag from /opt/airflow/dags/sodai/__init__.py
[2025-11-20T01:14:47.428+0000] {processor.py:842} WARNING - No viable dags retrieved from /opt/airflow/dags/sodai/__init__.py
[2025-11-20T01:14:47.440+0000] {processor.py:183} INFO - Processing /opt/airflow/dags/sodai/__init__.py took 0.028 seconds
[2025-11-20T01:15:20.811+0000] {processor.py:161} INFO - Started process (PID=862) to work on /opt/airflow/dags/sodai/__init__.py
[2025-11-20T01:15:20.812+0000] {processor.py:830} INFO - Processing file /opt/airflow/dags/sodai/__init__.py for tasks to queue
[2025-11-20T01:15:20.814+0000] {logging_mixin.py:188} INFO - [2025-11-20T01:15:20.814+0000] {dagbag.py:540} INFO - Filling up the DagBag from /opt/airflow/dags/sodai/__init__.py
[2025-11-20T01:15:20.824+0000] {processor.py:842} WARNING - No viable dags retrieved from /opt/airflow/dags/sodai/__init__.py
[2025-11-20T01:15:20.833+0000] {processor.py:183} INFO - Processing /opt/airflow/dags/sodai/__init__.py took 0.026 seconds
[2025-11-20T01:15:54.202+0000] {processor.py:161} INFO - Started process (PID=872) to work on /opt/airflow/dags/sodai/__init__.py
[2025-11-20T01:15:54.202+0000] {processor.py:830} INFO - Processing file /opt/airflow/dags/sodai/__init__.py for tasks to queue
[2025-11-20T01:15:54.204+0000] {logging_mixin.py:188} INFO - [2025-11-20T01:15:54.204+0000] {dagbag.py:540} INFO - Filling up the DagBag from /opt/airflow/dags/sodai/__init__.py
[2025-11-20T01:15:54.216+0000] {processor.py:842} WARNING - No viable dags retrieved from /opt/airflow/dags/sodai/__init__.py
[2025-11-20T01:15:54.227+0000] {processor.py:183} INFO - Processing /opt/airflow/dags/sodai/__init__.py took 0.029 seconds
[2025-11-20T01:16:24.541+0000] {processor.py:161} INFO - Started process (PID=882) to work on /opt/airflow/dags/sodai/__init__.py
[2025-11-20T01:16:24.542+0000] {processor.py:830} INFO - Processing file /opt/airflow/dags/sodai/__init__.py for tasks to queue
[2025-11-20T01:16:24.543+0000] {logging_mixin.py:188} INFO - [2025-11-20T01:16:24.543+0000] {dagbag.py:540} INFO - Filling up the DagBag from /opt/airflow/dags/sodai/__init__.py
[2025-11-20T01:16:24.555+0000] {processor.py:842} WARNING - No viable dags retrieved from /opt/airflow/dags/sodai/__init__.py
[2025-11-20T01:16:24.566+0000] {processor.py:183} INFO - Processing /opt/airflow/dags/sodai/__init__.py took 0.029 seconds
[2025-11-20T01:16:54.795+0000] {processor.py:161} INFO - Started process (PID=892) to work on /opt/airflow/dags/sodai/__init__.py
[2025-11-20T01:16:54.795+0000] {processor.py:830} INFO - Processing file /opt/airflow/dags/sodai/__init__.py for tasks to queue
[2025-11-20T01:16:54.797+0000] {logging_mixin.py:188} INFO - [2025-11-20T01:16:54.797+0000] {dagbag.py:540} INFO - Filling up the DagBag from /opt/airflow/dags/sodai/__init__.py
[2025-11-20T01:16:54.807+0000] {processor.py:842} WARNING - No viable dags retrieved from /opt/airflow/dags/sodai/__init__.py
[2025-11-20T01:16:54.816+0000] {processor.py:183} INFO - Processing /opt/airflow/dags/sodai/__init__.py took 0.026 seconds
[2025-11-20T01:17:25.205+0000] {processor.py:161} INFO - Started process (PID=902) to work on /opt/airflow/dags/sodai/__init__.py
[2025-11-20T01:17:25.206+0000] {processor.py:830} INFO - Processing file /opt/airflow/dags/sodai/__init__.py for tasks to queue
[2025-11-20T01:17:25.207+0000] {logging_mixin.py:188} INFO - [2025-11-20T01:17:25.207+0000] {dagbag.py:540} INFO - Filling up the DagBag from /opt/airflow/dags/sodai/__init__.py
[2025-11-20T01:17:25.214+0000] {processor.py:842} WARNING - No viable dags retrieved from /opt/airflow/dags/sodai/__init__.py
[2025-11-20T01:17:25.225+0000] {processor.py:183} INFO - Processing /opt/airflow/dags/sodai/__init__.py took 0.025 seconds
[2025-11-20T01:17:55.582+0000] {processor.py:161} INFO - Started process (PID=912) to work on /opt/airflow/dags/sodai/__init__.py
[2025-11-20T01:17:55.583+0000] {processor.py:830} INFO - Processing file /opt/airflow/dags/sodai/__init__.py for tasks to queue
[2025-11-20T01:17:55.584+0000] {logging_mixin.py:188} INFO - [2025-11-20T01:17:55.584+0000] {dagbag.py:540} INFO - Filling up the DagBag from /opt/airflow/dags/sodai/__init__.py
[2025-11-20T01:17:55.594+0000] {processor.py:842} WARNING - No viable dags retrieved from /opt/airflow/dags/sodai/__init__.py
[2025-11-20T01:17:55.605+0000] {processor.py:183} INFO - Processing /opt/airflow/dags/sodai/__init__.py took 0.028 seconds
[2025-11-20T01:18:25.899+0000] {processor.py:161} INFO - Started process (PID=922) to work on /opt/airflow/dags/sodai/__init__.py
[2025-11-20T01:18:25.900+0000] {processor.py:830} INFO - Processing file /opt/airflow/dags/sodai/__init__.py for tasks to queue
[2025-11-20T01:18:25.901+0000] {logging_mixin.py:188} INFO - [2025-11-20T01:18:25.901+0000] {dagbag.py:540} INFO - Filling up the DagBag from /opt/airflow/dags/sodai/__init__.py
[2025-11-20T01:18:25.909+0000] {processor.py:842} WARNING - No viable dags retrieved from /opt/airflow/dags/sodai/__init__.py
[2025-11-20T01:18:25.920+0000] {processor.py:183} INFO - Processing /opt/airflow/dags/sodai/__init__.py took 0.026 seconds
[2025-11-20T01:18:56.419+0000] {processor.py:161} INFO - Started process (PID=932) to work on /opt/airflow/dags/sodai/__init__.py
[2025-11-20T01:18:56.420+0000] {processor.py:830} INFO - Processing file /opt/airflow/dags/sodai/__init__.py for tasks to queue
[2025-11-20T01:18:56.421+0000] {logging_mixin.py:188} INFO - [2025-11-20T01:18:56.421+0000] {dagbag.py:540} INFO - Filling up the DagBag from /opt/airflow/dags/sodai/__init__.py
[2025-11-20T01:18:56.433+0000] {processor.py:842} WARNING - No viable dags retrieved from /opt/airflow/dags/sodai/__init__.py
[2025-11-20T01:18:56.447+0000] {processor.py:183} INFO - Processing /opt/airflow/dags/sodai/__init__.py took 0.033 seconds
[2025-11-20T01:19:26.879+0000] {processor.py:161} INFO - Started process (PID=942) to work on /opt/airflow/dags/sodai/__init__.py
[2025-11-20T01:19:26.880+0000] {processor.py:830} INFO - Processing file /opt/airflow/dags/sodai/__init__.py for tasks to queue
[2025-11-20T01:19:26.881+0000] {logging_mixin.py:188} INFO - [2025-11-20T01:19:26.881+0000] {dagbag.py:540} INFO - Filling up the DagBag from /opt/airflow/dags/sodai/__init__.py
[2025-11-20T01:19:26.895+0000] {processor.py:842} WARNING - No viable dags retrieved from /opt/airflow/dags/sodai/__init__.py
[2025-11-20T01:19:26.906+0000] {processor.py:183} INFO - Processing /opt/airflow/dags/sodai/__init__.py took 0.031 seconds
[2025-11-20T01:19:57.366+0000] {processor.py:161} INFO - Started process (PID=952) to work on /opt/airflow/dags/sodai/__init__.py
[2025-11-20T01:19:57.367+0000] {processor.py:830} INFO - Processing file /opt/airflow/dags/sodai/__init__.py for tasks to queue
[2025-11-20T01:19:57.368+0000] {logging_mixin.py:188} INFO - [2025-11-20T01:19:57.368+0000] {dagbag.py:540} INFO - Filling up the DagBag from /opt/airflow/dags/sodai/__init__.py
[2025-11-20T01:19:57.379+0000] {processor.py:842} WARNING - No viable dags retrieved from /opt/airflow/dags/sodai/__init__.py
[2025-11-20T01:19:57.390+0000] {processor.py:183} INFO - Processing /opt/airflow/dags/sodai/__init__.py took 0.028 seconds
[2025-11-20T01:20:27.732+0000] {processor.py:161} INFO - Started process (PID=962) to work on /opt/airflow/dags/sodai/__init__.py
[2025-11-20T01:20:27.732+0000] {processor.py:830} INFO - Processing file /opt/airflow/dags/sodai/__init__.py for tasks to queue
[2025-11-20T01:20:27.734+0000] {logging_mixin.py:188} INFO - [2025-11-20T01:20:27.734+0000] {dagbag.py:540} INFO - Filling up the DagBag from /opt/airflow/dags/sodai/__init__.py
[2025-11-20T01:20:27.743+0000] {processor.py:842} WARNING - No viable dags retrieved from /opt/airflow/dags/sodai/__init__.py
[2025-11-20T01:20:27.754+0000] {processor.py:183} INFO - Processing /opt/airflow/dags/sodai/__init__.py took 0.027 seconds
[2025-11-20T01:20:58.121+0000] {processor.py:161} INFO - Started process (PID=972) to work on /opt/airflow/dags/sodai/__init__.py
[2025-11-20T01:20:58.122+0000] {processor.py:830} INFO - Processing file /opt/airflow/dags/sodai/__init__.py for tasks to queue
[2025-11-20T01:20:58.124+0000] {logging_mixin.py:188} INFO - [2025-11-20T01:20:58.123+0000] {dagbag.py:540} INFO - Filling up the DagBag from /opt/airflow/dags/sodai/__init__.py
[2025-11-20T01:20:58.136+0000] {processor.py:842} WARNING - No viable dags retrieved from /opt/airflow/dags/sodai/__init__.py
[2025-11-20T01:20:58.148+0000] {processor.py:183} INFO - Processing /opt/airflow/dags/sodai/__init__.py took 0.032 seconds
[2025-11-20T01:21:28.547+0000] {processor.py:161} INFO - Started process (PID=982) to work on /opt/airflow/dags/sodai/__init__.py
[2025-11-20T01:21:28.547+0000] {processor.py:830} INFO - Processing file /opt/airflow/dags/sodai/__init__.py for tasks to queue
[2025-11-20T01:21:28.549+0000] {logging_mixin.py:188} INFO - [2025-11-20T01:21:28.549+0000] {dagbag.py:540} INFO - Filling up the DagBag from /opt/airflow/dags/sodai/__init__.py
[2025-11-20T01:21:28.559+0000] {processor.py:842} WARNING - No viable dags retrieved from /opt/airflow/dags/sodai/__init__.py
[2025-11-20T01:21:28.570+0000] {processor.py:183} INFO - Processing /opt/airflow/dags/sodai/__init__.py took 0.028 seconds
[2025-11-20T01:21:58.959+0000] {processor.py:161} INFO - Started process (PID=992) to work on /opt/airflow/dags/sodai/__init__.py
[2025-11-20T01:21:58.960+0000] {processor.py:830} INFO - Processing file /opt/airflow/dags/sodai/__init__.py for tasks to queue
[2025-11-20T01:21:58.961+0000] {logging_mixin.py:188} INFO - [2025-11-20T01:21:58.961+0000] {dagbag.py:540} INFO - Filling up the DagBag from /opt/airflow/dags/sodai/__init__.py
[2025-11-20T01:21:58.971+0000] {processor.py:842} WARNING - No viable dags retrieved from /opt/airflow/dags/sodai/__init__.py
[2025-11-20T01:21:58.981+0000] {processor.py:183} INFO - Processing /opt/airflow/dags/sodai/__init__.py took 0.026 seconds
[2025-11-20T01:22:32.278+0000] {processor.py:161} INFO - Started process (PID=1002) to work on /opt/airflow/dags/sodai/__init__.py
[2025-11-20T01:22:32.279+0000] {processor.py:830} INFO - Processing file /opt/airflow/dags/sodai/__init__.py for tasks to queue
[2025-11-20T01:22:32.281+0000] {logging_mixin.py:188} INFO - [2025-11-20T01:22:32.281+0000] {dagbag.py:540} INFO - Filling up the DagBag from /opt/airflow/dags/sodai/__init__.py
[2025-11-20T01:22:32.294+0000] {processor.py:842} WARNING - No viable dags retrieved from /opt/airflow/dags/sodai/__init__.py
[2025-11-20T01:22:32.305+0000] {processor.py:183} INFO - Processing /opt/airflow/dags/sodai/__init__.py took 0.031 seconds
[2025-11-20T01:23:05.826+0000] {processor.py:161} INFO - Started process (PID=1012) to work on /opt/airflow/dags/sodai/__init__.py
[2025-11-20T01:23:05.827+0000] {processor.py:830} INFO - Processing file /opt/airflow/dags/sodai/__init__.py for tasks to queue
[2025-11-20T01:23:05.829+0000] {logging_mixin.py:188} INFO - [2025-11-20T01:23:05.828+0000] {dagbag.py:540} INFO - Filling up the DagBag from /opt/airflow/dags/sodai/__init__.py
[2025-11-20T01:23:05.839+0000] {processor.py:842} WARNING - No viable dags retrieved from /opt/airflow/dags/sodai/__init__.py
[2025-11-20T01:23:05.853+0000] {processor.py:183} INFO - Processing /opt/airflow/dags/sodai/__init__.py took 0.031 seconds
[2025-11-20T01:23:39.301+0000] {processor.py:161} INFO - Started process (PID=1022) to work on /opt/airflow/dags/sodai/__init__.py
[2025-11-20T01:23:39.302+0000] {processor.py:830} INFO - Processing file /opt/airflow/dags/sodai/__init__.py for tasks to queue
[2025-11-20T01:23:39.304+0000] {logging_mixin.py:188} INFO - [2025-11-20T01:23:39.303+0000] {dagbag.py:540} INFO - Filling up the DagBag from /opt/airflow/dags/sodai/__init__.py
[2025-11-20T01:23:39.311+0000] {processor.py:842} WARNING - No viable dags retrieved from /opt/airflow/dags/sodai/__init__.py
[2025-11-20T01:23:39.321+0000] {processor.py:183} INFO - Processing /opt/airflow/dags/sodai/__init__.py took 0.024 seconds
[2025-11-20T01:24:09.649+0000] {processor.py:161} INFO - Started process (PID=1032) to work on /opt/airflow/dags/sodai/__init__.py
[2025-11-20T01:24:09.650+0000] {processor.py:830} INFO - Processing file /opt/airflow/dags/sodai/__init__.py for tasks to queue
[2025-11-20T01:24:09.652+0000] {logging_mixin.py:188} INFO - [2025-11-20T01:24:09.652+0000] {dagbag.py:540} INFO - Filling up the DagBag from /opt/airflow/dags/sodai/__init__.py
[2025-11-20T01:24:09.666+0000] {processor.py:842} WARNING - No viable dags retrieved from /opt/airflow/dags/sodai/__init__.py
[2025-11-20T01:24:09.678+0000] {processor.py:183} INFO - Processing /opt/airflow/dags/sodai/__init__.py took 0.034 seconds
