[2025-11-18T05:32:03.192+0000] {processor.py:161} INFO - Started process (PID=202) to work on /opt/airflow/dags/sodai_pipeline_dag.py
[2025-11-18T05:32:03.198+0000] {processor.py:830} INFO - Processing file /opt/airflow/dags/sodai_pipeline_dag.py for tasks to queue
[2025-11-18T05:32:03.200+0000] {logging_mixin.py:188} INFO - [2025-11-18T05:32:03.200+0000] {dagbag.py:540} INFO - Filling up the DagBag from /opt/airflow/dags/sodai_pipeline_dag.py
[2025-11-18T05:32:05.018+0000] {processor.py:840} INFO - DAG(s) 'sodai_training_and_scoring' retrieved from /opt/airflow/dags/sodai_pipeline_dag.py
[2025-11-18T05:32:05.150+0000] {logging_mixin.py:188} INFO - [2025-11-18T05:32:05.149+0000] {override.py:1829} INFO - Created Permission View: can edit on DAG:sodai_training_and_scoring
[2025-11-18T05:32:05.155+0000] {logging_mixin.py:188} INFO - [2025-11-18T05:32:05.155+0000] {override.py:1829} INFO - Created Permission View: can read on DAG:sodai_training_and_scoring
[2025-11-18T05:32:05.159+0000] {logging_mixin.py:188} INFO - [2025-11-18T05:32:05.159+0000] {override.py:1829} INFO - Created Permission View: can delete on DAG:sodai_training_and_scoring
[2025-11-18T05:32:05.160+0000] {logging_mixin.py:188} INFO - [2025-11-18T05:32:05.160+0000] {dag.py:3096} INFO - Sync 1 DAGs
[2025-11-18T05:32:05.166+0000] {logging_mixin.py:188} INFO - [2025-11-18T05:32:05.166+0000] {dag.py:3118} INFO - Creating ORM DAG for sodai_training_and_scoring
[2025-11-18T05:32:05.172+0000] {logging_mixin.py:188} INFO - [2025-11-18T05:32:05.172+0000] {dag.py:3954} INFO - Setting next_dagrun for sodai_training_and_scoring to 2025-11-09 00:00:00+00:00, run_after=2025-11-16 00:00:00+00:00
[2025-11-18T05:32:05.185+0000] {processor.py:183} INFO - Processing /opt/airflow/dags/sodai_pipeline_dag.py took 1.913 seconds
[2025-11-18T05:32:35.715+0000] {processor.py:161} INFO - Started process (PID=252) to work on /opt/airflow/dags/sodai_pipeline_dag.py
[2025-11-18T05:32:35.717+0000] {processor.py:830} INFO - Processing file /opt/airflow/dags/sodai_pipeline_dag.py for tasks to queue
[2025-11-18T05:32:35.719+0000] {logging_mixin.py:188} INFO - [2025-11-18T05:32:35.719+0000] {dagbag.py:540} INFO - Filling up the DagBag from /opt/airflow/dags/sodai_pipeline_dag.py
[2025-11-18T05:32:36.869+0000] {processor.py:840} INFO - DAG(s) 'sodai_training_and_scoring' retrieved from /opt/airflow/dags/sodai_pipeline_dag.py
[2025-11-18T05:32:36.881+0000] {logging_mixin.py:188} INFO - [2025-11-18T05:32:36.881+0000] {dag.py:3096} INFO - Sync 1 DAGs
[2025-11-18T05:32:36.895+0000] {logging_mixin.py:188} INFO - [2025-11-18T05:32:36.894+0000] {dag.py:3954} INFO - Setting next_dagrun for sodai_training_and_scoring to 2025-11-09 00:00:00+00:00, run_after=2025-11-16 00:00:00+00:00
[2025-11-18T05:32:36.923+0000] {processor.py:183} INFO - Processing /opt/airflow/dags/sodai_pipeline_dag.py took 1.213 seconds
[2025-11-18T05:33:07.262+0000] {processor.py:161} INFO - Started process (PID=294) to work on /opt/airflow/dags/sodai_pipeline_dag.py
[2025-11-18T05:33:07.263+0000] {processor.py:830} INFO - Processing file /opt/airflow/dags/sodai_pipeline_dag.py for tasks to queue
[2025-11-18T05:33:07.264+0000] {logging_mixin.py:188} INFO - [2025-11-18T05:33:07.264+0000] {dagbag.py:540} INFO - Filling up the DagBag from /opt/airflow/dags/sodai_pipeline_dag.py
[2025-11-18T05:33:08.059+0000] {processor.py:840} INFO - DAG(s) 'sodai_training_and_scoring' retrieved from /opt/airflow/dags/sodai_pipeline_dag.py
[2025-11-18T05:33:08.070+0000] {logging_mixin.py:188} INFO - [2025-11-18T05:33:08.069+0000] {dag.py:3096} INFO - Sync 1 DAGs
[2025-11-18T05:33:08.082+0000] {logging_mixin.py:188} INFO - [2025-11-18T05:33:08.082+0000] {dag.py:3954} INFO - Setting next_dagrun for sodai_training_and_scoring to 2025-11-09 00:00:00+00:00, run_after=2025-11-16 00:00:00+00:00
[2025-11-18T05:33:08.093+0000] {processor.py:183} INFO - Processing /opt/airflow/dags/sodai_pipeline_dag.py took 0.835 seconds
[2025-11-18T05:33:38.605+0000] {processor.py:161} INFO - Started process (PID=336) to work on /opt/airflow/dags/sodai_pipeline_dag.py
[2025-11-18T05:33:38.606+0000] {processor.py:830} INFO - Processing file /opt/airflow/dags/sodai_pipeline_dag.py for tasks to queue
[2025-11-18T05:33:38.607+0000] {logging_mixin.py:188} INFO - [2025-11-18T05:33:38.607+0000] {dagbag.py:540} INFO - Filling up the DagBag from /opt/airflow/dags/sodai_pipeline_dag.py
[2025-11-18T05:33:39.386+0000] {processor.py:840} INFO - DAG(s) 'sodai_training_and_scoring' retrieved from /opt/airflow/dags/sodai_pipeline_dag.py
[2025-11-18T05:33:39.399+0000] {logging_mixin.py:188} INFO - [2025-11-18T05:33:39.399+0000] {dag.py:3096} INFO - Sync 1 DAGs
[2025-11-18T05:33:39.416+0000] {logging_mixin.py:188} INFO - [2025-11-18T05:33:39.416+0000] {dag.py:3954} INFO - Setting next_dagrun for sodai_training_and_scoring to 2025-11-09 00:00:00+00:00, run_after=2025-11-16 00:00:00+00:00
[2025-11-18T05:33:39.430+0000] {processor.py:183} INFO - Processing /opt/airflow/dags/sodai_pipeline_dag.py took 0.830 seconds
[2025-11-18T05:34:10.052+0000] {processor.py:161} INFO - Started process (PID=378) to work on /opt/airflow/dags/sodai_pipeline_dag.py
[2025-11-18T05:34:10.053+0000] {processor.py:830} INFO - Processing file /opt/airflow/dags/sodai_pipeline_dag.py for tasks to queue
[2025-11-18T05:34:10.055+0000] {logging_mixin.py:188} INFO - [2025-11-18T05:34:10.055+0000] {dagbag.py:540} INFO - Filling up the DagBag from /opt/airflow/dags/sodai_pipeline_dag.py
[2025-11-18T05:34:10.865+0000] {processor.py:840} INFO - DAG(s) 'sodai_training_and_scoring' retrieved from /opt/airflow/dags/sodai_pipeline_dag.py
[2025-11-18T05:34:10.876+0000] {logging_mixin.py:188} INFO - [2025-11-18T05:34:10.875+0000] {dag.py:3096} INFO - Sync 1 DAGs
[2025-11-18T05:34:10.888+0000] {logging_mixin.py:188} INFO - [2025-11-18T05:34:10.888+0000] {dag.py:3954} INFO - Setting next_dagrun for sodai_training_and_scoring to 2025-11-09 00:00:00+00:00, run_after=2025-11-16 00:00:00+00:00
[2025-11-18T05:34:10.901+0000] {processor.py:183} INFO - Processing /opt/airflow/dags/sodai_pipeline_dag.py took 0.853 seconds
[2025-11-18T05:34:41.362+0000] {processor.py:161} INFO - Started process (PID=420) to work on /opt/airflow/dags/sodai_pipeline_dag.py
[2025-11-18T05:34:41.363+0000] {processor.py:830} INFO - Processing file /opt/airflow/dags/sodai_pipeline_dag.py for tasks to queue
[2025-11-18T05:34:41.365+0000] {logging_mixin.py:188} INFO - [2025-11-18T05:34:41.365+0000] {dagbag.py:540} INFO - Filling up the DagBag from /opt/airflow/dags/sodai_pipeline_dag.py
[2025-11-18T05:34:42.267+0000] {processor.py:840} INFO - DAG(s) 'sodai_training_and_scoring' retrieved from /opt/airflow/dags/sodai_pipeline_dag.py
[2025-11-18T05:34:42.280+0000] {logging_mixin.py:188} INFO - [2025-11-18T05:34:42.280+0000] {dag.py:3096} INFO - Sync 1 DAGs
[2025-11-18T05:34:42.295+0000] {logging_mixin.py:188} INFO - [2025-11-18T05:34:42.294+0000] {dag.py:3954} INFO - Setting next_dagrun for sodai_training_and_scoring to 2025-11-09 00:00:00+00:00, run_after=2025-11-16 00:00:00+00:00
[2025-11-18T05:34:42.307+0000] {processor.py:183} INFO - Processing /opt/airflow/dags/sodai_pipeline_dag.py took 0.949 seconds
[2025-11-18T05:35:13.311+0000] {processor.py:161} INFO - Started process (PID=462) to work on /opt/airflow/dags/sodai_pipeline_dag.py
[2025-11-18T05:35:13.312+0000] {processor.py:830} INFO - Processing file /opt/airflow/dags/sodai_pipeline_dag.py for tasks to queue
[2025-11-18T05:35:13.313+0000] {logging_mixin.py:188} INFO - [2025-11-18T05:35:13.313+0000] {dagbag.py:540} INFO - Filling up the DagBag from /opt/airflow/dags/sodai_pipeline_dag.py
[2025-11-18T05:35:14.106+0000] {processor.py:840} INFO - DAG(s) 'sodai_training_and_scoring' retrieved from /opt/airflow/dags/sodai_pipeline_dag.py
[2025-11-18T05:35:14.117+0000] {logging_mixin.py:188} INFO - [2025-11-18T05:35:14.117+0000] {dag.py:3096} INFO - Sync 1 DAGs
[2025-11-18T05:35:14.130+0000] {logging_mixin.py:188} INFO - [2025-11-18T05:35:14.130+0000] {dag.py:3954} INFO - Setting next_dagrun for sodai_training_and_scoring to 2025-11-09 00:00:00+00:00, run_after=2025-11-16 00:00:00+00:00
[2025-11-18T05:35:14.141+0000] {processor.py:183} INFO - Processing /opt/airflow/dags/sodai_pipeline_dag.py took 0.834 seconds
[2025-11-18T05:35:44.688+0000] {processor.py:161} INFO - Started process (PID=504) to work on /opt/airflow/dags/sodai_pipeline_dag.py
[2025-11-18T05:35:44.689+0000] {processor.py:830} INFO - Processing file /opt/airflow/dags/sodai_pipeline_dag.py for tasks to queue
[2025-11-18T05:35:44.690+0000] {logging_mixin.py:188} INFO - [2025-11-18T05:35:44.690+0000] {dagbag.py:540} INFO - Filling up the DagBag from /opt/airflow/dags/sodai_pipeline_dag.py
[2025-11-18T05:35:45.507+0000] {processor.py:840} INFO - DAG(s) 'sodai_training_and_scoring' retrieved from /opt/airflow/dags/sodai_pipeline_dag.py
[2025-11-18T05:35:45.518+0000] {logging_mixin.py:188} INFO - [2025-11-18T05:35:45.518+0000] {dag.py:3096} INFO - Sync 1 DAGs
[2025-11-18T05:35:45.537+0000] {logging_mixin.py:188} INFO - [2025-11-18T05:35:45.537+0000] {dag.py:3954} INFO - Setting next_dagrun for sodai_training_and_scoring to 2025-11-09 00:00:00+00:00, run_after=2025-11-16 00:00:00+00:00
[2025-11-18T05:35:45.549+0000] {processor.py:183} INFO - Processing /opt/airflow/dags/sodai_pipeline_dag.py took 0.865 seconds
[2025-11-18T05:36:16.218+0000] {processor.py:161} INFO - Started process (PID=546) to work on /opt/airflow/dags/sodai_pipeline_dag.py
[2025-11-18T05:36:16.219+0000] {processor.py:830} INFO - Processing file /opt/airflow/dags/sodai_pipeline_dag.py for tasks to queue
[2025-11-18T05:36:16.221+0000] {logging_mixin.py:188} INFO - [2025-11-18T05:36:16.220+0000] {dagbag.py:540} INFO - Filling up the DagBag from /opt/airflow/dags/sodai_pipeline_dag.py
[2025-11-18T05:36:17.086+0000] {processor.py:840} INFO - DAG(s) 'sodai_training_and_scoring' retrieved from /opt/airflow/dags/sodai_pipeline_dag.py
[2025-11-18T05:36:17.100+0000] {logging_mixin.py:188} INFO - [2025-11-18T05:36:17.099+0000] {dag.py:3096} INFO - Sync 1 DAGs
[2025-11-18T05:36:17.112+0000] {logging_mixin.py:188} INFO - [2025-11-18T05:36:17.111+0000] {dag.py:3954} INFO - Setting next_dagrun for sodai_training_and_scoring to 2025-11-09 00:00:00+00:00, run_after=2025-11-16 00:00:00+00:00
[2025-11-18T05:36:17.123+0000] {processor.py:183} INFO - Processing /opt/airflow/dags/sodai_pipeline_dag.py took 0.909 seconds
[2025-11-18T05:36:47.253+0000] {processor.py:161} INFO - Started process (PID=588) to work on /opt/airflow/dags/sodai_pipeline_dag.py
[2025-11-18T05:36:47.254+0000] {processor.py:830} INFO - Processing file /opt/airflow/dags/sodai_pipeline_dag.py for tasks to queue
[2025-11-18T05:36:47.256+0000] {logging_mixin.py:188} INFO - [2025-11-18T05:36:47.256+0000] {dagbag.py:540} INFO - Filling up the DagBag from /opt/airflow/dags/sodai_pipeline_dag.py
[2025-11-18T05:36:48.074+0000] {processor.py:840} INFO - DAG(s) 'sodai_training_and_scoring' retrieved from /opt/airflow/dags/sodai_pipeline_dag.py
[2025-11-18T05:36:48.085+0000] {logging_mixin.py:188} INFO - [2025-11-18T05:36:48.085+0000] {dag.py:3096} INFO - Sync 1 DAGs
[2025-11-18T05:36:48.100+0000] {logging_mixin.py:188} INFO - [2025-11-18T05:36:48.100+0000] {dag.py:3954} INFO - Setting next_dagrun for sodai_training_and_scoring to 2025-11-09 00:00:00+00:00, run_after=2025-11-16 00:00:00+00:00
[2025-11-18T05:36:48.112+0000] {processor.py:183} INFO - Processing /opt/airflow/dags/sodai_pipeline_dag.py took 0.863 seconds
[2025-11-18T05:37:18.162+0000] {processor.py:161} INFO - Started process (PID=630) to work on /opt/airflow/dags/sodai_pipeline_dag.py
[2025-11-18T05:37:18.164+0000] {processor.py:830} INFO - Processing file /opt/airflow/dags/sodai_pipeline_dag.py for tasks to queue
[2025-11-18T05:37:18.169+0000] {logging_mixin.py:188} INFO - [2025-11-18T05:37:18.168+0000] {dagbag.py:540} INFO - Filling up the DagBag from /opt/airflow/dags/sodai_pipeline_dag.py
[2025-11-18T05:37:19.043+0000] {processor.py:840} INFO - DAG(s) 'sodai_training_and_scoring' retrieved from /opt/airflow/dags/sodai_pipeline_dag.py
[2025-11-18T05:37:19.056+0000] {logging_mixin.py:188} INFO - [2025-11-18T05:37:19.055+0000] {dag.py:3096} INFO - Sync 1 DAGs
[2025-11-18T05:37:19.069+0000] {logging_mixin.py:188} INFO - [2025-11-18T05:37:19.069+0000] {dag.py:3954} INFO - Setting next_dagrun for sodai_training_and_scoring to 2025-11-09 00:00:00+00:00, run_after=2025-11-16 00:00:00+00:00
[2025-11-18T05:37:19.085+0000] {processor.py:183} INFO - Processing /opt/airflow/dags/sodai_pipeline_dag.py took 0.928 seconds
[2025-11-18T05:37:49.413+0000] {processor.py:161} INFO - Started process (PID=681) to work on /opt/airflow/dags/sodai_pipeline_dag.py
[2025-11-18T05:37:49.415+0000] {processor.py:830} INFO - Processing file /opt/airflow/dags/sodai_pipeline_dag.py for tasks to queue
[2025-11-18T05:37:49.416+0000] {logging_mixin.py:188} INFO - [2025-11-18T05:37:49.416+0000] {dagbag.py:540} INFO - Filling up the DagBag from /opt/airflow/dags/sodai_pipeline_dag.py
[2025-11-18T05:37:49.775+0000] {logging_mixin.py:188} INFO - [2025-11-18T05:37:49.769+0000] {dagbag.py:350} ERROR - Failed to import: /opt/airflow/dags/sodai_pipeline_dag.py
Traceback (most recent call last):
  File "/home/airflow/.local/lib/python3.12/site-packages/airflow/models/dagbag.py", line 346, in parse
    loader.exec_module(new_module)
  File "<frozen importlib._bootstrap_external>", line 995, in exec_module
  File "<frozen importlib._bootstrap>", line 488, in _call_with_frames_removed
  File "/opt/airflow/dags/sodai_pipeline_dag.py", line 8, in <module>
    from sodai import data_io, features, train, evaluate, drift, predict
  File "/opt/airflow/dags/sodai/data_io.py", line 5, in <module>
    from .config import (
ImportError: cannot import name 'CLIENTES_PATH' from 'sodai.config' (/opt/airflow/dags/sodai/config.py)
[2025-11-18T05:37:49.777+0000] {processor.py:842} WARNING - No viable dags retrieved from /opt/airflow/dags/sodai_pipeline_dag.py
[2025-11-18T05:37:49.785+0000] {processor.py:183} INFO - Processing /opt/airflow/dags/sodai_pipeline_dag.py took 0.377 seconds
[2025-11-18T05:38:20.261+0000] {processor.py:161} INFO - Started process (PID=722) to work on /opt/airflow/dags/sodai_pipeline_dag.py
[2025-11-18T05:38:20.262+0000] {processor.py:830} INFO - Processing file /opt/airflow/dags/sodai_pipeline_dag.py for tasks to queue
[2025-11-18T05:38:20.263+0000] {logging_mixin.py:188} INFO - [2025-11-18T05:38:20.263+0000] {dagbag.py:540} INFO - Filling up the DagBag from /opt/airflow/dags/sodai_pipeline_dag.py
[2025-11-18T05:38:20.639+0000] {logging_mixin.py:188} INFO - [2025-11-18T05:38:20.633+0000] {dagbag.py:350} ERROR - Failed to import: /opt/airflow/dags/sodai_pipeline_dag.py
Traceback (most recent call last):
  File "/home/airflow/.local/lib/python3.12/site-packages/airflow/models/dagbag.py", line 346, in parse
    loader.exec_module(new_module)
  File "<frozen importlib._bootstrap_external>", line 995, in exec_module
  File "<frozen importlib._bootstrap>", line 488, in _call_with_frames_removed
  File "/opt/airflow/dags/sodai_pipeline_dag.py", line 8, in <module>
    from sodai import data_io, features, train, evaluate, drift, predict
  File "/opt/airflow/dags/sodai/data_io.py", line 5, in <module>
    from .config import (
ImportError: cannot import name 'CLIENTES_PATH' from 'sodai.config' (/opt/airflow/dags/sodai/config.py)
[2025-11-18T05:38:20.640+0000] {processor.py:842} WARNING - No viable dags retrieved from /opt/airflow/dags/sodai_pipeline_dag.py
[2025-11-18T05:38:20.646+0000] {processor.py:183} INFO - Processing /opt/airflow/dags/sodai_pipeline_dag.py took 0.389 seconds
[2025-11-18T05:38:50.724+0000] {processor.py:161} INFO - Started process (PID=743) to work on /opt/airflow/dags/sodai_pipeline_dag.py
[2025-11-18T05:38:50.731+0000] {processor.py:830} INFO - Processing file /opt/airflow/dags/sodai_pipeline_dag.py for tasks to queue
[2025-11-18T05:38:50.733+0000] {logging_mixin.py:188} INFO - [2025-11-18T05:38:50.732+0000] {dagbag.py:540} INFO - Filling up the DagBag from /opt/airflow/dags/sodai_pipeline_dag.py
[2025-11-18T05:38:51.076+0000] {logging_mixin.py:188} INFO - [2025-11-18T05:38:51.070+0000] {dagbag.py:350} ERROR - Failed to import: /opt/airflow/dags/sodai_pipeline_dag.py
Traceback (most recent call last):
  File "/home/airflow/.local/lib/python3.12/site-packages/airflow/models/dagbag.py", line 346, in parse
    loader.exec_module(new_module)
  File "<frozen importlib._bootstrap_external>", line 995, in exec_module
  File "<frozen importlib._bootstrap>", line 488, in _call_with_frames_removed
  File "/opt/airflow/dags/sodai_pipeline_dag.py", line 8, in <module>
    from sodai import data_io, features, train, evaluate, drift, predict
  File "/opt/airflow/dags/sodai/data_io.py", line 5, in <module>
    from .config import (
ImportError: cannot import name 'CLIENTES_PATH' from 'sodai.config' (/opt/airflow/dags/sodai/config.py)
[2025-11-18T05:38:51.078+0000] {processor.py:842} WARNING - No viable dags retrieved from /opt/airflow/dags/sodai_pipeline_dag.py
[2025-11-18T05:38:51.083+0000] {processor.py:183} INFO - Processing /opt/airflow/dags/sodai_pipeline_dag.py took 0.363 seconds
[2025-11-18T05:39:21.460+0000] {processor.py:161} INFO - Started process (PID=764) to work on /opt/airflow/dags/sodai_pipeline_dag.py
[2025-11-18T05:39:21.461+0000] {processor.py:830} INFO - Processing file /opt/airflow/dags/sodai_pipeline_dag.py for tasks to queue
[2025-11-18T05:39:21.461+0000] {logging_mixin.py:188} INFO - [2025-11-18T05:39:21.461+0000] {dagbag.py:540} INFO - Filling up the DagBag from /opt/airflow/dags/sodai_pipeline_dag.py
[2025-11-18T05:39:21.846+0000] {logging_mixin.py:188} INFO - [2025-11-18T05:39:21.842+0000] {dagbag.py:350} ERROR - Failed to import: /opt/airflow/dags/sodai_pipeline_dag.py
Traceback (most recent call last):
  File "/home/airflow/.local/lib/python3.12/site-packages/airflow/models/dagbag.py", line 346, in parse
    loader.exec_module(new_module)
  File "<frozen importlib._bootstrap_external>", line 995, in exec_module
  File "<frozen importlib._bootstrap>", line 488, in _call_with_frames_removed
  File "/opt/airflow/dags/sodai_pipeline_dag.py", line 8, in <module>
    from sodai import data_io, features, train, evaluate, drift, predict
  File "/opt/airflow/dags/sodai/data_io.py", line 5, in <module>
    from .config import (
ImportError: cannot import name 'CLIENTES_PATH' from 'sodai.config' (/opt/airflow/dags/sodai/config.py)
[2025-11-18T05:39:21.848+0000] {processor.py:842} WARNING - No viable dags retrieved from /opt/airflow/dags/sodai_pipeline_dag.py
[2025-11-18T05:39:21.853+0000] {processor.py:183} INFO - Processing /opt/airflow/dags/sodai_pipeline_dag.py took 0.398 seconds
[2025-11-18T05:39:52.031+0000] {processor.py:161} INFO - Started process (PID=785) to work on /opt/airflow/dags/sodai_pipeline_dag.py
[2025-11-18T05:39:52.032+0000] {processor.py:830} INFO - Processing file /opt/airflow/dags/sodai_pipeline_dag.py for tasks to queue
[2025-11-18T05:39:52.032+0000] {logging_mixin.py:188} INFO - [2025-11-18T05:39:52.032+0000] {dagbag.py:540} INFO - Filling up the DagBag from /opt/airflow/dags/sodai_pipeline_dag.py
[2025-11-18T05:39:52.382+0000] {logging_mixin.py:188} INFO - [2025-11-18T05:39:52.378+0000] {dagbag.py:350} ERROR - Failed to import: /opt/airflow/dags/sodai_pipeline_dag.py
Traceback (most recent call last):
  File "/home/airflow/.local/lib/python3.12/site-packages/airflow/models/dagbag.py", line 346, in parse
    loader.exec_module(new_module)
  File "<frozen importlib._bootstrap_external>", line 995, in exec_module
  File "<frozen importlib._bootstrap>", line 488, in _call_with_frames_removed
  File "/opt/airflow/dags/sodai_pipeline_dag.py", line 8, in <module>
    from sodai import data_io, features, train, evaluate, drift, predict
  File "/opt/airflow/dags/sodai/data_io.py", line 5, in <module>
    from .config import (
ImportError: cannot import name 'CLIENTES_PATH' from 'sodai.config' (/opt/airflow/dags/sodai/config.py)
[2025-11-18T05:39:52.384+0000] {processor.py:842} WARNING - No viable dags retrieved from /opt/airflow/dags/sodai_pipeline_dag.py
[2025-11-18T05:39:52.389+0000] {processor.py:183} INFO - Processing /opt/airflow/dags/sodai_pipeline_dag.py took 0.363 seconds
[2025-11-18T05:40:22.654+0000] {processor.py:161} INFO - Started process (PID=806) to work on /opt/airflow/dags/sodai_pipeline_dag.py
[2025-11-18T05:40:22.655+0000] {processor.py:830} INFO - Processing file /opt/airflow/dags/sodai_pipeline_dag.py for tasks to queue
[2025-11-18T05:40:22.656+0000] {logging_mixin.py:188} INFO - [2025-11-18T05:40:22.656+0000] {dagbag.py:540} INFO - Filling up the DagBag from /opt/airflow/dags/sodai_pipeline_dag.py
[2025-11-18T05:40:22.998+0000] {logging_mixin.py:188} INFO - [2025-11-18T05:40:22.994+0000] {dagbag.py:350} ERROR - Failed to import: /opt/airflow/dags/sodai_pipeline_dag.py
Traceback (most recent call last):
  File "/home/airflow/.local/lib/python3.12/site-packages/airflow/models/dagbag.py", line 346, in parse
    loader.exec_module(new_module)
  File "<frozen importlib._bootstrap_external>", line 995, in exec_module
  File "<frozen importlib._bootstrap>", line 488, in _call_with_frames_removed
  File "/opt/airflow/dags/sodai_pipeline_dag.py", line 8, in <module>
    from sodai import data_io, features, train, evaluate, drift, predict
  File "/opt/airflow/dags/sodai/data_io.py", line 5, in <module>
    from .config import (
ImportError: cannot import name 'CLIENTES_PATH' from 'sodai.config' (/opt/airflow/dags/sodai/config.py)
[2025-11-18T05:40:23.000+0000] {processor.py:842} WARNING - No viable dags retrieved from /opt/airflow/dags/sodai_pipeline_dag.py
[2025-11-18T05:40:23.005+0000] {processor.py:183} INFO - Processing /opt/airflow/dags/sodai_pipeline_dag.py took 0.355 seconds
[2025-11-18T05:40:53.435+0000] {processor.py:161} INFO - Started process (PID=827) to work on /opt/airflow/dags/sodai_pipeline_dag.py
[2025-11-18T05:40:53.436+0000] {processor.py:830} INFO - Processing file /opt/airflow/dags/sodai_pipeline_dag.py for tasks to queue
[2025-11-18T05:40:53.437+0000] {logging_mixin.py:188} INFO - [2025-11-18T05:40:53.436+0000] {dagbag.py:540} INFO - Filling up the DagBag from /opt/airflow/dags/sodai_pipeline_dag.py
[2025-11-18T05:40:53.869+0000] {logging_mixin.py:188} INFO - [2025-11-18T05:40:53.853+0000] {dagbag.py:350} ERROR - Failed to import: /opt/airflow/dags/sodai_pipeline_dag.py
Traceback (most recent call last):
  File "/home/airflow/.local/lib/python3.12/site-packages/airflow/models/dagbag.py", line 346, in parse
    loader.exec_module(new_module)
  File "<frozen importlib._bootstrap_external>", line 995, in exec_module
  File "<frozen importlib._bootstrap>", line 488, in _call_with_frames_removed
  File "/opt/airflow/dags/sodai_pipeline_dag.py", line 8, in <module>
    from sodai import data_io, features, train, evaluate, drift, predict
  File "/opt/airflow/dags/sodai/data_io.py", line 5, in <module>
    from .config import (
ImportError: cannot import name 'CLIENTES_PATH' from 'sodai.config' (/opt/airflow/dags/sodai/config.py)
[2025-11-18T05:40:53.871+0000] {processor.py:842} WARNING - No viable dags retrieved from /opt/airflow/dags/sodai_pipeline_dag.py
[2025-11-18T05:40:53.877+0000] {processor.py:183} INFO - Processing /opt/airflow/dags/sodai_pipeline_dag.py took 0.447 seconds
[2025-11-18T05:41:24.315+0000] {processor.py:161} INFO - Started process (PID=848) to work on /opt/airflow/dags/sodai_pipeline_dag.py
[2025-11-18T05:41:24.316+0000] {processor.py:830} INFO - Processing file /opt/airflow/dags/sodai_pipeline_dag.py for tasks to queue
[2025-11-18T05:41:24.317+0000] {logging_mixin.py:188} INFO - [2025-11-18T05:41:24.317+0000] {dagbag.py:540} INFO - Filling up the DagBag from /opt/airflow/dags/sodai_pipeline_dag.py
[2025-11-18T05:41:24.814+0000] {logging_mixin.py:188} INFO - [2025-11-18T05:41:24.810+0000] {dagbag.py:350} ERROR - Failed to import: /opt/airflow/dags/sodai_pipeline_dag.py
Traceback (most recent call last):
  File "/home/airflow/.local/lib/python3.12/site-packages/airflow/models/dagbag.py", line 346, in parse
    loader.exec_module(new_module)
  File "<frozen importlib._bootstrap_external>", line 995, in exec_module
  File "<frozen importlib._bootstrap>", line 488, in _call_with_frames_removed
  File "/opt/airflow/dags/sodai_pipeline_dag.py", line 8, in <module>
    from sodai import data_io, features, train, evaluate, drift, predict
  File "/opt/airflow/dags/sodai/data_io.py", line 5, in <module>
    from .config import (
ImportError: cannot import name 'CLIENTES_PATH' from 'sodai.config' (/opt/airflow/dags/sodai/config.py)
[2025-11-18T05:41:24.815+0000] {processor.py:842} WARNING - No viable dags retrieved from /opt/airflow/dags/sodai_pipeline_dag.py
[2025-11-18T05:41:24.821+0000] {processor.py:183} INFO - Processing /opt/airflow/dags/sodai_pipeline_dag.py took 0.511 seconds
[2025-11-18T05:41:55.320+0000] {processor.py:161} INFO - Started process (PID=869) to work on /opt/airflow/dags/sodai_pipeline_dag.py
[2025-11-18T05:41:55.321+0000] {processor.py:830} INFO - Processing file /opt/airflow/dags/sodai_pipeline_dag.py for tasks to queue
[2025-11-18T05:41:55.322+0000] {logging_mixin.py:188} INFO - [2025-11-18T05:41:55.322+0000] {dagbag.py:540} INFO - Filling up the DagBag from /opt/airflow/dags/sodai_pipeline_dag.py
[2025-11-18T05:41:55.693+0000] {logging_mixin.py:188} INFO - [2025-11-18T05:41:55.689+0000] {dagbag.py:350} ERROR - Failed to import: /opt/airflow/dags/sodai_pipeline_dag.py
Traceback (most recent call last):
  File "/home/airflow/.local/lib/python3.12/site-packages/airflow/models/dagbag.py", line 346, in parse
    loader.exec_module(new_module)
  File "<frozen importlib._bootstrap_external>", line 995, in exec_module
  File "<frozen importlib._bootstrap>", line 488, in _call_with_frames_removed
  File "/opt/airflow/dags/sodai_pipeline_dag.py", line 8, in <module>
    from sodai import data_io, features, train, evaluate, drift, predict
  File "/opt/airflow/dags/sodai/data_io.py", line 5, in <module>
    from .config import (
ImportError: cannot import name 'CLIENTES_PATH' from 'sodai.config' (/opt/airflow/dags/sodai/config.py)
[2025-11-18T05:41:55.695+0000] {processor.py:842} WARNING - No viable dags retrieved from /opt/airflow/dags/sodai_pipeline_dag.py
[2025-11-18T05:41:55.701+0000] {processor.py:183} INFO - Processing /opt/airflow/dags/sodai_pipeline_dag.py took 0.385 seconds
[2025-11-18T05:42:26.765+0000] {processor.py:161} INFO - Started process (PID=880) to work on /opt/airflow/dags/sodai_pipeline_dag.py
[2025-11-18T05:42:26.766+0000] {processor.py:830} INFO - Processing file /opt/airflow/dags/sodai_pipeline_dag.py for tasks to queue
[2025-11-18T05:42:26.767+0000] {logging_mixin.py:188} INFO - [2025-11-18T05:42:26.767+0000] {dagbag.py:540} INFO - Filling up the DagBag from /opt/airflow/dags/sodai_pipeline_dag.py
[2025-11-18T05:42:27.212+0000] {logging_mixin.py:188} INFO - [2025-11-18T05:42:27.168+0000] {dagbag.py:350} ERROR - Failed to import: /opt/airflow/dags/sodai_pipeline_dag.py
Traceback (most recent call last):
  File "/home/airflow/.local/lib/python3.12/site-packages/airflow/models/dagbag.py", line 346, in parse
    loader.exec_module(new_module)
  File "<frozen importlib._bootstrap_external>", line 995, in exec_module
  File "<frozen importlib._bootstrap>", line 488, in _call_with_frames_removed
  File "/opt/airflow/dags/sodai_pipeline_dag.py", line 8, in <module>
    from sodai import data_io, features, train, evaluate, drift, predict
  File "/opt/airflow/dags/sodai/data_io.py", line 5, in <module>
    from .config import (
ImportError: cannot import name 'CLIENTES_PATH' from 'sodai.config' (/opt/airflow/dags/sodai/config.py)
[2025-11-18T05:42:27.218+0000] {processor.py:842} WARNING - No viable dags retrieved from /opt/airflow/dags/sodai_pipeline_dag.py
[2025-11-18T05:42:27.225+0000] {processor.py:183} INFO - Processing /opt/airflow/dags/sodai_pipeline_dag.py took 0.465 seconds
[2025-11-18T05:42:58.120+0000] {processor.py:161} INFO - Started process (PID=891) to work on /opt/airflow/dags/sodai_pipeline_dag.py
[2025-11-18T05:42:58.121+0000] {processor.py:830} INFO - Processing file /opt/airflow/dags/sodai_pipeline_dag.py for tasks to queue
[2025-11-18T05:42:58.121+0000] {logging_mixin.py:188} INFO - [2025-11-18T05:42:58.121+0000] {dagbag.py:540} INFO - Filling up the DagBag from /opt/airflow/dags/sodai_pipeline_dag.py
[2025-11-18T05:42:58.501+0000] {logging_mixin.py:188} INFO - [2025-11-18T05:42:58.497+0000] {dagbag.py:350} ERROR - Failed to import: /opt/airflow/dags/sodai_pipeline_dag.py
Traceback (most recent call last):
  File "/home/airflow/.local/lib/python3.12/site-packages/airflow/models/dagbag.py", line 346, in parse
    loader.exec_module(new_module)
  File "<frozen importlib._bootstrap_external>", line 995, in exec_module
  File "<frozen importlib._bootstrap>", line 488, in _call_with_frames_removed
  File "/opt/airflow/dags/sodai_pipeline_dag.py", line 8, in <module>
    from sodai import data_io, features, train, evaluate, drift, predict
  File "/opt/airflow/dags/sodai/data_io.py", line 5, in <module>
    from .config import (
ImportError: cannot import name 'CLIENTES_PATH' from 'sodai.config' (/opt/airflow/dags/sodai/config.py)
[2025-11-18T05:42:58.502+0000] {processor.py:842} WARNING - No viable dags retrieved from /opt/airflow/dags/sodai_pipeline_dag.py
[2025-11-18T05:42:58.506+0000] {processor.py:183} INFO - Processing /opt/airflow/dags/sodai_pipeline_dag.py took 0.391 seconds
[2025-11-18T05:43:29.491+0000] {processor.py:161} INFO - Started process (PID=902) to work on /opt/airflow/dags/sodai_pipeline_dag.py
[2025-11-18T05:43:29.492+0000] {processor.py:830} INFO - Processing file /opt/airflow/dags/sodai_pipeline_dag.py for tasks to queue
[2025-11-18T05:43:29.493+0000] {logging_mixin.py:188} INFO - [2025-11-18T05:43:29.492+0000] {dagbag.py:540} INFO - Filling up the DagBag from /opt/airflow/dags/sodai_pipeline_dag.py
[2025-11-18T05:43:29.823+0000] {logging_mixin.py:188} INFO - [2025-11-18T05:43:29.820+0000] {dagbag.py:350} ERROR - Failed to import: /opt/airflow/dags/sodai_pipeline_dag.py
Traceback (most recent call last):
  File "/home/airflow/.local/lib/python3.12/site-packages/airflow/models/dagbag.py", line 346, in parse
    loader.exec_module(new_module)
  File "<frozen importlib._bootstrap_external>", line 995, in exec_module
  File "<frozen importlib._bootstrap>", line 488, in _call_with_frames_removed
  File "/opt/airflow/dags/sodai_pipeline_dag.py", line 8, in <module>
    from sodai import data_io, features, train, evaluate, drift, predict
  File "/opt/airflow/dags/sodai/data_io.py", line 5, in <module>
    from .config import (
ImportError: cannot import name 'CLIENTES_PATH' from 'sodai.config' (/opt/airflow/dags/sodai/config.py)
[2025-11-18T05:43:29.824+0000] {processor.py:842} WARNING - No viable dags retrieved from /opt/airflow/dags/sodai_pipeline_dag.py
[2025-11-18T05:43:29.829+0000] {processor.py:183} INFO - Processing /opt/airflow/dags/sodai_pipeline_dag.py took 0.341 seconds
[2025-11-18T05:43:59.932+0000] {processor.py:161} INFO - Started process (PID=913) to work on /opt/airflow/dags/sodai_pipeline_dag.py
[2025-11-18T05:43:59.933+0000] {processor.py:830} INFO - Processing file /opt/airflow/dags/sodai_pipeline_dag.py for tasks to queue
[2025-11-18T05:43:59.934+0000] {logging_mixin.py:188} INFO - [2025-11-18T05:43:59.934+0000] {dagbag.py:540} INFO - Filling up the DagBag from /opt/airflow/dags/sodai_pipeline_dag.py
[2025-11-18T05:44:00.324+0000] {logging_mixin.py:188} INFO - [2025-11-18T05:44:00.321+0000] {dagbag.py:350} ERROR - Failed to import: /opt/airflow/dags/sodai_pipeline_dag.py
Traceback (most recent call last):
  File "/home/airflow/.local/lib/python3.12/site-packages/airflow/models/dagbag.py", line 346, in parse
    loader.exec_module(new_module)
  File "<frozen importlib._bootstrap_external>", line 995, in exec_module
  File "<frozen importlib._bootstrap>", line 488, in _call_with_frames_removed
  File "/opt/airflow/dags/sodai_pipeline_dag.py", line 8, in <module>
    from sodai import data_io, features, train, evaluate, drift, predict
  File "/opt/airflow/dags/sodai/data_io.py", line 5, in <module>
    from .config import (
ImportError: cannot import name 'CLIENTES_PATH' from 'sodai.config' (/opt/airflow/dags/sodai/config.py)
[2025-11-18T05:44:00.326+0000] {processor.py:842} WARNING - No viable dags retrieved from /opt/airflow/dags/sodai_pipeline_dag.py
[2025-11-18T05:44:00.331+0000] {processor.py:183} INFO - Processing /opt/airflow/dags/sodai_pipeline_dag.py took 0.403 seconds
[2025-11-18T05:44:30.376+0000] {processor.py:161} INFO - Started process (PID=924) to work on /opt/airflow/dags/sodai_pipeline_dag.py
[2025-11-18T05:44:30.377+0000] {processor.py:830} INFO - Processing file /opt/airflow/dags/sodai_pipeline_dag.py for tasks to queue
[2025-11-18T05:44:30.378+0000] {logging_mixin.py:188} INFO - [2025-11-18T05:44:30.377+0000] {dagbag.py:540} INFO - Filling up the DagBag from /opt/airflow/dags/sodai_pipeline_dag.py
[2025-11-18T05:44:30.744+0000] {logging_mixin.py:188} INFO - [2025-11-18T05:44:30.735+0000] {dagbag.py:350} ERROR - Failed to import: /opt/airflow/dags/sodai_pipeline_dag.py
Traceback (most recent call last):
  File "/home/airflow/.local/lib/python3.12/site-packages/airflow/models/dagbag.py", line 346, in parse
    loader.exec_module(new_module)
  File "<frozen importlib._bootstrap_external>", line 995, in exec_module
  File "<frozen importlib._bootstrap>", line 488, in _call_with_frames_removed
  File "/opt/airflow/dags/sodai_pipeline_dag.py", line 8, in <module>
    from sodai import data_io, features, train, evaluate, drift, predict
  File "/opt/airflow/dags/sodai/data_io.py", line 5, in <module>
    from .config import (
ImportError: cannot import name 'CLIENTES_PATH' from 'sodai.config' (/opt/airflow/dags/sodai/config.py)
[2025-11-18T05:44:30.748+0000] {processor.py:842} WARNING - No viable dags retrieved from /opt/airflow/dags/sodai_pipeline_dag.py
[2025-11-18T05:44:30.755+0000] {processor.py:183} INFO - Processing /opt/airflow/dags/sodai_pipeline_dag.py took 0.383 seconds
[2025-11-18T05:45:00.862+0000] {processor.py:161} INFO - Started process (PID=935) to work on /opt/airflow/dags/sodai_pipeline_dag.py
[2025-11-18T05:45:00.863+0000] {processor.py:830} INFO - Processing file /opt/airflow/dags/sodai_pipeline_dag.py for tasks to queue
[2025-11-18T05:45:00.864+0000] {logging_mixin.py:188} INFO - [2025-11-18T05:45:00.864+0000] {dagbag.py:540} INFO - Filling up the DagBag from /opt/airflow/dags/sodai_pipeline_dag.py
[2025-11-18T05:45:01.333+0000] {logging_mixin.py:188} INFO - [2025-11-18T05:45:01.305+0000] {dagbag.py:350} ERROR - Failed to import: /opt/airflow/dags/sodai_pipeline_dag.py
Traceback (most recent call last):
  File "/home/airflow/.local/lib/python3.12/site-packages/airflow/models/dagbag.py", line 346, in parse
    loader.exec_module(new_module)
  File "<frozen importlib._bootstrap_external>", line 995, in exec_module
  File "<frozen importlib._bootstrap>", line 488, in _call_with_frames_removed
  File "/opt/airflow/dags/sodai_pipeline_dag.py", line 8, in <module>
    from sodai import data_io, features, train, evaluate, drift, predict
  File "/opt/airflow/dags/sodai/data_io.py", line 5, in <module>
    from .config import (
ImportError: cannot import name 'CLIENTES_PATH' from 'sodai.config' (/opt/airflow/dags/sodai/config.py)
[2025-11-18T05:45:01.343+0000] {processor.py:842} WARNING - No viable dags retrieved from /opt/airflow/dags/sodai_pipeline_dag.py
[2025-11-18T05:45:01.350+0000] {processor.py:183} INFO - Processing /opt/airflow/dags/sodai_pipeline_dag.py took 0.493 seconds
[2025-11-18T05:45:31.432+0000] {processor.py:161} INFO - Started process (PID=946) to work on /opt/airflow/dags/sodai_pipeline_dag.py
[2025-11-18T05:45:31.432+0000] {processor.py:830} INFO - Processing file /opt/airflow/dags/sodai_pipeline_dag.py for tasks to queue
[2025-11-18T05:45:31.433+0000] {logging_mixin.py:188} INFO - [2025-11-18T05:45:31.433+0000] {dagbag.py:540} INFO - Filling up the DagBag from /opt/airflow/dags/sodai_pipeline_dag.py
[2025-11-18T05:45:31.829+0000] {logging_mixin.py:188} INFO - [2025-11-18T05:45:31.812+0000] {dagbag.py:350} ERROR - Failed to import: /opt/airflow/dags/sodai_pipeline_dag.py
Traceback (most recent call last):
  File "/home/airflow/.local/lib/python3.12/site-packages/airflow/models/dagbag.py", line 346, in parse
    loader.exec_module(new_module)
  File "<frozen importlib._bootstrap_external>", line 995, in exec_module
  File "<frozen importlib._bootstrap>", line 488, in _call_with_frames_removed
  File "/opt/airflow/dags/sodai_pipeline_dag.py", line 8, in <module>
    from sodai import data_io, features, train, evaluate, drift, predict
  File "/opt/airflow/dags/sodai/data_io.py", line 5, in <module>
    from .config import (
ImportError: cannot import name 'CLIENTES_PATH' from 'sodai.config' (/opt/airflow/dags/sodai/config.py)
[2025-11-18T05:45:31.832+0000] {processor.py:842} WARNING - No viable dags retrieved from /opt/airflow/dags/sodai_pipeline_dag.py
[2025-11-18T05:45:31.837+0000] {processor.py:183} INFO - Processing /opt/airflow/dags/sodai_pipeline_dag.py took 0.410 seconds
[2025-11-18T05:46:02.801+0000] {processor.py:161} INFO - Started process (PID=957) to work on /opt/airflow/dags/sodai_pipeline_dag.py
[2025-11-18T05:46:02.802+0000] {processor.py:830} INFO - Processing file /opt/airflow/dags/sodai_pipeline_dag.py for tasks to queue
[2025-11-18T05:46:02.802+0000] {logging_mixin.py:188} INFO - [2025-11-18T05:46:02.802+0000] {dagbag.py:540} INFO - Filling up the DagBag from /opt/airflow/dags/sodai_pipeline_dag.py
[2025-11-18T05:46:03.132+0000] {logging_mixin.py:188} INFO - [2025-11-18T05:46:03.127+0000] {dagbag.py:350} ERROR - Failed to import: /opt/airflow/dags/sodai_pipeline_dag.py
Traceback (most recent call last):
  File "/home/airflow/.local/lib/python3.12/site-packages/airflow/models/dagbag.py", line 346, in parse
    loader.exec_module(new_module)
  File "<frozen importlib._bootstrap_external>", line 995, in exec_module
  File "<frozen importlib._bootstrap>", line 488, in _call_with_frames_removed
  File "/opt/airflow/dags/sodai_pipeline_dag.py", line 8, in <module>
    from sodai import data_io, features, train, evaluate, drift, predict
  File "/opt/airflow/dags/sodai/data_io.py", line 5, in <module>
    from .config import (
ImportError: cannot import name 'CLIENTES_PATH' from 'sodai.config' (/opt/airflow/dags/sodai/config.py)
[2025-11-18T05:46:03.134+0000] {processor.py:842} WARNING - No viable dags retrieved from /opt/airflow/dags/sodai_pipeline_dag.py
[2025-11-18T05:46:03.139+0000] {processor.py:183} INFO - Processing /opt/airflow/dags/sodai_pipeline_dag.py took 0.342 seconds
[2025-11-18T05:46:33.206+0000] {processor.py:161} INFO - Started process (PID=968) to work on /opt/airflow/dags/sodai_pipeline_dag.py
[2025-11-18T05:46:33.207+0000] {processor.py:830} INFO - Processing file /opt/airflow/dags/sodai_pipeline_dag.py for tasks to queue
[2025-11-18T05:46:33.208+0000] {logging_mixin.py:188} INFO - [2025-11-18T05:46:33.208+0000] {dagbag.py:540} INFO - Filling up the DagBag from /opt/airflow/dags/sodai_pipeline_dag.py
[2025-11-18T05:46:33.544+0000] {logging_mixin.py:188} INFO - [2025-11-18T05:46:33.539+0000] {dagbag.py:350} ERROR - Failed to import: /opt/airflow/dags/sodai_pipeline_dag.py
Traceback (most recent call last):
  File "/home/airflow/.local/lib/python3.12/site-packages/airflow/models/dagbag.py", line 346, in parse
    loader.exec_module(new_module)
  File "<frozen importlib._bootstrap_external>", line 995, in exec_module
  File "<frozen importlib._bootstrap>", line 488, in _call_with_frames_removed
  File "/opt/airflow/dags/sodai_pipeline_dag.py", line 8, in <module>
    from sodai import data_io, features, train, evaluate, drift, predict
  File "/opt/airflow/dags/sodai/data_io.py", line 5, in <module>
    from .config import (
ImportError: cannot import name 'CLIENTES_PATH' from 'sodai.config' (/opt/airflow/dags/sodai/config.py)
[2025-11-18T05:46:33.546+0000] {processor.py:842} WARNING - No viable dags retrieved from /opt/airflow/dags/sodai_pipeline_dag.py
[2025-11-18T05:46:33.551+0000] {processor.py:183} INFO - Processing /opt/airflow/dags/sodai_pipeline_dag.py took 0.349 seconds
[2025-11-18T05:47:04.824+0000] {processor.py:161} INFO - Started process (PID=979) to work on /opt/airflow/dags/sodai_pipeline_dag.py
[2025-11-18T05:47:04.825+0000] {processor.py:830} INFO - Processing file /opt/airflow/dags/sodai_pipeline_dag.py for tasks to queue
[2025-11-18T05:47:04.825+0000] {logging_mixin.py:188} INFO - [2025-11-18T05:47:04.825+0000] {dagbag.py:540} INFO - Filling up the DagBag from /opt/airflow/dags/sodai_pipeline_dag.py
[2025-11-18T05:47:05.191+0000] {logging_mixin.py:188} INFO - [2025-11-18T05:47:05.182+0000] {dagbag.py:350} ERROR - Failed to import: /opt/airflow/dags/sodai_pipeline_dag.py
Traceback (most recent call last):
  File "/home/airflow/.local/lib/python3.12/site-packages/airflow/models/dagbag.py", line 346, in parse
    loader.exec_module(new_module)
  File "<frozen importlib._bootstrap_external>", line 995, in exec_module
  File "<frozen importlib._bootstrap>", line 488, in _call_with_frames_removed
  File "/opt/airflow/dags/sodai_pipeline_dag.py", line 8, in <module>
    from sodai import data_io, features, train, evaluate, drift, predict
  File "/opt/airflow/dags/sodai/data_io.py", line 5, in <module>
    from .config import (
ImportError: cannot import name 'CLIENTES_PATH' from 'sodai.config' (/opt/airflow/dags/sodai/config.py)
[2025-11-18T05:47:05.195+0000] {processor.py:842} WARNING - No viable dags retrieved from /opt/airflow/dags/sodai_pipeline_dag.py
[2025-11-18T05:47:05.200+0000] {processor.py:183} INFO - Processing /opt/airflow/dags/sodai_pipeline_dag.py took 0.381 seconds
[2025-11-18T05:47:35.250+0000] {processor.py:161} INFO - Started process (PID=990) to work on /opt/airflow/dags/sodai_pipeline_dag.py
[2025-11-18T05:47:35.251+0000] {processor.py:830} INFO - Processing file /opt/airflow/dags/sodai_pipeline_dag.py for tasks to queue
[2025-11-18T05:47:35.252+0000] {logging_mixin.py:188} INFO - [2025-11-18T05:47:35.252+0000] {dagbag.py:540} INFO - Filling up the DagBag from /opt/airflow/dags/sodai_pipeline_dag.py
[2025-11-18T05:47:35.608+0000] {logging_mixin.py:188} INFO - [2025-11-18T05:47:35.605+0000] {dagbag.py:350} ERROR - Failed to import: /opt/airflow/dags/sodai_pipeline_dag.py
Traceback (most recent call last):
  File "/home/airflow/.local/lib/python3.12/site-packages/airflow/models/dagbag.py", line 346, in parse
    loader.exec_module(new_module)
  File "<frozen importlib._bootstrap_external>", line 995, in exec_module
  File "<frozen importlib._bootstrap>", line 488, in _call_with_frames_removed
  File "/opt/airflow/dags/sodai_pipeline_dag.py", line 8, in <module>
    from sodai import data_io, features, train, evaluate, drift, predict
  File "/opt/airflow/dags/sodai/data_io.py", line 5, in <module>
    from .config import (
ImportError: cannot import name 'CLIENTES_PATH' from 'sodai.config' (/opt/airflow/dags/sodai/config.py)
[2025-11-18T05:47:35.610+0000] {processor.py:842} WARNING - No viable dags retrieved from /opt/airflow/dags/sodai_pipeline_dag.py
[2025-11-18T05:47:35.632+0000] {processor.py:183} INFO - Processing /opt/airflow/dags/sodai_pipeline_dag.py took 0.387 seconds
[2025-11-18T05:47:37.781+0000] {processor.py:161} INFO - Started process (PID=996) to work on /opt/airflow/dags/sodai_pipeline_dag.py
[2025-11-18T05:47:37.782+0000] {processor.py:830} INFO - Processing file /opt/airflow/dags/sodai_pipeline_dag.py for tasks to queue
[2025-11-18T05:47:37.783+0000] {logging_mixin.py:188} INFO - [2025-11-18T05:47:37.783+0000] {dagbag.py:540} INFO - Filling up the DagBag from /opt/airflow/dags/sodai_pipeline_dag.py
[2025-11-18T05:47:37.804+0000] {processor.py:840} INFO - DAG(s) 'sodai_training_and_scoring' retrieved from /opt/airflow/dags/sodai_pipeline_dag.py
[2025-11-18T05:47:37.910+0000] {logging_mixin.py:188} INFO - [2025-11-18T05:47:37.910+0000] {dag.py:3096} INFO - Sync 1 DAGs
[2025-11-18T05:47:37.924+0000] {logging_mixin.py:188} INFO - [2025-11-18T05:47:37.923+0000] {dag.py:3954} INFO - Setting next_dagrun for sodai_training_and_scoring to None, run_after=None
[2025-11-18T05:47:38.012+0000] {processor.py:183} INFO - Processing /opt/airflow/dags/sodai_pipeline_dag.py took 0.236 seconds
[2025-11-18T05:47:45.122+0000] {processor.py:161} INFO - Started process (PID=1001) to work on /opt/airflow/dags/sodai_pipeline_dag.py
[2025-11-18T05:47:45.122+0000] {processor.py:830} INFO - Processing file /opt/airflow/dags/sodai_pipeline_dag.py for tasks to queue
[2025-11-18T05:47:45.123+0000] {logging_mixin.py:188} INFO - [2025-11-18T05:47:45.123+0000] {dagbag.py:540} INFO - Filling up the DagBag from /opt/airflow/dags/sodai_pipeline_dag.py
[2025-11-18T05:47:45.140+0000] {processor.py:840} INFO - DAG(s) 'sodai_training_and_scoring' retrieved from /opt/airflow/dags/sodai_pipeline_dag.py
[2025-11-18T05:47:45.148+0000] {logging_mixin.py:188} INFO - [2025-11-18T05:47:45.148+0000] {dag.py:3096} INFO - Sync 1 DAGs
[2025-11-18T05:47:45.156+0000] {logging_mixin.py:188} INFO - [2025-11-18T05:47:45.156+0000] {dag.py:3954} INFO - Setting next_dagrun for sodai_training_and_scoring to None, run_after=None
[2025-11-18T05:47:45.171+0000] {processor.py:183} INFO - Processing /opt/airflow/dags/sodai_pipeline_dag.py took 0.053 seconds
[2025-11-18T05:47:55.216+0000] {processor.py:161} INFO - Started process (PID=1011) to work on /opt/airflow/dags/sodai_pipeline_dag.py
[2025-11-18T05:47:55.217+0000] {processor.py:830} INFO - Processing file /opt/airflow/dags/sodai_pipeline_dag.py for tasks to queue
[2025-11-18T05:47:55.218+0000] {logging_mixin.py:188} INFO - [2025-11-18T05:47:55.217+0000] {dagbag.py:540} INFO - Filling up the DagBag from /opt/airflow/dags/sodai_pipeline_dag.py
[2025-11-18T05:47:55.252+0000] {processor.py:840} INFO - DAG(s) 'sodai_training_and_scoring' retrieved from /opt/airflow/dags/sodai_pipeline_dag.py
[2025-11-18T05:47:55.262+0000] {logging_mixin.py:188} INFO - [2025-11-18T05:47:55.262+0000] {dag.py:3096} INFO - Sync 1 DAGs
[2025-11-18T05:47:55.273+0000] {logging_mixin.py:188} INFO - [2025-11-18T05:47:55.273+0000] {dag.py:3954} INFO - Setting next_dagrun for sodai_training_and_scoring to None, run_after=None
[2025-11-18T05:47:55.293+0000] {processor.py:183} INFO - Processing /opt/airflow/dags/sodai_pipeline_dag.py took 0.083 seconds
[2025-11-18T05:47:57.288+0000] {processor.py:161} INFO - Started process (PID=1016) to work on /opt/airflow/dags/sodai_pipeline_dag.py
[2025-11-18T05:47:57.289+0000] {processor.py:830} INFO - Processing file /opt/airflow/dags/sodai_pipeline_dag.py for tasks to queue
[2025-11-18T05:47:57.291+0000] {logging_mixin.py:188} INFO - [2025-11-18T05:47:57.291+0000] {dagbag.py:540} INFO - Filling up the DagBag from /opt/airflow/dags/sodai_pipeline_dag.py
[2025-11-18T05:47:57.326+0000] {processor.py:840} INFO - DAG(s) 'sodai_training_and_scoring' retrieved from /opt/airflow/dags/sodai_pipeline_dag.py
[2025-11-18T05:47:57.335+0000] {logging_mixin.py:188} INFO - [2025-11-18T05:47:57.335+0000] {dag.py:3096} INFO - Sync 1 DAGs
[2025-11-18T05:47:57.345+0000] {logging_mixin.py:188} INFO - [2025-11-18T05:47:57.344+0000] {dag.py:3954} INFO - Setting next_dagrun for sodai_training_and_scoring to None, run_after=None
[2025-11-18T05:47:57.366+0000] {processor.py:183} INFO - Processing /opt/airflow/dags/sodai_pipeline_dag.py took 0.083 seconds
[2025-11-18T05:47:58.440+0000] {processor.py:161} INFO - Started process (PID=1021) to work on /opt/airflow/dags/sodai_pipeline_dag.py
[2025-11-18T05:47:58.448+0000] {processor.py:830} INFO - Processing file /opt/airflow/dags/sodai_pipeline_dag.py for tasks to queue
[2025-11-18T05:47:58.449+0000] {logging_mixin.py:188} INFO - [2025-11-18T05:47:58.449+0000] {dagbag.py:540} INFO - Filling up the DagBag from /opt/airflow/dags/sodai_pipeline_dag.py
[2025-11-18T05:47:58.552+0000] {processor.py:840} INFO - DAG(s) 'sodai_training_and_scoring' retrieved from /opt/airflow/dags/sodai_pipeline_dag.py
[2025-11-18T05:47:58.562+0000] {logging_mixin.py:188} INFO - [2025-11-18T05:47:58.561+0000] {dag.py:3096} INFO - Sync 1 DAGs
[2025-11-18T05:47:58.571+0000] {logging_mixin.py:188} INFO - [2025-11-18T05:47:58.571+0000] {dag.py:3954} INFO - Setting next_dagrun for sodai_training_and_scoring to None, run_after=None
[2025-11-18T05:47:58.589+0000] {processor.py:183} INFO - Processing /opt/airflow/dags/sodai_pipeline_dag.py took 0.153 seconds
[2025-11-18T05:48:28.801+0000] {processor.py:161} INFO - Started process (PID=1031) to work on /opt/airflow/dags/sodai_pipeline_dag.py
[2025-11-18T05:48:28.802+0000] {processor.py:830} INFO - Processing file /opt/airflow/dags/sodai_pipeline_dag.py for tasks to queue
[2025-11-18T05:48:28.803+0000] {logging_mixin.py:188} INFO - [2025-11-18T05:48:28.802+0000] {dagbag.py:540} INFO - Filling up the DagBag from /opt/airflow/dags/sodai_pipeline_dag.py
[2025-11-18T05:48:28.815+0000] {processor.py:840} INFO - DAG(s) 'sodai_training_and_scoring' retrieved from /opt/airflow/dags/sodai_pipeline_dag.py
[2025-11-18T05:48:28.889+0000] {logging_mixin.py:188} INFO - [2025-11-18T05:48:28.889+0000] {dag.py:3096} INFO - Sync 1 DAGs
[2025-11-18T05:48:28.896+0000] {logging_mixin.py:188} INFO - [2025-11-18T05:48:28.896+0000] {dag.py:3954} INFO - Setting next_dagrun for sodai_training_and_scoring to None, run_after=None
[2025-11-18T05:48:28.909+0000] {processor.py:183} INFO - Processing /opt/airflow/dags/sodai_pipeline_dag.py took 0.112 seconds
[2025-11-18T05:48:59.321+0000] {processor.py:161} INFO - Started process (PID=1041) to work on /opt/airflow/dags/sodai_pipeline_dag.py
[2025-11-18T05:48:59.323+0000] {processor.py:830} INFO - Processing file /opt/airflow/dags/sodai_pipeline_dag.py for tasks to queue
[2025-11-18T05:48:59.325+0000] {logging_mixin.py:188} INFO - [2025-11-18T05:48:59.325+0000] {dagbag.py:540} INFO - Filling up the DagBag from /opt/airflow/dags/sodai_pipeline_dag.py
[2025-11-18T05:48:59.419+0000] {processor.py:840} INFO - DAG(s) 'sodai_training_and_scoring' retrieved from /opt/airflow/dags/sodai_pipeline_dag.py
[2025-11-18T05:48:59.441+0000] {logging_mixin.py:188} INFO - [2025-11-18T05:48:59.441+0000] {dag.py:3096} INFO - Sync 1 DAGs
[2025-11-18T05:48:59.454+0000] {logging_mixin.py:188} INFO - [2025-11-18T05:48:59.454+0000] {dag.py:3954} INFO - Setting next_dagrun for sodai_training_and_scoring to None, run_after=None
[2025-11-18T05:48:59.483+0000] {processor.py:183} INFO - Processing /opt/airflow/dags/sodai_pipeline_dag.py took 0.166 seconds
[2025-11-18T05:49:29.663+0000] {processor.py:161} INFO - Started process (PID=1051) to work on /opt/airflow/dags/sodai_pipeline_dag.py
[2025-11-18T05:49:29.664+0000] {processor.py:830} INFO - Processing file /opt/airflow/dags/sodai_pipeline_dag.py for tasks to queue
[2025-11-18T05:49:29.665+0000] {logging_mixin.py:188} INFO - [2025-11-18T05:49:29.665+0000] {dagbag.py:540} INFO - Filling up the DagBag from /opt/airflow/dags/sodai_pipeline_dag.py
[2025-11-18T05:49:29.676+0000] {processor.py:840} INFO - DAG(s) 'sodai_training_and_scoring' retrieved from /opt/airflow/dags/sodai_pipeline_dag.py
[2025-11-18T05:49:29.693+0000] {logging_mixin.py:188} INFO - [2025-11-18T05:49:29.693+0000] {dag.py:3096} INFO - Sync 1 DAGs
[2025-11-18T05:49:29.701+0000] {logging_mixin.py:188} INFO - [2025-11-18T05:49:29.701+0000] {dag.py:3954} INFO - Setting next_dagrun for sodai_training_and_scoring to None, run_after=None
[2025-11-18T05:49:29.713+0000] {processor.py:183} INFO - Processing /opt/airflow/dags/sodai_pipeline_dag.py took 0.054 seconds
[2025-11-18T05:50:00.043+0000] {processor.py:161} INFO - Started process (PID=1061) to work on /opt/airflow/dags/sodai_pipeline_dag.py
[2025-11-18T05:50:00.044+0000] {processor.py:830} INFO - Processing file /opt/airflow/dags/sodai_pipeline_dag.py for tasks to queue
[2025-11-18T05:50:00.045+0000] {logging_mixin.py:188} INFO - [2025-11-18T05:50:00.045+0000] {dagbag.py:540} INFO - Filling up the DagBag from /opt/airflow/dags/sodai_pipeline_dag.py
[2025-11-18T05:50:00.058+0000] {processor.py:840} INFO - DAG(s) 'sodai_training_and_scoring' retrieved from /opt/airflow/dags/sodai_pipeline_dag.py
[2025-11-18T05:50:00.076+0000] {logging_mixin.py:188} INFO - [2025-11-18T05:50:00.076+0000] {dag.py:3096} INFO - Sync 1 DAGs
[2025-11-18T05:50:00.085+0000] {logging_mixin.py:188} INFO - [2025-11-18T05:50:00.085+0000] {dag.py:3954} INFO - Setting next_dagrun for sodai_training_and_scoring to None, run_after=None
[2025-11-18T05:50:00.098+0000] {processor.py:183} INFO - Processing /opt/airflow/dags/sodai_pipeline_dag.py took 0.059 seconds
[2025-11-18T05:50:30.539+0000] {processor.py:161} INFO - Started process (PID=1071) to work on /opt/airflow/dags/sodai_pipeline_dag.py
[2025-11-18T05:50:30.540+0000] {processor.py:830} INFO - Processing file /opt/airflow/dags/sodai_pipeline_dag.py for tasks to queue
[2025-11-18T05:50:30.541+0000] {logging_mixin.py:188} INFO - [2025-11-18T05:50:30.540+0000] {dagbag.py:540} INFO - Filling up the DagBag from /opt/airflow/dags/sodai_pipeline_dag.py
[2025-11-18T05:50:30.550+0000] {processor.py:840} INFO - DAG(s) 'sodai_training_and_scoring' retrieved from /opt/airflow/dags/sodai_pipeline_dag.py
[2025-11-18T05:50:30.569+0000] {logging_mixin.py:188} INFO - [2025-11-18T05:50:30.569+0000] {dag.py:3096} INFO - Sync 1 DAGs
[2025-11-18T05:50:30.579+0000] {logging_mixin.py:188} INFO - [2025-11-18T05:50:30.579+0000] {dag.py:3954} INFO - Setting next_dagrun for sodai_training_and_scoring to None, run_after=None
[2025-11-18T05:50:30.590+0000] {processor.py:183} INFO - Processing /opt/airflow/dags/sodai_pipeline_dag.py took 0.055 seconds
[2025-11-18T05:51:00.902+0000] {processor.py:161} INFO - Started process (PID=1081) to work on /opt/airflow/dags/sodai_pipeline_dag.py
[2025-11-18T05:51:00.902+0000] {processor.py:830} INFO - Processing file /opt/airflow/dags/sodai_pipeline_dag.py for tasks to queue
[2025-11-18T05:51:00.903+0000] {logging_mixin.py:188} INFO - [2025-11-18T05:51:00.903+0000] {dagbag.py:540} INFO - Filling up the DagBag from /opt/airflow/dags/sodai_pipeline_dag.py
[2025-11-18T05:51:00.914+0000] {processor.py:840} INFO - DAG(s) 'sodai_training_and_scoring' retrieved from /opt/airflow/dags/sodai_pipeline_dag.py
[2025-11-18T05:51:00.933+0000] {logging_mixin.py:188} INFO - [2025-11-18T05:51:00.933+0000] {dag.py:3096} INFO - Sync 1 DAGs
[2025-11-18T05:51:00.943+0000] {logging_mixin.py:188} INFO - [2025-11-18T05:51:00.943+0000] {dag.py:3954} INFO - Setting next_dagrun for sodai_training_and_scoring to None, run_after=None
[2025-11-18T05:51:00.956+0000] {processor.py:183} INFO - Processing /opt/airflow/dags/sodai_pipeline_dag.py took 0.058 seconds
[2025-11-18T05:51:31.310+0000] {processor.py:161} INFO - Started process (PID=1091) to work on /opt/airflow/dags/sodai_pipeline_dag.py
[2025-11-18T05:51:31.311+0000] {processor.py:830} INFO - Processing file /opt/airflow/dags/sodai_pipeline_dag.py for tasks to queue
[2025-11-18T05:51:31.311+0000] {logging_mixin.py:188} INFO - [2025-11-18T05:51:31.311+0000] {dagbag.py:540} INFO - Filling up the DagBag from /opt/airflow/dags/sodai_pipeline_dag.py
[2025-11-18T05:51:31.325+0000] {processor.py:840} INFO - DAG(s) 'sodai_training_and_scoring' retrieved from /opt/airflow/dags/sodai_pipeline_dag.py
[2025-11-18T05:51:31.345+0000] {logging_mixin.py:188} INFO - [2025-11-18T05:51:31.345+0000] {dag.py:3096} INFO - Sync 1 DAGs
[2025-11-18T05:51:31.354+0000] {logging_mixin.py:188} INFO - [2025-11-18T05:51:31.354+0000] {dag.py:3954} INFO - Setting next_dagrun for sodai_training_and_scoring to None, run_after=None
[2025-11-18T05:51:31.368+0000] {processor.py:183} INFO - Processing /opt/airflow/dags/sodai_pipeline_dag.py took 0.062 seconds
[2025-11-18T15:53:37.445+0000] {processor.py:161} INFO - Started process (PID=193) to work on /opt/airflow/dags/sodai_pipeline_dag.py
[2025-11-18T15:53:37.446+0000] {processor.py:830} INFO - Processing file /opt/airflow/dags/sodai_pipeline_dag.py for tasks to queue
[2025-11-18T15:53:37.448+0000] {logging_mixin.py:188} INFO - [2025-11-18T15:53:37.447+0000] {dagbag.py:540} INFO - Filling up the DagBag from /opt/airflow/dags/sodai_pipeline_dag.py
[2025-11-18T15:53:37.472+0000] {processor.py:840} INFO - DAG(s) 'sodai_training_and_scoring' retrieved from /opt/airflow/dags/sodai_pipeline_dag.py
[2025-11-18T15:53:37.525+0000] {logging_mixin.py:188} INFO - [2025-11-18T15:53:37.524+0000] {dag.py:3096} INFO - Sync 1 DAGs
[2025-11-18T15:53:37.538+0000] {logging_mixin.py:188} INFO - [2025-11-18T15:53:37.537+0000] {dag.py:3954} INFO - Setting next_dagrun for sodai_training_and_scoring to None, run_after=None
[2025-11-18T15:53:37.555+0000] {processor.py:183} INFO - Processing /opt/airflow/dags/sodai_pipeline_dag.py took 0.116 seconds
[2025-11-18T15:54:08.417+0000] {processor.py:161} INFO - Started process (PID=203) to work on /opt/airflow/dags/sodai_pipeline_dag.py
[2025-11-18T15:54:08.418+0000] {processor.py:830} INFO - Processing file /opt/airflow/dags/sodai_pipeline_dag.py for tasks to queue
[2025-11-18T15:54:08.421+0000] {logging_mixin.py:188} INFO - [2025-11-18T15:54:08.420+0000] {dagbag.py:540} INFO - Filling up the DagBag from /opt/airflow/dags/sodai_pipeline_dag.py
[2025-11-18T15:54:08.443+0000] {processor.py:840} INFO - DAG(s) 'sodai_training_and_scoring' retrieved from /opt/airflow/dags/sodai_pipeline_dag.py
[2025-11-18T15:54:08.467+0000] {logging_mixin.py:188} INFO - [2025-11-18T15:54:08.467+0000] {dag.py:3096} INFO - Sync 1 DAGs
[2025-11-18T15:54:08.479+0000] {logging_mixin.py:188} INFO - [2025-11-18T15:54:08.479+0000] {dag.py:3954} INFO - Setting next_dagrun for sodai_training_and_scoring to None, run_after=None
[2025-11-18T15:54:08.494+0000] {processor.py:183} INFO - Processing /opt/airflow/dags/sodai_pipeline_dag.py took 0.083 seconds
[2025-11-18T15:54:39.128+0000] {processor.py:161} INFO - Started process (PID=213) to work on /opt/airflow/dags/sodai_pipeline_dag.py
[2025-11-18T15:54:39.130+0000] {processor.py:830} INFO - Processing file /opt/airflow/dags/sodai_pipeline_dag.py for tasks to queue
[2025-11-18T15:54:39.132+0000] {logging_mixin.py:188} INFO - [2025-11-18T15:54:39.131+0000] {dagbag.py:540} INFO - Filling up the DagBag from /opt/airflow/dags/sodai_pipeline_dag.py
[2025-11-18T15:54:39.154+0000] {processor.py:840} INFO - DAG(s) 'sodai_training_and_scoring' retrieved from /opt/airflow/dags/sodai_pipeline_dag.py
[2025-11-18T15:54:39.178+0000] {logging_mixin.py:188} INFO - [2025-11-18T15:54:39.178+0000] {dag.py:3096} INFO - Sync 1 DAGs
[2025-11-18T15:54:39.187+0000] {logging_mixin.py:188} INFO - [2025-11-18T15:54:39.187+0000] {dag.py:3954} INFO - Setting next_dagrun for sodai_training_and_scoring to None, run_after=None
[2025-11-18T15:54:39.208+0000] {processor.py:183} INFO - Processing /opt/airflow/dags/sodai_pipeline_dag.py took 0.085 seconds
[2025-11-18T15:55:09.881+0000] {processor.py:161} INFO - Started process (PID=226) to work on /opt/airflow/dags/sodai_pipeline_dag.py
[2025-11-18T15:55:09.882+0000] {processor.py:830} INFO - Processing file /opt/airflow/dags/sodai_pipeline_dag.py for tasks to queue
[2025-11-18T15:55:09.884+0000] {logging_mixin.py:188} INFO - [2025-11-18T15:55:09.884+0000] {dagbag.py:540} INFO - Filling up the DagBag from /opt/airflow/dags/sodai_pipeline_dag.py
[2025-11-18T15:55:09.905+0000] {processor.py:840} INFO - DAG(s) 'sodai_training_and_scoring' retrieved from /opt/airflow/dags/sodai_pipeline_dag.py
[2025-11-18T15:55:09.927+0000] {logging_mixin.py:188} INFO - [2025-11-18T15:55:09.927+0000] {dag.py:3096} INFO - Sync 1 DAGs
[2025-11-18T15:55:09.936+0000] {logging_mixin.py:188} INFO - [2025-11-18T15:55:09.936+0000] {dag.py:3954} INFO - Setting next_dagrun for sodai_training_and_scoring to None, run_after=None
[2025-11-18T15:55:09.955+0000] {processor.py:183} INFO - Processing /opt/airflow/dags/sodai_pipeline_dag.py took 0.079 seconds
[2025-11-18T15:55:40.615+0000] {processor.py:161} INFO - Started process (PID=236) to work on /opt/airflow/dags/sodai_pipeline_dag.py
[2025-11-18T15:55:40.616+0000] {processor.py:830} INFO - Processing file /opt/airflow/dags/sodai_pipeline_dag.py for tasks to queue
[2025-11-18T15:55:40.618+0000] {logging_mixin.py:188} INFO - [2025-11-18T15:55:40.618+0000] {dagbag.py:540} INFO - Filling up the DagBag from /opt/airflow/dags/sodai_pipeline_dag.py
[2025-11-18T15:55:40.654+0000] {processor.py:840} INFO - DAG(s) 'sodai_training_and_scoring' retrieved from /opt/airflow/dags/sodai_pipeline_dag.py
[2025-11-18T15:55:40.682+0000] {logging_mixin.py:188} INFO - [2025-11-18T15:55:40.681+0000] {dag.py:3096} INFO - Sync 1 DAGs
[2025-11-18T15:55:40.693+0000] {logging_mixin.py:188} INFO - [2025-11-18T15:55:40.693+0000] {dag.py:3954} INFO - Setting next_dagrun for sodai_training_and_scoring to None, run_after=None
[2025-11-18T15:55:40.714+0000] {processor.py:183} INFO - Processing /opt/airflow/dags/sodai_pipeline_dag.py took 0.105 seconds
[2025-11-18T15:56:11.435+0000] {processor.py:161} INFO - Started process (PID=246) to work on /opt/airflow/dags/sodai_pipeline_dag.py
[2025-11-18T15:56:11.436+0000] {processor.py:830} INFO - Processing file /opt/airflow/dags/sodai_pipeline_dag.py for tasks to queue
[2025-11-18T15:56:11.438+0000] {logging_mixin.py:188} INFO - [2025-11-18T15:56:11.437+0000] {dagbag.py:540} INFO - Filling up the DagBag from /opt/airflow/dags/sodai_pipeline_dag.py
[2025-11-18T15:56:11.459+0000] {processor.py:840} INFO - DAG(s) 'sodai_training_and_scoring' retrieved from /opt/airflow/dags/sodai_pipeline_dag.py
[2025-11-18T15:56:11.481+0000] {logging_mixin.py:188} INFO - [2025-11-18T15:56:11.481+0000] {dag.py:3096} INFO - Sync 1 DAGs
[2025-11-18T15:56:11.492+0000] {logging_mixin.py:188} INFO - [2025-11-18T15:56:11.492+0000] {dag.py:3954} INFO - Setting next_dagrun for sodai_training_and_scoring to None, run_after=None
[2025-11-18T15:56:11.511+0000] {processor.py:183} INFO - Processing /opt/airflow/dags/sodai_pipeline_dag.py took 0.082 seconds
[2025-11-18T15:56:42.290+0000] {processor.py:161} INFO - Started process (PID=256) to work on /opt/airflow/dags/sodai_pipeline_dag.py
[2025-11-18T15:56:42.291+0000] {processor.py:830} INFO - Processing file /opt/airflow/dags/sodai_pipeline_dag.py for tasks to queue
[2025-11-18T15:56:42.293+0000] {logging_mixin.py:188} INFO - [2025-11-18T15:56:42.293+0000] {dagbag.py:540} INFO - Filling up the DagBag from /opt/airflow/dags/sodai_pipeline_dag.py
[2025-11-18T15:56:42.321+0000] {processor.py:840} INFO - DAG(s) 'sodai_training_and_scoring' retrieved from /opt/airflow/dags/sodai_pipeline_dag.py
[2025-11-18T15:56:42.344+0000] {logging_mixin.py:188} INFO - [2025-11-18T15:56:42.344+0000] {dag.py:3096} INFO - Sync 1 DAGs
[2025-11-18T15:56:42.356+0000] {logging_mixin.py:188} INFO - [2025-11-18T15:56:42.356+0000] {dag.py:3954} INFO - Setting next_dagrun for sodai_training_and_scoring to None, run_after=None
[2025-11-18T15:56:42.373+0000] {processor.py:183} INFO - Processing /opt/airflow/dags/sodai_pipeline_dag.py took 0.088 seconds
[2025-11-18T15:57:13.010+0000] {processor.py:161} INFO - Started process (PID=266) to work on /opt/airflow/dags/sodai_pipeline_dag.py
[2025-11-18T15:57:13.011+0000] {processor.py:830} INFO - Processing file /opt/airflow/dags/sodai_pipeline_dag.py for tasks to queue
[2025-11-18T15:57:13.012+0000] {logging_mixin.py:188} INFO - [2025-11-18T15:57:13.012+0000] {dagbag.py:540} INFO - Filling up the DagBag from /opt/airflow/dags/sodai_pipeline_dag.py
[2025-11-18T15:57:13.030+0000] {processor.py:840} INFO - DAG(s) 'sodai_training_and_scoring' retrieved from /opt/airflow/dags/sodai_pipeline_dag.py
[2025-11-18T15:57:13.051+0000] {logging_mixin.py:188} INFO - [2025-11-18T15:57:13.051+0000] {dag.py:3096} INFO - Sync 1 DAGs
[2025-11-18T15:57:13.061+0000] {logging_mixin.py:188} INFO - [2025-11-18T15:57:13.061+0000] {dag.py:3954} INFO - Setting next_dagrun for sodai_training_and_scoring to None, run_after=None
[2025-11-18T15:57:13.075+0000] {processor.py:183} INFO - Processing /opt/airflow/dags/sodai_pipeline_dag.py took 0.071 seconds
[2025-11-18T15:57:43.631+0000] {processor.py:161} INFO - Started process (PID=276) to work on /opt/airflow/dags/sodai_pipeline_dag.py
[2025-11-18T15:57:43.632+0000] {processor.py:830} INFO - Processing file /opt/airflow/dags/sodai_pipeline_dag.py for tasks to queue
[2025-11-18T15:57:43.633+0000] {logging_mixin.py:188} INFO - [2025-11-18T15:57:43.633+0000] {dagbag.py:540} INFO - Filling up the DagBag from /opt/airflow/dags/sodai_pipeline_dag.py
[2025-11-18T15:57:43.651+0000] {processor.py:840} INFO - DAG(s) 'sodai_training_and_scoring' retrieved from /opt/airflow/dags/sodai_pipeline_dag.py
[2025-11-18T15:57:43.674+0000] {logging_mixin.py:188} INFO - [2025-11-18T15:57:43.673+0000] {dag.py:3096} INFO - Sync 1 DAGs
[2025-11-18T15:57:43.683+0000] {logging_mixin.py:188} INFO - [2025-11-18T15:57:43.683+0000] {dag.py:3954} INFO - Setting next_dagrun for sodai_training_and_scoring to None, run_after=None
[2025-11-18T15:57:43.697+0000] {processor.py:183} INFO - Processing /opt/airflow/dags/sodai_pipeline_dag.py took 0.071 seconds
[2025-11-18T15:58:14.180+0000] {processor.py:161} INFO - Started process (PID=286) to work on /opt/airflow/dags/sodai_pipeline_dag.py
[2025-11-18T15:58:14.182+0000] {processor.py:830} INFO - Processing file /opt/airflow/dags/sodai_pipeline_dag.py for tasks to queue
[2025-11-18T15:58:14.183+0000] {logging_mixin.py:188} INFO - [2025-11-18T15:58:14.183+0000] {dagbag.py:540} INFO - Filling up the DagBag from /opt/airflow/dags/sodai_pipeline_dag.py
[2025-11-18T15:58:14.202+0000] {processor.py:840} INFO - DAG(s) 'sodai_training_and_scoring' retrieved from /opt/airflow/dags/sodai_pipeline_dag.py
[2025-11-18T15:58:14.226+0000] {logging_mixin.py:188} INFO - [2025-11-18T15:58:14.226+0000] {dag.py:3096} INFO - Sync 1 DAGs
[2025-11-18T15:58:14.236+0000] {logging_mixin.py:188} INFO - [2025-11-18T15:58:14.236+0000] {dag.py:3954} INFO - Setting next_dagrun for sodai_training_and_scoring to None, run_after=None
[2025-11-18T15:58:14.253+0000] {processor.py:183} INFO - Processing /opt/airflow/dags/sodai_pipeline_dag.py took 0.078 seconds
[2025-11-18T15:58:44.936+0000] {processor.py:161} INFO - Started process (PID=296) to work on /opt/airflow/dags/sodai_pipeline_dag.py
[2025-11-18T15:58:44.937+0000] {processor.py:830} INFO - Processing file /opt/airflow/dags/sodai_pipeline_dag.py for tasks to queue
[2025-11-18T15:58:44.938+0000] {logging_mixin.py:188} INFO - [2025-11-18T15:58:44.938+0000] {dagbag.py:540} INFO - Filling up the DagBag from /opt/airflow/dags/sodai_pipeline_dag.py
[2025-11-18T15:58:44.953+0000] {processor.py:840} INFO - DAG(s) 'sodai_training_and_scoring' retrieved from /opt/airflow/dags/sodai_pipeline_dag.py
[2025-11-18T15:58:44.973+0000] {logging_mixin.py:188} INFO - [2025-11-18T15:58:44.973+0000] {dag.py:3096} INFO - Sync 1 DAGs
[2025-11-18T15:58:44.983+0000] {logging_mixin.py:188} INFO - [2025-11-18T15:58:44.983+0000] {dag.py:3954} INFO - Setting next_dagrun for sodai_training_and_scoring to None, run_after=None
[2025-11-18T15:58:44.997+0000] {processor.py:183} INFO - Processing /opt/airflow/dags/sodai_pipeline_dag.py took 0.067 seconds
[2025-11-18T15:59:15.573+0000] {processor.py:161} INFO - Started process (PID=306) to work on /opt/airflow/dags/sodai_pipeline_dag.py
[2025-11-18T15:59:15.576+0000] {processor.py:830} INFO - Processing file /opt/airflow/dags/sodai_pipeline_dag.py for tasks to queue
[2025-11-18T15:59:15.578+0000] {logging_mixin.py:188} INFO - [2025-11-18T15:59:15.578+0000] {dagbag.py:540} INFO - Filling up the DagBag from /opt/airflow/dags/sodai_pipeline_dag.py
[2025-11-18T15:59:15.609+0000] {processor.py:840} INFO - DAG(s) 'sodai_training_and_scoring' retrieved from /opt/airflow/dags/sodai_pipeline_dag.py
[2025-11-18T15:59:15.637+0000] {logging_mixin.py:188} INFO - [2025-11-18T15:59:15.636+0000] {dag.py:3096} INFO - Sync 1 DAGs
[2025-11-18T15:59:15.647+0000] {logging_mixin.py:188} INFO - [2025-11-18T15:59:15.647+0000] {dag.py:3954} INFO - Setting next_dagrun for sodai_training_and_scoring to None, run_after=None
[2025-11-18T15:59:15.663+0000] {processor.py:183} INFO - Processing /opt/airflow/dags/sodai_pipeline_dag.py took 0.096 seconds
[2025-11-18T15:59:46.162+0000] {processor.py:161} INFO - Started process (PID=316) to work on /opt/airflow/dags/sodai_pipeline_dag.py
[2025-11-18T15:59:46.163+0000] {processor.py:830} INFO - Processing file /opt/airflow/dags/sodai_pipeline_dag.py for tasks to queue
[2025-11-18T15:59:46.164+0000] {logging_mixin.py:188} INFO - [2025-11-18T15:59:46.164+0000] {dagbag.py:540} INFO - Filling up the DagBag from /opt/airflow/dags/sodai_pipeline_dag.py
[2025-11-18T15:59:46.178+0000] {processor.py:840} INFO - DAG(s) 'sodai_training_and_scoring' retrieved from /opt/airflow/dags/sodai_pipeline_dag.py
[2025-11-18T15:59:46.199+0000] {logging_mixin.py:188} INFO - [2025-11-18T15:59:46.198+0000] {dag.py:3096} INFO - Sync 1 DAGs
[2025-11-18T15:59:46.208+0000] {logging_mixin.py:188} INFO - [2025-11-18T15:59:46.207+0000] {dag.py:3954} INFO - Setting next_dagrun for sodai_training_and_scoring to None, run_after=None
[2025-11-18T15:59:46.221+0000] {processor.py:183} INFO - Processing /opt/airflow/dags/sodai_pipeline_dag.py took 0.064 seconds
[2025-11-18T16:00:16.688+0000] {processor.py:161} INFO - Started process (PID=326) to work on /opt/airflow/dags/sodai_pipeline_dag.py
[2025-11-18T16:00:16.689+0000] {processor.py:830} INFO - Processing file /opt/airflow/dags/sodai_pipeline_dag.py for tasks to queue
[2025-11-18T16:00:16.691+0000] {logging_mixin.py:188} INFO - [2025-11-18T16:00:16.690+0000] {dagbag.py:540} INFO - Filling up the DagBag from /opt/airflow/dags/sodai_pipeline_dag.py
[2025-11-18T16:00:16.704+0000] {processor.py:840} INFO - DAG(s) 'sodai_training_and_scoring' retrieved from /opt/airflow/dags/sodai_pipeline_dag.py
[2025-11-18T16:00:16.726+0000] {logging_mixin.py:188} INFO - [2025-11-18T16:00:16.726+0000] {dag.py:3096} INFO - Sync 1 DAGs
[2025-11-18T16:00:16.735+0000] {logging_mixin.py:188} INFO - [2025-11-18T16:00:16.735+0000] {dag.py:3954} INFO - Setting next_dagrun for sodai_training_and_scoring to None, run_after=None
[2025-11-18T16:00:16.751+0000] {processor.py:183} INFO - Processing /opt/airflow/dags/sodai_pipeline_dag.py took 0.068 seconds
[2025-11-18T16:00:47.277+0000] {processor.py:161} INFO - Started process (PID=336) to work on /opt/airflow/dags/sodai_pipeline_dag.py
[2025-11-18T16:00:47.278+0000] {processor.py:830} INFO - Processing file /opt/airflow/dags/sodai_pipeline_dag.py for tasks to queue
[2025-11-18T16:00:47.280+0000] {logging_mixin.py:188} INFO - [2025-11-18T16:00:47.280+0000] {dagbag.py:540} INFO - Filling up the DagBag from /opt/airflow/dags/sodai_pipeline_dag.py
[2025-11-18T16:00:47.298+0000] {processor.py:840} INFO - DAG(s) 'sodai_training_and_scoring' retrieved from /opt/airflow/dags/sodai_pipeline_dag.py
[2025-11-18T16:00:47.321+0000] {logging_mixin.py:188} INFO - [2025-11-18T16:00:47.320+0000] {dag.py:3096} INFO - Sync 1 DAGs
[2025-11-18T16:00:47.330+0000] {logging_mixin.py:188} INFO - [2025-11-18T16:00:47.330+0000] {dag.py:3954} INFO - Setting next_dagrun for sodai_training_and_scoring to None, run_after=None
[2025-11-18T16:00:47.345+0000] {processor.py:183} INFO - Processing /opt/airflow/dags/sodai_pipeline_dag.py took 0.073 seconds
[2025-11-18T16:01:17.788+0000] {processor.py:161} INFO - Started process (PID=346) to work on /opt/airflow/dags/sodai_pipeline_dag.py
[2025-11-18T16:01:17.792+0000] {processor.py:830} INFO - Processing file /opt/airflow/dags/sodai_pipeline_dag.py for tasks to queue
[2025-11-18T16:01:17.794+0000] {logging_mixin.py:188} INFO - [2025-11-18T16:01:17.794+0000] {dagbag.py:540} INFO - Filling up the DagBag from /opt/airflow/dags/sodai_pipeline_dag.py
[2025-11-18T16:01:17.825+0000] {processor.py:840} INFO - DAG(s) 'sodai_training_and_scoring' retrieved from /opt/airflow/dags/sodai_pipeline_dag.py
[2025-11-18T16:01:17.856+0000] {logging_mixin.py:188} INFO - [2025-11-18T16:01:17.856+0000] {dag.py:3096} INFO - Sync 1 DAGs
[2025-11-18T16:01:17.867+0000] {logging_mixin.py:188} INFO - [2025-11-18T16:01:17.867+0000] {dag.py:3954} INFO - Setting next_dagrun for sodai_training_and_scoring to None, run_after=None
[2025-11-18T16:01:17.885+0000] {processor.py:183} INFO - Processing /opt/airflow/dags/sodai_pipeline_dag.py took 0.103 seconds
[2025-11-18T16:01:48.398+0000] {processor.py:161} INFO - Started process (PID=356) to work on /opt/airflow/dags/sodai_pipeline_dag.py
[2025-11-18T16:01:48.399+0000] {processor.py:830} INFO - Processing file /opt/airflow/dags/sodai_pipeline_dag.py for tasks to queue
[2025-11-18T16:01:48.401+0000] {logging_mixin.py:188} INFO - [2025-11-18T16:01:48.401+0000] {dagbag.py:540} INFO - Filling up the DagBag from /opt/airflow/dags/sodai_pipeline_dag.py
[2025-11-18T16:01:48.417+0000] {processor.py:840} INFO - DAG(s) 'sodai_training_and_scoring' retrieved from /opt/airflow/dags/sodai_pipeline_dag.py
[2025-11-18T16:01:48.439+0000] {logging_mixin.py:188} INFO - [2025-11-18T16:01:48.438+0000] {dag.py:3096} INFO - Sync 1 DAGs
[2025-11-18T16:01:48.453+0000] {logging_mixin.py:188} INFO - [2025-11-18T16:01:48.453+0000] {dag.py:3954} INFO - Setting next_dagrun for sodai_training_and_scoring to None, run_after=None
[2025-11-18T16:01:48.467+0000] {processor.py:183} INFO - Processing /opt/airflow/dags/sodai_pipeline_dag.py took 0.074 seconds
[2025-11-18T16:02:18.956+0000] {processor.py:161} INFO - Started process (PID=366) to work on /opt/airflow/dags/sodai_pipeline_dag.py
[2025-11-18T16:02:18.957+0000] {processor.py:830} INFO - Processing file /opt/airflow/dags/sodai_pipeline_dag.py for tasks to queue
[2025-11-18T16:02:18.958+0000] {logging_mixin.py:188} INFO - [2025-11-18T16:02:18.958+0000] {dagbag.py:540} INFO - Filling up the DagBag from /opt/airflow/dags/sodai_pipeline_dag.py
[2025-11-18T16:02:18.977+0000] {processor.py:840} INFO - DAG(s) 'sodai_training_and_scoring' retrieved from /opt/airflow/dags/sodai_pipeline_dag.py
[2025-11-18T16:02:18.999+0000] {logging_mixin.py:188} INFO - [2025-11-18T16:02:18.998+0000] {dag.py:3096} INFO - Sync 1 DAGs
[2025-11-18T16:02:19.008+0000] {logging_mixin.py:188} INFO - [2025-11-18T16:02:19.008+0000] {dag.py:3954} INFO - Setting next_dagrun for sodai_training_and_scoring to None, run_after=None
[2025-11-18T16:02:19.023+0000] {processor.py:183} INFO - Processing /opt/airflow/dags/sodai_pipeline_dag.py took 0.072 seconds
[2025-11-18T16:02:49.686+0000] {processor.py:161} INFO - Started process (PID=376) to work on /opt/airflow/dags/sodai_pipeline_dag.py
[2025-11-18T16:02:49.687+0000] {processor.py:830} INFO - Processing file /opt/airflow/dags/sodai_pipeline_dag.py for tasks to queue
[2025-11-18T16:02:49.689+0000] {logging_mixin.py:188} INFO - [2025-11-18T16:02:49.689+0000] {dagbag.py:540} INFO - Filling up the DagBag from /opt/airflow/dags/sodai_pipeline_dag.py
[2025-11-18T16:02:49.713+0000] {processor.py:840} INFO - DAG(s) 'sodai_training_and_scoring' retrieved from /opt/airflow/dags/sodai_pipeline_dag.py
[2025-11-18T16:02:49.735+0000] {logging_mixin.py:188} INFO - [2025-11-18T16:02:49.735+0000] {dag.py:3096} INFO - Sync 1 DAGs
[2025-11-18T16:02:49.746+0000] {logging_mixin.py:188} INFO - [2025-11-18T16:02:49.745+0000] {dag.py:3954} INFO - Setting next_dagrun for sodai_training_and_scoring to None, run_after=None
[2025-11-18T16:02:49.766+0000] {processor.py:183} INFO - Processing /opt/airflow/dags/sodai_pipeline_dag.py took 0.086 seconds
[2025-11-18T16:03:20.217+0000] {processor.py:161} INFO - Started process (PID=389) to work on /opt/airflow/dags/sodai_pipeline_dag.py
[2025-11-18T16:03:20.218+0000] {processor.py:830} INFO - Processing file /opt/airflow/dags/sodai_pipeline_dag.py for tasks to queue
[2025-11-18T16:03:20.219+0000] {logging_mixin.py:188} INFO - [2025-11-18T16:03:20.219+0000] {dagbag.py:540} INFO - Filling up the DagBag from /opt/airflow/dags/sodai_pipeline_dag.py
[2025-11-18T16:03:20.235+0000] {processor.py:840} INFO - DAG(s) 'sodai_training_and_scoring' retrieved from /opt/airflow/dags/sodai_pipeline_dag.py
[2025-11-18T16:03:20.255+0000] {logging_mixin.py:188} INFO - [2025-11-18T16:03:20.255+0000] {dag.py:3096} INFO - Sync 1 DAGs
[2025-11-18T16:03:20.267+0000] {logging_mixin.py:188} INFO - [2025-11-18T16:03:20.267+0000] {dag.py:3954} INFO - Setting next_dagrun for sodai_training_and_scoring to None, run_after=None
[2025-11-18T16:03:20.282+0000] {processor.py:183} INFO - Processing /opt/airflow/dags/sodai_pipeline_dag.py took 0.069 seconds
[2025-11-18T16:03:51.020+0000] {processor.py:161} INFO - Started process (PID=399) to work on /opt/airflow/dags/sodai_pipeline_dag.py
[2025-11-18T16:03:51.020+0000] {processor.py:830} INFO - Processing file /opt/airflow/dags/sodai_pipeline_dag.py for tasks to queue
[2025-11-18T16:03:51.022+0000] {logging_mixin.py:188} INFO - [2025-11-18T16:03:51.022+0000] {dagbag.py:540} INFO - Filling up the DagBag from /opt/airflow/dags/sodai_pipeline_dag.py
[2025-11-18T16:03:51.038+0000] {processor.py:840} INFO - DAG(s) 'sodai_training_and_scoring' retrieved from /opt/airflow/dags/sodai_pipeline_dag.py
[2025-11-18T16:03:51.061+0000] {logging_mixin.py:188} INFO - [2025-11-18T16:03:51.060+0000] {dag.py:3096} INFO - Sync 1 DAGs
[2025-11-18T16:03:51.071+0000] {logging_mixin.py:188} INFO - [2025-11-18T16:03:51.071+0000] {dag.py:3954} INFO - Setting next_dagrun for sodai_training_and_scoring to None, run_after=None
[2025-11-18T16:03:51.086+0000] {processor.py:183} INFO - Processing /opt/airflow/dags/sodai_pipeline_dag.py took 0.071 seconds
[2025-11-18T16:04:21.571+0000] {processor.py:161} INFO - Started process (PID=409) to work on /opt/airflow/dags/sodai_pipeline_dag.py
[2025-11-18T16:04:21.572+0000] {processor.py:830} INFO - Processing file /opt/airflow/dags/sodai_pipeline_dag.py for tasks to queue
[2025-11-18T16:04:21.574+0000] {logging_mixin.py:188} INFO - [2025-11-18T16:04:21.574+0000] {dagbag.py:540} INFO - Filling up the DagBag from /opt/airflow/dags/sodai_pipeline_dag.py
[2025-11-18T16:04:21.588+0000] {processor.py:840} INFO - DAG(s) 'sodai_training_and_scoring' retrieved from /opt/airflow/dags/sodai_pipeline_dag.py
[2025-11-18T16:04:21.608+0000] {logging_mixin.py:188} INFO - [2025-11-18T16:04:21.607+0000] {dag.py:3096} INFO - Sync 1 DAGs
[2025-11-18T16:04:21.617+0000] {logging_mixin.py:188} INFO - [2025-11-18T16:04:21.617+0000] {dag.py:3954} INFO - Setting next_dagrun for sodai_training_and_scoring to None, run_after=None
[2025-11-18T16:04:21.633+0000] {processor.py:183} INFO - Processing /opt/airflow/dags/sodai_pipeline_dag.py took 0.067 seconds
[2025-11-18T16:04:52.114+0000] {processor.py:161} INFO - Started process (PID=419) to work on /opt/airflow/dags/sodai_pipeline_dag.py
[2025-11-18T16:04:52.115+0000] {processor.py:830} INFO - Processing file /opt/airflow/dags/sodai_pipeline_dag.py for tasks to queue
[2025-11-18T16:04:52.116+0000] {logging_mixin.py:188} INFO - [2025-11-18T16:04:52.116+0000] {dagbag.py:540} INFO - Filling up the DagBag from /opt/airflow/dags/sodai_pipeline_dag.py
[2025-11-18T16:04:52.130+0000] {processor.py:840} INFO - DAG(s) 'sodai_training_and_scoring' retrieved from /opt/airflow/dags/sodai_pipeline_dag.py
[2025-11-18T16:04:52.149+0000] {logging_mixin.py:188} INFO - [2025-11-18T16:04:52.149+0000] {dag.py:3096} INFO - Sync 1 DAGs
[2025-11-18T16:04:52.163+0000] {logging_mixin.py:188} INFO - [2025-11-18T16:04:52.163+0000] {dag.py:3954} INFO - Setting next_dagrun for sodai_training_and_scoring to None, run_after=None
[2025-11-18T16:04:52.178+0000] {processor.py:183} INFO - Processing /opt/airflow/dags/sodai_pipeline_dag.py took 0.068 seconds
[2025-11-18T16:05:22.660+0000] {processor.py:161} INFO - Started process (PID=429) to work on /opt/airflow/dags/sodai_pipeline_dag.py
[2025-11-18T16:05:22.661+0000] {processor.py:830} INFO - Processing file /opt/airflow/dags/sodai_pipeline_dag.py for tasks to queue
[2025-11-18T16:05:22.662+0000] {logging_mixin.py:188} INFO - [2025-11-18T16:05:22.662+0000] {dagbag.py:540} INFO - Filling up the DagBag from /opt/airflow/dags/sodai_pipeline_dag.py
[2025-11-18T16:05:22.676+0000] {processor.py:840} INFO - DAG(s) 'sodai_training_and_scoring' retrieved from /opt/airflow/dags/sodai_pipeline_dag.py
[2025-11-18T16:05:22.697+0000] {logging_mixin.py:188} INFO - [2025-11-18T16:05:22.697+0000] {dag.py:3096} INFO - Sync 1 DAGs
[2025-11-18T16:05:22.709+0000] {logging_mixin.py:188} INFO - [2025-11-18T16:05:22.709+0000] {dag.py:3954} INFO - Setting next_dagrun for sodai_training_and_scoring to None, run_after=None
[2025-11-18T16:05:22.726+0000] {processor.py:183} INFO - Processing /opt/airflow/dags/sodai_pipeline_dag.py took 0.070 seconds
[2025-11-18T16:05:53.313+0000] {processor.py:161} INFO - Started process (PID=439) to work on /opt/airflow/dags/sodai_pipeline_dag.py
[2025-11-18T16:05:53.314+0000] {processor.py:830} INFO - Processing file /opt/airflow/dags/sodai_pipeline_dag.py for tasks to queue
[2025-11-18T16:05:53.315+0000] {logging_mixin.py:188} INFO - [2025-11-18T16:05:53.315+0000] {dagbag.py:540} INFO - Filling up the DagBag from /opt/airflow/dags/sodai_pipeline_dag.py
[2025-11-18T16:05:53.327+0000] {processor.py:840} INFO - DAG(s) 'sodai_training_and_scoring' retrieved from /opt/airflow/dags/sodai_pipeline_dag.py
[2025-11-18T16:05:53.346+0000] {logging_mixin.py:188} INFO - [2025-11-18T16:05:53.346+0000] {dag.py:3096} INFO - Sync 1 DAGs
[2025-11-18T16:05:53.358+0000] {logging_mixin.py:188} INFO - [2025-11-18T16:05:53.358+0000] {dag.py:3954} INFO - Setting next_dagrun for sodai_training_and_scoring to None, run_after=None
[2025-11-18T16:05:53.371+0000] {processor.py:183} INFO - Processing /opt/airflow/dags/sodai_pipeline_dag.py took 0.063 seconds
[2025-11-18T16:06:23.943+0000] {processor.py:161} INFO - Started process (PID=449) to work on /opt/airflow/dags/sodai_pipeline_dag.py
[2025-11-18T16:06:23.943+0000] {processor.py:830} INFO - Processing file /opt/airflow/dags/sodai_pipeline_dag.py for tasks to queue
[2025-11-18T16:06:23.945+0000] {logging_mixin.py:188} INFO - [2025-11-18T16:06:23.944+0000] {dagbag.py:540} INFO - Filling up the DagBag from /opt/airflow/dags/sodai_pipeline_dag.py
[2025-11-18T16:06:23.959+0000] {processor.py:840} INFO - DAG(s) 'sodai_training_and_scoring' retrieved from /opt/airflow/dags/sodai_pipeline_dag.py
[2025-11-18T16:06:23.978+0000] {logging_mixin.py:188} INFO - [2025-11-18T16:06:23.978+0000] {dag.py:3096} INFO - Sync 1 DAGs
[2025-11-18T16:06:23.989+0000] {logging_mixin.py:188} INFO - [2025-11-18T16:06:23.989+0000] {dag.py:3954} INFO - Setting next_dagrun for sodai_training_and_scoring to None, run_after=None
[2025-11-18T16:06:24.003+0000] {processor.py:183} INFO - Processing /opt/airflow/dags/sodai_pipeline_dag.py took 0.065 seconds
[2025-11-18T16:06:54.493+0000] {processor.py:161} INFO - Started process (PID=459) to work on /opt/airflow/dags/sodai_pipeline_dag.py
[2025-11-18T16:06:54.494+0000] {processor.py:830} INFO - Processing file /opt/airflow/dags/sodai_pipeline_dag.py for tasks to queue
[2025-11-18T16:06:54.496+0000] {logging_mixin.py:188} INFO - [2025-11-18T16:06:54.496+0000] {dagbag.py:540} INFO - Filling up the DagBag from /opt/airflow/dags/sodai_pipeline_dag.py
[2025-11-18T16:06:54.512+0000] {processor.py:840} INFO - DAG(s) 'sodai_training_and_scoring' retrieved from /opt/airflow/dags/sodai_pipeline_dag.py
[2025-11-18T16:06:54.533+0000] {logging_mixin.py:188} INFO - [2025-11-18T16:06:54.532+0000] {dag.py:3096} INFO - Sync 1 DAGs
[2025-11-18T16:06:54.544+0000] {logging_mixin.py:188} INFO - [2025-11-18T16:06:54.543+0000] {dag.py:3954} INFO - Setting next_dagrun for sodai_training_and_scoring to None, run_after=None
[2025-11-18T16:06:54.563+0000] {processor.py:183} INFO - Processing /opt/airflow/dags/sodai_pipeline_dag.py took 0.074 seconds
[2025-11-18T16:07:25.072+0000] {processor.py:161} INFO - Started process (PID=469) to work on /opt/airflow/dags/sodai_pipeline_dag.py
[2025-11-18T16:07:25.073+0000] {processor.py:830} INFO - Processing file /opt/airflow/dags/sodai_pipeline_dag.py for tasks to queue
[2025-11-18T16:07:25.074+0000] {logging_mixin.py:188} INFO - [2025-11-18T16:07:25.074+0000] {dagbag.py:540} INFO - Filling up the DagBag from /opt/airflow/dags/sodai_pipeline_dag.py
[2025-11-18T16:07:25.089+0000] {processor.py:840} INFO - DAG(s) 'sodai_training_and_scoring' retrieved from /opt/airflow/dags/sodai_pipeline_dag.py
[2025-11-18T16:07:25.110+0000] {logging_mixin.py:188} INFO - [2025-11-18T16:07:25.110+0000] {dag.py:3096} INFO - Sync 1 DAGs
[2025-11-18T16:07:25.120+0000] {logging_mixin.py:188} INFO - [2025-11-18T16:07:25.120+0000] {dag.py:3954} INFO - Setting next_dagrun for sodai_training_and_scoring to None, run_after=None
[2025-11-18T16:07:25.134+0000] {processor.py:183} INFO - Processing /opt/airflow/dags/sodai_pipeline_dag.py took 0.067 seconds
[2025-11-18T16:07:55.726+0000] {processor.py:161} INFO - Started process (PID=502) to work on /opt/airflow/dags/sodai_pipeline_dag.py
[2025-11-18T16:07:55.727+0000] {processor.py:830} INFO - Processing file /opt/airflow/dags/sodai_pipeline_dag.py for tasks to queue
[2025-11-18T16:07:55.728+0000] {logging_mixin.py:188} INFO - [2025-11-18T16:07:55.728+0000] {dagbag.py:540} INFO - Filling up the DagBag from /opt/airflow/dags/sodai_pipeline_dag.py
[2025-11-18T16:07:55.749+0000] {processor.py:840} INFO - DAG(s) 'sodai_training_and_scoring' retrieved from /opt/airflow/dags/sodai_pipeline_dag.py
[2025-11-18T16:07:55.770+0000] {logging_mixin.py:188} INFO - [2025-11-18T16:07:55.770+0000] {dag.py:3096} INFO - Sync 1 DAGs
[2025-11-18T16:07:55.779+0000] {logging_mixin.py:188} INFO - [2025-11-18T16:07:55.779+0000] {dag.py:3954} INFO - Setting next_dagrun for sodai_training_and_scoring to None, run_after=None
[2025-11-18T16:07:55.794+0000] {processor.py:183} INFO - Processing /opt/airflow/dags/sodai_pipeline_dag.py took 0.073 seconds
[2025-11-18T16:08:26.180+0000] {processor.py:161} INFO - Started process (PID=557) to work on /opt/airflow/dags/sodai_pipeline_dag.py
[2025-11-18T16:08:26.181+0000] {processor.py:830} INFO - Processing file /opt/airflow/dags/sodai_pipeline_dag.py for tasks to queue
[2025-11-18T16:08:26.182+0000] {logging_mixin.py:188} INFO - [2025-11-18T16:08:26.182+0000] {dagbag.py:540} INFO - Filling up the DagBag from /opt/airflow/dags/sodai_pipeline_dag.py
[2025-11-18T16:08:26.197+0000] {processor.py:840} INFO - DAG(s) 'sodai_training_and_scoring' retrieved from /opt/airflow/dags/sodai_pipeline_dag.py
[2025-11-18T16:08:26.215+0000] {logging_mixin.py:188} INFO - [2025-11-18T16:08:26.215+0000] {dag.py:3096} INFO - Sync 1 DAGs
[2025-11-18T16:08:26.227+0000] {logging_mixin.py:188} INFO - [2025-11-18T16:08:26.226+0000] {dag.py:3954} INFO - Setting next_dagrun for sodai_training_and_scoring to None, run_after=None
[2025-11-18T16:08:26.242+0000] {processor.py:183} INFO - Processing /opt/airflow/dags/sodai_pipeline_dag.py took 0.067 seconds
[2025-11-18T16:08:56.932+0000] {processor.py:161} INFO - Started process (PID=567) to work on /opt/airflow/dags/sodai_pipeline_dag.py
[2025-11-18T16:08:56.933+0000] {processor.py:830} INFO - Processing file /opt/airflow/dags/sodai_pipeline_dag.py for tasks to queue
[2025-11-18T16:08:56.935+0000] {logging_mixin.py:188} INFO - [2025-11-18T16:08:56.934+0000] {dagbag.py:540} INFO - Filling up the DagBag from /opt/airflow/dags/sodai_pipeline_dag.py
[2025-11-18T16:08:56.949+0000] {processor.py:840} INFO - DAG(s) 'sodai_training_and_scoring' retrieved from /opt/airflow/dags/sodai_pipeline_dag.py
[2025-11-18T16:08:56.969+0000] {logging_mixin.py:188} INFO - [2025-11-18T16:08:56.969+0000] {dag.py:3096} INFO - Sync 1 DAGs
[2025-11-18T16:08:56.979+0000] {logging_mixin.py:188} INFO - [2025-11-18T16:08:56.978+0000] {dag.py:3954} INFO - Setting next_dagrun for sodai_training_and_scoring to None, run_after=None
[2025-11-18T16:08:56.996+0000] {processor.py:183} INFO - Processing /opt/airflow/dags/sodai_pipeline_dag.py took 0.069 seconds
[2025-11-18T16:09:27.473+0000] {processor.py:161} INFO - Started process (PID=577) to work on /opt/airflow/dags/sodai_pipeline_dag.py
[2025-11-18T16:09:27.473+0000] {processor.py:830} INFO - Processing file /opt/airflow/dags/sodai_pipeline_dag.py for tasks to queue
[2025-11-18T16:09:27.475+0000] {logging_mixin.py:188} INFO - [2025-11-18T16:09:27.475+0000] {dagbag.py:540} INFO - Filling up the DagBag from /opt/airflow/dags/sodai_pipeline_dag.py
[2025-11-18T16:09:27.501+0000] {processor.py:840} INFO - DAG(s) 'sodai_training_and_scoring' retrieved from /opt/airflow/dags/sodai_pipeline_dag.py
[2025-11-18T16:09:27.525+0000] {logging_mixin.py:188} INFO - [2025-11-18T16:09:27.524+0000] {dag.py:3096} INFO - Sync 1 DAGs
[2025-11-18T16:09:27.534+0000] {logging_mixin.py:188} INFO - [2025-11-18T16:09:27.534+0000] {dag.py:3954} INFO - Setting next_dagrun for sodai_training_and_scoring to None, run_after=None
[2025-11-18T16:09:27.549+0000] {processor.py:183} INFO - Processing /opt/airflow/dags/sodai_pipeline_dag.py took 0.081 seconds
[2025-11-18T16:09:58.199+0000] {processor.py:161} INFO - Started process (PID=587) to work on /opt/airflow/dags/sodai_pipeline_dag.py
[2025-11-18T16:09:58.200+0000] {processor.py:830} INFO - Processing file /opt/airflow/dags/sodai_pipeline_dag.py for tasks to queue
[2025-11-18T16:09:58.205+0000] {logging_mixin.py:188} INFO - [2025-11-18T16:09:58.205+0000] {dagbag.py:540} INFO - Filling up the DagBag from /opt/airflow/dags/sodai_pipeline_dag.py
[2025-11-18T16:09:58.237+0000] {processor.py:840} INFO - DAG(s) 'sodai_training_and_scoring' retrieved from /opt/airflow/dags/sodai_pipeline_dag.py
[2025-11-18T16:09:58.267+0000] {logging_mixin.py:188} INFO - [2025-11-18T16:09:58.267+0000] {dag.py:3096} INFO - Sync 1 DAGs
[2025-11-18T16:09:58.287+0000] {logging_mixin.py:188} INFO - [2025-11-18T16:09:58.287+0000] {dag.py:3954} INFO - Setting next_dagrun for sodai_training_and_scoring to None, run_after=None
[2025-11-18T16:09:58.326+0000] {processor.py:183} INFO - Processing /opt/airflow/dags/sodai_pipeline_dag.py took 0.133 seconds
[2025-11-18T16:10:28.735+0000] {processor.py:161} INFO - Started process (PID=597) to work on /opt/airflow/dags/sodai_pipeline_dag.py
[2025-11-18T16:10:28.735+0000] {processor.py:830} INFO - Processing file /opt/airflow/dags/sodai_pipeline_dag.py for tasks to queue
[2025-11-18T16:10:28.737+0000] {logging_mixin.py:188} INFO - [2025-11-18T16:10:28.737+0000] {dagbag.py:540} INFO - Filling up the DagBag from /opt/airflow/dags/sodai_pipeline_dag.py
[2025-11-18T16:10:28.755+0000] {processor.py:840} INFO - DAG(s) 'sodai_training_and_scoring' retrieved from /opt/airflow/dags/sodai_pipeline_dag.py
[2025-11-18T16:10:28.777+0000] {logging_mixin.py:188} INFO - [2025-11-18T16:10:28.776+0000] {dag.py:3096} INFO - Sync 1 DAGs
[2025-11-18T16:10:28.787+0000] {logging_mixin.py:188} INFO - [2025-11-18T16:10:28.787+0000] {dag.py:3954} INFO - Setting next_dagrun for sodai_training_and_scoring to None, run_after=None
[2025-11-18T16:10:28.801+0000] {processor.py:183} INFO - Processing /opt/airflow/dags/sodai_pipeline_dag.py took 0.071 seconds
[2025-11-18T16:10:59.467+0000] {processor.py:161} INFO - Started process (PID=607) to work on /opt/airflow/dags/sodai_pipeline_dag.py
[2025-11-18T16:10:59.468+0000] {processor.py:830} INFO - Processing file /opt/airflow/dags/sodai_pipeline_dag.py for tasks to queue
[2025-11-18T16:10:59.470+0000] {logging_mixin.py:188} INFO - [2025-11-18T16:10:59.470+0000] {dagbag.py:540} INFO - Filling up the DagBag from /opt/airflow/dags/sodai_pipeline_dag.py
[2025-11-18T16:10:59.514+0000] {processor.py:840} INFO - DAG(s) 'sodai_training_and_scoring' retrieved from /opt/airflow/dags/sodai_pipeline_dag.py
[2025-11-18T16:10:59.536+0000] {logging_mixin.py:188} INFO - [2025-11-18T16:10:59.536+0000] {dag.py:3096} INFO - Sync 1 DAGs
[2025-11-18T16:10:59.546+0000] {logging_mixin.py:188} INFO - [2025-11-18T16:10:59.546+0000] {dag.py:3954} INFO - Setting next_dagrun for sodai_training_and_scoring to None, run_after=None
[2025-11-18T16:10:59.562+0000] {processor.py:183} INFO - Processing /opt/airflow/dags/sodai_pipeline_dag.py took 0.100 seconds
[2025-11-18T16:11:30.093+0000] {processor.py:161} INFO - Started process (PID=617) to work on /opt/airflow/dags/sodai_pipeline_dag.py
[2025-11-18T16:11:30.094+0000] {processor.py:830} INFO - Processing file /opt/airflow/dags/sodai_pipeline_dag.py for tasks to queue
[2025-11-18T16:11:30.096+0000] {logging_mixin.py:188} INFO - [2025-11-18T16:11:30.096+0000] {dagbag.py:540} INFO - Filling up the DagBag from /opt/airflow/dags/sodai_pipeline_dag.py
[2025-11-18T16:11:30.121+0000] {processor.py:840} INFO - DAG(s) 'sodai_training_and_scoring' retrieved from /opt/airflow/dags/sodai_pipeline_dag.py
[2025-11-18T16:11:30.144+0000] {logging_mixin.py:188} INFO - [2025-11-18T16:11:30.143+0000] {dag.py:3096} INFO - Sync 1 DAGs
[2025-11-18T16:11:30.155+0000] {logging_mixin.py:188} INFO - [2025-11-18T16:11:30.155+0000] {dag.py:3954} INFO - Setting next_dagrun for sodai_training_and_scoring to None, run_after=None
[2025-11-18T16:11:30.168+0000] {processor.py:183} INFO - Processing /opt/airflow/dags/sodai_pipeline_dag.py took 0.081 seconds
[2025-11-18T16:12:00.746+0000] {processor.py:161} INFO - Started process (PID=627) to work on /opt/airflow/dags/sodai_pipeline_dag.py
[2025-11-18T16:12:00.747+0000] {processor.py:830} INFO - Processing file /opt/airflow/dags/sodai_pipeline_dag.py for tasks to queue
[2025-11-18T16:12:00.749+0000] {logging_mixin.py:188} INFO - [2025-11-18T16:12:00.749+0000] {dagbag.py:540} INFO - Filling up the DagBag from /opt/airflow/dags/sodai_pipeline_dag.py
[2025-11-18T16:12:00.770+0000] {processor.py:840} INFO - DAG(s) 'sodai_training_and_scoring' retrieved from /opt/airflow/dags/sodai_pipeline_dag.py
[2025-11-18T16:12:00.800+0000] {logging_mixin.py:188} INFO - [2025-11-18T16:12:00.800+0000] {dag.py:3096} INFO - Sync 1 DAGs
[2025-11-18T16:12:00.812+0000] {logging_mixin.py:188} INFO - [2025-11-18T16:12:00.811+0000] {dag.py:3954} INFO - Setting next_dagrun for sodai_training_and_scoring to None, run_after=None
[2025-11-18T16:12:00.831+0000] {processor.py:183} INFO - Processing /opt/airflow/dags/sodai_pipeline_dag.py took 0.090 seconds
[2025-11-18T16:12:31.322+0000] {processor.py:161} INFO - Started process (PID=637) to work on /opt/airflow/dags/sodai_pipeline_dag.py
[2025-11-18T16:12:31.323+0000] {processor.py:830} INFO - Processing file /opt/airflow/dags/sodai_pipeline_dag.py for tasks to queue
[2025-11-18T16:12:31.324+0000] {logging_mixin.py:188} INFO - [2025-11-18T16:12:31.324+0000] {dagbag.py:540} INFO - Filling up the DagBag from /opt/airflow/dags/sodai_pipeline_dag.py
[2025-11-18T16:12:31.348+0000] {processor.py:840} INFO - DAG(s) 'sodai_training_and_scoring' retrieved from /opt/airflow/dags/sodai_pipeline_dag.py
[2025-11-18T16:12:31.371+0000] {logging_mixin.py:188} INFO - [2025-11-18T16:12:31.371+0000] {dag.py:3096} INFO - Sync 1 DAGs
[2025-11-18T16:12:31.381+0000] {logging_mixin.py:188} INFO - [2025-11-18T16:12:31.381+0000] {dag.py:3954} INFO - Setting next_dagrun for sodai_training_and_scoring to None, run_after=None
[2025-11-18T16:12:31.397+0000] {processor.py:183} INFO - Processing /opt/airflow/dags/sodai_pipeline_dag.py took 0.079 seconds
[2025-11-18T16:13:01.695+0000] {processor.py:161} INFO - Started process (PID=647) to work on /opt/airflow/dags/sodai_pipeline_dag.py
[2025-11-18T16:13:01.697+0000] {processor.py:830} INFO - Processing file /opt/airflow/dags/sodai_pipeline_dag.py for tasks to queue
[2025-11-18T16:13:01.701+0000] {logging_mixin.py:188} INFO - [2025-11-18T16:13:01.701+0000] {dagbag.py:540} INFO - Filling up the DagBag from /opt/airflow/dags/sodai_pipeline_dag.py
[2025-11-18T16:13:01.207+0000] {processor.py:840} INFO - DAG(s) 'sodai_training_and_scoring' retrieved from /opt/airflow/dags/sodai_pipeline_dag.py
[2025-11-18T16:13:01.233+0000] {logging_mixin.py:188} INFO - [2025-11-18T16:13:01.232+0000] {dag.py:3096} INFO - Sync 1 DAGs
[2025-11-18T16:13:01.256+0000] {logging_mixin.py:188} INFO - [2025-11-18T16:13:01.256+0000] {dag.py:3954} INFO - Setting next_dagrun for sodai_training_and_scoring to None, run_after=None
[2025-11-18T16:13:01.276+0000] {processor.py:183} INFO - Processing /opt/airflow/dags/sodai_pipeline_dag.py took 0.182 seconds
[2025-11-18T16:13:31.795+0000] {processor.py:161} INFO - Started process (PID=657) to work on /opt/airflow/dags/sodai_pipeline_dag.py
[2025-11-18T16:13:31.795+0000] {processor.py:830} INFO - Processing file /opt/airflow/dags/sodai_pipeline_dag.py for tasks to queue
[2025-11-18T16:13:31.797+0000] {logging_mixin.py:188} INFO - [2025-11-18T16:13:31.797+0000] {dagbag.py:540} INFO - Filling up the DagBag from /opt/airflow/dags/sodai_pipeline_dag.py
[2025-11-18T16:13:31.823+0000] {processor.py:840} INFO - DAG(s) 'sodai_training_and_scoring' retrieved from /opt/airflow/dags/sodai_pipeline_dag.py
[2025-11-18T16:13:31.845+0000] {logging_mixin.py:188} INFO - [2025-11-18T16:13:31.845+0000] {dag.py:3096} INFO - Sync 1 DAGs
[2025-11-18T16:13:31.856+0000] {logging_mixin.py:188} INFO - [2025-11-18T16:13:31.855+0000] {dag.py:3954} INFO - Setting next_dagrun for sodai_training_and_scoring to None, run_after=None
[2025-11-18T16:13:31.872+0000] {processor.py:183} INFO - Processing /opt/airflow/dags/sodai_pipeline_dag.py took 0.082 seconds
[2025-11-18T16:14:02.577+0000] {processor.py:161} INFO - Started process (PID=667) to work on /opt/airflow/dags/sodai_pipeline_dag.py
[2025-11-18T16:14:02.578+0000] {processor.py:830} INFO - Processing file /opt/airflow/dags/sodai_pipeline_dag.py for tasks to queue
[2025-11-18T16:14:02.580+0000] {logging_mixin.py:188} INFO - [2025-11-18T16:14:02.580+0000] {dagbag.py:540} INFO - Filling up the DagBag from /opt/airflow/dags/sodai_pipeline_dag.py
[2025-11-18T16:14:02.601+0000] {processor.py:840} INFO - DAG(s) 'sodai_training_and_scoring' retrieved from /opt/airflow/dags/sodai_pipeline_dag.py
[2025-11-18T16:14:02.624+0000] {logging_mixin.py:188} INFO - [2025-11-18T16:14:02.624+0000] {dag.py:3096} INFO - Sync 1 DAGs
[2025-11-18T16:14:02.635+0000] {logging_mixin.py:188} INFO - [2025-11-18T16:14:02.635+0000] {dag.py:3954} INFO - Setting next_dagrun for sodai_training_and_scoring to None, run_after=None
[2025-11-18T16:14:02.652+0000] {processor.py:183} INFO - Processing /opt/airflow/dags/sodai_pipeline_dag.py took 0.081 seconds
[2025-11-18T16:14:33.140+0000] {processor.py:161} INFO - Started process (PID=677) to work on /opt/airflow/dags/sodai_pipeline_dag.py
[2025-11-18T16:14:33.141+0000] {processor.py:830} INFO - Processing file /opt/airflow/dags/sodai_pipeline_dag.py for tasks to queue
[2025-11-18T16:14:33.142+0000] {logging_mixin.py:188} INFO - [2025-11-18T16:14:33.142+0000] {dagbag.py:540} INFO - Filling up the DagBag from /opt/airflow/dags/sodai_pipeline_dag.py
[2025-11-18T16:14:33.161+0000] {processor.py:840} INFO - DAG(s) 'sodai_training_and_scoring' retrieved from /opt/airflow/dags/sodai_pipeline_dag.py
[2025-11-18T16:14:33.183+0000] {logging_mixin.py:188} INFO - [2025-11-18T16:14:33.183+0000] {dag.py:3096} INFO - Sync 1 DAGs
[2025-11-18T16:14:33.193+0000] {logging_mixin.py:188} INFO - [2025-11-18T16:14:33.193+0000] {dag.py:3954} INFO - Setting next_dagrun for sodai_training_and_scoring to None, run_after=None
[2025-11-18T16:14:33.209+0000] {processor.py:183} INFO - Processing /opt/airflow/dags/sodai_pipeline_dag.py took 0.073 seconds
[2025-11-18T16:15:03.529+0000] {processor.py:161} INFO - Started process (PID=687) to work on /opt/airflow/dags/sodai_pipeline_dag.py
[2025-11-18T16:15:03.529+0000] {processor.py:830} INFO - Processing file /opt/airflow/dags/sodai_pipeline_dag.py for tasks to queue
[2025-11-18T16:15:03.531+0000] {logging_mixin.py:188} INFO - [2025-11-18T16:15:03.531+0000] {dagbag.py:540} INFO - Filling up the DagBag from /opt/airflow/dags/sodai_pipeline_dag.py
[2025-11-18T16:15:03.544+0000] {processor.py:840} INFO - DAG(s) 'sodai_training_and_scoring' retrieved from /opt/airflow/dags/sodai_pipeline_dag.py
[2025-11-18T16:15:03.563+0000] {logging_mixin.py:188} INFO - [2025-11-18T16:15:03.563+0000] {dag.py:3096} INFO - Sync 1 DAGs
[2025-11-18T16:15:03.573+0000] {logging_mixin.py:188} INFO - [2025-11-18T16:15:03.572+0000] {dag.py:3954} INFO - Setting next_dagrun for sodai_training_and_scoring to None, run_after=None
[2025-11-18T16:15:03.586+0000] {processor.py:183} INFO - Processing /opt/airflow/dags/sodai_pipeline_dag.py took 0.063 seconds
[2025-11-18T16:15:34.083+0000] {processor.py:161} INFO - Started process (PID=720) to work on /opt/airflow/dags/sodai_pipeline_dag.py
[2025-11-18T16:15:34.086+0000] {processor.py:830} INFO - Processing file /opt/airflow/dags/sodai_pipeline_dag.py for tasks to queue
[2025-11-18T16:15:34.087+0000] {logging_mixin.py:188} INFO - [2025-11-18T16:15:34.087+0000] {dagbag.py:540} INFO - Filling up the DagBag from /opt/airflow/dags/sodai_pipeline_dag.py
[2025-11-18T16:15:34.108+0000] {processor.py:840} INFO - DAG(s) 'sodai_training_and_scoring' retrieved from /opt/airflow/dags/sodai_pipeline_dag.py
[2025-11-18T16:15:34.129+0000] {logging_mixin.py:188} INFO - [2025-11-18T16:15:34.128+0000] {dag.py:3096} INFO - Sync 1 DAGs
[2025-11-18T16:15:34.138+0000] {logging_mixin.py:188} INFO - [2025-11-18T16:15:34.138+0000] {dag.py:3954} INFO - Setting next_dagrun for sodai_training_and_scoring to None, run_after=None
[2025-11-18T16:15:34.160+0000] {processor.py:183} INFO - Processing /opt/airflow/dags/sodai_pipeline_dag.py took 0.081 seconds
[2025-11-18T16:16:04.682+0000] {processor.py:161} INFO - Started process (PID=730) to work on /opt/airflow/dags/sodai_pipeline_dag.py
[2025-11-18T16:16:04.683+0000] {processor.py:830} INFO - Processing file /opt/airflow/dags/sodai_pipeline_dag.py for tasks to queue
[2025-11-18T16:16:04.684+0000] {logging_mixin.py:188} INFO - [2025-11-18T16:16:04.684+0000] {dagbag.py:540} INFO - Filling up the DagBag from /opt/airflow/dags/sodai_pipeline_dag.py
[2025-11-18T16:16:04.708+0000] {processor.py:840} INFO - DAG(s) 'sodai_training_and_scoring' retrieved from /opt/airflow/dags/sodai_pipeline_dag.py
[2025-11-18T16:16:04.731+0000] {logging_mixin.py:188} INFO - [2025-11-18T16:16:04.731+0000] {dag.py:3096} INFO - Sync 1 DAGs
[2025-11-18T16:16:04.744+0000] {logging_mixin.py:188} INFO - [2025-11-18T16:16:04.744+0000] {dag.py:3954} INFO - Setting next_dagrun for sodai_training_and_scoring to None, run_after=None
[2025-11-18T16:16:04.758+0000] {processor.py:183} INFO - Processing /opt/airflow/dags/sodai_pipeline_dag.py took 0.082 seconds
[2025-11-18T16:16:35.253+0000] {processor.py:161} INFO - Started process (PID=740) to work on /opt/airflow/dags/sodai_pipeline_dag.py
[2025-11-18T16:16:35.254+0000] {processor.py:830} INFO - Processing file /opt/airflow/dags/sodai_pipeline_dag.py for tasks to queue
[2025-11-18T16:16:35.257+0000] {logging_mixin.py:188} INFO - [2025-11-18T16:16:35.257+0000] {dagbag.py:540} INFO - Filling up the DagBag from /opt/airflow/dags/sodai_pipeline_dag.py
[2025-11-18T16:16:35.270+0000] {processor.py:840} INFO - DAG(s) 'sodai_training_and_scoring' retrieved from /opt/airflow/dags/sodai_pipeline_dag.py
[2025-11-18T16:16:35.293+0000] {logging_mixin.py:188} INFO - [2025-11-18T16:16:35.293+0000] {dag.py:3096} INFO - Sync 1 DAGs
[2025-11-18T16:16:35.304+0000] {logging_mixin.py:188} INFO - [2025-11-18T16:16:35.303+0000] {dag.py:3954} INFO - Setting next_dagrun for sodai_training_and_scoring to None, run_after=None
[2025-11-18T16:16:35.320+0000] {processor.py:183} INFO - Processing /opt/airflow/dags/sodai_pipeline_dag.py took 0.072 seconds
[2025-11-18T16:17:05.891+0000] {processor.py:161} INFO - Started process (PID=750) to work on /opt/airflow/dags/sodai_pipeline_dag.py
[2025-11-18T16:17:05.893+0000] {processor.py:830} INFO - Processing file /opt/airflow/dags/sodai_pipeline_dag.py for tasks to queue
[2025-11-18T16:17:05.894+0000] {logging_mixin.py:188} INFO - [2025-11-18T16:17:05.894+0000] {dagbag.py:540} INFO - Filling up the DagBag from /opt/airflow/dags/sodai_pipeline_dag.py
[2025-11-18T16:17:05.914+0000] {processor.py:840} INFO - DAG(s) 'sodai_training_and_scoring' retrieved from /opt/airflow/dags/sodai_pipeline_dag.py
[2025-11-18T16:17:05.934+0000] {logging_mixin.py:188} INFO - [2025-11-18T16:17:05.934+0000] {dag.py:3096} INFO - Sync 1 DAGs
[2025-11-18T16:17:05.948+0000] {logging_mixin.py:188} INFO - [2025-11-18T16:17:05.948+0000] {dag.py:3954} INFO - Setting next_dagrun for sodai_training_and_scoring to None, run_after=None
[2025-11-18T16:17:05.965+0000] {processor.py:183} INFO - Processing /opt/airflow/dags/sodai_pipeline_dag.py took 0.079 seconds
[2025-11-18T16:17:36.653+0000] {processor.py:161} INFO - Started process (PID=760) to work on /opt/airflow/dags/sodai_pipeline_dag.py
[2025-11-18T16:17:36.653+0000] {processor.py:830} INFO - Processing file /opt/airflow/dags/sodai_pipeline_dag.py for tasks to queue
[2025-11-18T16:17:36.657+0000] {logging_mixin.py:188} INFO - [2025-11-18T16:17:36.657+0000] {dagbag.py:540} INFO - Filling up the DagBag from /opt/airflow/dags/sodai_pipeline_dag.py
[2025-11-18T16:17:36.670+0000] {processor.py:840} INFO - DAG(s) 'sodai_training_and_scoring' retrieved from /opt/airflow/dags/sodai_pipeline_dag.py
[2025-11-18T16:17:36.691+0000] {logging_mixin.py:188} INFO - [2025-11-18T16:17:36.691+0000] {dag.py:3096} INFO - Sync 1 DAGs
[2025-11-18T16:17:36.701+0000] {logging_mixin.py:188} INFO - [2025-11-18T16:17:36.701+0000] {dag.py:3954} INFO - Setting next_dagrun for sodai_training_and_scoring to None, run_after=None
[2025-11-18T16:17:36.719+0000] {processor.py:183} INFO - Processing /opt/airflow/dags/sodai_pipeline_dag.py took 0.071 seconds
[2025-11-18T16:18:07.316+0000] {processor.py:161} INFO - Started process (PID=770) to work on /opt/airflow/dags/sodai_pipeline_dag.py
[2025-11-18T16:18:07.317+0000] {processor.py:830} INFO - Processing file /opt/airflow/dags/sodai_pipeline_dag.py for tasks to queue
[2025-11-18T16:18:07.321+0000] {logging_mixin.py:188} INFO - [2025-11-18T16:18:07.320+0000] {dagbag.py:540} INFO - Filling up the DagBag from /opt/airflow/dags/sodai_pipeline_dag.py
[2025-11-18T16:18:07.360+0000] {processor.py:840} INFO - DAG(s) 'sodai_training_and_scoring' retrieved from /opt/airflow/dags/sodai_pipeline_dag.py
[2025-11-18T16:18:07.383+0000] {logging_mixin.py:188} INFO - [2025-11-18T16:18:07.382+0000] {dag.py:3096} INFO - Sync 1 DAGs
[2025-11-18T16:18:07.394+0000] {logging_mixin.py:188} INFO - [2025-11-18T16:18:07.394+0000] {dag.py:3954} INFO - Setting next_dagrun for sodai_training_and_scoring to None, run_after=None
[2025-11-18T16:18:07.410+0000] {processor.py:183} INFO - Processing /opt/airflow/dags/sodai_pipeline_dag.py took 0.099 seconds
[2025-11-18T16:18:37.960+0000] {processor.py:161} INFO - Started process (PID=780) to work on /opt/airflow/dags/sodai_pipeline_dag.py
[2025-11-18T16:18:37.964+0000] {processor.py:830} INFO - Processing file /opt/airflow/dags/sodai_pipeline_dag.py for tasks to queue
[2025-11-18T16:18:37.966+0000] {logging_mixin.py:188} INFO - [2025-11-18T16:18:37.966+0000] {dagbag.py:540} INFO - Filling up the DagBag from /opt/airflow/dags/sodai_pipeline_dag.py
[2025-11-18T16:18:37.980+0000] {processor.py:840} INFO - DAG(s) 'sodai_training_and_scoring' retrieved from /opt/airflow/dags/sodai_pipeline_dag.py
[2025-11-18T16:18:38.002+0000] {logging_mixin.py:188} INFO - [2025-11-18T16:18:38.001+0000] {dag.py:3096} INFO - Sync 1 DAGs
[2025-11-18T16:18:38.010+0000] {logging_mixin.py:188} INFO - [2025-11-18T16:18:38.010+0000] {dag.py:3954} INFO - Setting next_dagrun for sodai_training_and_scoring to None, run_after=None
[2025-11-18T16:18:38.023+0000] {processor.py:183} INFO - Processing /opt/airflow/dags/sodai_pipeline_dag.py took 0.068 seconds
[2025-11-18T16:19:08.715+0000] {processor.py:161} INFO - Started process (PID=812) to work on /opt/airflow/dags/sodai_pipeline_dag.py
[2025-11-18T16:19:08.716+0000] {processor.py:830} INFO - Processing file /opt/airflow/dags/sodai_pipeline_dag.py for tasks to queue
[2025-11-18T16:19:08.717+0000] {logging_mixin.py:188} INFO - [2025-11-18T16:19:08.717+0000] {dagbag.py:540} INFO - Filling up the DagBag from /opt/airflow/dags/sodai_pipeline_dag.py
[2025-11-18T16:19:08.735+0000] {processor.py:840} INFO - DAG(s) 'sodai_training_and_scoring' retrieved from /opt/airflow/dags/sodai_pipeline_dag.py
[2025-11-18T16:19:08.756+0000] {logging_mixin.py:188} INFO - [2025-11-18T16:19:08.756+0000] {dag.py:3096} INFO - Sync 1 DAGs
[2025-11-18T16:19:08.766+0000] {logging_mixin.py:188} INFO - [2025-11-18T16:19:08.765+0000] {dag.py:3954} INFO - Setting next_dagrun for sodai_training_and_scoring to None, run_after=None
[2025-11-18T16:19:08.782+0000] {processor.py:183} INFO - Processing /opt/airflow/dags/sodai_pipeline_dag.py took 0.073 seconds
[2025-11-18T16:19:39.206+0000] {processor.py:161} INFO - Started process (PID=822) to work on /opt/airflow/dags/sodai_pipeline_dag.py
[2025-11-18T16:19:39.207+0000] {processor.py:830} INFO - Processing file /opt/airflow/dags/sodai_pipeline_dag.py for tasks to queue
[2025-11-18T16:19:39.208+0000] {logging_mixin.py:188} INFO - [2025-11-18T16:19:39.208+0000] {dagbag.py:540} INFO - Filling up the DagBag from /opt/airflow/dags/sodai_pipeline_dag.py
[2025-11-18T16:19:39.236+0000] {processor.py:840} INFO - DAG(s) 'sodai_training_and_scoring' retrieved from /opt/airflow/dags/sodai_pipeline_dag.py
[2025-11-18T16:19:39.258+0000] {logging_mixin.py:188} INFO - [2025-11-18T16:19:39.258+0000] {dag.py:3096} INFO - Sync 1 DAGs
[2025-11-18T16:19:39.269+0000] {logging_mixin.py:188} INFO - [2025-11-18T16:19:39.268+0000] {dag.py:3954} INFO - Setting next_dagrun for sodai_training_and_scoring to None, run_after=None
[2025-11-18T16:19:39.285+0000] {processor.py:183} INFO - Processing /opt/airflow/dags/sodai_pipeline_dag.py took 0.083 seconds
[2025-11-18T16:20:09.785+0000] {processor.py:161} INFO - Started process (PID=855) to work on /opt/airflow/dags/sodai_pipeline_dag.py
[2025-11-18T16:20:09.786+0000] {processor.py:830} INFO - Processing file /opt/airflow/dags/sodai_pipeline_dag.py for tasks to queue
[2025-11-18T16:20:09.788+0000] {logging_mixin.py:188} INFO - [2025-11-18T16:20:09.787+0000] {dagbag.py:540} INFO - Filling up the DagBag from /opt/airflow/dags/sodai_pipeline_dag.py
[2025-11-18T16:20:09.800+0000] {processor.py:840} INFO - DAG(s) 'sodai_training_and_scoring' retrieved from /opt/airflow/dags/sodai_pipeline_dag.py
[2025-11-18T16:20:09.824+0000] {logging_mixin.py:188} INFO - [2025-11-18T16:20:09.824+0000] {dag.py:3096} INFO - Sync 1 DAGs
[2025-11-18T16:20:09.834+0000] {logging_mixin.py:188} INFO - [2025-11-18T16:20:09.834+0000] {dag.py:3954} INFO - Setting next_dagrun for sodai_training_and_scoring to None, run_after=None
[2025-11-18T16:20:09.848+0000] {processor.py:183} INFO - Processing /opt/airflow/dags/sodai_pipeline_dag.py took 0.067 seconds
[2025-11-18T16:20:40.536+0000] {processor.py:161} INFO - Started process (PID=865) to work on /opt/airflow/dags/sodai_pipeline_dag.py
[2025-11-18T16:20:40.538+0000] {processor.py:830} INFO - Processing file /opt/airflow/dags/sodai_pipeline_dag.py for tasks to queue
[2025-11-18T16:20:40.540+0000] {logging_mixin.py:188} INFO - [2025-11-18T16:20:40.539+0000] {dagbag.py:540} INFO - Filling up the DagBag from /opt/airflow/dags/sodai_pipeline_dag.py
[2025-11-18T16:20:40.562+0000] {processor.py:840} INFO - DAG(s) 'sodai_training_and_scoring' retrieved from /opt/airflow/dags/sodai_pipeline_dag.py
[2025-11-18T16:20:40.593+0000] {logging_mixin.py:188} INFO - [2025-11-18T16:20:40.593+0000] {dag.py:3096} INFO - Sync 1 DAGs
[2025-11-18T16:20:40.604+0000] {logging_mixin.py:188} INFO - [2025-11-18T16:20:40.604+0000] {dag.py:3954} INFO - Setting next_dagrun for sodai_training_and_scoring to None, run_after=None
[2025-11-18T16:20:40.621+0000] {processor.py:183} INFO - Processing /opt/airflow/dags/sodai_pipeline_dag.py took 0.091 seconds
[2025-11-18T16:21:11.264+0000] {processor.py:161} INFO - Started process (PID=875) to work on /opt/airflow/dags/sodai_pipeline_dag.py
[2025-11-18T16:21:11.265+0000] {processor.py:830} INFO - Processing file /opt/airflow/dags/sodai_pipeline_dag.py for tasks to queue
[2025-11-18T16:21:11.267+0000] {logging_mixin.py:188} INFO - [2025-11-18T16:21:11.266+0000] {dagbag.py:540} INFO - Filling up the DagBag from /opt/airflow/dags/sodai_pipeline_dag.py
[2025-11-18T16:21:11.280+0000] {processor.py:840} INFO - DAG(s) 'sodai_training_and_scoring' retrieved from /opt/airflow/dags/sodai_pipeline_dag.py
[2025-11-18T16:21:11.303+0000] {logging_mixin.py:188} INFO - [2025-11-18T16:21:11.303+0000] {dag.py:3096} INFO - Sync 1 DAGs
[2025-11-18T16:21:11.313+0000] {logging_mixin.py:188} INFO - [2025-11-18T16:21:11.313+0000] {dag.py:3954} INFO - Setting next_dagrun for sodai_training_and_scoring to None, run_after=None
[2025-11-18T16:21:11.331+0000] {processor.py:183} INFO - Processing /opt/airflow/dags/sodai_pipeline_dag.py took 0.071 seconds
[2025-11-18T16:21:41.978+0000] {processor.py:161} INFO - Started process (PID=885) to work on /opt/airflow/dags/sodai_pipeline_dag.py
[2025-11-18T16:21:41.979+0000] {processor.py:830} INFO - Processing file /opt/airflow/dags/sodai_pipeline_dag.py for tasks to queue
[2025-11-18T16:21:41.980+0000] {logging_mixin.py:188} INFO - [2025-11-18T16:21:41.980+0000] {dagbag.py:540} INFO - Filling up the DagBag from /opt/airflow/dags/sodai_pipeline_dag.py
[2025-11-18T16:21:42.001+0000] {processor.py:840} INFO - DAG(s) 'sodai_training_and_scoring' retrieved from /opt/airflow/dags/sodai_pipeline_dag.py
[2025-11-18T16:21:42.023+0000] {logging_mixin.py:188} INFO - [2025-11-18T16:21:42.023+0000] {dag.py:3096} INFO - Sync 1 DAGs
[2025-11-18T16:21:42.034+0000] {logging_mixin.py:188} INFO - [2025-11-18T16:21:42.033+0000] {dag.py:3954} INFO - Setting next_dagrun for sodai_training_and_scoring to None, run_after=None
[2025-11-18T16:21:42.052+0000] {processor.py:183} INFO - Processing /opt/airflow/dags/sodai_pipeline_dag.py took 0.078 seconds
[2025-11-18T16:22:12.745+0000] {processor.py:161} INFO - Started process (PID=895) to work on /opt/airflow/dags/sodai_pipeline_dag.py
[2025-11-18T16:22:12.746+0000] {processor.py:830} INFO - Processing file /opt/airflow/dags/sodai_pipeline_dag.py for tasks to queue
[2025-11-18T16:22:12.748+0000] {logging_mixin.py:188} INFO - [2025-11-18T16:22:12.747+0000] {dagbag.py:540} INFO - Filling up the DagBag from /opt/airflow/dags/sodai_pipeline_dag.py
[2025-11-18T16:22:12.777+0000] {processor.py:840} INFO - DAG(s) 'sodai_training_and_scoring' retrieved from /opt/airflow/dags/sodai_pipeline_dag.py
[2025-11-18T16:22:12.799+0000] {logging_mixin.py:188} INFO - [2025-11-18T16:22:12.799+0000] {dag.py:3096} INFO - Sync 1 DAGs
[2025-11-18T16:22:12.811+0000] {logging_mixin.py:188} INFO - [2025-11-18T16:22:12.811+0000] {dag.py:3954} INFO - Setting next_dagrun for sodai_training_and_scoring to None, run_after=None
[2025-11-18T16:22:12.826+0000] {processor.py:183} INFO - Processing /opt/airflow/dags/sodai_pipeline_dag.py took 0.086 seconds
[2025-11-18T16:22:43.186+0000] {processor.py:161} INFO - Started process (PID=927) to work on /opt/airflow/dags/sodai_pipeline_dag.py
[2025-11-18T16:22:43.187+0000] {processor.py:830} INFO - Processing file /opt/airflow/dags/sodai_pipeline_dag.py for tasks to queue
[2025-11-18T16:22:43.188+0000] {logging_mixin.py:188} INFO - [2025-11-18T16:22:43.188+0000] {dagbag.py:540} INFO - Filling up the DagBag from /opt/airflow/dags/sodai_pipeline_dag.py
[2025-11-18T16:22:43.209+0000] {processor.py:840} INFO - DAG(s) 'sodai_training_and_scoring' retrieved from /opt/airflow/dags/sodai_pipeline_dag.py
[2025-11-18T16:22:43.230+0000] {logging_mixin.py:188} INFO - [2025-11-18T16:22:43.230+0000] {dag.py:3096} INFO - Sync 1 DAGs
[2025-11-18T16:22:43.240+0000] {logging_mixin.py:188} INFO - [2025-11-18T16:22:43.239+0000] {dag.py:3954} INFO - Setting next_dagrun for sodai_training_and_scoring to None, run_after=None
[2025-11-18T16:22:43.260+0000] {processor.py:183} INFO - Processing /opt/airflow/dags/sodai_pipeline_dag.py took 0.079 seconds
[2025-11-18T16:23:13.637+0000] {processor.py:161} INFO - Started process (PID=937) to work on /opt/airflow/dags/sodai_pipeline_dag.py
[2025-11-18T16:23:13.640+0000] {processor.py:830} INFO - Processing file /opt/airflow/dags/sodai_pipeline_dag.py for tasks to queue
[2025-11-18T16:23:13.643+0000] {logging_mixin.py:188} INFO - [2025-11-18T16:23:13.643+0000] {dagbag.py:540} INFO - Filling up the DagBag from /opt/airflow/dags/sodai_pipeline_dag.py
[2025-11-18T16:23:13.696+0000] {processor.py:840} INFO - DAG(s) 'sodai_training_and_scoring' retrieved from /opt/airflow/dags/sodai_pipeline_dag.py
[2025-11-18T16:23:13.722+0000] {logging_mixin.py:188} INFO - [2025-11-18T16:23:13.722+0000] {dag.py:3096} INFO - Sync 1 DAGs
[2025-11-18T16:23:13.732+0000] {logging_mixin.py:188} INFO - [2025-11-18T16:23:13.732+0000] {dag.py:3954} INFO - Setting next_dagrun for sodai_training_and_scoring to None, run_after=None
[2025-11-18T16:23:13.748+0000] {processor.py:183} INFO - Processing /opt/airflow/dags/sodai_pipeline_dag.py took 0.116 seconds
[2025-11-18T16:23:44.098+0000] {processor.py:161} INFO - Started process (PID=947) to work on /opt/airflow/dags/sodai_pipeline_dag.py
[2025-11-18T16:23:44.098+0000] {processor.py:830} INFO - Processing file /opt/airflow/dags/sodai_pipeline_dag.py for tasks to queue
[2025-11-18T16:23:44.100+0000] {logging_mixin.py:188} INFO - [2025-11-18T16:23:44.100+0000] {dagbag.py:540} INFO - Filling up the DagBag from /opt/airflow/dags/sodai_pipeline_dag.py
[2025-11-18T16:23:44.124+0000] {processor.py:840} INFO - DAG(s) 'sodai_training_and_scoring' retrieved from /opt/airflow/dags/sodai_pipeline_dag.py
[2025-11-18T16:23:44.145+0000] {logging_mixin.py:188} INFO - [2025-11-18T16:23:44.144+0000] {dag.py:3096} INFO - Sync 1 DAGs
[2025-11-18T16:23:44.156+0000] {logging_mixin.py:188} INFO - [2025-11-18T16:23:44.156+0000] {dag.py:3954} INFO - Setting next_dagrun for sodai_training_and_scoring to None, run_after=None
[2025-11-18T16:23:44.172+0000] {processor.py:183} INFO - Processing /opt/airflow/dags/sodai_pipeline_dag.py took 0.079 seconds
[2025-11-18T16:24:14.661+0000] {processor.py:161} INFO - Started process (PID=957) to work on /opt/airflow/dags/sodai_pipeline_dag.py
[2025-11-18T16:24:14.663+0000] {processor.py:830} INFO - Processing file /opt/airflow/dags/sodai_pipeline_dag.py for tasks to queue
[2025-11-18T16:24:14.665+0000] {logging_mixin.py:188} INFO - [2025-11-18T16:24:14.664+0000] {dagbag.py:540} INFO - Filling up the DagBag from /opt/airflow/dags/sodai_pipeline_dag.py
[2025-11-18T16:24:14.681+0000] {processor.py:840} INFO - DAG(s) 'sodai_training_and_scoring' retrieved from /opt/airflow/dags/sodai_pipeline_dag.py
[2025-11-18T16:24:14.700+0000] {logging_mixin.py:188} INFO - [2025-11-18T16:24:14.700+0000] {dag.py:3096} INFO - Sync 1 DAGs
[2025-11-18T16:24:14.710+0000] {logging_mixin.py:188} INFO - [2025-11-18T16:24:14.710+0000] {dag.py:3954} INFO - Setting next_dagrun for sodai_training_and_scoring to None, run_after=None
[2025-11-18T16:24:14.728+0000] {processor.py:183} INFO - Processing /opt/airflow/dags/sodai_pipeline_dag.py took 0.071 seconds
[2025-11-18T16:24:45.468+0000] {processor.py:161} INFO - Started process (PID=967) to work on /opt/airflow/dags/sodai_pipeline_dag.py
[2025-11-18T16:24:45.469+0000] {processor.py:830} INFO - Processing file /opt/airflow/dags/sodai_pipeline_dag.py for tasks to queue
[2025-11-18T16:24:45.470+0000] {logging_mixin.py:188} INFO - [2025-11-18T16:24:45.470+0000] {dagbag.py:540} INFO - Filling up the DagBag from /opt/airflow/dags/sodai_pipeline_dag.py
[2025-11-18T16:24:45.482+0000] {processor.py:840} INFO - DAG(s) 'sodai_training_and_scoring' retrieved from /opt/airflow/dags/sodai_pipeline_dag.py
[2025-11-18T16:24:45.501+0000] {logging_mixin.py:188} INFO - [2025-11-18T16:24:45.501+0000] {dag.py:3096} INFO - Sync 1 DAGs
[2025-11-18T16:24:45.511+0000] {logging_mixin.py:188} INFO - [2025-11-18T16:24:45.511+0000] {dag.py:3954} INFO - Setting next_dagrun for sodai_training_and_scoring to None, run_after=None
[2025-11-18T16:24:45.527+0000] {processor.py:183} INFO - Processing /opt/airflow/dags/sodai_pipeline_dag.py took 0.063 seconds
[2025-11-18T16:25:16.391+0000] {processor.py:161} INFO - Started process (PID=977) to work on /opt/airflow/dags/sodai_pipeline_dag.py
[2025-11-18T16:25:16.392+0000] {processor.py:830} INFO - Processing file /opt/airflow/dags/sodai_pipeline_dag.py for tasks to queue
[2025-11-18T16:25:16.393+0000] {logging_mixin.py:188} INFO - [2025-11-18T16:25:16.393+0000] {dagbag.py:540} INFO - Filling up the DagBag from /opt/airflow/dags/sodai_pipeline_dag.py
[2025-11-18T16:25:16.412+0000] {processor.py:840} INFO - DAG(s) 'sodai_training_and_scoring' retrieved from /opt/airflow/dags/sodai_pipeline_dag.py
[2025-11-18T16:25:16.433+0000] {logging_mixin.py:188} INFO - [2025-11-18T16:25:16.433+0000] {dag.py:3096} INFO - Sync 1 DAGs
[2025-11-18T16:25:16.443+0000] {logging_mixin.py:188} INFO - [2025-11-18T16:25:16.443+0000] {dag.py:3954} INFO - Setting next_dagrun for sodai_training_and_scoring to None, run_after=None
[2025-11-18T16:25:16.456+0000] {processor.py:183} INFO - Processing /opt/airflow/dags/sodai_pipeline_dag.py took 0.070 seconds
[2025-11-18T16:25:47.253+0000] {processor.py:161} INFO - Started process (PID=987) to work on /opt/airflow/dags/sodai_pipeline_dag.py
[2025-11-18T16:25:47.256+0000] {processor.py:830} INFO - Processing file /opt/airflow/dags/sodai_pipeline_dag.py for tasks to queue
[2025-11-18T16:25:47.257+0000] {logging_mixin.py:188} INFO - [2025-11-18T16:25:47.257+0000] {dagbag.py:540} INFO - Filling up the DagBag from /opt/airflow/dags/sodai_pipeline_dag.py
[2025-11-18T16:25:47.278+0000] {processor.py:840} INFO - DAG(s) 'sodai_training_and_scoring' retrieved from /opt/airflow/dags/sodai_pipeline_dag.py
[2025-11-18T16:25:47.300+0000] {logging_mixin.py:188} INFO - [2025-11-18T16:25:47.300+0000] {dag.py:3096} INFO - Sync 1 DAGs
[2025-11-18T16:25:47.310+0000] {logging_mixin.py:188} INFO - [2025-11-18T16:25:47.310+0000] {dag.py:3954} INFO - Setting next_dagrun for sodai_training_and_scoring to None, run_after=None
[2025-11-18T16:25:47.327+0000] {processor.py:183} INFO - Processing /opt/airflow/dags/sodai_pipeline_dag.py took 0.079 seconds
[2025-11-18T16:26:17.864+0000] {processor.py:161} INFO - Started process (PID=997) to work on /opt/airflow/dags/sodai_pipeline_dag.py
[2025-11-18T16:26:17.864+0000] {processor.py:830} INFO - Processing file /opt/airflow/dags/sodai_pipeline_dag.py for tasks to queue
[2025-11-18T16:26:17.867+0000] {logging_mixin.py:188} INFO - [2025-11-18T16:26:17.866+0000] {dagbag.py:540} INFO - Filling up the DagBag from /opt/airflow/dags/sodai_pipeline_dag.py
[2025-11-18T16:26:17.881+0000] {processor.py:840} INFO - DAG(s) 'sodai_training_and_scoring' retrieved from /opt/airflow/dags/sodai_pipeline_dag.py
[2025-11-18T16:26:17.903+0000] {logging_mixin.py:188} INFO - [2025-11-18T16:26:17.903+0000] {dag.py:3096} INFO - Sync 1 DAGs
[2025-11-18T16:26:17.912+0000] {logging_mixin.py:188} INFO - [2025-11-18T16:26:17.912+0000] {dag.py:3954} INFO - Setting next_dagrun for sodai_training_and_scoring to None, run_after=None
[2025-11-18T16:26:17.927+0000] {processor.py:183} INFO - Processing /opt/airflow/dags/sodai_pipeline_dag.py took 0.068 seconds
[2025-11-18T16:26:48.593+0000] {processor.py:161} INFO - Started process (PID=1007) to work on /opt/airflow/dags/sodai_pipeline_dag.py
[2025-11-18T16:26:48.594+0000] {processor.py:830} INFO - Processing file /opt/airflow/dags/sodai_pipeline_dag.py for tasks to queue
[2025-11-18T16:26:48.595+0000] {logging_mixin.py:188} INFO - [2025-11-18T16:26:48.595+0000] {dagbag.py:540} INFO - Filling up the DagBag from /opt/airflow/dags/sodai_pipeline_dag.py
[2025-11-18T16:26:48.626+0000] {processor.py:840} INFO - DAG(s) 'sodai_training_and_scoring' retrieved from /opt/airflow/dags/sodai_pipeline_dag.py
[2025-11-18T16:26:48.649+0000] {logging_mixin.py:188} INFO - [2025-11-18T16:26:48.649+0000] {dag.py:3096} INFO - Sync 1 DAGs
[2025-11-18T16:26:48.659+0000] {logging_mixin.py:188} INFO - [2025-11-18T16:26:48.659+0000] {dag.py:3954} INFO - Setting next_dagrun for sodai_training_and_scoring to None, run_after=None
[2025-11-18T16:26:48.675+0000] {processor.py:183} INFO - Processing /opt/airflow/dags/sodai_pipeline_dag.py took 0.088 seconds
[2025-11-18T16:27:19.182+0000] {processor.py:161} INFO - Started process (PID=1017) to work on /opt/airflow/dags/sodai_pipeline_dag.py
[2025-11-18T16:27:19.187+0000] {processor.py:830} INFO - Processing file /opt/airflow/dags/sodai_pipeline_dag.py for tasks to queue
[2025-11-18T16:27:19.189+0000] {logging_mixin.py:188} INFO - [2025-11-18T16:27:19.189+0000] {dagbag.py:540} INFO - Filling up the DagBag from /opt/airflow/dags/sodai_pipeline_dag.py
[2025-11-18T16:27:19.220+0000] {processor.py:840} INFO - DAG(s) 'sodai_training_and_scoring' retrieved from /opt/airflow/dags/sodai_pipeline_dag.py
[2025-11-18T16:27:19.244+0000] {logging_mixin.py:188} INFO - [2025-11-18T16:27:19.244+0000] {dag.py:3096} INFO - Sync 1 DAGs
[2025-11-18T16:27:19.254+0000] {logging_mixin.py:188} INFO - [2025-11-18T16:27:19.253+0000] {dag.py:3954} INFO - Setting next_dagrun for sodai_training_and_scoring to None, run_after=None
[2025-11-18T16:27:19.268+0000] {processor.py:183} INFO - Processing /opt/airflow/dags/sodai_pipeline_dag.py took 0.090 seconds
[2025-11-18T16:27:49.884+0000] {processor.py:161} INFO - Started process (PID=1027) to work on /opt/airflow/dags/sodai_pipeline_dag.py
[2025-11-18T16:27:49.885+0000] {processor.py:830} INFO - Processing file /opt/airflow/dags/sodai_pipeline_dag.py for tasks to queue
[2025-11-18T16:27:49.887+0000] {logging_mixin.py:188} INFO - [2025-11-18T16:27:49.887+0000] {dagbag.py:540} INFO - Filling up the DagBag from /opt/airflow/dags/sodai_pipeline_dag.py
[2025-11-18T16:27:49.914+0000] {processor.py:840} INFO - DAG(s) 'sodai_training_and_scoring' retrieved from /opt/airflow/dags/sodai_pipeline_dag.py
[2025-11-18T16:27:49.937+0000] {logging_mixin.py:188} INFO - [2025-11-18T16:27:49.937+0000] {dag.py:3096} INFO - Sync 1 DAGs
[2025-11-18T16:27:49.950+0000] {logging_mixin.py:188} INFO - [2025-11-18T16:27:49.950+0000] {dag.py:3954} INFO - Setting next_dagrun for sodai_training_and_scoring to None, run_after=None
[2025-11-18T16:27:49.966+0000] {processor.py:183} INFO - Processing /opt/airflow/dags/sodai_pipeline_dag.py took 0.088 seconds
[2025-11-18T16:28:20.422+0000] {processor.py:161} INFO - Started process (PID=1037) to work on /opt/airflow/dags/sodai_pipeline_dag.py
[2025-11-18T16:28:20.422+0000] {processor.py:830} INFO - Processing file /opt/airflow/dags/sodai_pipeline_dag.py for tasks to queue
[2025-11-18T16:28:20.424+0000] {logging_mixin.py:188} INFO - [2025-11-18T16:28:20.424+0000] {dagbag.py:540} INFO - Filling up the DagBag from /opt/airflow/dags/sodai_pipeline_dag.py
[2025-11-18T16:28:20.443+0000] {processor.py:840} INFO - DAG(s) 'sodai_training_and_scoring' retrieved from /opt/airflow/dags/sodai_pipeline_dag.py
[2025-11-18T16:28:20.463+0000] {logging_mixin.py:188} INFO - [2025-11-18T16:28:20.463+0000] {dag.py:3096} INFO - Sync 1 DAGs
[2025-11-18T16:28:20.473+0000] {logging_mixin.py:188} INFO - [2025-11-18T16:28:20.473+0000] {dag.py:3954} INFO - Setting next_dagrun for sodai_training_and_scoring to None, run_after=None
[2025-11-18T16:28:20.489+0000] {processor.py:183} INFO - Processing /opt/airflow/dags/sodai_pipeline_dag.py took 0.073 seconds
[2025-11-18T16:28:50.567+0000] {processor.py:161} INFO - Started process (PID=1052) to work on /opt/airflow/dags/sodai_pipeline_dag.py
[2025-11-18T16:28:50.568+0000] {processor.py:830} INFO - Processing file /opt/airflow/dags/sodai_pipeline_dag.py for tasks to queue
[2025-11-18T16:28:50.569+0000] {logging_mixin.py:188} INFO - [2025-11-18T16:28:50.569+0000] {dagbag.py:540} INFO - Filling up the DagBag from /opt/airflow/dags/sodai_pipeline_dag.py
[2025-11-18T16:28:50.587+0000] {processor.py:840} INFO - DAG(s) 'sodai_training_and_scoring' retrieved from /opt/airflow/dags/sodai_pipeline_dag.py
[2025-11-18T16:28:50.609+0000] {logging_mixin.py:188} INFO - [2025-11-18T16:28:50.609+0000] {dag.py:3096} INFO - Sync 1 DAGs
[2025-11-18T16:28:50.619+0000] {logging_mixin.py:188} INFO - [2025-11-18T16:28:50.619+0000] {dag.py:3954} INFO - Setting next_dagrun for sodai_training_and_scoring to None, run_after=None
[2025-11-18T16:28:50.633+0000] {processor.py:183} INFO - Processing /opt/airflow/dags/sodai_pipeline_dag.py took 0.070 seconds
[2025-11-18T16:29:20.971+0000] {processor.py:161} INFO - Started process (PID=1057) to work on /opt/airflow/dags/sodai_pipeline_dag.py
[2025-11-18T16:29:20.973+0000] {processor.py:830} INFO - Processing file /opt/airflow/dags/sodai_pipeline_dag.py for tasks to queue
[2025-11-18T16:29:20.975+0000] {logging_mixin.py:188} INFO - [2025-11-18T16:29:20.974+0000] {dagbag.py:540} INFO - Filling up the DagBag from /opt/airflow/dags/sodai_pipeline_dag.py
[2025-11-18T16:29:21.001+0000] {processor.py:840} INFO - DAG(s) 'sodai_training_and_scoring' retrieved from /opt/airflow/dags/sodai_pipeline_dag.py
[2025-11-18T16:29:21.021+0000] {logging_mixin.py:188} INFO - [2025-11-18T16:29:21.020+0000] {dag.py:3096} INFO - Sync 1 DAGs
[2025-11-18T16:29:21.031+0000] {logging_mixin.py:188} INFO - [2025-11-18T16:29:21.031+0000] {dag.py:3954} INFO - Setting next_dagrun for sodai_training_and_scoring to None, run_after=None
[2025-11-18T16:29:21.047+0000] {processor.py:183} INFO - Processing /opt/airflow/dags/sodai_pipeline_dag.py took 0.081 seconds
[2025-11-18T16:29:51.466+0000] {processor.py:161} INFO - Started process (PID=1067) to work on /opt/airflow/dags/sodai_pipeline_dag.py
[2025-11-18T16:29:51.467+0000] {processor.py:830} INFO - Processing file /opt/airflow/dags/sodai_pipeline_dag.py for tasks to queue
[2025-11-18T16:29:51.469+0000] {logging_mixin.py:188} INFO - [2025-11-18T16:29:51.468+0000] {dagbag.py:540} INFO - Filling up the DagBag from /opt/airflow/dags/sodai_pipeline_dag.py
[2025-11-18T16:29:51.483+0000] {processor.py:840} INFO - DAG(s) 'sodai_training_and_scoring' retrieved from /opt/airflow/dags/sodai_pipeline_dag.py
[2025-11-18T16:29:51.506+0000] {logging_mixin.py:188} INFO - [2025-11-18T16:29:51.506+0000] {dag.py:3096} INFO - Sync 1 DAGs
[2025-11-18T16:29:51.517+0000] {logging_mixin.py:188} INFO - [2025-11-18T16:29:51.516+0000] {dag.py:3954} INFO - Setting next_dagrun for sodai_training_and_scoring to None, run_after=None
[2025-11-18T16:29:51.532+0000] {processor.py:183} INFO - Processing /opt/airflow/dags/sodai_pipeline_dag.py took 0.070 seconds
[2025-11-18T16:30:22.096+0000] {processor.py:161} INFO - Started process (PID=1077) to work on /opt/airflow/dags/sodai_pipeline_dag.py
[2025-11-18T16:30:22.097+0000] {processor.py:830} INFO - Processing file /opt/airflow/dags/sodai_pipeline_dag.py for tasks to queue
[2025-11-18T16:30:22.099+0000] {logging_mixin.py:188} INFO - [2025-11-18T16:30:22.099+0000] {dagbag.py:540} INFO - Filling up the DagBag from /opt/airflow/dags/sodai_pipeline_dag.py
[2025-11-18T16:30:22.121+0000] {processor.py:840} INFO - DAG(s) 'sodai_training_and_scoring' retrieved from /opt/airflow/dags/sodai_pipeline_dag.py
[2025-11-18T16:30:22.143+0000] {logging_mixin.py:188} INFO - [2025-11-18T16:30:22.142+0000] {dag.py:3096} INFO - Sync 1 DAGs
[2025-11-18T16:30:22.153+0000] {logging_mixin.py:188} INFO - [2025-11-18T16:30:22.153+0000] {dag.py:3954} INFO - Setting next_dagrun for sodai_training_and_scoring to None, run_after=None
[2025-11-18T16:30:22.167+0000] {processor.py:183} INFO - Processing /opt/airflow/dags/sodai_pipeline_dag.py took 0.078 seconds
[2025-11-18T16:30:52.590+0000] {processor.py:161} INFO - Started process (PID=1087) to work on /opt/airflow/dags/sodai_pipeline_dag.py
[2025-11-18T16:30:52.591+0000] {processor.py:830} INFO - Processing file /opt/airflow/dags/sodai_pipeline_dag.py for tasks to queue
[2025-11-18T16:30:52.593+0000] {logging_mixin.py:188} INFO - [2025-11-18T16:30:52.592+0000] {dagbag.py:540} INFO - Filling up the DagBag from /opt/airflow/dags/sodai_pipeline_dag.py
[2025-11-18T16:30:52.613+0000] {processor.py:840} INFO - DAG(s) 'sodai_training_and_scoring' retrieved from /opt/airflow/dags/sodai_pipeline_dag.py
[2025-11-18T16:30:52.635+0000] {logging_mixin.py:188} INFO - [2025-11-18T16:30:52.635+0000] {dag.py:3096} INFO - Sync 1 DAGs
[2025-11-18T16:30:52.644+0000] {logging_mixin.py:188} INFO - [2025-11-18T16:30:52.643+0000] {dag.py:3954} INFO - Setting next_dagrun for sodai_training_and_scoring to None, run_after=None
[2025-11-18T16:30:52.658+0000] {processor.py:183} INFO - Processing /opt/airflow/dags/sodai_pipeline_dag.py took 0.072 seconds
[2025-11-18T16:31:23.206+0000] {processor.py:161} INFO - Started process (PID=1097) to work on /opt/airflow/dags/sodai_pipeline_dag.py
[2025-11-18T16:31:23.207+0000] {processor.py:830} INFO - Processing file /opt/airflow/dags/sodai_pipeline_dag.py for tasks to queue
[2025-11-18T16:31:23.210+0000] {logging_mixin.py:188} INFO - [2025-11-18T16:31:23.209+0000] {dagbag.py:540} INFO - Filling up the DagBag from /opt/airflow/dags/sodai_pipeline_dag.py
[2025-11-18T16:31:23.225+0000] {processor.py:840} INFO - DAG(s) 'sodai_training_and_scoring' retrieved from /opt/airflow/dags/sodai_pipeline_dag.py
[2025-11-18T16:31:23.248+0000] {logging_mixin.py:188} INFO - [2025-11-18T16:31:23.248+0000] {dag.py:3096} INFO - Sync 1 DAGs
[2025-11-18T16:31:23.257+0000] {logging_mixin.py:188} INFO - [2025-11-18T16:31:23.257+0000] {dag.py:3954} INFO - Setting next_dagrun for sodai_training_and_scoring to None, run_after=None
[2025-11-18T16:31:23.277+0000] {processor.py:183} INFO - Processing /opt/airflow/dags/sodai_pipeline_dag.py took 0.078 seconds
[2025-11-18T16:31:53.811+0000] {processor.py:161} INFO - Started process (PID=1107) to work on /opt/airflow/dags/sodai_pipeline_dag.py
[2025-11-18T16:31:53.812+0000] {processor.py:830} INFO - Processing file /opt/airflow/dags/sodai_pipeline_dag.py for tasks to queue
[2025-11-18T16:31:53.813+0000] {logging_mixin.py:188} INFO - [2025-11-18T16:31:53.813+0000] {dagbag.py:540} INFO - Filling up the DagBag from /opt/airflow/dags/sodai_pipeline_dag.py
[2025-11-18T16:31:53.831+0000] {processor.py:840} INFO - DAG(s) 'sodai_training_and_scoring' retrieved from /opt/airflow/dags/sodai_pipeline_dag.py
[2025-11-18T16:31:53.852+0000] {logging_mixin.py:188} INFO - [2025-11-18T16:31:53.852+0000] {dag.py:3096} INFO - Sync 1 DAGs
[2025-11-18T16:31:53.862+0000] {logging_mixin.py:188} INFO - [2025-11-18T16:31:53.862+0000] {dag.py:3954} INFO - Setting next_dagrun for sodai_training_and_scoring to None, run_after=None
[2025-11-18T16:31:53.875+0000] {processor.py:183} INFO - Processing /opt/airflow/dags/sodai_pipeline_dag.py took 0.069 seconds
[2025-11-18T16:32:24.550+0000] {processor.py:161} INFO - Started process (PID=1117) to work on /opt/airflow/dags/sodai_pipeline_dag.py
[2025-11-18T16:32:24.553+0000] {processor.py:830} INFO - Processing file /opt/airflow/dags/sodai_pipeline_dag.py for tasks to queue
[2025-11-18T16:32:24.555+0000] {logging_mixin.py:188} INFO - [2025-11-18T16:32:24.555+0000] {dagbag.py:540} INFO - Filling up the DagBag from /opt/airflow/dags/sodai_pipeline_dag.py
[2025-11-18T16:32:24.568+0000] {processor.py:840} INFO - DAG(s) 'sodai_training_and_scoring' retrieved from /opt/airflow/dags/sodai_pipeline_dag.py
[2025-11-18T16:32:24.590+0000] {logging_mixin.py:188} INFO - [2025-11-18T16:32:24.590+0000] {dag.py:3096} INFO - Sync 1 DAGs
[2025-11-18T16:32:24.600+0000] {logging_mixin.py:188} INFO - [2025-11-18T16:32:24.599+0000] {dag.py:3954} INFO - Setting next_dagrun for sodai_training_and_scoring to None, run_after=None
[2025-11-18T16:32:24.616+0000] {processor.py:183} INFO - Processing /opt/airflow/dags/sodai_pipeline_dag.py took 0.072 seconds
[2025-11-18T16:32:55.197+0000] {processor.py:161} INFO - Started process (PID=1127) to work on /opt/airflow/dags/sodai_pipeline_dag.py
[2025-11-18T16:32:55.198+0000] {processor.py:830} INFO - Processing file /opt/airflow/dags/sodai_pipeline_dag.py for tasks to queue
[2025-11-18T16:32:55.199+0000] {logging_mixin.py:188} INFO - [2025-11-18T16:32:55.199+0000] {dagbag.py:540} INFO - Filling up the DagBag from /opt/airflow/dags/sodai_pipeline_dag.py
[2025-11-18T16:32:55.217+0000] {processor.py:840} INFO - DAG(s) 'sodai_training_and_scoring' retrieved from /opt/airflow/dags/sodai_pipeline_dag.py
[2025-11-18T16:32:55.237+0000] {logging_mixin.py:188} INFO - [2025-11-18T16:32:55.237+0000] {dag.py:3096} INFO - Sync 1 DAGs
[2025-11-18T16:32:55.248+0000] {logging_mixin.py:188} INFO - [2025-11-18T16:32:55.248+0000] {dag.py:3954} INFO - Setting next_dagrun for sodai_training_and_scoring to None, run_after=None
[2025-11-18T16:32:55.262+0000] {processor.py:183} INFO - Processing /opt/airflow/dags/sodai_pipeline_dag.py took 0.071 seconds
[2025-11-18T16:33:25.765+0000] {processor.py:161} INFO - Started process (PID=1137) to work on /opt/airflow/dags/sodai_pipeline_dag.py
[2025-11-18T16:33:25.767+0000] {processor.py:830} INFO - Processing file /opt/airflow/dags/sodai_pipeline_dag.py for tasks to queue
[2025-11-18T16:33:25.769+0000] {logging_mixin.py:188} INFO - [2025-11-18T16:33:25.768+0000] {dagbag.py:540} INFO - Filling up the DagBag from /opt/airflow/dags/sodai_pipeline_dag.py
[2025-11-18T16:33:25.789+0000] {processor.py:840} INFO - DAG(s) 'sodai_training_and_scoring' retrieved from /opt/airflow/dags/sodai_pipeline_dag.py
[2025-11-18T16:33:25.811+0000] {logging_mixin.py:188} INFO - [2025-11-18T16:33:25.810+0000] {dag.py:3096} INFO - Sync 1 DAGs
[2025-11-18T16:33:25.826+0000] {logging_mixin.py:188} INFO - [2025-11-18T16:33:25.826+0000] {dag.py:3954} INFO - Setting next_dagrun for sodai_training_and_scoring to None, run_after=None
[2025-11-18T16:33:25.842+0000] {processor.py:183} INFO - Processing /opt/airflow/dags/sodai_pipeline_dag.py took 0.082 seconds
[2025-11-18T16:33:56.443+0000] {processor.py:161} INFO - Started process (PID=1147) to work on /opt/airflow/dags/sodai_pipeline_dag.py
[2025-11-18T16:33:56.444+0000] {processor.py:830} INFO - Processing file /opt/airflow/dags/sodai_pipeline_dag.py for tasks to queue
[2025-11-18T16:33:56.445+0000] {logging_mixin.py:188} INFO - [2025-11-18T16:33:56.445+0000] {dagbag.py:540} INFO - Filling up the DagBag from /opt/airflow/dags/sodai_pipeline_dag.py
[2025-11-18T16:33:56.465+0000] {processor.py:840} INFO - DAG(s) 'sodai_training_and_scoring' retrieved from /opt/airflow/dags/sodai_pipeline_dag.py
[2025-11-18T16:33:56.490+0000] {logging_mixin.py:188} INFO - [2025-11-18T16:33:56.489+0000] {dag.py:3096} INFO - Sync 1 DAGs
[2025-11-18T16:33:56.500+0000] {logging_mixin.py:188} INFO - [2025-11-18T16:33:56.500+0000] {dag.py:3954} INFO - Setting next_dagrun for sodai_training_and_scoring to None, run_after=None
[2025-11-18T16:33:56.517+0000] {processor.py:183} INFO - Processing /opt/airflow/dags/sodai_pipeline_dag.py took 0.079 seconds
[2025-11-18T16:34:27.128+0000] {processor.py:161} INFO - Started process (PID=1157) to work on /opt/airflow/dags/sodai_pipeline_dag.py
[2025-11-18T16:34:27.129+0000] {processor.py:830} INFO - Processing file /opt/airflow/dags/sodai_pipeline_dag.py for tasks to queue
[2025-11-18T16:34:27.131+0000] {logging_mixin.py:188} INFO - [2025-11-18T16:34:27.131+0000] {dagbag.py:540} INFO - Filling up the DagBag from /opt/airflow/dags/sodai_pipeline_dag.py
[2025-11-18T16:34:27.148+0000] {processor.py:840} INFO - DAG(s) 'sodai_training_and_scoring' retrieved from /opt/airflow/dags/sodai_pipeline_dag.py
[2025-11-18T16:34:27.170+0000] {logging_mixin.py:188} INFO - [2025-11-18T16:34:27.170+0000] {dag.py:3096} INFO - Sync 1 DAGs
[2025-11-18T16:34:27.180+0000] {logging_mixin.py:188} INFO - [2025-11-18T16:34:27.180+0000] {dag.py:3954} INFO - Setting next_dagrun for sodai_training_and_scoring to None, run_after=None
[2025-11-18T16:34:27.195+0000] {processor.py:183} INFO - Processing /opt/airflow/dags/sodai_pipeline_dag.py took 0.072 seconds
[2025-11-18T16:34:57.682+0000] {processor.py:161} INFO - Started process (PID=1167) to work on /opt/airflow/dags/sodai_pipeline_dag.py
[2025-11-18T16:34:57.683+0000] {processor.py:830} INFO - Processing file /opt/airflow/dags/sodai_pipeline_dag.py for tasks to queue
[2025-11-18T16:34:57.685+0000] {logging_mixin.py:188} INFO - [2025-11-18T16:34:57.684+0000] {dagbag.py:540} INFO - Filling up the DagBag from /opt/airflow/dags/sodai_pipeline_dag.py
[2025-11-18T16:34:57.704+0000] {processor.py:840} INFO - DAG(s) 'sodai_training_and_scoring' retrieved from /opt/airflow/dags/sodai_pipeline_dag.py
[2025-11-18T16:34:57.726+0000] {logging_mixin.py:188} INFO - [2025-11-18T16:34:57.725+0000] {dag.py:3096} INFO - Sync 1 DAGs
[2025-11-18T16:34:57.736+0000] {logging_mixin.py:188} INFO - [2025-11-18T16:34:57.736+0000] {dag.py:3954} INFO - Setting next_dagrun for sodai_training_and_scoring to None, run_after=None
[2025-11-18T16:34:57.757+0000] {processor.py:183} INFO - Processing /opt/airflow/dags/sodai_pipeline_dag.py took 0.080 seconds
[2025-11-18T16:35:28.273+0000] {processor.py:161} INFO - Started process (PID=1177) to work on /opt/airflow/dags/sodai_pipeline_dag.py
[2025-11-18T16:35:28.274+0000] {processor.py:830} INFO - Processing file /opt/airflow/dags/sodai_pipeline_dag.py for tasks to queue
[2025-11-18T16:35:28.276+0000] {logging_mixin.py:188} INFO - [2025-11-18T16:35:28.276+0000] {dagbag.py:540} INFO - Filling up the DagBag from /opt/airflow/dags/sodai_pipeline_dag.py
[2025-11-18T16:35:28.290+0000] {processor.py:840} INFO - DAG(s) 'sodai_training_and_scoring' retrieved from /opt/airflow/dags/sodai_pipeline_dag.py
[2025-11-18T16:35:28.317+0000] {logging_mixin.py:188} INFO - [2025-11-18T16:35:28.317+0000] {dag.py:3096} INFO - Sync 1 DAGs
[2025-11-18T16:35:28.326+0000] {logging_mixin.py:188} INFO - [2025-11-18T16:35:28.326+0000] {dag.py:3954} INFO - Setting next_dagrun for sodai_training_and_scoring to None, run_after=None
[2025-11-18T16:35:28.343+0000] {processor.py:183} INFO - Processing /opt/airflow/dags/sodai_pipeline_dag.py took 0.075 seconds
[2025-11-18T16:35:58.720+0000] {processor.py:161} INFO - Started process (PID=1187) to work on /opt/airflow/dags/sodai_pipeline_dag.py
[2025-11-18T16:35:58.721+0000] {processor.py:830} INFO - Processing file /opt/airflow/dags/sodai_pipeline_dag.py for tasks to queue
[2025-11-18T16:35:58.723+0000] {logging_mixin.py:188} INFO - [2025-11-18T16:35:58.723+0000] {dagbag.py:540} INFO - Filling up the DagBag from /opt/airflow/dags/sodai_pipeline_dag.py
[2025-11-18T16:35:58.739+0000] {processor.py:840} INFO - DAG(s) 'sodai_training_and_scoring' retrieved from /opt/airflow/dags/sodai_pipeline_dag.py
[2025-11-18T16:35:58.760+0000] {logging_mixin.py:188} INFO - [2025-11-18T16:35:58.759+0000] {dag.py:3096} INFO - Sync 1 DAGs
[2025-11-18T16:35:58.771+0000] {logging_mixin.py:188} INFO - [2025-11-18T16:35:58.771+0000] {dag.py:3954} INFO - Setting next_dagrun for sodai_training_and_scoring to None, run_after=None
[2025-11-18T16:35:58.785+0000] {processor.py:183} INFO - Processing /opt/airflow/dags/sodai_pipeline_dag.py took 0.070 seconds
[2025-11-18T16:36:29.458+0000] {processor.py:161} INFO - Started process (PID=1197) to work on /opt/airflow/dags/sodai_pipeline_dag.py
[2025-11-18T16:36:29.459+0000] {processor.py:830} INFO - Processing file /opt/airflow/dags/sodai_pipeline_dag.py for tasks to queue
[2025-11-18T16:36:29.464+0000] {logging_mixin.py:188} INFO - [2025-11-18T16:36:29.464+0000] {dagbag.py:540} INFO - Filling up the DagBag from /opt/airflow/dags/sodai_pipeline_dag.py
[2025-11-18T16:36:29.497+0000] {processor.py:840} INFO - DAG(s) 'sodai_training_and_scoring' retrieved from /opt/airflow/dags/sodai_pipeline_dag.py
[2025-11-18T16:36:29.523+0000] {logging_mixin.py:188} INFO - [2025-11-18T16:36:29.522+0000] {dag.py:3096} INFO - Sync 1 DAGs
[2025-11-18T16:36:29.533+0000] {logging_mixin.py:188} INFO - [2025-11-18T16:36:29.533+0000] {dag.py:3954} INFO - Setting next_dagrun for sodai_training_and_scoring to None, run_after=None
[2025-11-18T16:36:29.549+0000] {processor.py:183} INFO - Processing /opt/airflow/dags/sodai_pipeline_dag.py took 0.097 seconds
[2025-11-18T16:37:00.115+0000] {processor.py:161} INFO - Started process (PID=1207) to work on /opt/airflow/dags/sodai_pipeline_dag.py
[2025-11-18T16:37:00.118+0000] {processor.py:830} INFO - Processing file /opt/airflow/dags/sodai_pipeline_dag.py for tasks to queue
[2025-11-18T16:37:00.120+0000] {logging_mixin.py:188} INFO - [2025-11-18T16:37:00.119+0000] {dagbag.py:540} INFO - Filling up the DagBag from /opt/airflow/dags/sodai_pipeline_dag.py
[2025-11-18T16:37:00.138+0000] {processor.py:840} INFO - DAG(s) 'sodai_training_and_scoring' retrieved from /opt/airflow/dags/sodai_pipeline_dag.py
[2025-11-18T16:37:00.161+0000] {logging_mixin.py:188} INFO - [2025-11-18T16:37:00.161+0000] {dag.py:3096} INFO - Sync 1 DAGs
[2025-11-18T16:37:00.171+0000] {logging_mixin.py:188} INFO - [2025-11-18T16:37:00.171+0000] {dag.py:3954} INFO - Setting next_dagrun for sodai_training_and_scoring to None, run_after=None
[2025-11-18T16:37:00.185+0000] {processor.py:183} INFO - Processing /opt/airflow/dags/sodai_pipeline_dag.py took 0.076 seconds
[2025-11-18T16:37:30.734+0000] {processor.py:161} INFO - Started process (PID=1217) to work on /opt/airflow/dags/sodai_pipeline_dag.py
[2025-11-18T16:37:30.736+0000] {processor.py:830} INFO - Processing file /opt/airflow/dags/sodai_pipeline_dag.py for tasks to queue
[2025-11-18T16:37:30.739+0000] {logging_mixin.py:188} INFO - [2025-11-18T16:37:30.738+0000] {dagbag.py:540} INFO - Filling up the DagBag from /opt/airflow/dags/sodai_pipeline_dag.py
[2025-11-18T16:37:30.767+0000] {processor.py:840} INFO - DAG(s) 'sodai_training_and_scoring' retrieved from /opt/airflow/dags/sodai_pipeline_dag.py
[2025-11-18T16:37:30.797+0000] {logging_mixin.py:188} INFO - [2025-11-18T16:37:30.797+0000] {dag.py:3096} INFO - Sync 1 DAGs
[2025-11-18T16:37:30.810+0000] {logging_mixin.py:188} INFO - [2025-11-18T16:37:30.810+0000] {dag.py:3954} INFO - Setting next_dagrun for sodai_training_and_scoring to None, run_after=None
[2025-11-18T16:37:30.835+0000] {processor.py:183} INFO - Processing /opt/airflow/dags/sodai_pipeline_dag.py took 0.108 seconds
[2025-11-18T16:38:01.104+0000] {processor.py:161} INFO - Started process (PID=1227) to work on /opt/airflow/dags/sodai_pipeline_dag.py
[2025-11-18T16:38:01.106+0000] {processor.py:830} INFO - Processing file /opt/airflow/dags/sodai_pipeline_dag.py for tasks to queue
[2025-11-18T16:38:01.108+0000] {logging_mixin.py:188} INFO - [2025-11-18T16:38:01.108+0000] {dagbag.py:540} INFO - Filling up the DagBag from /opt/airflow/dags/sodai_pipeline_dag.py
[2025-11-18T16:38:01.124+0000] {processor.py:840} INFO - DAG(s) 'sodai_training_and_scoring' retrieved from /opt/airflow/dags/sodai_pipeline_dag.py
[2025-11-18T16:38:01.144+0000] {logging_mixin.py:188} INFO - [2025-11-18T16:38:01.144+0000] {dag.py:3096} INFO - Sync 1 DAGs
[2025-11-18T16:38:01.153+0000] {logging_mixin.py:188} INFO - [2025-11-18T16:38:01.153+0000] {dag.py:3954} INFO - Setting next_dagrun for sodai_training_and_scoring to None, run_after=None
[2025-11-18T16:38:01.166+0000] {processor.py:183} INFO - Processing /opt/airflow/dags/sodai_pipeline_dag.py took 0.067 seconds
[2025-11-18T16:38:31.551+0000] {processor.py:161} INFO - Started process (PID=1237) to work on /opt/airflow/dags/sodai_pipeline_dag.py
[2025-11-18T16:38:31.551+0000] {processor.py:830} INFO - Processing file /opt/airflow/dags/sodai_pipeline_dag.py for tasks to queue
[2025-11-18T16:38:31.553+0000] {logging_mixin.py:188} INFO - [2025-11-18T16:38:31.553+0000] {dagbag.py:540} INFO - Filling up the DagBag from /opt/airflow/dags/sodai_pipeline_dag.py
[2025-11-18T16:38:31.586+0000] {processor.py:840} INFO - DAG(s) 'sodai_training_and_scoring' retrieved from /opt/airflow/dags/sodai_pipeline_dag.py
[2025-11-18T16:38:31.610+0000] {logging_mixin.py:188} INFO - [2025-11-18T16:38:31.609+0000] {dag.py:3096} INFO - Sync 1 DAGs
[2025-11-18T16:38:31.622+0000] {logging_mixin.py:188} INFO - [2025-11-18T16:38:31.622+0000] {dag.py:3954} INFO - Setting next_dagrun for sodai_training_and_scoring to None, run_after=None
[2025-11-18T16:38:31.633+0000] {processor.py:183} INFO - Processing /opt/airflow/dags/sodai_pipeline_dag.py took 0.087 seconds
[2025-11-18T16:39:02.286+0000] {processor.py:161} INFO - Started process (PID=1247) to work on /opt/airflow/dags/sodai_pipeline_dag.py
[2025-11-18T16:39:02.287+0000] {processor.py:830} INFO - Processing file /opt/airflow/dags/sodai_pipeline_dag.py for tasks to queue
[2025-11-18T16:39:02.290+0000] {logging_mixin.py:188} INFO - [2025-11-18T16:39:02.290+0000] {dagbag.py:540} INFO - Filling up the DagBag from /opt/airflow/dags/sodai_pipeline_dag.py
[2025-11-18T16:39:02.307+0000] {processor.py:840} INFO - DAG(s) 'sodai_training_and_scoring' retrieved from /opt/airflow/dags/sodai_pipeline_dag.py
[2025-11-18T16:39:02.328+0000] {logging_mixin.py:188} INFO - [2025-11-18T16:39:02.328+0000] {dag.py:3096} INFO - Sync 1 DAGs
[2025-11-18T16:39:02.339+0000] {logging_mixin.py:188} INFO - [2025-11-18T16:39:02.339+0000] {dag.py:3954} INFO - Setting next_dagrun for sodai_training_and_scoring to None, run_after=None
[2025-11-18T16:39:02.362+0000] {processor.py:183} INFO - Processing /opt/airflow/dags/sodai_pipeline_dag.py took 0.082 seconds
[2025-11-18T16:39:32.760+0000] {processor.py:161} INFO - Started process (PID=1257) to work on /opt/airflow/dags/sodai_pipeline_dag.py
[2025-11-18T16:39:32.761+0000] {processor.py:830} INFO - Processing file /opt/airflow/dags/sodai_pipeline_dag.py for tasks to queue
[2025-11-18T16:39:32.765+0000] {logging_mixin.py:188} INFO - [2025-11-18T16:39:32.765+0000] {dagbag.py:540} INFO - Filling up the DagBag from /opt/airflow/dags/sodai_pipeline_dag.py
[2025-11-18T16:39:32.791+0000] {processor.py:840} INFO - DAG(s) 'sodai_training_and_scoring' retrieved from /opt/airflow/dags/sodai_pipeline_dag.py
[2025-11-18T16:39:32.817+0000] {logging_mixin.py:188} INFO - [2025-11-18T16:39:32.817+0000] {dag.py:3096} INFO - Sync 1 DAGs
[2025-11-18T16:39:32.827+0000] {logging_mixin.py:188} INFO - [2025-11-18T16:39:32.827+0000] {dag.py:3954} INFO - Setting next_dagrun for sodai_training_and_scoring to None, run_after=None
[2025-11-18T16:39:32.848+0000] {processor.py:183} INFO - Processing /opt/airflow/dags/sodai_pipeline_dag.py took 0.093 seconds
[2025-11-18T16:40:03.355+0000] {processor.py:161} INFO - Started process (PID=1267) to work on /opt/airflow/dags/sodai_pipeline_dag.py
[2025-11-18T16:40:03.357+0000] {processor.py:830} INFO - Processing file /opt/airflow/dags/sodai_pipeline_dag.py for tasks to queue
[2025-11-18T16:40:03.360+0000] {logging_mixin.py:188} INFO - [2025-11-18T16:40:03.360+0000] {dagbag.py:540} INFO - Filling up the DagBag from /opt/airflow/dags/sodai_pipeline_dag.py
[2025-11-18T16:40:03.381+0000] {processor.py:840} INFO - DAG(s) 'sodai_training_and_scoring' retrieved from /opt/airflow/dags/sodai_pipeline_dag.py
[2025-11-18T16:40:03.403+0000] {logging_mixin.py:188} INFO - [2025-11-18T16:40:03.403+0000] {dag.py:3096} INFO - Sync 1 DAGs
[2025-11-18T16:40:03.413+0000] {logging_mixin.py:188} INFO - [2025-11-18T16:40:03.413+0000] {dag.py:3954} INFO - Setting next_dagrun for sodai_training_and_scoring to None, run_after=None
[2025-11-18T16:40:03.430+0000] {processor.py:183} INFO - Processing /opt/airflow/dags/sodai_pipeline_dag.py took 0.080 seconds
[2025-11-18T16:40:33.801+0000] {processor.py:161} INFO - Started process (PID=1277) to work on /opt/airflow/dags/sodai_pipeline_dag.py
[2025-11-18T16:40:33.802+0000] {processor.py:830} INFO - Processing file /opt/airflow/dags/sodai_pipeline_dag.py for tasks to queue
[2025-11-18T16:40:33.804+0000] {logging_mixin.py:188} INFO - [2025-11-18T16:40:33.803+0000] {dagbag.py:540} INFO - Filling up the DagBag from /opt/airflow/dags/sodai_pipeline_dag.py
[2025-11-18T16:40:33.839+0000] {processor.py:840} INFO - DAG(s) 'sodai_training_and_scoring' retrieved from /opt/airflow/dags/sodai_pipeline_dag.py
[2025-11-18T16:40:33.861+0000] {logging_mixin.py:188} INFO - [2025-11-18T16:40:33.861+0000] {dag.py:3096} INFO - Sync 1 DAGs
[2025-11-18T16:40:33.872+0000] {logging_mixin.py:188} INFO - [2025-11-18T16:40:33.871+0000] {dag.py:3954} INFO - Setting next_dagrun for sodai_training_and_scoring to None, run_after=None
[2025-11-18T16:40:33.885+0000] {processor.py:183} INFO - Processing /opt/airflow/dags/sodai_pipeline_dag.py took 0.088 seconds
[2025-11-18T16:41:04.239+0000] {processor.py:161} INFO - Started process (PID=1287) to work on /opt/airflow/dags/sodai_pipeline_dag.py
[2025-11-18T16:41:04.239+0000] {processor.py:830} INFO - Processing file /opt/airflow/dags/sodai_pipeline_dag.py for tasks to queue
[2025-11-18T16:41:04.241+0000] {logging_mixin.py:188} INFO - [2025-11-18T16:41:04.241+0000] {dagbag.py:540} INFO - Filling up the DagBag from /opt/airflow/dags/sodai_pipeline_dag.py
[2025-11-18T16:41:04.262+0000] {processor.py:840} INFO - DAG(s) 'sodai_training_and_scoring' retrieved from /opt/airflow/dags/sodai_pipeline_dag.py
[2025-11-18T16:41:04.282+0000] {logging_mixin.py:188} INFO - [2025-11-18T16:41:04.282+0000] {dag.py:3096} INFO - Sync 1 DAGs
[2025-11-18T16:41:04.296+0000] {logging_mixin.py:188} INFO - [2025-11-18T16:41:04.295+0000] {dag.py:3954} INFO - Setting next_dagrun for sodai_training_and_scoring to None, run_after=None
[2025-11-18T16:41:04.309+0000] {processor.py:183} INFO - Processing /opt/airflow/dags/sodai_pipeline_dag.py took 0.076 seconds
[2025-11-18T16:41:34.704+0000] {processor.py:161} INFO - Started process (PID=1297) to work on /opt/airflow/dags/sodai_pipeline_dag.py
[2025-11-18T16:41:34.705+0000] {processor.py:830} INFO - Processing file /opt/airflow/dags/sodai_pipeline_dag.py for tasks to queue
[2025-11-18T16:41:34.707+0000] {logging_mixin.py:188} INFO - [2025-11-18T16:41:34.707+0000] {dagbag.py:540} INFO - Filling up the DagBag from /opt/airflow/dags/sodai_pipeline_dag.py
[2025-11-18T16:41:34.727+0000] {processor.py:840} INFO - DAG(s) 'sodai_training_and_scoring' retrieved from /opt/airflow/dags/sodai_pipeline_dag.py
[2025-11-18T16:41:34.748+0000] {logging_mixin.py:188} INFO - [2025-11-18T16:41:34.747+0000] {dag.py:3096} INFO - Sync 1 DAGs
[2025-11-18T16:41:34.756+0000] {logging_mixin.py:188} INFO - [2025-11-18T16:41:34.756+0000] {dag.py:3954} INFO - Setting next_dagrun for sodai_training_and_scoring to None, run_after=None
[2025-11-18T16:41:34.769+0000] {processor.py:183} INFO - Processing /opt/airflow/dags/sodai_pipeline_dag.py took 0.070 seconds
[2025-11-18T16:42:05.122+0000] {processor.py:161} INFO - Started process (PID=1307) to work on /opt/airflow/dags/sodai_pipeline_dag.py
[2025-11-18T16:42:05.123+0000] {processor.py:830} INFO - Processing file /opt/airflow/dags/sodai_pipeline_dag.py for tasks to queue
[2025-11-18T16:42:05.125+0000] {logging_mixin.py:188} INFO - [2025-11-18T16:42:05.125+0000] {dagbag.py:540} INFO - Filling up the DagBag from /opt/airflow/dags/sodai_pipeline_dag.py
[2025-11-18T16:42:05.143+0000] {processor.py:840} INFO - DAG(s) 'sodai_training_and_scoring' retrieved from /opt/airflow/dags/sodai_pipeline_dag.py
[2025-11-18T16:42:05.165+0000] {logging_mixin.py:188} INFO - [2025-11-18T16:42:05.165+0000] {dag.py:3096} INFO - Sync 1 DAGs
[2025-11-18T16:42:05.174+0000] {logging_mixin.py:188} INFO - [2025-11-18T16:42:05.174+0000] {dag.py:3954} INFO - Setting next_dagrun for sodai_training_and_scoring to None, run_after=None
[2025-11-18T16:42:05.187+0000] {processor.py:183} INFO - Processing /opt/airflow/dags/sodai_pipeline_dag.py took 0.069 seconds
[2025-11-18T16:42:35.541+0000] {processor.py:161} INFO - Started process (PID=1317) to work on /opt/airflow/dags/sodai_pipeline_dag.py
[2025-11-18T16:42:35.542+0000] {processor.py:830} INFO - Processing file /opt/airflow/dags/sodai_pipeline_dag.py for tasks to queue
[2025-11-18T16:42:35.544+0000] {logging_mixin.py:188} INFO - [2025-11-18T16:42:35.543+0000] {dagbag.py:540} INFO - Filling up the DagBag from /opt/airflow/dags/sodai_pipeline_dag.py
[2025-11-18T16:42:35.566+0000] {processor.py:840} INFO - DAG(s) 'sodai_training_and_scoring' retrieved from /opt/airflow/dags/sodai_pipeline_dag.py
[2025-11-18T16:42:35.585+0000] {logging_mixin.py:188} INFO - [2025-11-18T16:42:35.585+0000] {dag.py:3096} INFO - Sync 1 DAGs
[2025-11-18T16:42:35.595+0000] {logging_mixin.py:188} INFO - [2025-11-18T16:42:35.595+0000] {dag.py:3954} INFO - Setting next_dagrun for sodai_training_and_scoring to None, run_after=None
[2025-11-18T16:42:35.611+0000] {processor.py:183} INFO - Processing /opt/airflow/dags/sodai_pipeline_dag.py took 0.075 seconds
[2025-11-18T16:43:06.109+0000] {processor.py:161} INFO - Started process (PID=1327) to work on /opt/airflow/dags/sodai_pipeline_dag.py
[2025-11-18T16:43:06.112+0000] {processor.py:830} INFO - Processing file /opt/airflow/dags/sodai_pipeline_dag.py for tasks to queue
[2025-11-18T16:43:06.114+0000] {logging_mixin.py:188} INFO - [2025-11-18T16:43:06.114+0000] {dagbag.py:540} INFO - Filling up the DagBag from /opt/airflow/dags/sodai_pipeline_dag.py
[2025-11-18T16:43:06.128+0000] {processor.py:840} INFO - DAG(s) 'sodai_training_and_scoring' retrieved from /opt/airflow/dags/sodai_pipeline_dag.py
[2025-11-18T16:43:06.150+0000] {logging_mixin.py:188} INFO - [2025-11-18T16:43:06.150+0000] {dag.py:3096} INFO - Sync 1 DAGs
[2025-11-18T16:43:06.160+0000] {logging_mixin.py:188} INFO - [2025-11-18T16:43:06.160+0000] {dag.py:3954} INFO - Setting next_dagrun for sodai_training_and_scoring to None, run_after=None
[2025-11-18T16:43:06.175+0000] {processor.py:183} INFO - Processing /opt/airflow/dags/sodai_pipeline_dag.py took 0.070 seconds
[2025-11-18T16:43:36.710+0000] {processor.py:161} INFO - Started process (PID=1337) to work on /opt/airflow/dags/sodai_pipeline_dag.py
[2025-11-18T16:43:36.713+0000] {processor.py:830} INFO - Processing file /opt/airflow/dags/sodai_pipeline_dag.py for tasks to queue
[2025-11-18T16:43:36.720+0000] {logging_mixin.py:188} INFO - [2025-11-18T16:43:36.719+0000] {dagbag.py:540} INFO - Filling up the DagBag from /opt/airflow/dags/sodai_pipeline_dag.py
[2025-11-18T16:43:36.782+0000] {processor.py:840} INFO - DAG(s) 'sodai_training_and_scoring' retrieved from /opt/airflow/dags/sodai_pipeline_dag.py
[2025-11-18T16:43:36.803+0000] {logging_mixin.py:188} INFO - [2025-11-18T16:43:36.802+0000] {dag.py:3096} INFO - Sync 1 DAGs
[2025-11-18T16:43:36.814+0000] {logging_mixin.py:188} INFO - [2025-11-18T16:43:36.814+0000] {dag.py:3954} INFO - Setting next_dagrun for sodai_training_and_scoring to None, run_after=None
[2025-11-18T16:43:36.832+0000] {processor.py:183} INFO - Processing /opt/airflow/dags/sodai_pipeline_dag.py took 0.127 seconds
[2025-11-18T16:44:07.551+0000] {processor.py:161} INFO - Started process (PID=1347) to work on /opt/airflow/dags/sodai_pipeline_dag.py
[2025-11-18T16:44:07.552+0000] {processor.py:830} INFO - Processing file /opt/airflow/dags/sodai_pipeline_dag.py for tasks to queue
[2025-11-18T16:44:07.555+0000] {logging_mixin.py:188} INFO - [2025-11-18T16:44:07.554+0000] {dagbag.py:540} INFO - Filling up the DagBag from /opt/airflow/dags/sodai_pipeline_dag.py
[2025-11-18T16:44:07.570+0000] {processor.py:840} INFO - DAG(s) 'sodai_training_and_scoring' retrieved from /opt/airflow/dags/sodai_pipeline_dag.py
[2025-11-18T16:44:07.595+0000] {logging_mixin.py:188} INFO - [2025-11-18T16:44:07.594+0000] {dag.py:3096} INFO - Sync 1 DAGs
[2025-11-18T16:44:07.608+0000] {logging_mixin.py:188} INFO - [2025-11-18T16:44:07.608+0000] {dag.py:3954} INFO - Setting next_dagrun for sodai_training_and_scoring to None, run_after=None
[2025-11-18T16:44:07.628+0000] {processor.py:183} INFO - Processing /opt/airflow/dags/sodai_pipeline_dag.py took 0.083 seconds
[2025-11-18T16:44:38.016+0000] {processor.py:161} INFO - Started process (PID=1357) to work on /opt/airflow/dags/sodai_pipeline_dag.py
[2025-11-18T16:44:38.017+0000] {processor.py:830} INFO - Processing file /opt/airflow/dags/sodai_pipeline_dag.py for tasks to queue
[2025-11-18T16:44:38.020+0000] {logging_mixin.py:188} INFO - [2025-11-18T16:44:38.020+0000] {dagbag.py:540} INFO - Filling up the DagBag from /opt/airflow/dags/sodai_pipeline_dag.py
[2025-11-18T16:44:38.034+0000] {processor.py:840} INFO - DAG(s) 'sodai_training_and_scoring' retrieved from /opt/airflow/dags/sodai_pipeline_dag.py
[2025-11-18T16:44:38.054+0000] {logging_mixin.py:188} INFO - [2025-11-18T16:44:38.054+0000] {dag.py:3096} INFO - Sync 1 DAGs
[2025-11-18T16:44:38.065+0000] {logging_mixin.py:188} INFO - [2025-11-18T16:44:38.065+0000] {dag.py:3954} INFO - Setting next_dagrun for sodai_training_and_scoring to None, run_after=None
[2025-11-18T16:44:38.082+0000] {processor.py:183} INFO - Processing /opt/airflow/dags/sodai_pipeline_dag.py took 0.072 seconds
[2025-11-18T16:45:08.839+0000] {processor.py:161} INFO - Started process (PID=1367) to work on /opt/airflow/dags/sodai_pipeline_dag.py
[2025-11-18T16:45:08.840+0000] {processor.py:830} INFO - Processing file /opt/airflow/dags/sodai_pipeline_dag.py for tasks to queue
[2025-11-18T16:45:08.842+0000] {logging_mixin.py:188} INFO - [2025-11-18T16:45:08.842+0000] {dagbag.py:540} INFO - Filling up the DagBag from /opt/airflow/dags/sodai_pipeline_dag.py
[2025-11-18T16:45:08.856+0000] {processor.py:840} INFO - DAG(s) 'sodai_training_and_scoring' retrieved from /opt/airflow/dags/sodai_pipeline_dag.py
[2025-11-18T16:45:08.877+0000] {logging_mixin.py:188} INFO - [2025-11-18T16:45:08.877+0000] {dag.py:3096} INFO - Sync 1 DAGs
[2025-11-18T16:45:08.886+0000] {logging_mixin.py:188} INFO - [2025-11-18T16:45:08.885+0000] {dag.py:3954} INFO - Setting next_dagrun for sodai_training_and_scoring to None, run_after=None
[2025-11-18T16:45:08.902+0000] {processor.py:183} INFO - Processing /opt/airflow/dags/sodai_pipeline_dag.py took 0.068 seconds
[2025-11-18T16:45:39.441+0000] {processor.py:161} INFO - Started process (PID=1377) to work on /opt/airflow/dags/sodai_pipeline_dag.py
[2025-11-18T16:45:39.442+0000] {processor.py:830} INFO - Processing file /opt/airflow/dags/sodai_pipeline_dag.py for tasks to queue
[2025-11-18T16:45:39.443+0000] {logging_mixin.py:188} INFO - [2025-11-18T16:45:39.443+0000] {dagbag.py:540} INFO - Filling up the DagBag from /opt/airflow/dags/sodai_pipeline_dag.py
[2025-11-18T16:45:39.467+0000] {processor.py:840} INFO - DAG(s) 'sodai_training_and_scoring' retrieved from /opt/airflow/dags/sodai_pipeline_dag.py
[2025-11-18T16:45:39.488+0000] {logging_mixin.py:188} INFO - [2025-11-18T16:45:39.488+0000] {dag.py:3096} INFO - Sync 1 DAGs
[2025-11-18T16:45:39.497+0000] {logging_mixin.py:188} INFO - [2025-11-18T16:45:39.497+0000] {dag.py:3954} INFO - Setting next_dagrun for sodai_training_and_scoring to None, run_after=None
[2025-11-18T16:45:39.513+0000] {processor.py:183} INFO - Processing /opt/airflow/dags/sodai_pipeline_dag.py took 0.076 seconds
[2025-11-18T16:46:10.252+0000] {processor.py:161} INFO - Started process (PID=1387) to work on /opt/airflow/dags/sodai_pipeline_dag.py
[2025-11-18T16:46:10.253+0000] {processor.py:830} INFO - Processing file /opt/airflow/dags/sodai_pipeline_dag.py for tasks to queue
[2025-11-18T16:46:10.255+0000] {logging_mixin.py:188} INFO - [2025-11-18T16:46:10.255+0000] {dagbag.py:540} INFO - Filling up the DagBag from /opt/airflow/dags/sodai_pipeline_dag.py
[2025-11-18T16:46:10.303+0000] {processor.py:840} INFO - DAG(s) 'sodai_training_and_scoring' retrieved from /opt/airflow/dags/sodai_pipeline_dag.py
[2025-11-18T16:46:10.325+0000] {logging_mixin.py:188} INFO - [2025-11-18T16:46:10.325+0000] {dag.py:3096} INFO - Sync 1 DAGs
[2025-11-18T16:46:10.340+0000] {logging_mixin.py:188} INFO - [2025-11-18T16:46:10.340+0000] {dag.py:3954} INFO - Setting next_dagrun for sodai_training_and_scoring to None, run_after=None
[2025-11-18T16:46:10.364+0000] {processor.py:183} INFO - Processing /opt/airflow/dags/sodai_pipeline_dag.py took 0.117 seconds
[2025-11-18T16:46:40.726+0000] {processor.py:161} INFO - Started process (PID=1397) to work on /opt/airflow/dags/sodai_pipeline_dag.py
[2025-11-18T16:46:40.727+0000] {processor.py:830} INFO - Processing file /opt/airflow/dags/sodai_pipeline_dag.py for tasks to queue
[2025-11-18T16:46:40.729+0000] {logging_mixin.py:188} INFO - [2025-11-18T16:46:40.729+0000] {dagbag.py:540} INFO - Filling up the DagBag from /opt/airflow/dags/sodai_pipeline_dag.py
[2025-11-18T16:46:40.743+0000] {processor.py:840} INFO - DAG(s) 'sodai_training_and_scoring' retrieved from /opt/airflow/dags/sodai_pipeline_dag.py
[2025-11-18T16:46:40.766+0000] {logging_mixin.py:188} INFO - [2025-11-18T16:46:40.765+0000] {dag.py:3096} INFO - Sync 1 DAGs
[2025-11-18T16:46:40.775+0000] {logging_mixin.py:188} INFO - [2025-11-18T16:46:40.775+0000] {dag.py:3954} INFO - Setting next_dagrun for sodai_training_and_scoring to None, run_after=None
[2025-11-18T16:46:40.788+0000] {processor.py:183} INFO - Processing /opt/airflow/dags/sodai_pipeline_dag.py took 0.067 seconds
[2025-11-18T16:47:11.411+0000] {processor.py:161} INFO - Started process (PID=1407) to work on /opt/airflow/dags/sodai_pipeline_dag.py
[2025-11-18T16:47:11.412+0000] {processor.py:830} INFO - Processing file /opt/airflow/dags/sodai_pipeline_dag.py for tasks to queue
[2025-11-18T16:47:11.413+0000] {logging_mixin.py:188} INFO - [2025-11-18T16:47:11.413+0000] {dagbag.py:540} INFO - Filling up the DagBag from /opt/airflow/dags/sodai_pipeline_dag.py
[2025-11-18T16:47:11.430+0000] {processor.py:840} INFO - DAG(s) 'sodai_training_and_scoring' retrieved from /opt/airflow/dags/sodai_pipeline_dag.py
[2025-11-18T16:47:11.454+0000] {logging_mixin.py:188} INFO - [2025-11-18T16:47:11.453+0000] {dag.py:3096} INFO - Sync 1 DAGs
[2025-11-18T16:47:11.463+0000] {logging_mixin.py:188} INFO - [2025-11-18T16:47:11.463+0000] {dag.py:3954} INFO - Setting next_dagrun for sodai_training_and_scoring to None, run_after=None
[2025-11-18T16:47:11.476+0000] {processor.py:183} INFO - Processing /opt/airflow/dags/sodai_pipeline_dag.py took 0.071 seconds
[2025-11-18T16:47:41.989+0000] {processor.py:161} INFO - Started process (PID=1417) to work on /opt/airflow/dags/sodai_pipeline_dag.py
[2025-11-18T16:47:41.990+0000] {processor.py:830} INFO - Processing file /opt/airflow/dags/sodai_pipeline_dag.py for tasks to queue
[2025-11-18T16:47:41.992+0000] {logging_mixin.py:188} INFO - [2025-11-18T16:47:41.992+0000] {dagbag.py:540} INFO - Filling up the DagBag from /opt/airflow/dags/sodai_pipeline_dag.py
[2025-11-18T16:47:42.013+0000] {processor.py:840} INFO - DAG(s) 'sodai_training_and_scoring' retrieved from /opt/airflow/dags/sodai_pipeline_dag.py
[2025-11-18T16:47:42.035+0000] {logging_mixin.py:188} INFO - [2025-11-18T16:47:42.035+0000] {dag.py:3096} INFO - Sync 1 DAGs
[2025-11-18T16:47:42.045+0000] {logging_mixin.py:188} INFO - [2025-11-18T16:47:42.045+0000] {dag.py:3954} INFO - Setting next_dagrun for sodai_training_and_scoring to None, run_after=None
[2025-11-18T16:47:42.057+0000] {processor.py:183} INFO - Processing /opt/airflow/dags/sodai_pipeline_dag.py took 0.072 seconds
[2025-11-18T16:48:12.914+0000] {processor.py:161} INFO - Started process (PID=1427) to work on /opt/airflow/dags/sodai_pipeline_dag.py
[2025-11-18T16:48:12.916+0000] {processor.py:830} INFO - Processing file /opt/airflow/dags/sodai_pipeline_dag.py for tasks to queue
[2025-11-18T16:48:12.918+0000] {logging_mixin.py:188} INFO - [2025-11-18T16:48:12.918+0000] {dagbag.py:540} INFO - Filling up the DagBag from /opt/airflow/dags/sodai_pipeline_dag.py
[2025-11-18T16:48:12.939+0000] {processor.py:840} INFO - DAG(s) 'sodai_training_and_scoring' retrieved from /opt/airflow/dags/sodai_pipeline_dag.py
[2025-11-18T16:48:12.961+0000] {logging_mixin.py:188} INFO - [2025-11-18T16:48:12.961+0000] {dag.py:3096} INFO - Sync 1 DAGs
[2025-11-18T16:48:12.970+0000] {logging_mixin.py:188} INFO - [2025-11-18T16:48:12.970+0000] {dag.py:3954} INFO - Setting next_dagrun for sodai_training_and_scoring to None, run_after=None
[2025-11-18T16:48:12.985+0000] {processor.py:183} INFO - Processing /opt/airflow/dags/sodai_pipeline_dag.py took 0.077 seconds
[2025-11-18T16:48:43.480+0000] {processor.py:161} INFO - Started process (PID=1437) to work on /opt/airflow/dags/sodai_pipeline_dag.py
[2025-11-18T16:48:43.483+0000] {processor.py:830} INFO - Processing file /opt/airflow/dags/sodai_pipeline_dag.py for tasks to queue
[2025-11-18T16:48:43.489+0000] {logging_mixin.py:188} INFO - [2025-11-18T16:48:43.488+0000] {dagbag.py:540} INFO - Filling up the DagBag from /opt/airflow/dags/sodai_pipeline_dag.py
[2025-11-18T16:48:43.512+0000] {processor.py:840} INFO - DAG(s) 'sodai_training_and_scoring' retrieved from /opt/airflow/dags/sodai_pipeline_dag.py
[2025-11-18T16:48:43.531+0000] {logging_mixin.py:188} INFO - [2025-11-18T16:48:43.531+0000] {dag.py:3096} INFO - Sync 1 DAGs
[2025-11-18T16:48:43.541+0000] {logging_mixin.py:188} INFO - [2025-11-18T16:48:43.540+0000] {dag.py:3954} INFO - Setting next_dagrun for sodai_training_and_scoring to None, run_after=None
[2025-11-18T16:48:43.554+0000] {processor.py:183} INFO - Processing /opt/airflow/dags/sodai_pipeline_dag.py took 0.079 seconds
[2025-11-18T16:49:14.005+0000] {processor.py:161} INFO - Started process (PID=1447) to work on /opt/airflow/dags/sodai_pipeline_dag.py
[2025-11-18T16:49:14.007+0000] {processor.py:830} INFO - Processing file /opt/airflow/dags/sodai_pipeline_dag.py for tasks to queue
[2025-11-18T16:49:14.009+0000] {logging_mixin.py:188} INFO - [2025-11-18T16:49:14.008+0000] {dagbag.py:540} INFO - Filling up the DagBag from /opt/airflow/dags/sodai_pipeline_dag.py
[2025-11-18T16:49:14.021+0000] {processor.py:840} INFO - DAG(s) 'sodai_training_and_scoring' retrieved from /opt/airflow/dags/sodai_pipeline_dag.py
[2025-11-18T16:49:14.043+0000] {logging_mixin.py:188} INFO - [2025-11-18T16:49:14.043+0000] {dag.py:3096} INFO - Sync 1 DAGs
[2025-11-18T16:49:14.052+0000] {logging_mixin.py:188} INFO - [2025-11-18T16:49:14.052+0000] {dag.py:3954} INFO - Setting next_dagrun for sodai_training_and_scoring to None, run_after=None
[2025-11-18T16:49:14.068+0000] {processor.py:183} INFO - Processing /opt/airflow/dags/sodai_pipeline_dag.py took 0.068 seconds
[2025-11-18T16:49:44.130+0000] {processor.py:161} INFO - Started process (PID=1457) to work on /opt/airflow/dags/sodai_pipeline_dag.py
[2025-11-18T16:49:44.131+0000] {processor.py:830} INFO - Processing file /opt/airflow/dags/sodai_pipeline_dag.py for tasks to queue
[2025-11-18T16:49:44.133+0000] {logging_mixin.py:188} INFO - [2025-11-18T16:49:44.133+0000] {dagbag.py:540} INFO - Filling up the DagBag from /opt/airflow/dags/sodai_pipeline_dag.py
[2025-11-18T16:49:44.171+0000] {processor.py:840} INFO - DAG(s) 'sodai_training_and_scoring' retrieved from /opt/airflow/dags/sodai_pipeline_dag.py
[2025-11-18T16:49:44.193+0000] {logging_mixin.py:188} INFO - [2025-11-18T16:49:44.193+0000] {dag.py:3096} INFO - Sync 1 DAGs
[2025-11-18T16:49:44.207+0000] {logging_mixin.py:188} INFO - [2025-11-18T16:49:44.207+0000] {dag.py:3954} INFO - Setting next_dagrun for sodai_training_and_scoring to None, run_after=None
[2025-11-18T16:49:44.228+0000] {processor.py:183} INFO - Processing /opt/airflow/dags/sodai_pipeline_dag.py took 0.103 seconds
[2025-11-18T16:50:15.143+0000] {processor.py:161} INFO - Started process (PID=1467) to work on /opt/airflow/dags/sodai_pipeline_dag.py
[2025-11-18T16:50:15.144+0000] {processor.py:830} INFO - Processing file /opt/airflow/dags/sodai_pipeline_dag.py for tasks to queue
[2025-11-18T16:50:15.146+0000] {logging_mixin.py:188} INFO - [2025-11-18T16:50:15.145+0000] {dagbag.py:540} INFO - Filling up the DagBag from /opt/airflow/dags/sodai_pipeline_dag.py
[2025-11-18T16:50:15.168+0000] {processor.py:840} INFO - DAG(s) 'sodai_training_and_scoring' retrieved from /opt/airflow/dags/sodai_pipeline_dag.py
[2025-11-18T16:50:15.191+0000] {logging_mixin.py:188} INFO - [2025-11-18T16:50:15.191+0000] {dag.py:3096} INFO - Sync 1 DAGs
[2025-11-18T16:50:15.201+0000] {logging_mixin.py:188} INFO - [2025-11-18T16:50:15.201+0000] {dag.py:3954} INFO - Setting next_dagrun for sodai_training_and_scoring to None, run_after=None
[2025-11-18T16:50:15.216+0000] {processor.py:183} INFO - Processing /opt/airflow/dags/sodai_pipeline_dag.py took 0.079 seconds
[2025-11-18T16:50:45.685+0000] {processor.py:161} INFO - Started process (PID=1477) to work on /opt/airflow/dags/sodai_pipeline_dag.py
[2025-11-18T16:50:45.686+0000] {processor.py:830} INFO - Processing file /opt/airflow/dags/sodai_pipeline_dag.py for tasks to queue
[2025-11-18T16:50:45.688+0000] {logging_mixin.py:188} INFO - [2025-11-18T16:50:45.688+0000] {dagbag.py:540} INFO - Filling up the DagBag from /opt/airflow/dags/sodai_pipeline_dag.py
[2025-11-18T16:50:45.704+0000] {processor.py:840} INFO - DAG(s) 'sodai_training_and_scoring' retrieved from /opt/airflow/dags/sodai_pipeline_dag.py
[2025-11-18T16:50:45.732+0000] {logging_mixin.py:188} INFO - [2025-11-18T16:50:45.732+0000] {dag.py:3096} INFO - Sync 1 DAGs
[2025-11-18T16:50:45.743+0000] {logging_mixin.py:188} INFO - [2025-11-18T16:50:45.743+0000] {dag.py:3954} INFO - Setting next_dagrun for sodai_training_and_scoring to None, run_after=None
[2025-11-18T16:50:45.758+0000] {processor.py:183} INFO - Processing /opt/airflow/dags/sodai_pipeline_dag.py took 0.079 seconds
[2025-11-18T16:51:16.376+0000] {processor.py:161} INFO - Started process (PID=1487) to work on /opt/airflow/dags/sodai_pipeline_dag.py
[2025-11-18T16:51:16.377+0000] {processor.py:830} INFO - Processing file /opt/airflow/dags/sodai_pipeline_dag.py for tasks to queue
[2025-11-18T16:51:16.379+0000] {logging_mixin.py:188} INFO - [2025-11-18T16:51:16.379+0000] {dagbag.py:540} INFO - Filling up the DagBag from /opt/airflow/dags/sodai_pipeline_dag.py
[2025-11-18T16:51:16.397+0000] {processor.py:840} INFO - DAG(s) 'sodai_training_and_scoring' retrieved from /opt/airflow/dags/sodai_pipeline_dag.py
[2025-11-18T16:51:16.420+0000] {logging_mixin.py:188} INFO - [2025-11-18T16:51:16.420+0000] {dag.py:3096} INFO - Sync 1 DAGs
[2025-11-18T16:51:16.429+0000] {logging_mixin.py:188} INFO - [2025-11-18T16:51:16.429+0000] {dag.py:3954} INFO - Setting next_dagrun for sodai_training_and_scoring to None, run_after=None
[2025-11-18T16:51:16.442+0000] {processor.py:183} INFO - Processing /opt/airflow/dags/sodai_pipeline_dag.py took 0.073 seconds
[2025-11-18T16:51:46.989+0000] {processor.py:161} INFO - Started process (PID=1497) to work on /opt/airflow/dags/sodai_pipeline_dag.py
[2025-11-18T16:51:46.990+0000] {processor.py:830} INFO - Processing file /opt/airflow/dags/sodai_pipeline_dag.py for tasks to queue
[2025-11-18T16:51:46.994+0000] {logging_mixin.py:188} INFO - [2025-11-18T16:51:46.993+0000] {dagbag.py:540} INFO - Filling up the DagBag from /opt/airflow/dags/sodai_pipeline_dag.py
[2025-11-18T16:51:47.019+0000] {processor.py:840} INFO - DAG(s) 'sodai_training_and_scoring' retrieved from /opt/airflow/dags/sodai_pipeline_dag.py
[2025-11-18T16:51:47.043+0000] {logging_mixin.py:188} INFO - [2025-11-18T16:51:47.042+0000] {dag.py:3096} INFO - Sync 1 DAGs
[2025-11-18T16:51:47.054+0000] {logging_mixin.py:188} INFO - [2025-11-18T16:51:47.054+0000] {dag.py:3954} INFO - Setting next_dagrun for sodai_training_and_scoring to None, run_after=None
[2025-11-18T16:51:47.070+0000] {processor.py:183} INFO - Processing /opt/airflow/dags/sodai_pipeline_dag.py took 0.087 seconds
[2025-11-18T16:52:17.905+0000] {processor.py:161} INFO - Started process (PID=1507) to work on /opt/airflow/dags/sodai_pipeline_dag.py
[2025-11-18T16:52:17.907+0000] {processor.py:830} INFO - Processing file /opt/airflow/dags/sodai_pipeline_dag.py for tasks to queue
[2025-11-18T16:52:17.910+0000] {logging_mixin.py:188} INFO - [2025-11-18T16:52:17.909+0000] {dagbag.py:540} INFO - Filling up the DagBag from /opt/airflow/dags/sodai_pipeline_dag.py
[2025-11-18T16:52:17.953+0000] {processor.py:840} INFO - DAG(s) 'sodai_training_and_scoring' retrieved from /opt/airflow/dags/sodai_pipeline_dag.py
[2025-11-18T16:52:17.982+0000] {logging_mixin.py:188} INFO - [2025-11-18T16:52:17.982+0000] {dag.py:3096} INFO - Sync 1 DAGs
[2025-11-18T16:52:17.996+0000] {logging_mixin.py:188} INFO - [2025-11-18T16:52:17.996+0000] {dag.py:3954} INFO - Setting next_dagrun for sodai_training_and_scoring to None, run_after=None
[2025-11-18T16:52:18.014+0000] {processor.py:183} INFO - Processing /opt/airflow/dags/sodai_pipeline_dag.py took 0.115 seconds
[2025-11-18T16:52:48.902+0000] {processor.py:161} INFO - Started process (PID=1517) to work on /opt/airflow/dags/sodai_pipeline_dag.py
[2025-11-18T16:52:48.904+0000] {processor.py:830} INFO - Processing file /opt/airflow/dags/sodai_pipeline_dag.py for tasks to queue
[2025-11-18T16:52:48.906+0000] {logging_mixin.py:188} INFO - [2025-11-18T16:52:48.906+0000] {dagbag.py:540} INFO - Filling up the DagBag from /opt/airflow/dags/sodai_pipeline_dag.py
[2025-11-18T16:52:48.977+0000] {processor.py:840} INFO - DAG(s) 'sodai_training_and_scoring' retrieved from /opt/airflow/dags/sodai_pipeline_dag.py
[2025-11-18T16:52:49.005+0000] {logging_mixin.py:188} INFO - [2025-11-18T16:52:49.005+0000] {dag.py:3096} INFO - Sync 1 DAGs
[2025-11-18T16:52:49.016+0000] {logging_mixin.py:188} INFO - [2025-11-18T16:52:49.016+0000] {dag.py:3954} INFO - Setting next_dagrun for sodai_training_and_scoring to None, run_after=None
[2025-11-18T16:52:49.038+0000] {processor.py:183} INFO - Processing /opt/airflow/dags/sodai_pipeline_dag.py took 0.142 seconds
[2025-11-18T16:53:19.499+0000] {processor.py:161} INFO - Started process (PID=1527) to work on /opt/airflow/dags/sodai_pipeline_dag.py
[2025-11-18T16:53:19.502+0000] {processor.py:830} INFO - Processing file /opt/airflow/dags/sodai_pipeline_dag.py for tasks to queue
[2025-11-18T16:53:19.504+0000] {logging_mixin.py:188} INFO - [2025-11-18T16:53:19.503+0000] {dagbag.py:540} INFO - Filling up the DagBag from /opt/airflow/dags/sodai_pipeline_dag.py
[2025-11-18T16:53:19.524+0000] {processor.py:840} INFO - DAG(s) 'sodai_training_and_scoring' retrieved from /opt/airflow/dags/sodai_pipeline_dag.py
[2025-11-18T16:53:19.544+0000] {logging_mixin.py:188} INFO - [2025-11-18T16:53:19.544+0000] {dag.py:3096} INFO - Sync 1 DAGs
[2025-11-18T16:53:19.555+0000] {logging_mixin.py:188} INFO - [2025-11-18T16:53:19.554+0000] {dag.py:3954} INFO - Setting next_dagrun for sodai_training_and_scoring to None, run_after=None
[2025-11-18T16:53:19.580+0000] {processor.py:183} INFO - Processing /opt/airflow/dags/sodai_pipeline_dag.py took 0.086 seconds
[2025-11-18T16:53:50.300+0000] {processor.py:161} INFO - Started process (PID=1537) to work on /opt/airflow/dags/sodai_pipeline_dag.py
[2025-11-18T16:53:50.302+0000] {processor.py:830} INFO - Processing file /opt/airflow/dags/sodai_pipeline_dag.py for tasks to queue
[2025-11-18T16:53:50.307+0000] {logging_mixin.py:188} INFO - [2025-11-18T16:53:50.307+0000] {dagbag.py:540} INFO - Filling up the DagBag from /opt/airflow/dags/sodai_pipeline_dag.py
[2025-11-18T16:53:50.336+0000] {processor.py:840} INFO - DAG(s) 'sodai_training_and_scoring' retrieved from /opt/airflow/dags/sodai_pipeline_dag.py
[2025-11-18T16:53:50.364+0000] {logging_mixin.py:188} INFO - [2025-11-18T16:53:50.364+0000] {dag.py:3096} INFO - Sync 1 DAGs
[2025-11-18T16:53:50.375+0000] {logging_mixin.py:188} INFO - [2025-11-18T16:53:50.375+0000] {dag.py:3954} INFO - Setting next_dagrun for sodai_training_and_scoring to None, run_after=None
[2025-11-18T16:53:50.391+0000] {processor.py:183} INFO - Processing /opt/airflow/dags/sodai_pipeline_dag.py took 0.096 seconds
[2025-11-18T16:54:21.123+0000] {processor.py:161} INFO - Started process (PID=1547) to work on /opt/airflow/dags/sodai_pipeline_dag.py
[2025-11-18T16:54:21.124+0000] {processor.py:830} INFO - Processing file /opt/airflow/dags/sodai_pipeline_dag.py for tasks to queue
[2025-11-18T16:54:21.127+0000] {logging_mixin.py:188} INFO - [2025-11-18T16:54:21.127+0000] {dagbag.py:540} INFO - Filling up the DagBag from /opt/airflow/dags/sodai_pipeline_dag.py
[2025-11-18T16:54:21.142+0000] {processor.py:840} INFO - DAG(s) 'sodai_training_and_scoring' retrieved from /opt/airflow/dags/sodai_pipeline_dag.py
[2025-11-18T16:54:21.165+0000] {logging_mixin.py:188} INFO - [2025-11-18T16:54:21.164+0000] {dag.py:3096} INFO - Sync 1 DAGs
[2025-11-18T16:54:21.174+0000] {logging_mixin.py:188} INFO - [2025-11-18T16:54:21.174+0000] {dag.py:3954} INFO - Setting next_dagrun for sodai_training_and_scoring to None, run_after=None
[2025-11-18T16:54:21.186+0000] {processor.py:183} INFO - Processing /opt/airflow/dags/sodai_pipeline_dag.py took 0.069 seconds
[2025-11-18T16:54:51.847+0000] {processor.py:161} INFO - Started process (PID=1557) to work on /opt/airflow/dags/sodai_pipeline_dag.py
[2025-11-18T16:54:51.849+0000] {processor.py:830} INFO - Processing file /opt/airflow/dags/sodai_pipeline_dag.py for tasks to queue
[2025-11-18T16:54:51.850+0000] {logging_mixin.py:188} INFO - [2025-11-18T16:54:51.850+0000] {dagbag.py:540} INFO - Filling up the DagBag from /opt/airflow/dags/sodai_pipeline_dag.py
[2025-11-18T16:54:51.872+0000] {processor.py:840} INFO - DAG(s) 'sodai_training_and_scoring' retrieved from /opt/airflow/dags/sodai_pipeline_dag.py
[2025-11-18T16:54:51.894+0000] {logging_mixin.py:188} INFO - [2025-11-18T16:54:51.894+0000] {dag.py:3096} INFO - Sync 1 DAGs
[2025-11-18T16:54:51.907+0000] {logging_mixin.py:188} INFO - [2025-11-18T16:54:51.907+0000] {dag.py:3954} INFO - Setting next_dagrun for sodai_training_and_scoring to None, run_after=None
[2025-11-18T16:54:51.924+0000] {processor.py:183} INFO - Processing /opt/airflow/dags/sodai_pipeline_dag.py took 0.082 seconds
[2025-11-18T16:55:22.540+0000] {processor.py:161} INFO - Started process (PID=1567) to work on /opt/airflow/dags/sodai_pipeline_dag.py
[2025-11-18T16:55:22.541+0000] {processor.py:830} INFO - Processing file /opt/airflow/dags/sodai_pipeline_dag.py for tasks to queue
[2025-11-18T16:55:22.545+0000] {logging_mixin.py:188} INFO - [2025-11-18T16:55:22.544+0000] {dagbag.py:540} INFO - Filling up the DagBag from /opt/airflow/dags/sodai_pipeline_dag.py
[2025-11-18T16:55:22.578+0000] {processor.py:840} INFO - DAG(s) 'sodai_training_and_scoring' retrieved from /opt/airflow/dags/sodai_pipeline_dag.py
[2025-11-18T16:55:22.604+0000] {logging_mixin.py:188} INFO - [2025-11-18T16:55:22.603+0000] {dag.py:3096} INFO - Sync 1 DAGs
[2025-11-18T16:55:22.616+0000] {logging_mixin.py:188} INFO - [2025-11-18T16:55:22.616+0000] {dag.py:3954} INFO - Setting next_dagrun for sodai_training_and_scoring to None, run_after=None
[2025-11-18T16:55:22.636+0000] {processor.py:183} INFO - Processing /opt/airflow/dags/sodai_pipeline_dag.py took 0.102 seconds
[2025-11-18T16:55:53.143+0000] {processor.py:161} INFO - Started process (PID=1577) to work on /opt/airflow/dags/sodai_pipeline_dag.py
[2025-11-18T16:55:53.145+0000] {processor.py:830} INFO - Processing file /opt/airflow/dags/sodai_pipeline_dag.py for tasks to queue
[2025-11-18T16:55:53.149+0000] {logging_mixin.py:188} INFO - [2025-11-18T16:55:53.148+0000] {dagbag.py:540} INFO - Filling up the DagBag from /opt/airflow/dags/sodai_pipeline_dag.py
[2025-11-18T16:55:53.177+0000] {processor.py:840} INFO - DAG(s) 'sodai_training_and_scoring' retrieved from /opt/airflow/dags/sodai_pipeline_dag.py
[2025-11-18T16:55:53.200+0000] {logging_mixin.py:188} INFO - [2025-11-18T16:55:53.200+0000] {dag.py:3096} INFO - Sync 1 DAGs
[2025-11-18T16:55:53.211+0000] {logging_mixin.py:188} INFO - [2025-11-18T16:55:53.211+0000] {dag.py:3954} INFO - Setting next_dagrun for sodai_training_and_scoring to None, run_after=None
[2025-11-18T16:55:53.228+0000] {processor.py:183} INFO - Processing /opt/airflow/dags/sodai_pipeline_dag.py took 0.090 seconds
[2025-11-18T16:56:23.900+0000] {processor.py:161} INFO - Started process (PID=1587) to work on /opt/airflow/dags/sodai_pipeline_dag.py
[2025-11-18T16:56:23.902+0000] {processor.py:830} INFO - Processing file /opt/airflow/dags/sodai_pipeline_dag.py for tasks to queue
[2025-11-18T16:56:23.904+0000] {logging_mixin.py:188} INFO - [2025-11-18T16:56:23.904+0000] {dagbag.py:540} INFO - Filling up the DagBag from /opt/airflow/dags/sodai_pipeline_dag.py
[2025-11-18T16:56:23.925+0000] {processor.py:840} INFO - DAG(s) 'sodai_training_and_scoring' retrieved from /opt/airflow/dags/sodai_pipeline_dag.py
[2025-11-18T16:56:23.948+0000] {logging_mixin.py:188} INFO - [2025-11-18T16:56:23.948+0000] {dag.py:3096} INFO - Sync 1 DAGs
[2025-11-18T16:56:23.962+0000] {logging_mixin.py:188} INFO - [2025-11-18T16:56:23.962+0000] {dag.py:3954} INFO - Setting next_dagrun for sodai_training_and_scoring to None, run_after=None
[2025-11-18T16:56:23.985+0000] {processor.py:183} INFO - Processing /opt/airflow/dags/sodai_pipeline_dag.py took 0.091 seconds
[2025-11-18T16:56:54.453+0000] {processor.py:161} INFO - Started process (PID=1597) to work on /opt/airflow/dags/sodai_pipeline_dag.py
[2025-11-18T16:56:54.454+0000] {processor.py:830} INFO - Processing file /opt/airflow/dags/sodai_pipeline_dag.py for tasks to queue
[2025-11-18T16:56:54.455+0000] {logging_mixin.py:188} INFO - [2025-11-18T16:56:54.455+0000] {dagbag.py:540} INFO - Filling up the DagBag from /opt/airflow/dags/sodai_pipeline_dag.py
[2025-11-18T16:56:54.476+0000] {processor.py:840} INFO - DAG(s) 'sodai_training_and_scoring' retrieved from /opt/airflow/dags/sodai_pipeline_dag.py
[2025-11-18T16:56:54.499+0000] {logging_mixin.py:188} INFO - [2025-11-18T16:56:54.499+0000] {dag.py:3096} INFO - Sync 1 DAGs
[2025-11-18T16:56:54.511+0000] {logging_mixin.py:188} INFO - [2025-11-18T16:56:54.511+0000] {dag.py:3954} INFO - Setting next_dagrun for sodai_training_and_scoring to None, run_after=None
[2025-11-18T16:56:54.527+0000] {processor.py:183} INFO - Processing /opt/airflow/dags/sodai_pipeline_dag.py took 0.080 seconds
[2025-11-18T16:57:25.146+0000] {processor.py:161} INFO - Started process (PID=1607) to work on /opt/airflow/dags/sodai_pipeline_dag.py
[2025-11-18T16:57:25.147+0000] {processor.py:830} INFO - Processing file /opt/airflow/dags/sodai_pipeline_dag.py for tasks to queue
[2025-11-18T16:57:25.148+0000] {logging_mixin.py:188} INFO - [2025-11-18T16:57:25.148+0000] {dagbag.py:540} INFO - Filling up the DagBag from /opt/airflow/dags/sodai_pipeline_dag.py
[2025-11-18T16:57:25.165+0000] {processor.py:840} INFO - DAG(s) 'sodai_training_and_scoring' retrieved from /opt/airflow/dags/sodai_pipeline_dag.py
[2025-11-18T16:57:25.187+0000] {logging_mixin.py:188} INFO - [2025-11-18T16:57:25.187+0000] {dag.py:3096} INFO - Sync 1 DAGs
[2025-11-18T16:57:25.199+0000] {logging_mixin.py:188} INFO - [2025-11-18T16:57:25.198+0000] {dag.py:3954} INFO - Setting next_dagrun for sodai_training_and_scoring to None, run_after=None
[2025-11-18T16:57:25.216+0000] {processor.py:183} INFO - Processing /opt/airflow/dags/sodai_pipeline_dag.py took 0.075 seconds
[2025-11-18T16:57:55.900+0000] {processor.py:161} INFO - Started process (PID=1617) to work on /opt/airflow/dags/sodai_pipeline_dag.py
[2025-11-18T16:57:55.901+0000] {processor.py:830} INFO - Processing file /opt/airflow/dags/sodai_pipeline_dag.py for tasks to queue
[2025-11-18T16:57:55.903+0000] {logging_mixin.py:188} INFO - [2025-11-18T16:57:55.902+0000] {dagbag.py:540} INFO - Filling up the DagBag from /opt/airflow/dags/sodai_pipeline_dag.py
[2025-11-18T16:57:55.921+0000] {processor.py:840} INFO - DAG(s) 'sodai_training_and_scoring' retrieved from /opt/airflow/dags/sodai_pipeline_dag.py
[2025-11-18T16:57:55.944+0000] {logging_mixin.py:188} INFO - [2025-11-18T16:57:55.944+0000] {dag.py:3096} INFO - Sync 1 DAGs
[2025-11-18T16:57:55.953+0000] {logging_mixin.py:188} INFO - [2025-11-18T16:57:55.953+0000] {dag.py:3954} INFO - Setting next_dagrun for sodai_training_and_scoring to None, run_after=None
[2025-11-18T16:57:55.973+0000] {processor.py:183} INFO - Processing /opt/airflow/dags/sodai_pipeline_dag.py took 0.078 seconds
[2025-11-18T16:58:26.565+0000] {processor.py:161} INFO - Started process (PID=1627) to work on /opt/airflow/dags/sodai_pipeline_dag.py
[2025-11-18T16:58:26.567+0000] {processor.py:830} INFO - Processing file /opt/airflow/dags/sodai_pipeline_dag.py for tasks to queue
[2025-11-18T16:58:26.569+0000] {logging_mixin.py:188} INFO - [2025-11-18T16:58:26.568+0000] {dagbag.py:540} INFO - Filling up the DagBag from /opt/airflow/dags/sodai_pipeline_dag.py
[2025-11-18T16:58:26.593+0000] {processor.py:840} INFO - DAG(s) 'sodai_training_and_scoring' retrieved from /opt/airflow/dags/sodai_pipeline_dag.py
[2025-11-18T16:58:26.619+0000] {logging_mixin.py:188} INFO - [2025-11-18T16:58:26.619+0000] {dag.py:3096} INFO - Sync 1 DAGs
[2025-11-18T16:58:26.630+0000] {logging_mixin.py:188} INFO - [2025-11-18T16:58:26.629+0000] {dag.py:3954} INFO - Setting next_dagrun for sodai_training_and_scoring to None, run_after=None
[2025-11-18T16:58:26.648+0000] {processor.py:183} INFO - Processing /opt/airflow/dags/sodai_pipeline_dag.py took 0.089 seconds
[2025-11-18T16:58:57.617+0000] {processor.py:161} INFO - Started process (PID=1637) to work on /opt/airflow/dags/sodai_pipeline_dag.py
[2025-11-18T16:58:57.618+0000] {processor.py:830} INFO - Processing file /opt/airflow/dags/sodai_pipeline_dag.py for tasks to queue
[2025-11-18T16:58:57.620+0000] {logging_mixin.py:188} INFO - [2025-11-18T16:58:57.620+0000] {dagbag.py:540} INFO - Filling up the DagBag from /opt/airflow/dags/sodai_pipeline_dag.py
[2025-11-18T16:58:57.653+0000] {processor.py:840} INFO - DAG(s) 'sodai_training_and_scoring' retrieved from /opt/airflow/dags/sodai_pipeline_dag.py
[2025-11-18T16:58:57.684+0000] {logging_mixin.py:188} INFO - [2025-11-18T16:58:57.684+0000] {dag.py:3096} INFO - Sync 1 DAGs
[2025-11-18T16:58:57.695+0000] {logging_mixin.py:188} INFO - [2025-11-18T16:58:57.695+0000] {dag.py:3954} INFO - Setting next_dagrun for sodai_training_and_scoring to None, run_after=None
[2025-11-18T16:58:57.712+0000] {processor.py:183} INFO - Processing /opt/airflow/dags/sodai_pipeline_dag.py took 0.100 seconds
[2025-11-18T16:59:28.447+0000] {processor.py:161} INFO - Started process (PID=1647) to work on /opt/airflow/dags/sodai_pipeline_dag.py
[2025-11-18T16:59:28.448+0000] {processor.py:830} INFO - Processing file /opt/airflow/dags/sodai_pipeline_dag.py for tasks to queue
[2025-11-18T16:59:28.451+0000] {logging_mixin.py:188} INFO - [2025-11-18T16:59:28.451+0000] {dagbag.py:540} INFO - Filling up the DagBag from /opt/airflow/dags/sodai_pipeline_dag.py
[2025-11-18T16:59:28.476+0000] {processor.py:840} INFO - DAG(s) 'sodai_training_and_scoring' retrieved from /opt/airflow/dags/sodai_pipeline_dag.py
[2025-11-18T16:59:28.500+0000] {logging_mixin.py:188} INFO - [2025-11-18T16:59:28.499+0000] {dag.py:3096} INFO - Sync 1 DAGs
[2025-11-18T16:59:28.510+0000] {logging_mixin.py:188} INFO - [2025-11-18T16:59:28.510+0000] {dag.py:3954} INFO - Setting next_dagrun for sodai_training_and_scoring to None, run_after=None
[2025-11-18T16:59:28.526+0000] {processor.py:183} INFO - Processing /opt/airflow/dags/sodai_pipeline_dag.py took 0.085 seconds
[2025-11-18T16:59:59.324+0000] {processor.py:161} INFO - Started process (PID=1657) to work on /opt/airflow/dags/sodai_pipeline_dag.py
[2025-11-18T16:59:59.325+0000] {processor.py:830} INFO - Processing file /opt/airflow/dags/sodai_pipeline_dag.py for tasks to queue
[2025-11-18T16:59:59.328+0000] {logging_mixin.py:188} INFO - [2025-11-18T16:59:59.328+0000] {dagbag.py:540} INFO - Filling up the DagBag from /opt/airflow/dags/sodai_pipeline_dag.py
[2025-11-18T16:59:59.346+0000] {processor.py:840} INFO - DAG(s) 'sodai_training_and_scoring' retrieved from /opt/airflow/dags/sodai_pipeline_dag.py
[2025-11-18T16:59:59.371+0000] {logging_mixin.py:188} INFO - [2025-11-18T16:59:59.371+0000] {dag.py:3096} INFO - Sync 1 DAGs
[2025-11-18T16:59:59.381+0000] {logging_mixin.py:188} INFO - [2025-11-18T16:59:59.381+0000] {dag.py:3954} INFO - Setting next_dagrun for sodai_training_and_scoring to None, run_after=None
[2025-11-18T16:59:59.405+0000] {processor.py:183} INFO - Processing /opt/airflow/dags/sodai_pipeline_dag.py took 0.086 seconds
[2025-11-18T17:00:30.104+0000] {processor.py:161} INFO - Started process (PID=1667) to work on /opt/airflow/dags/sodai_pipeline_dag.py
[2025-11-18T17:00:30.105+0000] {processor.py:830} INFO - Processing file /opt/airflow/dags/sodai_pipeline_dag.py for tasks to queue
[2025-11-18T17:00:30.107+0000] {logging_mixin.py:188} INFO - [2025-11-18T17:00:30.107+0000] {dagbag.py:540} INFO - Filling up the DagBag from /opt/airflow/dags/sodai_pipeline_dag.py
[2025-11-18T17:00:30.125+0000] {processor.py:840} INFO - DAG(s) 'sodai_training_and_scoring' retrieved from /opt/airflow/dags/sodai_pipeline_dag.py
[2025-11-18T17:00:30.147+0000] {logging_mixin.py:188} INFO - [2025-11-18T17:00:30.147+0000] {dag.py:3096} INFO - Sync 1 DAGs
[2025-11-18T17:00:30.160+0000] {logging_mixin.py:188} INFO - [2025-11-18T17:00:30.160+0000] {dag.py:3954} INFO - Setting next_dagrun for sodai_training_and_scoring to None, run_after=None
[2025-11-18T17:00:30.175+0000] {processor.py:183} INFO - Processing /opt/airflow/dags/sodai_pipeline_dag.py took 0.077 seconds
[2025-11-18T17:01:00.831+0000] {processor.py:161} INFO - Started process (PID=1677) to work on /opt/airflow/dags/sodai_pipeline_dag.py
[2025-11-18T17:01:00.833+0000] {processor.py:830} INFO - Processing file /opt/airflow/dags/sodai_pipeline_dag.py for tasks to queue
[2025-11-18T17:01:00.836+0000] {logging_mixin.py:188} INFO - [2025-11-18T17:01:00.836+0000] {dagbag.py:540} INFO - Filling up the DagBag from /opt/airflow/dags/sodai_pipeline_dag.py
[2025-11-18T17:01:00.860+0000] {processor.py:840} INFO - DAG(s) 'sodai_training_and_scoring' retrieved from /opt/airflow/dags/sodai_pipeline_dag.py
[2025-11-18T17:01:00.883+0000] {logging_mixin.py:188} INFO - [2025-11-18T17:01:00.883+0000] {dag.py:3096} INFO - Sync 1 DAGs
[2025-11-18T17:01:00.895+0000] {logging_mixin.py:188} INFO - [2025-11-18T17:01:00.895+0000] {dag.py:3954} INFO - Setting next_dagrun for sodai_training_and_scoring to None, run_after=None
[2025-11-18T17:01:00.918+0000] {processor.py:183} INFO - Processing /opt/airflow/dags/sodai_pipeline_dag.py took 0.093 seconds
[2025-11-18T17:01:31.375+0000] {processor.py:161} INFO - Started process (PID=1687) to work on /opt/airflow/dags/sodai_pipeline_dag.py
[2025-11-18T17:01:31.376+0000] {processor.py:830} INFO - Processing file /opt/airflow/dags/sodai_pipeline_dag.py for tasks to queue
[2025-11-18T17:01:31.378+0000] {logging_mixin.py:188} INFO - [2025-11-18T17:01:31.378+0000] {dagbag.py:540} INFO - Filling up the DagBag from /opt/airflow/dags/sodai_pipeline_dag.py
[2025-11-18T17:01:31.393+0000] {processor.py:840} INFO - DAG(s) 'sodai_training_and_scoring' retrieved from /opt/airflow/dags/sodai_pipeline_dag.py
[2025-11-18T17:01:31.415+0000] {logging_mixin.py:188} INFO - [2025-11-18T17:01:31.415+0000] {dag.py:3096} INFO - Sync 1 DAGs
[2025-11-18T17:01:31.427+0000] {logging_mixin.py:188} INFO - [2025-11-18T17:01:31.427+0000] {dag.py:3954} INFO - Setting next_dagrun for sodai_training_and_scoring to None, run_after=None
[2025-11-18T17:01:31.441+0000] {processor.py:183} INFO - Processing /opt/airflow/dags/sodai_pipeline_dag.py took 0.072 seconds
[2025-11-18T17:02:02.012+0000] {processor.py:161} INFO - Started process (PID=1697) to work on /opt/airflow/dags/sodai_pipeline_dag.py
[2025-11-18T17:02:02.014+0000] {processor.py:830} INFO - Processing file /opt/airflow/dags/sodai_pipeline_dag.py for tasks to queue
[2025-11-18T17:02:02.017+0000] {logging_mixin.py:188} INFO - [2025-11-18T17:02:02.016+0000] {dagbag.py:540} INFO - Filling up the DagBag from /opt/airflow/dags/sodai_pipeline_dag.py
[2025-11-18T17:02:02.093+0000] {processor.py:840} INFO - DAG(s) 'sodai_training_and_scoring' retrieved from /opt/airflow/dags/sodai_pipeline_dag.py
[2025-11-18T17:02:02.118+0000] {logging_mixin.py:188} INFO - [2025-11-18T17:02:02.118+0000] {dag.py:3096} INFO - Sync 1 DAGs
[2025-11-18T17:02:02.132+0000] {logging_mixin.py:188} INFO - [2025-11-18T17:02:02.131+0000] {dag.py:3954} INFO - Setting next_dagrun for sodai_training_and_scoring to None, run_after=None
[2025-11-18T17:02:02.155+0000] {processor.py:183} INFO - Processing /opt/airflow/dags/sodai_pipeline_dag.py took 0.149 seconds
[2025-11-18T17:02:32.519+0000] {processor.py:161} INFO - Started process (PID=1707) to work on /opt/airflow/dags/sodai_pipeline_dag.py
[2025-11-18T17:02:32.521+0000] {processor.py:830} INFO - Processing file /opt/airflow/dags/sodai_pipeline_dag.py for tasks to queue
[2025-11-18T17:02:32.523+0000] {logging_mixin.py:188} INFO - [2025-11-18T17:02:32.523+0000] {dagbag.py:540} INFO - Filling up the DagBag from /opt/airflow/dags/sodai_pipeline_dag.py
[2025-11-18T17:02:32.537+0000] {processor.py:840} INFO - DAG(s) 'sodai_training_and_scoring' retrieved from /opt/airflow/dags/sodai_pipeline_dag.py
[2025-11-18T17:02:32.557+0000] {logging_mixin.py:188} INFO - [2025-11-18T17:02:32.557+0000] {dag.py:3096} INFO - Sync 1 DAGs
[2025-11-18T17:02:32.570+0000] {logging_mixin.py:188} INFO - [2025-11-18T17:02:32.570+0000] {dag.py:3954} INFO - Setting next_dagrun for sodai_training_and_scoring to None, run_after=None
[2025-11-18T17:02:32.587+0000] {processor.py:183} INFO - Processing /opt/airflow/dags/sodai_pipeline_dag.py took 0.073 seconds
[2025-11-18T17:03:03.074+0000] {processor.py:161} INFO - Started process (PID=1717) to work on /opt/airflow/dags/sodai_pipeline_dag.py
[2025-11-18T17:03:03.075+0000] {processor.py:830} INFO - Processing file /opt/airflow/dags/sodai_pipeline_dag.py for tasks to queue
[2025-11-18T17:03:03.081+0000] {logging_mixin.py:188} INFO - [2025-11-18T17:03:03.081+0000] {dagbag.py:540} INFO - Filling up the DagBag from /opt/airflow/dags/sodai_pipeline_dag.py
[2025-11-18T17:03:03.141+0000] {processor.py:840} INFO - DAG(s) 'sodai_training_and_scoring' retrieved from /opt/airflow/dags/sodai_pipeline_dag.py
[2025-11-18T17:03:03.165+0000] {logging_mixin.py:188} INFO - [2025-11-18T17:03:03.165+0000] {dag.py:3096} INFO - Sync 1 DAGs
[2025-11-18T17:03:03.176+0000] {logging_mixin.py:188} INFO - [2025-11-18T17:03:03.176+0000] {dag.py:3954} INFO - Setting next_dagrun for sodai_training_and_scoring to None, run_after=None
[2025-11-18T17:03:03.195+0000] {processor.py:183} INFO - Processing /opt/airflow/dags/sodai_pipeline_dag.py took 0.127 seconds
[2025-11-18T17:03:33.722+0000] {processor.py:161} INFO - Started process (PID=1727) to work on /opt/airflow/dags/sodai_pipeline_dag.py
[2025-11-18T17:03:33.722+0000] {processor.py:830} INFO - Processing file /opt/airflow/dags/sodai_pipeline_dag.py for tasks to queue
[2025-11-18T17:03:33.724+0000] {logging_mixin.py:188} INFO - [2025-11-18T17:03:33.724+0000] {dagbag.py:540} INFO - Filling up the DagBag from /opt/airflow/dags/sodai_pipeline_dag.py
[2025-11-18T17:03:33.750+0000] {processor.py:840} INFO - DAG(s) 'sodai_training_and_scoring' retrieved from /opt/airflow/dags/sodai_pipeline_dag.py
[2025-11-18T17:03:33.774+0000] {logging_mixin.py:188} INFO - [2025-11-18T17:03:33.773+0000] {dag.py:3096} INFO - Sync 1 DAGs
[2025-11-18T17:03:33.783+0000] {logging_mixin.py:188} INFO - [2025-11-18T17:03:33.783+0000] {dag.py:3954} INFO - Setting next_dagrun for sodai_training_and_scoring to None, run_after=None
[2025-11-18T17:03:33.804+0000] {processor.py:183} INFO - Processing /opt/airflow/dags/sodai_pipeline_dag.py took 0.088 seconds
[2025-11-18T17:04:04.566+0000] {processor.py:161} INFO - Started process (PID=1737) to work on /opt/airflow/dags/sodai_pipeline_dag.py
[2025-11-18T17:04:04.568+0000] {processor.py:830} INFO - Processing file /opt/airflow/dags/sodai_pipeline_dag.py for tasks to queue
[2025-11-18T17:04:04.570+0000] {logging_mixin.py:188} INFO - [2025-11-18T17:04:04.570+0000] {dagbag.py:540} INFO - Filling up the DagBag from /opt/airflow/dags/sodai_pipeline_dag.py
[2025-11-18T17:04:04.619+0000] {processor.py:840} INFO - DAG(s) 'sodai_training_and_scoring' retrieved from /opt/airflow/dags/sodai_pipeline_dag.py
[2025-11-18T17:04:04.645+0000] {logging_mixin.py:188} INFO - [2025-11-18T17:04:04.645+0000] {dag.py:3096} INFO - Sync 1 DAGs
[2025-11-18T17:04:04.656+0000] {logging_mixin.py:188} INFO - [2025-11-18T17:04:04.656+0000] {dag.py:3954} INFO - Setting next_dagrun for sodai_training_and_scoring to None, run_after=None
[2025-11-18T17:04:04.679+0000] {processor.py:183} INFO - Processing /opt/airflow/dags/sodai_pipeline_dag.py took 0.118 seconds
[2025-11-18T17:04:35.224+0000] {processor.py:161} INFO - Started process (PID=1747) to work on /opt/airflow/dags/sodai_pipeline_dag.py
[2025-11-18T17:04:35.225+0000] {processor.py:830} INFO - Processing file /opt/airflow/dags/sodai_pipeline_dag.py for tasks to queue
[2025-11-18T17:04:35.227+0000] {logging_mixin.py:188} INFO - [2025-11-18T17:04:35.227+0000] {dagbag.py:540} INFO - Filling up the DagBag from /opt/airflow/dags/sodai_pipeline_dag.py
[2025-11-18T17:04:35.242+0000] {processor.py:840} INFO - DAG(s) 'sodai_training_and_scoring' retrieved from /opt/airflow/dags/sodai_pipeline_dag.py
[2025-11-18T17:04:35.265+0000] {logging_mixin.py:188} INFO - [2025-11-18T17:04:35.265+0000] {dag.py:3096} INFO - Sync 1 DAGs
[2025-11-18T17:04:35.276+0000] {logging_mixin.py:188} INFO - [2025-11-18T17:04:35.276+0000] {dag.py:3954} INFO - Setting next_dagrun for sodai_training_and_scoring to None, run_after=None
[2025-11-18T17:04:35.290+0000] {processor.py:183} INFO - Processing /opt/airflow/dags/sodai_pipeline_dag.py took 0.071 seconds
[2025-11-18T17:05:05.695+0000] {processor.py:161} INFO - Started process (PID=1757) to work on /opt/airflow/dags/sodai_pipeline_dag.py
[2025-11-18T17:05:05.696+0000] {processor.py:830} INFO - Processing file /opt/airflow/dags/sodai_pipeline_dag.py for tasks to queue
[2025-11-18T17:05:05.698+0000] {logging_mixin.py:188} INFO - [2025-11-18T17:05:05.698+0000] {dagbag.py:540} INFO - Filling up the DagBag from /opt/airflow/dags/sodai_pipeline_dag.py
[2025-11-18T17:05:05.716+0000] {processor.py:840} INFO - DAG(s) 'sodai_training_and_scoring' retrieved from /opt/airflow/dags/sodai_pipeline_dag.py
[2025-11-18T17:05:05.739+0000] {logging_mixin.py:188} INFO - [2025-11-18T17:05:05.739+0000] {dag.py:3096} INFO - Sync 1 DAGs
[2025-11-18T17:05:05.753+0000] {logging_mixin.py:188} INFO - [2025-11-18T17:05:05.753+0000] {dag.py:3954} INFO - Setting next_dagrun for sodai_training_and_scoring to None, run_after=None
[2025-11-18T17:05:05.775+0000] {processor.py:183} INFO - Processing /opt/airflow/dags/sodai_pipeline_dag.py took 0.086 seconds
[2025-11-18T17:05:36.316+0000] {processor.py:161} INFO - Started process (PID=1767) to work on /opt/airflow/dags/sodai_pipeline_dag.py
[2025-11-18T17:05:36.317+0000] {processor.py:830} INFO - Processing file /opt/airflow/dags/sodai_pipeline_dag.py for tasks to queue
[2025-11-18T17:05:36.318+0000] {logging_mixin.py:188} INFO - [2025-11-18T17:05:36.318+0000] {dagbag.py:540} INFO - Filling up the DagBag from /opt/airflow/dags/sodai_pipeline_dag.py
[2025-11-18T17:05:36.336+0000] {processor.py:840} INFO - DAG(s) 'sodai_training_and_scoring' retrieved from /opt/airflow/dags/sodai_pipeline_dag.py
[2025-11-18T17:05:36.357+0000] {logging_mixin.py:188} INFO - [2025-11-18T17:05:36.357+0000] {dag.py:3096} INFO - Sync 1 DAGs
[2025-11-18T17:05:36.366+0000] {logging_mixin.py:188} INFO - [2025-11-18T17:05:36.366+0000] {dag.py:3954} INFO - Setting next_dagrun for sodai_training_and_scoring to None, run_after=None
[2025-11-18T17:05:36.383+0000] {processor.py:183} INFO - Processing /opt/airflow/dags/sodai_pipeline_dag.py took 0.071 seconds
[2025-11-18T17:06:06.735+0000] {processor.py:161} INFO - Started process (PID=1777) to work on /opt/airflow/dags/sodai_pipeline_dag.py
[2025-11-18T17:06:06.736+0000] {processor.py:830} INFO - Processing file /opt/airflow/dags/sodai_pipeline_dag.py for tasks to queue
[2025-11-18T17:06:06.738+0000] {logging_mixin.py:188} INFO - [2025-11-18T17:06:06.737+0000] {dagbag.py:540} INFO - Filling up the DagBag from /opt/airflow/dags/sodai_pipeline_dag.py
[2025-11-18T17:06:06.760+0000] {processor.py:840} INFO - DAG(s) 'sodai_training_and_scoring' retrieved from /opt/airflow/dags/sodai_pipeline_dag.py
[2025-11-18T17:06:06.781+0000] {logging_mixin.py:188} INFO - [2025-11-18T17:06:06.781+0000] {dag.py:3096} INFO - Sync 1 DAGs
[2025-11-18T17:06:06.791+0000] {logging_mixin.py:188} INFO - [2025-11-18T17:06:06.791+0000] {dag.py:3954} INFO - Setting next_dagrun for sodai_training_and_scoring to None, run_after=None
[2025-11-18T17:06:06.804+0000] {processor.py:183} INFO - Processing /opt/airflow/dags/sodai_pipeline_dag.py took 0.075 seconds
[2025-11-18T17:06:37.105+0000] {processor.py:161} INFO - Started process (PID=1787) to work on /opt/airflow/dags/sodai_pipeline_dag.py
[2025-11-18T17:06:37.107+0000] {processor.py:830} INFO - Processing file /opt/airflow/dags/sodai_pipeline_dag.py for tasks to queue
[2025-11-18T17:06:37.108+0000] {logging_mixin.py:188} INFO - [2025-11-18T17:06:37.108+0000] {dagbag.py:540} INFO - Filling up the DagBag from /opt/airflow/dags/sodai_pipeline_dag.py
[2025-11-18T17:06:37.126+0000] {processor.py:840} INFO - DAG(s) 'sodai_training_and_scoring' retrieved from /opt/airflow/dags/sodai_pipeline_dag.py
[2025-11-18T17:06:37.149+0000] {logging_mixin.py:188} INFO - [2025-11-18T17:06:37.149+0000] {dag.py:3096} INFO - Sync 1 DAGs
[2025-11-18T17:06:37.159+0000] {logging_mixin.py:188} INFO - [2025-11-18T17:06:37.159+0000] {dag.py:3954} INFO - Setting next_dagrun for sodai_training_and_scoring to None, run_after=None
[2025-11-18T17:06:37.172+0000] {processor.py:183} INFO - Processing /opt/airflow/dags/sodai_pipeline_dag.py took 0.072 seconds
[2025-11-18T17:07:07.546+0000] {processor.py:161} INFO - Started process (PID=1797) to work on /opt/airflow/dags/sodai_pipeline_dag.py
[2025-11-18T17:07:07.547+0000] {processor.py:830} INFO - Processing file /opt/airflow/dags/sodai_pipeline_dag.py for tasks to queue
[2025-11-18T17:07:07.549+0000] {logging_mixin.py:188} INFO - [2025-11-18T17:07:07.549+0000] {dagbag.py:540} INFO - Filling up the DagBag from /opt/airflow/dags/sodai_pipeline_dag.py
[2025-11-18T17:07:07.572+0000] {processor.py:840} INFO - DAG(s) 'sodai_training_and_scoring' retrieved from /opt/airflow/dags/sodai_pipeline_dag.py
[2025-11-18T17:07:07.598+0000] {logging_mixin.py:188} INFO - [2025-11-18T17:07:07.597+0000] {dag.py:3096} INFO - Sync 1 DAGs
[2025-11-18T17:07:07.609+0000] {logging_mixin.py:188} INFO - [2025-11-18T17:07:07.609+0000] {dag.py:3954} INFO - Setting next_dagrun for sodai_training_and_scoring to None, run_after=None
[2025-11-18T17:07:07.627+0000] {processor.py:183} INFO - Processing /opt/airflow/dags/sodai_pipeline_dag.py took 0.086 seconds
[2025-11-18T17:07:38.082+0000] {processor.py:161} INFO - Started process (PID=1807) to work on /opt/airflow/dags/sodai_pipeline_dag.py
[2025-11-18T17:07:38.083+0000] {processor.py:830} INFO - Processing file /opt/airflow/dags/sodai_pipeline_dag.py for tasks to queue
[2025-11-18T17:07:38.085+0000] {logging_mixin.py:188} INFO - [2025-11-18T17:07:38.085+0000] {dagbag.py:540} INFO - Filling up the DagBag from /opt/airflow/dags/sodai_pipeline_dag.py
[2025-11-18T17:07:38.099+0000] {processor.py:840} INFO - DAG(s) 'sodai_training_and_scoring' retrieved from /opt/airflow/dags/sodai_pipeline_dag.py
[2025-11-18T17:07:38.123+0000] {logging_mixin.py:188} INFO - [2025-11-18T17:07:38.123+0000] {dag.py:3096} INFO - Sync 1 DAGs
[2025-11-18T17:07:38.133+0000] {logging_mixin.py:188} INFO - [2025-11-18T17:07:38.133+0000] {dag.py:3954} INFO - Setting next_dagrun for sodai_training_and_scoring to None, run_after=None
[2025-11-18T17:07:38.150+0000] {processor.py:183} INFO - Processing /opt/airflow/dags/sodai_pipeline_dag.py took 0.073 seconds
[2025-11-18T17:08:08.721+0000] {processor.py:161} INFO - Started process (PID=1817) to work on /opt/airflow/dags/sodai_pipeline_dag.py
[2025-11-18T17:08:08.722+0000] {processor.py:830} INFO - Processing file /opt/airflow/dags/sodai_pipeline_dag.py for tasks to queue
[2025-11-18T17:08:08.724+0000] {logging_mixin.py:188} INFO - [2025-11-18T17:08:08.724+0000] {dagbag.py:540} INFO - Filling up the DagBag from /opt/airflow/dags/sodai_pipeline_dag.py
[2025-11-18T17:08:08.744+0000] {processor.py:840} INFO - DAG(s) 'sodai_training_and_scoring' retrieved from /opt/airflow/dags/sodai_pipeline_dag.py
[2025-11-18T17:08:08.769+0000] {logging_mixin.py:188} INFO - [2025-11-18T17:08:08.769+0000] {dag.py:3096} INFO - Sync 1 DAGs
[2025-11-18T17:08:08.780+0000] {logging_mixin.py:188} INFO - [2025-11-18T17:08:08.780+0000] {dag.py:3954} INFO - Setting next_dagrun for sodai_training_and_scoring to None, run_after=None
[2025-11-18T17:08:08.797+0000] {processor.py:183} INFO - Processing /opt/airflow/dags/sodai_pipeline_dag.py took 0.082 seconds
[2025-11-18T17:08:39.384+0000] {processor.py:161} INFO - Started process (PID=1827) to work on /opt/airflow/dags/sodai_pipeline_dag.py
[2025-11-18T17:08:39.385+0000] {processor.py:830} INFO - Processing file /opt/airflow/dags/sodai_pipeline_dag.py for tasks to queue
[2025-11-18T17:08:39.387+0000] {logging_mixin.py:188} INFO - [2025-11-18T17:08:39.386+0000] {dagbag.py:540} INFO - Filling up the DagBag from /opt/airflow/dags/sodai_pipeline_dag.py
[2025-11-18T17:08:39.401+0000] {processor.py:840} INFO - DAG(s) 'sodai_training_and_scoring' retrieved from /opt/airflow/dags/sodai_pipeline_dag.py
[2025-11-18T17:08:39.423+0000] {logging_mixin.py:188} INFO - [2025-11-18T17:08:39.423+0000] {dag.py:3096} INFO - Sync 1 DAGs
[2025-11-18T17:08:39.435+0000] {logging_mixin.py:188} INFO - [2025-11-18T17:08:39.434+0000] {dag.py:3954} INFO - Setting next_dagrun for sodai_training_and_scoring to None, run_after=None
[2025-11-18T17:08:39.451+0000] {processor.py:183} INFO - Processing /opt/airflow/dags/sodai_pipeline_dag.py took 0.073 seconds
[2025-11-18T17:09:09.917+0000] {processor.py:161} INFO - Started process (PID=1837) to work on /opt/airflow/dags/sodai_pipeline_dag.py
[2025-11-18T17:09:09.919+0000] {processor.py:830} INFO - Processing file /opt/airflow/dags/sodai_pipeline_dag.py for tasks to queue
[2025-11-18T17:09:09.920+0000] {logging_mixin.py:188} INFO - [2025-11-18T17:09:09.920+0000] {dagbag.py:540} INFO - Filling up the DagBag from /opt/airflow/dags/sodai_pipeline_dag.py
[2025-11-18T17:09:09.942+0000] {processor.py:840} INFO - DAG(s) 'sodai_training_and_scoring' retrieved from /opt/airflow/dags/sodai_pipeline_dag.py
[2025-11-18T17:09:09.963+0000] {logging_mixin.py:188} INFO - [2025-11-18T17:09:09.963+0000] {dag.py:3096} INFO - Sync 1 DAGs
[2025-11-18T17:09:09.972+0000] {logging_mixin.py:188} INFO - [2025-11-18T17:09:09.972+0000] {dag.py:3954} INFO - Setting next_dagrun for sodai_training_and_scoring to None, run_after=None
[2025-11-18T17:09:09.991+0000] {processor.py:183} INFO - Processing /opt/airflow/dags/sodai_pipeline_dag.py took 0.080 seconds
[2025-11-18T17:09:40.485+0000] {processor.py:161} INFO - Started process (PID=1847) to work on /opt/airflow/dags/sodai_pipeline_dag.py
[2025-11-18T17:09:40.487+0000] {processor.py:830} INFO - Processing file /opt/airflow/dags/sodai_pipeline_dag.py for tasks to queue
[2025-11-18T17:09:40.490+0000] {logging_mixin.py:188} INFO - [2025-11-18T17:09:40.489+0000] {dagbag.py:540} INFO - Filling up the DagBag from /opt/airflow/dags/sodai_pipeline_dag.py
[2025-11-18T17:09:40.504+0000] {processor.py:840} INFO - DAG(s) 'sodai_training_and_scoring' retrieved from /opt/airflow/dags/sodai_pipeline_dag.py
[2025-11-18T17:09:40.527+0000] {logging_mixin.py:188} INFO - [2025-11-18T17:09:40.527+0000] {dag.py:3096} INFO - Sync 1 DAGs
[2025-11-18T17:09:40.537+0000] {logging_mixin.py:188} INFO - [2025-11-18T17:09:40.537+0000] {dag.py:3954} INFO - Setting next_dagrun for sodai_training_and_scoring to None, run_after=None
[2025-11-18T17:09:40.556+0000] {processor.py:183} INFO - Processing /opt/airflow/dags/sodai_pipeline_dag.py took 0.076 seconds
[2025-11-18T17:10:11.064+0000] {processor.py:161} INFO - Started process (PID=1857) to work on /opt/airflow/dags/sodai_pipeline_dag.py
[2025-11-18T17:10:11.064+0000] {processor.py:830} INFO - Processing file /opt/airflow/dags/sodai_pipeline_dag.py for tasks to queue
[2025-11-18T17:10:11.066+0000] {logging_mixin.py:188} INFO - [2025-11-18T17:10:11.066+0000] {dagbag.py:540} INFO - Filling up the DagBag from /opt/airflow/dags/sodai_pipeline_dag.py
[2025-11-18T17:10:11.086+0000] {processor.py:840} INFO - DAG(s) 'sodai_training_and_scoring' retrieved from /opt/airflow/dags/sodai_pipeline_dag.py
[2025-11-18T17:10:11.107+0000] {logging_mixin.py:188} INFO - [2025-11-18T17:10:11.107+0000] {dag.py:3096} INFO - Sync 1 DAGs
[2025-11-18T17:10:11.118+0000] {logging_mixin.py:188} INFO - [2025-11-18T17:10:11.118+0000] {dag.py:3954} INFO - Setting next_dagrun for sodai_training_and_scoring to None, run_after=None
[2025-11-18T17:10:11.136+0000] {processor.py:183} INFO - Processing /opt/airflow/dags/sodai_pipeline_dag.py took 0.077 seconds
[2025-11-18T17:10:41.641+0000] {processor.py:161} INFO - Started process (PID=1867) to work on /opt/airflow/dags/sodai_pipeline_dag.py
[2025-11-18T17:10:41.642+0000] {processor.py:830} INFO - Processing file /opt/airflow/dags/sodai_pipeline_dag.py for tasks to queue
[2025-11-18T17:10:41.644+0000] {logging_mixin.py:188} INFO - [2025-11-18T17:10:41.644+0000] {dagbag.py:540} INFO - Filling up the DagBag from /opt/airflow/dags/sodai_pipeline_dag.py
[2025-11-18T17:10:41.661+0000] {processor.py:840} INFO - DAG(s) 'sodai_training_and_scoring' retrieved from /opt/airflow/dags/sodai_pipeline_dag.py
[2025-11-18T17:10:41.683+0000] {logging_mixin.py:188} INFO - [2025-11-18T17:10:41.683+0000] {dag.py:3096} INFO - Sync 1 DAGs
[2025-11-18T17:10:41.693+0000] {logging_mixin.py:188} INFO - [2025-11-18T17:10:41.693+0000] {dag.py:3954} INFO - Setting next_dagrun for sodai_training_and_scoring to None, run_after=None
[2025-11-18T17:10:41.705+0000] {processor.py:183} INFO - Processing /opt/airflow/dags/sodai_pipeline_dag.py took 0.070 seconds
[2025-11-18T17:11:12.094+0000] {processor.py:161} INFO - Started process (PID=1877) to work on /opt/airflow/dags/sodai_pipeline_dag.py
[2025-11-18T17:11:12.095+0000] {processor.py:830} INFO - Processing file /opt/airflow/dags/sodai_pipeline_dag.py for tasks to queue
[2025-11-18T17:11:12.096+0000] {logging_mixin.py:188} INFO - [2025-11-18T17:11:12.096+0000] {dagbag.py:540} INFO - Filling up the DagBag from /opt/airflow/dags/sodai_pipeline_dag.py
[2025-11-18T17:11:12.111+0000] {processor.py:840} INFO - DAG(s) 'sodai_training_and_scoring' retrieved from /opt/airflow/dags/sodai_pipeline_dag.py
[2025-11-18T17:11:12.131+0000] {logging_mixin.py:188} INFO - [2025-11-18T17:11:12.131+0000] {dag.py:3096} INFO - Sync 1 DAGs
[2025-11-18T17:11:12.141+0000] {logging_mixin.py:188} INFO - [2025-11-18T17:11:12.140+0000] {dag.py:3954} INFO - Setting next_dagrun for sodai_training_and_scoring to None, run_after=None
[2025-11-18T17:11:12.159+0000] {processor.py:183} INFO - Processing /opt/airflow/dags/sodai_pipeline_dag.py took 0.069 seconds
[2025-11-18T17:11:42.594+0000] {processor.py:161} INFO - Started process (PID=1887) to work on /opt/airflow/dags/sodai_pipeline_dag.py
[2025-11-18T17:11:42.596+0000] {processor.py:830} INFO - Processing file /opt/airflow/dags/sodai_pipeline_dag.py for tasks to queue
[2025-11-18T17:11:42.598+0000] {logging_mixin.py:188} INFO - [2025-11-18T17:11:42.598+0000] {dagbag.py:540} INFO - Filling up the DagBag from /opt/airflow/dags/sodai_pipeline_dag.py
[2025-11-18T17:11:42.616+0000] {processor.py:840} INFO - DAG(s) 'sodai_training_and_scoring' retrieved from /opt/airflow/dags/sodai_pipeline_dag.py
[2025-11-18T17:11:42.635+0000] {logging_mixin.py:188} INFO - [2025-11-18T17:11:42.635+0000] {dag.py:3096} INFO - Sync 1 DAGs
[2025-11-18T17:11:42.644+0000] {logging_mixin.py:188} INFO - [2025-11-18T17:11:42.644+0000] {dag.py:3954} INFO - Setting next_dagrun for sodai_training_and_scoring to None, run_after=None
[2025-11-18T17:11:42.661+0000] {processor.py:183} INFO - Processing /opt/airflow/dags/sodai_pipeline_dag.py took 0.071 seconds
[2025-11-18T17:12:13.057+0000] {processor.py:161} INFO - Started process (PID=1897) to work on /opt/airflow/dags/sodai_pipeline_dag.py
[2025-11-18T17:12:13.058+0000] {processor.py:830} INFO - Processing file /opt/airflow/dags/sodai_pipeline_dag.py for tasks to queue
[2025-11-18T17:12:13.060+0000] {logging_mixin.py:188} INFO - [2025-11-18T17:12:13.060+0000] {dagbag.py:540} INFO - Filling up the DagBag from /opt/airflow/dags/sodai_pipeline_dag.py
[2025-11-18T17:12:13.078+0000] {processor.py:840} INFO - DAG(s) 'sodai_training_and_scoring' retrieved from /opt/airflow/dags/sodai_pipeline_dag.py
[2025-11-18T17:12:13.098+0000] {logging_mixin.py:188} INFO - [2025-11-18T17:12:13.098+0000] {dag.py:3096} INFO - Sync 1 DAGs
[2025-11-18T17:12:13.107+0000] {logging_mixin.py:188} INFO - [2025-11-18T17:12:13.107+0000] {dag.py:3954} INFO - Setting next_dagrun for sodai_training_and_scoring to None, run_after=None
[2025-11-18T17:12:13.123+0000] {processor.py:183} INFO - Processing /opt/airflow/dags/sodai_pipeline_dag.py took 0.071 seconds
[2025-11-18T17:12:43.763+0000] {processor.py:161} INFO - Started process (PID=1907) to work on /opt/airflow/dags/sodai_pipeline_dag.py
[2025-11-18T17:12:43.764+0000] {processor.py:830} INFO - Processing file /opt/airflow/dags/sodai_pipeline_dag.py for tasks to queue
[2025-11-18T17:12:43.766+0000] {logging_mixin.py:188} INFO - [2025-11-18T17:12:43.766+0000] {dagbag.py:540} INFO - Filling up the DagBag from /opt/airflow/dags/sodai_pipeline_dag.py
[2025-11-18T17:12:43.802+0000] {processor.py:840} INFO - DAG(s) 'sodai_training_and_scoring' retrieved from /opt/airflow/dags/sodai_pipeline_dag.py
[2025-11-18T17:12:43.825+0000] {logging_mixin.py:188} INFO - [2025-11-18T17:12:43.824+0000] {dag.py:3096} INFO - Sync 1 DAGs
[2025-11-18T17:12:43.834+0000] {logging_mixin.py:188} INFO - [2025-11-18T17:12:43.834+0000] {dag.py:3954} INFO - Setting next_dagrun for sodai_training_and_scoring to None, run_after=None
[2025-11-18T17:12:43.849+0000] {processor.py:183} INFO - Processing /opt/airflow/dags/sodai_pipeline_dag.py took 0.090 seconds
[2025-11-18T17:13:14.153+0000] {processor.py:161} INFO - Started process (PID=1917) to work on /opt/airflow/dags/sodai_pipeline_dag.py
[2025-11-18T17:13:14.154+0000] {processor.py:830} INFO - Processing file /opt/airflow/dags/sodai_pipeline_dag.py for tasks to queue
[2025-11-18T17:13:14.156+0000] {logging_mixin.py:188} INFO - [2025-11-18T17:13:14.156+0000] {dagbag.py:540} INFO - Filling up the DagBag from /opt/airflow/dags/sodai_pipeline_dag.py
[2025-11-18T17:13:14.190+0000] {processor.py:840} INFO - DAG(s) 'sodai_training_and_scoring' retrieved from /opt/airflow/dags/sodai_pipeline_dag.py
[2025-11-18T17:13:14.216+0000] {logging_mixin.py:188} INFO - [2025-11-18T17:13:14.216+0000] {dag.py:3096} INFO - Sync 1 DAGs
[2025-11-18T17:13:14.229+0000] {logging_mixin.py:188} INFO - [2025-11-18T17:13:14.228+0000] {dag.py:3954} INFO - Setting next_dagrun for sodai_training_and_scoring to None, run_after=None
[2025-11-18T17:13:14.249+0000] {processor.py:183} INFO - Processing /opt/airflow/dags/sodai_pipeline_dag.py took 0.101 seconds
[2025-11-18T17:13:44.934+0000] {processor.py:161} INFO - Started process (PID=1927) to work on /opt/airflow/dags/sodai_pipeline_dag.py
[2025-11-18T17:13:44.935+0000] {processor.py:830} INFO - Processing file /opt/airflow/dags/sodai_pipeline_dag.py for tasks to queue
[2025-11-18T17:13:44.938+0000] {logging_mixin.py:188} INFO - [2025-11-18T17:13:44.938+0000] {dagbag.py:540} INFO - Filling up the DagBag from /opt/airflow/dags/sodai_pipeline_dag.py
[2025-11-18T17:13:44.953+0000] {processor.py:840} INFO - DAG(s) 'sodai_training_and_scoring' retrieved from /opt/airflow/dags/sodai_pipeline_dag.py
[2025-11-18T17:13:44.974+0000] {logging_mixin.py:188} INFO - [2025-11-18T17:13:44.974+0000] {dag.py:3096} INFO - Sync 1 DAGs
[2025-11-18T17:13:44.985+0000] {logging_mixin.py:188} INFO - [2025-11-18T17:13:44.984+0000] {dag.py:3954} INFO - Setting next_dagrun for sodai_training_and_scoring to None, run_after=None
[2025-11-18T17:13:45.001+0000] {processor.py:183} INFO - Processing /opt/airflow/dags/sodai_pipeline_dag.py took 0.072 seconds
[2025-11-18T17:14:15.512+0000] {processor.py:161} INFO - Started process (PID=1937) to work on /opt/airflow/dags/sodai_pipeline_dag.py
[2025-11-18T17:14:15.513+0000] {processor.py:830} INFO - Processing file /opt/airflow/dags/sodai_pipeline_dag.py for tasks to queue
[2025-11-18T17:14:15.514+0000] {logging_mixin.py:188} INFO - [2025-11-18T17:14:15.514+0000] {dagbag.py:540} INFO - Filling up the DagBag from /opt/airflow/dags/sodai_pipeline_dag.py
[2025-11-18T17:14:15.533+0000] {processor.py:840} INFO - DAG(s) 'sodai_training_and_scoring' retrieved from /opt/airflow/dags/sodai_pipeline_dag.py
[2025-11-18T17:14:15.552+0000] {logging_mixin.py:188} INFO - [2025-11-18T17:14:15.552+0000] {dag.py:3096} INFO - Sync 1 DAGs
[2025-11-18T17:14:15.562+0000] {logging_mixin.py:188} INFO - [2025-11-18T17:14:15.561+0000] {dag.py:3954} INFO - Setting next_dagrun for sodai_training_and_scoring to None, run_after=None
[2025-11-18T17:14:15.582+0000] {processor.py:183} INFO - Processing /opt/airflow/dags/sodai_pipeline_dag.py took 0.075 seconds
[2025-11-18T17:14:46.202+0000] {processor.py:161} INFO - Started process (PID=1947) to work on /opt/airflow/dags/sodai_pipeline_dag.py
[2025-11-18T17:14:46.206+0000] {processor.py:830} INFO - Processing file /opt/airflow/dags/sodai_pipeline_dag.py for tasks to queue
[2025-11-18T17:14:46.211+0000] {logging_mixin.py:188} INFO - [2025-11-18T17:14:46.211+0000] {dagbag.py:540} INFO - Filling up the DagBag from /opt/airflow/dags/sodai_pipeline_dag.py
[2025-11-18T17:14:46.266+0000] {processor.py:840} INFO - DAG(s) 'sodai_training_and_scoring' retrieved from /opt/airflow/dags/sodai_pipeline_dag.py
[2025-11-18T17:14:46.291+0000] {logging_mixin.py:188} INFO - [2025-11-18T17:14:46.290+0000] {dag.py:3096} INFO - Sync 1 DAGs
[2025-11-18T17:14:46.302+0000] {logging_mixin.py:188} INFO - [2025-11-18T17:14:46.301+0000] {dag.py:3954} INFO - Setting next_dagrun for sodai_training_and_scoring to None, run_after=None
[2025-11-18T17:14:46.327+0000] {processor.py:183} INFO - Processing /opt/airflow/dags/sodai_pipeline_dag.py took 0.130 seconds
[2025-11-18T17:15:16.927+0000] {processor.py:161} INFO - Started process (PID=1957) to work on /opt/airflow/dags/sodai_pipeline_dag.py
[2025-11-18T17:15:16.930+0000] {processor.py:830} INFO - Processing file /opt/airflow/dags/sodai_pipeline_dag.py for tasks to queue
[2025-11-18T17:15:16.934+0000] {logging_mixin.py:188} INFO - [2025-11-18T17:15:16.933+0000] {dagbag.py:540} INFO - Filling up the DagBag from /opt/airflow/dags/sodai_pipeline_dag.py
[2025-11-18T17:15:16.971+0000] {processor.py:840} INFO - DAG(s) 'sodai_training_and_scoring' retrieved from /opt/airflow/dags/sodai_pipeline_dag.py
[2025-11-18T17:15:16.993+0000] {logging_mixin.py:188} INFO - [2025-11-18T17:15:16.992+0000] {dag.py:3096} INFO - Sync 1 DAGs
[2025-11-18T17:15:17.003+0000] {logging_mixin.py:188} INFO - [2025-11-18T17:15:17.003+0000] {dag.py:3954} INFO - Setting next_dagrun for sodai_training_and_scoring to None, run_after=None
[2025-11-18T17:15:17.015+0000] {processor.py:183} INFO - Processing /opt/airflow/dags/sodai_pipeline_dag.py took 0.092 seconds
[2025-11-18T17:15:47.470+0000] {processor.py:161} INFO - Started process (PID=1967) to work on /opt/airflow/dags/sodai_pipeline_dag.py
[2025-11-18T17:15:47.473+0000] {processor.py:830} INFO - Processing file /opt/airflow/dags/sodai_pipeline_dag.py for tasks to queue
[2025-11-18T17:15:47.475+0000] {logging_mixin.py:188} INFO - [2025-11-18T17:15:47.474+0000] {dagbag.py:540} INFO - Filling up the DagBag from /opt/airflow/dags/sodai_pipeline_dag.py
[2025-11-18T17:15:47.489+0000] {processor.py:840} INFO - DAG(s) 'sodai_training_and_scoring' retrieved from /opt/airflow/dags/sodai_pipeline_dag.py
[2025-11-18T17:15:47.514+0000] {logging_mixin.py:188} INFO - [2025-11-18T17:15:47.514+0000] {dag.py:3096} INFO - Sync 1 DAGs
[2025-11-18T17:15:47.524+0000] {logging_mixin.py:188} INFO - [2025-11-18T17:15:47.524+0000] {dag.py:3954} INFO - Setting next_dagrun for sodai_training_and_scoring to None, run_after=None
[2025-11-18T17:15:47.544+0000] {processor.py:183} INFO - Processing /opt/airflow/dags/sodai_pipeline_dag.py took 0.079 seconds
[2025-11-18T17:16:18.124+0000] {processor.py:161} INFO - Started process (PID=1977) to work on /opt/airflow/dags/sodai_pipeline_dag.py
[2025-11-18T17:16:18.125+0000] {processor.py:830} INFO - Processing file /opt/airflow/dags/sodai_pipeline_dag.py for tasks to queue
[2025-11-18T17:16:18.129+0000] {logging_mixin.py:188} INFO - [2025-11-18T17:16:18.128+0000] {dagbag.py:540} INFO - Filling up the DagBag from /opt/airflow/dags/sodai_pipeline_dag.py
[2025-11-18T17:16:18.150+0000] {processor.py:840} INFO - DAG(s) 'sodai_training_and_scoring' retrieved from /opt/airflow/dags/sodai_pipeline_dag.py
[2025-11-18T17:16:18.171+0000] {logging_mixin.py:188} INFO - [2025-11-18T17:16:18.171+0000] {dag.py:3096} INFO - Sync 1 DAGs
[2025-11-18T17:16:18.180+0000] {logging_mixin.py:188} INFO - [2025-11-18T17:16:18.180+0000] {dag.py:3954} INFO - Setting next_dagrun for sodai_training_and_scoring to None, run_after=None
[2025-11-18T17:16:18.199+0000] {processor.py:183} INFO - Processing /opt/airflow/dags/sodai_pipeline_dag.py took 0.079 seconds
[2025-11-18T17:16:48.754+0000] {processor.py:161} INFO - Started process (PID=1987) to work on /opt/airflow/dags/sodai_pipeline_dag.py
[2025-11-18T17:16:48.759+0000] {processor.py:830} INFO - Processing file /opt/airflow/dags/sodai_pipeline_dag.py for tasks to queue
[2025-11-18T17:16:48.761+0000] {logging_mixin.py:188} INFO - [2025-11-18T17:16:48.761+0000] {dagbag.py:540} INFO - Filling up the DagBag from /opt/airflow/dags/sodai_pipeline_dag.py
[2025-11-18T17:16:48.810+0000] {processor.py:840} INFO - DAG(s) 'sodai_training_and_scoring' retrieved from /opt/airflow/dags/sodai_pipeline_dag.py
[2025-11-18T17:16:48.833+0000] {logging_mixin.py:188} INFO - [2025-11-18T17:16:48.833+0000] {dag.py:3096} INFO - Sync 1 DAGs
[2025-11-18T17:16:48.842+0000] {logging_mixin.py:188} INFO - [2025-11-18T17:16:48.842+0000] {dag.py:3954} INFO - Setting next_dagrun for sodai_training_and_scoring to None, run_after=None
[2025-11-18T17:16:48.856+0000] {processor.py:183} INFO - Processing /opt/airflow/dags/sodai_pipeline_dag.py took 0.107 seconds
[2025-11-18T17:17:19.266+0000] {processor.py:161} INFO - Started process (PID=1997) to work on /opt/airflow/dags/sodai_pipeline_dag.py
[2025-11-18T17:17:19.268+0000] {processor.py:830} INFO - Processing file /opt/airflow/dags/sodai_pipeline_dag.py for tasks to queue
[2025-11-18T17:17:19.269+0000] {logging_mixin.py:188} INFO - [2025-11-18T17:17:19.269+0000] {dagbag.py:540} INFO - Filling up the DagBag from /opt/airflow/dags/sodai_pipeline_dag.py
[2025-11-18T17:17:19.290+0000] {processor.py:840} INFO - DAG(s) 'sodai_training_and_scoring' retrieved from /opt/airflow/dags/sodai_pipeline_dag.py
[2025-11-18T17:17:19.311+0000] {logging_mixin.py:188} INFO - [2025-11-18T17:17:19.311+0000] {dag.py:3096} INFO - Sync 1 DAGs
[2025-11-18T17:17:19.320+0000] {logging_mixin.py:188} INFO - [2025-11-18T17:17:19.320+0000] {dag.py:3954} INFO - Setting next_dagrun for sodai_training_and_scoring to None, run_after=None
[2025-11-18T17:17:19.339+0000] {processor.py:183} INFO - Processing /opt/airflow/dags/sodai_pipeline_dag.py took 0.078 seconds
[2025-11-18T17:17:49.852+0000] {processor.py:161} INFO - Started process (PID=2007) to work on /opt/airflow/dags/sodai_pipeline_dag.py
[2025-11-18T17:17:49.853+0000] {processor.py:830} INFO - Processing file /opt/airflow/dags/sodai_pipeline_dag.py for tasks to queue
[2025-11-18T17:17:49.855+0000] {logging_mixin.py:188} INFO - [2025-11-18T17:17:49.854+0000] {dagbag.py:540} INFO - Filling up the DagBag from /opt/airflow/dags/sodai_pipeline_dag.py
[2025-11-18T17:17:49.877+0000] {processor.py:840} INFO - DAG(s) 'sodai_training_and_scoring' retrieved from /opt/airflow/dags/sodai_pipeline_dag.py
[2025-11-18T17:17:49.899+0000] {logging_mixin.py:188} INFO - [2025-11-18T17:17:49.898+0000] {dag.py:3096} INFO - Sync 1 DAGs
[2025-11-18T17:17:49.908+0000] {logging_mixin.py:188} INFO - [2025-11-18T17:17:49.908+0000] {dag.py:3954} INFO - Setting next_dagrun for sodai_training_and_scoring to None, run_after=None
[2025-11-18T17:17:49.927+0000] {processor.py:183} INFO - Processing /opt/airflow/dags/sodai_pipeline_dag.py took 0.079 seconds
[2025-11-18T17:18:20.313+0000] {processor.py:161} INFO - Started process (PID=2017) to work on /opt/airflow/dags/sodai_pipeline_dag.py
[2025-11-18T17:18:20.314+0000] {processor.py:830} INFO - Processing file /opt/airflow/dags/sodai_pipeline_dag.py for tasks to queue
[2025-11-18T17:18:20.316+0000] {logging_mixin.py:188} INFO - [2025-11-18T17:18:20.315+0000] {dagbag.py:540} INFO - Filling up the DagBag from /opt/airflow/dags/sodai_pipeline_dag.py
[2025-11-18T17:18:20.329+0000] {processor.py:840} INFO - DAG(s) 'sodai_training_and_scoring' retrieved from /opt/airflow/dags/sodai_pipeline_dag.py
[2025-11-18T17:18:20.351+0000] {logging_mixin.py:188} INFO - [2025-11-18T17:18:20.351+0000] {dag.py:3096} INFO - Sync 1 DAGs
[2025-11-18T17:18:20.365+0000] {logging_mixin.py:188} INFO - [2025-11-18T17:18:20.364+0000] {dag.py:3954} INFO - Setting next_dagrun for sodai_training_and_scoring to None, run_after=None
[2025-11-18T17:18:20.381+0000] {processor.py:183} INFO - Processing /opt/airflow/dags/sodai_pipeline_dag.py took 0.073 seconds
[2025-11-18T17:18:51.089+0000] {processor.py:161} INFO - Started process (PID=2027) to work on /opt/airflow/dags/sodai_pipeline_dag.py
[2025-11-18T17:18:51.092+0000] {processor.py:830} INFO - Processing file /opt/airflow/dags/sodai_pipeline_dag.py for tasks to queue
[2025-11-18T17:18:51.095+0000] {logging_mixin.py:188} INFO - [2025-11-18T17:18:51.094+0000] {dagbag.py:540} INFO - Filling up the DagBag from /opt/airflow/dags/sodai_pipeline_dag.py
[2025-11-18T17:18:51.110+0000] {processor.py:840} INFO - DAG(s) 'sodai_training_and_scoring' retrieved from /opt/airflow/dags/sodai_pipeline_dag.py
[2025-11-18T17:18:51.132+0000] {logging_mixin.py:188} INFO - [2025-11-18T17:18:51.132+0000] {dag.py:3096} INFO - Sync 1 DAGs
[2025-11-18T17:18:51.142+0000] {logging_mixin.py:188} INFO - [2025-11-18T17:18:51.142+0000] {dag.py:3954} INFO - Setting next_dagrun for sodai_training_and_scoring to None, run_after=None
[2025-11-18T17:18:51.156+0000] {processor.py:183} INFO - Processing /opt/airflow/dags/sodai_pipeline_dag.py took 0.072 seconds
[2025-11-18T17:19:21.656+0000] {processor.py:161} INFO - Started process (PID=2037) to work on /opt/airflow/dags/sodai_pipeline_dag.py
[2025-11-18T17:19:21.657+0000] {processor.py:830} INFO - Processing file /opt/airflow/dags/sodai_pipeline_dag.py for tasks to queue
[2025-11-18T17:19:21.659+0000] {logging_mixin.py:188} INFO - [2025-11-18T17:19:21.659+0000] {dagbag.py:540} INFO - Filling up the DagBag from /opt/airflow/dags/sodai_pipeline_dag.py
[2025-11-18T17:19:21.681+0000] {processor.py:840} INFO - DAG(s) 'sodai_training_and_scoring' retrieved from /opt/airflow/dags/sodai_pipeline_dag.py
[2025-11-18T17:19:21.703+0000] {logging_mixin.py:188} INFO - [2025-11-18T17:19:21.702+0000] {dag.py:3096} INFO - Sync 1 DAGs
[2025-11-18T17:19:21.712+0000] {logging_mixin.py:188} INFO - [2025-11-18T17:19:21.712+0000] {dag.py:3954} INFO - Setting next_dagrun for sodai_training_and_scoring to None, run_after=None
[2025-11-18T17:19:21.725+0000] {processor.py:183} INFO - Processing /opt/airflow/dags/sodai_pipeline_dag.py took 0.074 seconds
[2025-11-18T17:19:52.395+0000] {processor.py:161} INFO - Started process (PID=2047) to work on /opt/airflow/dags/sodai_pipeline_dag.py
[2025-11-18T17:19:52.395+0000] {processor.py:830} INFO - Processing file /opt/airflow/dags/sodai_pipeline_dag.py for tasks to queue
[2025-11-18T17:19:52.397+0000] {logging_mixin.py:188} INFO - [2025-11-18T17:19:52.396+0000] {dagbag.py:540} INFO - Filling up the DagBag from /opt/airflow/dags/sodai_pipeline_dag.py
[2025-11-18T17:19:52.414+0000] {processor.py:840} INFO - DAG(s) 'sodai_training_and_scoring' retrieved from /opt/airflow/dags/sodai_pipeline_dag.py
[2025-11-18T17:19:52.435+0000] {logging_mixin.py:188} INFO - [2025-11-18T17:19:52.434+0000] {dag.py:3096} INFO - Sync 1 DAGs
[2025-11-18T17:19:52.450+0000] {logging_mixin.py:188} INFO - [2025-11-18T17:19:52.450+0000] {dag.py:3954} INFO - Setting next_dagrun for sodai_training_and_scoring to None, run_after=None
[2025-11-18T17:19:52.463+0000] {processor.py:183} INFO - Processing /opt/airflow/dags/sodai_pipeline_dag.py took 0.073 seconds
[2025-11-18T17:20:23.032+0000] {processor.py:161} INFO - Started process (PID=2057) to work on /opt/airflow/dags/sodai_pipeline_dag.py
[2025-11-18T17:20:23.033+0000] {processor.py:830} INFO - Processing file /opt/airflow/dags/sodai_pipeline_dag.py for tasks to queue
[2025-11-18T17:20:23.034+0000] {logging_mixin.py:188} INFO - [2025-11-18T17:20:23.034+0000] {dagbag.py:540} INFO - Filling up the DagBag from /opt/airflow/dags/sodai_pipeline_dag.py
[2025-11-18T17:20:23.057+0000] {processor.py:840} INFO - DAG(s) 'sodai_training_and_scoring' retrieved from /opt/airflow/dags/sodai_pipeline_dag.py
[2025-11-18T17:20:23.081+0000] {logging_mixin.py:188} INFO - [2025-11-18T17:20:23.081+0000] {dag.py:3096} INFO - Sync 1 DAGs
[2025-11-18T17:20:23.091+0000] {logging_mixin.py:188} INFO - [2025-11-18T17:20:23.091+0000] {dag.py:3954} INFO - Setting next_dagrun for sodai_training_and_scoring to None, run_after=None
[2025-11-18T17:20:23.112+0000] {processor.py:183} INFO - Processing /opt/airflow/dags/sodai_pipeline_dag.py took 0.086 seconds
[2025-11-18T17:20:53.614+0000] {processor.py:161} INFO - Started process (PID=2067) to work on /opt/airflow/dags/sodai_pipeline_dag.py
[2025-11-18T17:20:53.614+0000] {processor.py:830} INFO - Processing file /opt/airflow/dags/sodai_pipeline_dag.py for tasks to queue
[2025-11-18T17:20:53.619+0000] {logging_mixin.py:188} INFO - [2025-11-18T17:20:53.618+0000] {dagbag.py:540} INFO - Filling up the DagBag from /opt/airflow/dags/sodai_pipeline_dag.py
[2025-11-18T17:20:53.643+0000] {processor.py:840} INFO - DAG(s) 'sodai_training_and_scoring' retrieved from /opt/airflow/dags/sodai_pipeline_dag.py
[2025-11-18T17:20:53.665+0000] {logging_mixin.py:188} INFO - [2025-11-18T17:20:53.665+0000] {dag.py:3096} INFO - Sync 1 DAGs
[2025-11-18T17:20:53.675+0000] {logging_mixin.py:188} INFO - [2025-11-18T17:20:53.675+0000] {dag.py:3954} INFO - Setting next_dagrun for sodai_training_and_scoring to None, run_after=None
[2025-11-18T17:20:53.688+0000] {processor.py:183} INFO - Processing /opt/airflow/dags/sodai_pipeline_dag.py took 0.079 seconds
[2025-11-18T17:21:24.392+0000] {processor.py:161} INFO - Started process (PID=2077) to work on /opt/airflow/dags/sodai_pipeline_dag.py
[2025-11-18T17:21:24.393+0000] {processor.py:830} INFO - Processing file /opt/airflow/dags/sodai_pipeline_dag.py for tasks to queue
[2025-11-18T17:21:24.394+0000] {logging_mixin.py:188} INFO - [2025-11-18T17:21:24.394+0000] {dagbag.py:540} INFO - Filling up the DagBag from /opt/airflow/dags/sodai_pipeline_dag.py
[2025-11-18T17:21:24.415+0000] {processor.py:840} INFO - DAG(s) 'sodai_training_and_scoring' retrieved from /opt/airflow/dags/sodai_pipeline_dag.py
[2025-11-18T17:21:24.438+0000] {logging_mixin.py:188} INFO - [2025-11-18T17:21:24.438+0000] {dag.py:3096} INFO - Sync 1 DAGs
[2025-11-18T17:21:24.448+0000] {logging_mixin.py:188} INFO - [2025-11-18T17:21:24.448+0000] {dag.py:3954} INFO - Setting next_dagrun for sodai_training_and_scoring to None, run_after=None
[2025-11-18T17:21:24.463+0000] {processor.py:183} INFO - Processing /opt/airflow/dags/sodai_pipeline_dag.py took 0.076 seconds
[2025-11-18T17:21:55.061+0000] {processor.py:161} INFO - Started process (PID=2087) to work on /opt/airflow/dags/sodai_pipeline_dag.py
[2025-11-18T17:21:55.062+0000] {processor.py:830} INFO - Processing file /opt/airflow/dags/sodai_pipeline_dag.py for tasks to queue
[2025-11-18T17:21:55.064+0000] {logging_mixin.py:188} INFO - [2025-11-18T17:21:55.064+0000] {dagbag.py:540} INFO - Filling up the DagBag from /opt/airflow/dags/sodai_pipeline_dag.py
[2025-11-18T17:21:55.081+0000] {processor.py:840} INFO - DAG(s) 'sodai_training_and_scoring' retrieved from /opt/airflow/dags/sodai_pipeline_dag.py
[2025-11-18T17:21:55.103+0000] {logging_mixin.py:188} INFO - [2025-11-18T17:21:55.103+0000] {dag.py:3096} INFO - Sync 1 DAGs
[2025-11-18T17:21:55.112+0000] {logging_mixin.py:188} INFO - [2025-11-18T17:21:55.112+0000] {dag.py:3954} INFO - Setting next_dagrun for sodai_training_and_scoring to None, run_after=None
[2025-11-18T17:21:55.131+0000] {processor.py:183} INFO - Processing /opt/airflow/dags/sodai_pipeline_dag.py took 0.074 seconds
[2025-11-18T17:22:25.822+0000] {processor.py:161} INFO - Started process (PID=2097) to work on /opt/airflow/dags/sodai_pipeline_dag.py
[2025-11-18T17:22:25.823+0000] {processor.py:830} INFO - Processing file /opt/airflow/dags/sodai_pipeline_dag.py for tasks to queue
[2025-11-18T17:22:25.825+0000] {logging_mixin.py:188} INFO - [2025-11-18T17:22:25.824+0000] {dagbag.py:540} INFO - Filling up the DagBag from /opt/airflow/dags/sodai_pipeline_dag.py
[2025-11-18T17:22:25.873+0000] {processor.py:840} INFO - DAG(s) 'sodai_training_and_scoring' retrieved from /opt/airflow/dags/sodai_pipeline_dag.py
[2025-11-18T17:22:25.893+0000] {logging_mixin.py:188} INFO - [2025-11-18T17:22:25.893+0000] {dag.py:3096} INFO - Sync 1 DAGs
[2025-11-18T17:22:25.904+0000] {logging_mixin.py:188} INFO - [2025-11-18T17:22:25.903+0000] {dag.py:3954} INFO - Setting next_dagrun for sodai_training_and_scoring to None, run_after=None
[2025-11-18T17:22:25.924+0000] {processor.py:183} INFO - Processing /opt/airflow/dags/sodai_pipeline_dag.py took 0.108 seconds
[2025-11-18T17:22:56.624+0000] {processor.py:161} INFO - Started process (PID=2107) to work on /opt/airflow/dags/sodai_pipeline_dag.py
[2025-11-18T17:22:56.625+0000] {processor.py:830} INFO - Processing file /opt/airflow/dags/sodai_pipeline_dag.py for tasks to queue
[2025-11-18T17:22:56.626+0000] {logging_mixin.py:188} INFO - [2025-11-18T17:22:56.626+0000] {dagbag.py:540} INFO - Filling up the DagBag from /opt/airflow/dags/sodai_pipeline_dag.py
[2025-11-18T17:22:56.639+0000] {processor.py:840} INFO - DAG(s) 'sodai_training_and_scoring' retrieved from /opt/airflow/dags/sodai_pipeline_dag.py
[2025-11-18T17:22:56.659+0000] {logging_mixin.py:188} INFO - [2025-11-18T17:22:56.659+0000] {dag.py:3096} INFO - Sync 1 DAGs
[2025-11-18T17:22:56.673+0000] {logging_mixin.py:188} INFO - [2025-11-18T17:22:56.673+0000] {dag.py:3954} INFO - Setting next_dagrun for sodai_training_and_scoring to None, run_after=None
[2025-11-18T17:22:56.691+0000] {processor.py:183} INFO - Processing /opt/airflow/dags/sodai_pipeline_dag.py took 0.072 seconds
[2025-11-18T17:23:27.252+0000] {processor.py:161} INFO - Started process (PID=2117) to work on /opt/airflow/dags/sodai_pipeline_dag.py
[2025-11-18T17:23:27.254+0000] {processor.py:830} INFO - Processing file /opt/airflow/dags/sodai_pipeline_dag.py for tasks to queue
[2025-11-18T17:23:27.256+0000] {logging_mixin.py:188} INFO - [2025-11-18T17:23:27.256+0000] {dagbag.py:540} INFO - Filling up the DagBag from /opt/airflow/dags/sodai_pipeline_dag.py
[2025-11-18T17:23:27.273+0000] {processor.py:840} INFO - DAG(s) 'sodai_training_and_scoring' retrieved from /opt/airflow/dags/sodai_pipeline_dag.py
[2025-11-18T17:23:27.295+0000] {logging_mixin.py:188} INFO - [2025-11-18T17:23:27.294+0000] {dag.py:3096} INFO - Sync 1 DAGs
[2025-11-18T17:23:27.305+0000] {logging_mixin.py:188} INFO - [2025-11-18T17:23:27.305+0000] {dag.py:3954} INFO - Setting next_dagrun for sodai_training_and_scoring to None, run_after=None
[2025-11-18T17:23:27.320+0000] {processor.py:183} INFO - Processing /opt/airflow/dags/sodai_pipeline_dag.py took 0.072 seconds
[2025-11-18T17:23:58.084+0000] {processor.py:161} INFO - Started process (PID=2127) to work on /opt/airflow/dags/sodai_pipeline_dag.py
[2025-11-18T17:23:58.086+0000] {processor.py:830} INFO - Processing file /opt/airflow/dags/sodai_pipeline_dag.py for tasks to queue
[2025-11-18T17:23:58.087+0000] {logging_mixin.py:188} INFO - [2025-11-18T17:23:58.087+0000] {dagbag.py:540} INFO - Filling up the DagBag from /opt/airflow/dags/sodai_pipeline_dag.py
[2025-11-18T17:23:58.100+0000] {processor.py:840} INFO - DAG(s) 'sodai_training_and_scoring' retrieved from /opt/airflow/dags/sodai_pipeline_dag.py
[2025-11-18T17:23:58.123+0000] {logging_mixin.py:188} INFO - [2025-11-18T17:23:58.123+0000] {dag.py:3096} INFO - Sync 1 DAGs
[2025-11-18T17:23:58.132+0000] {logging_mixin.py:188} INFO - [2025-11-18T17:23:58.132+0000] {dag.py:3954} INFO - Setting next_dagrun for sodai_training_and_scoring to None, run_after=None
[2025-11-18T17:23:58.150+0000] {processor.py:183} INFO - Processing /opt/airflow/dags/sodai_pipeline_dag.py took 0.071 seconds
[2025-11-18T17:24:28.857+0000] {processor.py:161} INFO - Started process (PID=2137) to work on /opt/airflow/dags/sodai_pipeline_dag.py
[2025-11-18T17:24:28.858+0000] {processor.py:830} INFO - Processing file /opt/airflow/dags/sodai_pipeline_dag.py for tasks to queue
[2025-11-18T17:24:28.861+0000] {logging_mixin.py:188} INFO - [2025-11-18T17:24:28.861+0000] {dagbag.py:540} INFO - Filling up the DagBag from /opt/airflow/dags/sodai_pipeline_dag.py
[2025-11-18T17:24:28.878+0000] {processor.py:840} INFO - DAG(s) 'sodai_training_and_scoring' retrieved from /opt/airflow/dags/sodai_pipeline_dag.py
[2025-11-18T17:24:28.904+0000] {logging_mixin.py:188} INFO - [2025-11-18T17:24:28.904+0000] {dag.py:3096} INFO - Sync 1 DAGs
[2025-11-18T17:24:28.916+0000] {logging_mixin.py:188} INFO - [2025-11-18T17:24:28.915+0000] {dag.py:3954} INFO - Setting next_dagrun for sodai_training_and_scoring to None, run_after=None
[2025-11-18T17:24:28.929+0000] {processor.py:183} INFO - Processing /opt/airflow/dags/sodai_pipeline_dag.py took 0.077 seconds
[2025-11-18T17:24:59.706+0000] {processor.py:161} INFO - Started process (PID=2147) to work on /opt/airflow/dags/sodai_pipeline_dag.py
[2025-11-18T17:24:59.707+0000] {processor.py:830} INFO - Processing file /opt/airflow/dags/sodai_pipeline_dag.py for tasks to queue
[2025-11-18T17:24:59.710+0000] {logging_mixin.py:188} INFO - [2025-11-18T17:24:59.710+0000] {dagbag.py:540} INFO - Filling up the DagBag from /opt/airflow/dags/sodai_pipeline_dag.py
[2025-11-18T17:24:59.745+0000] {processor.py:840} INFO - DAG(s) 'sodai_training_and_scoring' retrieved from /opt/airflow/dags/sodai_pipeline_dag.py
[2025-11-18T17:24:59.768+0000] {logging_mixin.py:188} INFO - [2025-11-18T17:24:59.768+0000] {dag.py:3096} INFO - Sync 1 DAGs
[2025-11-18T17:24:59.782+0000] {logging_mixin.py:188} INFO - [2025-11-18T17:24:59.781+0000] {dag.py:3954} INFO - Setting next_dagrun for sodai_training_and_scoring to None, run_after=None
[2025-11-18T17:24:59.800+0000] {processor.py:183} INFO - Processing /opt/airflow/dags/sodai_pipeline_dag.py took 0.100 seconds
[2025-11-18T17:25:30.640+0000] {processor.py:161} INFO - Started process (PID=2157) to work on /opt/airflow/dags/sodai_pipeline_dag.py
[2025-11-18T17:25:30.641+0000] {processor.py:830} INFO - Processing file /opt/airflow/dags/sodai_pipeline_dag.py for tasks to queue
[2025-11-18T17:25:30.646+0000] {logging_mixin.py:188} INFO - [2025-11-18T17:25:30.645+0000] {dagbag.py:540} INFO - Filling up the DagBag from /opt/airflow/dags/sodai_pipeline_dag.py
[2025-11-18T17:25:30.716+0000] {processor.py:840} INFO - DAG(s) 'sodai_training_and_scoring' retrieved from /opt/airflow/dags/sodai_pipeline_dag.py
[2025-11-18T17:25:30.738+0000] {logging_mixin.py:188} INFO - [2025-11-18T17:25:30.738+0000] {dag.py:3096} INFO - Sync 1 DAGs
[2025-11-18T17:25:30.749+0000] {logging_mixin.py:188} INFO - [2025-11-18T17:25:30.749+0000] {dag.py:3954} INFO - Setting next_dagrun for sodai_training_and_scoring to None, run_after=None
[2025-11-18T17:25:30.769+0000] {processor.py:183} INFO - Processing /opt/airflow/dags/sodai_pipeline_dag.py took 0.135 seconds
[2025-11-18T17:26:01.473+0000] {processor.py:161} INFO - Started process (PID=2167) to work on /opt/airflow/dags/sodai_pipeline_dag.py
[2025-11-18T17:26:01.474+0000] {processor.py:830} INFO - Processing file /opt/airflow/dags/sodai_pipeline_dag.py for tasks to queue
[2025-11-18T17:26:01.477+0000] {logging_mixin.py:188} INFO - [2025-11-18T17:26:01.476+0000] {dagbag.py:540} INFO - Filling up the DagBag from /opt/airflow/dags/sodai_pipeline_dag.py
[2025-11-18T17:26:01.513+0000] {processor.py:840} INFO - DAG(s) 'sodai_training_and_scoring' retrieved from /opt/airflow/dags/sodai_pipeline_dag.py
[2025-11-18T17:26:01.538+0000] {logging_mixin.py:188} INFO - [2025-11-18T17:26:01.538+0000] {dag.py:3096} INFO - Sync 1 DAGs
[2025-11-18T17:26:01.564+0000] {logging_mixin.py:188} INFO - [2025-11-18T17:26:01.564+0000] {dag.py:3954} INFO - Setting next_dagrun for sodai_training_and_scoring to None, run_after=None
[2025-11-18T17:26:01.590+0000] {processor.py:183} INFO - Processing /opt/airflow/dags/sodai_pipeline_dag.py took 0.121 seconds
[2025-11-18T17:26:32.371+0000] {processor.py:161} INFO - Started process (PID=2177) to work on /opt/airflow/dags/sodai_pipeline_dag.py
[2025-11-18T17:26:32.373+0000] {processor.py:830} INFO - Processing file /opt/airflow/dags/sodai_pipeline_dag.py for tasks to queue
[2025-11-18T17:26:32.376+0000] {logging_mixin.py:188} INFO - [2025-11-18T17:26:32.376+0000] {dagbag.py:540} INFO - Filling up the DagBag from /opt/airflow/dags/sodai_pipeline_dag.py
[2025-11-18T17:26:32.434+0000] {processor.py:840} INFO - DAG(s) 'sodai_training_and_scoring' retrieved from /opt/airflow/dags/sodai_pipeline_dag.py
[2025-11-18T17:26:32.457+0000] {logging_mixin.py:188} INFO - [2025-11-18T17:26:32.457+0000] {dag.py:3096} INFO - Sync 1 DAGs
[2025-11-18T17:26:32.469+0000] {logging_mixin.py:188} INFO - [2025-11-18T17:26:32.469+0000] {dag.py:3954} INFO - Setting next_dagrun for sodai_training_and_scoring to None, run_after=None
[2025-11-18T17:26:32.488+0000] {processor.py:183} INFO - Processing /opt/airflow/dags/sodai_pipeline_dag.py took 0.124 seconds
[2025-11-18T17:27:03.008+0000] {processor.py:161} INFO - Started process (PID=2187) to work on /opt/airflow/dags/sodai_pipeline_dag.py
[2025-11-18T17:27:03.010+0000] {processor.py:830} INFO - Processing file /opt/airflow/dags/sodai_pipeline_dag.py for tasks to queue
[2025-11-18T17:27:03.017+0000] {logging_mixin.py:188} INFO - [2025-11-18T17:27:03.017+0000] {dagbag.py:540} INFO - Filling up the DagBag from /opt/airflow/dags/sodai_pipeline_dag.py
[2025-11-18T17:27:03.088+0000] {processor.py:840} INFO - DAG(s) 'sodai_training_and_scoring' retrieved from /opt/airflow/dags/sodai_pipeline_dag.py
[2025-11-18T17:27:03.115+0000] {logging_mixin.py:188} INFO - [2025-11-18T17:27:03.115+0000] {dag.py:3096} INFO - Sync 1 DAGs
[2025-11-18T17:27:03.125+0000] {logging_mixin.py:188} INFO - [2025-11-18T17:27:03.125+0000] {dag.py:3954} INFO - Setting next_dagrun for sodai_training_and_scoring to None, run_after=None
[2025-11-18T17:27:03.145+0000] {processor.py:183} INFO - Processing /opt/airflow/dags/sodai_pipeline_dag.py took 0.142 seconds
[2025-11-18T17:27:34.012+0000] {processor.py:161} INFO - Started process (PID=2197) to work on /opt/airflow/dags/sodai_pipeline_dag.py
[2025-11-18T17:27:34.014+0000] {processor.py:830} INFO - Processing file /opt/airflow/dags/sodai_pipeline_dag.py for tasks to queue
[2025-11-18T17:27:34.016+0000] {logging_mixin.py:188} INFO - [2025-11-18T17:27:34.016+0000] {dagbag.py:540} INFO - Filling up the DagBag from /opt/airflow/dags/sodai_pipeline_dag.py
[2025-11-18T17:27:34.062+0000] {processor.py:840} INFO - DAG(s) 'sodai_training_and_scoring' retrieved from /opt/airflow/dags/sodai_pipeline_dag.py
[2025-11-18T17:27:34.086+0000] {logging_mixin.py:188} INFO - [2025-11-18T17:27:34.086+0000] {dag.py:3096} INFO - Sync 1 DAGs
[2025-11-18T17:27:34.096+0000] {logging_mixin.py:188} INFO - [2025-11-18T17:27:34.096+0000] {dag.py:3954} INFO - Setting next_dagrun for sodai_training_and_scoring to None, run_after=None
[2025-11-18T17:27:34.115+0000] {processor.py:183} INFO - Processing /opt/airflow/dags/sodai_pipeline_dag.py took 0.109 seconds
[2025-11-18T17:28:04.651+0000] {processor.py:161} INFO - Started process (PID=2207) to work on /opt/airflow/dags/sodai_pipeline_dag.py
[2025-11-18T17:28:04.656+0000] {processor.py:830} INFO - Processing file /opt/airflow/dags/sodai_pipeline_dag.py for tasks to queue
[2025-11-18T17:28:04.659+0000] {logging_mixin.py:188} INFO - [2025-11-18T17:28:04.658+0000] {dagbag.py:540} INFO - Filling up the DagBag from /opt/airflow/dags/sodai_pipeline_dag.py
[2025-11-18T17:28:04.672+0000] {processor.py:840} INFO - DAG(s) 'sodai_training_and_scoring' retrieved from /opt/airflow/dags/sodai_pipeline_dag.py
[2025-11-18T17:28:04.696+0000] {logging_mixin.py:188} INFO - [2025-11-18T17:28:04.696+0000] {dag.py:3096} INFO - Sync 1 DAGs
[2025-11-18T17:28:04.708+0000] {logging_mixin.py:188} INFO - [2025-11-18T17:28:04.708+0000] {dag.py:3954} INFO - Setting next_dagrun for sodai_training_and_scoring to None, run_after=None
[2025-11-18T17:28:04.728+0000] {processor.py:183} INFO - Processing /opt/airflow/dags/sodai_pipeline_dag.py took 0.081 seconds
[2025-11-18T17:28:35.352+0000] {processor.py:161} INFO - Started process (PID=2217) to work on /opt/airflow/dags/sodai_pipeline_dag.py
[2025-11-18T17:28:35.353+0000] {processor.py:830} INFO - Processing file /opt/airflow/dags/sodai_pipeline_dag.py for tasks to queue
[2025-11-18T17:28:35.355+0000] {logging_mixin.py:188} INFO - [2025-11-18T17:28:35.355+0000] {dagbag.py:540} INFO - Filling up the DagBag from /opt/airflow/dags/sodai_pipeline_dag.py
[2025-11-18T17:28:35.372+0000] {processor.py:840} INFO - DAG(s) 'sodai_training_and_scoring' retrieved from /opt/airflow/dags/sodai_pipeline_dag.py
[2025-11-18T17:28:35.395+0000] {logging_mixin.py:188} INFO - [2025-11-18T17:28:35.395+0000] {dag.py:3096} INFO - Sync 1 DAGs
[2025-11-18T17:28:35.405+0000] {logging_mixin.py:188} INFO - [2025-11-18T17:28:35.405+0000] {dag.py:3954} INFO - Setting next_dagrun for sodai_training_and_scoring to None, run_after=None
[2025-11-18T17:28:35.421+0000] {processor.py:183} INFO - Processing /opt/airflow/dags/sodai_pipeline_dag.py took 0.073 seconds
[2025-11-18T17:29:06.084+0000] {processor.py:161} INFO - Started process (PID=2227) to work on /opt/airflow/dags/sodai_pipeline_dag.py
[2025-11-18T17:29:06.085+0000] {processor.py:830} INFO - Processing file /opt/airflow/dags/sodai_pipeline_dag.py for tasks to queue
[2025-11-18T17:29:06.089+0000] {logging_mixin.py:188} INFO - [2025-11-18T17:29:06.088+0000] {dagbag.py:540} INFO - Filling up the DagBag from /opt/airflow/dags/sodai_pipeline_dag.py
[2025-11-18T17:29:06.128+0000] {processor.py:840} INFO - DAG(s) 'sodai_training_and_scoring' retrieved from /opt/airflow/dags/sodai_pipeline_dag.py
[2025-11-18T17:29:06.149+0000] {logging_mixin.py:188} INFO - [2025-11-18T17:29:06.149+0000] {dag.py:3096} INFO - Sync 1 DAGs
[2025-11-18T17:29:06.159+0000] {logging_mixin.py:188} INFO - [2025-11-18T17:29:06.158+0000] {dag.py:3954} INFO - Setting next_dagrun for sodai_training_and_scoring to None, run_after=None
[2025-11-18T17:29:06.174+0000] {processor.py:183} INFO - Processing /opt/airflow/dags/sodai_pipeline_dag.py took 0.095 seconds
[2025-11-18T17:29:36.732+0000] {processor.py:161} INFO - Started process (PID=2237) to work on /opt/airflow/dags/sodai_pipeline_dag.py
[2025-11-18T17:29:36.733+0000] {processor.py:830} INFO - Processing file /opt/airflow/dags/sodai_pipeline_dag.py for tasks to queue
[2025-11-18T17:29:36.734+0000] {logging_mixin.py:188} INFO - [2025-11-18T17:29:36.734+0000] {dagbag.py:540} INFO - Filling up the DagBag from /opt/airflow/dags/sodai_pipeline_dag.py
[2025-11-18T17:29:36.752+0000] {processor.py:840} INFO - DAG(s) 'sodai_training_and_scoring' retrieved from /opt/airflow/dags/sodai_pipeline_dag.py
[2025-11-18T17:29:36.777+0000] {logging_mixin.py:188} INFO - [2025-11-18T17:29:36.777+0000] {dag.py:3096} INFO - Sync 1 DAGs
[2025-11-18T17:29:36.787+0000] {logging_mixin.py:188} INFO - [2025-11-18T17:29:36.787+0000] {dag.py:3954} INFO - Setting next_dagrun for sodai_training_and_scoring to None, run_after=None
[2025-11-18T17:29:36.799+0000] {processor.py:183} INFO - Processing /opt/airflow/dags/sodai_pipeline_dag.py took 0.072 seconds
[2025-11-18T17:30:07.313+0000] {processor.py:161} INFO - Started process (PID=2247) to work on /opt/airflow/dags/sodai_pipeline_dag.py
[2025-11-18T17:30:07.315+0000] {processor.py:830} INFO - Processing file /opt/airflow/dags/sodai_pipeline_dag.py for tasks to queue
[2025-11-18T17:30:07.317+0000] {logging_mixin.py:188} INFO - [2025-11-18T17:30:07.316+0000] {dagbag.py:540} INFO - Filling up the DagBag from /opt/airflow/dags/sodai_pipeline_dag.py
[2025-11-18T17:30:07.341+0000] {processor.py:840} INFO - DAG(s) 'sodai_training_and_scoring' retrieved from /opt/airflow/dags/sodai_pipeline_dag.py
[2025-11-18T17:30:07.363+0000] {logging_mixin.py:188} INFO - [2025-11-18T17:30:07.363+0000] {dag.py:3096} INFO - Sync 1 DAGs
[2025-11-18T17:30:07.373+0000] {logging_mixin.py:188} INFO - [2025-11-18T17:30:07.373+0000] {dag.py:3954} INFO - Setting next_dagrun for sodai_training_and_scoring to None, run_after=None
[2025-11-18T17:30:07.402+0000] {processor.py:183} INFO - Processing /opt/airflow/dags/sodai_pipeline_dag.py took 0.094 seconds
[2025-11-18T17:30:38.093+0000] {processor.py:161} INFO - Started process (PID=2257) to work on /opt/airflow/dags/sodai_pipeline_dag.py
[2025-11-18T17:30:38.095+0000] {processor.py:830} INFO - Processing file /opt/airflow/dags/sodai_pipeline_dag.py for tasks to queue
[2025-11-18T17:30:38.098+0000] {logging_mixin.py:188} INFO - [2025-11-18T17:30:38.097+0000] {dagbag.py:540} INFO - Filling up the DagBag from /opt/airflow/dags/sodai_pipeline_dag.py
[2025-11-18T17:30:38.142+0000] {processor.py:840} INFO - DAG(s) 'sodai_training_and_scoring' retrieved from /opt/airflow/dags/sodai_pipeline_dag.py
[2025-11-18T17:30:38.176+0000] {logging_mixin.py:188} INFO - [2025-11-18T17:30:38.176+0000] {dag.py:3096} INFO - Sync 1 DAGs
[2025-11-18T17:30:38.188+0000] {logging_mixin.py:188} INFO - [2025-11-18T17:30:38.187+0000] {dag.py:3954} INFO - Setting next_dagrun for sodai_training_and_scoring to None, run_after=None
[2025-11-18T17:30:38.209+0000] {processor.py:183} INFO - Processing /opt/airflow/dags/sodai_pipeline_dag.py took 0.122 seconds
[2025-11-18T17:31:08.696+0000] {processor.py:161} INFO - Started process (PID=2267) to work on /opt/airflow/dags/sodai_pipeline_dag.py
[2025-11-18T17:31:08.697+0000] {processor.py:830} INFO - Processing file /opt/airflow/dags/sodai_pipeline_dag.py for tasks to queue
[2025-11-18T17:31:08.699+0000] {logging_mixin.py:188} INFO - [2025-11-18T17:31:08.698+0000] {dagbag.py:540} INFO - Filling up the DagBag from /opt/airflow/dags/sodai_pipeline_dag.py
[2025-11-18T17:31:08.717+0000] {processor.py:840} INFO - DAG(s) 'sodai_training_and_scoring' retrieved from /opt/airflow/dags/sodai_pipeline_dag.py
[2025-11-18T17:31:08.741+0000] {logging_mixin.py:188} INFO - [2025-11-18T17:31:08.741+0000] {dag.py:3096} INFO - Sync 1 DAGs
[2025-11-18T17:31:08.751+0000] {logging_mixin.py:188} INFO - [2025-11-18T17:31:08.751+0000] {dag.py:3954} INFO - Setting next_dagrun for sodai_training_and_scoring to None, run_after=None
[2025-11-18T17:31:08.765+0000] {processor.py:183} INFO - Processing /opt/airflow/dags/sodai_pipeline_dag.py took 0.075 seconds
[2025-11-18T17:31:39.145+0000] {processor.py:161} INFO - Started process (PID=2277) to work on /opt/airflow/dags/sodai_pipeline_dag.py
[2025-11-18T17:31:39.145+0000] {processor.py:830} INFO - Processing file /opt/airflow/dags/sodai_pipeline_dag.py for tasks to queue
[2025-11-18T17:31:39.147+0000] {logging_mixin.py:188} INFO - [2025-11-18T17:31:39.147+0000] {dagbag.py:540} INFO - Filling up the DagBag from /opt/airflow/dags/sodai_pipeline_dag.py
[2025-11-18T17:31:39.162+0000] {processor.py:840} INFO - DAG(s) 'sodai_training_and_scoring' retrieved from /opt/airflow/dags/sodai_pipeline_dag.py
[2025-11-18T17:31:39.185+0000] {logging_mixin.py:188} INFO - [2025-11-18T17:31:39.184+0000] {dag.py:3096} INFO - Sync 1 DAGs
[2025-11-18T17:31:39.194+0000] {logging_mixin.py:188} INFO - [2025-11-18T17:31:39.194+0000] {dag.py:3954} INFO - Setting next_dagrun for sodai_training_and_scoring to None, run_after=None
[2025-11-18T17:31:39.208+0000] {processor.py:183} INFO - Processing /opt/airflow/dags/sodai_pipeline_dag.py took 0.068 seconds
[2025-11-18T17:32:09.628+0000] {processor.py:161} INFO - Started process (PID=2287) to work on /opt/airflow/dags/sodai_pipeline_dag.py
[2025-11-18T17:32:09.630+0000] {processor.py:830} INFO - Processing file /opt/airflow/dags/sodai_pipeline_dag.py for tasks to queue
[2025-11-18T17:32:09.632+0000] {logging_mixin.py:188} INFO - [2025-11-18T17:32:09.632+0000] {dagbag.py:540} INFO - Filling up the DagBag from /opt/airflow/dags/sodai_pipeline_dag.py
[2025-11-18T17:32:09.656+0000] {processor.py:840} INFO - DAG(s) 'sodai_training_and_scoring' retrieved from /opt/airflow/dags/sodai_pipeline_dag.py
[2025-11-18T17:32:09.678+0000] {logging_mixin.py:188} INFO - [2025-11-18T17:32:09.678+0000] {dag.py:3096} INFO - Sync 1 DAGs
[2025-11-18T17:32:09.689+0000] {logging_mixin.py:188} INFO - [2025-11-18T17:32:09.689+0000] {dag.py:3954} INFO - Setting next_dagrun for sodai_training_and_scoring to None, run_after=None
[2025-11-18T17:32:09.715+0000] {processor.py:183} INFO - Processing /opt/airflow/dags/sodai_pipeline_dag.py took 0.092 seconds
[2025-11-18T17:32:40.545+0000] {processor.py:161} INFO - Started process (PID=2297) to work on /opt/airflow/dags/sodai_pipeline_dag.py
[2025-11-18T17:32:40.546+0000] {processor.py:830} INFO - Processing file /opt/airflow/dags/sodai_pipeline_dag.py for tasks to queue
[2025-11-18T17:32:40.548+0000] {logging_mixin.py:188} INFO - [2025-11-18T17:32:40.548+0000] {dagbag.py:540} INFO - Filling up the DagBag from /opt/airflow/dags/sodai_pipeline_dag.py
[2025-11-18T17:32:40.599+0000] {processor.py:840} INFO - DAG(s) 'sodai_training_and_scoring' retrieved from /opt/airflow/dags/sodai_pipeline_dag.py
[2025-11-18T17:32:40.626+0000] {logging_mixin.py:188} INFO - [2025-11-18T17:32:40.626+0000] {dag.py:3096} INFO - Sync 1 DAGs
[2025-11-18T17:32:40.637+0000] {logging_mixin.py:188} INFO - [2025-11-18T17:32:40.637+0000] {dag.py:3954} INFO - Setting next_dagrun for sodai_training_and_scoring to None, run_after=None
[2025-11-18T17:32:40.658+0000] {processor.py:183} INFO - Processing /opt/airflow/dags/sodai_pipeline_dag.py took 0.118 seconds
[2025-11-18T17:33:10.826+0000] {processor.py:161} INFO - Started process (PID=2307) to work on /opt/airflow/dags/sodai_pipeline_dag.py
[2025-11-18T17:33:10.827+0000] {processor.py:830} INFO - Processing file /opt/airflow/dags/sodai_pipeline_dag.py for tasks to queue
[2025-11-18T17:33:10.829+0000] {logging_mixin.py:188} INFO - [2025-11-18T17:33:10.828+0000] {dagbag.py:540} INFO - Filling up the DagBag from /opt/airflow/dags/sodai_pipeline_dag.py
[2025-11-18T17:33:10.842+0000] {processor.py:840} INFO - DAG(s) 'sodai_training_and_scoring' retrieved from /opt/airflow/dags/sodai_pipeline_dag.py
[2025-11-18T17:33:10.864+0000] {logging_mixin.py:188} INFO - [2025-11-18T17:33:10.864+0000] {dag.py:3096} INFO - Sync 1 DAGs
[2025-11-18T17:33:10.874+0000] {logging_mixin.py:188} INFO - [2025-11-18T17:33:10.873+0000] {dag.py:3954} INFO - Setting next_dagrun for sodai_training_and_scoring to None, run_after=None
[2025-11-18T17:33:10.888+0000] {processor.py:183} INFO - Processing /opt/airflow/dags/sodai_pipeline_dag.py took 0.068 seconds
[2025-11-18T17:33:41.441+0000] {processor.py:161} INFO - Started process (PID=2317) to work on /opt/airflow/dags/sodai_pipeline_dag.py
[2025-11-18T17:33:41.442+0000] {processor.py:830} INFO - Processing file /opt/airflow/dags/sodai_pipeline_dag.py for tasks to queue
[2025-11-18T17:33:41.444+0000] {logging_mixin.py:188} INFO - [2025-11-18T17:33:41.443+0000] {dagbag.py:540} INFO - Filling up the DagBag from /opt/airflow/dags/sodai_pipeline_dag.py
[2025-11-18T17:33:41.466+0000] {processor.py:840} INFO - DAG(s) 'sodai_training_and_scoring' retrieved from /opt/airflow/dags/sodai_pipeline_dag.py
[2025-11-18T17:33:41.492+0000] {logging_mixin.py:188} INFO - [2025-11-18T17:33:41.492+0000] {dag.py:3096} INFO - Sync 1 DAGs
[2025-11-18T17:33:41.504+0000] {logging_mixin.py:188} INFO - [2025-11-18T17:33:41.504+0000] {dag.py:3954} INFO - Setting next_dagrun for sodai_training_and_scoring to None, run_after=None
[2025-11-18T17:33:41.527+0000] {processor.py:183} INFO - Processing /opt/airflow/dags/sodai_pipeline_dag.py took 0.091 seconds
[2025-11-18T17:34:12.151+0000] {processor.py:161} INFO - Started process (PID=2327) to work on /opt/airflow/dags/sodai_pipeline_dag.py
[2025-11-18T17:34:12.152+0000] {processor.py:830} INFO - Processing file /opt/airflow/dags/sodai_pipeline_dag.py for tasks to queue
[2025-11-18T17:34:12.153+0000] {logging_mixin.py:188} INFO - [2025-11-18T17:34:12.153+0000] {dagbag.py:540} INFO - Filling up the DagBag from /opt/airflow/dags/sodai_pipeline_dag.py
[2025-11-18T17:34:12.173+0000] {processor.py:840} INFO - DAG(s) 'sodai_training_and_scoring' retrieved from /opt/airflow/dags/sodai_pipeline_dag.py
[2025-11-18T17:34:12.196+0000] {logging_mixin.py:188} INFO - [2025-11-18T17:34:12.196+0000] {dag.py:3096} INFO - Sync 1 DAGs
[2025-11-18T17:34:12.206+0000] {logging_mixin.py:188} INFO - [2025-11-18T17:34:12.206+0000] {dag.py:3954} INFO - Setting next_dagrun for sodai_training_and_scoring to None, run_after=None
[2025-11-18T17:34:12.223+0000] {processor.py:183} INFO - Processing /opt/airflow/dags/sodai_pipeline_dag.py took 0.078 seconds
[2025-11-18T17:34:42.789+0000] {processor.py:161} INFO - Started process (PID=2337) to work on /opt/airflow/dags/sodai_pipeline_dag.py
[2025-11-18T17:34:42.792+0000] {processor.py:830} INFO - Processing file /opt/airflow/dags/sodai_pipeline_dag.py for tasks to queue
[2025-11-18T17:34:42.796+0000] {logging_mixin.py:188} INFO - [2025-11-18T17:34:42.795+0000] {dagbag.py:540} INFO - Filling up the DagBag from /opt/airflow/dags/sodai_pipeline_dag.py
[2025-11-18T17:34:42.840+0000] {processor.py:840} INFO - DAG(s) 'sodai_training_and_scoring' retrieved from /opt/airflow/dags/sodai_pipeline_dag.py
[2025-11-18T17:34:42.869+0000] {logging_mixin.py:188} INFO - [2025-11-18T17:34:42.869+0000] {dag.py:3096} INFO - Sync 1 DAGs
[2025-11-18T17:34:42.882+0000] {logging_mixin.py:188} INFO - [2025-11-18T17:34:42.882+0000] {dag.py:3954} INFO - Setting next_dagrun for sodai_training_and_scoring to None, run_after=None
[2025-11-18T17:34:42.897+0000] {processor.py:183} INFO - Processing /opt/airflow/dags/sodai_pipeline_dag.py took 0.117 seconds
[2025-11-18T17:35:13.362+0000] {processor.py:161} INFO - Started process (PID=2347) to work on /opt/airflow/dags/sodai_pipeline_dag.py
[2025-11-18T17:35:13.363+0000] {processor.py:830} INFO - Processing file /opt/airflow/dags/sodai_pipeline_dag.py for tasks to queue
[2025-11-18T17:35:13.366+0000] {logging_mixin.py:188} INFO - [2025-11-18T17:35:13.365+0000] {dagbag.py:540} INFO - Filling up the DagBag from /opt/airflow/dags/sodai_pipeline_dag.py
[2025-11-18T17:35:13.383+0000] {processor.py:840} INFO - DAG(s) 'sodai_training_and_scoring' retrieved from /opt/airflow/dags/sodai_pipeline_dag.py
[2025-11-18T17:35:13.406+0000] {logging_mixin.py:188} INFO - [2025-11-18T17:35:13.406+0000] {dag.py:3096} INFO - Sync 1 DAGs
[2025-11-18T17:35:13.418+0000] {logging_mixin.py:188} INFO - [2025-11-18T17:35:13.417+0000] {dag.py:3954} INFO - Setting next_dagrun for sodai_training_and_scoring to None, run_after=None
[2025-11-18T17:35:13.433+0000] {processor.py:183} INFO - Processing /opt/airflow/dags/sodai_pipeline_dag.py took 0.078 seconds
[2025-11-18T17:35:44.013+0000] {processor.py:161} INFO - Started process (PID=2357) to work on /opt/airflow/dags/sodai_pipeline_dag.py
[2025-11-18T17:35:44.014+0000] {processor.py:830} INFO - Processing file /opt/airflow/dags/sodai_pipeline_dag.py for tasks to queue
[2025-11-18T17:35:44.015+0000] {logging_mixin.py:188} INFO - [2025-11-18T17:35:44.015+0000] {dagbag.py:540} INFO - Filling up the DagBag from /opt/airflow/dags/sodai_pipeline_dag.py
[2025-11-18T17:35:44.033+0000] {processor.py:840} INFO - DAG(s) 'sodai_training_and_scoring' retrieved from /opt/airflow/dags/sodai_pipeline_dag.py
[2025-11-18T17:35:44.056+0000] {logging_mixin.py:188} INFO - [2025-11-18T17:35:44.055+0000] {dag.py:3096} INFO - Sync 1 DAGs
[2025-11-18T17:35:44.067+0000] {logging_mixin.py:188} INFO - [2025-11-18T17:35:44.067+0000] {dag.py:3954} INFO - Setting next_dagrun for sodai_training_and_scoring to None, run_after=None
[2025-11-18T17:35:44.082+0000] {processor.py:183} INFO - Processing /opt/airflow/dags/sodai_pipeline_dag.py took 0.074 seconds
[2025-11-18T17:36:14.541+0000] {processor.py:161} INFO - Started process (PID=2367) to work on /opt/airflow/dags/sodai_pipeline_dag.py
[2025-11-18T17:36:14.543+0000] {processor.py:830} INFO - Processing file /opt/airflow/dags/sodai_pipeline_dag.py for tasks to queue
[2025-11-18T17:36:14.545+0000] {logging_mixin.py:188} INFO - [2025-11-18T17:36:14.545+0000] {dagbag.py:540} INFO - Filling up the DagBag from /opt/airflow/dags/sodai_pipeline_dag.py
[2025-11-18T17:36:14.565+0000] {processor.py:840} INFO - DAG(s) 'sodai_training_and_scoring' retrieved from /opt/airflow/dags/sodai_pipeline_dag.py
[2025-11-18T17:36:14.591+0000] {logging_mixin.py:188} INFO - [2025-11-18T17:36:14.590+0000] {dag.py:3096} INFO - Sync 1 DAGs
[2025-11-18T17:36:14.602+0000] {logging_mixin.py:188} INFO - [2025-11-18T17:36:14.602+0000] {dag.py:3954} INFO - Setting next_dagrun for sodai_training_and_scoring to None, run_after=None
[2025-11-18T17:36:14.618+0000] {processor.py:183} INFO - Processing /opt/airflow/dags/sodai_pipeline_dag.py took 0.082 seconds
[2025-11-18T17:36:45.211+0000] {processor.py:161} INFO - Started process (PID=2377) to work on /opt/airflow/dags/sodai_pipeline_dag.py
[2025-11-18T17:36:45.212+0000] {processor.py:830} INFO - Processing file /opt/airflow/dags/sodai_pipeline_dag.py for tasks to queue
[2025-11-18T17:36:45.214+0000] {logging_mixin.py:188} INFO - [2025-11-18T17:36:45.213+0000] {dagbag.py:540} INFO - Filling up the DagBag from /opt/airflow/dags/sodai_pipeline_dag.py
[2025-11-18T17:36:45.234+0000] {processor.py:840} INFO - DAG(s) 'sodai_training_and_scoring' retrieved from /opt/airflow/dags/sodai_pipeline_dag.py
[2025-11-18T17:36:45.261+0000] {logging_mixin.py:188} INFO - [2025-11-18T17:36:45.261+0000] {dag.py:3096} INFO - Sync 1 DAGs
[2025-11-18T17:36:45.273+0000] {logging_mixin.py:188} INFO - [2025-11-18T17:36:45.272+0000] {dag.py:3954} INFO - Setting next_dagrun for sodai_training_and_scoring to None, run_after=None
[2025-11-18T17:36:45.289+0000] {processor.py:183} INFO - Processing /opt/airflow/dags/sodai_pipeline_dag.py took 0.084 seconds
[2025-11-18T17:37:15.755+0000] {processor.py:161} INFO - Started process (PID=2387) to work on /opt/airflow/dags/sodai_pipeline_dag.py
[2025-11-18T17:37:15.758+0000] {processor.py:830} INFO - Processing file /opt/airflow/dags/sodai_pipeline_dag.py for tasks to queue
[2025-11-18T17:37:15.761+0000] {logging_mixin.py:188} INFO - [2025-11-18T17:37:15.761+0000] {dagbag.py:540} INFO - Filling up the DagBag from /opt/airflow/dags/sodai_pipeline_dag.py
[2025-11-18T17:37:15.802+0000] {processor.py:840} INFO - DAG(s) 'sodai_training_and_scoring' retrieved from /opt/airflow/dags/sodai_pipeline_dag.py
[2025-11-18T17:37:15.840+0000] {logging_mixin.py:188} INFO - [2025-11-18T17:37:15.839+0000] {dag.py:3096} INFO - Sync 1 DAGs
[2025-11-18T17:37:15.857+0000] {logging_mixin.py:188} INFO - [2025-11-18T17:37:15.857+0000] {dag.py:3954} INFO - Setting next_dagrun for sodai_training_and_scoring to None, run_after=None
[2025-11-18T17:37:15.893+0000] {processor.py:183} INFO - Processing /opt/airflow/dags/sodai_pipeline_dag.py took 0.145 seconds
[2025-11-18T17:37:46.341+0000] {processor.py:161} INFO - Started process (PID=2397) to work on /opt/airflow/dags/sodai_pipeline_dag.py
[2025-11-18T17:37:46.342+0000] {processor.py:830} INFO - Processing file /opt/airflow/dags/sodai_pipeline_dag.py for tasks to queue
[2025-11-18T17:37:46.344+0000] {logging_mixin.py:188} INFO - [2025-11-18T17:37:46.344+0000] {dagbag.py:540} INFO - Filling up the DagBag from /opt/airflow/dags/sodai_pipeline_dag.py
[2025-11-18T17:37:46.366+0000] {processor.py:840} INFO - DAG(s) 'sodai_training_and_scoring' retrieved from /opt/airflow/dags/sodai_pipeline_dag.py
[2025-11-18T17:37:46.390+0000] {logging_mixin.py:188} INFO - [2025-11-18T17:37:46.389+0000] {dag.py:3096} INFO - Sync 1 DAGs
[2025-11-18T17:37:46.400+0000] {logging_mixin.py:188} INFO - [2025-11-18T17:37:46.400+0000] {dag.py:3954} INFO - Setting next_dagrun for sodai_training_and_scoring to None, run_after=None
[2025-11-18T17:37:46.417+0000] {processor.py:183} INFO - Processing /opt/airflow/dags/sodai_pipeline_dag.py took 0.081 seconds
[2025-11-18T17:38:16.832+0000] {processor.py:161} INFO - Started process (PID=2407) to work on /opt/airflow/dags/sodai_pipeline_dag.py
[2025-11-18T17:38:16.833+0000] {processor.py:830} INFO - Processing file /opt/airflow/dags/sodai_pipeline_dag.py for tasks to queue
[2025-11-18T17:38:16.835+0000] {logging_mixin.py:188} INFO - [2025-11-18T17:38:16.834+0000] {dagbag.py:540} INFO - Filling up the DagBag from /opt/airflow/dags/sodai_pipeline_dag.py
[2025-11-18T17:38:16.854+0000] {processor.py:840} INFO - DAG(s) 'sodai_training_and_scoring' retrieved from /opt/airflow/dags/sodai_pipeline_dag.py
[2025-11-18T17:38:16.879+0000] {logging_mixin.py:188} INFO - [2025-11-18T17:38:16.878+0000] {dag.py:3096} INFO - Sync 1 DAGs
[2025-11-18T17:38:16.891+0000] {logging_mixin.py:188} INFO - [2025-11-18T17:38:16.890+0000] {dag.py:3954} INFO - Setting next_dagrun for sodai_training_and_scoring to None, run_after=None
[2025-11-18T17:38:16.907+0000] {processor.py:183} INFO - Processing /opt/airflow/dags/sodai_pipeline_dag.py took 0.080 seconds
[2025-11-18T17:38:47.244+0000] {processor.py:161} INFO - Started process (PID=2417) to work on /opt/airflow/dags/sodai_pipeline_dag.py
[2025-11-18T17:38:47.245+0000] {processor.py:830} INFO - Processing file /opt/airflow/dags/sodai_pipeline_dag.py for tasks to queue
[2025-11-18T17:38:47.247+0000] {logging_mixin.py:188} INFO - [2025-11-18T17:38:47.247+0000] {dagbag.py:540} INFO - Filling up the DagBag from /opt/airflow/dags/sodai_pipeline_dag.py
[2025-11-18T17:38:47.264+0000] {processor.py:840} INFO - DAG(s) 'sodai_training_and_scoring' retrieved from /opt/airflow/dags/sodai_pipeline_dag.py
[2025-11-18T17:38:47.288+0000] {logging_mixin.py:188} INFO - [2025-11-18T17:38:47.288+0000] {dag.py:3096} INFO - Sync 1 DAGs
[2025-11-18T17:38:47.300+0000] {logging_mixin.py:188} INFO - [2025-11-18T17:38:47.300+0000] {dag.py:3954} INFO - Setting next_dagrun for sodai_training_and_scoring to None, run_after=None
[2025-11-18T17:38:47.316+0000] {processor.py:183} INFO - Processing /opt/airflow/dags/sodai_pipeline_dag.py took 0.077 seconds
[2025-11-18T17:39:17.998+0000] {processor.py:161} INFO - Started process (PID=2427) to work on /opt/airflow/dags/sodai_pipeline_dag.py
[2025-11-18T17:39:17.999+0000] {processor.py:830} INFO - Processing file /opt/airflow/dags/sodai_pipeline_dag.py for tasks to queue
[2025-11-18T17:39:18.001+0000] {logging_mixin.py:188} INFO - [2025-11-18T17:39:18.000+0000] {dagbag.py:540} INFO - Filling up the DagBag from /opt/airflow/dags/sodai_pipeline_dag.py
[2025-11-18T17:39:18.028+0000] {processor.py:840} INFO - DAG(s) 'sodai_training_and_scoring' retrieved from /opt/airflow/dags/sodai_pipeline_dag.py
[2025-11-18T17:39:18.056+0000] {logging_mixin.py:188} INFO - [2025-11-18T17:39:18.056+0000] {dag.py:3096} INFO - Sync 1 DAGs
[2025-11-18T17:39:18.073+0000] {logging_mixin.py:188} INFO - [2025-11-18T17:39:18.073+0000] {dag.py:3954} INFO - Setting next_dagrun for sodai_training_and_scoring to None, run_after=None
[2025-11-18T17:39:18.093+0000] {processor.py:183} INFO - Processing /opt/airflow/dags/sodai_pipeline_dag.py took 0.100 seconds
[2025-11-18T17:39:48.352+0000] {processor.py:161} INFO - Started process (PID=2437) to work on /opt/airflow/dags/sodai_pipeline_dag.py
[2025-11-18T17:39:48.355+0000] {processor.py:830} INFO - Processing file /opt/airflow/dags/sodai_pipeline_dag.py for tasks to queue
[2025-11-18T17:39:48.357+0000] {logging_mixin.py:188} INFO - [2025-11-18T17:39:48.357+0000] {dagbag.py:540} INFO - Filling up the DagBag from /opt/airflow/dags/sodai_pipeline_dag.py
[2025-11-18T17:39:48.374+0000] {processor.py:840} INFO - DAG(s) 'sodai_training_and_scoring' retrieved from /opt/airflow/dags/sodai_pipeline_dag.py
[2025-11-18T17:39:48.397+0000] {logging_mixin.py:188} INFO - [2025-11-18T17:39:48.397+0000] {dag.py:3096} INFO - Sync 1 DAGs
[2025-11-18T17:39:48.408+0000] {logging_mixin.py:188} INFO - [2025-11-18T17:39:48.407+0000] {dag.py:3954} INFO - Setting next_dagrun for sodai_training_and_scoring to None, run_after=None
[2025-11-18T17:39:48.423+0000] {processor.py:183} INFO - Processing /opt/airflow/dags/sodai_pipeline_dag.py took 0.075 seconds
[2025-11-18T17:40:18.813+0000] {processor.py:161} INFO - Started process (PID=2447) to work on /opt/airflow/dags/sodai_pipeline_dag.py
[2025-11-18T17:40:18.814+0000] {processor.py:830} INFO - Processing file /opt/airflow/dags/sodai_pipeline_dag.py for tasks to queue
[2025-11-18T17:40:18.817+0000] {logging_mixin.py:188} INFO - [2025-11-18T17:40:18.817+0000] {dagbag.py:540} INFO - Filling up the DagBag from /opt/airflow/dags/sodai_pipeline_dag.py
[2025-11-18T17:40:18.839+0000] {processor.py:840} INFO - DAG(s) 'sodai_training_and_scoring' retrieved from /opt/airflow/dags/sodai_pipeline_dag.py
[2025-11-18T17:40:18.861+0000] {logging_mixin.py:188} INFO - [2025-11-18T17:40:18.861+0000] {dag.py:3096} INFO - Sync 1 DAGs
[2025-11-18T17:40:18.874+0000] {logging_mixin.py:188} INFO - [2025-11-18T17:40:18.873+0000] {dag.py:3954} INFO - Setting next_dagrun for sodai_training_and_scoring to None, run_after=None
[2025-11-18T17:40:18.892+0000] {processor.py:183} INFO - Processing /opt/airflow/dags/sodai_pipeline_dag.py took 0.083 seconds
[2025-11-18T17:40:49.275+0000] {processor.py:161} INFO - Started process (PID=2457) to work on /opt/airflow/dags/sodai_pipeline_dag.py
[2025-11-18T17:40:49.276+0000] {processor.py:830} INFO - Processing file /opt/airflow/dags/sodai_pipeline_dag.py for tasks to queue
[2025-11-18T17:40:49.277+0000] {logging_mixin.py:188} INFO - [2025-11-18T17:40:49.277+0000] {dagbag.py:540} INFO - Filling up the DagBag from /opt/airflow/dags/sodai_pipeline_dag.py
[2025-11-18T17:40:49.297+0000] {processor.py:840} INFO - DAG(s) 'sodai_training_and_scoring' retrieved from /opt/airflow/dags/sodai_pipeline_dag.py
[2025-11-18T17:40:49.321+0000] {logging_mixin.py:188} INFO - [2025-11-18T17:40:49.321+0000] {dag.py:3096} INFO - Sync 1 DAGs
[2025-11-18T17:40:49.332+0000] {logging_mixin.py:188} INFO - [2025-11-18T17:40:49.331+0000] {dag.py:3954} INFO - Setting next_dagrun for sodai_training_and_scoring to None, run_after=None
[2025-11-18T17:40:49.348+0000] {processor.py:183} INFO - Processing /opt/airflow/dags/sodai_pipeline_dag.py took 0.079 seconds
[2025-11-18T17:41:19.761+0000] {processor.py:161} INFO - Started process (PID=2467) to work on /opt/airflow/dags/sodai_pipeline_dag.py
[2025-11-18T17:41:19.762+0000] {processor.py:830} INFO - Processing file /opt/airflow/dags/sodai_pipeline_dag.py for tasks to queue
[2025-11-18T17:41:19.767+0000] {logging_mixin.py:188} INFO - [2025-11-18T17:41:19.767+0000] {dagbag.py:540} INFO - Filling up the DagBag from /opt/airflow/dags/sodai_pipeline_dag.py
[2025-11-18T17:41:19.796+0000] {processor.py:840} INFO - DAG(s) 'sodai_training_and_scoring' retrieved from /opt/airflow/dags/sodai_pipeline_dag.py
[2025-11-18T17:41:19.819+0000] {logging_mixin.py:188} INFO - [2025-11-18T17:41:19.819+0000] {dag.py:3096} INFO - Sync 1 DAGs
[2025-11-18T17:41:19.832+0000] {logging_mixin.py:188} INFO - [2025-11-18T17:41:19.832+0000] {dag.py:3954} INFO - Setting next_dagrun for sodai_training_and_scoring to None, run_after=None
[2025-11-18T17:41:19.848+0000] {processor.py:183} INFO - Processing /opt/airflow/dags/sodai_pipeline_dag.py took 0.092 seconds
[2025-11-18T17:41:50.168+0000] {processor.py:161} INFO - Started process (PID=2477) to work on /opt/airflow/dags/sodai_pipeline_dag.py
[2025-11-18T17:41:50.169+0000] {processor.py:830} INFO - Processing file /opt/airflow/dags/sodai_pipeline_dag.py for tasks to queue
[2025-11-18T17:41:50.171+0000] {logging_mixin.py:188} INFO - [2025-11-18T17:41:50.171+0000] {dagbag.py:540} INFO - Filling up the DagBag from /opt/airflow/dags/sodai_pipeline_dag.py
[2025-11-18T17:41:50.192+0000] {processor.py:840} INFO - DAG(s) 'sodai_training_and_scoring' retrieved from /opt/airflow/dags/sodai_pipeline_dag.py
[2025-11-18T17:41:50.217+0000] {logging_mixin.py:188} INFO - [2025-11-18T17:41:50.217+0000] {dag.py:3096} INFO - Sync 1 DAGs
[2025-11-18T17:41:50.228+0000] {logging_mixin.py:188} INFO - [2025-11-18T17:41:50.227+0000] {dag.py:3954} INFO - Setting next_dagrun for sodai_training_and_scoring to None, run_after=None
[2025-11-18T17:41:50.246+0000] {processor.py:183} INFO - Processing /opt/airflow/dags/sodai_pipeline_dag.py took 0.083 seconds
[2025-11-18T17:42:20.663+0000] {processor.py:161} INFO - Started process (PID=2487) to work on /opt/airflow/dags/sodai_pipeline_dag.py
[2025-11-18T17:42:20.664+0000] {processor.py:830} INFO - Processing file /opt/airflow/dags/sodai_pipeline_dag.py for tasks to queue
[2025-11-18T17:42:20.665+0000] {logging_mixin.py:188} INFO - [2025-11-18T17:42:20.665+0000] {dagbag.py:540} INFO - Filling up the DagBag from /opt/airflow/dags/sodai_pipeline_dag.py
[2025-11-18T17:42:20.684+0000] {processor.py:840} INFO - DAG(s) 'sodai_training_and_scoring' retrieved from /opt/airflow/dags/sodai_pipeline_dag.py
[2025-11-18T17:42:20.707+0000] {logging_mixin.py:188} INFO - [2025-11-18T17:42:20.707+0000] {dag.py:3096} INFO - Sync 1 DAGs
[2025-11-18T17:42:20.718+0000] {logging_mixin.py:188} INFO - [2025-11-18T17:42:20.717+0000] {dag.py:3954} INFO - Setting next_dagrun for sodai_training_and_scoring to None, run_after=None
[2025-11-18T17:42:20.734+0000] {processor.py:183} INFO - Processing /opt/airflow/dags/sodai_pipeline_dag.py took 0.076 seconds
[2025-11-18T17:42:51.231+0000] {processor.py:161} INFO - Started process (PID=2497) to work on /opt/airflow/dags/sodai_pipeline_dag.py
[2025-11-18T17:42:51.232+0000] {processor.py:830} INFO - Processing file /opt/airflow/dags/sodai_pipeline_dag.py for tasks to queue
[2025-11-18T17:42:51.237+0000] {logging_mixin.py:188} INFO - [2025-11-18T17:42:51.237+0000] {dagbag.py:540} INFO - Filling up the DagBag from /opt/airflow/dags/sodai_pipeline_dag.py
[2025-11-18T17:42:51.258+0000] {processor.py:840} INFO - DAG(s) 'sodai_training_and_scoring' retrieved from /opt/airflow/dags/sodai_pipeline_dag.py
[2025-11-18T17:42:51.281+0000] {logging_mixin.py:188} INFO - [2025-11-18T17:42:51.280+0000] {dag.py:3096} INFO - Sync 1 DAGs
[2025-11-18T17:42:51.293+0000] {logging_mixin.py:188} INFO - [2025-11-18T17:42:51.292+0000] {dag.py:3954} INFO - Setting next_dagrun for sodai_training_and_scoring to None, run_after=None
[2025-11-18T17:42:51.309+0000] {processor.py:183} INFO - Processing /opt/airflow/dags/sodai_pipeline_dag.py took 0.083 seconds
[2025-11-18T17:43:21.720+0000] {processor.py:161} INFO - Started process (PID=2507) to work on /opt/airflow/dags/sodai_pipeline_dag.py
[2025-11-18T17:43:21.723+0000] {processor.py:830} INFO - Processing file /opt/airflow/dags/sodai_pipeline_dag.py for tasks to queue
[2025-11-18T17:43:21.725+0000] {logging_mixin.py:188} INFO - [2025-11-18T17:43:21.725+0000] {dagbag.py:540} INFO - Filling up the DagBag from /opt/airflow/dags/sodai_pipeline_dag.py
[2025-11-18T17:43:21.744+0000] {processor.py:840} INFO - DAG(s) 'sodai_training_and_scoring' retrieved from /opt/airflow/dags/sodai_pipeline_dag.py
[2025-11-18T17:43:21.768+0000] {logging_mixin.py:188} INFO - [2025-11-18T17:43:21.768+0000] {dag.py:3096} INFO - Sync 1 DAGs
[2025-11-18T17:43:21.780+0000] {logging_mixin.py:188} INFO - [2025-11-18T17:43:21.780+0000] {dag.py:3954} INFO - Setting next_dagrun for sodai_training_and_scoring to None, run_after=None
[2025-11-18T17:43:21.797+0000] {processor.py:183} INFO - Processing /opt/airflow/dags/sodai_pipeline_dag.py took 0.081 seconds
[2025-11-18T17:43:52.705+0000] {processor.py:161} INFO - Started process (PID=2517) to work on /opt/airflow/dags/sodai_pipeline_dag.py
[2025-11-18T17:43:52.707+0000] {processor.py:830} INFO - Processing file /opt/airflow/dags/sodai_pipeline_dag.py for tasks to queue
[2025-11-18T17:43:52.709+0000] {logging_mixin.py:188} INFO - [2025-11-18T17:43:52.708+0000] {dagbag.py:540} INFO - Filling up the DagBag from /opt/airflow/dags/sodai_pipeline_dag.py
[2025-11-18T17:43:52.730+0000] {processor.py:840} INFO - DAG(s) 'sodai_training_and_scoring' retrieved from /opt/airflow/dags/sodai_pipeline_dag.py
[2025-11-18T17:43:52.755+0000] {logging_mixin.py:188} INFO - [2025-11-18T17:43:52.754+0000] {dag.py:3096} INFO - Sync 1 DAGs
[2025-11-18T17:43:52.765+0000] {logging_mixin.py:188} INFO - [2025-11-18T17:43:52.765+0000] {dag.py:3954} INFO - Setting next_dagrun for sodai_training_and_scoring to None, run_after=None
[2025-11-18T17:43:52.782+0000] {processor.py:183} INFO - Processing /opt/airflow/dags/sodai_pipeline_dag.py took 0.083 seconds
[2025-11-18T17:44:23.280+0000] {processor.py:161} INFO - Started process (PID=2527) to work on /opt/airflow/dags/sodai_pipeline_dag.py
[2025-11-18T17:44:23.280+0000] {processor.py:830} INFO - Processing file /opt/airflow/dags/sodai_pipeline_dag.py for tasks to queue
[2025-11-18T17:44:23.282+0000] {logging_mixin.py:188} INFO - [2025-11-18T17:44:23.282+0000] {dagbag.py:540} INFO - Filling up the DagBag from /opt/airflow/dags/sodai_pipeline_dag.py
[2025-11-18T17:44:23.302+0000] {processor.py:840} INFO - DAG(s) 'sodai_training_and_scoring' retrieved from /opt/airflow/dags/sodai_pipeline_dag.py
[2025-11-18T17:44:23.326+0000] {logging_mixin.py:188} INFO - [2025-11-18T17:44:23.325+0000] {dag.py:3096} INFO - Sync 1 DAGs
[2025-11-18T17:44:23.336+0000] {logging_mixin.py:188} INFO - [2025-11-18T17:44:23.336+0000] {dag.py:3954} INFO - Setting next_dagrun for sodai_training_and_scoring to None, run_after=None
[2025-11-18T17:44:23.352+0000] {processor.py:183} INFO - Processing /opt/airflow/dags/sodai_pipeline_dag.py took 0.079 seconds
[2025-11-18T17:44:54.150+0000] {processor.py:161} INFO - Started process (PID=2537) to work on /opt/airflow/dags/sodai_pipeline_dag.py
[2025-11-18T17:44:54.151+0000] {processor.py:830} INFO - Processing file /opt/airflow/dags/sodai_pipeline_dag.py for tasks to queue
[2025-11-18T17:44:54.153+0000] {logging_mixin.py:188} INFO - [2025-11-18T17:44:54.153+0000] {dagbag.py:540} INFO - Filling up the DagBag from /opt/airflow/dags/sodai_pipeline_dag.py
[2025-11-18T17:44:54.174+0000] {processor.py:840} INFO - DAG(s) 'sodai_training_and_scoring' retrieved from /opt/airflow/dags/sodai_pipeline_dag.py
[2025-11-18T17:44:54.196+0000] {logging_mixin.py:188} INFO - [2025-11-18T17:44:54.196+0000] {dag.py:3096} INFO - Sync 1 DAGs
[2025-11-18T17:44:54.206+0000] {logging_mixin.py:188} INFO - [2025-11-18T17:44:54.206+0000] {dag.py:3954} INFO - Setting next_dagrun for sodai_training_and_scoring to None, run_after=None
[2025-11-18T17:44:54.223+0000] {processor.py:183} INFO - Processing /opt/airflow/dags/sodai_pipeline_dag.py took 0.079 seconds
[2025-11-18T17:45:24.825+0000] {processor.py:161} INFO - Started process (PID=2547) to work on /opt/airflow/dags/sodai_pipeline_dag.py
[2025-11-18T17:45:24.827+0000] {processor.py:830} INFO - Processing file /opt/airflow/dags/sodai_pipeline_dag.py for tasks to queue
[2025-11-18T17:45:24.829+0000] {logging_mixin.py:188} INFO - [2025-11-18T17:45:24.828+0000] {dagbag.py:540} INFO - Filling up the DagBag from /opt/airflow/dags/sodai_pipeline_dag.py
[2025-11-18T17:45:24.847+0000] {processor.py:840} INFO - DAG(s) 'sodai_training_and_scoring' retrieved from /opt/airflow/dags/sodai_pipeline_dag.py
[2025-11-18T17:45:24.872+0000] {logging_mixin.py:188} INFO - [2025-11-18T17:45:24.872+0000] {dag.py:3096} INFO - Sync 1 DAGs
[2025-11-18T17:45:24.883+0000] {logging_mixin.py:188} INFO - [2025-11-18T17:45:24.882+0000] {dag.py:3954} INFO - Setting next_dagrun for sodai_training_and_scoring to None, run_after=None
[2025-11-18T17:45:24.899+0000] {processor.py:183} INFO - Processing /opt/airflow/dags/sodai_pipeline_dag.py took 0.079 seconds
[2025-11-18T17:45:55.620+0000] {processor.py:161} INFO - Started process (PID=2557) to work on /opt/airflow/dags/sodai_pipeline_dag.py
[2025-11-18T17:45:55.621+0000] {processor.py:830} INFO - Processing file /opt/airflow/dags/sodai_pipeline_dag.py for tasks to queue
[2025-11-18T17:45:55.623+0000] {logging_mixin.py:188} INFO - [2025-11-18T17:45:55.623+0000] {dagbag.py:540} INFO - Filling up the DagBag from /opt/airflow/dags/sodai_pipeline_dag.py
[2025-11-18T17:45:55.644+0000] {processor.py:840} INFO - DAG(s) 'sodai_training_and_scoring' retrieved from /opt/airflow/dags/sodai_pipeline_dag.py
[2025-11-18T17:45:55.669+0000] {logging_mixin.py:188} INFO - [2025-11-18T17:45:55.669+0000] {dag.py:3096} INFO - Sync 1 DAGs
[2025-11-18T17:45:55.680+0000] {logging_mixin.py:188} INFO - [2025-11-18T17:45:55.680+0000] {dag.py:3954} INFO - Setting next_dagrun for sodai_training_and_scoring to None, run_after=None
[2025-11-18T17:45:55.700+0000] {processor.py:183} INFO - Processing /opt/airflow/dags/sodai_pipeline_dag.py took 0.086 seconds
[2025-11-18T17:46:26.346+0000] {processor.py:161} INFO - Started process (PID=2567) to work on /opt/airflow/dags/sodai_pipeline_dag.py
[2025-11-18T17:46:26.347+0000] {processor.py:830} INFO - Processing file /opt/airflow/dags/sodai_pipeline_dag.py for tasks to queue
[2025-11-18T17:46:26.351+0000] {logging_mixin.py:188} INFO - [2025-11-18T17:46:26.350+0000] {dagbag.py:540} INFO - Filling up the DagBag from /opt/airflow/dags/sodai_pipeline_dag.py
[2025-11-18T17:46:26.371+0000] {processor.py:840} INFO - DAG(s) 'sodai_training_and_scoring' retrieved from /opt/airflow/dags/sodai_pipeline_dag.py
[2025-11-18T17:46:26.397+0000] {logging_mixin.py:188} INFO - [2025-11-18T17:46:26.397+0000] {dag.py:3096} INFO - Sync 1 DAGs
[2025-11-18T17:46:26.408+0000] {logging_mixin.py:188} INFO - [2025-11-18T17:46:26.407+0000] {dag.py:3954} INFO - Setting next_dagrun for sodai_training_and_scoring to None, run_after=None
[2025-11-18T17:46:26.423+0000] {processor.py:183} INFO - Processing /opt/airflow/dags/sodai_pipeline_dag.py took 0.083 seconds
[2025-11-18T17:46:56.809+0000] {processor.py:161} INFO - Started process (PID=2577) to work on /opt/airflow/dags/sodai_pipeline_dag.py
[2025-11-18T17:46:56.811+0000] {processor.py:830} INFO - Processing file /opt/airflow/dags/sodai_pipeline_dag.py for tasks to queue
[2025-11-18T17:46:56.812+0000] {logging_mixin.py:188} INFO - [2025-11-18T17:46:56.812+0000] {dagbag.py:540} INFO - Filling up the DagBag from /opt/airflow/dags/sodai_pipeline_dag.py
[2025-11-18T17:46:56.834+0000] {processor.py:840} INFO - DAG(s) 'sodai_training_and_scoring' retrieved from /opt/airflow/dags/sodai_pipeline_dag.py
[2025-11-18T17:46:56.859+0000] {logging_mixin.py:188} INFO - [2025-11-18T17:46:56.858+0000] {dag.py:3096} INFO - Sync 1 DAGs
[2025-11-18T17:46:56.869+0000] {logging_mixin.py:188} INFO - [2025-11-18T17:46:56.869+0000] {dag.py:3954} INFO - Setting next_dagrun for sodai_training_and_scoring to None, run_after=None
[2025-11-18T17:46:56.884+0000] {processor.py:183} INFO - Processing /opt/airflow/dags/sodai_pipeline_dag.py took 0.080 seconds
[2025-11-18T17:47:27.337+0000] {processor.py:161} INFO - Started process (PID=2587) to work on /opt/airflow/dags/sodai_pipeline_dag.py
[2025-11-18T17:47:27.338+0000] {processor.py:830} INFO - Processing file /opt/airflow/dags/sodai_pipeline_dag.py for tasks to queue
[2025-11-18T17:47:27.340+0000] {logging_mixin.py:188} INFO - [2025-11-18T17:47:27.340+0000] {dagbag.py:540} INFO - Filling up the DagBag from /opt/airflow/dags/sodai_pipeline_dag.py
[2025-11-18T17:47:27.363+0000] {processor.py:840} INFO - DAG(s) 'sodai_training_and_scoring' retrieved from /opt/airflow/dags/sodai_pipeline_dag.py
[2025-11-18T17:47:27.387+0000] {logging_mixin.py:188} INFO - [2025-11-18T17:47:27.387+0000] {dag.py:3096} INFO - Sync 1 DAGs
[2025-11-18T17:47:27.399+0000] {logging_mixin.py:188} INFO - [2025-11-18T17:47:27.399+0000] {dag.py:3954} INFO - Setting next_dagrun for sodai_training_and_scoring to None, run_after=None
[2025-11-18T17:47:27.415+0000] {processor.py:183} INFO - Processing /opt/airflow/dags/sodai_pipeline_dag.py took 0.083 seconds
[2025-11-18T17:47:57.897+0000] {processor.py:161} INFO - Started process (PID=2597) to work on /opt/airflow/dags/sodai_pipeline_dag.py
[2025-11-18T17:47:57.898+0000] {processor.py:830} INFO - Processing file /opt/airflow/dags/sodai_pipeline_dag.py for tasks to queue
[2025-11-18T17:47:57.900+0000] {logging_mixin.py:188} INFO - [2025-11-18T17:47:57.900+0000] {dagbag.py:540} INFO - Filling up the DagBag from /opt/airflow/dags/sodai_pipeline_dag.py
[2025-11-18T17:47:57.918+0000] {processor.py:840} INFO - DAG(s) 'sodai_training_and_scoring' retrieved from /opt/airflow/dags/sodai_pipeline_dag.py
[2025-11-18T17:47:57.943+0000] {logging_mixin.py:188} INFO - [2025-11-18T17:47:57.942+0000] {dag.py:3096} INFO - Sync 1 DAGs
[2025-11-18T17:47:57.953+0000] {logging_mixin.py:188} INFO - [2025-11-18T17:47:57.953+0000] {dag.py:3954} INFO - Setting next_dagrun for sodai_training_and_scoring to None, run_after=None
[2025-11-18T17:47:57.980+0000] {processor.py:183} INFO - Processing /opt/airflow/dags/sodai_pipeline_dag.py took 0.089 seconds
[2025-11-18T17:48:28.278+0000] {processor.py:161} INFO - Started process (PID=2607) to work on /opt/airflow/dags/sodai_pipeline_dag.py
[2025-11-18T17:48:28.280+0000] {processor.py:830} INFO - Processing file /opt/airflow/dags/sodai_pipeline_dag.py for tasks to queue
[2025-11-18T17:48:28.282+0000] {logging_mixin.py:188} INFO - [2025-11-18T17:48:28.282+0000] {dagbag.py:540} INFO - Filling up the DagBag from /opt/airflow/dags/sodai_pipeline_dag.py
[2025-11-18T17:48:28.301+0000] {processor.py:840} INFO - DAG(s) 'sodai_training_and_scoring' retrieved from /opt/airflow/dags/sodai_pipeline_dag.py
[2025-11-18T17:48:28.326+0000] {logging_mixin.py:188} INFO - [2025-11-18T17:48:28.326+0000] {dag.py:3096} INFO - Sync 1 DAGs
[2025-11-18T17:48:28.336+0000] {logging_mixin.py:188} INFO - [2025-11-18T17:48:28.336+0000] {dag.py:3954} INFO - Setting next_dagrun for sodai_training_and_scoring to None, run_after=None
[2025-11-18T17:48:28.352+0000] {processor.py:183} INFO - Processing /opt/airflow/dags/sodai_pipeline_dag.py took 0.078 seconds
[2025-11-18T17:48:58.902+0000] {processor.py:161} INFO - Started process (PID=2617) to work on /opt/airflow/dags/sodai_pipeline_dag.py
[2025-11-18T17:48:58.903+0000] {processor.py:830} INFO - Processing file /opt/airflow/dags/sodai_pipeline_dag.py for tasks to queue
[2025-11-18T17:48:58.904+0000] {logging_mixin.py:188} INFO - [2025-11-18T17:48:58.904+0000] {dagbag.py:540} INFO - Filling up the DagBag from /opt/airflow/dags/sodai_pipeline_dag.py
[2025-11-18T17:48:58.931+0000] {processor.py:840} INFO - DAG(s) 'sodai_training_and_scoring' retrieved from /opt/airflow/dags/sodai_pipeline_dag.py
[2025-11-18T17:48:58.954+0000] {logging_mixin.py:188} INFO - [2025-11-18T17:48:58.954+0000] {dag.py:3096} INFO - Sync 1 DAGs
[2025-11-18T17:48:58.965+0000] {logging_mixin.py:188} INFO - [2025-11-18T17:48:58.965+0000] {dag.py:3954} INFO - Setting next_dagrun for sodai_training_and_scoring to None, run_after=None
[2025-11-18T17:48:58.987+0000] {processor.py:183} INFO - Processing /opt/airflow/dags/sodai_pipeline_dag.py took 0.091 seconds
[2025-11-18T17:49:29.368+0000] {processor.py:161} INFO - Started process (PID=2627) to work on /opt/airflow/dags/sodai_pipeline_dag.py
[2025-11-18T17:49:29.369+0000] {processor.py:830} INFO - Processing file /opt/airflow/dags/sodai_pipeline_dag.py for tasks to queue
[2025-11-18T17:49:29.370+0000] {logging_mixin.py:188} INFO - [2025-11-18T17:49:29.370+0000] {dagbag.py:540} INFO - Filling up the DagBag from /opt/airflow/dags/sodai_pipeline_dag.py
[2025-11-18T17:49:29.397+0000] {processor.py:840} INFO - DAG(s) 'sodai_training_and_scoring' retrieved from /opt/airflow/dags/sodai_pipeline_dag.py
[2025-11-18T17:49:29.420+0000] {logging_mixin.py:188} INFO - [2025-11-18T17:49:29.420+0000] {dag.py:3096} INFO - Sync 1 DAGs
[2025-11-18T17:49:29.432+0000] {logging_mixin.py:188} INFO - [2025-11-18T17:49:29.432+0000] {dag.py:3954} INFO - Setting next_dagrun for sodai_training_and_scoring to None, run_after=None
[2025-11-18T17:49:29.450+0000] {processor.py:183} INFO - Processing /opt/airflow/dags/sodai_pipeline_dag.py took 0.088 seconds
[2025-11-18T17:49:59.860+0000] {processor.py:161} INFO - Started process (PID=2637) to work on /opt/airflow/dags/sodai_pipeline_dag.py
[2025-11-18T17:49:59.861+0000] {processor.py:830} INFO - Processing file /opt/airflow/dags/sodai_pipeline_dag.py for tasks to queue
[2025-11-18T17:49:59.863+0000] {logging_mixin.py:188} INFO - [2025-11-18T17:49:59.862+0000] {dagbag.py:540} INFO - Filling up the DagBag from /opt/airflow/dags/sodai_pipeline_dag.py
[2025-11-18T17:49:59.883+0000] {processor.py:840} INFO - DAG(s) 'sodai_training_and_scoring' retrieved from /opt/airflow/dags/sodai_pipeline_dag.py
[2025-11-18T17:49:59.906+0000] {logging_mixin.py:188} INFO - [2025-11-18T17:49:59.906+0000] {dag.py:3096} INFO - Sync 1 DAGs
[2025-11-18T17:49:59.918+0000] {logging_mixin.py:188} INFO - [2025-11-18T17:49:59.918+0000] {dag.py:3954} INFO - Setting next_dagrun for sodai_training_and_scoring to None, run_after=None
[2025-11-18T17:49:59.934+0000] {processor.py:183} INFO - Processing /opt/airflow/dags/sodai_pipeline_dag.py took 0.080 seconds
[2025-11-18T17:50:30.304+0000] {processor.py:161} INFO - Started process (PID=2647) to work on /opt/airflow/dags/sodai_pipeline_dag.py
[2025-11-18T17:50:30.305+0000] {processor.py:830} INFO - Processing file /opt/airflow/dags/sodai_pipeline_dag.py for tasks to queue
[2025-11-18T17:50:30.307+0000] {logging_mixin.py:188} INFO - [2025-11-18T17:50:30.307+0000] {dagbag.py:540} INFO - Filling up the DagBag from /opt/airflow/dags/sodai_pipeline_dag.py
[2025-11-18T17:50:30.328+0000] {processor.py:840} INFO - DAG(s) 'sodai_training_and_scoring' retrieved from /opt/airflow/dags/sodai_pipeline_dag.py
[2025-11-18T17:50:30.351+0000] {logging_mixin.py:188} INFO - [2025-11-18T17:50:30.350+0000] {dag.py:3096} INFO - Sync 1 DAGs
[2025-11-18T17:50:30.363+0000] {logging_mixin.py:188} INFO - [2025-11-18T17:50:30.362+0000] {dag.py:3954} INFO - Setting next_dagrun for sodai_training_and_scoring to None, run_after=None
[2025-11-18T17:50:30.380+0000] {processor.py:183} INFO - Processing /opt/airflow/dags/sodai_pipeline_dag.py took 0.082 seconds
[2025-11-18T17:51:00.955+0000] {processor.py:161} INFO - Started process (PID=2657) to work on /opt/airflow/dags/sodai_pipeline_dag.py
[2025-11-18T17:51:00.958+0000] {processor.py:830} INFO - Processing file /opt/airflow/dags/sodai_pipeline_dag.py for tasks to queue
[2025-11-18T17:51:00.959+0000] {logging_mixin.py:188} INFO - [2025-11-18T17:51:00.959+0000] {dagbag.py:540} INFO - Filling up the DagBag from /opt/airflow/dags/sodai_pipeline_dag.py
[2025-11-18T17:51:00.997+0000] {processor.py:840} INFO - DAG(s) 'sodai_training_and_scoring' retrieved from /opt/airflow/dags/sodai_pipeline_dag.py
[2025-11-18T17:51:01.022+0000] {logging_mixin.py:188} INFO - [2025-11-18T17:51:01.022+0000] {dag.py:3096} INFO - Sync 1 DAGs
[2025-11-18T17:51:01.033+0000] {logging_mixin.py:188} INFO - [2025-11-18T17:51:01.033+0000] {dag.py:3954} INFO - Setting next_dagrun for sodai_training_and_scoring to None, run_after=None
[2025-11-18T17:51:01.050+0000] {processor.py:183} INFO - Processing /opt/airflow/dags/sodai_pipeline_dag.py took 0.099 seconds
[2025-11-18T17:51:31.456+0000] {processor.py:161} INFO - Started process (PID=2667) to work on /opt/airflow/dags/sodai_pipeline_dag.py
[2025-11-18T17:51:31.457+0000] {processor.py:830} INFO - Processing file /opt/airflow/dags/sodai_pipeline_dag.py for tasks to queue
[2025-11-18T17:51:31.461+0000] {logging_mixin.py:188} INFO - [2025-11-18T17:51:31.460+0000] {dagbag.py:540} INFO - Filling up the DagBag from /opt/airflow/dags/sodai_pipeline_dag.py
[2025-11-18T17:51:31.488+0000] {processor.py:840} INFO - DAG(s) 'sodai_training_and_scoring' retrieved from /opt/airflow/dags/sodai_pipeline_dag.py
[2025-11-18T17:51:31.514+0000] {logging_mixin.py:188} INFO - [2025-11-18T17:51:31.513+0000] {dag.py:3096} INFO - Sync 1 DAGs
[2025-11-18T17:51:31.525+0000] {logging_mixin.py:188} INFO - [2025-11-18T17:51:31.525+0000] {dag.py:3954} INFO - Setting next_dagrun for sodai_training_and_scoring to None, run_after=None
[2025-11-18T17:51:31.543+0000] {processor.py:183} INFO - Processing /opt/airflow/dags/sodai_pipeline_dag.py took 0.093 seconds
[2025-11-18T17:52:02.317+0000] {processor.py:161} INFO - Started process (PID=2677) to work on /opt/airflow/dags/sodai_pipeline_dag.py
[2025-11-18T17:52:02.319+0000] {processor.py:830} INFO - Processing file /opt/airflow/dags/sodai_pipeline_dag.py for tasks to queue
[2025-11-18T17:52:02.320+0000] {logging_mixin.py:188} INFO - [2025-11-18T17:52:02.320+0000] {dagbag.py:540} INFO - Filling up the DagBag from /opt/airflow/dags/sodai_pipeline_dag.py
[2025-11-18T17:52:02.340+0000] {processor.py:840} INFO - DAG(s) 'sodai_training_and_scoring' retrieved from /opt/airflow/dags/sodai_pipeline_dag.py
[2025-11-18T17:52:02.366+0000] {logging_mixin.py:188} INFO - [2025-11-18T17:52:02.366+0000] {dag.py:3096} INFO - Sync 1 DAGs
[2025-11-18T17:52:02.377+0000] {logging_mixin.py:188} INFO - [2025-11-18T17:52:02.376+0000] {dag.py:3954} INFO - Setting next_dagrun for sodai_training_and_scoring to None, run_after=None
[2025-11-18T17:52:02.394+0000] {processor.py:183} INFO - Processing /opt/airflow/dags/sodai_pipeline_dag.py took 0.081 seconds
[2025-11-18T17:52:32.882+0000] {processor.py:161} INFO - Started process (PID=2687) to work on /opt/airflow/dags/sodai_pipeline_dag.py
[2025-11-18T17:52:32.883+0000] {processor.py:830} INFO - Processing file /opt/airflow/dags/sodai_pipeline_dag.py for tasks to queue
[2025-11-18T17:52:32.884+0000] {logging_mixin.py:188} INFO - [2025-11-18T17:52:32.884+0000] {dagbag.py:540} INFO - Filling up the DagBag from /opt/airflow/dags/sodai_pipeline_dag.py
[2025-11-18T17:52:32.902+0000] {processor.py:840} INFO - DAG(s) 'sodai_training_and_scoring' retrieved from /opt/airflow/dags/sodai_pipeline_dag.py
[2025-11-18T17:52:32.926+0000] {logging_mixin.py:188} INFO - [2025-11-18T17:52:32.926+0000] {dag.py:3096} INFO - Sync 1 DAGs
[2025-11-18T17:52:32.937+0000] {logging_mixin.py:188} INFO - [2025-11-18T17:52:32.937+0000] {dag.py:3954} INFO - Setting next_dagrun for sodai_training_and_scoring to None, run_after=None
[2025-11-18T17:52:32.953+0000] {processor.py:183} INFO - Processing /opt/airflow/dags/sodai_pipeline_dag.py took 0.076 seconds
[2025-11-18T17:53:03.351+0000] {processor.py:161} INFO - Started process (PID=2697) to work on /opt/airflow/dags/sodai_pipeline_dag.py
[2025-11-18T17:53:03.352+0000] {processor.py:830} INFO - Processing file /opt/airflow/dags/sodai_pipeline_dag.py for tasks to queue
[2025-11-18T17:53:03.353+0000] {logging_mixin.py:188} INFO - [2025-11-18T17:53:03.353+0000] {dagbag.py:540} INFO - Filling up the DagBag from /opt/airflow/dags/sodai_pipeline_dag.py
[2025-11-18T17:53:03.371+0000] {processor.py:840} INFO - DAG(s) 'sodai_training_and_scoring' retrieved from /opt/airflow/dags/sodai_pipeline_dag.py
[2025-11-18T17:53:03.397+0000] {logging_mixin.py:188} INFO - [2025-11-18T17:53:03.397+0000] {dag.py:3096} INFO - Sync 1 DAGs
[2025-11-18T17:53:03.410+0000] {logging_mixin.py:188} INFO - [2025-11-18T17:53:03.409+0000] {dag.py:3954} INFO - Setting next_dagrun for sodai_training_and_scoring to None, run_after=None
[2025-11-18T17:53:03.427+0000] {processor.py:183} INFO - Processing /opt/airflow/dags/sodai_pipeline_dag.py took 0.082 seconds
[2025-11-18T17:53:33.909+0000] {processor.py:161} INFO - Started process (PID=2707) to work on /opt/airflow/dags/sodai_pipeline_dag.py
[2025-11-18T17:53:33.910+0000] {processor.py:830} INFO - Processing file /opt/airflow/dags/sodai_pipeline_dag.py for tasks to queue
[2025-11-18T17:53:33.911+0000] {logging_mixin.py:188} INFO - [2025-11-18T17:53:33.911+0000] {dagbag.py:540} INFO - Filling up the DagBag from /opt/airflow/dags/sodai_pipeline_dag.py
[2025-11-18T17:53:33.931+0000] {processor.py:840} INFO - DAG(s) 'sodai_training_and_scoring' retrieved from /opt/airflow/dags/sodai_pipeline_dag.py
[2025-11-18T17:53:33.957+0000] {logging_mixin.py:188} INFO - [2025-11-18T17:53:33.957+0000] {dag.py:3096} INFO - Sync 1 DAGs
[2025-11-18T17:53:33.969+0000] {logging_mixin.py:188} INFO - [2025-11-18T17:53:33.968+0000] {dag.py:3954} INFO - Setting next_dagrun for sodai_training_and_scoring to None, run_after=None
[2025-11-18T17:53:33.988+0000] {processor.py:183} INFO - Processing /opt/airflow/dags/sodai_pipeline_dag.py took 0.084 seconds
[2025-11-18T17:54:04.600+0000] {processor.py:161} INFO - Started process (PID=2717) to work on /opt/airflow/dags/sodai_pipeline_dag.py
[2025-11-18T17:54:04.601+0000] {processor.py:830} INFO - Processing file /opt/airflow/dags/sodai_pipeline_dag.py for tasks to queue
[2025-11-18T17:54:04.603+0000] {logging_mixin.py:188} INFO - [2025-11-18T17:54:04.603+0000] {dagbag.py:540} INFO - Filling up the DagBag from /opt/airflow/dags/sodai_pipeline_dag.py
[2025-11-18T17:54:04.624+0000] {processor.py:840} INFO - DAG(s) 'sodai_training_and_scoring' retrieved from /opt/airflow/dags/sodai_pipeline_dag.py
[2025-11-18T17:54:04.649+0000] {logging_mixin.py:188} INFO - [2025-11-18T17:54:04.648+0000] {dag.py:3096} INFO - Sync 1 DAGs
[2025-11-18T17:54:04.658+0000] {logging_mixin.py:188} INFO - [2025-11-18T17:54:04.658+0000] {dag.py:3954} INFO - Setting next_dagrun for sodai_training_and_scoring to None, run_after=None
[2025-11-18T17:54:04.674+0000] {processor.py:183} INFO - Processing /opt/airflow/dags/sodai_pipeline_dag.py took 0.081 seconds
[2025-11-18T17:54:34.983+0000] {processor.py:161} INFO - Started process (PID=2727) to work on /opt/airflow/dags/sodai_pipeline_dag.py
[2025-11-18T17:54:34.984+0000] {processor.py:830} INFO - Processing file /opt/airflow/dags/sodai_pipeline_dag.py for tasks to queue
[2025-11-18T17:54:34.986+0000] {logging_mixin.py:188} INFO - [2025-11-18T17:54:34.986+0000] {dagbag.py:540} INFO - Filling up the DagBag from /opt/airflow/dags/sodai_pipeline_dag.py
[2025-11-18T17:54:35.006+0000] {processor.py:840} INFO - DAG(s) 'sodai_training_and_scoring' retrieved from /opt/airflow/dags/sodai_pipeline_dag.py
[2025-11-18T17:54:35.032+0000] {logging_mixin.py:188} INFO - [2025-11-18T17:54:35.031+0000] {dag.py:3096} INFO - Sync 1 DAGs
[2025-11-18T17:54:35.045+0000] {logging_mixin.py:188} INFO - [2025-11-18T17:54:35.045+0000] {dag.py:3954} INFO - Setting next_dagrun for sodai_training_and_scoring to None, run_after=None
[2025-11-18T17:54:35.065+0000] {processor.py:183} INFO - Processing /opt/airflow/dags/sodai_pipeline_dag.py took 0.086 seconds
[2025-11-18T17:55:05.419+0000] {processor.py:161} INFO - Started process (PID=2737) to work on /opt/airflow/dags/sodai_pipeline_dag.py
[2025-11-18T17:55:05.420+0000] {processor.py:830} INFO - Processing file /opt/airflow/dags/sodai_pipeline_dag.py for tasks to queue
[2025-11-18T17:55:05.422+0000] {logging_mixin.py:188} INFO - [2025-11-18T17:55:05.422+0000] {dagbag.py:540} INFO - Filling up the DagBag from /opt/airflow/dags/sodai_pipeline_dag.py
[2025-11-18T17:55:05.456+0000] {processor.py:840} INFO - DAG(s) 'sodai_training_and_scoring' retrieved from /opt/airflow/dags/sodai_pipeline_dag.py
[2025-11-18T17:55:05.480+0000] {logging_mixin.py:188} INFO - [2025-11-18T17:55:05.480+0000] {dag.py:3096} INFO - Sync 1 DAGs
[2025-11-18T17:55:05.491+0000] {logging_mixin.py:188} INFO - [2025-11-18T17:55:05.490+0000] {dag.py:3954} INFO - Setting next_dagrun for sodai_training_and_scoring to None, run_after=None
[2025-11-18T17:55:05.508+0000] {processor.py:183} INFO - Processing /opt/airflow/dags/sodai_pipeline_dag.py took 0.095 seconds
[2025-11-18T17:55:35.783+0000] {processor.py:161} INFO - Started process (PID=2747) to work on /opt/airflow/dags/sodai_pipeline_dag.py
[2025-11-18T17:55:35.784+0000] {processor.py:830} INFO - Processing file /opt/airflow/dags/sodai_pipeline_dag.py for tasks to queue
[2025-11-18T17:55:35.787+0000] {logging_mixin.py:188} INFO - [2025-11-18T17:55:35.787+0000] {dagbag.py:540} INFO - Filling up the DagBag from /opt/airflow/dags/sodai_pipeline_dag.py
[2025-11-18T17:55:35.813+0000] {processor.py:840} INFO - DAG(s) 'sodai_training_and_scoring' retrieved from /opt/airflow/dags/sodai_pipeline_dag.py
[2025-11-18T17:55:35.838+0000] {logging_mixin.py:188} INFO - [2025-11-18T17:55:35.837+0000] {dag.py:3096} INFO - Sync 1 DAGs
[2025-11-18T17:55:35.849+0000] {logging_mixin.py:188} INFO - [2025-11-18T17:55:35.849+0000] {dag.py:3954} INFO - Setting next_dagrun for sodai_training_and_scoring to None, run_after=None
[2025-11-18T17:55:35.866+0000] {processor.py:183} INFO - Processing /opt/airflow/dags/sodai_pipeline_dag.py took 0.089 seconds
[2025-11-18T17:56:06.158+0000] {processor.py:161} INFO - Started process (PID=2757) to work on /opt/airflow/dags/sodai_pipeline_dag.py
[2025-11-18T17:56:06.159+0000] {processor.py:830} INFO - Processing file /opt/airflow/dags/sodai_pipeline_dag.py for tasks to queue
[2025-11-18T17:56:06.161+0000] {logging_mixin.py:188} INFO - [2025-11-18T17:56:06.161+0000] {dagbag.py:540} INFO - Filling up the DagBag from /opt/airflow/dags/sodai_pipeline_dag.py
[2025-11-18T17:56:06.180+0000] {processor.py:840} INFO - DAG(s) 'sodai_training_and_scoring' retrieved from /opt/airflow/dags/sodai_pipeline_dag.py
[2025-11-18T17:56:06.207+0000] {logging_mixin.py:188} INFO - [2025-11-18T17:56:06.206+0000] {dag.py:3096} INFO - Sync 1 DAGs
[2025-11-18T17:56:06.218+0000] {logging_mixin.py:188} INFO - [2025-11-18T17:56:06.217+0000] {dag.py:3954} INFO - Setting next_dagrun for sodai_training_and_scoring to None, run_after=None
[2025-11-18T17:56:06.235+0000] {processor.py:183} INFO - Processing /opt/airflow/dags/sodai_pipeline_dag.py took 0.081 seconds
[2025-11-18T17:56:36.611+0000] {processor.py:161} INFO - Started process (PID=2767) to work on /opt/airflow/dags/sodai_pipeline_dag.py
[2025-11-18T17:56:36.612+0000] {processor.py:830} INFO - Processing file /opt/airflow/dags/sodai_pipeline_dag.py for tasks to queue
[2025-11-18T17:56:36.614+0000] {logging_mixin.py:188} INFO - [2025-11-18T17:56:36.613+0000] {dagbag.py:540} INFO - Filling up the DagBag from /opt/airflow/dags/sodai_pipeline_dag.py
[2025-11-18T17:56:36.636+0000] {processor.py:840} INFO - DAG(s) 'sodai_training_and_scoring' retrieved from /opt/airflow/dags/sodai_pipeline_dag.py
[2025-11-18T17:56:36.659+0000] {logging_mixin.py:188} INFO - [2025-11-18T17:56:36.659+0000] {dag.py:3096} INFO - Sync 1 DAGs
[2025-11-18T17:56:36.669+0000] {logging_mixin.py:188} INFO - [2025-11-18T17:56:36.669+0000] {dag.py:3954} INFO - Setting next_dagrun for sodai_training_and_scoring to None, run_after=None
[2025-11-18T17:56:36.685+0000] {processor.py:183} INFO - Processing /opt/airflow/dags/sodai_pipeline_dag.py took 0.079 seconds
[2025-11-18T17:57:07.137+0000] {processor.py:161} INFO - Started process (PID=2777) to work on /opt/airflow/dags/sodai_pipeline_dag.py
[2025-11-18T17:57:07.138+0000] {processor.py:830} INFO - Processing file /opt/airflow/dags/sodai_pipeline_dag.py for tasks to queue
[2025-11-18T17:57:07.141+0000] {logging_mixin.py:188} INFO - [2025-11-18T17:57:07.141+0000] {dagbag.py:540} INFO - Filling up the DagBag from /opt/airflow/dags/sodai_pipeline_dag.py
[2025-11-18T17:57:07.164+0000] {processor.py:840} INFO - DAG(s) 'sodai_training_and_scoring' retrieved from /opt/airflow/dags/sodai_pipeline_dag.py
[2025-11-18T17:57:07.189+0000] {logging_mixin.py:188} INFO - [2025-11-18T17:57:07.189+0000] {dag.py:3096} INFO - Sync 1 DAGs
[2025-11-18T17:57:07.199+0000] {logging_mixin.py:188} INFO - [2025-11-18T17:57:07.199+0000] {dag.py:3954} INFO - Setting next_dagrun for sodai_training_and_scoring to None, run_after=None
[2025-11-18T17:57:07.214+0000] {processor.py:183} INFO - Processing /opt/airflow/dags/sodai_pipeline_dag.py took 0.084 seconds
[2025-11-18T17:57:37.611+0000] {processor.py:161} INFO - Started process (PID=2787) to work on /opt/airflow/dags/sodai_pipeline_dag.py
[2025-11-18T17:57:37.613+0000] {processor.py:830} INFO - Processing file /opt/airflow/dags/sodai_pipeline_dag.py for tasks to queue
[2025-11-18T17:57:37.616+0000] {logging_mixin.py:188} INFO - [2025-11-18T17:57:37.615+0000] {dagbag.py:540} INFO - Filling up the DagBag from /opt/airflow/dags/sodai_pipeline_dag.py
[2025-11-18T17:57:37.640+0000] {processor.py:840} INFO - DAG(s) 'sodai_training_and_scoring' retrieved from /opt/airflow/dags/sodai_pipeline_dag.py
[2025-11-18T17:57:37.662+0000] {logging_mixin.py:188} INFO - [2025-11-18T17:57:37.661+0000] {dag.py:3096} INFO - Sync 1 DAGs
[2025-11-18T17:57:37.671+0000] {logging_mixin.py:188} INFO - [2025-11-18T17:57:37.671+0000] {dag.py:3954} INFO - Setting next_dagrun for sodai_training_and_scoring to None, run_after=None
[2025-11-18T17:57:37.692+0000] {processor.py:183} INFO - Processing /opt/airflow/dags/sodai_pipeline_dag.py took 0.085 seconds
[2025-11-18T17:58:07.987+0000] {processor.py:161} INFO - Started process (PID=2797) to work on /opt/airflow/dags/sodai_pipeline_dag.py
[2025-11-18T17:58:07.988+0000] {processor.py:830} INFO - Processing file /opt/airflow/dags/sodai_pipeline_dag.py for tasks to queue
[2025-11-18T17:58:07.991+0000] {logging_mixin.py:188} INFO - [2025-11-18T17:58:07.990+0000] {dagbag.py:540} INFO - Filling up the DagBag from /opt/airflow/dags/sodai_pipeline_dag.py
[2025-11-18T17:58:08.010+0000] {processor.py:840} INFO - DAG(s) 'sodai_training_and_scoring' retrieved from /opt/airflow/dags/sodai_pipeline_dag.py
[2025-11-18T17:58:08.035+0000] {logging_mixin.py:188} INFO - [2025-11-18T17:58:08.034+0000] {dag.py:3096} INFO - Sync 1 DAGs
[2025-11-18T17:58:08.046+0000] {logging_mixin.py:188} INFO - [2025-11-18T17:58:08.046+0000] {dag.py:3954} INFO - Setting next_dagrun for sodai_training_and_scoring to None, run_after=None
[2025-11-18T17:58:08.064+0000] {processor.py:183} INFO - Processing /opt/airflow/dags/sodai_pipeline_dag.py took 0.082 seconds
[2025-11-18T17:58:38.379+0000] {processor.py:161} INFO - Started process (PID=2807) to work on /opt/airflow/dags/sodai_pipeline_dag.py
[2025-11-18T17:58:38.380+0000] {processor.py:830} INFO - Processing file /opt/airflow/dags/sodai_pipeline_dag.py for tasks to queue
[2025-11-18T17:58:38.382+0000] {logging_mixin.py:188} INFO - [2025-11-18T17:58:38.381+0000] {dagbag.py:540} INFO - Filling up the DagBag from /opt/airflow/dags/sodai_pipeline_dag.py
[2025-11-18T17:58:38.401+0000] {processor.py:840} INFO - DAG(s) 'sodai_training_and_scoring' retrieved from /opt/airflow/dags/sodai_pipeline_dag.py
[2025-11-18T17:58:38.427+0000] {logging_mixin.py:188} INFO - [2025-11-18T17:58:38.427+0000] {dag.py:3096} INFO - Sync 1 DAGs
[2025-11-18T17:58:38.437+0000] {logging_mixin.py:188} INFO - [2025-11-18T17:58:38.437+0000] {dag.py:3954} INFO - Setting next_dagrun for sodai_training_and_scoring to None, run_after=None
[2025-11-18T17:58:38.452+0000] {processor.py:183} INFO - Processing /opt/airflow/dags/sodai_pipeline_dag.py took 0.080 seconds
[2025-11-18T17:59:09.024+0000] {processor.py:161} INFO - Started process (PID=2817) to work on /opt/airflow/dags/sodai_pipeline_dag.py
[2025-11-18T17:59:09.025+0000] {processor.py:830} INFO - Processing file /opt/airflow/dags/sodai_pipeline_dag.py for tasks to queue
[2025-11-18T17:59:09.027+0000] {logging_mixin.py:188} INFO - [2025-11-18T17:59:09.026+0000] {dagbag.py:540} INFO - Filling up the DagBag from /opt/airflow/dags/sodai_pipeline_dag.py
[2025-11-18T17:59:09.046+0000] {processor.py:840} INFO - DAG(s) 'sodai_training_and_scoring' retrieved from /opt/airflow/dags/sodai_pipeline_dag.py
[2025-11-18T17:59:09.071+0000] {logging_mixin.py:188} INFO - [2025-11-18T17:59:09.070+0000] {dag.py:3096} INFO - Sync 1 DAGs
[2025-11-18T17:59:09.081+0000] {logging_mixin.py:188} INFO - [2025-11-18T17:59:09.080+0000] {dag.py:3954} INFO - Setting next_dagrun for sodai_training_and_scoring to None, run_after=None
[2025-11-18T17:59:09.096+0000] {processor.py:183} INFO - Processing /opt/airflow/dags/sodai_pipeline_dag.py took 0.078 seconds
[2025-11-18T17:59:39.456+0000] {processor.py:161} INFO - Started process (PID=2827) to work on /opt/airflow/dags/sodai_pipeline_dag.py
[2025-11-18T17:59:39.457+0000] {processor.py:830} INFO - Processing file /opt/airflow/dags/sodai_pipeline_dag.py for tasks to queue
[2025-11-18T17:59:39.461+0000] {logging_mixin.py:188} INFO - [2025-11-18T17:59:39.461+0000] {dagbag.py:540} INFO - Filling up the DagBag from /opt/airflow/dags/sodai_pipeline_dag.py
[2025-11-18T17:59:39.480+0000] {processor.py:840} INFO - DAG(s) 'sodai_training_and_scoring' retrieved from /opt/airflow/dags/sodai_pipeline_dag.py
[2025-11-18T17:59:39.503+0000] {logging_mixin.py:188} INFO - [2025-11-18T17:59:39.503+0000] {dag.py:3096} INFO - Sync 1 DAGs
[2025-11-18T17:59:39.514+0000] {logging_mixin.py:188} INFO - [2025-11-18T17:59:39.514+0000] {dag.py:3954} INFO - Setting next_dagrun for sodai_training_and_scoring to None, run_after=None
[2025-11-18T17:59:39.530+0000] {processor.py:183} INFO - Processing /opt/airflow/dags/sodai_pipeline_dag.py took 0.080 seconds
[2025-11-18T18:00:09.974+0000] {processor.py:161} INFO - Started process (PID=2837) to work on /opt/airflow/dags/sodai_pipeline_dag.py
[2025-11-18T18:00:09.974+0000] {processor.py:830} INFO - Processing file /opt/airflow/dags/sodai_pipeline_dag.py for tasks to queue
[2025-11-18T18:00:09.977+0000] {logging_mixin.py:188} INFO - [2025-11-18T18:00:09.977+0000] {dagbag.py:540} INFO - Filling up the DagBag from /opt/airflow/dags/sodai_pipeline_dag.py
[2025-11-18T18:00:10.003+0000] {processor.py:840} INFO - DAG(s) 'sodai_training_and_scoring' retrieved from /opt/airflow/dags/sodai_pipeline_dag.py
[2025-11-18T18:00:10.029+0000] {logging_mixin.py:188} INFO - [2025-11-18T18:00:10.029+0000] {dag.py:3096} INFO - Sync 1 DAGs
[2025-11-18T18:00:10.039+0000] {logging_mixin.py:188} INFO - [2025-11-18T18:00:10.039+0000] {dag.py:3954} INFO - Setting next_dagrun for sodai_training_and_scoring to None, run_after=None
[2025-11-18T18:00:10.056+0000] {processor.py:183} INFO - Processing /opt/airflow/dags/sodai_pipeline_dag.py took 0.088 seconds
[2025-11-18T18:00:40.466+0000] {processor.py:161} INFO - Started process (PID=2847) to work on /opt/airflow/dags/sodai_pipeline_dag.py
[2025-11-18T18:00:40.467+0000] {processor.py:830} INFO - Processing file /opt/airflow/dags/sodai_pipeline_dag.py for tasks to queue
[2025-11-18T18:00:40.470+0000] {logging_mixin.py:188} INFO - [2025-11-18T18:00:40.470+0000] {dagbag.py:540} INFO - Filling up the DagBag from /opt/airflow/dags/sodai_pipeline_dag.py
[2025-11-18T18:00:40.493+0000] {processor.py:840} INFO - DAG(s) 'sodai_training_and_scoring' retrieved from /opt/airflow/dags/sodai_pipeline_dag.py
[2025-11-18T18:00:40.515+0000] {logging_mixin.py:188} INFO - [2025-11-18T18:00:40.515+0000] {dag.py:3096} INFO - Sync 1 DAGs
[2025-11-18T18:00:40.525+0000] {logging_mixin.py:188} INFO - [2025-11-18T18:00:40.525+0000] {dag.py:3954} INFO - Setting next_dagrun for sodai_training_and_scoring to None, run_after=None
[2025-11-18T18:00:40.542+0000] {processor.py:183} INFO - Processing /opt/airflow/dags/sodai_pipeline_dag.py took 0.082 seconds
[2025-11-18T18:01:11.007+0000] {processor.py:161} INFO - Started process (PID=2857) to work on /opt/airflow/dags/sodai_pipeline_dag.py
[2025-11-18T18:01:11.008+0000] {processor.py:830} INFO - Processing file /opt/airflow/dags/sodai_pipeline_dag.py for tasks to queue
[2025-11-18T18:01:11.010+0000] {logging_mixin.py:188} INFO - [2025-11-18T18:01:11.010+0000] {dagbag.py:540} INFO - Filling up the DagBag from /opt/airflow/dags/sodai_pipeline_dag.py
[2025-11-18T18:01:11.029+0000] {processor.py:840} INFO - DAG(s) 'sodai_training_and_scoring' retrieved from /opt/airflow/dags/sodai_pipeline_dag.py
[2025-11-18T18:01:11.054+0000] {logging_mixin.py:188} INFO - [2025-11-18T18:01:11.054+0000] {dag.py:3096} INFO - Sync 1 DAGs
[2025-11-18T18:01:11.064+0000] {logging_mixin.py:188} INFO - [2025-11-18T18:01:11.064+0000] {dag.py:3954} INFO - Setting next_dagrun for sodai_training_and_scoring to None, run_after=None
[2025-11-18T18:01:11.080+0000] {processor.py:183} INFO - Processing /opt/airflow/dags/sodai_pipeline_dag.py took 0.079 seconds
[2025-11-18T18:01:41.465+0000] {processor.py:161} INFO - Started process (PID=2867) to work on /opt/airflow/dags/sodai_pipeline_dag.py
[2025-11-18T18:01:41.466+0000] {processor.py:830} INFO - Processing file /opt/airflow/dags/sodai_pipeline_dag.py for tasks to queue
[2025-11-18T18:01:41.467+0000] {logging_mixin.py:188} INFO - [2025-11-18T18:01:41.467+0000] {dagbag.py:540} INFO - Filling up the DagBag from /opt/airflow/dags/sodai_pipeline_dag.py
[2025-11-18T18:01:41.488+0000] {processor.py:840} INFO - DAG(s) 'sodai_training_and_scoring' retrieved from /opt/airflow/dags/sodai_pipeline_dag.py
[2025-11-18T18:01:41.515+0000] {logging_mixin.py:188} INFO - [2025-11-18T18:01:41.515+0000] {dag.py:3096} INFO - Sync 1 DAGs
[2025-11-18T18:01:41.526+0000] {logging_mixin.py:188} INFO - [2025-11-18T18:01:41.526+0000] {dag.py:3954} INFO - Setting next_dagrun for sodai_training_and_scoring to None, run_after=None
[2025-11-18T18:01:41.541+0000] {processor.py:183} INFO - Processing /opt/airflow/dags/sodai_pipeline_dag.py took 0.081 seconds
[2025-11-18T18:02:11.873+0000] {processor.py:161} INFO - Started process (PID=2877) to work on /opt/airflow/dags/sodai_pipeline_dag.py
[2025-11-18T18:02:11.874+0000] {processor.py:830} INFO - Processing file /opt/airflow/dags/sodai_pipeline_dag.py for tasks to queue
[2025-11-18T18:02:11.876+0000] {logging_mixin.py:188} INFO - [2025-11-18T18:02:11.876+0000] {dagbag.py:540} INFO - Filling up the DagBag from /opt/airflow/dags/sodai_pipeline_dag.py
[2025-11-18T18:02:11.897+0000] {processor.py:840} INFO - DAG(s) 'sodai_training_and_scoring' retrieved from /opt/airflow/dags/sodai_pipeline_dag.py
[2025-11-18T18:02:11.922+0000] {logging_mixin.py:188} INFO - [2025-11-18T18:02:11.921+0000] {dag.py:3096} INFO - Sync 1 DAGs
[2025-11-18T18:02:11.932+0000] {logging_mixin.py:188} INFO - [2025-11-18T18:02:11.932+0000] {dag.py:3954} INFO - Setting next_dagrun for sodai_training_and_scoring to None, run_after=None
[2025-11-18T18:02:11.949+0000] {processor.py:183} INFO - Processing /opt/airflow/dags/sodai_pipeline_dag.py took 0.082 seconds
[2025-11-18T18:02:42.353+0000] {processor.py:161} INFO - Started process (PID=2887) to work on /opt/airflow/dags/sodai_pipeline_dag.py
[2025-11-18T18:02:42.354+0000] {processor.py:830} INFO - Processing file /opt/airflow/dags/sodai_pipeline_dag.py for tasks to queue
[2025-11-18T18:02:42.356+0000] {logging_mixin.py:188} INFO - [2025-11-18T18:02:42.355+0000] {dagbag.py:540} INFO - Filling up the DagBag from /opt/airflow/dags/sodai_pipeline_dag.py
[2025-11-18T18:02:42.390+0000] {processor.py:840} INFO - DAG(s) 'sodai_training_and_scoring' retrieved from /opt/airflow/dags/sodai_pipeline_dag.py
[2025-11-18T18:02:42.415+0000] {logging_mixin.py:188} INFO - [2025-11-18T18:02:42.415+0000] {dag.py:3096} INFO - Sync 1 DAGs
[2025-11-18T18:02:42.425+0000] {logging_mixin.py:188} INFO - [2025-11-18T18:02:42.425+0000] {dag.py:3954} INFO - Setting next_dagrun for sodai_training_and_scoring to None, run_after=None
[2025-11-18T18:02:42.441+0000] {processor.py:183} INFO - Processing /opt/airflow/dags/sodai_pipeline_dag.py took 0.093 seconds
[2025-11-18T18:03:12.814+0000] {processor.py:161} INFO - Started process (PID=2897) to work on /opt/airflow/dags/sodai_pipeline_dag.py
[2025-11-18T18:03:12.815+0000] {processor.py:830} INFO - Processing file /opt/airflow/dags/sodai_pipeline_dag.py for tasks to queue
[2025-11-18T18:03:12.818+0000] {logging_mixin.py:188} INFO - [2025-11-18T18:03:12.817+0000] {dagbag.py:540} INFO - Filling up the DagBag from /opt/airflow/dags/sodai_pipeline_dag.py
[2025-11-18T18:03:12.839+0000] {processor.py:840} INFO - DAG(s) 'sodai_training_and_scoring' retrieved from /opt/airflow/dags/sodai_pipeline_dag.py
[2025-11-18T18:03:12.865+0000] {logging_mixin.py:188} INFO - [2025-11-18T18:03:12.865+0000] {dag.py:3096} INFO - Sync 1 DAGs
[2025-11-18T18:03:12.876+0000] {logging_mixin.py:188} INFO - [2025-11-18T18:03:12.876+0000] {dag.py:3954} INFO - Setting next_dagrun for sodai_training_and_scoring to None, run_after=None
[2025-11-18T18:03:12.895+0000] {processor.py:183} INFO - Processing /opt/airflow/dags/sodai_pipeline_dag.py took 0.087 seconds
[2025-11-18T18:03:43.328+0000] {processor.py:161} INFO - Started process (PID=2907) to work on /opt/airflow/dags/sodai_pipeline_dag.py
[2025-11-18T18:03:43.329+0000] {processor.py:830} INFO - Processing file /opt/airflow/dags/sodai_pipeline_dag.py for tasks to queue
[2025-11-18T18:03:43.332+0000] {logging_mixin.py:188} INFO - [2025-11-18T18:03:43.331+0000] {dagbag.py:540} INFO - Filling up the DagBag from /opt/airflow/dags/sodai_pipeline_dag.py
[2025-11-18T18:03:43.364+0000] {processor.py:840} INFO - DAG(s) 'sodai_training_and_scoring' retrieved from /opt/airflow/dags/sodai_pipeline_dag.py
[2025-11-18T18:03:43.393+0000] {logging_mixin.py:188} INFO - [2025-11-18T18:03:43.392+0000] {dag.py:3096} INFO - Sync 1 DAGs
[2025-11-18T18:03:43.403+0000] {logging_mixin.py:188} INFO - [2025-11-18T18:03:43.403+0000] {dag.py:3954} INFO - Setting next_dagrun for sodai_training_and_scoring to None, run_after=None
[2025-11-18T18:03:43.420+0000] {processor.py:183} INFO - Processing /opt/airflow/dags/sodai_pipeline_dag.py took 0.100 seconds
[2025-11-18T18:04:13.938+0000] {processor.py:161} INFO - Started process (PID=2917) to work on /opt/airflow/dags/sodai_pipeline_dag.py
[2025-11-18T18:04:13.939+0000] {processor.py:830} INFO - Processing file /opt/airflow/dags/sodai_pipeline_dag.py for tasks to queue
[2025-11-18T18:04:13.941+0000] {logging_mixin.py:188} INFO - [2025-11-18T18:04:13.940+0000] {dagbag.py:540} INFO - Filling up the DagBag from /opt/airflow/dags/sodai_pipeline_dag.py
[2025-11-18T18:04:13.963+0000] {processor.py:840} INFO - DAG(s) 'sodai_training_and_scoring' retrieved from /opt/airflow/dags/sodai_pipeline_dag.py
[2025-11-18T18:04:13.987+0000] {logging_mixin.py:188} INFO - [2025-11-18T18:04:13.987+0000] {dag.py:3096} INFO - Sync 1 DAGs
[2025-11-18T18:04:13.998+0000] {logging_mixin.py:188} INFO - [2025-11-18T18:04:13.998+0000] {dag.py:3954} INFO - Setting next_dagrun for sodai_training_and_scoring to None, run_after=None
[2025-11-18T18:04:14.018+0000] {processor.py:183} INFO - Processing /opt/airflow/dags/sodai_pipeline_dag.py took 0.086 seconds
[2025-11-18T18:04:44.468+0000] {processor.py:161} INFO - Started process (PID=2927) to work on /opt/airflow/dags/sodai_pipeline_dag.py
[2025-11-18T18:04:44.469+0000] {processor.py:830} INFO - Processing file /opt/airflow/dags/sodai_pipeline_dag.py for tasks to queue
[2025-11-18T18:04:44.470+0000] {logging_mixin.py:188} INFO - [2025-11-18T18:04:44.470+0000] {dagbag.py:540} INFO - Filling up the DagBag from /opt/airflow/dags/sodai_pipeline_dag.py
[2025-11-18T18:04:44.492+0000] {processor.py:840} INFO - DAG(s) 'sodai_training_and_scoring' retrieved from /opt/airflow/dags/sodai_pipeline_dag.py
[2025-11-18T18:04:44.517+0000] {logging_mixin.py:188} INFO - [2025-11-18T18:04:44.517+0000] {dag.py:3096} INFO - Sync 1 DAGs
[2025-11-18T18:04:44.528+0000] {logging_mixin.py:188} INFO - [2025-11-18T18:04:44.527+0000] {dag.py:3954} INFO - Setting next_dagrun for sodai_training_and_scoring to None, run_after=None
[2025-11-18T18:04:44.544+0000] {processor.py:183} INFO - Processing /opt/airflow/dags/sodai_pipeline_dag.py took 0.082 seconds
[2025-11-18T18:05:14.836+0000] {processor.py:161} INFO - Started process (PID=2937) to work on /opt/airflow/dags/sodai_pipeline_dag.py
[2025-11-18T18:05:14.837+0000] {processor.py:830} INFO - Processing file /opt/airflow/dags/sodai_pipeline_dag.py for tasks to queue
[2025-11-18T18:05:14.838+0000] {logging_mixin.py:188} INFO - [2025-11-18T18:05:14.838+0000] {dagbag.py:540} INFO - Filling up the DagBag from /opt/airflow/dags/sodai_pipeline_dag.py
[2025-11-18T18:05:14.858+0000] {processor.py:840} INFO - DAG(s) 'sodai_training_and_scoring' retrieved from /opt/airflow/dags/sodai_pipeline_dag.py
[2025-11-18T18:05:14.883+0000] {logging_mixin.py:188} INFO - [2025-11-18T18:05:14.882+0000] {dag.py:3096} INFO - Sync 1 DAGs
[2025-11-18T18:05:14.894+0000] {logging_mixin.py:188} INFO - [2025-11-18T18:05:14.894+0000] {dag.py:3954} INFO - Setting next_dagrun for sodai_training_and_scoring to None, run_after=None
[2025-11-18T18:05:14.910+0000] {processor.py:183} INFO - Processing /opt/airflow/dags/sodai_pipeline_dag.py took 0.080 seconds
[2025-11-18T18:05:45.308+0000] {processor.py:161} INFO - Started process (PID=2947) to work on /opt/airflow/dags/sodai_pipeline_dag.py
[2025-11-18T18:05:45.311+0000] {processor.py:830} INFO - Processing file /opt/airflow/dags/sodai_pipeline_dag.py for tasks to queue
[2025-11-18T18:05:45.313+0000] {logging_mixin.py:188} INFO - [2025-11-18T18:05:45.313+0000] {dagbag.py:540} INFO - Filling up the DagBag from /opt/airflow/dags/sodai_pipeline_dag.py
[2025-11-18T18:05:45.334+0000] {processor.py:840} INFO - DAG(s) 'sodai_training_and_scoring' retrieved from /opt/airflow/dags/sodai_pipeline_dag.py
[2025-11-18T18:05:45.356+0000] {logging_mixin.py:188} INFO - [2025-11-18T18:05:45.356+0000] {dag.py:3096} INFO - Sync 1 DAGs
[2025-11-18T18:05:45.367+0000] {logging_mixin.py:188} INFO - [2025-11-18T18:05:45.366+0000] {dag.py:3954} INFO - Setting next_dagrun for sodai_training_and_scoring to None, run_after=None
[2025-11-18T18:05:45.384+0000] {processor.py:183} INFO - Processing /opt/airflow/dags/sodai_pipeline_dag.py took 0.081 seconds
[2025-11-18T18:06:15.742+0000] {processor.py:161} INFO - Started process (PID=2957) to work on /opt/airflow/dags/sodai_pipeline_dag.py
[2025-11-18T18:06:15.743+0000] {processor.py:830} INFO - Processing file /opt/airflow/dags/sodai_pipeline_dag.py for tasks to queue
[2025-11-18T18:06:15.744+0000] {logging_mixin.py:188} INFO - [2025-11-18T18:06:15.744+0000] {dagbag.py:540} INFO - Filling up the DagBag from /opt/airflow/dags/sodai_pipeline_dag.py
[2025-11-18T18:06:15.764+0000] {processor.py:840} INFO - DAG(s) 'sodai_training_and_scoring' retrieved from /opt/airflow/dags/sodai_pipeline_dag.py
[2025-11-18T18:06:15.789+0000] {logging_mixin.py:188} INFO - [2025-11-18T18:06:15.789+0000] {dag.py:3096} INFO - Sync 1 DAGs
[2025-11-18T18:06:15.799+0000] {logging_mixin.py:188} INFO - [2025-11-18T18:06:15.799+0000] {dag.py:3954} INFO - Setting next_dagrun for sodai_training_and_scoring to None, run_after=None
[2025-11-18T18:06:15.815+0000] {processor.py:183} INFO - Processing /opt/airflow/dags/sodai_pipeline_dag.py took 0.078 seconds
[2025-11-18T18:06:46.190+0000] {processor.py:161} INFO - Started process (PID=2967) to work on /opt/airflow/dags/sodai_pipeline_dag.py
[2025-11-18T18:06:46.191+0000] {processor.py:830} INFO - Processing file /opt/airflow/dags/sodai_pipeline_dag.py for tasks to queue
[2025-11-18T18:06:46.193+0000] {logging_mixin.py:188} INFO - [2025-11-18T18:06:46.193+0000] {dagbag.py:540} INFO - Filling up the DagBag from /opt/airflow/dags/sodai_pipeline_dag.py
[2025-11-18T18:06:46.215+0000] {processor.py:840} INFO - DAG(s) 'sodai_training_and_scoring' retrieved from /opt/airflow/dags/sodai_pipeline_dag.py
[2025-11-18T18:06:46.242+0000] {logging_mixin.py:188} INFO - [2025-11-18T18:06:46.241+0000] {dag.py:3096} INFO - Sync 1 DAGs
[2025-11-18T18:06:46.254+0000] {logging_mixin.py:188} INFO - [2025-11-18T18:06:46.253+0000] {dag.py:3954} INFO - Setting next_dagrun for sodai_training_and_scoring to None, run_after=None
[2025-11-18T18:06:46.271+0000] {processor.py:183} INFO - Processing /opt/airflow/dags/sodai_pipeline_dag.py took 0.087 seconds
[2025-11-18T18:07:16.672+0000] {processor.py:161} INFO - Started process (PID=2977) to work on /opt/airflow/dags/sodai_pipeline_dag.py
[2025-11-18T18:07:16.673+0000] {processor.py:830} INFO - Processing file /opt/airflow/dags/sodai_pipeline_dag.py for tasks to queue
[2025-11-18T18:07:16.675+0000] {logging_mixin.py:188} INFO - [2025-11-18T18:07:16.675+0000] {dagbag.py:540} INFO - Filling up the DagBag from /opt/airflow/dags/sodai_pipeline_dag.py
[2025-11-18T18:07:16.696+0000] {processor.py:840} INFO - DAG(s) 'sodai_training_and_scoring' retrieved from /opt/airflow/dags/sodai_pipeline_dag.py
[2025-11-18T18:07:16.723+0000] {logging_mixin.py:188} INFO - [2025-11-18T18:07:16.723+0000] {dag.py:3096} INFO - Sync 1 DAGs
[2025-11-18T18:07:16.733+0000] {logging_mixin.py:188} INFO - [2025-11-18T18:07:16.733+0000] {dag.py:3954} INFO - Setting next_dagrun for sodai_training_and_scoring to None, run_after=None
[2025-11-18T18:07:16.750+0000] {processor.py:183} INFO - Processing /opt/airflow/dags/sodai_pipeline_dag.py took 0.083 seconds
[2025-11-18T18:07:47.254+0000] {processor.py:161} INFO - Started process (PID=2987) to work on /opt/airflow/dags/sodai_pipeline_dag.py
[2025-11-18T18:07:47.255+0000] {processor.py:830} INFO - Processing file /opt/airflow/dags/sodai_pipeline_dag.py for tasks to queue
[2025-11-18T18:07:47.257+0000] {logging_mixin.py:188} INFO - [2025-11-18T18:07:47.257+0000] {dagbag.py:540} INFO - Filling up the DagBag from /opt/airflow/dags/sodai_pipeline_dag.py
[2025-11-18T18:07:47.277+0000] {processor.py:840} INFO - DAG(s) 'sodai_training_and_scoring' retrieved from /opt/airflow/dags/sodai_pipeline_dag.py
[2025-11-18T18:07:47.302+0000] {logging_mixin.py:188} INFO - [2025-11-18T18:07:47.301+0000] {dag.py:3096} INFO - Sync 1 DAGs
[2025-11-18T18:07:47.314+0000] {logging_mixin.py:188} INFO - [2025-11-18T18:07:47.313+0000] {dag.py:3954} INFO - Setting next_dagrun for sodai_training_and_scoring to None, run_after=None
[2025-11-18T18:07:47.330+0000] {processor.py:183} INFO - Processing /opt/airflow/dags/sodai_pipeline_dag.py took 0.082 seconds
[2025-11-18T18:08:17.761+0000] {processor.py:161} INFO - Started process (PID=2997) to work on /opt/airflow/dags/sodai_pipeline_dag.py
[2025-11-18T18:08:17.762+0000] {processor.py:830} INFO - Processing file /opt/airflow/dags/sodai_pipeline_dag.py for tasks to queue
[2025-11-18T18:08:17.764+0000] {logging_mixin.py:188} INFO - [2025-11-18T18:08:17.764+0000] {dagbag.py:540} INFO - Filling up the DagBag from /opt/airflow/dags/sodai_pipeline_dag.py
[2025-11-18T18:08:17.786+0000] {processor.py:840} INFO - DAG(s) 'sodai_training_and_scoring' retrieved from /opt/airflow/dags/sodai_pipeline_dag.py
[2025-11-18T18:08:17.810+0000] {logging_mixin.py:188} INFO - [2025-11-18T18:08:17.810+0000] {dag.py:3096} INFO - Sync 1 DAGs
[2025-11-18T18:08:17.822+0000] {logging_mixin.py:188} INFO - [2025-11-18T18:08:17.822+0000] {dag.py:3954} INFO - Setting next_dagrun for sodai_training_and_scoring to None, run_after=None
[2025-11-18T18:08:17.838+0000] {processor.py:183} INFO - Processing /opt/airflow/dags/sodai_pipeline_dag.py took 0.083 seconds
[2025-11-18T18:08:48.503+0000] {processor.py:161} INFO - Started process (PID=3007) to work on /opt/airflow/dags/sodai_pipeline_dag.py
[2025-11-18T18:08:48.504+0000] {processor.py:830} INFO - Processing file /opt/airflow/dags/sodai_pipeline_dag.py for tasks to queue
[2025-11-18T18:08:48.506+0000] {logging_mixin.py:188} INFO - [2025-11-18T18:08:48.506+0000] {dagbag.py:540} INFO - Filling up the DagBag from /opt/airflow/dags/sodai_pipeline_dag.py
[2025-11-18T18:08:48.526+0000] {processor.py:840} INFO - DAG(s) 'sodai_training_and_scoring' retrieved from /opt/airflow/dags/sodai_pipeline_dag.py
[2025-11-18T18:08:48.550+0000] {logging_mixin.py:188} INFO - [2025-11-18T18:08:48.549+0000] {dag.py:3096} INFO - Sync 1 DAGs
[2025-11-18T18:08:48.560+0000] {logging_mixin.py:188} INFO - [2025-11-18T18:08:48.560+0000] {dag.py:3954} INFO - Setting next_dagrun for sodai_training_and_scoring to None, run_after=None
[2025-11-18T18:08:48.576+0000] {processor.py:183} INFO - Processing /opt/airflow/dags/sodai_pipeline_dag.py took 0.079 seconds
[2025-11-18T18:09:19.244+0000] {processor.py:161} INFO - Started process (PID=3017) to work on /opt/airflow/dags/sodai_pipeline_dag.py
[2025-11-18T18:09:19.245+0000] {processor.py:830} INFO - Processing file /opt/airflow/dags/sodai_pipeline_dag.py for tasks to queue
[2025-11-18T18:09:19.247+0000] {logging_mixin.py:188} INFO - [2025-11-18T18:09:19.247+0000] {dagbag.py:540} INFO - Filling up the DagBag from /opt/airflow/dags/sodai_pipeline_dag.py
[2025-11-18T18:09:19.269+0000] {processor.py:840} INFO - DAG(s) 'sodai_training_and_scoring' retrieved from /opt/airflow/dags/sodai_pipeline_dag.py
[2025-11-18T18:09:19.293+0000] {logging_mixin.py:188} INFO - [2025-11-18T18:09:19.293+0000] {dag.py:3096} INFO - Sync 1 DAGs
[2025-11-18T18:09:19.304+0000] {logging_mixin.py:188} INFO - [2025-11-18T18:09:19.304+0000] {dag.py:3954} INFO - Setting next_dagrun for sodai_training_and_scoring to None, run_after=None
[2025-11-18T18:09:19.321+0000] {processor.py:183} INFO - Processing /opt/airflow/dags/sodai_pipeline_dag.py took 0.082 seconds
[2025-11-18T18:09:49.774+0000] {processor.py:161} INFO - Started process (PID=3027) to work on /opt/airflow/dags/sodai_pipeline_dag.py
[2025-11-18T18:09:49.776+0000] {processor.py:830} INFO - Processing file /opt/airflow/dags/sodai_pipeline_dag.py for tasks to queue
[2025-11-18T18:09:49.778+0000] {logging_mixin.py:188} INFO - [2025-11-18T18:09:49.777+0000] {dagbag.py:540} INFO - Filling up the DagBag from /opt/airflow/dags/sodai_pipeline_dag.py
[2025-11-18T18:09:49.799+0000] {processor.py:840} INFO - DAG(s) 'sodai_training_and_scoring' retrieved from /opt/airflow/dags/sodai_pipeline_dag.py
[2025-11-18T18:09:49.824+0000] {logging_mixin.py:188} INFO - [2025-11-18T18:09:49.824+0000] {dag.py:3096} INFO - Sync 1 DAGs
[2025-11-18T18:09:49.835+0000] {logging_mixin.py:188} INFO - [2025-11-18T18:09:49.835+0000] {dag.py:3954} INFO - Setting next_dagrun for sodai_training_and_scoring to None, run_after=None
[2025-11-18T18:09:49.850+0000] {processor.py:183} INFO - Processing /opt/airflow/dags/sodai_pipeline_dag.py took 0.081 seconds
[2025-11-18T18:10:20.334+0000] {processor.py:161} INFO - Started process (PID=3037) to work on /opt/airflow/dags/sodai_pipeline_dag.py
[2025-11-18T18:10:20.335+0000] {processor.py:830} INFO - Processing file /opt/airflow/dags/sodai_pipeline_dag.py for tasks to queue
[2025-11-18T18:10:20.337+0000] {logging_mixin.py:188} INFO - [2025-11-18T18:10:20.336+0000] {dagbag.py:540} INFO - Filling up the DagBag from /opt/airflow/dags/sodai_pipeline_dag.py
[2025-11-18T18:10:20.357+0000] {processor.py:840} INFO - DAG(s) 'sodai_training_and_scoring' retrieved from /opt/airflow/dags/sodai_pipeline_dag.py
[2025-11-18T18:10:20.378+0000] {logging_mixin.py:188} INFO - [2025-11-18T18:10:20.378+0000] {dag.py:3096} INFO - Sync 1 DAGs
[2025-11-18T18:10:20.389+0000] {logging_mixin.py:188} INFO - [2025-11-18T18:10:20.389+0000] {dag.py:3954} INFO - Setting next_dagrun for sodai_training_and_scoring to None, run_after=None
[2025-11-18T18:10:20.405+0000] {processor.py:183} INFO - Processing /opt/airflow/dags/sodai_pipeline_dag.py took 0.077 seconds
[2025-11-18T18:10:50.773+0000] {processor.py:161} INFO - Started process (PID=3047) to work on /opt/airflow/dags/sodai_pipeline_dag.py
[2025-11-18T18:10:50.774+0000] {processor.py:830} INFO - Processing file /opt/airflow/dags/sodai_pipeline_dag.py for tasks to queue
[2025-11-18T18:10:50.776+0000] {logging_mixin.py:188} INFO - [2025-11-18T18:10:50.776+0000] {dagbag.py:540} INFO - Filling up the DagBag from /opt/airflow/dags/sodai_pipeline_dag.py
[2025-11-18T18:10:50.798+0000] {processor.py:840} INFO - DAG(s) 'sodai_training_and_scoring' retrieved from /opt/airflow/dags/sodai_pipeline_dag.py
[2025-11-18T18:10:50.822+0000] {logging_mixin.py:188} INFO - [2025-11-18T18:10:50.822+0000] {dag.py:3096} INFO - Sync 1 DAGs
[2025-11-18T18:10:50.834+0000] {logging_mixin.py:188} INFO - [2025-11-18T18:10:50.833+0000] {dag.py:3954} INFO - Setting next_dagrun for sodai_training_and_scoring to None, run_after=None
[2025-11-18T18:10:50.849+0000] {processor.py:183} INFO - Processing /opt/airflow/dags/sodai_pipeline_dag.py took 0.082 seconds
[2025-11-18T18:11:21.256+0000] {processor.py:161} INFO - Started process (PID=3057) to work on /opt/airflow/dags/sodai_pipeline_dag.py
[2025-11-18T18:11:21.257+0000] {processor.py:830} INFO - Processing file /opt/airflow/dags/sodai_pipeline_dag.py for tasks to queue
[2025-11-18T18:11:21.259+0000] {logging_mixin.py:188} INFO - [2025-11-18T18:11:21.259+0000] {dagbag.py:540} INFO - Filling up the DagBag from /opt/airflow/dags/sodai_pipeline_dag.py
[2025-11-18T18:11:21.278+0000] {processor.py:840} INFO - DAG(s) 'sodai_training_and_scoring' retrieved from /opt/airflow/dags/sodai_pipeline_dag.py
[2025-11-18T18:11:21.302+0000] {logging_mixin.py:188} INFO - [2025-11-18T18:11:21.302+0000] {dag.py:3096} INFO - Sync 1 DAGs
[2025-11-18T18:11:21.313+0000] {logging_mixin.py:188} INFO - [2025-11-18T18:11:21.313+0000] {dag.py:3954} INFO - Setting next_dagrun for sodai_training_and_scoring to None, run_after=None
[2025-11-18T18:11:21.329+0000] {processor.py:183} INFO - Processing /opt/airflow/dags/sodai_pipeline_dag.py took 0.078 seconds
[2025-11-18T18:11:51.992+0000] {processor.py:161} INFO - Started process (PID=3067) to work on /opt/airflow/dags/sodai_pipeline_dag.py
[2025-11-18T18:11:51.994+0000] {processor.py:830} INFO - Processing file /opt/airflow/dags/sodai_pipeline_dag.py for tasks to queue
[2025-11-18T18:11:51.996+0000] {logging_mixin.py:188} INFO - [2025-11-18T18:11:51.996+0000] {dagbag.py:540} INFO - Filling up the DagBag from /opt/airflow/dags/sodai_pipeline_dag.py
[2025-11-18T18:11:52.019+0000] {processor.py:840} INFO - DAG(s) 'sodai_training_and_scoring' retrieved from /opt/airflow/dags/sodai_pipeline_dag.py
[2025-11-18T18:11:52.046+0000] {logging_mixin.py:188} INFO - [2025-11-18T18:11:52.045+0000] {dag.py:3096} INFO - Sync 1 DAGs
[2025-11-18T18:11:52.057+0000] {logging_mixin.py:188} INFO - [2025-11-18T18:11:52.057+0000] {dag.py:3954} INFO - Setting next_dagrun for sodai_training_and_scoring to None, run_after=None
[2025-11-18T18:11:52.077+0000] {processor.py:183} INFO - Processing /opt/airflow/dags/sodai_pipeline_dag.py took 0.092 seconds
[2025-11-18T18:12:22.610+0000] {processor.py:161} INFO - Started process (PID=3077) to work on /opt/airflow/dags/sodai_pipeline_dag.py
[2025-11-18T18:12:22.611+0000] {processor.py:830} INFO - Processing file /opt/airflow/dags/sodai_pipeline_dag.py for tasks to queue
[2025-11-18T18:12:22.613+0000] {logging_mixin.py:188} INFO - [2025-11-18T18:12:22.612+0000] {dagbag.py:540} INFO - Filling up the DagBag from /opt/airflow/dags/sodai_pipeline_dag.py
[2025-11-18T18:12:22.631+0000] {processor.py:840} INFO - DAG(s) 'sodai_training_and_scoring' retrieved from /opt/airflow/dags/sodai_pipeline_dag.py
[2025-11-18T18:12:22.654+0000] {logging_mixin.py:188} INFO - [2025-11-18T18:12:22.653+0000] {dag.py:3096} INFO - Sync 1 DAGs
[2025-11-18T18:12:22.665+0000] {logging_mixin.py:188} INFO - [2025-11-18T18:12:22.664+0000] {dag.py:3954} INFO - Setting next_dagrun for sodai_training_and_scoring to None, run_after=None
[2025-11-18T18:12:22.679+0000] {processor.py:183} INFO - Processing /opt/airflow/dags/sodai_pipeline_dag.py took 0.075 seconds
[2025-11-18T18:12:53.255+0000] {processor.py:161} INFO - Started process (PID=3087) to work on /opt/airflow/dags/sodai_pipeline_dag.py
[2025-11-18T18:12:53.256+0000] {processor.py:830} INFO - Processing file /opt/airflow/dags/sodai_pipeline_dag.py for tasks to queue
[2025-11-18T18:12:53.257+0000] {logging_mixin.py:188} INFO - [2025-11-18T18:12:53.257+0000] {dagbag.py:540} INFO - Filling up the DagBag from /opt/airflow/dags/sodai_pipeline_dag.py
[2025-11-18T18:12:53.272+0000] {processor.py:840} INFO - DAG(s) 'sodai_training_and_scoring' retrieved from /opt/airflow/dags/sodai_pipeline_dag.py
[2025-11-18T18:12:53.292+0000] {logging_mixin.py:188} INFO - [2025-11-18T18:12:53.292+0000] {dag.py:3096} INFO - Sync 1 DAGs
[2025-11-18T18:12:53.302+0000] {logging_mixin.py:188} INFO - [2025-11-18T18:12:53.302+0000] {dag.py:3954} INFO - Setting next_dagrun for sodai_training_and_scoring to None, run_after=None
[2025-11-18T18:12:53.315+0000] {processor.py:183} INFO - Processing /opt/airflow/dags/sodai_pipeline_dag.py took 0.064 seconds
[2025-11-18T18:13:23.841+0000] {processor.py:161} INFO - Started process (PID=3097) to work on /opt/airflow/dags/sodai_pipeline_dag.py
[2025-11-18T18:13:23.842+0000] {processor.py:830} INFO - Processing file /opt/airflow/dags/sodai_pipeline_dag.py for tasks to queue
[2025-11-18T18:13:23.844+0000] {logging_mixin.py:188} INFO - [2025-11-18T18:13:23.843+0000] {dagbag.py:540} INFO - Filling up the DagBag from /opt/airflow/dags/sodai_pipeline_dag.py
[2025-11-18T18:13:23.861+0000] {processor.py:840} INFO - DAG(s) 'sodai_training_and_scoring' retrieved from /opt/airflow/dags/sodai_pipeline_dag.py
[2025-11-18T18:13:23.882+0000] {logging_mixin.py:188} INFO - [2025-11-18T18:13:23.882+0000] {dag.py:3096} INFO - Sync 1 DAGs
[2025-11-18T18:13:23.891+0000] {logging_mixin.py:188} INFO - [2025-11-18T18:13:23.891+0000] {dag.py:3954} INFO - Setting next_dagrun for sodai_training_and_scoring to None, run_after=None
[2025-11-18T18:13:23.906+0000] {processor.py:183} INFO - Processing /opt/airflow/dags/sodai_pipeline_dag.py took 0.070 seconds
[2025-11-18T18:13:54.476+0000] {processor.py:161} INFO - Started process (PID=3107) to work on /opt/airflow/dags/sodai_pipeline_dag.py
[2025-11-18T18:13:54.477+0000] {processor.py:830} INFO - Processing file /opt/airflow/dags/sodai_pipeline_dag.py for tasks to queue
[2025-11-18T18:13:54.479+0000] {logging_mixin.py:188} INFO - [2025-11-18T18:13:54.478+0000] {dagbag.py:540} INFO - Filling up the DagBag from /opt/airflow/dags/sodai_pipeline_dag.py
[2025-11-18T18:13:54.493+0000] {processor.py:840} INFO - DAG(s) 'sodai_training_and_scoring' retrieved from /opt/airflow/dags/sodai_pipeline_dag.py
[2025-11-18T18:13:54.512+0000] {logging_mixin.py:188} INFO - [2025-11-18T18:13:54.512+0000] {dag.py:3096} INFO - Sync 1 DAGs
[2025-11-18T18:13:54.520+0000] {logging_mixin.py:188} INFO - [2025-11-18T18:13:54.520+0000] {dag.py:3954} INFO - Setting next_dagrun for sodai_training_and_scoring to None, run_after=None
[2025-11-18T18:13:54.534+0000] {processor.py:183} INFO - Processing /opt/airflow/dags/sodai_pipeline_dag.py took 0.063 seconds
[2025-11-18T18:14:25.068+0000] {processor.py:161} INFO - Started process (PID=3117) to work on /opt/airflow/dags/sodai_pipeline_dag.py
[2025-11-18T18:14:25.069+0000] {processor.py:830} INFO - Processing file /opt/airflow/dags/sodai_pipeline_dag.py for tasks to queue
[2025-11-18T18:14:25.070+0000] {logging_mixin.py:188} INFO - [2025-11-18T18:14:25.070+0000] {dagbag.py:540} INFO - Filling up the DagBag from /opt/airflow/dags/sodai_pipeline_dag.py
[2025-11-18T18:14:25.084+0000] {processor.py:840} INFO - DAG(s) 'sodai_training_and_scoring' retrieved from /opt/airflow/dags/sodai_pipeline_dag.py
[2025-11-18T18:14:25.104+0000] {logging_mixin.py:188} INFO - [2025-11-18T18:14:25.104+0000] {dag.py:3096} INFO - Sync 1 DAGs
[2025-11-18T18:14:25.116+0000] {logging_mixin.py:188} INFO - [2025-11-18T18:14:25.115+0000] {dag.py:3954} INFO - Setting next_dagrun for sodai_training_and_scoring to None, run_after=None
[2025-11-18T18:14:25.128+0000] {processor.py:183} INFO - Processing /opt/airflow/dags/sodai_pipeline_dag.py took 0.064 seconds
[2025-11-18T18:14:55.515+0000] {processor.py:161} INFO - Started process (PID=3127) to work on /opt/airflow/dags/sodai_pipeline_dag.py
[2025-11-18T18:14:55.516+0000] {processor.py:830} INFO - Processing file /opt/airflow/dags/sodai_pipeline_dag.py for tasks to queue
[2025-11-18T18:14:55.520+0000] {logging_mixin.py:188} INFO - [2025-11-18T18:14:55.519+0000] {dagbag.py:540} INFO - Filling up the DagBag from /opt/airflow/dags/sodai_pipeline_dag.py
[2025-11-18T18:14:55.534+0000] {processor.py:840} INFO - DAG(s) 'sodai_training_and_scoring' retrieved from /opt/airflow/dags/sodai_pipeline_dag.py
[2025-11-18T18:14:55.553+0000] {logging_mixin.py:188} INFO - [2025-11-18T18:14:55.553+0000] {dag.py:3096} INFO - Sync 1 DAGs
[2025-11-18T18:14:55.562+0000] {logging_mixin.py:188} INFO - [2025-11-18T18:14:55.562+0000] {dag.py:3954} INFO - Setting next_dagrun for sodai_training_and_scoring to None, run_after=None
[2025-11-18T18:14:55.577+0000] {processor.py:183} INFO - Processing /opt/airflow/dags/sodai_pipeline_dag.py took 0.067 seconds
[2025-11-18T18:15:26.271+0000] {processor.py:161} INFO - Started process (PID=3137) to work on /opt/airflow/dags/sodai_pipeline_dag.py
[2025-11-18T18:15:26.272+0000] {processor.py:830} INFO - Processing file /opt/airflow/dags/sodai_pipeline_dag.py for tasks to queue
[2025-11-18T18:15:26.273+0000] {logging_mixin.py:188} INFO - [2025-11-18T18:15:26.273+0000] {dagbag.py:540} INFO - Filling up the DagBag from /opt/airflow/dags/sodai_pipeline_dag.py
[2025-11-18T18:15:26.287+0000] {processor.py:840} INFO - DAG(s) 'sodai_training_and_scoring' retrieved from /opt/airflow/dags/sodai_pipeline_dag.py
[2025-11-18T18:15:26.310+0000] {logging_mixin.py:188} INFO - [2025-11-18T18:15:26.310+0000] {dag.py:3096} INFO - Sync 1 DAGs
[2025-11-18T18:15:26.320+0000] {logging_mixin.py:188} INFO - [2025-11-18T18:15:26.320+0000] {dag.py:3954} INFO - Setting next_dagrun for sodai_training_and_scoring to None, run_after=None
[2025-11-18T18:15:26.333+0000] {processor.py:183} INFO - Processing /opt/airflow/dags/sodai_pipeline_dag.py took 0.067 seconds
[2025-11-18T18:15:56.872+0000] {processor.py:161} INFO - Started process (PID=3147) to work on /opt/airflow/dags/sodai_pipeline_dag.py
[2025-11-18T18:15:56.873+0000] {processor.py:830} INFO - Processing file /opt/airflow/dags/sodai_pipeline_dag.py for tasks to queue
[2025-11-18T18:15:56.875+0000] {logging_mixin.py:188} INFO - [2025-11-18T18:15:56.875+0000] {dagbag.py:540} INFO - Filling up the DagBag from /opt/airflow/dags/sodai_pipeline_dag.py
[2025-11-18T18:15:56.899+0000] {processor.py:840} INFO - DAG(s) 'sodai_training_and_scoring' retrieved from /opt/airflow/dags/sodai_pipeline_dag.py
[2025-11-18T18:15:56.924+0000] {logging_mixin.py:188} INFO - [2025-11-18T18:15:56.924+0000] {dag.py:3096} INFO - Sync 1 DAGs
[2025-11-18T18:15:56.933+0000] {logging_mixin.py:188} INFO - [2025-11-18T18:15:56.933+0000] {dag.py:3954} INFO - Setting next_dagrun for sodai_training_and_scoring to None, run_after=None
[2025-11-18T18:15:56.957+0000] {processor.py:183} INFO - Processing /opt/airflow/dags/sodai_pipeline_dag.py took 0.090 seconds
[2025-11-18T18:16:27.377+0000] {processor.py:161} INFO - Started process (PID=3157) to work on /opt/airflow/dags/sodai_pipeline_dag.py
[2025-11-18T18:16:27.378+0000] {processor.py:830} INFO - Processing file /opt/airflow/dags/sodai_pipeline_dag.py for tasks to queue
[2025-11-18T18:16:27.380+0000] {logging_mixin.py:188} INFO - [2025-11-18T18:16:27.380+0000] {dagbag.py:540} INFO - Filling up the DagBag from /opt/airflow/dags/sodai_pipeline_dag.py
[2025-11-18T18:16:27.395+0000] {processor.py:840} INFO - DAG(s) 'sodai_training_and_scoring' retrieved from /opt/airflow/dags/sodai_pipeline_dag.py
[2025-11-18T18:16:27.420+0000] {logging_mixin.py:188} INFO - [2025-11-18T18:16:27.420+0000] {dag.py:3096} INFO - Sync 1 DAGs
[2025-11-18T18:16:27.429+0000] {logging_mixin.py:188} INFO - [2025-11-18T18:16:27.429+0000] {dag.py:3954} INFO - Setting next_dagrun for sodai_training_and_scoring to None, run_after=None
[2025-11-18T18:16:27.447+0000] {processor.py:183} INFO - Processing /opt/airflow/dags/sodai_pipeline_dag.py took 0.075 seconds
[2025-11-18T18:16:57.932+0000] {processor.py:161} INFO - Started process (PID=3167) to work on /opt/airflow/dags/sodai_pipeline_dag.py
[2025-11-18T18:16:57.933+0000] {processor.py:830} INFO - Processing file /opt/airflow/dags/sodai_pipeline_dag.py for tasks to queue
[2025-11-18T18:16:57.935+0000] {logging_mixin.py:188} INFO - [2025-11-18T18:16:57.935+0000] {dagbag.py:540} INFO - Filling up the DagBag from /opt/airflow/dags/sodai_pipeline_dag.py
[2025-11-18T18:16:57.950+0000] {processor.py:840} INFO - DAG(s) 'sodai_training_and_scoring' retrieved from /opt/airflow/dags/sodai_pipeline_dag.py
[2025-11-18T18:16:57.972+0000] {logging_mixin.py:188} INFO - [2025-11-18T18:16:57.972+0000] {dag.py:3096} INFO - Sync 1 DAGs
[2025-11-18T18:16:57.981+0000] {logging_mixin.py:188} INFO - [2025-11-18T18:16:57.981+0000] {dag.py:3954} INFO - Setting next_dagrun for sodai_training_and_scoring to None, run_after=None
[2025-11-18T18:16:57.998+0000] {processor.py:183} INFO - Processing /opt/airflow/dags/sodai_pipeline_dag.py took 0.071 seconds
[2025-11-18T18:17:28.499+0000] {processor.py:161} INFO - Started process (PID=3177) to work on /opt/airflow/dags/sodai_pipeline_dag.py
[2025-11-18T18:17:28.500+0000] {processor.py:830} INFO - Processing file /opt/airflow/dags/sodai_pipeline_dag.py for tasks to queue
[2025-11-18T18:17:28.502+0000] {logging_mixin.py:188} INFO - [2025-11-18T18:17:28.501+0000] {dagbag.py:540} INFO - Filling up the DagBag from /opt/airflow/dags/sodai_pipeline_dag.py
[2025-11-18T18:17:28.515+0000] {processor.py:840} INFO - DAG(s) 'sodai_training_and_scoring' retrieved from /opt/airflow/dags/sodai_pipeline_dag.py
[2025-11-18T18:17:28.537+0000] {logging_mixin.py:188} INFO - [2025-11-18T18:17:28.537+0000] {dag.py:3096} INFO - Sync 1 DAGs
[2025-11-18T18:17:28.548+0000] {logging_mixin.py:188} INFO - [2025-11-18T18:17:28.548+0000] {dag.py:3954} INFO - Setting next_dagrun for sodai_training_and_scoring to None, run_after=None
[2025-11-18T18:17:28.571+0000] {processor.py:183} INFO - Processing /opt/airflow/dags/sodai_pipeline_dag.py took 0.077 seconds
[2025-11-18T18:17:58.950+0000] {processor.py:161} INFO - Started process (PID=3187) to work on /opt/airflow/dags/sodai_pipeline_dag.py
[2025-11-18T18:17:58.952+0000] {processor.py:830} INFO - Processing file /opt/airflow/dags/sodai_pipeline_dag.py for tasks to queue
[2025-11-18T18:17:58.954+0000] {logging_mixin.py:188} INFO - [2025-11-18T18:17:58.953+0000] {dagbag.py:540} INFO - Filling up the DagBag from /opt/airflow/dags/sodai_pipeline_dag.py
[2025-11-18T18:17:58.970+0000] {processor.py:840} INFO - DAG(s) 'sodai_training_and_scoring' retrieved from /opt/airflow/dags/sodai_pipeline_dag.py
[2025-11-18T18:17:58.990+0000] {logging_mixin.py:188} INFO - [2025-11-18T18:17:58.989+0000] {dag.py:3096} INFO - Sync 1 DAGs
[2025-11-18T18:17:59.001+0000] {logging_mixin.py:188} INFO - [2025-11-18T18:17:59.001+0000] {dag.py:3954} INFO - Setting next_dagrun for sodai_training_and_scoring to None, run_after=None
[2025-11-18T18:17:59.014+0000] {processor.py:183} INFO - Processing /opt/airflow/dags/sodai_pipeline_dag.py took 0.068 seconds
[2025-11-18T18:18:29.672+0000] {processor.py:161} INFO - Started process (PID=3197) to work on /opt/airflow/dags/sodai_pipeline_dag.py
[2025-11-18T18:18:29.673+0000] {processor.py:830} INFO - Processing file /opt/airflow/dags/sodai_pipeline_dag.py for tasks to queue
[2025-11-18T18:18:29.674+0000] {logging_mixin.py:188} INFO - [2025-11-18T18:18:29.674+0000] {dagbag.py:540} INFO - Filling up the DagBag from /opt/airflow/dags/sodai_pipeline_dag.py
[2025-11-18T18:18:29.695+0000] {processor.py:840} INFO - DAG(s) 'sodai_training_and_scoring' retrieved from /opt/airflow/dags/sodai_pipeline_dag.py
[2025-11-18T18:18:29.718+0000] {logging_mixin.py:188} INFO - [2025-11-18T18:18:29.718+0000] {dag.py:3096} INFO - Sync 1 DAGs
[2025-11-18T18:18:29.730+0000] {logging_mixin.py:188} INFO - [2025-11-18T18:18:29.729+0000] {dag.py:3954} INFO - Setting next_dagrun for sodai_training_and_scoring to None, run_after=None
[2025-11-18T18:18:29.745+0000] {processor.py:183} INFO - Processing /opt/airflow/dags/sodai_pipeline_dag.py took 0.078 seconds
[2025-11-18T18:19:00.426+0000] {processor.py:161} INFO - Started process (PID=3207) to work on /opt/airflow/dags/sodai_pipeline_dag.py
[2025-11-18T18:19:00.428+0000] {processor.py:830} INFO - Processing file /opt/airflow/dags/sodai_pipeline_dag.py for tasks to queue
[2025-11-18T18:19:00.430+0000] {logging_mixin.py:188} INFO - [2025-11-18T18:19:00.430+0000] {dagbag.py:540} INFO - Filling up the DagBag from /opt/airflow/dags/sodai_pipeline_dag.py
[2025-11-18T18:19:00.447+0000] {processor.py:840} INFO - DAG(s) 'sodai_training_and_scoring' retrieved from /opt/airflow/dags/sodai_pipeline_dag.py
[2025-11-18T18:19:00.469+0000] {logging_mixin.py:188} INFO - [2025-11-18T18:19:00.469+0000] {dag.py:3096} INFO - Sync 1 DAGs
[2025-11-18T18:19:00.479+0000] {logging_mixin.py:188} INFO - [2025-11-18T18:19:00.478+0000] {dag.py:3954} INFO - Setting next_dagrun for sodai_training_and_scoring to None, run_after=None
[2025-11-18T18:19:00.493+0000] {processor.py:183} INFO - Processing /opt/airflow/dags/sodai_pipeline_dag.py took 0.072 seconds
[2025-11-18T18:19:31.035+0000] {processor.py:161} INFO - Started process (PID=3217) to work on /opt/airflow/dags/sodai_pipeline_dag.py
[2025-11-18T18:19:31.036+0000] {processor.py:830} INFO - Processing file /opt/airflow/dags/sodai_pipeline_dag.py for tasks to queue
[2025-11-18T18:19:31.037+0000] {logging_mixin.py:188} INFO - [2025-11-18T18:19:31.037+0000] {dagbag.py:540} INFO - Filling up the DagBag from /opt/airflow/dags/sodai_pipeline_dag.py
[2025-11-18T18:19:31.061+0000] {processor.py:840} INFO - DAG(s) 'sodai_training_and_scoring' retrieved from /opt/airflow/dags/sodai_pipeline_dag.py
[2025-11-18T18:19:31.083+0000] {logging_mixin.py:188} INFO - [2025-11-18T18:19:31.083+0000] {dag.py:3096} INFO - Sync 1 DAGs
[2025-11-18T18:19:31.093+0000] {logging_mixin.py:188} INFO - [2025-11-18T18:19:31.093+0000] {dag.py:3954} INFO - Setting next_dagrun for sodai_training_and_scoring to None, run_after=None
[2025-11-18T18:19:31.108+0000] {processor.py:183} INFO - Processing /opt/airflow/dags/sodai_pipeline_dag.py took 0.078 seconds
[2025-11-18T18:20:01.747+0000] {processor.py:161} INFO - Started process (PID=3227) to work on /opt/airflow/dags/sodai_pipeline_dag.py
[2025-11-18T18:20:01.747+0000] {processor.py:830} INFO - Processing file /opt/airflow/dags/sodai_pipeline_dag.py for tasks to queue
[2025-11-18T18:20:01.749+0000] {logging_mixin.py:188} INFO - [2025-11-18T18:20:01.749+0000] {dagbag.py:540} INFO - Filling up the DagBag from /opt/airflow/dags/sodai_pipeline_dag.py
[2025-11-18T18:20:01.763+0000] {processor.py:840} INFO - DAG(s) 'sodai_training_and_scoring' retrieved from /opt/airflow/dags/sodai_pipeline_dag.py
[2025-11-18T18:20:01.785+0000] {logging_mixin.py:188} INFO - [2025-11-18T18:20:01.785+0000] {dag.py:3096} INFO - Sync 1 DAGs
[2025-11-18T18:20:01.800+0000] {logging_mixin.py:188} INFO - [2025-11-18T18:20:01.800+0000] {dag.py:3954} INFO - Setting next_dagrun for sodai_training_and_scoring to None, run_after=None
[2025-11-18T18:20:01.813+0000] {processor.py:183} INFO - Processing /opt/airflow/dags/sodai_pipeline_dag.py took 0.070 seconds
[2025-11-18T18:20:32.386+0000] {processor.py:161} INFO - Started process (PID=3237) to work on /opt/airflow/dags/sodai_pipeline_dag.py
[2025-11-18T18:20:32.388+0000] {processor.py:830} INFO - Processing file /opt/airflow/dags/sodai_pipeline_dag.py for tasks to queue
[2025-11-18T18:20:32.390+0000] {logging_mixin.py:188} INFO - [2025-11-18T18:20:32.390+0000] {dagbag.py:540} INFO - Filling up the DagBag from /opt/airflow/dags/sodai_pipeline_dag.py
[2025-11-18T18:20:32.406+0000] {processor.py:840} INFO - DAG(s) 'sodai_training_and_scoring' retrieved from /opt/airflow/dags/sodai_pipeline_dag.py
[2025-11-18T18:20:32.424+0000] {logging_mixin.py:188} INFO - [2025-11-18T18:20:32.424+0000] {dag.py:3096} INFO - Sync 1 DAGs
[2025-11-18T18:20:32.432+0000] {logging_mixin.py:188} INFO - [2025-11-18T18:20:32.432+0000] {dag.py:3954} INFO - Setting next_dagrun for sodai_training_and_scoring to None, run_after=None
[2025-11-18T18:20:32.445+0000] {processor.py:183} INFO - Processing /opt/airflow/dags/sodai_pipeline_dag.py took 0.064 seconds
[2025-11-18T18:21:02.912+0000] {processor.py:161} INFO - Started process (PID=3247) to work on /opt/airflow/dags/sodai_pipeline_dag.py
[2025-11-18T18:21:02.913+0000] {processor.py:830} INFO - Processing file /opt/airflow/dags/sodai_pipeline_dag.py for tasks to queue
[2025-11-18T18:21:02.915+0000] {logging_mixin.py:188} INFO - [2025-11-18T18:21:02.915+0000] {dagbag.py:540} INFO - Filling up the DagBag from /opt/airflow/dags/sodai_pipeline_dag.py
[2025-11-18T18:21:02.935+0000] {processor.py:840} INFO - DAG(s) 'sodai_training_and_scoring' retrieved from /opt/airflow/dags/sodai_pipeline_dag.py
[2025-11-18T18:21:02.955+0000] {logging_mixin.py:188} INFO - [2025-11-18T18:21:02.955+0000] {dag.py:3096} INFO - Sync 1 DAGs
[2025-11-18T18:21:02.966+0000] {logging_mixin.py:188} INFO - [2025-11-18T18:21:02.966+0000] {dag.py:3954} INFO - Setting next_dagrun for sodai_training_and_scoring to None, run_after=None
[2025-11-18T18:21:02.979+0000] {processor.py:183} INFO - Processing /opt/airflow/dags/sodai_pipeline_dag.py took 0.071 seconds
[2025-11-18T18:21:33.447+0000] {processor.py:161} INFO - Started process (PID=3257) to work on /opt/airflow/dags/sodai_pipeline_dag.py
[2025-11-18T18:21:33.448+0000] {processor.py:830} INFO - Processing file /opt/airflow/dags/sodai_pipeline_dag.py for tasks to queue
[2025-11-18T18:21:33.450+0000] {logging_mixin.py:188} INFO - [2025-11-18T18:21:33.449+0000] {dagbag.py:540} INFO - Filling up the DagBag from /opt/airflow/dags/sodai_pipeline_dag.py
[2025-11-18T18:21:33.464+0000] {processor.py:840} INFO - DAG(s) 'sodai_training_and_scoring' retrieved from /opt/airflow/dags/sodai_pipeline_dag.py
[2025-11-18T18:21:33.483+0000] {logging_mixin.py:188} INFO - [2025-11-18T18:21:33.483+0000] {dag.py:3096} INFO - Sync 1 DAGs
[2025-11-18T18:21:33.496+0000] {logging_mixin.py:188} INFO - [2025-11-18T18:21:33.496+0000] {dag.py:3954} INFO - Setting next_dagrun for sodai_training_and_scoring to None, run_after=None
[2025-11-18T18:21:33.508+0000] {processor.py:183} INFO - Processing /opt/airflow/dags/sodai_pipeline_dag.py took 0.066 seconds
[2025-11-18T18:22:04.066+0000] {processor.py:161} INFO - Started process (PID=3267) to work on /opt/airflow/dags/sodai_pipeline_dag.py
[2025-11-18T18:22:04.067+0000] {processor.py:830} INFO - Processing file /opt/airflow/dags/sodai_pipeline_dag.py for tasks to queue
[2025-11-18T18:22:04.069+0000] {logging_mixin.py:188} INFO - [2025-11-18T18:22:04.069+0000] {dagbag.py:540} INFO - Filling up the DagBag from /opt/airflow/dags/sodai_pipeline_dag.py
[2025-11-18T18:22:04.108+0000] {processor.py:840} INFO - DAG(s) 'sodai_training_and_scoring' retrieved from /opt/airflow/dags/sodai_pipeline_dag.py
[2025-11-18T18:22:04.133+0000] {logging_mixin.py:188} INFO - [2025-11-18T18:22:04.133+0000] {dag.py:3096} INFO - Sync 1 DAGs
[2025-11-18T18:22:04.146+0000] {logging_mixin.py:188} INFO - [2025-11-18T18:22:04.146+0000] {dag.py:3954} INFO - Setting next_dagrun for sodai_training_and_scoring to None, run_after=None
[2025-11-18T18:22:04.163+0000] {processor.py:183} INFO - Processing /opt/airflow/dags/sodai_pipeline_dag.py took 0.103 seconds
[2025-11-18T18:22:34.837+0000] {processor.py:161} INFO - Started process (PID=3277) to work on /opt/airflow/dags/sodai_pipeline_dag.py
[2025-11-18T18:22:34.841+0000] {processor.py:830} INFO - Processing file /opt/airflow/dags/sodai_pipeline_dag.py for tasks to queue
[2025-11-18T18:22:34.844+0000] {logging_mixin.py:188} INFO - [2025-11-18T18:22:34.844+0000] {dagbag.py:540} INFO - Filling up the DagBag from /opt/airflow/dags/sodai_pipeline_dag.py
[2025-11-18T18:22:34.889+0000] {processor.py:840} INFO - DAG(s) 'sodai_training_and_scoring' retrieved from /opt/airflow/dags/sodai_pipeline_dag.py
[2025-11-18T18:22:34.914+0000] {logging_mixin.py:188} INFO - [2025-11-18T18:22:34.914+0000] {dag.py:3096} INFO - Sync 1 DAGs
[2025-11-18T18:22:34.928+0000] {logging_mixin.py:188} INFO - [2025-11-18T18:22:34.928+0000] {dag.py:3954} INFO - Setting next_dagrun for sodai_training_and_scoring to None, run_after=None
[2025-11-18T18:22:34.949+0000] {processor.py:183} INFO - Processing /opt/airflow/dags/sodai_pipeline_dag.py took 0.117 seconds
[2025-11-18T18:23:05.222+0000] {processor.py:161} INFO - Started process (PID=3287) to work on /opt/airflow/dags/sodai_pipeline_dag.py
[2025-11-18T18:23:05.222+0000] {processor.py:830} INFO - Processing file /opt/airflow/dags/sodai_pipeline_dag.py for tasks to queue
[2025-11-18T18:23:05.224+0000] {logging_mixin.py:188} INFO - [2025-11-18T18:23:05.224+0000] {dagbag.py:540} INFO - Filling up the DagBag from /opt/airflow/dags/sodai_pipeline_dag.py
[2025-11-18T18:23:05.238+0000] {processor.py:840} INFO - DAG(s) 'sodai_training_and_scoring' retrieved from /opt/airflow/dags/sodai_pipeline_dag.py
[2025-11-18T18:23:05.258+0000] {logging_mixin.py:188} INFO - [2025-11-18T18:23:05.258+0000] {dag.py:3096} INFO - Sync 1 DAGs
[2025-11-18T18:23:05.268+0000] {logging_mixin.py:188} INFO - [2025-11-18T18:23:05.268+0000] {dag.py:3954} INFO - Setting next_dagrun for sodai_training_and_scoring to None, run_after=None
[2025-11-18T18:23:05.281+0000] {processor.py:183} INFO - Processing /opt/airflow/dags/sodai_pipeline_dag.py took 0.064 seconds
[2025-11-18T18:23:36.013+0000] {processor.py:161} INFO - Started process (PID=3297) to work on /opt/airflow/dags/sodai_pipeline_dag.py
[2025-11-18T18:23:36.014+0000] {processor.py:830} INFO - Processing file /opt/airflow/dags/sodai_pipeline_dag.py for tasks to queue
[2025-11-18T18:23:36.016+0000] {logging_mixin.py:188} INFO - [2025-11-18T18:23:36.016+0000] {dagbag.py:540} INFO - Filling up the DagBag from /opt/airflow/dags/sodai_pipeline_dag.py
[2025-11-18T18:23:36.056+0000] {processor.py:840} INFO - DAG(s) 'sodai_training_and_scoring' retrieved from /opt/airflow/dags/sodai_pipeline_dag.py
[2025-11-18T18:23:36.079+0000] {logging_mixin.py:188} INFO - [2025-11-18T18:23:36.079+0000] {dag.py:3096} INFO - Sync 1 DAGs
[2025-11-18T18:23:36.090+0000] {logging_mixin.py:188} INFO - [2025-11-18T18:23:36.089+0000] {dag.py:3954} INFO - Setting next_dagrun for sodai_training_and_scoring to None, run_after=None
[2025-11-18T18:23:36.113+0000] {processor.py:183} INFO - Processing /opt/airflow/dags/sodai_pipeline_dag.py took 0.106 seconds
[2025-11-18T18:24:06.622+0000] {processor.py:161} INFO - Started process (PID=3307) to work on /opt/airflow/dags/sodai_pipeline_dag.py
[2025-11-18T18:24:06.624+0000] {processor.py:830} INFO - Processing file /opt/airflow/dags/sodai_pipeline_dag.py for tasks to queue
[2025-11-18T18:24:06.625+0000] {logging_mixin.py:188} INFO - [2025-11-18T18:24:06.625+0000] {dagbag.py:540} INFO - Filling up the DagBag from /opt/airflow/dags/sodai_pipeline_dag.py
[2025-11-18T18:24:06.648+0000] {processor.py:840} INFO - DAG(s) 'sodai_training_and_scoring' retrieved from /opt/airflow/dags/sodai_pipeline_dag.py
[2025-11-18T18:24:06.675+0000] {logging_mixin.py:188} INFO - [2025-11-18T18:24:06.675+0000] {dag.py:3096} INFO - Sync 1 DAGs
[2025-11-18T18:24:06.686+0000] {logging_mixin.py:188} INFO - [2025-11-18T18:24:06.685+0000] {dag.py:3954} INFO - Setting next_dagrun for sodai_training_and_scoring to None, run_after=None
[2025-11-18T18:24:06.699+0000] {processor.py:183} INFO - Processing /opt/airflow/dags/sodai_pipeline_dag.py took 0.082 seconds
[2025-11-18T18:24:37.447+0000] {processor.py:161} INFO - Started process (PID=3317) to work on /opt/airflow/dags/sodai_pipeline_dag.py
[2025-11-18T18:24:37.448+0000] {processor.py:830} INFO - Processing file /opt/airflow/dags/sodai_pipeline_dag.py for tasks to queue
[2025-11-18T18:24:37.449+0000] {logging_mixin.py:188} INFO - [2025-11-18T18:24:37.449+0000] {dagbag.py:540} INFO - Filling up the DagBag from /opt/airflow/dags/sodai_pipeline_dag.py
[2025-11-18T18:24:37.463+0000] {processor.py:840} INFO - DAG(s) 'sodai_training_and_scoring' retrieved from /opt/airflow/dags/sodai_pipeline_dag.py
[2025-11-18T18:24:37.483+0000] {logging_mixin.py:188} INFO - [2025-11-18T18:24:37.483+0000] {dag.py:3096} INFO - Sync 1 DAGs
[2025-11-18T18:24:37.492+0000] {logging_mixin.py:188} INFO - [2025-11-18T18:24:37.492+0000] {dag.py:3954} INFO - Setting next_dagrun for sodai_training_and_scoring to None, run_after=None
[2025-11-18T18:24:37.504+0000] {processor.py:183} INFO - Processing /opt/airflow/dags/sodai_pipeline_dag.py took 0.062 seconds
[2025-11-18T18:25:08.245+0000] {processor.py:161} INFO - Started process (PID=3327) to work on /opt/airflow/dags/sodai_pipeline_dag.py
[2025-11-18T18:25:08.246+0000] {processor.py:830} INFO - Processing file /opt/airflow/dags/sodai_pipeline_dag.py for tasks to queue
[2025-11-18T18:25:08.248+0000] {logging_mixin.py:188} INFO - [2025-11-18T18:25:08.248+0000] {dagbag.py:540} INFO - Filling up the DagBag from /opt/airflow/dags/sodai_pipeline_dag.py
[2025-11-18T18:25:08.267+0000] {processor.py:840} INFO - DAG(s) 'sodai_training_and_scoring' retrieved from /opt/airflow/dags/sodai_pipeline_dag.py
[2025-11-18T18:25:08.288+0000] {logging_mixin.py:188} INFO - [2025-11-18T18:25:08.288+0000] {dag.py:3096} INFO - Sync 1 DAGs
[2025-11-18T18:25:08.297+0000] {logging_mixin.py:188} INFO - [2025-11-18T18:25:08.297+0000] {dag.py:3954} INFO - Setting next_dagrun for sodai_training_and_scoring to None, run_after=None
[2025-11-18T18:25:08.312+0000] {processor.py:183} INFO - Processing /opt/airflow/dags/sodai_pipeline_dag.py took 0.072 seconds
[2025-11-18T18:25:39.074+0000] {processor.py:161} INFO - Started process (PID=3337) to work on /opt/airflow/dags/sodai_pipeline_dag.py
[2025-11-18T18:25:39.075+0000] {processor.py:830} INFO - Processing file /opt/airflow/dags/sodai_pipeline_dag.py for tasks to queue
[2025-11-18T18:25:39.077+0000] {logging_mixin.py:188} INFO - [2025-11-18T18:25:39.077+0000] {dagbag.py:540} INFO - Filling up the DagBag from /opt/airflow/dags/sodai_pipeline_dag.py
[2025-11-18T18:25:39.091+0000] {processor.py:840} INFO - DAG(s) 'sodai_training_and_scoring' retrieved from /opt/airflow/dags/sodai_pipeline_dag.py
[2025-11-18T18:25:39.112+0000] {logging_mixin.py:188} INFO - [2025-11-18T18:25:39.112+0000] {dag.py:3096} INFO - Sync 1 DAGs
[2025-11-18T18:25:39.121+0000] {logging_mixin.py:188} INFO - [2025-11-18T18:25:39.121+0000] {dag.py:3954} INFO - Setting next_dagrun for sodai_training_and_scoring to None, run_after=None
[2025-11-18T18:25:39.133+0000] {processor.py:183} INFO - Processing /opt/airflow/dags/sodai_pipeline_dag.py took 0.064 seconds
[2025-11-18T18:26:09.717+0000] {processor.py:161} INFO - Started process (PID=3347) to work on /opt/airflow/dags/sodai_pipeline_dag.py
[2025-11-18T18:26:09.717+0000] {processor.py:830} INFO - Processing file /opt/airflow/dags/sodai_pipeline_dag.py for tasks to queue
[2025-11-18T18:26:09.722+0000] {logging_mixin.py:188} INFO - [2025-11-18T18:26:09.721+0000] {dagbag.py:540} INFO - Filling up the DagBag from /opt/airflow/dags/sodai_pipeline_dag.py
[2025-11-18T18:26:09.740+0000] {processor.py:840} INFO - DAG(s) 'sodai_training_and_scoring' retrieved from /opt/airflow/dags/sodai_pipeline_dag.py
[2025-11-18T18:26:09.758+0000] {logging_mixin.py:188} INFO - [2025-11-18T18:26:09.758+0000] {dag.py:3096} INFO - Sync 1 DAGs
[2025-11-18T18:26:09.767+0000] {logging_mixin.py:188} INFO - [2025-11-18T18:26:09.767+0000] {dag.py:3954} INFO - Setting next_dagrun for sodai_training_and_scoring to None, run_after=None
[2025-11-18T18:26:09.781+0000] {processor.py:183} INFO - Processing /opt/airflow/dags/sodai_pipeline_dag.py took 0.069 seconds
[2025-11-18T18:26:40.374+0000] {processor.py:161} INFO - Started process (PID=3357) to work on /opt/airflow/dags/sodai_pipeline_dag.py
[2025-11-18T18:26:40.375+0000] {processor.py:830} INFO - Processing file /opt/airflow/dags/sodai_pipeline_dag.py for tasks to queue
[2025-11-18T18:26:40.376+0000] {logging_mixin.py:188} INFO - [2025-11-18T18:26:40.376+0000] {dagbag.py:540} INFO - Filling up the DagBag from /opt/airflow/dags/sodai_pipeline_dag.py
[2025-11-18T18:26:40.391+0000] {processor.py:840} INFO - DAG(s) 'sodai_training_and_scoring' retrieved from /opt/airflow/dags/sodai_pipeline_dag.py
[2025-11-18T18:26:40.410+0000] {logging_mixin.py:188} INFO - [2025-11-18T18:26:40.410+0000] {dag.py:3096} INFO - Sync 1 DAGs
[2025-11-18T18:26:40.419+0000] {logging_mixin.py:188} INFO - [2025-11-18T18:26:40.419+0000] {dag.py:3954} INFO - Setting next_dagrun for sodai_training_and_scoring to None, run_after=None
[2025-11-18T18:26:40.431+0000] {processor.py:183} INFO - Processing /opt/airflow/dags/sodai_pipeline_dag.py took 0.062 seconds
[2025-11-18T18:27:11.231+0000] {processor.py:161} INFO - Started process (PID=3367) to work on /opt/airflow/dags/sodai_pipeline_dag.py
[2025-11-18T18:27:11.232+0000] {processor.py:830} INFO - Processing file /opt/airflow/dags/sodai_pipeline_dag.py for tasks to queue
[2025-11-18T18:27:11.234+0000] {logging_mixin.py:188} INFO - [2025-11-18T18:27:11.234+0000] {dagbag.py:540} INFO - Filling up the DagBag from /opt/airflow/dags/sodai_pipeline_dag.py
[2025-11-18T18:27:11.249+0000] {processor.py:840} INFO - DAG(s) 'sodai_training_and_scoring' retrieved from /opt/airflow/dags/sodai_pipeline_dag.py
[2025-11-18T18:27:11.270+0000] {logging_mixin.py:188} INFO - [2025-11-18T18:27:11.270+0000] {dag.py:3096} INFO - Sync 1 DAGs
[2025-11-18T18:27:11.279+0000] {logging_mixin.py:188} INFO - [2025-11-18T18:27:11.279+0000] {dag.py:3954} INFO - Setting next_dagrun for sodai_training_and_scoring to None, run_after=None
[2025-11-18T18:27:11.294+0000] {processor.py:183} INFO - Processing /opt/airflow/dags/sodai_pipeline_dag.py took 0.067 seconds
[2025-11-18T18:27:42.022+0000] {processor.py:161} INFO - Started process (PID=3377) to work on /opt/airflow/dags/sodai_pipeline_dag.py
[2025-11-18T18:27:42.023+0000] {processor.py:830} INFO - Processing file /opt/airflow/dags/sodai_pipeline_dag.py for tasks to queue
[2025-11-18T18:27:42.027+0000] {logging_mixin.py:188} INFO - [2025-11-18T18:27:42.027+0000] {dagbag.py:540} INFO - Filling up the DagBag from /opt/airflow/dags/sodai_pipeline_dag.py
[2025-11-18T18:27:42.049+0000] {processor.py:840} INFO - DAG(s) 'sodai_training_and_scoring' retrieved from /opt/airflow/dags/sodai_pipeline_dag.py
[2025-11-18T18:27:42.068+0000] {logging_mixin.py:188} INFO - [2025-11-18T18:27:42.068+0000] {dag.py:3096} INFO - Sync 1 DAGs
[2025-11-18T18:27:42.077+0000] {logging_mixin.py:188} INFO - [2025-11-18T18:27:42.077+0000] {dag.py:3954} INFO - Setting next_dagrun for sodai_training_and_scoring to None, run_after=None
[2025-11-18T18:27:42.091+0000] {processor.py:183} INFO - Processing /opt/airflow/dags/sodai_pipeline_dag.py took 0.073 seconds
[2025-11-18T18:28:12.791+0000] {processor.py:161} INFO - Started process (PID=3387) to work on /opt/airflow/dags/sodai_pipeline_dag.py
[2025-11-18T18:28:12.792+0000] {processor.py:830} INFO - Processing file /opt/airflow/dags/sodai_pipeline_dag.py for tasks to queue
[2025-11-18T18:28:12.793+0000] {logging_mixin.py:188} INFO - [2025-11-18T18:28:12.793+0000] {dagbag.py:540} INFO - Filling up the DagBag from /opt/airflow/dags/sodai_pipeline_dag.py
[2025-11-18T18:28:12.812+0000] {processor.py:840} INFO - DAG(s) 'sodai_training_and_scoring' retrieved from /opt/airflow/dags/sodai_pipeline_dag.py
[2025-11-18T18:28:12.832+0000] {logging_mixin.py:188} INFO - [2025-11-18T18:28:12.831+0000] {dag.py:3096} INFO - Sync 1 DAGs
[2025-11-18T18:28:12.842+0000] {logging_mixin.py:188} INFO - [2025-11-18T18:28:12.842+0000] {dag.py:3954} INFO - Setting next_dagrun for sodai_training_and_scoring to None, run_after=None
[2025-11-18T18:28:12.855+0000] {processor.py:183} INFO - Processing /opt/airflow/dags/sodai_pipeline_dag.py took 0.069 seconds
[2025-11-18T18:28:43.554+0000] {processor.py:161} INFO - Started process (PID=3397) to work on /opt/airflow/dags/sodai_pipeline_dag.py
[2025-11-18T18:28:43.554+0000] {processor.py:830} INFO - Processing file /opt/airflow/dags/sodai_pipeline_dag.py for tasks to queue
[2025-11-18T18:28:43.556+0000] {logging_mixin.py:188} INFO - [2025-11-18T18:28:43.556+0000] {dagbag.py:540} INFO - Filling up the DagBag from /opt/airflow/dags/sodai_pipeline_dag.py
[2025-11-18T18:28:43.569+0000] {processor.py:840} INFO - DAG(s) 'sodai_training_and_scoring' retrieved from /opt/airflow/dags/sodai_pipeline_dag.py
[2025-11-18T18:28:43.589+0000] {logging_mixin.py:188} INFO - [2025-11-18T18:28:43.589+0000] {dag.py:3096} INFO - Sync 1 DAGs
[2025-11-18T18:28:43.599+0000] {logging_mixin.py:188} INFO - [2025-11-18T18:28:43.598+0000] {dag.py:3954} INFO - Setting next_dagrun for sodai_training_and_scoring to None, run_after=None
[2025-11-18T18:28:43.612+0000] {processor.py:183} INFO - Processing /opt/airflow/dags/sodai_pipeline_dag.py took 0.066 seconds
[2025-11-18T18:29:14.315+0000] {processor.py:161} INFO - Started process (PID=3407) to work on /opt/airflow/dags/sodai_pipeline_dag.py
[2025-11-18T18:29:14.315+0000] {processor.py:830} INFO - Processing file /opt/airflow/dags/sodai_pipeline_dag.py for tasks to queue
[2025-11-18T18:29:14.318+0000] {logging_mixin.py:188} INFO - [2025-11-18T18:29:14.317+0000] {dagbag.py:540} INFO - Filling up the DagBag from /opt/airflow/dags/sodai_pipeline_dag.py
[2025-11-18T18:29:14.343+0000] {processor.py:840} INFO - DAG(s) 'sodai_training_and_scoring' retrieved from /opt/airflow/dags/sodai_pipeline_dag.py
[2025-11-18T18:29:14.367+0000] {logging_mixin.py:188} INFO - [2025-11-18T18:29:14.367+0000] {dag.py:3096} INFO - Sync 1 DAGs
[2025-11-18T18:29:14.376+0000] {logging_mixin.py:188} INFO - [2025-11-18T18:29:14.376+0000] {dag.py:3954} INFO - Setting next_dagrun for sodai_training_and_scoring to None, run_after=None
[2025-11-18T18:29:14.392+0000] {processor.py:183} INFO - Processing /opt/airflow/dags/sodai_pipeline_dag.py took 0.088 seconds
[2025-11-18T18:29:44.820+0000] {processor.py:161} INFO - Started process (PID=3417) to work on /opt/airflow/dags/sodai_pipeline_dag.py
[2025-11-18T18:29:44.821+0000] {processor.py:830} INFO - Processing file /opt/airflow/dags/sodai_pipeline_dag.py for tasks to queue
[2025-11-18T18:29:44.827+0000] {logging_mixin.py:188} INFO - [2025-11-18T18:29:44.827+0000] {dagbag.py:540} INFO - Filling up the DagBag from /opt/airflow/dags/sodai_pipeline_dag.py
[2025-11-18T18:29:44.855+0000] {processor.py:840} INFO - DAG(s) 'sodai_training_and_scoring' retrieved from /opt/airflow/dags/sodai_pipeline_dag.py
[2025-11-18T18:29:44.881+0000] {logging_mixin.py:188} INFO - [2025-11-18T18:29:44.881+0000] {dag.py:3096} INFO - Sync 1 DAGs
[2025-11-18T18:29:44.896+0000] {logging_mixin.py:188} INFO - [2025-11-18T18:29:44.896+0000] {dag.py:3954} INFO - Setting next_dagrun for sodai_training_and_scoring to None, run_after=None
[2025-11-18T18:29:44.912+0000] {processor.py:183} INFO - Processing /opt/airflow/dags/sodai_pipeline_dag.py took 0.099 seconds
[2025-11-18T18:30:15.615+0000] {processor.py:161} INFO - Started process (PID=3427) to work on /opt/airflow/dags/sodai_pipeline_dag.py
[2025-11-18T18:30:15.620+0000] {processor.py:830} INFO - Processing file /opt/airflow/dags/sodai_pipeline_dag.py for tasks to queue
[2025-11-18T18:30:15.628+0000] {logging_mixin.py:188} INFO - [2025-11-18T18:30:15.628+0000] {dagbag.py:540} INFO - Filling up the DagBag from /opt/airflow/dags/sodai_pipeline_dag.py
[2025-11-18T18:30:15.663+0000] {processor.py:840} INFO - DAG(s) 'sodai_training_and_scoring' retrieved from /opt/airflow/dags/sodai_pipeline_dag.py
[2025-11-18T18:30:15.685+0000] {logging_mixin.py:188} INFO - [2025-11-18T18:30:15.685+0000] {dag.py:3096} INFO - Sync 1 DAGs
[2025-11-18T18:30:15.699+0000] {logging_mixin.py:188} INFO - [2025-11-18T18:30:15.698+0000] {dag.py:3954} INFO - Setting next_dagrun for sodai_training_and_scoring to None, run_after=None
[2025-11-18T18:30:15.713+0000] {processor.py:183} INFO - Processing /opt/airflow/dags/sodai_pipeline_dag.py took 0.107 seconds
[2025-11-18T18:30:46.226+0000] {processor.py:161} INFO - Started process (PID=3437) to work on /opt/airflow/dags/sodai_pipeline_dag.py
[2025-11-18T18:30:46.227+0000] {processor.py:830} INFO - Processing file /opt/airflow/dags/sodai_pipeline_dag.py for tasks to queue
[2025-11-18T18:30:46.228+0000] {logging_mixin.py:188} INFO - [2025-11-18T18:30:46.228+0000] {dagbag.py:540} INFO - Filling up the DagBag from /opt/airflow/dags/sodai_pipeline_dag.py
[2025-11-18T18:30:46.241+0000] {processor.py:840} INFO - DAG(s) 'sodai_training_and_scoring' retrieved from /opt/airflow/dags/sodai_pipeline_dag.py
[2025-11-18T18:30:46.261+0000] {logging_mixin.py:188} INFO - [2025-11-18T18:30:46.261+0000] {dag.py:3096} INFO - Sync 1 DAGs
[2025-11-18T18:30:46.272+0000] {logging_mixin.py:188} INFO - [2025-11-18T18:30:46.272+0000] {dag.py:3954} INFO - Setting next_dagrun for sodai_training_and_scoring to None, run_after=None
[2025-11-18T18:30:46.289+0000] {processor.py:183} INFO - Processing /opt/airflow/dags/sodai_pipeline_dag.py took 0.067 seconds
[2025-11-18T18:31:16.863+0000] {processor.py:161} INFO - Started process (PID=3447) to work on /opt/airflow/dags/sodai_pipeline_dag.py
[2025-11-18T18:31:16.864+0000] {processor.py:830} INFO - Processing file /opt/airflow/dags/sodai_pipeline_dag.py for tasks to queue
[2025-11-18T18:31:16.866+0000] {logging_mixin.py:188} INFO - [2025-11-18T18:31:16.866+0000] {dagbag.py:540} INFO - Filling up the DagBag from /opt/airflow/dags/sodai_pipeline_dag.py
[2025-11-18T18:31:16.882+0000] {processor.py:840} INFO - DAG(s) 'sodai_training_and_scoring' retrieved from /opt/airflow/dags/sodai_pipeline_dag.py
[2025-11-18T18:31:16.910+0000] {logging_mixin.py:188} INFO - [2025-11-18T18:31:16.910+0000] {dag.py:3096} INFO - Sync 1 DAGs
[2025-11-18T18:31:16.920+0000] {logging_mixin.py:188} INFO - [2025-11-18T18:31:16.920+0000] {dag.py:3954} INFO - Setting next_dagrun for sodai_training_and_scoring to None, run_after=None
[2025-11-18T18:31:16.935+0000] {processor.py:183} INFO - Processing /opt/airflow/dags/sodai_pipeline_dag.py took 0.076 seconds
[2025-11-18T18:31:47.460+0000] {processor.py:161} INFO - Started process (PID=3457) to work on /opt/airflow/dags/sodai_pipeline_dag.py
[2025-11-18T18:31:47.461+0000] {processor.py:830} INFO - Processing file /opt/airflow/dags/sodai_pipeline_dag.py for tasks to queue
[2025-11-18T18:31:47.462+0000] {logging_mixin.py:188} INFO - [2025-11-18T18:31:47.462+0000] {dagbag.py:540} INFO - Filling up the DagBag from /opt/airflow/dags/sodai_pipeline_dag.py
[2025-11-18T18:31:47.480+0000] {processor.py:840} INFO - DAG(s) 'sodai_training_and_scoring' retrieved from /opt/airflow/dags/sodai_pipeline_dag.py
[2025-11-18T18:31:47.503+0000] {logging_mixin.py:188} INFO - [2025-11-18T18:31:47.503+0000] {dag.py:3096} INFO - Sync 1 DAGs
[2025-11-18T18:31:47.513+0000] {logging_mixin.py:188} INFO - [2025-11-18T18:31:47.513+0000] {dag.py:3954} INFO - Setting next_dagrun for sodai_training_and_scoring to None, run_after=None
[2025-11-18T18:31:47.528+0000] {processor.py:183} INFO - Processing /opt/airflow/dags/sodai_pipeline_dag.py took 0.073 seconds
[2025-11-18T18:32:18.168+0000] {processor.py:161} INFO - Started process (PID=3467) to work on /opt/airflow/dags/sodai_pipeline_dag.py
[2025-11-18T18:32:18.169+0000] {processor.py:830} INFO - Processing file /opt/airflow/dags/sodai_pipeline_dag.py for tasks to queue
[2025-11-18T18:32:18.171+0000] {logging_mixin.py:188} INFO - [2025-11-18T18:32:18.171+0000] {dagbag.py:540} INFO - Filling up the DagBag from /opt/airflow/dags/sodai_pipeline_dag.py
[2025-11-18T18:32:18.183+0000] {processor.py:840} INFO - DAG(s) 'sodai_training_and_scoring' retrieved from /opt/airflow/dags/sodai_pipeline_dag.py
[2025-11-18T18:32:18.204+0000] {logging_mixin.py:188} INFO - [2025-11-18T18:32:18.203+0000] {dag.py:3096} INFO - Sync 1 DAGs
[2025-11-18T18:32:18.214+0000] {logging_mixin.py:188} INFO - [2025-11-18T18:32:18.214+0000] {dag.py:3954} INFO - Setting next_dagrun for sodai_training_and_scoring to None, run_after=None
[2025-11-18T18:32:18.230+0000] {processor.py:183} INFO - Processing /opt/airflow/dags/sodai_pipeline_dag.py took 0.067 seconds
[2025-11-18T18:32:48.655+0000] {processor.py:161} INFO - Started process (PID=3477) to work on /opt/airflow/dags/sodai_pipeline_dag.py
[2025-11-18T18:32:48.656+0000] {processor.py:830} INFO - Processing file /opt/airflow/dags/sodai_pipeline_dag.py for tasks to queue
[2025-11-18T18:32:48.657+0000] {logging_mixin.py:188} INFO - [2025-11-18T18:32:48.657+0000] {dagbag.py:540} INFO - Filling up the DagBag from /opt/airflow/dags/sodai_pipeline_dag.py
[2025-11-18T18:32:48.670+0000] {processor.py:840} INFO - DAG(s) 'sodai_training_and_scoring' retrieved from /opt/airflow/dags/sodai_pipeline_dag.py
[2025-11-18T18:32:48.690+0000] {logging_mixin.py:188} INFO - [2025-11-18T18:32:48.690+0000] {dag.py:3096} INFO - Sync 1 DAGs
[2025-11-18T18:32:48.705+0000] {logging_mixin.py:188} INFO - [2025-11-18T18:32:48.705+0000] {dag.py:3954} INFO - Setting next_dagrun for sodai_training_and_scoring to None, run_after=None
[2025-11-18T18:32:48.728+0000] {processor.py:183} INFO - Processing /opt/airflow/dags/sodai_pipeline_dag.py took 0.077 seconds
[2025-11-18T18:33:19.377+0000] {processor.py:161} INFO - Started process (PID=3487) to work on /opt/airflow/dags/sodai_pipeline_dag.py
[2025-11-18T18:33:19.377+0000] {processor.py:830} INFO - Processing file /opt/airflow/dags/sodai_pipeline_dag.py for tasks to queue
[2025-11-18T18:33:19.379+0000] {logging_mixin.py:188} INFO - [2025-11-18T18:33:19.379+0000] {dagbag.py:540} INFO - Filling up the DagBag from /opt/airflow/dags/sodai_pipeline_dag.py
[2025-11-18T18:33:19.390+0000] {processor.py:840} INFO - DAG(s) 'sodai_training_and_scoring' retrieved from /opt/airflow/dags/sodai_pipeline_dag.py
[2025-11-18T18:33:19.409+0000] {logging_mixin.py:188} INFO - [2025-11-18T18:33:19.409+0000] {dag.py:3096} INFO - Sync 1 DAGs
[2025-11-18T18:33:19.420+0000] {logging_mixin.py:188} INFO - [2025-11-18T18:33:19.419+0000] {dag.py:3954} INFO - Setting next_dagrun for sodai_training_and_scoring to None, run_after=None
[2025-11-18T18:33:19.432+0000] {processor.py:183} INFO - Processing /opt/airflow/dags/sodai_pipeline_dag.py took 0.060 seconds
[2025-11-18T18:33:50.185+0000] {processor.py:161} INFO - Started process (PID=3497) to work on /opt/airflow/dags/sodai_pipeline_dag.py
[2025-11-18T18:33:50.187+0000] {processor.py:830} INFO - Processing file /opt/airflow/dags/sodai_pipeline_dag.py for tasks to queue
[2025-11-18T18:33:50.188+0000] {logging_mixin.py:188} INFO - [2025-11-18T18:33:50.188+0000] {dagbag.py:540} INFO - Filling up the DagBag from /opt/airflow/dags/sodai_pipeline_dag.py
[2025-11-18T18:33:50.216+0000] {processor.py:840} INFO - DAG(s) 'sodai_training_and_scoring' retrieved from /opt/airflow/dags/sodai_pipeline_dag.py
[2025-11-18T18:33:50.237+0000] {logging_mixin.py:188} INFO - [2025-11-18T18:33:50.237+0000] {dag.py:3096} INFO - Sync 1 DAGs
[2025-11-18T18:33:50.248+0000] {logging_mixin.py:188} INFO - [2025-11-18T18:33:50.248+0000] {dag.py:3954} INFO - Setting next_dagrun for sodai_training_and_scoring to None, run_after=None
[2025-11-18T18:33:50.262+0000] {processor.py:183} INFO - Processing /opt/airflow/dags/sodai_pipeline_dag.py took 0.081 seconds
[2025-11-18T18:34:21.003+0000] {processor.py:161} INFO - Started process (PID=3507) to work on /opt/airflow/dags/sodai_pipeline_dag.py
[2025-11-18T18:34:21.005+0000] {processor.py:830} INFO - Processing file /opt/airflow/dags/sodai_pipeline_dag.py for tasks to queue
[2025-11-18T18:34:21.006+0000] {logging_mixin.py:188} INFO - [2025-11-18T18:34:21.006+0000] {dagbag.py:540} INFO - Filling up the DagBag from /opt/airflow/dags/sodai_pipeline_dag.py
[2025-11-18T18:34:21.037+0000] {processor.py:840} INFO - DAG(s) 'sodai_training_and_scoring' retrieved from /opt/airflow/dags/sodai_pipeline_dag.py
[2025-11-18T18:34:21.058+0000] {logging_mixin.py:188} INFO - [2025-11-18T18:34:21.058+0000] {dag.py:3096} INFO - Sync 1 DAGs
[2025-11-18T18:34:21.069+0000] {logging_mixin.py:188} INFO - [2025-11-18T18:34:21.069+0000] {dag.py:3954} INFO - Setting next_dagrun for sodai_training_and_scoring to None, run_after=None
[2025-11-18T18:34:21.087+0000] {processor.py:183} INFO - Processing /opt/airflow/dags/sodai_pipeline_dag.py took 0.089 seconds
[2025-11-18T18:34:51.713+0000] {processor.py:161} INFO - Started process (PID=3517) to work on /opt/airflow/dags/sodai_pipeline_dag.py
[2025-11-18T18:34:51.714+0000] {processor.py:830} INFO - Processing file /opt/airflow/dags/sodai_pipeline_dag.py for tasks to queue
[2025-11-18T18:34:51.716+0000] {logging_mixin.py:188} INFO - [2025-11-18T18:34:51.715+0000] {dagbag.py:540} INFO - Filling up the DagBag from /opt/airflow/dags/sodai_pipeline_dag.py
[2025-11-18T18:34:51.730+0000] {processor.py:840} INFO - DAG(s) 'sodai_training_and_scoring' retrieved from /opt/airflow/dags/sodai_pipeline_dag.py
[2025-11-18T18:34:51.748+0000] {logging_mixin.py:188} INFO - [2025-11-18T18:34:51.748+0000] {dag.py:3096} INFO - Sync 1 DAGs
[2025-11-18T18:34:51.759+0000] {logging_mixin.py:188} INFO - [2025-11-18T18:34:51.759+0000] {dag.py:3954} INFO - Setting next_dagrun for sodai_training_and_scoring to None, run_after=None
[2025-11-18T18:34:51.771+0000] {processor.py:183} INFO - Processing /opt/airflow/dags/sodai_pipeline_dag.py took 0.062 seconds
[2025-11-18T18:35:22.247+0000] {processor.py:161} INFO - Started process (PID=3527) to work on /opt/airflow/dags/sodai_pipeline_dag.py
[2025-11-18T18:35:22.249+0000] {processor.py:830} INFO - Processing file /opt/airflow/dags/sodai_pipeline_dag.py for tasks to queue
[2025-11-18T18:35:22.251+0000] {logging_mixin.py:188} INFO - [2025-11-18T18:35:22.251+0000] {dagbag.py:540} INFO - Filling up the DagBag from /opt/airflow/dags/sodai_pipeline_dag.py
[2025-11-18T18:35:22.287+0000] {processor.py:840} INFO - DAG(s) 'sodai_training_and_scoring' retrieved from /opt/airflow/dags/sodai_pipeline_dag.py
[2025-11-18T18:35:22.311+0000] {logging_mixin.py:188} INFO - [2025-11-18T18:35:22.311+0000] {dag.py:3096} INFO - Sync 1 DAGs
[2025-11-18T18:35:22.323+0000] {logging_mixin.py:188} INFO - [2025-11-18T18:35:22.323+0000] {dag.py:3954} INFO - Setting next_dagrun for sodai_training_and_scoring to None, run_after=None
[2025-11-18T18:35:22.344+0000] {processor.py:183} INFO - Processing /opt/airflow/dags/sodai_pipeline_dag.py took 0.101 seconds
[2025-11-18T18:35:52.737+0000] {processor.py:161} INFO - Started process (PID=3537) to work on /opt/airflow/dags/sodai_pipeline_dag.py
[2025-11-18T18:35:52.738+0000] {processor.py:830} INFO - Processing file /opt/airflow/dags/sodai_pipeline_dag.py for tasks to queue
[2025-11-18T18:35:52.740+0000] {logging_mixin.py:188} INFO - [2025-11-18T18:35:52.739+0000] {dagbag.py:540} INFO - Filling up the DagBag from /opt/airflow/dags/sodai_pipeline_dag.py
[2025-11-18T18:35:52.756+0000] {processor.py:840} INFO - DAG(s) 'sodai_training_and_scoring' retrieved from /opt/airflow/dags/sodai_pipeline_dag.py
[2025-11-18T18:35:52.776+0000] {logging_mixin.py:188} INFO - [2025-11-18T18:35:52.776+0000] {dag.py:3096} INFO - Sync 1 DAGs
[2025-11-18T18:35:52.785+0000] {logging_mixin.py:188} INFO - [2025-11-18T18:35:52.785+0000] {dag.py:3954} INFO - Setting next_dagrun for sodai_training_and_scoring to None, run_after=None
[2025-11-18T18:35:52.798+0000] {processor.py:183} INFO - Processing /opt/airflow/dags/sodai_pipeline_dag.py took 0.066 seconds
[2025-11-18T18:36:23.673+0000] {processor.py:161} INFO - Started process (PID=3547) to work on /opt/airflow/dags/sodai_pipeline_dag.py
[2025-11-18T18:36:23.674+0000] {processor.py:830} INFO - Processing file /opt/airflow/dags/sodai_pipeline_dag.py for tasks to queue
[2025-11-18T18:36:23.675+0000] {logging_mixin.py:188} INFO - [2025-11-18T18:36:23.675+0000] {dagbag.py:540} INFO - Filling up the DagBag from /opt/airflow/dags/sodai_pipeline_dag.py
[2025-11-18T18:36:23.687+0000] {processor.py:840} INFO - DAG(s) 'sodai_training_and_scoring' retrieved from /opt/airflow/dags/sodai_pipeline_dag.py
[2025-11-18T18:36:23.709+0000] {logging_mixin.py:188} INFO - [2025-11-18T18:36:23.709+0000] {dag.py:3096} INFO - Sync 1 DAGs
[2025-11-18T18:36:23.718+0000] {logging_mixin.py:188} INFO - [2025-11-18T18:36:23.718+0000] {dag.py:3954} INFO - Setting next_dagrun for sodai_training_and_scoring to None, run_after=None
[2025-11-18T18:36:23.732+0000] {processor.py:183} INFO - Processing /opt/airflow/dags/sodai_pipeline_dag.py took 0.063 seconds
[2025-11-18T18:36:54.604+0000] {processor.py:161} INFO - Started process (PID=3557) to work on /opt/airflow/dags/sodai_pipeline_dag.py
[2025-11-18T18:36:54.606+0000] {processor.py:830} INFO - Processing file /opt/airflow/dags/sodai_pipeline_dag.py for tasks to queue
[2025-11-18T18:36:54.607+0000] {logging_mixin.py:188} INFO - [2025-11-18T18:36:54.607+0000] {dagbag.py:540} INFO - Filling up the DagBag from /opt/airflow/dags/sodai_pipeline_dag.py
[2025-11-18T18:36:54.626+0000] {processor.py:840} INFO - DAG(s) 'sodai_training_and_scoring' retrieved from /opt/airflow/dags/sodai_pipeline_dag.py
[2025-11-18T18:36:54.646+0000] {logging_mixin.py:188} INFO - [2025-11-18T18:36:54.646+0000] {dag.py:3096} INFO - Sync 1 DAGs
[2025-11-18T18:36:54.656+0000] {logging_mixin.py:188} INFO - [2025-11-18T18:36:54.656+0000] {dag.py:3954} INFO - Setting next_dagrun for sodai_training_and_scoring to None, run_after=None
[2025-11-18T18:36:54.670+0000] {processor.py:183} INFO - Processing /opt/airflow/dags/sodai_pipeline_dag.py took 0.070 seconds
[2025-11-18T18:37:25.447+0000] {processor.py:161} INFO - Started process (PID=3567) to work on /opt/airflow/dags/sodai_pipeline_dag.py
[2025-11-18T18:37:25.449+0000] {processor.py:830} INFO - Processing file /opt/airflow/dags/sodai_pipeline_dag.py for tasks to queue
[2025-11-18T18:37:25.451+0000] {logging_mixin.py:188} INFO - [2025-11-18T18:37:25.450+0000] {dagbag.py:540} INFO - Filling up the DagBag from /opt/airflow/dags/sodai_pipeline_dag.py
[2025-11-18T18:37:25.482+0000] {processor.py:840} INFO - DAG(s) 'sodai_training_and_scoring' retrieved from /opt/airflow/dags/sodai_pipeline_dag.py
[2025-11-18T18:37:25.509+0000] {logging_mixin.py:188} INFO - [2025-11-18T18:37:25.508+0000] {dag.py:3096} INFO - Sync 1 DAGs
[2025-11-18T18:37:25.519+0000] {logging_mixin.py:188} INFO - [2025-11-18T18:37:25.519+0000] {dag.py:3954} INFO - Setting next_dagrun for sodai_training_and_scoring to None, run_after=None
[2025-11-18T18:37:25.538+0000] {processor.py:183} INFO - Processing /opt/airflow/dags/sodai_pipeline_dag.py took 0.096 seconds
[2025-11-18T18:37:55.969+0000] {processor.py:161} INFO - Started process (PID=3577) to work on /opt/airflow/dags/sodai_pipeline_dag.py
[2025-11-18T18:37:55.970+0000] {processor.py:830} INFO - Processing file /opt/airflow/dags/sodai_pipeline_dag.py for tasks to queue
[2025-11-18T18:37:55.972+0000] {logging_mixin.py:188} INFO - [2025-11-18T18:37:55.971+0000] {dagbag.py:540} INFO - Filling up the DagBag from /opt/airflow/dags/sodai_pipeline_dag.py
[2025-11-18T18:37:55.985+0000] {processor.py:840} INFO - DAG(s) 'sodai_training_and_scoring' retrieved from /opt/airflow/dags/sodai_pipeline_dag.py
[2025-11-18T18:37:56.005+0000] {logging_mixin.py:188} INFO - [2025-11-18T18:37:56.005+0000] {dag.py:3096} INFO - Sync 1 DAGs
[2025-11-18T18:37:56.014+0000] {logging_mixin.py:188} INFO - [2025-11-18T18:37:56.014+0000] {dag.py:3954} INFO - Setting next_dagrun for sodai_training_and_scoring to None, run_after=None
[2025-11-18T18:37:56.032+0000] {processor.py:183} INFO - Processing /opt/airflow/dags/sodai_pipeline_dag.py took 0.067 seconds
[2025-11-18T18:38:26.588+0000] {processor.py:161} INFO - Started process (PID=3587) to work on /opt/airflow/dags/sodai_pipeline_dag.py
[2025-11-18T18:38:26.589+0000] {processor.py:830} INFO - Processing file /opt/airflow/dags/sodai_pipeline_dag.py for tasks to queue
[2025-11-18T18:38:26.591+0000] {logging_mixin.py:188} INFO - [2025-11-18T18:38:26.590+0000] {dagbag.py:540} INFO - Filling up the DagBag from /opt/airflow/dags/sodai_pipeline_dag.py
[2025-11-18T18:38:26.604+0000] {processor.py:840} INFO - DAG(s) 'sodai_training_and_scoring' retrieved from /opt/airflow/dags/sodai_pipeline_dag.py
[2025-11-18T18:38:26.627+0000] {logging_mixin.py:188} INFO - [2025-11-18T18:38:26.626+0000] {dag.py:3096} INFO - Sync 1 DAGs
[2025-11-18T18:38:26.636+0000] {logging_mixin.py:188} INFO - [2025-11-18T18:38:26.636+0000] {dag.py:3954} INFO - Setting next_dagrun for sodai_training_and_scoring to None, run_after=None
[2025-11-18T18:38:26.650+0000] {processor.py:183} INFO - Processing /opt/airflow/dags/sodai_pipeline_dag.py took 0.067 seconds
[2025-11-18T18:38:57.223+0000] {processor.py:161} INFO - Started process (PID=3597) to work on /opt/airflow/dags/sodai_pipeline_dag.py
[2025-11-18T18:38:57.224+0000] {processor.py:830} INFO - Processing file /opt/airflow/dags/sodai_pipeline_dag.py for tasks to queue
[2025-11-18T18:38:57.225+0000] {logging_mixin.py:188} INFO - [2025-11-18T18:38:57.225+0000] {dagbag.py:540} INFO - Filling up the DagBag from /opt/airflow/dags/sodai_pipeline_dag.py
[2025-11-18T18:38:57.238+0000] {processor.py:840} INFO - DAG(s) 'sodai_training_and_scoring' retrieved from /opt/airflow/dags/sodai_pipeline_dag.py
[2025-11-18T18:38:57.260+0000] {logging_mixin.py:188} INFO - [2025-11-18T18:38:57.259+0000] {dag.py:3096} INFO - Sync 1 DAGs
[2025-11-18T18:38:57.271+0000] {logging_mixin.py:188} INFO - [2025-11-18T18:38:57.271+0000] {dag.py:3954} INFO - Setting next_dagrun for sodai_training_and_scoring to None, run_after=None
[2025-11-18T18:38:57.285+0000] {processor.py:183} INFO - Processing /opt/airflow/dags/sodai_pipeline_dag.py took 0.065 seconds
[2025-11-18T18:39:27.826+0000] {processor.py:161} INFO - Started process (PID=3607) to work on /opt/airflow/dags/sodai_pipeline_dag.py
[2025-11-18T18:39:27.827+0000] {processor.py:830} INFO - Processing file /opt/airflow/dags/sodai_pipeline_dag.py for tasks to queue
[2025-11-18T18:39:27.830+0000] {logging_mixin.py:188} INFO - [2025-11-18T18:39:27.829+0000] {dagbag.py:540} INFO - Filling up the DagBag from /opt/airflow/dags/sodai_pipeline_dag.py
[2025-11-18T18:39:27.865+0000] {processor.py:840} INFO - DAG(s) 'sodai_training_and_scoring' retrieved from /opt/airflow/dags/sodai_pipeline_dag.py
[2025-11-18T18:39:27.885+0000] {logging_mixin.py:188} INFO - [2025-11-18T18:39:27.885+0000] {dag.py:3096} INFO - Sync 1 DAGs
[2025-11-18T18:39:27.895+0000] {logging_mixin.py:188} INFO - [2025-11-18T18:39:27.895+0000] {dag.py:3954} INFO - Setting next_dagrun for sodai_training_and_scoring to None, run_after=None
[2025-11-18T18:39:27.912+0000] {processor.py:183} INFO - Processing /opt/airflow/dags/sodai_pipeline_dag.py took 0.090 seconds
[2025-11-18T18:39:58.638+0000] {processor.py:161} INFO - Started process (PID=3617) to work on /opt/airflow/dags/sodai_pipeline_dag.py
[2025-11-18T18:39:58.639+0000] {processor.py:830} INFO - Processing file /opt/airflow/dags/sodai_pipeline_dag.py for tasks to queue
[2025-11-18T18:39:58.641+0000] {logging_mixin.py:188} INFO - [2025-11-18T18:39:58.641+0000] {dagbag.py:540} INFO - Filling up the DagBag from /opt/airflow/dags/sodai_pipeline_dag.py
[2025-11-18T18:39:58.660+0000] {processor.py:840} INFO - DAG(s) 'sodai_training_and_scoring' retrieved from /opt/airflow/dags/sodai_pipeline_dag.py
[2025-11-18T18:39:58.681+0000] {logging_mixin.py:188} INFO - [2025-11-18T18:39:58.681+0000] {dag.py:3096} INFO - Sync 1 DAGs
[2025-11-18T18:39:58.692+0000] {logging_mixin.py:188} INFO - [2025-11-18T18:39:58.692+0000] {dag.py:3954} INFO - Setting next_dagrun for sodai_training_and_scoring to None, run_after=None
[2025-11-18T18:39:58.706+0000] {processor.py:183} INFO - Processing /opt/airflow/dags/sodai_pipeline_dag.py took 0.072 seconds
[2025-11-18T18:40:29.577+0000] {processor.py:161} INFO - Started process (PID=3627) to work on /opt/airflow/dags/sodai_pipeline_dag.py
[2025-11-18T18:40:29.578+0000] {processor.py:830} INFO - Processing file /opt/airflow/dags/sodai_pipeline_dag.py for tasks to queue
[2025-11-18T18:40:29.579+0000] {logging_mixin.py:188} INFO - [2025-11-18T18:40:29.579+0000] {dagbag.py:540} INFO - Filling up the DagBag from /opt/airflow/dags/sodai_pipeline_dag.py
[2025-11-18T18:40:29.592+0000] {processor.py:840} INFO - DAG(s) 'sodai_training_and_scoring' retrieved from /opt/airflow/dags/sodai_pipeline_dag.py
[2025-11-18T18:40:29.612+0000] {logging_mixin.py:188} INFO - [2025-11-18T18:40:29.612+0000] {dag.py:3096} INFO - Sync 1 DAGs
[2025-11-18T18:40:29.621+0000] {logging_mixin.py:188} INFO - [2025-11-18T18:40:29.621+0000] {dag.py:3954} INFO - Setting next_dagrun for sodai_training_and_scoring to None, run_after=None
[2025-11-18T18:40:29.632+0000] {processor.py:183} INFO - Processing /opt/airflow/dags/sodai_pipeline_dag.py took 0.059 seconds
[2025-11-18T18:41:00.446+0000] {processor.py:161} INFO - Started process (PID=3637) to work on /opt/airflow/dags/sodai_pipeline_dag.py
[2025-11-18T18:41:00.447+0000] {processor.py:830} INFO - Processing file /opt/airflow/dags/sodai_pipeline_dag.py for tasks to queue
[2025-11-18T18:41:00.448+0000] {logging_mixin.py:188} INFO - [2025-11-18T18:41:00.448+0000] {dagbag.py:540} INFO - Filling up the DagBag from /opt/airflow/dags/sodai_pipeline_dag.py
[2025-11-18T18:41:00.461+0000] {processor.py:840} INFO - DAG(s) 'sodai_training_and_scoring' retrieved from /opt/airflow/dags/sodai_pipeline_dag.py
[2025-11-18T18:41:00.480+0000] {logging_mixin.py:188} INFO - [2025-11-18T18:41:00.480+0000] {dag.py:3096} INFO - Sync 1 DAGs
[2025-11-18T18:41:00.489+0000] {logging_mixin.py:188} INFO - [2025-11-18T18:41:00.489+0000] {dag.py:3954} INFO - Setting next_dagrun for sodai_training_and_scoring to None, run_after=None
[2025-11-18T18:41:00.501+0000] {processor.py:183} INFO - Processing /opt/airflow/dags/sodai_pipeline_dag.py took 0.060 seconds
[2025-11-18T18:41:30.974+0000] {processor.py:161} INFO - Started process (PID=3647) to work on /opt/airflow/dags/sodai_pipeline_dag.py
[2025-11-18T18:41:30.975+0000] {processor.py:830} INFO - Processing file /opt/airflow/dags/sodai_pipeline_dag.py for tasks to queue
[2025-11-18T18:41:30.976+0000] {logging_mixin.py:188} INFO - [2025-11-18T18:41:30.976+0000] {dagbag.py:540} INFO - Filling up the DagBag from /opt/airflow/dags/sodai_pipeline_dag.py
[2025-11-18T18:41:30.999+0000] {processor.py:840} INFO - DAG(s) 'sodai_training_and_scoring' retrieved from /opt/airflow/dags/sodai_pipeline_dag.py
[2025-11-18T18:41:31.017+0000] {logging_mixin.py:188} INFO - [2025-11-18T18:41:31.017+0000] {dag.py:3096} INFO - Sync 1 DAGs
[2025-11-18T18:41:31.026+0000] {logging_mixin.py:188} INFO - [2025-11-18T18:41:31.025+0000] {dag.py:3954} INFO - Setting next_dagrun for sodai_training_and_scoring to None, run_after=None
[2025-11-18T18:41:31.038+0000] {processor.py:183} INFO - Processing /opt/airflow/dags/sodai_pipeline_dag.py took 0.068 seconds
[2025-11-18T18:42:01.495+0000] {processor.py:161} INFO - Started process (PID=3657) to work on /opt/airflow/dags/sodai_pipeline_dag.py
[2025-11-18T18:42:01.500+0000] {processor.py:830} INFO - Processing file /opt/airflow/dags/sodai_pipeline_dag.py for tasks to queue
[2025-11-18T18:42:01.502+0000] {logging_mixin.py:188} INFO - [2025-11-18T18:42:01.501+0000] {dagbag.py:540} INFO - Filling up the DagBag from /opt/airflow/dags/sodai_pipeline_dag.py
[2025-11-18T18:42:01.532+0000] {processor.py:840} INFO - DAG(s) 'sodai_training_and_scoring' retrieved from /opt/airflow/dags/sodai_pipeline_dag.py
[2025-11-18T18:42:01.551+0000] {logging_mixin.py:188} INFO - [2025-11-18T18:42:01.551+0000] {dag.py:3096} INFO - Sync 1 DAGs
[2025-11-18T18:42:01.560+0000] {logging_mixin.py:188} INFO - [2025-11-18T18:42:01.560+0000] {dag.py:3954} INFO - Setting next_dagrun for sodai_training_and_scoring to None, run_after=None
[2025-11-18T18:42:01.574+0000] {processor.py:183} INFO - Processing /opt/airflow/dags/sodai_pipeline_dag.py took 0.083 seconds
[2025-11-18T18:42:32.095+0000] {processor.py:161} INFO - Started process (PID=3667) to work on /opt/airflow/dags/sodai_pipeline_dag.py
[2025-11-18T18:42:32.097+0000] {processor.py:830} INFO - Processing file /opt/airflow/dags/sodai_pipeline_dag.py for tasks to queue
[2025-11-18T18:42:32.099+0000] {logging_mixin.py:188} INFO - [2025-11-18T18:42:32.099+0000] {dagbag.py:540} INFO - Filling up the DagBag from /opt/airflow/dags/sodai_pipeline_dag.py
[2025-11-18T18:42:32.112+0000] {processor.py:840} INFO - DAG(s) 'sodai_training_and_scoring' retrieved from /opt/airflow/dags/sodai_pipeline_dag.py
[2025-11-18T18:42:32.134+0000] {logging_mixin.py:188} INFO - [2025-11-18T18:42:32.133+0000] {dag.py:3096} INFO - Sync 1 DAGs
[2025-11-18T18:42:32.143+0000] {logging_mixin.py:188} INFO - [2025-11-18T18:42:32.143+0000] {dag.py:3954} INFO - Setting next_dagrun for sodai_training_and_scoring to None, run_after=None
[2025-11-18T18:42:32.165+0000] {processor.py:183} INFO - Processing /opt/airflow/dags/sodai_pipeline_dag.py took 0.074 seconds
[2025-11-18T18:43:02.801+0000] {processor.py:161} INFO - Started process (PID=3677) to work on /opt/airflow/dags/sodai_pipeline_dag.py
[2025-11-18T18:43:02.802+0000] {processor.py:830} INFO - Processing file /opt/airflow/dags/sodai_pipeline_dag.py for tasks to queue
[2025-11-18T18:43:02.803+0000] {logging_mixin.py:188} INFO - [2025-11-18T18:43:02.803+0000] {dagbag.py:540} INFO - Filling up the DagBag from /opt/airflow/dags/sodai_pipeline_dag.py
[2025-11-18T18:43:02.821+0000] {processor.py:840} INFO - DAG(s) 'sodai_training_and_scoring' retrieved from /opt/airflow/dags/sodai_pipeline_dag.py
[2025-11-18T18:43:02.842+0000] {logging_mixin.py:188} INFO - [2025-11-18T18:43:02.842+0000] {dag.py:3096} INFO - Sync 1 DAGs
[2025-11-18T18:43:02.851+0000] {logging_mixin.py:188} INFO - [2025-11-18T18:43:02.851+0000] {dag.py:3954} INFO - Setting next_dagrun for sodai_training_and_scoring to None, run_after=None
[2025-11-18T18:43:02.865+0000] {processor.py:183} INFO - Processing /opt/airflow/dags/sodai_pipeline_dag.py took 0.069 seconds
[2025-11-18T18:43:33.519+0000] {processor.py:161} INFO - Started process (PID=3687) to work on /opt/airflow/dags/sodai_pipeline_dag.py
[2025-11-18T18:43:33.520+0000] {processor.py:830} INFO - Processing file /opt/airflow/dags/sodai_pipeline_dag.py for tasks to queue
[2025-11-18T18:43:33.522+0000] {logging_mixin.py:188} INFO - [2025-11-18T18:43:33.522+0000] {dagbag.py:540} INFO - Filling up the DagBag from /opt/airflow/dags/sodai_pipeline_dag.py
[2025-11-18T18:43:33.541+0000] {processor.py:840} INFO - DAG(s) 'sodai_training_and_scoring' retrieved from /opt/airflow/dags/sodai_pipeline_dag.py
[2025-11-18T18:43:33.563+0000] {logging_mixin.py:188} INFO - [2025-11-18T18:43:33.562+0000] {dag.py:3096} INFO - Sync 1 DAGs
[2025-11-18T18:43:33.573+0000] {logging_mixin.py:188} INFO - [2025-11-18T18:43:33.573+0000] {dag.py:3954} INFO - Setting next_dagrun for sodai_training_and_scoring to None, run_after=None
[2025-11-18T18:43:33.589+0000] {processor.py:183} INFO - Processing /opt/airflow/dags/sodai_pipeline_dag.py took 0.075 seconds
[2025-11-18T18:44:03.784+0000] {processor.py:161} INFO - Started process (PID=3697) to work on /opt/airflow/dags/sodai_pipeline_dag.py
[2025-11-18T18:44:03.784+0000] {processor.py:830} INFO - Processing file /opt/airflow/dags/sodai_pipeline_dag.py for tasks to queue
[2025-11-18T18:44:03.786+0000] {logging_mixin.py:188} INFO - [2025-11-18T18:44:03.786+0000] {dagbag.py:540} INFO - Filling up the DagBag from /opt/airflow/dags/sodai_pipeline_dag.py
[2025-11-18T18:44:03.800+0000] {processor.py:840} INFO - DAG(s) 'sodai_training_and_scoring' retrieved from /opt/airflow/dags/sodai_pipeline_dag.py
[2025-11-18T18:44:03.821+0000] {logging_mixin.py:188} INFO - [2025-11-18T18:44:03.821+0000] {dag.py:3096} INFO - Sync 1 DAGs
[2025-11-18T18:44:03.830+0000] {logging_mixin.py:188} INFO - [2025-11-18T18:44:03.830+0000] {dag.py:3954} INFO - Setting next_dagrun for sodai_training_and_scoring to None, run_after=None
[2025-11-18T18:44:03.842+0000] {processor.py:183} INFO - Processing /opt/airflow/dags/sodai_pipeline_dag.py took 0.063 seconds
[2025-11-18T18:44:34.318+0000] {processor.py:161} INFO - Started process (PID=3707) to work on /opt/airflow/dags/sodai_pipeline_dag.py
[2025-11-18T18:44:34.319+0000] {processor.py:830} INFO - Processing file /opt/airflow/dags/sodai_pipeline_dag.py for tasks to queue
[2025-11-18T18:44:34.321+0000] {logging_mixin.py:188} INFO - [2025-11-18T18:44:34.320+0000] {dagbag.py:540} INFO - Filling up the DagBag from /opt/airflow/dags/sodai_pipeline_dag.py
[2025-11-18T18:44:34.334+0000] {processor.py:840} INFO - DAG(s) 'sodai_training_and_scoring' retrieved from /opt/airflow/dags/sodai_pipeline_dag.py
[2025-11-18T18:44:34.354+0000] {logging_mixin.py:188} INFO - [2025-11-18T18:44:34.354+0000] {dag.py:3096} INFO - Sync 1 DAGs
[2025-11-18T18:44:34.363+0000] {logging_mixin.py:188} INFO - [2025-11-18T18:44:34.363+0000] {dag.py:3954} INFO - Setting next_dagrun for sodai_training_and_scoring to None, run_after=None
[2025-11-18T18:44:34.375+0000] {processor.py:183} INFO - Processing /opt/airflow/dags/sodai_pipeline_dag.py took 0.062 seconds
[2025-11-18T18:45:04.772+0000] {processor.py:161} INFO - Started process (PID=3717) to work on /opt/airflow/dags/sodai_pipeline_dag.py
[2025-11-18T18:45:04.773+0000] {processor.py:830} INFO - Processing file /opt/airflow/dags/sodai_pipeline_dag.py for tasks to queue
[2025-11-18T18:45:04.774+0000] {logging_mixin.py:188} INFO - [2025-11-18T18:45:04.774+0000] {dagbag.py:540} INFO - Filling up the DagBag from /opt/airflow/dags/sodai_pipeline_dag.py
[2025-11-18T18:45:04.787+0000] {processor.py:840} INFO - DAG(s) 'sodai_training_and_scoring' retrieved from /opt/airflow/dags/sodai_pipeline_dag.py
[2025-11-18T18:45:04.812+0000] {logging_mixin.py:188} INFO - [2025-11-18T18:45:04.811+0000] {dag.py:3096} INFO - Sync 1 DAGs
[2025-11-18T18:45:04.821+0000] {logging_mixin.py:188} INFO - [2025-11-18T18:45:04.820+0000] {dag.py:3954} INFO - Setting next_dagrun for sodai_training_and_scoring to None, run_after=None
[2025-11-18T18:45:04.846+0000] {processor.py:183} INFO - Processing /opt/airflow/dags/sodai_pipeline_dag.py took 0.079 seconds
[2025-11-18T18:45:35.266+0000] {processor.py:161} INFO - Started process (PID=3727) to work on /opt/airflow/dags/sodai_pipeline_dag.py
[2025-11-18T18:45:35.270+0000] {processor.py:830} INFO - Processing file /opt/airflow/dags/sodai_pipeline_dag.py for tasks to queue
[2025-11-18T18:45:35.274+0000] {logging_mixin.py:188} INFO - [2025-11-18T18:45:35.273+0000] {dagbag.py:540} INFO - Filling up the DagBag from /opt/airflow/dags/sodai_pipeline_dag.py
[2025-11-18T18:45:35.288+0000] {processor.py:840} INFO - DAG(s) 'sodai_training_and_scoring' retrieved from /opt/airflow/dags/sodai_pipeline_dag.py
[2025-11-18T18:45:35.311+0000] {logging_mixin.py:188} INFO - [2025-11-18T18:45:35.311+0000] {dag.py:3096} INFO - Sync 1 DAGs
[2025-11-18T18:45:35.321+0000] {logging_mixin.py:188} INFO - [2025-11-18T18:45:35.320+0000] {dag.py:3954} INFO - Setting next_dagrun for sodai_training_and_scoring to None, run_after=None
[2025-11-18T18:45:35.335+0000] {processor.py:183} INFO - Processing /opt/airflow/dags/sodai_pipeline_dag.py took 0.074 seconds
[2025-11-18T18:46:05.872+0000] {processor.py:161} INFO - Started process (PID=3737) to work on /opt/airflow/dags/sodai_pipeline_dag.py
[2025-11-18T18:46:05.873+0000] {processor.py:830} INFO - Processing file /opt/airflow/dags/sodai_pipeline_dag.py for tasks to queue
[2025-11-18T18:46:05.874+0000] {logging_mixin.py:188} INFO - [2025-11-18T18:46:05.874+0000] {dagbag.py:540} INFO - Filling up the DagBag from /opt/airflow/dags/sodai_pipeline_dag.py
[2025-11-18T18:46:05.903+0000] {processor.py:840} INFO - DAG(s) 'sodai_training_and_scoring' retrieved from /opt/airflow/dags/sodai_pipeline_dag.py
[2025-11-18T18:46:05.931+0000] {logging_mixin.py:188} INFO - [2025-11-18T18:46:05.930+0000] {dag.py:3096} INFO - Sync 1 DAGs
[2025-11-18T18:46:05.942+0000] {logging_mixin.py:188} INFO - [2025-11-18T18:46:05.942+0000] {dag.py:3954} INFO - Setting next_dagrun for sodai_training_and_scoring to None, run_after=None
[2025-11-18T18:46:05.959+0000] {processor.py:183} INFO - Processing /opt/airflow/dags/sodai_pipeline_dag.py took 0.093 seconds
[2025-11-18T18:46:36.816+0000] {processor.py:161} INFO - Started process (PID=3747) to work on /opt/airflow/dags/sodai_pipeline_dag.py
[2025-11-18T18:46:36.817+0000] {processor.py:830} INFO - Processing file /opt/airflow/dags/sodai_pipeline_dag.py for tasks to queue
[2025-11-18T18:46:36.819+0000] {logging_mixin.py:188} INFO - [2025-11-18T18:46:36.819+0000] {dagbag.py:540} INFO - Filling up the DagBag from /opt/airflow/dags/sodai_pipeline_dag.py
[2025-11-18T18:46:36.876+0000] {processor.py:840} INFO - DAG(s) 'sodai_training_and_scoring' retrieved from /opt/airflow/dags/sodai_pipeline_dag.py
[2025-11-18T18:46:36.896+0000] {logging_mixin.py:188} INFO - [2025-11-18T18:46:36.896+0000] {dag.py:3096} INFO - Sync 1 DAGs
[2025-11-18T18:46:36.905+0000] {logging_mixin.py:188} INFO - [2025-11-18T18:46:36.905+0000] {dag.py:3954} INFO - Setting next_dagrun for sodai_training_and_scoring to None, run_after=None
[2025-11-18T18:46:36.917+0000] {processor.py:183} INFO - Processing /opt/airflow/dags/sodai_pipeline_dag.py took 0.105 seconds
[2025-11-18T18:47:07.596+0000] {processor.py:161} INFO - Started process (PID=3757) to work on /opt/airflow/dags/sodai_pipeline_dag.py
[2025-11-18T18:47:07.598+0000] {processor.py:830} INFO - Processing file /opt/airflow/dags/sodai_pipeline_dag.py for tasks to queue
[2025-11-18T18:47:07.600+0000] {logging_mixin.py:188} INFO - [2025-11-18T18:47:07.600+0000] {dagbag.py:540} INFO - Filling up the DagBag from /opt/airflow/dags/sodai_pipeline_dag.py
[2025-11-18T18:47:07.645+0000] {processor.py:840} INFO - DAG(s) 'sodai_training_and_scoring' retrieved from /opt/airflow/dags/sodai_pipeline_dag.py
[2025-11-18T18:47:07.668+0000] {logging_mixin.py:188} INFO - [2025-11-18T18:47:07.668+0000] {dag.py:3096} INFO - Sync 1 DAGs
[2025-11-18T18:47:07.682+0000] {logging_mixin.py:188} INFO - [2025-11-18T18:47:07.682+0000] {dag.py:3954} INFO - Setting next_dagrun for sodai_training_and_scoring to None, run_after=None
[2025-11-18T18:47:07.701+0000] {processor.py:183} INFO - Processing /opt/airflow/dags/sodai_pipeline_dag.py took 0.110 seconds
[2025-11-18T18:47:38.225+0000] {processor.py:161} INFO - Started process (PID=3767) to work on /opt/airflow/dags/sodai_pipeline_dag.py
[2025-11-18T18:47:38.226+0000] {processor.py:830} INFO - Processing file /opt/airflow/dags/sodai_pipeline_dag.py for tasks to queue
[2025-11-18T18:47:38.228+0000] {logging_mixin.py:188} INFO - [2025-11-18T18:47:38.227+0000] {dagbag.py:540} INFO - Filling up the DagBag from /opt/airflow/dags/sodai_pipeline_dag.py
[2025-11-18T18:47:38.240+0000] {processor.py:840} INFO - DAG(s) 'sodai_training_and_scoring' retrieved from /opt/airflow/dags/sodai_pipeline_dag.py
[2025-11-18T18:47:38.262+0000] {logging_mixin.py:188} INFO - [2025-11-18T18:47:38.262+0000] {dag.py:3096} INFO - Sync 1 DAGs
[2025-11-18T18:47:38.271+0000] {logging_mixin.py:188} INFO - [2025-11-18T18:47:38.271+0000] {dag.py:3954} INFO - Setting next_dagrun for sodai_training_and_scoring to None, run_after=None
[2025-11-18T18:47:38.285+0000] {processor.py:183} INFO - Processing /opt/airflow/dags/sodai_pipeline_dag.py took 0.065 seconds
[2025-11-18T18:48:09.025+0000] {processor.py:161} INFO - Started process (PID=3777) to work on /opt/airflow/dags/sodai_pipeline_dag.py
[2025-11-18T18:48:09.026+0000] {processor.py:830} INFO - Processing file /opt/airflow/dags/sodai_pipeline_dag.py for tasks to queue
[2025-11-18T18:48:09.028+0000] {logging_mixin.py:188} INFO - [2025-11-18T18:48:09.028+0000] {dagbag.py:540} INFO - Filling up the DagBag from /opt/airflow/dags/sodai_pipeline_dag.py
[2025-11-18T18:48:09.041+0000] {processor.py:840} INFO - DAG(s) 'sodai_training_and_scoring' retrieved from /opt/airflow/dags/sodai_pipeline_dag.py
[2025-11-18T18:48:09.061+0000] {logging_mixin.py:188} INFO - [2025-11-18T18:48:09.061+0000] {dag.py:3096} INFO - Sync 1 DAGs
[2025-11-18T18:48:09.070+0000] {logging_mixin.py:188} INFO - [2025-11-18T18:48:09.070+0000] {dag.py:3954} INFO - Setting next_dagrun for sodai_training_and_scoring to None, run_after=None
[2025-11-18T18:48:09.081+0000] {processor.py:183} INFO - Processing /opt/airflow/dags/sodai_pipeline_dag.py took 0.060 seconds
[2025-11-18T18:48:39.941+0000] {processor.py:161} INFO - Started process (PID=3787) to work on /opt/airflow/dags/sodai_pipeline_dag.py
[2025-11-18T18:48:39.942+0000] {processor.py:830} INFO - Processing file /opt/airflow/dags/sodai_pipeline_dag.py for tasks to queue
[2025-11-18T18:48:39.944+0000] {logging_mixin.py:188} INFO - [2025-11-18T18:48:39.943+0000] {dagbag.py:540} INFO - Filling up the DagBag from /opt/airflow/dags/sodai_pipeline_dag.py
[2025-11-18T18:48:39.956+0000] {processor.py:840} INFO - DAG(s) 'sodai_training_and_scoring' retrieved from /opt/airflow/dags/sodai_pipeline_dag.py
[2025-11-18T18:48:39.978+0000] {logging_mixin.py:188} INFO - [2025-11-18T18:48:39.977+0000] {dag.py:3096} INFO - Sync 1 DAGs
[2025-11-18T18:48:39.987+0000] {logging_mixin.py:188} INFO - [2025-11-18T18:48:39.986+0000] {dag.py:3954} INFO - Setting next_dagrun for sodai_training_and_scoring to None, run_after=None
[2025-11-18T18:48:40.033+0000] {processor.py:183} INFO - Processing /opt/airflow/dags/sodai_pipeline_dag.py took 0.096 seconds
[2025-11-18T18:49:10.738+0000] {processor.py:161} INFO - Started process (PID=3797) to work on /opt/airflow/dags/sodai_pipeline_dag.py
[2025-11-18T18:49:10.739+0000] {processor.py:830} INFO - Processing file /opt/airflow/dags/sodai_pipeline_dag.py for tasks to queue
[2025-11-18T18:49:10.741+0000] {logging_mixin.py:188} INFO - [2025-11-18T18:49:10.740+0000] {dagbag.py:540} INFO - Filling up the DagBag from /opt/airflow/dags/sodai_pipeline_dag.py
[2025-11-18T18:49:10.754+0000] {processor.py:840} INFO - DAG(s) 'sodai_training_and_scoring' retrieved from /opt/airflow/dags/sodai_pipeline_dag.py
[2025-11-18T18:49:10.773+0000] {logging_mixin.py:188} INFO - [2025-11-18T18:49:10.773+0000] {dag.py:3096} INFO - Sync 1 DAGs
[2025-11-18T18:49:10.781+0000] {logging_mixin.py:188} INFO - [2025-11-18T18:49:10.781+0000] {dag.py:3954} INFO - Setting next_dagrun for sodai_training_and_scoring to None, run_after=None
[2025-11-18T18:49:10.794+0000] {processor.py:183} INFO - Processing /opt/airflow/dags/sodai_pipeline_dag.py took 0.060 seconds
[2025-11-18T18:49:41.511+0000] {processor.py:161} INFO - Started process (PID=3807) to work on /opt/airflow/dags/sodai_pipeline_dag.py
[2025-11-18T18:49:41.512+0000] {processor.py:830} INFO - Processing file /opt/airflow/dags/sodai_pipeline_dag.py for tasks to queue
[2025-11-18T18:49:41.513+0000] {logging_mixin.py:188} INFO - [2025-11-18T18:49:41.513+0000] {dagbag.py:540} INFO - Filling up the DagBag from /opt/airflow/dags/sodai_pipeline_dag.py
[2025-11-18T18:49:41.527+0000] {processor.py:840} INFO - DAG(s) 'sodai_training_and_scoring' retrieved from /opt/airflow/dags/sodai_pipeline_dag.py
[2025-11-18T18:49:41.547+0000] {logging_mixin.py:188} INFO - [2025-11-18T18:49:41.546+0000] {dag.py:3096} INFO - Sync 1 DAGs
[2025-11-18T18:49:41.557+0000] {logging_mixin.py:188} INFO - [2025-11-18T18:49:41.557+0000] {dag.py:3954} INFO - Setting next_dagrun for sodai_training_and_scoring to None, run_after=None
[2025-11-18T18:49:41.573+0000] {processor.py:183} INFO - Processing /opt/airflow/dags/sodai_pipeline_dag.py took 0.067 seconds
[2025-11-18T18:50:12.273+0000] {processor.py:161} INFO - Started process (PID=3817) to work on /opt/airflow/dags/sodai_pipeline_dag.py
[2025-11-18T18:50:12.274+0000] {processor.py:830} INFO - Processing file /opt/airflow/dags/sodai_pipeline_dag.py for tasks to queue
[2025-11-18T18:50:12.276+0000] {logging_mixin.py:188} INFO - [2025-11-18T18:50:12.275+0000] {dagbag.py:540} INFO - Filling up the DagBag from /opt/airflow/dags/sodai_pipeline_dag.py
[2025-11-18T18:50:12.288+0000] {processor.py:840} INFO - DAG(s) 'sodai_training_and_scoring' retrieved from /opt/airflow/dags/sodai_pipeline_dag.py
[2025-11-18T18:50:12.308+0000] {logging_mixin.py:188} INFO - [2025-11-18T18:50:12.308+0000] {dag.py:3096} INFO - Sync 1 DAGs
[2025-11-18T18:50:12.317+0000] {logging_mixin.py:188} INFO - [2025-11-18T18:50:12.317+0000] {dag.py:3954} INFO - Setting next_dagrun for sodai_training_and_scoring to None, run_after=None
[2025-11-18T18:50:12.338+0000] {processor.py:183} INFO - Processing /opt/airflow/dags/sodai_pipeline_dag.py took 0.070 seconds
[2025-11-18T18:50:43.158+0000] {processor.py:161} INFO - Started process (PID=3827) to work on /opt/airflow/dags/sodai_pipeline_dag.py
[2025-11-18T18:50:43.159+0000] {processor.py:830} INFO - Processing file /opt/airflow/dags/sodai_pipeline_dag.py for tasks to queue
[2025-11-18T18:50:43.161+0000] {logging_mixin.py:188} INFO - [2025-11-18T18:50:43.160+0000] {dagbag.py:540} INFO - Filling up the DagBag from /opt/airflow/dags/sodai_pipeline_dag.py
[2025-11-18T18:50:43.180+0000] {processor.py:840} INFO - DAG(s) 'sodai_training_and_scoring' retrieved from /opt/airflow/dags/sodai_pipeline_dag.py
[2025-11-18T18:50:43.198+0000] {logging_mixin.py:188} INFO - [2025-11-18T18:50:43.198+0000] {dag.py:3096} INFO - Sync 1 DAGs
[2025-11-18T18:50:43.208+0000] {logging_mixin.py:188} INFO - [2025-11-18T18:50:43.208+0000] {dag.py:3954} INFO - Setting next_dagrun for sodai_training_and_scoring to None, run_after=None
[2025-11-18T18:50:43.221+0000] {processor.py:183} INFO - Processing /opt/airflow/dags/sodai_pipeline_dag.py took 0.067 seconds
[2025-11-18T18:51:13.825+0000] {processor.py:161} INFO - Started process (PID=3837) to work on /opt/airflow/dags/sodai_pipeline_dag.py
[2025-11-18T18:51:13.825+0000] {processor.py:830} INFO - Processing file /opt/airflow/dags/sodai_pipeline_dag.py for tasks to queue
[2025-11-18T18:51:13.827+0000] {logging_mixin.py:188} INFO - [2025-11-18T18:51:13.827+0000] {dagbag.py:540} INFO - Filling up the DagBag from /opt/airflow/dags/sodai_pipeline_dag.py
[2025-11-18T18:51:13.840+0000] {processor.py:840} INFO - DAG(s) 'sodai_training_and_scoring' retrieved from /opt/airflow/dags/sodai_pipeline_dag.py
[2025-11-18T18:51:13.859+0000] {logging_mixin.py:188} INFO - [2025-11-18T18:51:13.859+0000] {dag.py:3096} INFO - Sync 1 DAGs
[2025-11-18T18:51:13.869+0000] {logging_mixin.py:188} INFO - [2025-11-18T18:51:13.869+0000] {dag.py:3954} INFO - Setting next_dagrun for sodai_training_and_scoring to None, run_after=None
[2025-11-18T18:51:13.881+0000] {processor.py:183} INFO - Processing /opt/airflow/dags/sodai_pipeline_dag.py took 0.062 seconds
[2025-11-18T18:51:44.537+0000] {processor.py:161} INFO - Started process (PID=3847) to work on /opt/airflow/dags/sodai_pipeline_dag.py
[2025-11-18T18:51:44.538+0000] {processor.py:830} INFO - Processing file /opt/airflow/dags/sodai_pipeline_dag.py for tasks to queue
[2025-11-18T18:51:44.540+0000] {logging_mixin.py:188} INFO - [2025-11-18T18:51:44.539+0000] {dagbag.py:540} INFO - Filling up the DagBag from /opt/airflow/dags/sodai_pipeline_dag.py
[2025-11-18T18:51:44.553+0000] {processor.py:840} INFO - DAG(s) 'sodai_training_and_scoring' retrieved from /opt/airflow/dags/sodai_pipeline_dag.py
[2025-11-18T18:51:44.572+0000] {logging_mixin.py:188} INFO - [2025-11-18T18:51:44.572+0000] {dag.py:3096} INFO - Sync 1 DAGs
[2025-11-18T18:51:44.583+0000] {logging_mixin.py:188} INFO - [2025-11-18T18:51:44.582+0000] {dag.py:3954} INFO - Setting next_dagrun for sodai_training_and_scoring to None, run_after=None
[2025-11-18T18:51:44.595+0000] {processor.py:183} INFO - Processing /opt/airflow/dags/sodai_pipeline_dag.py took 0.062 seconds
[2025-11-18T18:52:15.157+0000] {processor.py:161} INFO - Started process (PID=3857) to work on /opt/airflow/dags/sodai_pipeline_dag.py
[2025-11-18T18:52:15.157+0000] {processor.py:830} INFO - Processing file /opt/airflow/dags/sodai_pipeline_dag.py for tasks to queue
[2025-11-18T18:52:15.159+0000] {logging_mixin.py:188} INFO - [2025-11-18T18:52:15.159+0000] {dagbag.py:540} INFO - Filling up the DagBag from /opt/airflow/dags/sodai_pipeline_dag.py
[2025-11-18T18:52:15.180+0000] {processor.py:840} INFO - DAG(s) 'sodai_training_and_scoring' retrieved from /opt/airflow/dags/sodai_pipeline_dag.py
[2025-11-18T18:52:15.198+0000] {logging_mixin.py:188} INFO - [2025-11-18T18:52:15.198+0000] {dag.py:3096} INFO - Sync 1 DAGs
[2025-11-18T18:52:15.207+0000] {logging_mixin.py:188} INFO - [2025-11-18T18:52:15.207+0000] {dag.py:3954} INFO - Setting next_dagrun for sodai_training_and_scoring to None, run_after=None
[2025-11-18T18:52:15.224+0000] {processor.py:183} INFO - Processing /opt/airflow/dags/sodai_pipeline_dag.py took 0.072 seconds
[2025-11-18T18:52:45.926+0000] {processor.py:161} INFO - Started process (PID=3867) to work on /opt/airflow/dags/sodai_pipeline_dag.py
[2025-11-18T18:52:45.927+0000] {processor.py:830} INFO - Processing file /opt/airflow/dags/sodai_pipeline_dag.py for tasks to queue
[2025-11-18T18:52:45.929+0000] {logging_mixin.py:188} INFO - [2025-11-18T18:52:45.929+0000] {dagbag.py:540} INFO - Filling up the DagBag from /opt/airflow/dags/sodai_pipeline_dag.py
[2025-11-18T18:52:45.957+0000] {processor.py:840} INFO - DAG(s) 'sodai_training_and_scoring' retrieved from /opt/airflow/dags/sodai_pipeline_dag.py
[2025-11-18T18:52:45.980+0000] {logging_mixin.py:188} INFO - [2025-11-18T18:52:45.980+0000] {dag.py:3096} INFO - Sync 1 DAGs
[2025-11-18T18:52:45.990+0000] {logging_mixin.py:188} INFO - [2025-11-18T18:52:45.990+0000] {dag.py:3954} INFO - Setting next_dagrun for sodai_training_and_scoring to None, run_after=None
[2025-11-18T18:52:46.003+0000] {processor.py:183} INFO - Processing /opt/airflow/dags/sodai_pipeline_dag.py took 0.082 seconds
[2025-11-18T18:53:16.686+0000] {processor.py:161} INFO - Started process (PID=3877) to work on /opt/airflow/dags/sodai_pipeline_dag.py
[2025-11-18T18:53:16.690+0000] {processor.py:830} INFO - Processing file /opt/airflow/dags/sodai_pipeline_dag.py for tasks to queue
[2025-11-18T18:53:16.694+0000] {logging_mixin.py:188} INFO - [2025-11-18T18:53:16.694+0000] {dagbag.py:540} INFO - Filling up the DagBag from /opt/airflow/dags/sodai_pipeline_dag.py
[2025-11-18T18:53:16.721+0000] {processor.py:840} INFO - DAG(s) 'sodai_training_and_scoring' retrieved from /opt/airflow/dags/sodai_pipeline_dag.py
[2025-11-18T18:53:16.745+0000] {logging_mixin.py:188} INFO - [2025-11-18T18:53:16.744+0000] {dag.py:3096} INFO - Sync 1 DAGs
[2025-11-18T18:53:16.755+0000] {logging_mixin.py:188} INFO - [2025-11-18T18:53:16.755+0000] {dag.py:3954} INFO - Setting next_dagrun for sodai_training_and_scoring to None, run_after=None
[2025-11-18T18:53:16.776+0000] {processor.py:183} INFO - Processing /opt/airflow/dags/sodai_pipeline_dag.py took 0.095 seconds
[2025-11-18T18:53:47.538+0000] {processor.py:161} INFO - Started process (PID=3887) to work on /opt/airflow/dags/sodai_pipeline_dag.py
[2025-11-18T18:53:47.539+0000] {processor.py:830} INFO - Processing file /opt/airflow/dags/sodai_pipeline_dag.py for tasks to queue
[2025-11-18T18:53:47.541+0000] {logging_mixin.py:188} INFO - [2025-11-18T18:53:47.540+0000] {dagbag.py:540} INFO - Filling up the DagBag from /opt/airflow/dags/sodai_pipeline_dag.py
[2025-11-18T18:53:47.562+0000] {processor.py:840} INFO - DAG(s) 'sodai_training_and_scoring' retrieved from /opt/airflow/dags/sodai_pipeline_dag.py
[2025-11-18T18:53:47.581+0000] {logging_mixin.py:188} INFO - [2025-11-18T18:53:47.581+0000] {dag.py:3096} INFO - Sync 1 DAGs
[2025-11-18T18:53:47.590+0000] {logging_mixin.py:188} INFO - [2025-11-18T18:53:47.590+0000] {dag.py:3954} INFO - Setting next_dagrun for sodai_training_and_scoring to None, run_after=None
[2025-11-18T18:53:47.605+0000] {processor.py:183} INFO - Processing /opt/airflow/dags/sodai_pipeline_dag.py took 0.071 seconds
[2025-11-18T18:54:17.662+0000] {processor.py:161} INFO - Started process (PID=3897) to work on /opt/airflow/dags/sodai_pipeline_dag.py
[2025-11-18T18:54:17.663+0000] {processor.py:830} INFO - Processing file /opt/airflow/dags/sodai_pipeline_dag.py for tasks to queue
[2025-11-18T18:54:17.664+0000] {logging_mixin.py:188} INFO - [2025-11-18T18:54:17.664+0000] {dagbag.py:540} INFO - Filling up the DagBag from /opt/airflow/dags/sodai_pipeline_dag.py
[2025-11-18T18:54:17.698+0000] {processor.py:840} INFO - DAG(s) 'sodai_training_and_scoring' retrieved from /opt/airflow/dags/sodai_pipeline_dag.py
[2025-11-18T18:54:17.718+0000] {logging_mixin.py:188} INFO - [2025-11-18T18:54:17.718+0000] {dag.py:3096} INFO - Sync 1 DAGs
[2025-11-18T18:54:17.727+0000] {logging_mixin.py:188} INFO - [2025-11-18T18:54:17.727+0000] {dag.py:3954} INFO - Setting next_dagrun for sodai_training_and_scoring to None, run_after=None
[2025-11-18T18:54:17.742+0000] {processor.py:183} INFO - Processing /opt/airflow/dags/sodai_pipeline_dag.py took 0.085 seconds
[2025-11-18T18:54:48.385+0000] {processor.py:161} INFO - Started process (PID=3907) to work on /opt/airflow/dags/sodai_pipeline_dag.py
[2025-11-18T18:54:48.387+0000] {processor.py:830} INFO - Processing file /opt/airflow/dags/sodai_pipeline_dag.py for tasks to queue
[2025-11-18T18:54:48.389+0000] {logging_mixin.py:188} INFO - [2025-11-18T18:54:48.389+0000] {dagbag.py:540} INFO - Filling up the DagBag from /opt/airflow/dags/sodai_pipeline_dag.py
[2025-11-18T18:54:48.405+0000] {processor.py:840} INFO - DAG(s) 'sodai_training_and_scoring' retrieved from /opt/airflow/dags/sodai_pipeline_dag.py
[2025-11-18T18:54:48.425+0000] {logging_mixin.py:188} INFO - [2025-11-18T18:54:48.424+0000] {dag.py:3096} INFO - Sync 1 DAGs
[2025-11-18T18:54:48.438+0000] {logging_mixin.py:188} INFO - [2025-11-18T18:54:48.437+0000] {dag.py:3954} INFO - Setting next_dagrun for sodai_training_and_scoring to None, run_after=None
[2025-11-18T18:54:48.450+0000] {processor.py:183} INFO - Processing /opt/airflow/dags/sodai_pipeline_dag.py took 0.070 seconds
[2025-11-18T18:55:19.078+0000] {processor.py:161} INFO - Started process (PID=3917) to work on /opt/airflow/dags/sodai_pipeline_dag.py
[2025-11-18T18:55:19.079+0000] {processor.py:830} INFO - Processing file /opt/airflow/dags/sodai_pipeline_dag.py for tasks to queue
[2025-11-18T18:55:19.081+0000] {logging_mixin.py:188} INFO - [2025-11-18T18:55:19.080+0000] {dagbag.py:540} INFO - Filling up the DagBag from /opt/airflow/dags/sodai_pipeline_dag.py
[2025-11-18T18:55:19.093+0000] {processor.py:840} INFO - DAG(s) 'sodai_training_and_scoring' retrieved from /opt/airflow/dags/sodai_pipeline_dag.py
[2025-11-18T18:55:19.113+0000] {logging_mixin.py:188} INFO - [2025-11-18T18:55:19.113+0000] {dag.py:3096} INFO - Sync 1 DAGs
[2025-11-18T18:55:19.124+0000] {logging_mixin.py:188} INFO - [2025-11-18T18:55:19.124+0000] {dag.py:3954} INFO - Setting next_dagrun for sodai_training_and_scoring to None, run_after=None
[2025-11-18T18:55:19.140+0000] {processor.py:183} INFO - Processing /opt/airflow/dags/sodai_pipeline_dag.py took 0.066 seconds
[2025-11-18T18:55:49.878+0000] {processor.py:161} INFO - Started process (PID=3927) to work on /opt/airflow/dags/sodai_pipeline_dag.py
[2025-11-18T18:55:49.879+0000] {processor.py:830} INFO - Processing file /opt/airflow/dags/sodai_pipeline_dag.py for tasks to queue
[2025-11-18T18:55:49.880+0000] {logging_mixin.py:188} INFO - [2025-11-18T18:55:49.880+0000] {dagbag.py:540} INFO - Filling up the DagBag from /opt/airflow/dags/sodai_pipeline_dag.py
[2025-11-18T18:55:49.901+0000] {processor.py:840} INFO - DAG(s) 'sodai_training_and_scoring' retrieved from /opt/airflow/dags/sodai_pipeline_dag.py
[2025-11-18T18:55:49.919+0000] {logging_mixin.py:188} INFO - [2025-11-18T18:55:49.919+0000] {dag.py:3096} INFO - Sync 1 DAGs
[2025-11-18T18:55:49.928+0000] {logging_mixin.py:188} INFO - [2025-11-18T18:55:49.928+0000] {dag.py:3954} INFO - Setting next_dagrun for sodai_training_and_scoring to None, run_after=None
[2025-11-18T18:55:49.943+0000] {processor.py:183} INFO - Processing /opt/airflow/dags/sodai_pipeline_dag.py took 0.070 seconds
[2025-11-18T18:56:20.623+0000] {processor.py:161} INFO - Started process (PID=3937) to work on /opt/airflow/dags/sodai_pipeline_dag.py
[2025-11-18T18:56:20.625+0000] {processor.py:830} INFO - Processing file /opt/airflow/dags/sodai_pipeline_dag.py for tasks to queue
[2025-11-18T18:56:20.627+0000] {logging_mixin.py:188} INFO - [2025-11-18T18:56:20.627+0000] {dagbag.py:540} INFO - Filling up the DagBag from /opt/airflow/dags/sodai_pipeline_dag.py
[2025-11-18T18:56:20.643+0000] {processor.py:840} INFO - DAG(s) 'sodai_training_and_scoring' retrieved from /opt/airflow/dags/sodai_pipeline_dag.py
[2025-11-18T18:56:20.664+0000] {logging_mixin.py:188} INFO - [2025-11-18T18:56:20.664+0000] {dag.py:3096} INFO - Sync 1 DAGs
[2025-11-18T18:56:20.674+0000] {logging_mixin.py:188} INFO - [2025-11-18T18:56:20.674+0000] {dag.py:3954} INFO - Setting next_dagrun for sodai_training_and_scoring to None, run_after=None
[2025-11-18T18:56:20.689+0000] {processor.py:183} INFO - Processing /opt/airflow/dags/sodai_pipeline_dag.py took 0.071 seconds
[2025-11-18T18:56:51.438+0000] {processor.py:161} INFO - Started process (PID=3947) to work on /opt/airflow/dags/sodai_pipeline_dag.py
[2025-11-18T18:56:51.438+0000] {processor.py:830} INFO - Processing file /opt/airflow/dags/sodai_pipeline_dag.py for tasks to queue
[2025-11-18T18:56:51.440+0000] {logging_mixin.py:188} INFO - [2025-11-18T18:56:51.440+0000] {dagbag.py:540} INFO - Filling up the DagBag from /opt/airflow/dags/sodai_pipeline_dag.py
[2025-11-18T18:56:51.454+0000] {processor.py:840} INFO - DAG(s) 'sodai_training_and_scoring' retrieved from /opt/airflow/dags/sodai_pipeline_dag.py
[2025-11-18T18:56:51.473+0000] {logging_mixin.py:188} INFO - [2025-11-18T18:56:51.472+0000] {dag.py:3096} INFO - Sync 1 DAGs
[2025-11-18T18:56:51.482+0000] {logging_mixin.py:188} INFO - [2025-11-18T18:56:51.482+0000] {dag.py:3954} INFO - Setting next_dagrun for sodai_training_and_scoring to None, run_after=None
[2025-11-18T18:56:51.496+0000] {processor.py:183} INFO - Processing /opt/airflow/dags/sodai_pipeline_dag.py took 0.063 seconds
[2025-11-18T18:57:22.013+0000] {processor.py:161} INFO - Started process (PID=3957) to work on /opt/airflow/dags/sodai_pipeline_dag.py
[2025-11-18T18:57:22.014+0000] {processor.py:830} INFO - Processing file /opt/airflow/dags/sodai_pipeline_dag.py for tasks to queue
[2025-11-18T18:57:22.016+0000] {logging_mixin.py:188} INFO - [2025-11-18T18:57:22.016+0000] {dagbag.py:540} INFO - Filling up the DagBag from /opt/airflow/dags/sodai_pipeline_dag.py
[2025-11-18T18:57:22.029+0000] {processor.py:840} INFO - DAG(s) 'sodai_training_and_scoring' retrieved from /opt/airflow/dags/sodai_pipeline_dag.py
[2025-11-18T18:57:22.049+0000] {logging_mixin.py:188} INFO - [2025-11-18T18:57:22.049+0000] {dag.py:3096} INFO - Sync 1 DAGs
[2025-11-18T18:57:22.057+0000] {logging_mixin.py:188} INFO - [2025-11-18T18:57:22.057+0000] {dag.py:3954} INFO - Setting next_dagrun for sodai_training_and_scoring to None, run_after=None
[2025-11-18T18:57:22.072+0000] {processor.py:183} INFO - Processing /opt/airflow/dags/sodai_pipeline_dag.py took 0.064 seconds
[2025-11-18T18:57:52.769+0000] {processor.py:161} INFO - Started process (PID=3967) to work on /opt/airflow/dags/sodai_pipeline_dag.py
[2025-11-18T18:57:52.769+0000] {processor.py:830} INFO - Processing file /opt/airflow/dags/sodai_pipeline_dag.py for tasks to queue
[2025-11-18T18:57:52.771+0000] {logging_mixin.py:188} INFO - [2025-11-18T18:57:52.771+0000] {dagbag.py:540} INFO - Filling up the DagBag from /opt/airflow/dags/sodai_pipeline_dag.py
[2025-11-18T18:57:52.791+0000] {processor.py:840} INFO - DAG(s) 'sodai_training_and_scoring' retrieved from /opt/airflow/dags/sodai_pipeline_dag.py
[2025-11-18T18:57:52.809+0000] {logging_mixin.py:188} INFO - [2025-11-18T18:57:52.809+0000] {dag.py:3096} INFO - Sync 1 DAGs
[2025-11-18T18:57:52.818+0000] {logging_mixin.py:188} INFO - [2025-11-18T18:57:52.818+0000] {dag.py:3954} INFO - Setting next_dagrun for sodai_training_and_scoring to None, run_after=None
[2025-11-18T18:57:52.832+0000] {processor.py:183} INFO - Processing /opt/airflow/dags/sodai_pipeline_dag.py took 0.069 seconds
[2025-11-18T18:58:23.451+0000] {processor.py:161} INFO - Started process (PID=3977) to work on /opt/airflow/dags/sodai_pipeline_dag.py
[2025-11-18T18:58:23.452+0000] {processor.py:830} INFO - Processing file /opt/airflow/dags/sodai_pipeline_dag.py for tasks to queue
[2025-11-18T18:58:23.453+0000] {logging_mixin.py:188} INFO - [2025-11-18T18:58:23.453+0000] {dagbag.py:540} INFO - Filling up the DagBag from /opt/airflow/dags/sodai_pipeline_dag.py
[2025-11-18T18:58:23.467+0000] {processor.py:840} INFO - DAG(s) 'sodai_training_and_scoring' retrieved from /opt/airflow/dags/sodai_pipeline_dag.py
[2025-11-18T18:58:23.488+0000] {logging_mixin.py:188} INFO - [2025-11-18T18:58:23.487+0000] {dag.py:3096} INFO - Sync 1 DAGs
[2025-11-18T18:58:23.497+0000] {logging_mixin.py:188} INFO - [2025-11-18T18:58:23.496+0000] {dag.py:3954} INFO - Setting next_dagrun for sodai_training_and_scoring to None, run_after=None
[2025-11-18T18:58:23.510+0000] {processor.py:183} INFO - Processing /opt/airflow/dags/sodai_pipeline_dag.py took 0.064 seconds
[2025-11-18T18:58:54.413+0000] {processor.py:161} INFO - Started process (PID=3987) to work on /opt/airflow/dags/sodai_pipeline_dag.py
[2025-11-18T18:58:54.415+0000] {processor.py:830} INFO - Processing file /opt/airflow/dags/sodai_pipeline_dag.py for tasks to queue
[2025-11-18T18:58:54.417+0000] {logging_mixin.py:188} INFO - [2025-11-18T18:58:54.417+0000] {dagbag.py:540} INFO - Filling up the DagBag from /opt/airflow/dags/sodai_pipeline_dag.py
[2025-11-18T18:58:54.439+0000] {processor.py:840} INFO - DAG(s) 'sodai_training_and_scoring' retrieved from /opt/airflow/dags/sodai_pipeline_dag.py
[2025-11-18T18:58:54.459+0000] {logging_mixin.py:188} INFO - [2025-11-18T18:58:54.459+0000] {dag.py:3096} INFO - Sync 1 DAGs
[2025-11-18T18:58:54.472+0000] {logging_mixin.py:188} INFO - [2025-11-18T18:58:54.472+0000] {dag.py:3954} INFO - Setting next_dagrun for sodai_training_and_scoring to None, run_after=None
[2025-11-18T18:58:54.486+0000] {processor.py:183} INFO - Processing /opt/airflow/dags/sodai_pipeline_dag.py took 0.078 seconds
[2025-11-18T18:59:25.153+0000] {processor.py:161} INFO - Started process (PID=3997) to work on /opt/airflow/dags/sodai_pipeline_dag.py
[2025-11-18T18:59:25.153+0000] {processor.py:830} INFO - Processing file /opt/airflow/dags/sodai_pipeline_dag.py for tasks to queue
[2025-11-18T18:59:25.155+0000] {logging_mixin.py:188} INFO - [2025-11-18T18:59:25.155+0000] {dagbag.py:540} INFO - Filling up the DagBag from /opt/airflow/dags/sodai_pipeline_dag.py
[2025-11-18T18:59:25.176+0000] {processor.py:840} INFO - DAG(s) 'sodai_training_and_scoring' retrieved from /opt/airflow/dags/sodai_pipeline_dag.py
[2025-11-18T18:59:25.197+0000] {logging_mixin.py:188} INFO - [2025-11-18T18:59:25.196+0000] {dag.py:3096} INFO - Sync 1 DAGs
[2025-11-18T18:59:25.212+0000] {logging_mixin.py:188} INFO - [2025-11-18T18:59:25.212+0000] {dag.py:3954} INFO - Setting next_dagrun for sodai_training_and_scoring to None, run_after=None
[2025-11-18T18:59:25.230+0000] {processor.py:183} INFO - Processing /opt/airflow/dags/sodai_pipeline_dag.py took 0.082 seconds
[2025-11-18T18:59:55.964+0000] {processor.py:161} INFO - Started process (PID=4007) to work on /opt/airflow/dags/sodai_pipeline_dag.py
[2025-11-18T18:59:55.966+0000] {processor.py:830} INFO - Processing file /opt/airflow/dags/sodai_pipeline_dag.py for tasks to queue
[2025-11-18T18:59:55.969+0000] {logging_mixin.py:188} INFO - [2025-11-18T18:59:55.969+0000] {dagbag.py:540} INFO - Filling up the DagBag from /opt/airflow/dags/sodai_pipeline_dag.py
[2025-11-18T18:59:56.014+0000] {processor.py:840} INFO - DAG(s) 'sodai_training_and_scoring' retrieved from /opt/airflow/dags/sodai_pipeline_dag.py
[2025-11-18T18:59:56.037+0000] {logging_mixin.py:188} INFO - [2025-11-18T18:59:56.037+0000] {dag.py:3096} INFO - Sync 1 DAGs
[2025-11-18T18:59:56.049+0000] {logging_mixin.py:188} INFO - [2025-11-18T18:59:56.049+0000] {dag.py:3954} INFO - Setting next_dagrun for sodai_training_and_scoring to None, run_after=None
[2025-11-18T18:59:56.073+0000] {processor.py:183} INFO - Processing /opt/airflow/dags/sodai_pipeline_dag.py took 0.114 seconds
[2025-11-18T19:00:26.739+0000] {processor.py:161} INFO - Started process (PID=4017) to work on /opt/airflow/dags/sodai_pipeline_dag.py
[2025-11-18T19:00:26.740+0000] {processor.py:830} INFO - Processing file /opt/airflow/dags/sodai_pipeline_dag.py for tasks to queue
[2025-11-18T19:00:26.744+0000] {logging_mixin.py:188} INFO - [2025-11-18T19:00:26.744+0000] {dagbag.py:540} INFO - Filling up the DagBag from /opt/airflow/dags/sodai_pipeline_dag.py
[2025-11-18T19:00:26.765+0000] {processor.py:840} INFO - DAG(s) 'sodai_training_and_scoring' retrieved from /opt/airflow/dags/sodai_pipeline_dag.py
[2025-11-18T19:00:26.785+0000] {logging_mixin.py:188} INFO - [2025-11-18T19:00:26.785+0000] {dag.py:3096} INFO - Sync 1 DAGs
[2025-11-18T19:00:26.795+0000] {logging_mixin.py:188} INFO - [2025-11-18T19:00:26.795+0000] {dag.py:3954} INFO - Setting next_dagrun for sodai_training_and_scoring to None, run_after=None
[2025-11-18T19:00:26.808+0000] {processor.py:183} INFO - Processing /opt/airflow/dags/sodai_pipeline_dag.py took 0.073 seconds
[2025-11-18T19:00:57.430+0000] {processor.py:161} INFO - Started process (PID=4027) to work on /opt/airflow/dags/sodai_pipeline_dag.py
[2025-11-18T19:00:57.431+0000] {processor.py:830} INFO - Processing file /opt/airflow/dags/sodai_pipeline_dag.py for tasks to queue
[2025-11-18T19:00:57.432+0000] {logging_mixin.py:188} INFO - [2025-11-18T19:00:57.432+0000] {dagbag.py:540} INFO - Filling up the DagBag from /opt/airflow/dags/sodai_pipeline_dag.py
[2025-11-18T19:00:57.447+0000] {processor.py:840} INFO - DAG(s) 'sodai_training_and_scoring' retrieved from /opt/airflow/dags/sodai_pipeline_dag.py
[2025-11-18T19:00:57.469+0000] {logging_mixin.py:188} INFO - [2025-11-18T19:00:57.469+0000] {dag.py:3096} INFO - Sync 1 DAGs
[2025-11-18T19:00:57.480+0000] {logging_mixin.py:188} INFO - [2025-11-18T19:00:57.479+0000] {dag.py:3954} INFO - Setting next_dagrun for sodai_training_and_scoring to None, run_after=None
[2025-11-18T19:00:57.495+0000] {processor.py:183} INFO - Processing /opt/airflow/dags/sodai_pipeline_dag.py took 0.071 seconds
[2025-11-18T19:01:28.264+0000] {processor.py:161} INFO - Started process (PID=4037) to work on /opt/airflow/dags/sodai_pipeline_dag.py
[2025-11-18T19:01:28.265+0000] {processor.py:830} INFO - Processing file /opt/airflow/dags/sodai_pipeline_dag.py for tasks to queue
[2025-11-18T19:01:28.267+0000] {logging_mixin.py:188} INFO - [2025-11-18T19:01:28.267+0000] {dagbag.py:540} INFO - Filling up the DagBag from /opt/airflow/dags/sodai_pipeline_dag.py
[2025-11-18T19:01:28.281+0000] {processor.py:840} INFO - DAG(s) 'sodai_training_and_scoring' retrieved from /opt/airflow/dags/sodai_pipeline_dag.py
[2025-11-18T19:01:28.300+0000] {logging_mixin.py:188} INFO - [2025-11-18T19:01:28.300+0000] {dag.py:3096} INFO - Sync 1 DAGs
[2025-11-18T19:01:28.310+0000] {logging_mixin.py:188} INFO - [2025-11-18T19:01:28.310+0000] {dag.py:3954} INFO - Setting next_dagrun for sodai_training_and_scoring to None, run_after=None
[2025-11-18T19:01:28.329+0000] {processor.py:183} INFO - Processing /opt/airflow/dags/sodai_pipeline_dag.py took 0.070 seconds
[2025-11-18T19:01:58.766+0000] {processor.py:161} INFO - Started process (PID=4047) to work on /opt/airflow/dags/sodai_pipeline_dag.py
[2025-11-18T19:01:58.768+0000] {processor.py:830} INFO - Processing file /opt/airflow/dags/sodai_pipeline_dag.py for tasks to queue
[2025-11-18T19:01:58.770+0000] {logging_mixin.py:188} INFO - [2025-11-18T19:01:58.769+0000] {dagbag.py:540} INFO - Filling up the DagBag from /opt/airflow/dags/sodai_pipeline_dag.py
[2025-11-18T19:01:58.790+0000] {processor.py:840} INFO - DAG(s) 'sodai_training_and_scoring' retrieved from /opt/airflow/dags/sodai_pipeline_dag.py
[2025-11-18T19:01:58.811+0000] {logging_mixin.py:188} INFO - [2025-11-18T19:01:58.811+0000] {dag.py:3096} INFO - Sync 1 DAGs
[2025-11-18T19:01:58.821+0000] {logging_mixin.py:188} INFO - [2025-11-18T19:01:58.821+0000] {dag.py:3954} INFO - Setting next_dagrun for sodai_training_and_scoring to None, run_after=None
[2025-11-18T19:01:58.834+0000] {processor.py:183} INFO - Processing /opt/airflow/dags/sodai_pipeline_dag.py took 0.072 seconds
[2025-11-18T19:02:29.387+0000] {processor.py:161} INFO - Started process (PID=4057) to work on /opt/airflow/dags/sodai_pipeline_dag.py
[2025-11-18T19:02:29.388+0000] {processor.py:830} INFO - Processing file /opt/airflow/dags/sodai_pipeline_dag.py for tasks to queue
[2025-11-18T19:02:29.390+0000] {logging_mixin.py:188} INFO - [2025-11-18T19:02:29.389+0000] {dagbag.py:540} INFO - Filling up the DagBag from /opt/airflow/dags/sodai_pipeline_dag.py
[2025-11-18T19:02:29.402+0000] {processor.py:840} INFO - DAG(s) 'sodai_training_and_scoring' retrieved from /opt/airflow/dags/sodai_pipeline_dag.py
[2025-11-18T19:02:29.425+0000] {logging_mixin.py:188} INFO - [2025-11-18T19:02:29.425+0000] {dag.py:3096} INFO - Sync 1 DAGs
[2025-11-18T19:02:29.435+0000] {logging_mixin.py:188} INFO - [2025-11-18T19:02:29.435+0000] {dag.py:3954} INFO - Setting next_dagrun for sodai_training_and_scoring to None, run_after=None
[2025-11-18T19:02:29.449+0000] {processor.py:183} INFO - Processing /opt/airflow/dags/sodai_pipeline_dag.py took 0.067 seconds
[2025-11-18T19:02:59.956+0000] {processor.py:161} INFO - Started process (PID=4067) to work on /opt/airflow/dags/sodai_pipeline_dag.py
[2025-11-18T19:02:59.957+0000] {processor.py:830} INFO - Processing file /opt/airflow/dags/sodai_pipeline_dag.py for tasks to queue
[2025-11-18T19:02:59.958+0000] {logging_mixin.py:188} INFO - [2025-11-18T19:02:59.958+0000] {dagbag.py:540} INFO - Filling up the DagBag from /opt/airflow/dags/sodai_pipeline_dag.py
[2025-11-18T19:02:59.972+0000] {processor.py:840} INFO - DAG(s) 'sodai_training_and_scoring' retrieved from /opt/airflow/dags/sodai_pipeline_dag.py
[2025-11-18T19:02:59.992+0000] {logging_mixin.py:188} INFO - [2025-11-18T19:02:59.992+0000] {dag.py:3096} INFO - Sync 1 DAGs
[2025-11-18T19:03:00.004+0000] {logging_mixin.py:188} INFO - [2025-11-18T19:03:00.004+0000] {dag.py:3954} INFO - Setting next_dagrun for sodai_training_and_scoring to None, run_after=None
[2025-11-18T19:03:00.017+0000] {processor.py:183} INFO - Processing /opt/airflow/dags/sodai_pipeline_dag.py took 0.065 seconds
[2025-11-18T19:03:30.779+0000] {processor.py:161} INFO - Started process (PID=4077) to work on /opt/airflow/dags/sodai_pipeline_dag.py
[2025-11-18T19:03:30.779+0000] {processor.py:830} INFO - Processing file /opt/airflow/dags/sodai_pipeline_dag.py for tasks to queue
[2025-11-18T19:03:30.782+0000] {logging_mixin.py:188} INFO - [2025-11-18T19:03:30.781+0000] {dagbag.py:540} INFO - Filling up the DagBag from /opt/airflow/dags/sodai_pipeline_dag.py
[2025-11-18T19:03:30.797+0000] {processor.py:840} INFO - DAG(s) 'sodai_training_and_scoring' retrieved from /opt/airflow/dags/sodai_pipeline_dag.py
[2025-11-18T19:03:30.818+0000] {logging_mixin.py:188} INFO - [2025-11-18T19:03:30.818+0000] {dag.py:3096} INFO - Sync 1 DAGs
[2025-11-18T19:03:30.827+0000] {logging_mixin.py:188} INFO - [2025-11-18T19:03:30.826+0000] {dag.py:3954} INFO - Setting next_dagrun for sodai_training_and_scoring to None, run_after=None
[2025-11-18T19:03:30.839+0000] {processor.py:183} INFO - Processing /opt/airflow/dags/sodai_pipeline_dag.py took 0.064 seconds
[2025-11-18T19:04:01.427+0000] {processor.py:161} INFO - Started process (PID=4087) to work on /opt/airflow/dags/sodai_pipeline_dag.py
[2025-11-18T19:04:01.430+0000] {processor.py:830} INFO - Processing file /opt/airflow/dags/sodai_pipeline_dag.py for tasks to queue
[2025-11-18T19:04:01.438+0000] {logging_mixin.py:188} INFO - [2025-11-18T19:04:01.438+0000] {dagbag.py:540} INFO - Filling up the DagBag from /opt/airflow/dags/sodai_pipeline_dag.py
[2025-11-18T19:04:01.472+0000] {processor.py:840} INFO - DAG(s) 'sodai_training_and_scoring' retrieved from /opt/airflow/dags/sodai_pipeline_dag.py
[2025-11-18T19:04:01.491+0000] {logging_mixin.py:188} INFO - [2025-11-18T19:04:01.491+0000] {dag.py:3096} INFO - Sync 1 DAGs
[2025-11-18T19:04:01.503+0000] {logging_mixin.py:188} INFO - [2025-11-18T19:04:01.502+0000] {dag.py:3954} INFO - Setting next_dagrun for sodai_training_and_scoring to None, run_after=None
[2025-11-18T19:04:01.521+0000] {processor.py:183} INFO - Processing /opt/airflow/dags/sodai_pipeline_dag.py took 0.100 seconds
[2025-11-18T19:04:32.001+0000] {processor.py:161} INFO - Started process (PID=4097) to work on /opt/airflow/dags/sodai_pipeline_dag.py
[2025-11-18T19:04:32.002+0000] {processor.py:830} INFO - Processing file /opt/airflow/dags/sodai_pipeline_dag.py for tasks to queue
[2025-11-18T19:04:32.003+0000] {logging_mixin.py:188} INFO - [2025-11-18T19:04:32.003+0000] {dagbag.py:540} INFO - Filling up the DagBag from /opt/airflow/dags/sodai_pipeline_dag.py
[2025-11-18T19:04:32.016+0000] {processor.py:840} INFO - DAG(s) 'sodai_training_and_scoring' retrieved from /opt/airflow/dags/sodai_pipeline_dag.py
[2025-11-18T19:04:32.035+0000] {logging_mixin.py:188} INFO - [2025-11-18T19:04:32.035+0000] {dag.py:3096} INFO - Sync 1 DAGs
[2025-11-18T19:04:32.046+0000] {logging_mixin.py:188} INFO - [2025-11-18T19:04:32.045+0000] {dag.py:3954} INFO - Setting next_dagrun for sodai_training_and_scoring to None, run_after=None
[2025-11-18T19:04:32.059+0000] {processor.py:183} INFO - Processing /opt/airflow/dags/sodai_pipeline_dag.py took 0.062 seconds
[2025-11-18T19:05:02.548+0000] {processor.py:161} INFO - Started process (PID=4107) to work on /opt/airflow/dags/sodai_pipeline_dag.py
[2025-11-18T19:05:02.548+0000] {processor.py:830} INFO - Processing file /opt/airflow/dags/sodai_pipeline_dag.py for tasks to queue
[2025-11-18T19:05:02.550+0000] {logging_mixin.py:188} INFO - [2025-11-18T19:05:02.550+0000] {dagbag.py:540} INFO - Filling up the DagBag from /opt/airflow/dags/sodai_pipeline_dag.py
[2025-11-18T19:05:02.563+0000] {processor.py:840} INFO - DAG(s) 'sodai_training_and_scoring' retrieved from /opt/airflow/dags/sodai_pipeline_dag.py
[2025-11-18T19:05:02.583+0000] {logging_mixin.py:188} INFO - [2025-11-18T19:05:02.583+0000] {dag.py:3096} INFO - Sync 1 DAGs
[2025-11-18T19:05:02.591+0000] {logging_mixin.py:188} INFO - [2025-11-18T19:05:02.591+0000] {dag.py:3954} INFO - Setting next_dagrun for sodai_training_and_scoring to None, run_after=None
[2025-11-18T19:05:02.603+0000] {processor.py:183} INFO - Processing /opt/airflow/dags/sodai_pipeline_dag.py took 0.060 seconds
[2025-11-18T19:05:33.289+0000] {processor.py:161} INFO - Started process (PID=4117) to work on /opt/airflow/dags/sodai_pipeline_dag.py
[2025-11-18T19:05:33.289+0000] {processor.py:830} INFO - Processing file /opt/airflow/dags/sodai_pipeline_dag.py for tasks to queue
[2025-11-18T19:05:33.291+0000] {logging_mixin.py:188} INFO - [2025-11-18T19:05:33.291+0000] {dagbag.py:540} INFO - Filling up the DagBag from /opt/airflow/dags/sodai_pipeline_dag.py
[2025-11-18T19:05:33.304+0000] {processor.py:840} INFO - DAG(s) 'sodai_training_and_scoring' retrieved from /opt/airflow/dags/sodai_pipeline_dag.py
[2025-11-18T19:05:33.326+0000] {logging_mixin.py:188} INFO - [2025-11-18T19:05:33.326+0000] {dag.py:3096} INFO - Sync 1 DAGs
[2025-11-18T19:05:33.335+0000] {logging_mixin.py:188} INFO - [2025-11-18T19:05:33.335+0000] {dag.py:3954} INFO - Setting next_dagrun for sodai_training_and_scoring to None, run_after=None
[2025-11-18T19:05:33.347+0000] {processor.py:183} INFO - Processing /opt/airflow/dags/sodai_pipeline_dag.py took 0.063 seconds
[2025-11-18T19:06:03.921+0000] {processor.py:161} INFO - Started process (PID=4127) to work on /opt/airflow/dags/sodai_pipeline_dag.py
[2025-11-18T19:06:03.923+0000] {processor.py:830} INFO - Processing file /opt/airflow/dags/sodai_pipeline_dag.py for tasks to queue
[2025-11-18T19:06:03.924+0000] {logging_mixin.py:188} INFO - [2025-11-18T19:06:03.924+0000] {dagbag.py:540} INFO - Filling up the DagBag from /opt/airflow/dags/sodai_pipeline_dag.py
[2025-11-18T19:06:03.974+0000] {processor.py:840} INFO - DAG(s) 'sodai_training_and_scoring' retrieved from /opt/airflow/dags/sodai_pipeline_dag.py
[2025-11-18T19:06:03.995+0000] {logging_mixin.py:188} INFO - [2025-11-18T19:06:03.995+0000] {dag.py:3096} INFO - Sync 1 DAGs
[2025-11-18T19:06:04.008+0000] {logging_mixin.py:188} INFO - [2025-11-18T19:06:04.008+0000] {dag.py:3954} INFO - Setting next_dagrun for sodai_training_and_scoring to None, run_after=None
[2025-11-18T19:06:04.027+0000] {processor.py:183} INFO - Processing /opt/airflow/dags/sodai_pipeline_dag.py took 0.111 seconds
[2025-11-18T19:06:34.665+0000] {processor.py:161} INFO - Started process (PID=4137) to work on /opt/airflow/dags/sodai_pipeline_dag.py
[2025-11-18T19:06:34.667+0000] {processor.py:830} INFO - Processing file /opt/airflow/dags/sodai_pipeline_dag.py for tasks to queue
[2025-11-18T19:06:34.668+0000] {logging_mixin.py:188} INFO - [2025-11-18T19:06:34.668+0000] {dagbag.py:540} INFO - Filling up the DagBag from /opt/airflow/dags/sodai_pipeline_dag.py
[2025-11-18T19:06:34.692+0000] {processor.py:840} INFO - DAG(s) 'sodai_training_and_scoring' retrieved from /opt/airflow/dags/sodai_pipeline_dag.py
[2025-11-18T19:06:34.713+0000] {logging_mixin.py:188} INFO - [2025-11-18T19:06:34.713+0000] {dag.py:3096} INFO - Sync 1 DAGs
[2025-11-18T19:06:34.723+0000] {logging_mixin.py:188} INFO - [2025-11-18T19:06:34.722+0000] {dag.py:3954} INFO - Setting next_dagrun for sodai_training_and_scoring to None, run_after=None
[2025-11-18T19:06:34.736+0000] {processor.py:183} INFO - Processing /opt/airflow/dags/sodai_pipeline_dag.py took 0.075 seconds
[2025-11-18T19:07:05.285+0000] {processor.py:161} INFO - Started process (PID=4147) to work on /opt/airflow/dags/sodai_pipeline_dag.py
[2025-11-18T19:07:05.289+0000] {processor.py:830} INFO - Processing file /opt/airflow/dags/sodai_pipeline_dag.py for tasks to queue
[2025-11-18T19:07:05.291+0000] {logging_mixin.py:188} INFO - [2025-11-18T19:07:05.291+0000] {dagbag.py:540} INFO - Filling up the DagBag from /opt/airflow/dags/sodai_pipeline_dag.py
[2025-11-18T19:07:05.305+0000] {processor.py:840} INFO - DAG(s) 'sodai_training_and_scoring' retrieved from /opt/airflow/dags/sodai_pipeline_dag.py
[2025-11-18T19:07:05.324+0000] {logging_mixin.py:188} INFO - [2025-11-18T19:07:05.324+0000] {dag.py:3096} INFO - Sync 1 DAGs
[2025-11-18T19:07:05.333+0000] {logging_mixin.py:188} INFO - [2025-11-18T19:07:05.333+0000] {dag.py:3954} INFO - Setting next_dagrun for sodai_training_and_scoring to None, run_after=None
[2025-11-18T19:07:05.348+0000] {processor.py:183} INFO - Processing /opt/airflow/dags/sodai_pipeline_dag.py took 0.069 seconds
[2025-11-18T19:07:35.931+0000] {processor.py:161} INFO - Started process (PID=4157) to work on /opt/airflow/dags/sodai_pipeline_dag.py
[2025-11-18T19:07:35.932+0000] {processor.py:830} INFO - Processing file /opt/airflow/dags/sodai_pipeline_dag.py for tasks to queue
[2025-11-18T19:07:35.933+0000] {logging_mixin.py:188} INFO - [2025-11-18T19:07:35.933+0000] {dagbag.py:540} INFO - Filling up the DagBag from /opt/airflow/dags/sodai_pipeline_dag.py
[2025-11-18T19:07:35.946+0000] {processor.py:840} INFO - DAG(s) 'sodai_training_and_scoring' retrieved from /opt/airflow/dags/sodai_pipeline_dag.py
[2025-11-18T19:07:35.966+0000] {logging_mixin.py:188} INFO - [2025-11-18T19:07:35.966+0000] {dag.py:3096} INFO - Sync 1 DAGs
[2025-11-18T19:07:35.975+0000] {logging_mixin.py:188} INFO - [2025-11-18T19:07:35.975+0000] {dag.py:3954} INFO - Setting next_dagrun for sodai_training_and_scoring to None, run_after=None
[2025-11-18T19:07:35.991+0000] {processor.py:183} INFO - Processing /opt/airflow/dags/sodai_pipeline_dag.py took 0.064 seconds
[2025-11-18T19:08:06.471+0000] {processor.py:161} INFO - Started process (PID=4167) to work on /opt/airflow/dags/sodai_pipeline_dag.py
[2025-11-18T19:08:06.472+0000] {processor.py:830} INFO - Processing file /opt/airflow/dags/sodai_pipeline_dag.py for tasks to queue
[2025-11-18T19:08:06.474+0000] {logging_mixin.py:188} INFO - [2025-11-18T19:08:06.474+0000] {dagbag.py:540} INFO - Filling up the DagBag from /opt/airflow/dags/sodai_pipeline_dag.py
[2025-11-18T19:08:06.492+0000] {processor.py:840} INFO - DAG(s) 'sodai_training_and_scoring' retrieved from /opt/airflow/dags/sodai_pipeline_dag.py
[2025-11-18T19:08:06.512+0000] {logging_mixin.py:188} INFO - [2025-11-18T19:08:06.512+0000] {dag.py:3096} INFO - Sync 1 DAGs
[2025-11-18T19:08:06.522+0000] {logging_mixin.py:188} INFO - [2025-11-18T19:08:06.522+0000] {dag.py:3954} INFO - Setting next_dagrun for sodai_training_and_scoring to None, run_after=None
[2025-11-18T19:08:06.536+0000] {processor.py:183} INFO - Processing /opt/airflow/dags/sodai_pipeline_dag.py took 0.069 seconds
[2025-11-18T19:08:37.109+0000] {processor.py:161} INFO - Started process (PID=4177) to work on /opt/airflow/dags/sodai_pipeline_dag.py
[2025-11-18T19:08:37.110+0000] {processor.py:830} INFO - Processing file /opt/airflow/dags/sodai_pipeline_dag.py for tasks to queue
[2025-11-18T19:08:37.113+0000] {logging_mixin.py:188} INFO - [2025-11-18T19:08:37.113+0000] {dagbag.py:540} INFO - Filling up the DagBag from /opt/airflow/dags/sodai_pipeline_dag.py
[2025-11-18T19:08:37.165+0000] {processor.py:840} INFO - DAG(s) 'sodai_training_and_scoring' retrieved from /opt/airflow/dags/sodai_pipeline_dag.py
[2025-11-18T19:08:37.186+0000] {logging_mixin.py:188} INFO - [2025-11-18T19:08:37.186+0000] {dag.py:3096} INFO - Sync 1 DAGs
[2025-11-18T19:08:37.201+0000] {logging_mixin.py:188} INFO - [2025-11-18T19:08:37.201+0000] {dag.py:3954} INFO - Setting next_dagrun for sodai_training_and_scoring to None, run_after=None
[2025-11-18T19:08:37.224+0000] {processor.py:183} INFO - Processing /opt/airflow/dags/sodai_pipeline_dag.py took 0.120 seconds
[2025-11-18T19:09:08.219+0000] {processor.py:161} INFO - Started process (PID=4187) to work on /opt/airflow/dags/sodai_pipeline_dag.py
[2025-11-18T19:09:08.221+0000] {processor.py:830} INFO - Processing file /opt/airflow/dags/sodai_pipeline_dag.py for tasks to queue
[2025-11-18T19:09:08.222+0000] {logging_mixin.py:188} INFO - [2025-11-18T19:09:08.222+0000] {dagbag.py:540} INFO - Filling up the DagBag from /opt/airflow/dags/sodai_pipeline_dag.py
[2025-11-18T19:09:08.243+0000] {processor.py:840} INFO - DAG(s) 'sodai_training_and_scoring' retrieved from /opt/airflow/dags/sodai_pipeline_dag.py
[2025-11-18T19:09:08.266+0000] {logging_mixin.py:188} INFO - [2025-11-18T19:09:08.266+0000] {dag.py:3096} INFO - Sync 1 DAGs
[2025-11-18T19:09:08.275+0000] {logging_mixin.py:188} INFO - [2025-11-18T19:09:08.275+0000] {dag.py:3954} INFO - Setting next_dagrun for sodai_training_and_scoring to None, run_after=None
[2025-11-18T19:09:08.289+0000] {processor.py:183} INFO - Processing /opt/airflow/dags/sodai_pipeline_dag.py took 0.075 seconds
[2025-11-18T19:09:38.775+0000] {processor.py:161} INFO - Started process (PID=4197) to work on /opt/airflow/dags/sodai_pipeline_dag.py
[2025-11-18T19:09:38.775+0000] {processor.py:830} INFO - Processing file /opt/airflow/dags/sodai_pipeline_dag.py for tasks to queue
[2025-11-18T19:09:38.779+0000] {logging_mixin.py:188} INFO - [2025-11-18T19:09:38.779+0000] {dagbag.py:540} INFO - Filling up the DagBag from /opt/airflow/dags/sodai_pipeline_dag.py
[2025-11-18T19:09:38.797+0000] {processor.py:840} INFO - DAG(s) 'sodai_training_and_scoring' retrieved from /opt/airflow/dags/sodai_pipeline_dag.py
[2025-11-18T19:09:38.817+0000] {logging_mixin.py:188} INFO - [2025-11-18T19:09:38.817+0000] {dag.py:3096} INFO - Sync 1 DAGs
[2025-11-18T19:09:38.828+0000] {logging_mixin.py:188} INFO - [2025-11-18T19:09:38.827+0000] {dag.py:3954} INFO - Setting next_dagrun for sodai_training_and_scoring to None, run_after=None
[2025-11-18T19:09:38.839+0000] {processor.py:183} INFO - Processing /opt/airflow/dags/sodai_pipeline_dag.py took 0.069 seconds
[2025-11-18T19:10:09.636+0000] {processor.py:161} INFO - Started process (PID=4207) to work on /opt/airflow/dags/sodai_pipeline_dag.py
[2025-11-18T19:10:09.637+0000] {processor.py:830} INFO - Processing file /opt/airflow/dags/sodai_pipeline_dag.py for tasks to queue
[2025-11-18T19:10:09.639+0000] {logging_mixin.py:188} INFO - [2025-11-18T19:10:09.638+0000] {dagbag.py:540} INFO - Filling up the DagBag from /opt/airflow/dags/sodai_pipeline_dag.py
[2025-11-18T19:10:09.653+0000] {processor.py:840} INFO - DAG(s) 'sodai_training_and_scoring' retrieved from /opt/airflow/dags/sodai_pipeline_dag.py
[2025-11-18T19:10:09.673+0000] {logging_mixin.py:188} INFO - [2025-11-18T19:10:09.673+0000] {dag.py:3096} INFO - Sync 1 DAGs
[2025-11-18T19:10:09.683+0000] {logging_mixin.py:188} INFO - [2025-11-18T19:10:09.683+0000] {dag.py:3954} INFO - Setting next_dagrun for sodai_training_and_scoring to None, run_after=None
[2025-11-18T19:10:09.699+0000] {processor.py:183} INFO - Processing /opt/airflow/dags/sodai_pipeline_dag.py took 0.067 seconds
[2025-11-18T19:10:40.190+0000] {processor.py:161} INFO - Started process (PID=4217) to work on /opt/airflow/dags/sodai_pipeline_dag.py
[2025-11-18T19:10:40.191+0000] {processor.py:830} INFO - Processing file /opt/airflow/dags/sodai_pipeline_dag.py for tasks to queue
[2025-11-18T19:10:40.192+0000] {logging_mixin.py:188} INFO - [2025-11-18T19:10:40.192+0000] {dagbag.py:540} INFO - Filling up the DagBag from /opt/airflow/dags/sodai_pipeline_dag.py
[2025-11-18T19:10:40.205+0000] {processor.py:840} INFO - DAG(s) 'sodai_training_and_scoring' retrieved from /opt/airflow/dags/sodai_pipeline_dag.py
[2025-11-18T19:10:40.224+0000] {logging_mixin.py:188} INFO - [2025-11-18T19:10:40.223+0000] {dag.py:3096} INFO - Sync 1 DAGs
[2025-11-18T19:10:40.233+0000] {logging_mixin.py:188} INFO - [2025-11-18T19:10:40.232+0000] {dag.py:3954} INFO - Setting next_dagrun for sodai_training_and_scoring to None, run_after=None
[2025-11-18T19:10:40.244+0000] {processor.py:183} INFO - Processing /opt/airflow/dags/sodai_pipeline_dag.py took 0.060 seconds
[2025-11-18T19:11:10.708+0000] {processor.py:161} INFO - Started process (PID=4227) to work on /opt/airflow/dags/sodai_pipeline_dag.py
[2025-11-18T19:11:10.714+0000] {processor.py:830} INFO - Processing file /opt/airflow/dags/sodai_pipeline_dag.py for tasks to queue
[2025-11-18T19:11:10.716+0000] {logging_mixin.py:188} INFO - [2025-11-18T19:11:10.716+0000] {dagbag.py:540} INFO - Filling up the DagBag from /opt/airflow/dags/sodai_pipeline_dag.py
[2025-11-18T19:11:10.728+0000] {processor.py:840} INFO - DAG(s) 'sodai_training_and_scoring' retrieved from /opt/airflow/dags/sodai_pipeline_dag.py
[2025-11-18T19:11:10.749+0000] {logging_mixin.py:188} INFO - [2025-11-18T19:11:10.748+0000] {dag.py:3096} INFO - Sync 1 DAGs
[2025-11-18T19:11:10.759+0000] {logging_mixin.py:188} INFO - [2025-11-18T19:11:10.758+0000] {dag.py:3954} INFO - Setting next_dagrun for sodai_training_and_scoring to None, run_after=None
[2025-11-18T19:11:10.805+0000] {processor.py:183} INFO - Processing /opt/airflow/dags/sodai_pipeline_dag.py took 0.101 seconds
[2025-11-18T19:11:41.302+0000] {processor.py:161} INFO - Started process (PID=4237) to work on /opt/airflow/dags/sodai_pipeline_dag.py
[2025-11-18T19:11:41.303+0000] {processor.py:830} INFO - Processing file /opt/airflow/dags/sodai_pipeline_dag.py for tasks to queue
[2025-11-18T19:11:41.305+0000] {logging_mixin.py:188} INFO - [2025-11-18T19:11:41.305+0000] {dagbag.py:540} INFO - Filling up the DagBag from /opt/airflow/dags/sodai_pipeline_dag.py
[2025-11-18T19:11:41.328+0000] {processor.py:840} INFO - DAG(s) 'sodai_training_and_scoring' retrieved from /opt/airflow/dags/sodai_pipeline_dag.py
[2025-11-18T19:11:41.351+0000] {logging_mixin.py:188} INFO - [2025-11-18T19:11:41.351+0000] {dag.py:3096} INFO - Sync 1 DAGs
[2025-11-18T19:11:41.362+0000] {logging_mixin.py:188} INFO - [2025-11-18T19:11:41.362+0000] {dag.py:3954} INFO - Setting next_dagrun for sodai_training_and_scoring to None, run_after=None
[2025-11-18T19:11:41.381+0000] {processor.py:183} INFO - Processing /opt/airflow/dags/sodai_pipeline_dag.py took 0.083 seconds
[2025-11-18T19:12:12.270+0000] {processor.py:161} INFO - Started process (PID=4247) to work on /opt/airflow/dags/sodai_pipeline_dag.py
[2025-11-18T19:12:12.271+0000] {processor.py:830} INFO - Processing file /opt/airflow/dags/sodai_pipeline_dag.py for tasks to queue
[2025-11-18T19:12:12.273+0000] {logging_mixin.py:188} INFO - [2025-11-18T19:12:12.272+0000] {dagbag.py:540} INFO - Filling up the DagBag from /opt/airflow/dags/sodai_pipeline_dag.py
[2025-11-18T19:12:12.293+0000] {processor.py:840} INFO - DAG(s) 'sodai_training_and_scoring' retrieved from /opt/airflow/dags/sodai_pipeline_dag.py
[2025-11-18T19:12:12.314+0000] {logging_mixin.py:188} INFO - [2025-11-18T19:12:12.314+0000] {dag.py:3096} INFO - Sync 1 DAGs
[2025-11-18T19:12:12.323+0000] {logging_mixin.py:188} INFO - [2025-11-18T19:12:12.323+0000] {dag.py:3954} INFO - Setting next_dagrun for sodai_training_and_scoring to None, run_after=None
[2025-11-18T19:12:12.336+0000] {processor.py:183} INFO - Processing /opt/airflow/dags/sodai_pipeline_dag.py took 0.071 seconds
[2025-11-18T19:12:42.947+0000] {processor.py:161} INFO - Started process (PID=4257) to work on /opt/airflow/dags/sodai_pipeline_dag.py
[2025-11-18T19:12:42.947+0000] {processor.py:830} INFO - Processing file /opt/airflow/dags/sodai_pipeline_dag.py for tasks to queue
[2025-11-18T19:12:42.949+0000] {logging_mixin.py:188} INFO - [2025-11-18T19:12:42.949+0000] {dagbag.py:540} INFO - Filling up the DagBag from /opt/airflow/dags/sodai_pipeline_dag.py
[2025-11-18T19:12:42.967+0000] {processor.py:840} INFO - DAG(s) 'sodai_training_and_scoring' retrieved from /opt/airflow/dags/sodai_pipeline_dag.py
[2025-11-18T19:12:42.986+0000] {logging_mixin.py:188} INFO - [2025-11-18T19:12:42.985+0000] {dag.py:3096} INFO - Sync 1 DAGs
[2025-11-18T19:12:42.998+0000] {logging_mixin.py:188} INFO - [2025-11-18T19:12:42.998+0000] {dag.py:3954} INFO - Setting next_dagrun for sodai_training_and_scoring to None, run_after=None
[2025-11-18T19:12:43.010+0000] {processor.py:183} INFO - Processing /opt/airflow/dags/sodai_pipeline_dag.py took 0.068 seconds
[2025-11-18T19:13:13.731+0000] {processor.py:161} INFO - Started process (PID=4267) to work on /opt/airflow/dags/sodai_pipeline_dag.py
[2025-11-18T19:13:13.732+0000] {processor.py:830} INFO - Processing file /opt/airflow/dags/sodai_pipeline_dag.py for tasks to queue
[2025-11-18T19:13:13.733+0000] {logging_mixin.py:188} INFO - [2025-11-18T19:13:13.733+0000] {dagbag.py:540} INFO - Filling up the DagBag from /opt/airflow/dags/sodai_pipeline_dag.py
[2025-11-18T19:13:13.747+0000] {processor.py:840} INFO - DAG(s) 'sodai_training_and_scoring' retrieved from /opt/airflow/dags/sodai_pipeline_dag.py
[2025-11-18T19:13:13.767+0000] {logging_mixin.py:188} INFO - [2025-11-18T19:13:13.766+0000] {dag.py:3096} INFO - Sync 1 DAGs
[2025-11-18T19:13:13.775+0000] {logging_mixin.py:188} INFO - [2025-11-18T19:13:13.775+0000] {dag.py:3954} INFO - Setting next_dagrun for sodai_training_and_scoring to None, run_after=None
[2025-11-18T19:13:13.787+0000] {processor.py:183} INFO - Processing /opt/airflow/dags/sodai_pipeline_dag.py took 0.060 seconds
[2025-11-18T19:13:44.504+0000] {processor.py:161} INFO - Started process (PID=4277) to work on /opt/airflow/dags/sodai_pipeline_dag.py
[2025-11-18T19:13:44.506+0000] {processor.py:830} INFO - Processing file /opt/airflow/dags/sodai_pipeline_dag.py for tasks to queue
[2025-11-18T19:13:44.508+0000] {logging_mixin.py:188} INFO - [2025-11-18T19:13:44.508+0000] {dagbag.py:540} INFO - Filling up the DagBag from /opt/airflow/dags/sodai_pipeline_dag.py
[2025-11-18T19:13:44.530+0000] {processor.py:840} INFO - DAG(s) 'sodai_training_and_scoring' retrieved from /opt/airflow/dags/sodai_pipeline_dag.py
[2025-11-18T19:13:44.552+0000] {logging_mixin.py:188} INFO - [2025-11-18T19:13:44.552+0000] {dag.py:3096} INFO - Sync 1 DAGs
[2025-11-18T19:13:44.574+0000] {logging_mixin.py:188} INFO - [2025-11-18T19:13:44.573+0000] {dag.py:3954} INFO - Setting next_dagrun for sodai_training_and_scoring to None, run_after=None
[2025-11-18T19:13:44.617+0000] {processor.py:183} INFO - Processing /opt/airflow/dags/sodai_pipeline_dag.py took 0.118 seconds
[2025-11-18T19:14:15.493+0000] {processor.py:161} INFO - Started process (PID=4287) to work on /opt/airflow/dags/sodai_pipeline_dag.py
[2025-11-18T19:14:15.494+0000] {processor.py:830} INFO - Processing file /opt/airflow/dags/sodai_pipeline_dag.py for tasks to queue
[2025-11-18T19:14:15.496+0000] {logging_mixin.py:188} INFO - [2025-11-18T19:14:15.495+0000] {dagbag.py:540} INFO - Filling up the DagBag from /opt/airflow/dags/sodai_pipeline_dag.py
[2025-11-18T19:14:15.510+0000] {processor.py:840} INFO - DAG(s) 'sodai_training_and_scoring' retrieved from /opt/airflow/dags/sodai_pipeline_dag.py
[2025-11-18T19:14:15.529+0000] {logging_mixin.py:188} INFO - [2025-11-18T19:14:15.529+0000] {dag.py:3096} INFO - Sync 1 DAGs
[2025-11-18T19:14:15.539+0000] {logging_mixin.py:188} INFO - [2025-11-18T19:14:15.539+0000] {dag.py:3954} INFO - Setting next_dagrun for sodai_training_and_scoring to None, run_after=None
[2025-11-18T19:14:15.554+0000] {processor.py:183} INFO - Processing /opt/airflow/dags/sodai_pipeline_dag.py took 0.065 seconds
[2025-11-18T19:14:46.143+0000] {processor.py:161} INFO - Started process (PID=4297) to work on /opt/airflow/dags/sodai_pipeline_dag.py
[2025-11-18T19:14:46.144+0000] {processor.py:830} INFO - Processing file /opt/airflow/dags/sodai_pipeline_dag.py for tasks to queue
[2025-11-18T19:14:46.146+0000] {logging_mixin.py:188} INFO - [2025-11-18T19:14:46.145+0000] {dagbag.py:540} INFO - Filling up the DagBag from /opt/airflow/dags/sodai_pipeline_dag.py
[2025-11-18T19:14:46.162+0000] {processor.py:840} INFO - DAG(s) 'sodai_training_and_scoring' retrieved from /opt/airflow/dags/sodai_pipeline_dag.py
[2025-11-18T19:14:46.181+0000] {logging_mixin.py:188} INFO - [2025-11-18T19:14:46.181+0000] {dag.py:3096} INFO - Sync 1 DAGs
[2025-11-18T19:14:46.190+0000] {logging_mixin.py:188} INFO - [2025-11-18T19:14:46.190+0000] {dag.py:3954} INFO - Setting next_dagrun for sodai_training_and_scoring to None, run_after=None
[2025-11-18T19:14:46.202+0000] {processor.py:183} INFO - Processing /opt/airflow/dags/sodai_pipeline_dag.py took 0.064 seconds
[2025-11-18T19:15:16.659+0000] {processor.py:161} INFO - Started process (PID=4307) to work on /opt/airflow/dags/sodai_pipeline_dag.py
[2025-11-18T19:15:16.660+0000] {processor.py:830} INFO - Processing file /opt/airflow/dags/sodai_pipeline_dag.py for tasks to queue
[2025-11-18T19:15:16.662+0000] {logging_mixin.py:188} INFO - [2025-11-18T19:15:16.662+0000] {dagbag.py:540} INFO - Filling up the DagBag from /opt/airflow/dags/sodai_pipeline_dag.py
[2025-11-18T19:15:16.675+0000] {processor.py:840} INFO - DAG(s) 'sodai_training_and_scoring' retrieved from /opt/airflow/dags/sodai_pipeline_dag.py
[2025-11-18T19:15:16.695+0000] {logging_mixin.py:188} INFO - [2025-11-18T19:15:16.695+0000] {dag.py:3096} INFO - Sync 1 DAGs
[2025-11-18T19:15:16.705+0000] {logging_mixin.py:188} INFO - [2025-11-18T19:15:16.705+0000] {dag.py:3954} INFO - Setting next_dagrun for sodai_training_and_scoring to None, run_after=None
[2025-11-18T19:15:16.717+0000] {processor.py:183} INFO - Processing /opt/airflow/dags/sodai_pipeline_dag.py took 0.063 seconds
[2025-11-18T19:15:47.243+0000] {processor.py:161} INFO - Started process (PID=4317) to work on /opt/airflow/dags/sodai_pipeline_dag.py
[2025-11-18T19:15:47.243+0000] {processor.py:830} INFO - Processing file /opt/airflow/dags/sodai_pipeline_dag.py for tasks to queue
[2025-11-18T19:15:47.245+0000] {logging_mixin.py:188} INFO - [2025-11-18T19:15:47.245+0000] {dagbag.py:540} INFO - Filling up the DagBag from /opt/airflow/dags/sodai_pipeline_dag.py
[2025-11-18T19:15:47.259+0000] {processor.py:840} INFO - DAG(s) 'sodai_training_and_scoring' retrieved from /opt/airflow/dags/sodai_pipeline_dag.py
[2025-11-18T19:15:47.279+0000] {logging_mixin.py:188} INFO - [2025-11-18T19:15:47.279+0000] {dag.py:3096} INFO - Sync 1 DAGs
[2025-11-18T19:15:47.289+0000] {logging_mixin.py:188} INFO - [2025-11-18T19:15:47.288+0000] {dag.py:3954} INFO - Setting next_dagrun for sodai_training_and_scoring to None, run_after=None
[2025-11-18T19:15:47.300+0000] {processor.py:183} INFO - Processing /opt/airflow/dags/sodai_pipeline_dag.py took 0.063 seconds
[2025-11-18T19:16:17.863+0000] {processor.py:161} INFO - Started process (PID=4327) to work on /opt/airflow/dags/sodai_pipeline_dag.py
[2025-11-18T19:16:17.865+0000] {processor.py:830} INFO - Processing file /opt/airflow/dags/sodai_pipeline_dag.py for tasks to queue
[2025-11-18T19:16:17.867+0000] {logging_mixin.py:188} INFO - [2025-11-18T19:16:17.867+0000] {dagbag.py:540} INFO - Filling up the DagBag from /opt/airflow/dags/sodai_pipeline_dag.py
[2025-11-18T19:16:17.880+0000] {processor.py:840} INFO - DAG(s) 'sodai_training_and_scoring' retrieved from /opt/airflow/dags/sodai_pipeline_dag.py
[2025-11-18T19:16:17.903+0000] {logging_mixin.py:188} INFO - [2025-11-18T19:16:17.902+0000] {dag.py:3096} INFO - Sync 1 DAGs
[2025-11-18T19:16:17.912+0000] {logging_mixin.py:188} INFO - [2025-11-18T19:16:17.912+0000] {dag.py:3954} INFO - Setting next_dagrun for sodai_training_and_scoring to None, run_after=None
[2025-11-18T19:16:17.925+0000] {processor.py:183} INFO - Processing /opt/airflow/dags/sodai_pipeline_dag.py took 0.066 seconds
[2025-11-18T19:16:48.425+0000] {processor.py:161} INFO - Started process (PID=4337) to work on /opt/airflow/dags/sodai_pipeline_dag.py
[2025-11-18T19:16:48.426+0000] {processor.py:830} INFO - Processing file /opt/airflow/dags/sodai_pipeline_dag.py for tasks to queue
[2025-11-18T19:16:48.427+0000] {logging_mixin.py:188} INFO - [2025-11-18T19:16:48.427+0000] {dagbag.py:540} INFO - Filling up the DagBag from /opt/airflow/dags/sodai_pipeline_dag.py
[2025-11-18T19:16:48.440+0000] {processor.py:840} INFO - DAG(s) 'sodai_training_and_scoring' retrieved from /opt/airflow/dags/sodai_pipeline_dag.py
[2025-11-18T19:16:48.460+0000] {logging_mixin.py:188} INFO - [2025-11-18T19:16:48.460+0000] {dag.py:3096} INFO - Sync 1 DAGs
[2025-11-18T19:16:48.471+0000] {logging_mixin.py:188} INFO - [2025-11-18T19:16:48.471+0000] {dag.py:3954} INFO - Setting next_dagrun for sodai_training_and_scoring to None, run_after=None
[2025-11-18T19:16:48.488+0000] {processor.py:183} INFO - Processing /opt/airflow/dags/sodai_pipeline_dag.py took 0.068 seconds
[2025-11-18T19:17:19.064+0000] {processor.py:161} INFO - Started process (PID=4347) to work on /opt/airflow/dags/sodai_pipeline_dag.py
[2025-11-18T19:17:19.065+0000] {processor.py:830} INFO - Processing file /opt/airflow/dags/sodai_pipeline_dag.py for tasks to queue
[2025-11-18T19:17:19.066+0000] {logging_mixin.py:188} INFO - [2025-11-18T19:17:19.066+0000] {dagbag.py:540} INFO - Filling up the DagBag from /opt/airflow/dags/sodai_pipeline_dag.py
[2025-11-18T19:17:19.084+0000] {processor.py:840} INFO - DAG(s) 'sodai_training_and_scoring' retrieved from /opt/airflow/dags/sodai_pipeline_dag.py
[2025-11-18T19:17:19.104+0000] {logging_mixin.py:188} INFO - [2025-11-18T19:17:19.103+0000] {dag.py:3096} INFO - Sync 1 DAGs
[2025-11-18T19:17:19.113+0000] {logging_mixin.py:188} INFO - [2025-11-18T19:17:19.113+0000] {dag.py:3954} INFO - Setting next_dagrun for sodai_training_and_scoring to None, run_after=None
[2025-11-18T19:17:19.136+0000] {processor.py:183} INFO - Processing /opt/airflow/dags/sodai_pipeline_dag.py took 0.076 seconds
[2025-11-18T19:17:49.740+0000] {processor.py:161} INFO - Started process (PID=4357) to work on /opt/airflow/dags/sodai_pipeline_dag.py
[2025-11-18T19:17:49.741+0000] {processor.py:830} INFO - Processing file /opt/airflow/dags/sodai_pipeline_dag.py for tasks to queue
[2025-11-18T19:17:49.743+0000] {logging_mixin.py:188} INFO - [2025-11-18T19:17:49.743+0000] {dagbag.py:540} INFO - Filling up the DagBag from /opt/airflow/dags/sodai_pipeline_dag.py
[2025-11-18T19:17:49.756+0000] {processor.py:840} INFO - DAG(s) 'sodai_training_and_scoring' retrieved from /opt/airflow/dags/sodai_pipeline_dag.py
[2025-11-18T19:17:49.777+0000] {logging_mixin.py:188} INFO - [2025-11-18T19:17:49.776+0000] {dag.py:3096} INFO - Sync 1 DAGs
[2025-11-18T19:17:49.786+0000] {logging_mixin.py:188} INFO - [2025-11-18T19:17:49.786+0000] {dag.py:3954} INFO - Setting next_dagrun for sodai_training_and_scoring to None, run_after=None
[2025-11-18T19:17:49.803+0000] {processor.py:183} INFO - Processing /opt/airflow/dags/sodai_pipeline_dag.py took 0.068 seconds
[2025-11-18T19:18:20.554+0000] {processor.py:161} INFO - Started process (PID=4367) to work on /opt/airflow/dags/sodai_pipeline_dag.py
[2025-11-18T19:18:20.555+0000] {processor.py:830} INFO - Processing file /opt/airflow/dags/sodai_pipeline_dag.py for tasks to queue
[2025-11-18T19:18:20.556+0000] {logging_mixin.py:188} INFO - [2025-11-18T19:18:20.556+0000] {dagbag.py:540} INFO - Filling up the DagBag from /opt/airflow/dags/sodai_pipeline_dag.py
[2025-11-18T19:18:20.569+0000] {processor.py:840} INFO - DAG(s) 'sodai_training_and_scoring' retrieved from /opt/airflow/dags/sodai_pipeline_dag.py
[2025-11-18T19:18:20.587+0000] {logging_mixin.py:188} INFO - [2025-11-18T19:18:20.587+0000] {dag.py:3096} INFO - Sync 1 DAGs
[2025-11-18T19:18:20.600+0000] {logging_mixin.py:188} INFO - [2025-11-18T19:18:20.600+0000] {dag.py:3954} INFO - Setting next_dagrun for sodai_training_and_scoring to None, run_after=None
[2025-11-18T19:18:20.611+0000] {processor.py:183} INFO - Processing /opt/airflow/dags/sodai_pipeline_dag.py took 0.062 seconds
[2025-11-18T19:18:51.094+0000] {processor.py:161} INFO - Started process (PID=4377) to work on /opt/airflow/dags/sodai_pipeline_dag.py
[2025-11-18T19:18:51.095+0000] {processor.py:830} INFO - Processing file /opt/airflow/dags/sodai_pipeline_dag.py for tasks to queue
[2025-11-18T19:18:51.097+0000] {logging_mixin.py:188} INFO - [2025-11-18T19:18:51.096+0000] {dagbag.py:540} INFO - Filling up the DagBag from /opt/airflow/dags/sodai_pipeline_dag.py
[2025-11-18T19:18:51.111+0000] {processor.py:840} INFO - DAG(s) 'sodai_training_and_scoring' retrieved from /opt/airflow/dags/sodai_pipeline_dag.py
[2025-11-18T19:18:51.131+0000] {logging_mixin.py:188} INFO - [2025-11-18T19:18:51.131+0000] {dag.py:3096} INFO - Sync 1 DAGs
[2025-11-18T19:18:51.140+0000] {logging_mixin.py:188} INFO - [2025-11-18T19:18:51.140+0000] {dag.py:3954} INFO - Setting next_dagrun for sodai_training_and_scoring to None, run_after=None
[2025-11-18T19:18:51.164+0000] {processor.py:183} INFO - Processing /opt/airflow/dags/sodai_pipeline_dag.py took 0.074 seconds
[2025-11-18T19:19:21.802+0000] {processor.py:161} INFO - Started process (PID=4387) to work on /opt/airflow/dags/sodai_pipeline_dag.py
[2025-11-18T19:19:21.803+0000] {processor.py:830} INFO - Processing file /opt/airflow/dags/sodai_pipeline_dag.py for tasks to queue
[2025-11-18T19:19:21.805+0000] {logging_mixin.py:188} INFO - [2025-11-18T19:19:21.804+0000] {dagbag.py:540} INFO - Filling up the DagBag from /opt/airflow/dags/sodai_pipeline_dag.py
[2025-11-18T19:19:21.818+0000] {processor.py:840} INFO - DAG(s) 'sodai_training_and_scoring' retrieved from /opt/airflow/dags/sodai_pipeline_dag.py
[2025-11-18T19:19:21.838+0000] {logging_mixin.py:188} INFO - [2025-11-18T19:19:21.838+0000] {dag.py:3096} INFO - Sync 1 DAGs
[2025-11-18T19:19:21.847+0000] {logging_mixin.py:188} INFO - [2025-11-18T19:19:21.847+0000] {dag.py:3954} INFO - Setting next_dagrun for sodai_training_and_scoring to None, run_after=None
[2025-11-18T19:19:21.860+0000] {processor.py:183} INFO - Processing /opt/airflow/dags/sodai_pipeline_dag.py took 0.063 seconds
[2025-11-18T19:19:52.386+0000] {processor.py:161} INFO - Started process (PID=4397) to work on /opt/airflow/dags/sodai_pipeline_dag.py
[2025-11-18T19:19:52.386+0000] {processor.py:830} INFO - Processing file /opt/airflow/dags/sodai_pipeline_dag.py for tasks to queue
[2025-11-18T19:19:52.388+0000] {logging_mixin.py:188} INFO - [2025-11-18T19:19:52.388+0000] {dagbag.py:540} INFO - Filling up the DagBag from /opt/airflow/dags/sodai_pipeline_dag.py
[2025-11-18T19:19:52.402+0000] {processor.py:840} INFO - DAG(s) 'sodai_training_and_scoring' retrieved from /opt/airflow/dags/sodai_pipeline_dag.py
[2025-11-18T19:19:52.421+0000] {logging_mixin.py:188} INFO - [2025-11-18T19:19:52.421+0000] {dag.py:3096} INFO - Sync 1 DAGs
[2025-11-18T19:19:52.431+0000] {logging_mixin.py:188} INFO - [2025-11-18T19:19:52.430+0000] {dag.py:3954} INFO - Setting next_dagrun for sodai_training_and_scoring to None, run_after=None
[2025-11-18T19:19:52.450+0000] {processor.py:183} INFO - Processing /opt/airflow/dags/sodai_pipeline_dag.py took 0.069 seconds
[2025-11-18T19:20:22.989+0000] {processor.py:161} INFO - Started process (PID=4407) to work on /opt/airflow/dags/sodai_pipeline_dag.py
[2025-11-18T19:20:22.990+0000] {processor.py:830} INFO - Processing file /opt/airflow/dags/sodai_pipeline_dag.py for tasks to queue
[2025-11-18T19:20:22.991+0000] {logging_mixin.py:188} INFO - [2025-11-18T19:20:22.991+0000] {dagbag.py:540} INFO - Filling up the DagBag from /opt/airflow/dags/sodai_pipeline_dag.py
[2025-11-18T19:20:23.010+0000] {processor.py:840} INFO - DAG(s) 'sodai_training_and_scoring' retrieved from /opt/airflow/dags/sodai_pipeline_dag.py
[2025-11-18T19:20:23.029+0000] {logging_mixin.py:188} INFO - [2025-11-18T19:20:23.029+0000] {dag.py:3096} INFO - Sync 1 DAGs
[2025-11-18T19:20:23.040+0000] {logging_mixin.py:188} INFO - [2025-11-18T19:20:23.039+0000] {dag.py:3954} INFO - Setting next_dagrun for sodai_training_and_scoring to None, run_after=None
[2025-11-18T19:20:23.053+0000] {processor.py:183} INFO - Processing /opt/airflow/dags/sodai_pipeline_dag.py took 0.068 seconds
[2025-11-18T19:20:53.772+0000] {processor.py:161} INFO - Started process (PID=4417) to work on /opt/airflow/dags/sodai_pipeline_dag.py
[2025-11-18T19:20:53.773+0000] {processor.py:830} INFO - Processing file /opt/airflow/dags/sodai_pipeline_dag.py for tasks to queue
[2025-11-18T19:20:53.775+0000] {logging_mixin.py:188} INFO - [2025-11-18T19:20:53.774+0000] {dagbag.py:540} INFO - Filling up the DagBag from /opt/airflow/dags/sodai_pipeline_dag.py
[2025-11-18T19:20:53.788+0000] {processor.py:840} INFO - DAG(s) 'sodai_training_and_scoring' retrieved from /opt/airflow/dags/sodai_pipeline_dag.py
[2025-11-18T19:20:53.808+0000] {logging_mixin.py:188} INFO - [2025-11-18T19:20:53.808+0000] {dag.py:3096} INFO - Sync 1 DAGs
[2025-11-18T19:20:53.817+0000] {logging_mixin.py:188} INFO - [2025-11-18T19:20:53.817+0000] {dag.py:3954} INFO - Setting next_dagrun for sodai_training_and_scoring to None, run_after=None
[2025-11-18T19:20:53.831+0000] {processor.py:183} INFO - Processing /opt/airflow/dags/sodai_pipeline_dag.py took 0.063 seconds
[2025-11-18T19:21:24.712+0000] {processor.py:161} INFO - Started process (PID=4427) to work on /opt/airflow/dags/sodai_pipeline_dag.py
[2025-11-18T19:21:24.714+0000] {processor.py:830} INFO - Processing file /opt/airflow/dags/sodai_pipeline_dag.py for tasks to queue
[2025-11-18T19:21:24.715+0000] {logging_mixin.py:188} INFO - [2025-11-18T19:21:24.715+0000] {dagbag.py:540} INFO - Filling up the DagBag from /opt/airflow/dags/sodai_pipeline_dag.py
[2025-11-18T19:21:24.735+0000] {processor.py:840} INFO - DAG(s) 'sodai_training_and_scoring' retrieved from /opt/airflow/dags/sodai_pipeline_dag.py
[2025-11-18T19:21:24.755+0000] {logging_mixin.py:188} INFO - [2025-11-18T19:21:24.755+0000] {dag.py:3096} INFO - Sync 1 DAGs
[2025-11-18T19:21:24.769+0000] {logging_mixin.py:188} INFO - [2025-11-18T19:21:24.769+0000] {dag.py:3954} INFO - Setting next_dagrun for sodai_training_and_scoring to None, run_after=None
[2025-11-18T19:21:24.780+0000] {processor.py:183} INFO - Processing /opt/airflow/dags/sodai_pipeline_dag.py took 0.072 seconds
[2025-11-18T19:21:55.460+0000] {processor.py:161} INFO - Started process (PID=4437) to work on /opt/airflow/dags/sodai_pipeline_dag.py
[2025-11-18T19:21:55.461+0000] {processor.py:830} INFO - Processing file /opt/airflow/dags/sodai_pipeline_dag.py for tasks to queue
[2025-11-18T19:21:55.462+0000] {logging_mixin.py:188} INFO - [2025-11-18T19:21:55.462+0000] {dagbag.py:540} INFO - Filling up the DagBag from /opt/airflow/dags/sodai_pipeline_dag.py
[2025-11-18T19:21:55.475+0000] {processor.py:840} INFO - DAG(s) 'sodai_training_and_scoring' retrieved from /opt/airflow/dags/sodai_pipeline_dag.py
[2025-11-18T19:21:55.496+0000] {logging_mixin.py:188} INFO - [2025-11-18T19:21:55.496+0000] {dag.py:3096} INFO - Sync 1 DAGs
[2025-11-18T19:21:55.505+0000] {logging_mixin.py:188} INFO - [2025-11-18T19:21:55.505+0000] {dag.py:3954} INFO - Setting next_dagrun for sodai_training_and_scoring to None, run_after=None
[2025-11-18T19:21:55.516+0000] {processor.py:183} INFO - Processing /opt/airflow/dags/sodai_pipeline_dag.py took 0.060 seconds
[2025-11-18T19:22:26.223+0000] {processor.py:161} INFO - Started process (PID=4447) to work on /opt/airflow/dags/sodai_pipeline_dag.py
[2025-11-18T19:22:26.224+0000] {processor.py:830} INFO - Processing file /opt/airflow/dags/sodai_pipeline_dag.py for tasks to queue
[2025-11-18T19:22:26.226+0000] {logging_mixin.py:188} INFO - [2025-11-18T19:22:26.225+0000] {dagbag.py:540} INFO - Filling up the DagBag from /opt/airflow/dags/sodai_pipeline_dag.py
[2025-11-18T19:22:26.239+0000] {processor.py:840} INFO - DAG(s) 'sodai_training_and_scoring' retrieved from /opt/airflow/dags/sodai_pipeline_dag.py
[2025-11-18T19:22:26.261+0000] {logging_mixin.py:188} INFO - [2025-11-18T19:22:26.260+0000] {dag.py:3096} INFO - Sync 1 DAGs
[2025-11-18T19:22:26.269+0000] {logging_mixin.py:188} INFO - [2025-11-18T19:22:26.269+0000] {dag.py:3954} INFO - Setting next_dagrun for sodai_training_and_scoring to None, run_after=None
[2025-11-18T19:22:26.281+0000] {processor.py:183} INFO - Processing /opt/airflow/dags/sodai_pipeline_dag.py took 0.062 seconds
[2025-11-18T19:22:57.014+0000] {processor.py:161} INFO - Started process (PID=4457) to work on /opt/airflow/dags/sodai_pipeline_dag.py
[2025-11-18T19:22:57.014+0000] {processor.py:830} INFO - Processing file /opt/airflow/dags/sodai_pipeline_dag.py for tasks to queue
[2025-11-18T19:22:57.016+0000] {logging_mixin.py:188} INFO - [2025-11-18T19:22:57.016+0000] {dagbag.py:540} INFO - Filling up the DagBag from /opt/airflow/dags/sodai_pipeline_dag.py
[2025-11-18T19:22:57.029+0000] {processor.py:840} INFO - DAG(s) 'sodai_training_and_scoring' retrieved from /opt/airflow/dags/sodai_pipeline_dag.py
[2025-11-18T19:22:57.049+0000] {logging_mixin.py:188} INFO - [2025-11-18T19:22:57.049+0000] {dag.py:3096} INFO - Sync 1 DAGs
[2025-11-18T19:22:57.058+0000] {logging_mixin.py:188} INFO - [2025-11-18T19:22:57.058+0000] {dag.py:3954} INFO - Setting next_dagrun for sodai_training_and_scoring to None, run_after=None
[2025-11-18T19:22:57.070+0000] {processor.py:183} INFO - Processing /opt/airflow/dags/sodai_pipeline_dag.py took 0.061 seconds
[2025-11-18T19:23:27.814+0000] {processor.py:161} INFO - Started process (PID=4467) to work on /opt/airflow/dags/sodai_pipeline_dag.py
[2025-11-18T19:23:27.815+0000] {processor.py:830} INFO - Processing file /opt/airflow/dags/sodai_pipeline_dag.py for tasks to queue
[2025-11-18T19:23:27.818+0000] {logging_mixin.py:188} INFO - [2025-11-18T19:23:27.818+0000] {dagbag.py:540} INFO - Filling up the DagBag from /opt/airflow/dags/sodai_pipeline_dag.py
[2025-11-18T19:23:27.886+0000] {processor.py:840} INFO - DAG(s) 'sodai_training_and_scoring' retrieved from /opt/airflow/dags/sodai_pipeline_dag.py
[2025-11-18T19:23:27.910+0000] {logging_mixin.py:188} INFO - [2025-11-18T19:23:27.910+0000] {dag.py:3096} INFO - Sync 1 DAGs
[2025-11-18T19:23:27.922+0000] {logging_mixin.py:188} INFO - [2025-11-18T19:23:27.921+0000] {dag.py:3954} INFO - Setting next_dagrun for sodai_training_and_scoring to None, run_after=None
[2025-11-18T19:23:27.940+0000] {processor.py:183} INFO - Processing /opt/airflow/dags/sodai_pipeline_dag.py took 0.132 seconds
[2025-11-18T19:23:58.675+0000] {processor.py:161} INFO - Started process (PID=4477) to work on /opt/airflow/dags/sodai_pipeline_dag.py
[2025-11-18T19:23:58.676+0000] {processor.py:830} INFO - Processing file /opt/airflow/dags/sodai_pipeline_dag.py for tasks to queue
[2025-11-18T19:23:58.677+0000] {logging_mixin.py:188} INFO - [2025-11-18T19:23:58.677+0000] {dagbag.py:540} INFO - Filling up the DagBag from /opt/airflow/dags/sodai_pipeline_dag.py
[2025-11-18T19:23:58.691+0000] {processor.py:840} INFO - DAG(s) 'sodai_training_and_scoring' retrieved from /opt/airflow/dags/sodai_pipeline_dag.py
[2025-11-18T19:23:58.713+0000] {logging_mixin.py:188} INFO - [2025-11-18T19:23:58.712+0000] {dag.py:3096} INFO - Sync 1 DAGs
[2025-11-18T19:23:58.724+0000] {logging_mixin.py:188} INFO - [2025-11-18T19:23:58.724+0000] {dag.py:3954} INFO - Setting next_dagrun for sodai_training_and_scoring to None, run_after=None
[2025-11-18T19:23:58.765+0000] {processor.py:183} INFO - Processing /opt/airflow/dags/sodai_pipeline_dag.py took 0.094 seconds
[2025-11-18T19:24:29.508+0000] {processor.py:161} INFO - Started process (PID=4487) to work on /opt/airflow/dags/sodai_pipeline_dag.py
[2025-11-18T19:24:29.509+0000] {processor.py:830} INFO - Processing file /opt/airflow/dags/sodai_pipeline_dag.py for tasks to queue
[2025-11-18T19:24:29.511+0000] {logging_mixin.py:188} INFO - [2025-11-18T19:24:29.510+0000] {dagbag.py:540} INFO - Filling up the DagBag from /opt/airflow/dags/sodai_pipeline_dag.py
[2025-11-18T19:24:29.528+0000] {processor.py:840} INFO - DAG(s) 'sodai_training_and_scoring' retrieved from /opt/airflow/dags/sodai_pipeline_dag.py
[2025-11-18T19:24:29.551+0000] {logging_mixin.py:188} INFO - [2025-11-18T19:24:29.551+0000] {dag.py:3096} INFO - Sync 1 DAGs
[2025-11-18T19:24:29.560+0000] {logging_mixin.py:188} INFO - [2025-11-18T19:24:29.560+0000] {dag.py:3954} INFO - Setting next_dagrun for sodai_training_and_scoring to None, run_after=None
[2025-11-18T19:24:29.575+0000] {processor.py:183} INFO - Processing /opt/airflow/dags/sodai_pipeline_dag.py took 0.072 seconds
[2025-11-18T19:25:00.287+0000] {processor.py:161} INFO - Started process (PID=4497) to work on /opt/airflow/dags/sodai_pipeline_dag.py
[2025-11-18T19:25:00.291+0000] {processor.py:830} INFO - Processing file /opt/airflow/dags/sodai_pipeline_dag.py for tasks to queue
[2025-11-18T19:25:00.294+0000] {logging_mixin.py:188} INFO - [2025-11-18T19:25:00.294+0000] {dagbag.py:540} INFO - Filling up the DagBag from /opt/airflow/dags/sodai_pipeline_dag.py
[2025-11-18T19:25:00.307+0000] {processor.py:840} INFO - DAG(s) 'sodai_training_and_scoring' retrieved from /opt/airflow/dags/sodai_pipeline_dag.py
[2025-11-18T19:25:00.328+0000] {logging_mixin.py:188} INFO - [2025-11-18T19:25:00.328+0000] {dag.py:3096} INFO - Sync 1 DAGs
[2025-11-18T19:25:00.338+0000] {logging_mixin.py:188} INFO - [2025-11-18T19:25:00.338+0000] {dag.py:3954} INFO - Setting next_dagrun for sodai_training_and_scoring to None, run_after=None
[2025-11-18T19:25:00.359+0000] {processor.py:183} INFO - Processing /opt/airflow/dags/sodai_pipeline_dag.py took 0.077 seconds
[2025-11-18T19:25:31.003+0000] {processor.py:161} INFO - Started process (PID=4507) to work on /opt/airflow/dags/sodai_pipeline_dag.py
[2025-11-18T19:25:31.004+0000] {processor.py:830} INFO - Processing file /opt/airflow/dags/sodai_pipeline_dag.py for tasks to queue
[2025-11-18T19:25:31.006+0000] {logging_mixin.py:188} INFO - [2025-11-18T19:25:31.006+0000] {dagbag.py:540} INFO - Filling up the DagBag from /opt/airflow/dags/sodai_pipeline_dag.py
[2025-11-18T19:25:31.020+0000] {processor.py:840} INFO - DAG(s) 'sodai_training_and_scoring' retrieved from /opt/airflow/dags/sodai_pipeline_dag.py
[2025-11-18T19:25:31.041+0000] {logging_mixin.py:188} INFO - [2025-11-18T19:25:31.041+0000] {dag.py:3096} INFO - Sync 1 DAGs
[2025-11-18T19:25:31.056+0000] {logging_mixin.py:188} INFO - [2025-11-18T19:25:31.056+0000] {dag.py:3954} INFO - Setting next_dagrun for sodai_training_and_scoring to None, run_after=None
[2025-11-18T19:25:31.074+0000] {processor.py:183} INFO - Processing /opt/airflow/dags/sodai_pipeline_dag.py took 0.076 seconds
[2025-11-18T19:26:01.782+0000] {processor.py:161} INFO - Started process (PID=4517) to work on /opt/airflow/dags/sodai_pipeline_dag.py
[2025-11-18T19:26:01.783+0000] {processor.py:830} INFO - Processing file /opt/airflow/dags/sodai_pipeline_dag.py for tasks to queue
[2025-11-18T19:26:01.784+0000] {logging_mixin.py:188} INFO - [2025-11-18T19:26:01.784+0000] {dagbag.py:540} INFO - Filling up the DagBag from /opt/airflow/dags/sodai_pipeline_dag.py
[2025-11-18T19:26:01.803+0000] {processor.py:840} INFO - DAG(s) 'sodai_training_and_scoring' retrieved from /opt/airflow/dags/sodai_pipeline_dag.py
[2025-11-18T19:26:01.821+0000] {logging_mixin.py:188} INFO - [2025-11-18T19:26:01.821+0000] {dag.py:3096} INFO - Sync 1 DAGs
[2025-11-18T19:26:01.832+0000] {logging_mixin.py:188} INFO - [2025-11-18T19:26:01.832+0000] {dag.py:3954} INFO - Setting next_dagrun for sodai_training_and_scoring to None, run_after=None
[2025-11-18T19:26:01.845+0000] {processor.py:183} INFO - Processing /opt/airflow/dags/sodai_pipeline_dag.py took 0.067 seconds
[2025-11-18T19:26:32.404+0000] {processor.py:161} INFO - Started process (PID=4527) to work on /opt/airflow/dags/sodai_pipeline_dag.py
[2025-11-18T19:26:32.408+0000] {processor.py:830} INFO - Processing file /opt/airflow/dags/sodai_pipeline_dag.py for tasks to queue
[2025-11-18T19:26:32.411+0000] {logging_mixin.py:188} INFO - [2025-11-18T19:26:32.411+0000] {dagbag.py:540} INFO - Filling up the DagBag from /opt/airflow/dags/sodai_pipeline_dag.py
[2025-11-18T19:26:32.425+0000] {processor.py:840} INFO - DAG(s) 'sodai_training_and_scoring' retrieved from /opt/airflow/dags/sodai_pipeline_dag.py
[2025-11-18T19:26:32.446+0000] {logging_mixin.py:188} INFO - [2025-11-18T19:26:32.446+0000] {dag.py:3096} INFO - Sync 1 DAGs
[2025-11-18T19:26:32.455+0000] {logging_mixin.py:188} INFO - [2025-11-18T19:26:32.455+0000] {dag.py:3954} INFO - Setting next_dagrun for sodai_training_and_scoring to None, run_after=None
[2025-11-18T19:26:32.470+0000] {processor.py:183} INFO - Processing /opt/airflow/dags/sodai_pipeline_dag.py took 0.072 seconds
[2025-11-18T19:27:03.178+0000] {processor.py:161} INFO - Started process (PID=4537) to work on /opt/airflow/dags/sodai_pipeline_dag.py
[2025-11-18T19:27:03.179+0000] {processor.py:830} INFO - Processing file /opt/airflow/dags/sodai_pipeline_dag.py for tasks to queue
[2025-11-18T19:27:03.180+0000] {logging_mixin.py:188} INFO - [2025-11-18T19:27:03.180+0000] {dagbag.py:540} INFO - Filling up the DagBag from /opt/airflow/dags/sodai_pipeline_dag.py
[2025-11-18T19:27:03.193+0000] {processor.py:840} INFO - DAG(s) 'sodai_training_and_scoring' retrieved from /opt/airflow/dags/sodai_pipeline_dag.py
[2025-11-18T19:27:03.215+0000] {logging_mixin.py:188} INFO - [2025-11-18T19:27:03.215+0000] {dag.py:3096} INFO - Sync 1 DAGs
[2025-11-18T19:27:03.224+0000] {logging_mixin.py:188} INFO - [2025-11-18T19:27:03.224+0000] {dag.py:3954} INFO - Setting next_dagrun for sodai_training_and_scoring to None, run_after=None
[2025-11-18T19:27:03.236+0000] {processor.py:183} INFO - Processing /opt/airflow/dags/sodai_pipeline_dag.py took 0.062 seconds
[2025-11-18T19:27:34.102+0000] {processor.py:161} INFO - Started process (PID=4547) to work on /opt/airflow/dags/sodai_pipeline_dag.py
[2025-11-18T19:27:34.103+0000] {processor.py:830} INFO - Processing file /opt/airflow/dags/sodai_pipeline_dag.py for tasks to queue
[2025-11-18T19:27:34.105+0000] {logging_mixin.py:188} INFO - [2025-11-18T19:27:34.105+0000] {dagbag.py:540} INFO - Filling up the DagBag from /opt/airflow/dags/sodai_pipeline_dag.py
[2025-11-18T19:27:34.118+0000] {processor.py:840} INFO - DAG(s) 'sodai_training_and_scoring' retrieved from /opt/airflow/dags/sodai_pipeline_dag.py
[2025-11-18T19:27:34.136+0000] {logging_mixin.py:188} INFO - [2025-11-18T19:27:34.136+0000] {dag.py:3096} INFO - Sync 1 DAGs
[2025-11-18T19:27:34.146+0000] {logging_mixin.py:188} INFO - [2025-11-18T19:27:34.146+0000] {dag.py:3954} INFO - Setting next_dagrun for sodai_training_and_scoring to None, run_after=None
[2025-11-18T19:27:34.159+0000] {processor.py:183} INFO - Processing /opt/airflow/dags/sodai_pipeline_dag.py took 0.061 seconds
[2025-11-18T19:28:04.782+0000] {processor.py:161} INFO - Started process (PID=4557) to work on /opt/airflow/dags/sodai_pipeline_dag.py
[2025-11-18T19:28:04.783+0000] {processor.py:830} INFO - Processing file /opt/airflow/dags/sodai_pipeline_dag.py for tasks to queue
[2025-11-18T19:28:04.785+0000] {logging_mixin.py:188} INFO - [2025-11-18T19:28:04.785+0000] {dagbag.py:540} INFO - Filling up the DagBag from /opt/airflow/dags/sodai_pipeline_dag.py
[2025-11-18T19:28:04.805+0000] {processor.py:840} INFO - DAG(s) 'sodai_training_and_scoring' retrieved from /opt/airflow/dags/sodai_pipeline_dag.py
[2025-11-18T19:28:04.827+0000] {logging_mixin.py:188} INFO - [2025-11-18T19:28:04.827+0000] {dag.py:3096} INFO - Sync 1 DAGs
[2025-11-18T19:28:04.837+0000] {logging_mixin.py:188} INFO - [2025-11-18T19:28:04.837+0000] {dag.py:3954} INFO - Setting next_dagrun for sodai_training_and_scoring to None, run_after=None
[2025-11-18T19:28:04.852+0000] {processor.py:183} INFO - Processing /opt/airflow/dags/sodai_pipeline_dag.py took 0.076 seconds
[2025-11-18T19:28:35.465+0000] {processor.py:161} INFO - Started process (PID=4567) to work on /opt/airflow/dags/sodai_pipeline_dag.py
[2025-11-18T19:28:35.467+0000] {processor.py:830} INFO - Processing file /opt/airflow/dags/sodai_pipeline_dag.py for tasks to queue
[2025-11-18T19:28:35.469+0000] {logging_mixin.py:188} INFO - [2025-11-18T19:28:35.468+0000] {dagbag.py:540} INFO - Filling up the DagBag from /opt/airflow/dags/sodai_pipeline_dag.py
[2025-11-18T19:28:35.487+0000] {processor.py:840} INFO - DAG(s) 'sodai_training_and_scoring' retrieved from /opt/airflow/dags/sodai_pipeline_dag.py
[2025-11-18T19:28:35.510+0000] {logging_mixin.py:188} INFO - [2025-11-18T19:28:35.509+0000] {dag.py:3096} INFO - Sync 1 DAGs
[2025-11-18T19:28:35.520+0000] {logging_mixin.py:188} INFO - [2025-11-18T19:28:35.520+0000] {dag.py:3954} INFO - Setting next_dagrun for sodai_training_and_scoring to None, run_after=None
[2025-11-18T19:28:35.536+0000] {processor.py:183} INFO - Processing /opt/airflow/dags/sodai_pipeline_dag.py took 0.076 seconds
[2025-11-18T19:29:05.619+0000] {processor.py:161} INFO - Started process (PID=4577) to work on /opt/airflow/dags/sodai_pipeline_dag.py
[2025-11-18T19:29:05.620+0000] {processor.py:830} INFO - Processing file /opt/airflow/dags/sodai_pipeline_dag.py for tasks to queue
[2025-11-18T19:29:05.622+0000] {logging_mixin.py:188} INFO - [2025-11-18T19:29:05.622+0000] {dagbag.py:540} INFO - Filling up the DagBag from /opt/airflow/dags/sodai_pipeline_dag.py
[2025-11-18T19:29:05.640+0000] {processor.py:840} INFO - DAG(s) 'sodai_training_and_scoring' retrieved from /opt/airflow/dags/sodai_pipeline_dag.py
[2025-11-18T19:29:05.660+0000] {logging_mixin.py:188} INFO - [2025-11-18T19:29:05.660+0000] {dag.py:3096} INFO - Sync 1 DAGs
[2025-11-18T19:29:05.669+0000] {logging_mixin.py:188} INFO - [2025-11-18T19:29:05.669+0000] {dag.py:3954} INFO - Setting next_dagrun for sodai_training_and_scoring to None, run_after=None
[2025-11-18T19:29:05.681+0000] {processor.py:183} INFO - Processing /opt/airflow/dags/sodai_pipeline_dag.py took 0.067 seconds
[2025-11-18T19:29:36.299+0000] {processor.py:161} INFO - Started process (PID=4587) to work on /opt/airflow/dags/sodai_pipeline_dag.py
[2025-11-18T19:29:36.300+0000] {processor.py:830} INFO - Processing file /opt/airflow/dags/sodai_pipeline_dag.py for tasks to queue
[2025-11-18T19:29:36.302+0000] {logging_mixin.py:188} INFO - [2025-11-18T19:29:36.301+0000] {dagbag.py:540} INFO - Filling up the DagBag from /opt/airflow/dags/sodai_pipeline_dag.py
[2025-11-18T19:29:36.317+0000] {processor.py:840} INFO - DAG(s) 'sodai_training_and_scoring' retrieved from /opt/airflow/dags/sodai_pipeline_dag.py
[2025-11-18T19:29:36.338+0000] {logging_mixin.py:188} INFO - [2025-11-18T19:29:36.338+0000] {dag.py:3096} INFO - Sync 1 DAGs
[2025-11-18T19:29:36.347+0000] {logging_mixin.py:188} INFO - [2025-11-18T19:29:36.347+0000] {dag.py:3954} INFO - Setting next_dagrun for sodai_training_and_scoring to None, run_after=None
[2025-11-18T19:29:36.362+0000] {processor.py:183} INFO - Processing /opt/airflow/dags/sodai_pipeline_dag.py took 0.068 seconds
[2025-11-18T19:30:06.940+0000] {processor.py:161} INFO - Started process (PID=4619) to work on /opt/airflow/dags/sodai_pipeline_dag.py
[2025-11-18T19:30:06.941+0000] {processor.py:830} INFO - Processing file /opt/airflow/dags/sodai_pipeline_dag.py for tasks to queue
[2025-11-18T19:30:06.943+0000] {logging_mixin.py:188} INFO - [2025-11-18T19:30:06.942+0000] {dagbag.py:540} INFO - Filling up the DagBag from /opt/airflow/dags/sodai_pipeline_dag.py
[2025-11-18T19:30:06.956+0000] {processor.py:840} INFO - DAG(s) 'sodai_training_and_scoring' retrieved from /opt/airflow/dags/sodai_pipeline_dag.py
[2025-11-18T19:30:06.976+0000] {logging_mixin.py:188} INFO - [2025-11-18T19:30:06.976+0000] {dag.py:3096} INFO - Sync 1 DAGs
[2025-11-18T19:30:06.986+0000] {logging_mixin.py:188} INFO - [2025-11-18T19:30:06.985+0000] {dag.py:3954} INFO - Setting next_dagrun for sodai_training_and_scoring to None, run_after=None
[2025-11-18T19:30:06.999+0000] {processor.py:183} INFO - Processing /opt/airflow/dags/sodai_pipeline_dag.py took 0.063 seconds
[2025-11-18T19:30:37.620+0000] {processor.py:161} INFO - Started process (PID=4629) to work on /opt/airflow/dags/sodai_pipeline_dag.py
[2025-11-18T19:30:37.621+0000] {processor.py:830} INFO - Processing file /opt/airflow/dags/sodai_pipeline_dag.py for tasks to queue
[2025-11-18T19:30:37.622+0000] {logging_mixin.py:188} INFO - [2025-11-18T19:30:37.622+0000] {dagbag.py:540} INFO - Filling up the DagBag from /opt/airflow/dags/sodai_pipeline_dag.py
[2025-11-18T19:30:37.641+0000] {processor.py:840} INFO - DAG(s) 'sodai_training_and_scoring' retrieved from /opt/airflow/dags/sodai_pipeline_dag.py
[2025-11-18T19:30:37.668+0000] {logging_mixin.py:188} INFO - [2025-11-18T19:30:37.668+0000] {dag.py:3096} INFO - Sync 1 DAGs
[2025-11-18T19:30:37.681+0000] {logging_mixin.py:188} INFO - [2025-11-18T19:30:37.681+0000] {dag.py:3954} INFO - Setting next_dagrun for sodai_training_and_scoring to None, run_after=None
[2025-11-18T19:30:37.701+0000] {processor.py:183} INFO - Processing /opt/airflow/dags/sodai_pipeline_dag.py took 0.087 seconds
[2025-11-18T19:31:08.205+0000] {processor.py:161} INFO - Started process (PID=4639) to work on /opt/airflow/dags/sodai_pipeline_dag.py
[2025-11-18T19:31:08.205+0000] {processor.py:830} INFO - Processing file /opt/airflow/dags/sodai_pipeline_dag.py for tasks to queue
[2025-11-18T19:31:08.207+0000] {logging_mixin.py:188} INFO - [2025-11-18T19:31:08.207+0000] {dagbag.py:540} INFO - Filling up the DagBag from /opt/airflow/dags/sodai_pipeline_dag.py
[2025-11-18T19:31:08.224+0000] {processor.py:840} INFO - DAG(s) 'sodai_training_and_scoring' retrieved from /opt/airflow/dags/sodai_pipeline_dag.py
[2025-11-18T19:31:08.244+0000] {logging_mixin.py:188} INFO - [2025-11-18T19:31:08.244+0000] {dag.py:3096} INFO - Sync 1 DAGs
[2025-11-18T19:31:08.254+0000] {logging_mixin.py:188} INFO - [2025-11-18T19:31:08.254+0000] {dag.py:3954} INFO - Setting next_dagrun for sodai_training_and_scoring to None, run_after=None
[2025-11-18T19:31:08.268+0000] {processor.py:183} INFO - Processing /opt/airflow/dags/sodai_pipeline_dag.py took 0.068 seconds
[2025-11-18T19:31:38.723+0000] {processor.py:161} INFO - Started process (PID=4649) to work on /opt/airflow/dags/sodai_pipeline_dag.py
[2025-11-18T19:31:38.724+0000] {processor.py:830} INFO - Processing file /opt/airflow/dags/sodai_pipeline_dag.py for tasks to queue
[2025-11-18T19:31:38.726+0000] {logging_mixin.py:188} INFO - [2025-11-18T19:31:38.726+0000] {dagbag.py:540} INFO - Filling up the DagBag from /opt/airflow/dags/sodai_pipeline_dag.py
[2025-11-18T19:31:38.739+0000] {processor.py:840} INFO - DAG(s) 'sodai_training_and_scoring' retrieved from /opt/airflow/dags/sodai_pipeline_dag.py
[2025-11-18T19:31:38.763+0000] {logging_mixin.py:188} INFO - [2025-11-18T19:31:38.763+0000] {dag.py:3096} INFO - Sync 1 DAGs
[2025-11-18T19:31:38.775+0000] {logging_mixin.py:188} INFO - [2025-11-18T19:31:38.775+0000] {dag.py:3954} INFO - Setting next_dagrun for sodai_training_and_scoring to None, run_after=None
[2025-11-18T19:31:38.790+0000] {processor.py:183} INFO - Processing /opt/airflow/dags/sodai_pipeline_dag.py took 0.072 seconds
[2025-11-18T19:32:09.366+0000] {processor.py:161} INFO - Started process (PID=4659) to work on /opt/airflow/dags/sodai_pipeline_dag.py
[2025-11-18T19:32:09.367+0000] {processor.py:830} INFO - Processing file /opt/airflow/dags/sodai_pipeline_dag.py for tasks to queue
[2025-11-18T19:32:09.368+0000] {logging_mixin.py:188} INFO - [2025-11-18T19:32:09.368+0000] {dagbag.py:540} INFO - Filling up the DagBag from /opt/airflow/dags/sodai_pipeline_dag.py
[2025-11-18T19:32:09.381+0000] {processor.py:840} INFO - DAG(s) 'sodai_training_and_scoring' retrieved from /opt/airflow/dags/sodai_pipeline_dag.py
[2025-11-18T19:32:09.400+0000] {logging_mixin.py:188} INFO - [2025-11-18T19:32:09.400+0000] {dag.py:3096} INFO - Sync 1 DAGs
[2025-11-18T19:32:09.409+0000] {logging_mixin.py:188} INFO - [2025-11-18T19:32:09.409+0000] {dag.py:3954} INFO - Setting next_dagrun for sodai_training_and_scoring to None, run_after=None
[2025-11-18T19:32:09.423+0000] {processor.py:183} INFO - Processing /opt/airflow/dags/sodai_pipeline_dag.py took 0.061 seconds
[2025-11-18T19:32:40.091+0000] {processor.py:161} INFO - Started process (PID=4669) to work on /opt/airflow/dags/sodai_pipeline_dag.py
[2025-11-18T19:32:40.092+0000] {processor.py:830} INFO - Processing file /opt/airflow/dags/sodai_pipeline_dag.py for tasks to queue
[2025-11-18T19:32:40.096+0000] {logging_mixin.py:188} INFO - [2025-11-18T19:32:40.096+0000] {dagbag.py:540} INFO - Filling up the DagBag from /opt/airflow/dags/sodai_pipeline_dag.py
[2025-11-18T19:32:40.141+0000] {processor.py:840} INFO - DAG(s) 'sodai_training_and_scoring' retrieved from /opt/airflow/dags/sodai_pipeline_dag.py
[2025-11-18T19:32:40.162+0000] {logging_mixin.py:188} INFO - [2025-11-18T19:32:40.162+0000] {dag.py:3096} INFO - Sync 1 DAGs
[2025-11-18T19:32:40.171+0000] {logging_mixin.py:188} INFO - [2025-11-18T19:32:40.171+0000] {dag.py:3954} INFO - Setting next_dagrun for sodai_training_and_scoring to None, run_after=None
[2025-11-18T19:32:40.186+0000] {processor.py:183} INFO - Processing /opt/airflow/dags/sodai_pipeline_dag.py took 0.099 seconds
[2025-11-18T19:33:10.928+0000] {processor.py:161} INFO - Started process (PID=4679) to work on /opt/airflow/dags/sodai_pipeline_dag.py
[2025-11-18T19:33:10.929+0000] {processor.py:830} INFO - Processing file /opt/airflow/dags/sodai_pipeline_dag.py for tasks to queue
[2025-11-18T19:33:10.930+0000] {logging_mixin.py:188} INFO - [2025-11-18T19:33:10.930+0000] {dagbag.py:540} INFO - Filling up the DagBag from /opt/airflow/dags/sodai_pipeline_dag.py
[2025-11-18T19:33:10.945+0000] {processor.py:840} INFO - DAG(s) 'sodai_training_and_scoring' retrieved from /opt/airflow/dags/sodai_pipeline_dag.py
[2025-11-18T19:33:10.963+0000] {logging_mixin.py:188} INFO - [2025-11-18T19:33:10.963+0000] {dag.py:3096} INFO - Sync 1 DAGs
[2025-11-18T19:33:10.972+0000] {logging_mixin.py:188} INFO - [2025-11-18T19:33:10.972+0000] {dag.py:3954} INFO - Setting next_dagrun for sodai_training_and_scoring to None, run_after=None
[2025-11-18T19:33:10.985+0000] {processor.py:183} INFO - Processing /opt/airflow/dags/sodai_pipeline_dag.py took 0.060 seconds
[2025-11-18T19:33:41.712+0000] {processor.py:161} INFO - Started process (PID=4689) to work on /opt/airflow/dags/sodai_pipeline_dag.py
[2025-11-18T19:33:41.713+0000] {processor.py:830} INFO - Processing file /opt/airflow/dags/sodai_pipeline_dag.py for tasks to queue
[2025-11-18T19:33:41.715+0000] {logging_mixin.py:188} INFO - [2025-11-18T19:33:41.715+0000] {dagbag.py:540} INFO - Filling up the DagBag from /opt/airflow/dags/sodai_pipeline_dag.py
[2025-11-18T19:33:41.733+0000] {processor.py:840} INFO - DAG(s) 'sodai_training_and_scoring' retrieved from /opt/airflow/dags/sodai_pipeline_dag.py
[2025-11-18T19:33:41.752+0000] {logging_mixin.py:188} INFO - [2025-11-18T19:33:41.752+0000] {dag.py:3096} INFO - Sync 1 DAGs
[2025-11-18T19:33:41.764+0000] {logging_mixin.py:188} INFO - [2025-11-18T19:33:41.764+0000] {dag.py:3954} INFO - Setting next_dagrun for sodai_training_and_scoring to None, run_after=None
[2025-11-18T19:33:41.777+0000] {processor.py:183} INFO - Processing /opt/airflow/dags/sodai_pipeline_dag.py took 0.069 seconds
[2025-11-18T19:34:12.568+0000] {processor.py:161} INFO - Started process (PID=4699) to work on /opt/airflow/dags/sodai_pipeline_dag.py
[2025-11-18T19:34:12.569+0000] {processor.py:830} INFO - Processing file /opt/airflow/dags/sodai_pipeline_dag.py for tasks to queue
[2025-11-18T19:34:12.571+0000] {logging_mixin.py:188} INFO - [2025-11-18T19:34:12.570+0000] {dagbag.py:540} INFO - Filling up the DagBag from /opt/airflow/dags/sodai_pipeline_dag.py
[2025-11-18T19:34:12.591+0000] {processor.py:840} INFO - DAG(s) 'sodai_training_and_scoring' retrieved from /opt/airflow/dags/sodai_pipeline_dag.py
[2025-11-18T19:34:12.610+0000] {logging_mixin.py:188} INFO - [2025-11-18T19:34:12.610+0000] {dag.py:3096} INFO - Sync 1 DAGs
[2025-11-18T19:34:12.625+0000] {logging_mixin.py:188} INFO - [2025-11-18T19:34:12.625+0000] {dag.py:3954} INFO - Setting next_dagrun for sodai_training_and_scoring to None, run_after=None
[2025-11-18T19:34:12.640+0000] {processor.py:183} INFO - Processing /opt/airflow/dags/sodai_pipeline_dag.py took 0.076 seconds
[2025-11-18T19:34:43.229+0000] {processor.py:161} INFO - Started process (PID=4709) to work on /opt/airflow/dags/sodai_pipeline_dag.py
[2025-11-18T19:34:43.233+0000] {processor.py:830} INFO - Processing file /opt/airflow/dags/sodai_pipeline_dag.py for tasks to queue
[2025-11-18T19:34:43.235+0000] {logging_mixin.py:188} INFO - [2025-11-18T19:34:43.234+0000] {dagbag.py:540} INFO - Filling up the DagBag from /opt/airflow/dags/sodai_pipeline_dag.py
[2025-11-18T19:34:43.249+0000] {processor.py:840} INFO - DAG(s) 'sodai_training_and_scoring' retrieved from /opt/airflow/dags/sodai_pipeline_dag.py
[2025-11-18T19:34:43.268+0000] {logging_mixin.py:188} INFO - [2025-11-18T19:34:43.268+0000] {dag.py:3096} INFO - Sync 1 DAGs
[2025-11-18T19:34:43.278+0000] {logging_mixin.py:188} INFO - [2025-11-18T19:34:43.278+0000] {dag.py:3954} INFO - Setting next_dagrun for sodai_training_and_scoring to None, run_after=None
[2025-11-18T19:34:43.293+0000] {processor.py:183} INFO - Processing /opt/airflow/dags/sodai_pipeline_dag.py took 0.068 seconds
[2025-11-18T19:35:13.849+0000] {processor.py:161} INFO - Started process (PID=4719) to work on /opt/airflow/dags/sodai_pipeline_dag.py
[2025-11-18T19:35:13.852+0000] {processor.py:830} INFO - Processing file /opt/airflow/dags/sodai_pipeline_dag.py for tasks to queue
[2025-11-18T19:35:13.854+0000] {logging_mixin.py:188} INFO - [2025-11-18T19:35:13.854+0000] {dagbag.py:540} INFO - Filling up the DagBag from /opt/airflow/dags/sodai_pipeline_dag.py
[2025-11-18T19:35:13.897+0000] {processor.py:840} INFO - DAG(s) 'sodai_training_and_scoring' retrieved from /opt/airflow/dags/sodai_pipeline_dag.py
[2025-11-18T19:35:13.920+0000] {logging_mixin.py:188} INFO - [2025-11-18T19:35:13.920+0000] {dag.py:3096} INFO - Sync 1 DAGs
[2025-11-18T19:35:13.932+0000] {logging_mixin.py:188} INFO - [2025-11-18T19:35:13.932+0000] {dag.py:3954} INFO - Setting next_dagrun for sodai_training_and_scoring to None, run_after=None
[2025-11-18T19:35:13.950+0000] {processor.py:183} INFO - Processing /opt/airflow/dags/sodai_pipeline_dag.py took 0.105 seconds
[2025-11-18T19:35:44.628+0000] {processor.py:161} INFO - Started process (PID=4729) to work on /opt/airflow/dags/sodai_pipeline_dag.py
[2025-11-18T19:35:44.629+0000] {processor.py:830} INFO - Processing file /opt/airflow/dags/sodai_pipeline_dag.py for tasks to queue
[2025-11-18T19:35:44.630+0000] {logging_mixin.py:188} INFO - [2025-11-18T19:35:44.630+0000] {dagbag.py:540} INFO - Filling up the DagBag from /opt/airflow/dags/sodai_pipeline_dag.py
[2025-11-18T19:35:44.646+0000] {processor.py:840} INFO - DAG(s) 'sodai_training_and_scoring' retrieved from /opt/airflow/dags/sodai_pipeline_dag.py
[2025-11-18T19:35:44.666+0000] {logging_mixin.py:188} INFO - [2025-11-18T19:35:44.666+0000] {dag.py:3096} INFO - Sync 1 DAGs
[2025-11-18T19:35:44.676+0000] {logging_mixin.py:188} INFO - [2025-11-18T19:35:44.675+0000] {dag.py:3954} INFO - Setting next_dagrun for sodai_training_and_scoring to None, run_after=None
[2025-11-18T19:35:44.694+0000] {processor.py:183} INFO - Processing /opt/airflow/dags/sodai_pipeline_dag.py took 0.070 seconds
[2025-11-18T19:36:15.424+0000] {processor.py:161} INFO - Started process (PID=4739) to work on /opt/airflow/dags/sodai_pipeline_dag.py
[2025-11-18T19:36:15.425+0000] {processor.py:830} INFO - Processing file /opt/airflow/dags/sodai_pipeline_dag.py for tasks to queue
[2025-11-18T19:36:15.429+0000] {logging_mixin.py:188} INFO - [2025-11-18T19:36:15.428+0000] {dagbag.py:540} INFO - Filling up the DagBag from /opt/airflow/dags/sodai_pipeline_dag.py
[2025-11-18T19:36:15.484+0000] {processor.py:840} INFO - DAG(s) 'sodai_training_and_scoring' retrieved from /opt/airflow/dags/sodai_pipeline_dag.py
[2025-11-18T19:36:15.505+0000] {logging_mixin.py:188} INFO - [2025-11-18T19:36:15.504+0000] {dag.py:3096} INFO - Sync 1 DAGs
[2025-11-18T19:36:15.513+0000] {logging_mixin.py:188} INFO - [2025-11-18T19:36:15.513+0000] {dag.py:3954} INFO - Setting next_dagrun for sodai_training_and_scoring to None, run_after=None
[2025-11-18T19:36:15.534+0000] {processor.py:183} INFO - Processing /opt/airflow/dags/sodai_pipeline_dag.py took 0.115 seconds
[2025-11-18T19:36:46.349+0000] {processor.py:161} INFO - Started process (PID=4749) to work on /opt/airflow/dags/sodai_pipeline_dag.py
[2025-11-18T19:36:46.350+0000] {processor.py:830} INFO - Processing file /opt/airflow/dags/sodai_pipeline_dag.py for tasks to queue
[2025-11-18T19:36:46.352+0000] {logging_mixin.py:188} INFO - [2025-11-18T19:36:46.352+0000] {dagbag.py:540} INFO - Filling up the DagBag from /opt/airflow/dags/sodai_pipeline_dag.py
[2025-11-18T19:36:46.367+0000] {processor.py:840} INFO - DAG(s) 'sodai_training_and_scoring' retrieved from /opt/airflow/dags/sodai_pipeline_dag.py
[2025-11-18T19:36:46.387+0000] {logging_mixin.py:188} INFO - [2025-11-18T19:36:46.387+0000] {dag.py:3096} INFO - Sync 1 DAGs
[2025-11-18T19:36:46.397+0000] {logging_mixin.py:188} INFO - [2025-11-18T19:36:46.397+0000] {dag.py:3954} INFO - Setting next_dagrun for sodai_training_and_scoring to None, run_after=None
[2025-11-18T19:36:46.408+0000] {processor.py:183} INFO - Processing /opt/airflow/dags/sodai_pipeline_dag.py took 0.064 seconds
[2025-11-18T19:37:17.372+0000] {processor.py:161} INFO - Started process (PID=4759) to work on /opt/airflow/dags/sodai_pipeline_dag.py
[2025-11-18T19:37:17.373+0000] {processor.py:830} INFO - Processing file /opt/airflow/dags/sodai_pipeline_dag.py for tasks to queue
[2025-11-18T19:37:17.375+0000] {logging_mixin.py:188} INFO - [2025-11-18T19:37:17.375+0000] {dagbag.py:540} INFO - Filling up the DagBag from /opt/airflow/dags/sodai_pipeline_dag.py
[2025-11-18T19:37:17.397+0000] {processor.py:840} INFO - DAG(s) 'sodai_training_and_scoring' retrieved from /opt/airflow/dags/sodai_pipeline_dag.py
[2025-11-18T19:37:17.420+0000] {logging_mixin.py:188} INFO - [2025-11-18T19:37:17.419+0000] {dag.py:3096} INFO - Sync 1 DAGs
[2025-11-18T19:37:17.430+0000] {logging_mixin.py:188} INFO - [2025-11-18T19:37:17.430+0000] {dag.py:3954} INFO - Setting next_dagrun for sodai_training_and_scoring to None, run_after=None
[2025-11-18T19:37:17.447+0000] {processor.py:183} INFO - Processing /opt/airflow/dags/sodai_pipeline_dag.py took 0.080 seconds
[2025-11-18T19:37:48.346+0000] {processor.py:161} INFO - Started process (PID=4769) to work on /opt/airflow/dags/sodai_pipeline_dag.py
[2025-11-18T19:37:48.347+0000] {processor.py:830} INFO - Processing file /opt/airflow/dags/sodai_pipeline_dag.py for tasks to queue
[2025-11-18T19:37:48.348+0000] {logging_mixin.py:188} INFO - [2025-11-18T19:37:48.348+0000] {dagbag.py:540} INFO - Filling up the DagBag from /opt/airflow/dags/sodai_pipeline_dag.py
[2025-11-18T19:37:48.370+0000] {processor.py:840} INFO - DAG(s) 'sodai_training_and_scoring' retrieved from /opt/airflow/dags/sodai_pipeline_dag.py
[2025-11-18T19:37:48.391+0000] {logging_mixin.py:188} INFO - [2025-11-18T19:37:48.391+0000] {dag.py:3096} INFO - Sync 1 DAGs
[2025-11-18T19:37:48.400+0000] {logging_mixin.py:188} INFO - [2025-11-18T19:37:48.400+0000] {dag.py:3954} INFO - Setting next_dagrun for sodai_training_and_scoring to None, run_after=None
[2025-11-18T19:37:48.420+0000] {processor.py:183} INFO - Processing /opt/airflow/dags/sodai_pipeline_dag.py took 0.078 seconds
[2025-11-18T19:38:19.130+0000] {processor.py:161} INFO - Started process (PID=4779) to work on /opt/airflow/dags/sodai_pipeline_dag.py
[2025-11-18T19:38:19.131+0000] {processor.py:830} INFO - Processing file /opt/airflow/dags/sodai_pipeline_dag.py for tasks to queue
[2025-11-18T19:38:19.133+0000] {logging_mixin.py:188} INFO - [2025-11-18T19:38:19.132+0000] {dagbag.py:540} INFO - Filling up the DagBag from /opt/airflow/dags/sodai_pipeline_dag.py
[2025-11-18T19:38:19.147+0000] {processor.py:840} INFO - DAG(s) 'sodai_training_and_scoring' retrieved from /opt/airflow/dags/sodai_pipeline_dag.py
[2025-11-18T19:38:19.166+0000] {logging_mixin.py:188} INFO - [2025-11-18T19:38:19.166+0000] {dag.py:3096} INFO - Sync 1 DAGs
[2025-11-18T19:38:19.176+0000] {logging_mixin.py:188} INFO - [2025-11-18T19:38:19.176+0000] {dag.py:3954} INFO - Setting next_dagrun for sodai_training_and_scoring to None, run_after=None
[2025-11-18T19:38:19.188+0000] {processor.py:183} INFO - Processing /opt/airflow/dags/sodai_pipeline_dag.py took 0.062 seconds
[2025-11-18T19:38:50.046+0000] {processor.py:161} INFO - Started process (PID=4789) to work on /opt/airflow/dags/sodai_pipeline_dag.py
[2025-11-18T19:38:50.047+0000] {processor.py:830} INFO - Processing file /opt/airflow/dags/sodai_pipeline_dag.py for tasks to queue
[2025-11-18T19:38:50.052+0000] {logging_mixin.py:188} INFO - [2025-11-18T19:38:50.052+0000] {dagbag.py:540} INFO - Filling up the DagBag from /opt/airflow/dags/sodai_pipeline_dag.py
[2025-11-18T19:38:50.068+0000] {processor.py:840} INFO - DAG(s) 'sodai_training_and_scoring' retrieved from /opt/airflow/dags/sodai_pipeline_dag.py
[2025-11-18T19:38:50.091+0000] {logging_mixin.py:188} INFO - [2025-11-18T19:38:50.091+0000] {dag.py:3096} INFO - Sync 1 DAGs
[2025-11-18T19:38:50.101+0000] {logging_mixin.py:188} INFO - [2025-11-18T19:38:50.100+0000] {dag.py:3954} INFO - Setting next_dagrun for sodai_training_and_scoring to None, run_after=None
[2025-11-18T19:38:50.113+0000] {processor.py:183} INFO - Processing /opt/airflow/dags/sodai_pipeline_dag.py took 0.071 seconds
[2025-11-18T19:39:20.800+0000] {processor.py:161} INFO - Started process (PID=4799) to work on /opt/airflow/dags/sodai_pipeline_dag.py
[2025-11-18T19:39:20.802+0000] {processor.py:830} INFO - Processing file /opt/airflow/dags/sodai_pipeline_dag.py for tasks to queue
[2025-11-18T19:39:20.804+0000] {logging_mixin.py:188} INFO - [2025-11-18T19:39:20.803+0000] {dagbag.py:540} INFO - Filling up the DagBag from /opt/airflow/dags/sodai_pipeline_dag.py
[2025-11-18T19:39:20.822+0000] {processor.py:840} INFO - DAG(s) 'sodai_training_and_scoring' retrieved from /opt/airflow/dags/sodai_pipeline_dag.py
[2025-11-18T19:39:20.843+0000] {logging_mixin.py:188} INFO - [2025-11-18T19:39:20.843+0000] {dag.py:3096} INFO - Sync 1 DAGs
[2025-11-18T19:39:20.854+0000] {logging_mixin.py:188} INFO - [2025-11-18T19:39:20.854+0000] {dag.py:3954} INFO - Setting next_dagrun for sodai_training_and_scoring to None, run_after=None
[2025-11-18T19:39:20.868+0000] {processor.py:183} INFO - Processing /opt/airflow/dags/sodai_pipeline_dag.py took 0.073 seconds
[2025-11-18T19:39:51.511+0000] {processor.py:161} INFO - Started process (PID=4809) to work on /opt/airflow/dags/sodai_pipeline_dag.py
[2025-11-18T19:39:51.512+0000] {processor.py:830} INFO - Processing file /opt/airflow/dags/sodai_pipeline_dag.py for tasks to queue
[2025-11-18T19:39:51.514+0000] {logging_mixin.py:188} INFO - [2025-11-18T19:39:51.513+0000] {dagbag.py:540} INFO - Filling up the DagBag from /opt/airflow/dags/sodai_pipeline_dag.py
[2025-11-18T19:39:51.531+0000] {processor.py:840} INFO - DAG(s) 'sodai_training_and_scoring' retrieved from /opt/airflow/dags/sodai_pipeline_dag.py
[2025-11-18T19:39:51.555+0000] {logging_mixin.py:188} INFO - [2025-11-18T19:39:51.555+0000] {dag.py:3096} INFO - Sync 1 DAGs
[2025-11-18T19:39:51.566+0000] {logging_mixin.py:188} INFO - [2025-11-18T19:39:51.566+0000] {dag.py:3954} INFO - Setting next_dagrun for sodai_training_and_scoring to None, run_after=None
[2025-11-18T19:39:51.582+0000] {processor.py:183} INFO - Processing /opt/airflow/dags/sodai_pipeline_dag.py took 0.075 seconds
[2025-11-18T19:40:22.244+0000] {processor.py:161} INFO - Started process (PID=4819) to work on /opt/airflow/dags/sodai_pipeline_dag.py
[2025-11-18T19:40:22.245+0000] {processor.py:830} INFO - Processing file /opt/airflow/dags/sodai_pipeline_dag.py for tasks to queue
[2025-11-18T19:40:22.246+0000] {logging_mixin.py:188} INFO - [2025-11-18T19:40:22.246+0000] {dagbag.py:540} INFO - Filling up the DagBag from /opt/airflow/dags/sodai_pipeline_dag.py
[2025-11-18T19:40:22.262+0000] {processor.py:840} INFO - DAG(s) 'sodai_training_and_scoring' retrieved from /opt/airflow/dags/sodai_pipeline_dag.py
[2025-11-18T19:40:22.285+0000] {logging_mixin.py:188} INFO - [2025-11-18T19:40:22.284+0000] {dag.py:3096} INFO - Sync 1 DAGs
[2025-11-18T19:40:22.295+0000] {logging_mixin.py:188} INFO - [2025-11-18T19:40:22.295+0000] {dag.py:3954} INFO - Setting next_dagrun for sodai_training_and_scoring to None, run_after=None
[2025-11-18T19:40:22.310+0000] {processor.py:183} INFO - Processing /opt/airflow/dags/sodai_pipeline_dag.py took 0.071 seconds
[2025-11-18T19:40:53.194+0000] {processor.py:161} INFO - Started process (PID=4829) to work on /opt/airflow/dags/sodai_pipeline_dag.py
[2025-11-18T19:40:53.195+0000] {processor.py:830} INFO - Processing file /opt/airflow/dags/sodai_pipeline_dag.py for tasks to queue
[2025-11-18T19:40:53.197+0000] {logging_mixin.py:188} INFO - [2025-11-18T19:40:53.197+0000] {dagbag.py:540} INFO - Filling up the DagBag from /opt/airflow/dags/sodai_pipeline_dag.py
[2025-11-18T19:40:53.216+0000] {processor.py:840} INFO - DAG(s) 'sodai_training_and_scoring' retrieved from /opt/airflow/dags/sodai_pipeline_dag.py
[2025-11-18T19:40:53.237+0000] {logging_mixin.py:188} INFO - [2025-11-18T19:40:53.237+0000] {dag.py:3096} INFO - Sync 1 DAGs
[2025-11-18T19:40:53.247+0000] {logging_mixin.py:188} INFO - [2025-11-18T19:40:53.247+0000] {dag.py:3954} INFO - Setting next_dagrun for sodai_training_and_scoring to None, run_after=None
[2025-11-18T19:40:53.261+0000] {processor.py:183} INFO - Processing /opt/airflow/dags/sodai_pipeline_dag.py took 0.073 seconds
[2025-11-18T19:41:23.817+0000] {processor.py:161} INFO - Started process (PID=4839) to work on /opt/airflow/dags/sodai_pipeline_dag.py
[2025-11-18T19:41:23.818+0000] {processor.py:830} INFO - Processing file /opt/airflow/dags/sodai_pipeline_dag.py for tasks to queue
[2025-11-18T19:41:23.820+0000] {logging_mixin.py:188} INFO - [2025-11-18T19:41:23.819+0000] {dagbag.py:540} INFO - Filling up the DagBag from /opt/airflow/dags/sodai_pipeline_dag.py
[2025-11-18T19:41:23.842+0000] {processor.py:840} INFO - DAG(s) 'sodai_training_and_scoring' retrieved from /opt/airflow/dags/sodai_pipeline_dag.py
[2025-11-18T19:41:23.862+0000] {logging_mixin.py:188} INFO - [2025-11-18T19:41:23.862+0000] {dag.py:3096} INFO - Sync 1 DAGs
[2025-11-18T19:41:23.872+0000] {logging_mixin.py:188} INFO - [2025-11-18T19:41:23.872+0000] {dag.py:3954} INFO - Setting next_dagrun for sodai_training_and_scoring to None, run_after=None
[2025-11-18T19:41:23.888+0000] {processor.py:183} INFO - Processing /opt/airflow/dags/sodai_pipeline_dag.py took 0.074 seconds
[2025-11-18T19:41:54.336+0000] {processor.py:161} INFO - Started process (PID=4849) to work on /opt/airflow/dags/sodai_pipeline_dag.py
[2025-11-18T19:41:54.338+0000] {processor.py:830} INFO - Processing file /opt/airflow/dags/sodai_pipeline_dag.py for tasks to queue
[2025-11-18T19:41:54.339+0000] {logging_mixin.py:188} INFO - [2025-11-18T19:41:54.339+0000] {dagbag.py:540} INFO - Filling up the DagBag from /opt/airflow/dags/sodai_pipeline_dag.py
[2025-11-18T19:41:54.353+0000] {processor.py:840} INFO - DAG(s) 'sodai_training_and_scoring' retrieved from /opt/airflow/dags/sodai_pipeline_dag.py
[2025-11-18T19:41:54.375+0000] {logging_mixin.py:188} INFO - [2025-11-18T19:41:54.375+0000] {dag.py:3096} INFO - Sync 1 DAGs
[2025-11-18T19:41:54.384+0000] {logging_mixin.py:188} INFO - [2025-11-18T19:41:54.384+0000] {dag.py:3954} INFO - Setting next_dagrun for sodai_training_and_scoring to None, run_after=None
[2025-11-18T19:41:54.400+0000] {processor.py:183} INFO - Processing /opt/airflow/dags/sodai_pipeline_dag.py took 0.069 seconds
[2025-11-18T19:42:24.916+0000] {processor.py:161} INFO - Started process (PID=4859) to work on /opt/airflow/dags/sodai_pipeline_dag.py
[2025-11-18T19:42:24.917+0000] {processor.py:830} INFO - Processing file /opt/airflow/dags/sodai_pipeline_dag.py for tasks to queue
[2025-11-18T19:42:24.918+0000] {logging_mixin.py:188} INFO - [2025-11-18T19:42:24.918+0000] {dagbag.py:540} INFO - Filling up the DagBag from /opt/airflow/dags/sodai_pipeline_dag.py
[2025-11-18T19:42:24.933+0000] {processor.py:840} INFO - DAG(s) 'sodai_training_and_scoring' retrieved from /opt/airflow/dags/sodai_pipeline_dag.py
[2025-11-18T19:42:24.953+0000] {logging_mixin.py:188} INFO - [2025-11-18T19:42:24.953+0000] {dag.py:3096} INFO - Sync 1 DAGs
[2025-11-18T19:42:24.962+0000] {logging_mixin.py:188} INFO - [2025-11-18T19:42:24.962+0000] {dag.py:3954} INFO - Setting next_dagrun for sodai_training_and_scoring to None, run_after=None
[2025-11-18T19:42:24.974+0000] {processor.py:183} INFO - Processing /opt/airflow/dags/sodai_pipeline_dag.py took 0.064 seconds
[2025-11-18T19:42:55.632+0000] {processor.py:161} INFO - Started process (PID=4869) to work on /opt/airflow/dags/sodai_pipeline_dag.py
[2025-11-18T19:42:55.633+0000] {processor.py:830} INFO - Processing file /opt/airflow/dags/sodai_pipeline_dag.py for tasks to queue
[2025-11-18T19:42:55.635+0000] {logging_mixin.py:188} INFO - [2025-11-18T19:42:55.634+0000] {dagbag.py:540} INFO - Filling up the DagBag from /opt/airflow/dags/sodai_pipeline_dag.py
[2025-11-18T19:42:55.648+0000] {processor.py:840} INFO - DAG(s) 'sodai_training_and_scoring' retrieved from /opt/airflow/dags/sodai_pipeline_dag.py
[2025-11-18T19:42:55.667+0000] {logging_mixin.py:188} INFO - [2025-11-18T19:42:55.667+0000] {dag.py:3096} INFO - Sync 1 DAGs
[2025-11-18T19:42:55.676+0000] {logging_mixin.py:188} INFO - [2025-11-18T19:42:55.676+0000] {dag.py:3954} INFO - Setting next_dagrun for sodai_training_and_scoring to None, run_after=None
[2025-11-18T19:42:55.689+0000] {processor.py:183} INFO - Processing /opt/airflow/dags/sodai_pipeline_dag.py took 0.062 seconds
[2025-11-18T19:43:26.257+0000] {processor.py:161} INFO - Started process (PID=4879) to work on /opt/airflow/dags/sodai_pipeline_dag.py
[2025-11-18T19:43:26.258+0000] {processor.py:830} INFO - Processing file /opt/airflow/dags/sodai_pipeline_dag.py for tasks to queue
[2025-11-18T19:43:26.259+0000] {logging_mixin.py:188} INFO - [2025-11-18T19:43:26.259+0000] {dagbag.py:540} INFO - Filling up the DagBag from /opt/airflow/dags/sodai_pipeline_dag.py
[2025-11-18T19:43:26.275+0000] {processor.py:840} INFO - DAG(s) 'sodai_training_and_scoring' retrieved from /opt/airflow/dags/sodai_pipeline_dag.py
[2025-11-18T19:43:26.295+0000] {logging_mixin.py:188} INFO - [2025-11-18T19:43:26.295+0000] {dag.py:3096} INFO - Sync 1 DAGs
[2025-11-18T19:43:26.319+0000] {logging_mixin.py:188} INFO - [2025-11-18T19:43:26.318+0000] {dag.py:3954} INFO - Setting next_dagrun for sodai_training_and_scoring to None, run_after=None
[2025-11-18T19:43:26.338+0000] {processor.py:183} INFO - Processing /opt/airflow/dags/sodai_pipeline_dag.py took 0.086 seconds
[2025-11-18T19:43:56.973+0000] {processor.py:161} INFO - Started process (PID=4889) to work on /opt/airflow/dags/sodai_pipeline_dag.py
[2025-11-18T19:43:56.973+0000] {processor.py:830} INFO - Processing file /opt/airflow/dags/sodai_pipeline_dag.py for tasks to queue
[2025-11-18T19:43:56.975+0000] {logging_mixin.py:188} INFO - [2025-11-18T19:43:56.975+0000] {dagbag.py:540} INFO - Filling up the DagBag from /opt/airflow/dags/sodai_pipeline_dag.py
[2025-11-18T19:43:56.995+0000] {processor.py:840} INFO - DAG(s) 'sodai_training_and_scoring' retrieved from /opt/airflow/dags/sodai_pipeline_dag.py
[2025-11-18T19:43:57.014+0000] {logging_mixin.py:188} INFO - [2025-11-18T19:43:57.014+0000] {dag.py:3096} INFO - Sync 1 DAGs
[2025-11-18T19:43:57.029+0000] {logging_mixin.py:188} INFO - [2025-11-18T19:43:57.029+0000] {dag.py:3954} INFO - Setting next_dagrun for sodai_training_and_scoring to None, run_after=None
[2025-11-18T19:43:57.044+0000] {processor.py:183} INFO - Processing /opt/airflow/dags/sodai_pipeline_dag.py took 0.076 seconds
[2025-11-18T19:44:27.889+0000] {processor.py:161} INFO - Started process (PID=4899) to work on /opt/airflow/dags/sodai_pipeline_dag.py
[2025-11-18T19:44:27.890+0000] {processor.py:830} INFO - Processing file /opt/airflow/dags/sodai_pipeline_dag.py for tasks to queue
[2025-11-18T19:44:27.891+0000] {logging_mixin.py:188} INFO - [2025-11-18T19:44:27.891+0000] {dagbag.py:540} INFO - Filling up the DagBag from /opt/airflow/dags/sodai_pipeline_dag.py
[2025-11-18T19:44:27.909+0000] {processor.py:840} INFO - DAG(s) 'sodai_training_and_scoring' retrieved from /opt/airflow/dags/sodai_pipeline_dag.py
[2025-11-18T19:44:27.930+0000] {logging_mixin.py:188} INFO - [2025-11-18T19:44:27.930+0000] {dag.py:3096} INFO - Sync 1 DAGs
[2025-11-18T19:44:27.940+0000] {logging_mixin.py:188} INFO - [2025-11-18T19:44:27.940+0000] {dag.py:3954} INFO - Setting next_dagrun for sodai_training_and_scoring to None, run_after=None
[2025-11-18T19:44:27.954+0000] {processor.py:183} INFO - Processing /opt/airflow/dags/sodai_pipeline_dag.py took 0.070 seconds
[2025-11-18T19:44:58.559+0000] {processor.py:161} INFO - Started process (PID=4909) to work on /opt/airflow/dags/sodai_pipeline_dag.py
[2025-11-18T19:44:58.561+0000] {processor.py:830} INFO - Processing file /opt/airflow/dags/sodai_pipeline_dag.py for tasks to queue
[2025-11-18T19:44:58.562+0000] {logging_mixin.py:188} INFO - [2025-11-18T19:44:58.562+0000] {dagbag.py:540} INFO - Filling up the DagBag from /opt/airflow/dags/sodai_pipeline_dag.py
[2025-11-18T19:44:58.578+0000] {processor.py:840} INFO - DAG(s) 'sodai_training_and_scoring' retrieved from /opt/airflow/dags/sodai_pipeline_dag.py
[2025-11-18T19:44:58.599+0000] {logging_mixin.py:188} INFO - [2025-11-18T19:44:58.598+0000] {dag.py:3096} INFO - Sync 1 DAGs
[2025-11-18T19:44:58.612+0000] {logging_mixin.py:188} INFO - [2025-11-18T19:44:58.612+0000] {dag.py:3954} INFO - Setting next_dagrun for sodai_training_and_scoring to None, run_after=None
[2025-11-18T19:44:58.629+0000] {processor.py:183} INFO - Processing /opt/airflow/dags/sodai_pipeline_dag.py took 0.077 seconds
[2025-11-18T19:45:29.446+0000] {processor.py:161} INFO - Started process (PID=4919) to work on /opt/airflow/dags/sodai_pipeline_dag.py
[2025-11-18T19:45:29.447+0000] {processor.py:830} INFO - Processing file /opt/airflow/dags/sodai_pipeline_dag.py for tasks to queue
[2025-11-18T19:45:29.448+0000] {logging_mixin.py:188} INFO - [2025-11-18T19:45:29.448+0000] {dagbag.py:540} INFO - Filling up the DagBag from /opt/airflow/dags/sodai_pipeline_dag.py
[2025-11-18T19:45:29.472+0000] {processor.py:840} INFO - DAG(s) 'sodai_training_and_scoring' retrieved from /opt/airflow/dags/sodai_pipeline_dag.py
[2025-11-18T19:45:29.495+0000] {logging_mixin.py:188} INFO - [2025-11-18T19:45:29.494+0000] {dag.py:3096} INFO - Sync 1 DAGs
[2025-11-18T19:45:29.504+0000] {logging_mixin.py:188} INFO - [2025-11-18T19:45:29.504+0000] {dag.py:3954} INFO - Setting next_dagrun for sodai_training_and_scoring to None, run_after=None
[2025-11-18T19:45:29.519+0000] {processor.py:183} INFO - Processing /opt/airflow/dags/sodai_pipeline_dag.py took 0.079 seconds
[2025-11-18T19:46:00.273+0000] {processor.py:161} INFO - Started process (PID=4929) to work on /opt/airflow/dags/sodai_pipeline_dag.py
[2025-11-18T19:46:00.276+0000] {processor.py:830} INFO - Processing file /opt/airflow/dags/sodai_pipeline_dag.py for tasks to queue
[2025-11-18T19:46:00.278+0000] {logging_mixin.py:188} INFO - [2025-11-18T19:46:00.277+0000] {dagbag.py:540} INFO - Filling up the DagBag from /opt/airflow/dags/sodai_pipeline_dag.py
[2025-11-18T19:46:00.298+0000] {processor.py:840} INFO - DAG(s) 'sodai_training_and_scoring' retrieved from /opt/airflow/dags/sodai_pipeline_dag.py
[2025-11-18T19:46:00.320+0000] {logging_mixin.py:188} INFO - [2025-11-18T19:46:00.320+0000] {dag.py:3096} INFO - Sync 1 DAGs
[2025-11-18T19:46:00.330+0000] {logging_mixin.py:188} INFO - [2025-11-18T19:46:00.330+0000] {dag.py:3954} INFO - Setting next_dagrun for sodai_training_and_scoring to None, run_after=None
[2025-11-18T19:46:00.347+0000] {processor.py:183} INFO - Processing /opt/airflow/dags/sodai_pipeline_dag.py took 0.079 seconds
[2025-11-18T19:46:01.572+0000] {processor.py:161} INFO - Started process (PID=4939) to work on /opt/airflow/dags/sodai_pipeline_dag.py
[2025-11-18T19:46:01.572+0000] {processor.py:830} INFO - Processing file /opt/airflow/dags/sodai_pipeline_dag.py for tasks to queue
[2025-11-18T19:46:01.574+0000] {logging_mixin.py:188} INFO - [2025-11-18T19:46:01.574+0000] {dagbag.py:540} INFO - Filling up the DagBag from /opt/airflow/dags/sodai_pipeline_dag.py
[2025-11-18T19:46:01.598+0000] {processor.py:840} INFO - DAG(s) 'sodai_training_and_scoring' retrieved from /opt/airflow/dags/sodai_pipeline_dag.py
[2025-11-18T19:46:01.618+0000] {logging_mixin.py:188} INFO - [2025-11-18T19:46:01.618+0000] {dag.py:3096} INFO - Sync 1 DAGs
[2025-11-18T19:46:01.627+0000] {logging_mixin.py:188} INFO - [2025-11-18T19:46:01.627+0000] {dag.py:3954} INFO - Setting next_dagrun for sodai_training_and_scoring to None, run_after=None
[2025-11-18T19:46:01.648+0000] {processor.py:183} INFO - Processing /opt/airflow/dags/sodai_pipeline_dag.py took 0.081 seconds
[2025-11-18T19:46:08.702+0000] {processor.py:161} INFO - Started process (PID=4944) to work on /opt/airflow/dags/sodai_pipeline_dag.py
[2025-11-18T19:46:08.703+0000] {processor.py:830} INFO - Processing file /opt/airflow/dags/sodai_pipeline_dag.py for tasks to queue
[2025-11-18T19:46:08.704+0000] {logging_mixin.py:188} INFO - [2025-11-18T19:46:08.704+0000] {dagbag.py:540} INFO - Filling up the DagBag from /opt/airflow/dags/sodai_pipeline_dag.py
[2025-11-18T19:46:08.729+0000] {processor.py:840} INFO - DAG(s) 'sodai_training_and_scoring' retrieved from /opt/airflow/dags/sodai_pipeline_dag.py
[2025-11-18T19:46:08.750+0000] {logging_mixin.py:188} INFO - [2025-11-18T19:46:08.750+0000] {dag.py:3096} INFO - Sync 1 DAGs
[2025-11-18T19:46:08.760+0000] {logging_mixin.py:188} INFO - [2025-11-18T19:46:08.760+0000] {dag.py:3954} INFO - Setting next_dagrun for sodai_training_and_scoring to None, run_after=None
[2025-11-18T19:46:08.777+0000] {processor.py:183} INFO - Processing /opt/airflow/dags/sodai_pipeline_dag.py took 0.080 seconds
[2025-11-18T19:46:10.747+0000] {processor.py:161} INFO - Started process (PID=4949) to work on /opt/airflow/dags/sodai_pipeline_dag.py
[2025-11-18T19:46:10.748+0000] {processor.py:830} INFO - Processing file /opt/airflow/dags/sodai_pipeline_dag.py for tasks to queue
[2025-11-18T19:46:10.749+0000] {logging_mixin.py:188} INFO - [2025-11-18T19:46:10.749+0000] {dagbag.py:540} INFO - Filling up the DagBag from /opt/airflow/dags/sodai_pipeline_dag.py
[2025-11-18T19:46:10.768+0000] {processor.py:840} INFO - DAG(s) 'sodai_training_and_scoring' retrieved from /opt/airflow/dags/sodai_pipeline_dag.py
[2025-11-18T19:46:10.792+0000] {logging_mixin.py:188} INFO - [2025-11-18T19:46:10.792+0000] {dag.py:3096} INFO - Sync 1 DAGs
[2025-11-18T19:46:10.802+0000] {logging_mixin.py:188} INFO - [2025-11-18T19:46:10.802+0000] {dag.py:3954} INFO - Setting next_dagrun for sodai_training_and_scoring to None, run_after=None
[2025-11-18T19:46:10.818+0000] {processor.py:183} INFO - Processing /opt/airflow/dags/sodai_pipeline_dag.py took 0.076 seconds
[2025-11-18T19:46:13.873+0000] {processor.py:161} INFO - Started process (PID=4954) to work on /opt/airflow/dags/sodai_pipeline_dag.py
[2025-11-18T19:46:13.874+0000] {processor.py:830} INFO - Processing file /opt/airflow/dags/sodai_pipeline_dag.py for tasks to queue
[2025-11-18T19:46:13.875+0000] {logging_mixin.py:188} INFO - [2025-11-18T19:46:13.875+0000] {dagbag.py:540} INFO - Filling up the DagBag from /opt/airflow/dags/sodai_pipeline_dag.py
[2025-11-18T19:46:13.903+0000] {processor.py:840} INFO - DAG(s) 'sodai_training_and_scoring' retrieved from /opt/airflow/dags/sodai_pipeline_dag.py
[2025-11-18T19:46:13.924+0000] {logging_mixin.py:188} INFO - [2025-11-18T19:46:13.924+0000] {dag.py:3096} INFO - Sync 1 DAGs
[2025-11-18T19:46:13.935+0000] {logging_mixin.py:188} INFO - [2025-11-18T19:46:13.935+0000] {dag.py:3954} INFO - Setting next_dagrun for sodai_training_and_scoring to None, run_after=None
[2025-11-18T19:46:13.956+0000] {processor.py:183} INFO - Processing /opt/airflow/dags/sodai_pipeline_dag.py took 0.088 seconds
[2025-11-18T19:46:16.042+0000] {processor.py:161} INFO - Started process (PID=4959) to work on /opt/airflow/dags/sodai_pipeline_dag.py
[2025-11-18T19:46:16.043+0000] {processor.py:830} INFO - Processing file /opt/airflow/dags/sodai_pipeline_dag.py for tasks to queue
[2025-11-18T19:46:16.045+0000] {logging_mixin.py:188} INFO - [2025-11-18T19:46:16.044+0000] {dagbag.py:540} INFO - Filling up the DagBag from /opt/airflow/dags/sodai_pipeline_dag.py
[2025-11-18T19:46:16.065+0000] {processor.py:840} INFO - DAG(s) 'sodai_training_and_scoring' retrieved from /opt/airflow/dags/sodai_pipeline_dag.py
[2025-11-18T19:46:16.088+0000] {logging_mixin.py:188} INFO - [2025-11-18T19:46:16.088+0000] {dag.py:3096} INFO - Sync 1 DAGs
[2025-11-18T19:46:16.101+0000] {logging_mixin.py:188} INFO - [2025-11-18T19:46:16.101+0000] {dag.py:3954} INFO - Setting next_dagrun for sodai_training_and_scoring to None, run_after=None
[2025-11-18T19:46:16.123+0000] {processor.py:183} INFO - Processing /opt/airflow/dags/sodai_pipeline_dag.py took 0.086 seconds
[2025-11-18T19:46:19.108+0000] {processor.py:161} INFO - Started process (PID=4964) to work on /opt/airflow/dags/sodai_pipeline_dag.py
[2025-11-18T19:46:19.109+0000] {processor.py:830} INFO - Processing file /opt/airflow/dags/sodai_pipeline_dag.py for tasks to queue
[2025-11-18T19:46:19.110+0000] {logging_mixin.py:188} INFO - [2025-11-18T19:46:19.110+0000] {dagbag.py:540} INFO - Filling up the DagBag from /opt/airflow/dags/sodai_pipeline_dag.py
[2025-11-18T19:46:19.137+0000] {processor.py:840} INFO - DAG(s) 'sodai_training_and_scoring' retrieved from /opt/airflow/dags/sodai_pipeline_dag.py
[2025-11-18T19:46:19.156+0000] {logging_mixin.py:188} INFO - [2025-11-18T19:46:19.156+0000] {dag.py:3096} INFO - Sync 1 DAGs
[2025-11-18T19:46:19.166+0000] {logging_mixin.py:188} INFO - [2025-11-18T19:46:19.166+0000] {dag.py:3954} INFO - Setting next_dagrun for sodai_training_and_scoring to None, run_after=None
[2025-11-18T19:46:19.186+0000] {processor.py:183} INFO - Processing /opt/airflow/dags/sodai_pipeline_dag.py took 0.082 seconds
[2025-11-18T19:46:21.241+0000] {processor.py:161} INFO - Started process (PID=4969) to work on /opt/airflow/dags/sodai_pipeline_dag.py
[2025-11-18T19:46:21.242+0000] {processor.py:830} INFO - Processing file /opt/airflow/dags/sodai_pipeline_dag.py for tasks to queue
[2025-11-18T19:46:21.243+0000] {logging_mixin.py:188} INFO - [2025-11-18T19:46:21.243+0000] {dagbag.py:540} INFO - Filling up the DagBag from /opt/airflow/dags/sodai_pipeline_dag.py
[2025-11-18T19:46:21.321+0000] {processor.py:840} INFO - DAG(s) 'sodai_training_and_scoring' retrieved from /opt/airflow/dags/sodai_pipeline_dag.py
[2025-11-18T19:46:21.350+0000] {logging_mixin.py:188} INFO - [2025-11-18T19:46:21.350+0000] {dag.py:3096} INFO - Sync 1 DAGs
[2025-11-18T19:46:21.364+0000] {logging_mixin.py:188} INFO - [2025-11-18T19:46:21.364+0000] {dag.py:3954} INFO - Setting next_dagrun for sodai_training_and_scoring to None, run_after=None
[2025-11-18T19:46:21.384+0000] {processor.py:183} INFO - Processing /opt/airflow/dags/sodai_pipeline_dag.py took 0.149 seconds
[2025-11-18T19:46:24.462+0000] {processor.py:161} INFO - Started process (PID=4974) to work on /opt/airflow/dags/sodai_pipeline_dag.py
[2025-11-18T19:46:24.463+0000] {processor.py:830} INFO - Processing file /opt/airflow/dags/sodai_pipeline_dag.py for tasks to queue
[2025-11-18T19:46:24.465+0000] {logging_mixin.py:188} INFO - [2025-11-18T19:46:24.465+0000] {dagbag.py:540} INFO - Filling up the DagBag from /opt/airflow/dags/sodai_pipeline_dag.py
[2025-11-18T19:46:24.492+0000] {processor.py:840} INFO - DAG(s) 'sodai_training_and_scoring' retrieved from /opt/airflow/dags/sodai_pipeline_dag.py
[2025-11-18T19:46:24.514+0000] {logging_mixin.py:188} INFO - [2025-11-18T19:46:24.513+0000] {dag.py:3096} INFO - Sync 1 DAGs
[2025-11-18T19:46:24.526+0000] {logging_mixin.py:188} INFO - [2025-11-18T19:46:24.526+0000] {dag.py:3954} INFO - Setting next_dagrun for sodai_training_and_scoring to None, run_after=None
[2025-11-18T19:46:24.556+0000] {processor.py:183} INFO - Processing /opt/airflow/dags/sodai_pipeline_dag.py took 0.099 seconds
[2025-11-18T19:46:26.492+0000] {processor.py:161} INFO - Started process (PID=4979) to work on /opt/airflow/dags/sodai_pipeline_dag.py
[2025-11-18T19:46:26.493+0000] {processor.py:830} INFO - Processing file /opt/airflow/dags/sodai_pipeline_dag.py for tasks to queue
[2025-11-18T19:46:26.494+0000] {logging_mixin.py:188} INFO - [2025-11-18T19:46:26.494+0000] {dagbag.py:540} INFO - Filling up the DagBag from /opt/airflow/dags/sodai_pipeline_dag.py
[2025-11-18T19:46:26.518+0000] {processor.py:840} INFO - DAG(s) 'sodai_training_and_scoring' retrieved from /opt/airflow/dags/sodai_pipeline_dag.py
[2025-11-18T19:46:26.538+0000] {logging_mixin.py:188} INFO - [2025-11-18T19:46:26.537+0000] {dag.py:3096} INFO - Sync 1 DAGs
[2025-11-18T19:46:26.547+0000] {logging_mixin.py:188} INFO - [2025-11-18T19:46:26.546+0000] {dag.py:3954} INFO - Setting next_dagrun for sodai_training_and_scoring to None, run_after=None
[2025-11-18T19:46:26.561+0000] {processor.py:183} INFO - Processing /opt/airflow/dags/sodai_pipeline_dag.py took 0.074 seconds
[2025-11-18T19:46:32.785+0000] {processor.py:161} INFO - Started process (PID=4989) to work on /opt/airflow/dags/sodai_pipeline_dag.py
[2025-11-18T19:46:32.786+0000] {processor.py:830} INFO - Processing file /opt/airflow/dags/sodai_pipeline_dag.py for tasks to queue
[2025-11-18T19:46:32.788+0000] {logging_mixin.py:188} INFO - [2025-11-18T19:46:32.787+0000] {dagbag.py:540} INFO - Filling up the DagBag from /opt/airflow/dags/sodai_pipeline_dag.py
[2025-11-18T19:46:32.807+0000] {processor.py:840} INFO - DAG(s) 'sodai_training_and_scoring' retrieved from /opt/airflow/dags/sodai_pipeline_dag.py
[2025-11-18T19:46:32.830+0000] {logging_mixin.py:188} INFO - [2025-11-18T19:46:32.830+0000] {dag.py:3096} INFO - Sync 1 DAGs
[2025-11-18T19:46:32.841+0000] {logging_mixin.py:188} INFO - [2025-11-18T19:46:32.840+0000] {dag.py:3954} INFO - Setting next_dagrun for sodai_training_and_scoring to None, run_after=None
[2025-11-18T19:46:32.857+0000] {processor.py:183} INFO - Processing /opt/airflow/dags/sodai_pipeline_dag.py took 0.078 seconds
[2025-11-18T19:47:03.553+0000] {processor.py:161} INFO - Started process (PID=4999) to work on /opt/airflow/dags/sodai_pipeline_dag.py
[2025-11-18T19:47:03.554+0000] {processor.py:830} INFO - Processing file /opt/airflow/dags/sodai_pipeline_dag.py for tasks to queue
[2025-11-18T19:47:03.556+0000] {logging_mixin.py:188} INFO - [2025-11-18T19:47:03.556+0000] {dagbag.py:540} INFO - Filling up the DagBag from /opt/airflow/dags/sodai_pipeline_dag.py
[2025-11-18T19:47:03.582+0000] {processor.py:840} INFO - DAG(s) 'sodai_training_and_scoring' retrieved from /opt/airflow/dags/sodai_pipeline_dag.py
[2025-11-18T19:47:03.607+0000] {logging_mixin.py:188} INFO - [2025-11-18T19:47:03.607+0000] {dag.py:3096} INFO - Sync 1 DAGs
[2025-11-18T19:47:03.619+0000] {logging_mixin.py:188} INFO - [2025-11-18T19:47:03.619+0000] {dag.py:3954} INFO - Setting next_dagrun for sodai_training_and_scoring to None, run_after=None
[2025-11-18T19:47:03.641+0000] {processor.py:183} INFO - Processing /opt/airflow/dags/sodai_pipeline_dag.py took 0.093 seconds
[2025-11-18T19:47:34.165+0000] {processor.py:161} INFO - Started process (PID=5009) to work on /opt/airflow/dags/sodai_pipeline_dag.py
[2025-11-18T19:47:34.166+0000] {processor.py:830} INFO - Processing file /opt/airflow/dags/sodai_pipeline_dag.py for tasks to queue
[2025-11-18T19:47:34.168+0000] {logging_mixin.py:188} INFO - [2025-11-18T19:47:34.168+0000] {dagbag.py:540} INFO - Filling up the DagBag from /opt/airflow/dags/sodai_pipeline_dag.py
[2025-11-18T19:47:34.185+0000] {processor.py:840} INFO - DAG(s) 'sodai_training_and_scoring' retrieved from /opt/airflow/dags/sodai_pipeline_dag.py
[2025-11-18T19:47:34.208+0000] {logging_mixin.py:188} INFO - [2025-11-18T19:47:34.207+0000] {dag.py:3096} INFO - Sync 1 DAGs
[2025-11-18T19:47:34.219+0000] {logging_mixin.py:188} INFO - [2025-11-18T19:47:34.219+0000] {dag.py:3954} INFO - Setting next_dagrun for sodai_training_and_scoring to None, run_after=None
[2025-11-18T19:47:34.235+0000] {processor.py:183} INFO - Processing /opt/airflow/dags/sodai_pipeline_dag.py took 0.076 seconds
[2025-11-18T19:48:04.740+0000] {processor.py:161} INFO - Started process (PID=5019) to work on /opt/airflow/dags/sodai_pipeline_dag.py
[2025-11-18T19:48:04.741+0000] {processor.py:830} INFO - Processing file /opt/airflow/dags/sodai_pipeline_dag.py for tasks to queue
[2025-11-18T19:48:04.744+0000] {logging_mixin.py:188} INFO - [2025-11-18T19:48:04.744+0000] {dagbag.py:540} INFO - Filling up the DagBag from /opt/airflow/dags/sodai_pipeline_dag.py
[2025-11-18T19:48:04.762+0000] {processor.py:840} INFO - DAG(s) 'sodai_training_and_scoring' retrieved from /opt/airflow/dags/sodai_pipeline_dag.py
[2025-11-18T19:48:04.785+0000] {logging_mixin.py:188} INFO - [2025-11-18T19:48:04.785+0000] {dag.py:3096} INFO - Sync 1 DAGs
[2025-11-18T19:48:04.796+0000] {logging_mixin.py:188} INFO - [2025-11-18T19:48:04.795+0000] {dag.py:3954} INFO - Setting next_dagrun for sodai_training_and_scoring to None, run_after=None
[2025-11-18T19:48:04.811+0000] {processor.py:183} INFO - Processing /opt/airflow/dags/sodai_pipeline_dag.py took 0.077 seconds
[2025-11-18T19:48:35.328+0000] {processor.py:161} INFO - Started process (PID=5029) to work on /opt/airflow/dags/sodai_pipeline_dag.py
[2025-11-18T19:48:35.329+0000] {processor.py:830} INFO - Processing file /opt/airflow/dags/sodai_pipeline_dag.py for tasks to queue
[2025-11-18T19:48:35.330+0000] {logging_mixin.py:188} INFO - [2025-11-18T19:48:35.330+0000] {dagbag.py:540} INFO - Filling up the DagBag from /opt/airflow/dags/sodai_pipeline_dag.py
[2025-11-18T19:48:35.347+0000] {processor.py:840} INFO - DAG(s) 'sodai_training_and_scoring' retrieved from /opt/airflow/dags/sodai_pipeline_dag.py
[2025-11-18T19:48:35.369+0000] {logging_mixin.py:188} INFO - [2025-11-18T19:48:35.369+0000] {dag.py:3096} INFO - Sync 1 DAGs
[2025-11-18T19:48:35.379+0000] {logging_mixin.py:188} INFO - [2025-11-18T19:48:35.379+0000] {dag.py:3954} INFO - Setting next_dagrun for sodai_training_and_scoring to None, run_after=None
[2025-11-18T19:48:35.393+0000] {processor.py:183} INFO - Processing /opt/airflow/dags/sodai_pipeline_dag.py took 0.071 seconds
[2025-11-18T19:49:06.242+0000] {processor.py:161} INFO - Started process (PID=5039) to work on /opt/airflow/dags/sodai_pipeline_dag.py
[2025-11-18T19:49:06.243+0000] {processor.py:830} INFO - Processing file /opt/airflow/dags/sodai_pipeline_dag.py for tasks to queue
[2025-11-18T19:49:06.244+0000] {logging_mixin.py:188} INFO - [2025-11-18T19:49:06.244+0000] {dagbag.py:540} INFO - Filling up the DagBag from /opt/airflow/dags/sodai_pipeline_dag.py
[2025-11-18T19:49:06.257+0000] {processor.py:840} INFO - DAG(s) 'sodai_training_and_scoring' retrieved from /opt/airflow/dags/sodai_pipeline_dag.py
[2025-11-18T19:49:06.277+0000] {logging_mixin.py:188} INFO - [2025-11-18T19:49:06.277+0000] {dag.py:3096} INFO - Sync 1 DAGs
[2025-11-18T19:49:06.287+0000] {logging_mixin.py:188} INFO - [2025-11-18T19:49:06.287+0000] {dag.py:3954} INFO - Setting next_dagrun for sodai_training_and_scoring to None, run_after=None
[2025-11-18T19:49:06.300+0000] {processor.py:183} INFO - Processing /opt/airflow/dags/sodai_pipeline_dag.py took 0.063 seconds
[2025-11-18T19:49:36.871+0000] {processor.py:161} INFO - Started process (PID=5049) to work on /opt/airflow/dags/sodai_pipeline_dag.py
[2025-11-18T19:49:36.872+0000] {processor.py:830} INFO - Processing file /opt/airflow/dags/sodai_pipeline_dag.py for tasks to queue
[2025-11-18T19:49:36.874+0000] {logging_mixin.py:188} INFO - [2025-11-18T19:49:36.873+0000] {dagbag.py:540} INFO - Filling up the DagBag from /opt/airflow/dags/sodai_pipeline_dag.py
[2025-11-18T19:49:36.885+0000] {processor.py:840} INFO - DAG(s) 'sodai_training_and_scoring' retrieved from /opt/airflow/dags/sodai_pipeline_dag.py
[2025-11-18T19:49:36.905+0000] {logging_mixin.py:188} INFO - [2025-11-18T19:49:36.905+0000] {dag.py:3096} INFO - Sync 1 DAGs
[2025-11-18T19:49:36.914+0000] {logging_mixin.py:188} INFO - [2025-11-18T19:49:36.914+0000] {dag.py:3954} INFO - Setting next_dagrun for sodai_training_and_scoring to None, run_after=None
[2025-11-18T19:49:36.928+0000] {processor.py:183} INFO - Processing /opt/airflow/dags/sodai_pipeline_dag.py took 0.061 seconds
[2025-11-18T19:50:07.601+0000] {processor.py:161} INFO - Started process (PID=5059) to work on /opt/airflow/dags/sodai_pipeline_dag.py
[2025-11-18T19:50:07.602+0000] {processor.py:830} INFO - Processing file /opt/airflow/dags/sodai_pipeline_dag.py for tasks to queue
[2025-11-18T19:50:07.604+0000] {logging_mixin.py:188} INFO - [2025-11-18T19:50:07.604+0000] {dagbag.py:540} INFO - Filling up the DagBag from /opt/airflow/dags/sodai_pipeline_dag.py
[2025-11-18T19:50:07.616+0000] {processor.py:840} INFO - DAG(s) 'sodai_training_and_scoring' retrieved from /opt/airflow/dags/sodai_pipeline_dag.py
[2025-11-18T19:50:07.636+0000] {logging_mixin.py:188} INFO - [2025-11-18T19:50:07.636+0000] {dag.py:3096} INFO - Sync 1 DAGs
[2025-11-18T19:50:07.650+0000] {logging_mixin.py:188} INFO - [2025-11-18T19:50:07.649+0000] {dag.py:3954} INFO - Setting next_dagrun for sodai_training_and_scoring to None, run_after=None
[2025-11-18T19:50:07.661+0000] {processor.py:183} INFO - Processing /opt/airflow/dags/sodai_pipeline_dag.py took 0.065 seconds
[2025-11-18T19:50:38.372+0000] {processor.py:161} INFO - Started process (PID=5069) to work on /opt/airflow/dags/sodai_pipeline_dag.py
[2025-11-18T19:50:38.373+0000] {processor.py:830} INFO - Processing file /opt/airflow/dags/sodai_pipeline_dag.py for tasks to queue
[2025-11-18T19:50:38.375+0000] {logging_mixin.py:188} INFO - [2025-11-18T19:50:38.374+0000] {dagbag.py:540} INFO - Filling up the DagBag from /opt/airflow/dags/sodai_pipeline_dag.py
[2025-11-18T19:50:38.388+0000] {processor.py:840} INFO - DAG(s) 'sodai_training_and_scoring' retrieved from /opt/airflow/dags/sodai_pipeline_dag.py
[2025-11-18T19:50:38.409+0000] {logging_mixin.py:188} INFO - [2025-11-18T19:50:38.409+0000] {dag.py:3096} INFO - Sync 1 DAGs
[2025-11-18T19:50:38.419+0000] {logging_mixin.py:188} INFO - [2025-11-18T19:50:38.418+0000] {dag.py:3954} INFO - Setting next_dagrun for sodai_training_and_scoring to None, run_after=None
[2025-11-18T19:50:38.433+0000] {processor.py:183} INFO - Processing /opt/airflow/dags/sodai_pipeline_dag.py took 0.066 seconds
[2025-11-18T19:51:09.112+0000] {processor.py:161} INFO - Started process (PID=5079) to work on /opt/airflow/dags/sodai_pipeline_dag.py
[2025-11-18T19:51:09.113+0000] {processor.py:830} INFO - Processing file /opt/airflow/dags/sodai_pipeline_dag.py for tasks to queue
[2025-11-18T19:51:09.115+0000] {logging_mixin.py:188} INFO - [2025-11-18T19:51:09.114+0000] {dagbag.py:540} INFO - Filling up the DagBag from /opt/airflow/dags/sodai_pipeline_dag.py
[2025-11-18T19:51:09.132+0000] {processor.py:840} INFO - DAG(s) 'sodai_training_and_scoring' retrieved from /opt/airflow/dags/sodai_pipeline_dag.py
[2025-11-18T19:51:09.160+0000] {logging_mixin.py:188} INFO - [2025-11-18T19:51:09.160+0000] {dag.py:3096} INFO - Sync 1 DAGs
[2025-11-18T19:51:09.171+0000] {logging_mixin.py:188} INFO - [2025-11-18T19:51:09.171+0000] {dag.py:3954} INFO - Setting next_dagrun for sodai_training_and_scoring to None, run_after=None
[2025-11-18T19:51:09.187+0000] {processor.py:183} INFO - Processing /opt/airflow/dags/sodai_pipeline_dag.py took 0.079 seconds
[2025-11-18T19:51:39.714+0000] {processor.py:161} INFO - Started process (PID=5089) to work on /opt/airflow/dags/sodai_pipeline_dag.py
[2025-11-18T19:51:39.715+0000] {processor.py:830} INFO - Processing file /opt/airflow/dags/sodai_pipeline_dag.py for tasks to queue
[2025-11-18T19:51:39.716+0000] {logging_mixin.py:188} INFO - [2025-11-18T19:51:39.716+0000] {dagbag.py:540} INFO - Filling up the DagBag from /opt/airflow/dags/sodai_pipeline_dag.py
[2025-11-18T19:51:39.735+0000] {processor.py:840} INFO - DAG(s) 'sodai_training_and_scoring' retrieved from /opt/airflow/dags/sodai_pipeline_dag.py
[2025-11-18T19:51:39.757+0000] {logging_mixin.py:188} INFO - [2025-11-18T19:51:39.757+0000] {dag.py:3096} INFO - Sync 1 DAGs
[2025-11-18T19:51:39.769+0000] {logging_mixin.py:188} INFO - [2025-11-18T19:51:39.768+0000] {dag.py:3954} INFO - Setting next_dagrun for sodai_training_and_scoring to None, run_after=None
[2025-11-18T19:51:39.786+0000] {processor.py:183} INFO - Processing /opt/airflow/dags/sodai_pipeline_dag.py took 0.077 seconds
[2025-11-18T19:52:10.387+0000] {processor.py:161} INFO - Started process (PID=5099) to work on /opt/airflow/dags/sodai_pipeline_dag.py
[2025-11-18T19:52:10.388+0000] {processor.py:830} INFO - Processing file /opt/airflow/dags/sodai_pipeline_dag.py for tasks to queue
[2025-11-18T19:52:10.389+0000] {logging_mixin.py:188} INFO - [2025-11-18T19:52:10.389+0000] {dagbag.py:540} INFO - Filling up the DagBag from /opt/airflow/dags/sodai_pipeline_dag.py
[2025-11-18T19:52:10.405+0000] {processor.py:840} INFO - DAG(s) 'sodai_training_and_scoring' retrieved from /opt/airflow/dags/sodai_pipeline_dag.py
[2025-11-18T19:52:10.425+0000] {logging_mixin.py:188} INFO - [2025-11-18T19:52:10.425+0000] {dag.py:3096} INFO - Sync 1 DAGs
[2025-11-18T19:52:10.436+0000] {logging_mixin.py:188} INFO - [2025-11-18T19:52:10.435+0000] {dag.py:3954} INFO - Setting next_dagrun for sodai_training_and_scoring to None, run_after=None
[2025-11-18T19:52:10.449+0000] {processor.py:183} INFO - Processing /opt/airflow/dags/sodai_pipeline_dag.py took 0.067 seconds
[2025-11-18T19:52:40.523+0000] {processor.py:161} INFO - Started process (PID=5109) to work on /opt/airflow/dags/sodai_pipeline_dag.py
[2025-11-18T19:52:40.524+0000] {processor.py:830} INFO - Processing file /opt/airflow/dags/sodai_pipeline_dag.py for tasks to queue
[2025-11-18T19:52:40.527+0000] {logging_mixin.py:188} INFO - [2025-11-18T19:52:40.526+0000] {dagbag.py:540} INFO - Filling up the DagBag from /opt/airflow/dags/sodai_pipeline_dag.py
[2025-11-18T19:52:40.547+0000] {processor.py:840} INFO - DAG(s) 'sodai_training_and_scoring' retrieved from /opt/airflow/dags/sodai_pipeline_dag.py
[2025-11-18T19:52:40.574+0000] {logging_mixin.py:188} INFO - [2025-11-18T19:52:40.574+0000] {dag.py:3096} INFO - Sync 1 DAGs
[2025-11-18T19:52:40.586+0000] {logging_mixin.py:188} INFO - [2025-11-18T19:52:40.586+0000] {dag.py:3954} INFO - Setting next_dagrun for sodai_training_and_scoring to None, run_after=None
[2025-11-18T19:52:40.605+0000] {processor.py:183} INFO - Processing /opt/airflow/dags/sodai_pipeline_dag.py took 0.087 seconds
[2025-11-18T19:53:11.460+0000] {processor.py:161} INFO - Started process (PID=5119) to work on /opt/airflow/dags/sodai_pipeline_dag.py
[2025-11-18T19:53:11.461+0000] {processor.py:830} INFO - Processing file /opt/airflow/dags/sodai_pipeline_dag.py for tasks to queue
[2025-11-18T19:53:11.462+0000] {logging_mixin.py:188} INFO - [2025-11-18T19:53:11.462+0000] {dagbag.py:540} INFO - Filling up the DagBag from /opt/airflow/dags/sodai_pipeline_dag.py
[2025-11-18T19:53:11.480+0000] {processor.py:840} INFO - DAG(s) 'sodai_training_and_scoring' retrieved from /opt/airflow/dags/sodai_pipeline_dag.py
[2025-11-18T19:53:11.502+0000] {logging_mixin.py:188} INFO - [2025-11-18T19:53:11.501+0000] {dag.py:3096} INFO - Sync 1 DAGs
[2025-11-18T19:53:11.514+0000] {logging_mixin.py:188} INFO - [2025-11-18T19:53:11.514+0000] {dag.py:3954} INFO - Setting next_dagrun for sodai_training_and_scoring to None, run_after=None
[2025-11-18T19:53:11.531+0000] {processor.py:183} INFO - Processing /opt/airflow/dags/sodai_pipeline_dag.py took 0.076 seconds
[2025-11-18T19:53:32.989+0000] {processor.py:161} INFO - Started process (PID=5124) to work on /opt/airflow/dags/sodai_pipeline_dag.py
[2025-11-18T19:53:32.990+0000] {processor.py:830} INFO - Processing file /opt/airflow/dags/sodai_pipeline_dag.py for tasks to queue
[2025-11-18T19:53:32.992+0000] {logging_mixin.py:188} INFO - [2025-11-18T19:53:32.992+0000] {dagbag.py:540} INFO - Filling up the DagBag from /opt/airflow/dags/sodai_pipeline_dag.py
[2025-11-18T19:53:33.025+0000] {processor.py:840} INFO - DAG(s) 'sodai_training_and_scoring' retrieved from /opt/airflow/dags/sodai_pipeline_dag.py
[2025-11-18T19:53:33.047+0000] {logging_mixin.py:188} INFO - [2025-11-18T19:53:33.047+0000] {dag.py:3096} INFO - Sync 1 DAGs
[2025-11-18T19:53:33.058+0000] {logging_mixin.py:188} INFO - [2025-11-18T19:53:33.058+0000] {dag.py:3954} INFO - Setting next_dagrun for sodai_training_and_scoring to None, run_after=None
[2025-11-18T19:53:33.081+0000] {processor.py:183} INFO - Processing /opt/airflow/dags/sodai_pipeline_dag.py took 0.097 seconds
[2025-11-18T19:53:36.154+0000] {processor.py:161} INFO - Started process (PID=5129) to work on /opt/airflow/dags/sodai_pipeline_dag.py
[2025-11-18T19:53:36.155+0000] {processor.py:830} INFO - Processing file /opt/airflow/dags/sodai_pipeline_dag.py for tasks to queue
[2025-11-18T19:53:36.157+0000] {logging_mixin.py:188} INFO - [2025-11-18T19:53:36.157+0000] {dagbag.py:540} INFO - Filling up the DagBag from /opt/airflow/dags/sodai_pipeline_dag.py
[2025-11-18T19:53:36.193+0000] {processor.py:840} INFO - DAG(s) 'sodai_training_and_scoring' retrieved from /opt/airflow/dags/sodai_pipeline_dag.py
[2025-11-18T19:53:36.217+0000] {logging_mixin.py:188} INFO - [2025-11-18T19:53:36.217+0000] {dag.py:3096} INFO - Sync 1 DAGs
[2025-11-18T19:53:36.228+0000] {logging_mixin.py:188} INFO - [2025-11-18T19:53:36.228+0000] {dag.py:3954} INFO - Setting next_dagrun for sodai_training_and_scoring to None, run_after=None
[2025-11-18T19:53:36.253+0000] {processor.py:183} INFO - Processing /opt/airflow/dags/sodai_pipeline_dag.py took 0.103 seconds
[2025-11-18T19:53:38.196+0000] {processor.py:161} INFO - Started process (PID=5134) to work on /opt/airflow/dags/sodai_pipeline_dag.py
[2025-11-18T19:53:38.198+0000] {processor.py:830} INFO - Processing file /opt/airflow/dags/sodai_pipeline_dag.py for tasks to queue
[2025-11-18T19:53:38.199+0000] {logging_mixin.py:188} INFO - [2025-11-18T19:53:38.199+0000] {dagbag.py:540} INFO - Filling up the DagBag from /opt/airflow/dags/sodai_pipeline_dag.py
[2025-11-18T19:53:38.225+0000] {processor.py:840} INFO - DAG(s) 'sodai_training_and_scoring' retrieved from /opt/airflow/dags/sodai_pipeline_dag.py
[2025-11-18T19:53:38.246+0000] {logging_mixin.py:188} INFO - [2025-11-18T19:53:38.246+0000] {dag.py:3096} INFO - Sync 1 DAGs
[2025-11-18T19:53:38.255+0000] {logging_mixin.py:188} INFO - [2025-11-18T19:53:38.255+0000] {dag.py:3954} INFO - Setting next_dagrun for sodai_training_and_scoring to None, run_after=None
[2025-11-18T19:53:38.272+0000] {processor.py:183} INFO - Processing /opt/airflow/dags/sodai_pipeline_dag.py took 0.080 seconds
[2025-11-18T19:53:40.266+0000] {processor.py:161} INFO - Started process (PID=5139) to work on /opt/airflow/dags/sodai_pipeline_dag.py
[2025-11-18T19:53:40.269+0000] {processor.py:830} INFO - Processing file /opt/airflow/dags/sodai_pipeline_dag.py for tasks to queue
[2025-11-18T19:53:40.271+0000] {logging_mixin.py:188} INFO - [2025-11-18T19:53:40.270+0000] {dagbag.py:540} INFO - Filling up the DagBag from /opt/airflow/dags/sodai_pipeline_dag.py
[2025-11-18T19:53:40.319+0000] {processor.py:840} INFO - DAG(s) 'sodai_training_and_scoring' retrieved from /opt/airflow/dags/sodai_pipeline_dag.py
[2025-11-18T19:53:40.343+0000] {logging_mixin.py:188} INFO - [2025-11-18T19:53:40.342+0000] {dag.py:3096} INFO - Sync 1 DAGs
[2025-11-18T19:53:40.353+0000] {logging_mixin.py:188} INFO - [2025-11-18T19:53:40.353+0000] {dag.py:3954} INFO - Setting next_dagrun for sodai_training_and_scoring to None, run_after=None
[2025-11-18T19:53:40.375+0000] {processor.py:183} INFO - Processing /opt/airflow/dags/sodai_pipeline_dag.py took 0.113 seconds
[2025-11-18T19:53:42.391+0000] {processor.py:161} INFO - Started process (PID=5149) to work on /opt/airflow/dags/sodai_pipeline_dag.py
[2025-11-18T19:53:42.392+0000] {processor.py:830} INFO - Processing file /opt/airflow/dags/sodai_pipeline_dag.py for tasks to queue
[2025-11-18T19:53:42.394+0000] {logging_mixin.py:188} INFO - [2025-11-18T19:53:42.393+0000] {dagbag.py:540} INFO - Filling up the DagBag from /opt/airflow/dags/sodai_pipeline_dag.py
[2025-11-18T19:53:42.415+0000] {processor.py:840} INFO - DAG(s) 'sodai_training_and_scoring' retrieved from /opt/airflow/dags/sodai_pipeline_dag.py
[2025-11-18T19:53:42.436+0000] {logging_mixin.py:188} INFO - [2025-11-18T19:53:42.435+0000] {dag.py:3096} INFO - Sync 1 DAGs
[2025-11-18T19:53:42.445+0000] {logging_mixin.py:188} INFO - [2025-11-18T19:53:42.445+0000] {dag.py:3954} INFO - Setting next_dagrun for sodai_training_and_scoring to None, run_after=None
[2025-11-18T19:53:42.462+0000] {processor.py:183} INFO - Processing /opt/airflow/dags/sodai_pipeline_dag.py took 0.076 seconds
[2025-11-18T19:53:43.449+0000] {processor.py:161} INFO - Started process (PID=5154) to work on /opt/airflow/dags/sodai_pipeline_dag.py
[2025-11-18T19:53:43.453+0000] {processor.py:830} INFO - Processing file /opt/airflow/dags/sodai_pipeline_dag.py for tasks to queue
[2025-11-18T19:53:43.454+0000] {logging_mixin.py:188} INFO - [2025-11-18T19:53:43.454+0000] {dagbag.py:540} INFO - Filling up the DagBag from /opt/airflow/dags/sodai_pipeline_dag.py
[2025-11-18T19:53:43.477+0000] {processor.py:840} INFO - DAG(s) 'sodai_training_and_scoring' retrieved from /opt/airflow/dags/sodai_pipeline_dag.py
[2025-11-18T19:53:43.499+0000] {logging_mixin.py:188} INFO - [2025-11-18T19:53:43.499+0000] {dag.py:3096} INFO - Sync 1 DAGs
[2025-11-18T19:53:43.509+0000] {logging_mixin.py:188} INFO - [2025-11-18T19:53:43.509+0000] {dag.py:3954} INFO - Setting next_dagrun for sodai_training_and_scoring to None, run_after=None
[2025-11-18T19:53:43.528+0000] {processor.py:183} INFO - Processing /opt/airflow/dags/sodai_pipeline_dag.py took 0.083 seconds
[2025-11-18T19:53:45.597+0000] {processor.py:161} INFO - Started process (PID=5159) to work on /opt/airflow/dags/sodai_pipeline_dag.py
[2025-11-18T19:53:45.598+0000] {processor.py:830} INFO - Processing file /opt/airflow/dags/sodai_pipeline_dag.py for tasks to queue
[2025-11-18T19:53:45.600+0000] {logging_mixin.py:188} INFO - [2025-11-18T19:53:45.600+0000] {dagbag.py:540} INFO - Filling up the DagBag from /opt/airflow/dags/sodai_pipeline_dag.py
[2025-11-18T19:53:45.639+0000] {processor.py:840} INFO - DAG(s) 'sodai_training_and_scoring' retrieved from /opt/airflow/dags/sodai_pipeline_dag.py
[2025-11-18T19:53:45.664+0000] {logging_mixin.py:188} INFO - [2025-11-18T19:53:45.663+0000] {dag.py:3096} INFO - Sync 1 DAGs
[2025-11-18T19:53:45.677+0000] {logging_mixin.py:188} INFO - [2025-11-18T19:53:45.677+0000] {dag.py:3954} INFO - Setting next_dagrun for sodai_training_and_scoring to None, run_after=None
[2025-11-18T19:53:45.708+0000] {processor.py:183} INFO - Processing /opt/airflow/dags/sodai_pipeline_dag.py took 0.116 seconds
[2025-11-18T19:53:47.664+0000] {processor.py:161} INFO - Started process (PID=5164) to work on /opt/airflow/dags/sodai_pipeline_dag.py
[2025-11-18T19:53:47.665+0000] {processor.py:830} INFO - Processing file /opt/airflow/dags/sodai_pipeline_dag.py for tasks to queue
[2025-11-18T19:53:47.666+0000] {logging_mixin.py:188} INFO - [2025-11-18T19:53:47.666+0000] {dagbag.py:540} INFO - Filling up the DagBag from /opt/airflow/dags/sodai_pipeline_dag.py
[2025-11-18T19:53:47.689+0000] {processor.py:840} INFO - DAG(s) 'sodai_training_and_scoring' retrieved from /opt/airflow/dags/sodai_pipeline_dag.py
[2025-11-18T19:53:47.710+0000] {logging_mixin.py:188} INFO - [2025-11-18T19:53:47.710+0000] {dag.py:3096} INFO - Sync 1 DAGs
[2025-11-18T19:53:47.720+0000] {logging_mixin.py:188} INFO - [2025-11-18T19:53:47.719+0000] {dag.py:3954} INFO - Setting next_dagrun for sodai_training_and_scoring to None, run_after=None
[2025-11-18T19:53:47.741+0000] {processor.py:183} INFO - Processing /opt/airflow/dags/sodai_pipeline_dag.py took 0.082 seconds
[2025-11-18T19:53:49.747+0000] {processor.py:161} INFO - Started process (PID=5169) to work on /opt/airflow/dags/sodai_pipeline_dag.py
[2025-11-18T19:53:49.748+0000] {processor.py:830} INFO - Processing file /opt/airflow/dags/sodai_pipeline_dag.py for tasks to queue
[2025-11-18T19:53:49.750+0000] {logging_mixin.py:188} INFO - [2025-11-18T19:53:49.750+0000] {dagbag.py:540} INFO - Filling up the DagBag from /opt/airflow/dags/sodai_pipeline_dag.py
[2025-11-18T19:53:49.833+0000] {processor.py:840} INFO - DAG(s) 'sodai_training_and_scoring' retrieved from /opt/airflow/dags/sodai_pipeline_dag.py
[2025-11-18T19:53:49.448+0000] {logging_mixin.py:188} INFO - [2025-11-18T19:53:49.448+0000] {dag.py:3096} INFO - Sync 1 DAGs
[2025-11-18T19:53:49.459+0000] {logging_mixin.py:188} INFO - [2025-11-18T19:53:49.459+0000] {dag.py:3954} INFO - Setting next_dagrun for sodai_training_and_scoring to None, run_after=None
[2025-11-18T19:53:49.481+0000] {processor.py:183} INFO - Processing /opt/airflow/dags/sodai_pipeline_dag.py took 0.146 seconds
[2025-11-18T19:54:05.672+0000] {processor.py:161} INFO - Started process (PID=5174) to work on /opt/airflow/dags/sodai_pipeline_dag.py
[2025-11-18T19:54:05.675+0000] {processor.py:830} INFO - Processing file /opt/airflow/dags/sodai_pipeline_dag.py for tasks to queue
[2025-11-18T19:54:05.677+0000] {logging_mixin.py:188} INFO - [2025-11-18T19:54:05.677+0000] {dagbag.py:540} INFO - Filling up the DagBag from /opt/airflow/dags/sodai_pipeline_dag.py
[2025-11-18T19:54:05.698+0000] {processor.py:840} INFO - DAG(s) 'sodai_training_and_scoring' retrieved from /opt/airflow/dags/sodai_pipeline_dag.py
[2025-11-18T19:54:05.720+0000] {logging_mixin.py:188} INFO - [2025-11-18T19:54:05.720+0000] {dag.py:3096} INFO - Sync 1 DAGs
[2025-11-18T19:54:05.730+0000] {logging_mixin.py:188} INFO - [2025-11-18T19:54:05.730+0000] {dag.py:3954} INFO - Setting next_dagrun for sodai_training_and_scoring to None, run_after=None
[2025-11-18T19:54:05.757+0000] {processor.py:183} INFO - Processing /opt/airflow/dags/sodai_pipeline_dag.py took 0.090 seconds
[2025-11-18T19:54:36.572+0000] {processor.py:161} INFO - Started process (PID=5184) to work on /opt/airflow/dags/sodai_pipeline_dag.py
[2025-11-18T19:54:36.573+0000] {processor.py:830} INFO - Processing file /opt/airflow/dags/sodai_pipeline_dag.py for tasks to queue
[2025-11-18T19:54:36.575+0000] {logging_mixin.py:188} INFO - [2025-11-18T19:54:36.575+0000] {dagbag.py:540} INFO - Filling up the DagBag from /opt/airflow/dags/sodai_pipeline_dag.py
[2025-11-18T19:54:36.604+0000] {processor.py:840} INFO - DAG(s) 'sodai_training_and_scoring' retrieved from /opt/airflow/dags/sodai_pipeline_dag.py
[2025-11-18T19:54:36.624+0000] {logging_mixin.py:188} INFO - [2025-11-18T19:54:36.624+0000] {dag.py:3096} INFO - Sync 1 DAGs
[2025-11-18T19:54:36.635+0000] {logging_mixin.py:188} INFO - [2025-11-18T19:54:36.635+0000] {dag.py:3954} INFO - Setting next_dagrun for sodai_training_and_scoring to None, run_after=None
[2025-11-18T19:54:36.655+0000] {processor.py:183} INFO - Processing /opt/airflow/dags/sodai_pipeline_dag.py took 0.088 seconds
[2025-11-18T19:55:07.509+0000] {processor.py:161} INFO - Started process (PID=5194) to work on /opt/airflow/dags/sodai_pipeline_dag.py
[2025-11-18T19:55:07.510+0000] {processor.py:830} INFO - Processing file /opt/airflow/dags/sodai_pipeline_dag.py for tasks to queue
[2025-11-18T19:55:07.511+0000] {logging_mixin.py:188} INFO - [2025-11-18T19:55:07.511+0000] {dagbag.py:540} INFO - Filling up the DagBag from /opt/airflow/dags/sodai_pipeline_dag.py
[2025-11-18T19:55:07.525+0000] {processor.py:840} INFO - DAG(s) 'sodai_training_and_scoring' retrieved from /opt/airflow/dags/sodai_pipeline_dag.py
[2025-11-18T19:55:07.546+0000] {logging_mixin.py:188} INFO - [2025-11-18T19:55:07.546+0000] {dag.py:3096} INFO - Sync 1 DAGs
[2025-11-18T19:55:07.558+0000] {logging_mixin.py:188} INFO - [2025-11-18T19:55:07.558+0000] {dag.py:3954} INFO - Setting next_dagrun for sodai_training_and_scoring to None, run_after=None
[2025-11-18T19:55:07.582+0000] {processor.py:183} INFO - Processing /opt/airflow/dags/sodai_pipeline_dag.py took 0.079 seconds
[2025-11-18T19:55:24.271+0000] {processor.py:161} INFO - Started process (PID=193) to work on /opt/airflow/dags/sodai_pipeline_dag.py
[2025-11-18T19:55:24.273+0000] {processor.py:830} INFO - Processing file /opt/airflow/dags/sodai_pipeline_dag.py for tasks to queue
[2025-11-18T19:55:24.275+0000] {logging_mixin.py:188} INFO - [2025-11-18T19:55:24.275+0000] {dagbag.py:540} INFO - Filling up the DagBag from /opt/airflow/dags/sodai_pipeline_dag.py
[2025-11-18T19:55:24.300+0000] {processor.py:840} INFO - DAG(s) 'sodai_training_and_scoring' retrieved from /opt/airflow/dags/sodai_pipeline_dag.py
[2025-11-18T19:55:24.333+0000] {logging_mixin.py:188} INFO - [2025-11-18T19:55:24.333+0000] {dag.py:3096} INFO - Sync 1 DAGs
[2025-11-18T19:55:24.346+0000] {logging_mixin.py:188} INFO - [2025-11-18T19:55:24.345+0000] {dag.py:3954} INFO - Setting next_dagrun for sodai_training_and_scoring to None, run_after=None
[2025-11-18T19:55:24.362+0000] {processor.py:183} INFO - Processing /opt/airflow/dags/sodai_pipeline_dag.py took 0.098 seconds
[2025-11-18T19:55:54.448+0000] {processor.py:161} INFO - Started process (PID=203) to work on /opt/airflow/dags/sodai_pipeline_dag.py
[2025-11-18T19:55:54.449+0000] {processor.py:830} INFO - Processing file /opt/airflow/dags/sodai_pipeline_dag.py for tasks to queue
[2025-11-18T19:55:54.451+0000] {logging_mixin.py:188} INFO - [2025-11-18T19:55:54.451+0000] {dagbag.py:540} INFO - Filling up the DagBag from /opt/airflow/dags/sodai_pipeline_dag.py
[2025-11-18T19:55:54.470+0000] {processor.py:840} INFO - DAG(s) 'sodai_training_and_scoring' retrieved from /opt/airflow/dags/sodai_pipeline_dag.py
[2025-11-18T19:55:54.499+0000] {logging_mixin.py:188} INFO - [2025-11-18T19:55:54.498+0000] {dag.py:3096} INFO - Sync 1 DAGs
[2025-11-18T19:55:54.509+0000] {logging_mixin.py:188} INFO - [2025-11-18T19:55:54.509+0000] {dag.py:3954} INFO - Setting next_dagrun for sodai_training_and_scoring to None, run_after=None
[2025-11-18T19:55:54.526+0000] {processor.py:183} INFO - Processing /opt/airflow/dags/sodai_pipeline_dag.py took 0.082 seconds
[2025-11-18T19:56:25.448+0000] {processor.py:161} INFO - Started process (PID=213) to work on /opt/airflow/dags/sodai_pipeline_dag.py
[2025-11-18T19:56:25.449+0000] {processor.py:830} INFO - Processing file /opt/airflow/dags/sodai_pipeline_dag.py for tasks to queue
[2025-11-18T19:56:25.451+0000] {logging_mixin.py:188} INFO - [2025-11-18T19:56:25.450+0000] {dagbag.py:540} INFO - Filling up the DagBag from /opt/airflow/dags/sodai_pipeline_dag.py
[2025-11-18T19:56:25.467+0000] {processor.py:840} INFO - DAG(s) 'sodai_training_and_scoring' retrieved from /opt/airflow/dags/sodai_pipeline_dag.py
[2025-11-18T19:56:25.491+0000] {logging_mixin.py:188} INFO - [2025-11-18T19:56:25.491+0000] {dag.py:3096} INFO - Sync 1 DAGs
[2025-11-18T19:56:25.501+0000] {logging_mixin.py:188} INFO - [2025-11-18T19:56:25.501+0000] {dag.py:3954} INFO - Setting next_dagrun for sodai_training_and_scoring to None, run_after=None
[2025-11-18T19:56:25.517+0000] {processor.py:183} INFO - Processing /opt/airflow/dags/sodai_pipeline_dag.py took 0.074 seconds
[2025-11-18T19:56:56.452+0000] {processor.py:161} INFO - Started process (PID=223) to work on /opt/airflow/dags/sodai_pipeline_dag.py
[2025-11-18T19:56:56.453+0000] {processor.py:830} INFO - Processing file /opt/airflow/dags/sodai_pipeline_dag.py for tasks to queue
[2025-11-18T19:56:56.455+0000] {logging_mixin.py:188} INFO - [2025-11-18T19:56:56.454+0000] {dagbag.py:540} INFO - Filling up the DagBag from /opt/airflow/dags/sodai_pipeline_dag.py
[2025-11-18T19:56:56.472+0000] {processor.py:840} INFO - DAG(s) 'sodai_training_and_scoring' retrieved from /opt/airflow/dags/sodai_pipeline_dag.py
[2025-11-18T19:56:56.495+0000] {logging_mixin.py:188} INFO - [2025-11-18T19:56:56.494+0000] {dag.py:3096} INFO - Sync 1 DAGs
[2025-11-18T19:56:56.504+0000] {logging_mixin.py:188} INFO - [2025-11-18T19:56:56.504+0000] {dag.py:3954} INFO - Setting next_dagrun for sodai_training_and_scoring to None, run_after=None
[2025-11-18T19:56:56.519+0000] {processor.py:183} INFO - Processing /opt/airflow/dags/sodai_pipeline_dag.py took 0.071 seconds
[2025-11-18T19:57:27.474+0000] {processor.py:161} INFO - Started process (PID=233) to work on /opt/airflow/dags/sodai_pipeline_dag.py
[2025-11-18T19:57:27.475+0000] {processor.py:830} INFO - Processing file /opt/airflow/dags/sodai_pipeline_dag.py for tasks to queue
[2025-11-18T19:57:27.476+0000] {logging_mixin.py:188} INFO - [2025-11-18T19:57:27.476+0000] {dagbag.py:540} INFO - Filling up the DagBag from /opt/airflow/dags/sodai_pipeline_dag.py
[2025-11-18T19:57:27.496+0000] {processor.py:840} INFO - DAG(s) 'sodai_training_and_scoring' retrieved from /opt/airflow/dags/sodai_pipeline_dag.py
[2025-11-18T19:57:27.519+0000] {logging_mixin.py:188} INFO - [2025-11-18T19:57:27.519+0000] {dag.py:3096} INFO - Sync 1 DAGs
[2025-11-18T19:57:27.528+0000] {logging_mixin.py:188} INFO - [2025-11-18T19:57:27.528+0000] {dag.py:3954} INFO - Setting next_dagrun for sodai_training_and_scoring to None, run_after=None
[2025-11-18T19:57:27.543+0000] {processor.py:183} INFO - Processing /opt/airflow/dags/sodai_pipeline_dag.py took 0.073 seconds
[2025-11-18T19:57:57.572+0000] {processor.py:161} INFO - Started process (PID=246) to work on /opt/airflow/dags/sodai_pipeline_dag.py
[2025-11-18T19:57:57.573+0000] {processor.py:830} INFO - Processing file /opt/airflow/dags/sodai_pipeline_dag.py for tasks to queue
[2025-11-18T19:57:57.575+0000] {logging_mixin.py:188} INFO - [2025-11-18T19:57:57.574+0000] {dagbag.py:540} INFO - Filling up the DagBag from /opt/airflow/dags/sodai_pipeline_dag.py
[2025-11-18T19:57:57.588+0000] {processor.py:840} INFO - DAG(s) 'sodai_training_and_scoring' retrieved from /opt/airflow/dags/sodai_pipeline_dag.py
[2025-11-18T19:57:57.608+0000] {logging_mixin.py:188} INFO - [2025-11-18T19:57:57.608+0000] {dag.py:3096} INFO - Sync 1 DAGs
[2025-11-18T19:57:57.618+0000] {logging_mixin.py:188} INFO - [2025-11-18T19:57:57.618+0000] {dag.py:3954} INFO - Setting next_dagrun for sodai_training_and_scoring to None, run_after=None
[2025-11-18T19:57:57.631+0000] {processor.py:183} INFO - Processing /opt/airflow/dags/sodai_pipeline_dag.py took 0.063 seconds
[2025-11-18T19:58:27.779+0000] {processor.py:161} INFO - Started process (PID=258) to work on /opt/airflow/dags/sodai_pipeline_dag.py
[2025-11-18T19:58:27.784+0000] {processor.py:830} INFO - Processing file /opt/airflow/dags/sodai_pipeline_dag.py for tasks to queue
[2025-11-18T19:58:27.788+0000] {logging_mixin.py:188} INFO - [2025-11-18T19:58:27.787+0000] {dagbag.py:540} INFO - Filling up the DagBag from /opt/airflow/dags/sodai_pipeline_dag.py
[2025-11-18T19:58:27.864+0000] {processor.py:840} INFO - DAG(s) 'sodai_training_and_scoring' retrieved from /opt/airflow/dags/sodai_pipeline_dag.py
[2025-11-18T19:58:27.885+0000] {logging_mixin.py:188} INFO - [2025-11-18T19:58:27.885+0000] {dag.py:3096} INFO - Sync 1 DAGs
[2025-11-18T19:58:27.895+0000] {logging_mixin.py:188} INFO - [2025-11-18T19:58:27.895+0000] {dag.py:3954} INFO - Setting next_dagrun for sodai_training_and_scoring to None, run_after=None
[2025-11-18T19:58:27.911+0000] {processor.py:183} INFO - Processing /opt/airflow/dags/sodai_pipeline_dag.py took 0.137 seconds
[2025-11-18T19:58:57.961+0000] {processor.py:161} INFO - Started process (PID=268) to work on /opt/airflow/dags/sodai_pipeline_dag.py
[2025-11-18T19:58:57.962+0000] {processor.py:830} INFO - Processing file /opt/airflow/dags/sodai_pipeline_dag.py for tasks to queue
[2025-11-18T19:58:57.964+0000] {logging_mixin.py:188} INFO - [2025-11-18T19:58:57.963+0000] {dagbag.py:540} INFO - Filling up the DagBag from /opt/airflow/dags/sodai_pipeline_dag.py
[2025-11-18T19:58:57.977+0000] {processor.py:840} INFO - DAG(s) 'sodai_training_and_scoring' retrieved from /opt/airflow/dags/sodai_pipeline_dag.py
[2025-11-18T19:58:57.999+0000] {logging_mixin.py:188} INFO - [2025-11-18T19:58:57.999+0000] {dag.py:3096} INFO - Sync 1 DAGs
[2025-11-18T19:58:58.014+0000] {logging_mixin.py:188} INFO - [2025-11-18T19:58:58.014+0000] {dag.py:3954} INFO - Setting next_dagrun for sodai_training_and_scoring to None, run_after=None
[2025-11-18T19:58:58.048+0000] {processor.py:183} INFO - Processing /opt/airflow/dags/sodai_pipeline_dag.py took 0.092 seconds
[2025-11-18T19:59:28.976+0000] {processor.py:161} INFO - Started process (PID=278) to work on /opt/airflow/dags/sodai_pipeline_dag.py
[2025-11-18T19:59:28.977+0000] {processor.py:830} INFO - Processing file /opt/airflow/dags/sodai_pipeline_dag.py for tasks to queue
[2025-11-18T19:59:28.978+0000] {logging_mixin.py:188} INFO - [2025-11-18T19:59:28.978+0000] {dagbag.py:540} INFO - Filling up the DagBag from /opt/airflow/dags/sodai_pipeline_dag.py
[2025-11-18T19:59:28.995+0000] {processor.py:840} INFO - DAG(s) 'sodai_training_and_scoring' retrieved from /opt/airflow/dags/sodai_pipeline_dag.py
[2025-11-18T19:59:29.017+0000] {logging_mixin.py:188} INFO - [2025-11-18T19:59:29.017+0000] {dag.py:3096} INFO - Sync 1 DAGs
[2025-11-18T19:59:29.027+0000] {logging_mixin.py:188} INFO - [2025-11-18T19:59:29.027+0000] {dag.py:3954} INFO - Setting next_dagrun for sodai_training_and_scoring to None, run_after=None
[2025-11-18T19:59:29.041+0000] {processor.py:183} INFO - Processing /opt/airflow/dags/sodai_pipeline_dag.py took 0.069 seconds
[2025-11-18T19:59:59.080+0000] {processor.py:161} INFO - Started process (PID=288) to work on /opt/airflow/dags/sodai_pipeline_dag.py
[2025-11-18T19:59:59.081+0000] {processor.py:830} INFO - Processing file /opt/airflow/dags/sodai_pipeline_dag.py for tasks to queue
[2025-11-18T19:59:59.082+0000] {logging_mixin.py:188} INFO - [2025-11-18T19:59:59.082+0000] {dagbag.py:540} INFO - Filling up the DagBag from /opt/airflow/dags/sodai_pipeline_dag.py
[2025-11-18T19:59:59.095+0000] {processor.py:840} INFO - DAG(s) 'sodai_training_and_scoring' retrieved from /opt/airflow/dags/sodai_pipeline_dag.py
[2025-11-18T19:59:59.115+0000] {logging_mixin.py:188} INFO - [2025-11-18T19:59:59.115+0000] {dag.py:3096} INFO - Sync 1 DAGs
[2025-11-18T19:59:59.124+0000] {logging_mixin.py:188} INFO - [2025-11-18T19:59:59.124+0000] {dag.py:3954} INFO - Setting next_dagrun for sodai_training_and_scoring to None, run_after=None
[2025-11-18T19:59:59.139+0000] {processor.py:183} INFO - Processing /opt/airflow/dags/sodai_pipeline_dag.py took 0.063 seconds
[2025-11-18T20:00:29.228+0000] {processor.py:161} INFO - Started process (PID=298) to work on /opt/airflow/dags/sodai_pipeline_dag.py
[2025-11-18T20:00:29.229+0000] {processor.py:830} INFO - Processing file /opt/airflow/dags/sodai_pipeline_dag.py for tasks to queue
[2025-11-18T20:00:29.230+0000] {logging_mixin.py:188} INFO - [2025-11-18T20:00:29.230+0000] {dagbag.py:540} INFO - Filling up the DagBag from /opt/airflow/dags/sodai_pipeline_dag.py
[2025-11-18T20:00:29.246+0000] {processor.py:840} INFO - DAG(s) 'sodai_training_and_scoring' retrieved from /opt/airflow/dags/sodai_pipeline_dag.py
[2025-11-18T20:00:29.270+0000] {logging_mixin.py:188} INFO - [2025-11-18T20:00:29.270+0000] {dag.py:3096} INFO - Sync 1 DAGs
[2025-11-18T20:00:29.279+0000] {logging_mixin.py:188} INFO - [2025-11-18T20:00:29.279+0000] {dag.py:3954} INFO - Setting next_dagrun for sodai_training_and_scoring to None, run_after=None
[2025-11-18T20:00:29.293+0000] {processor.py:183} INFO - Processing /opt/airflow/dags/sodai_pipeline_dag.py took 0.070 seconds
[2025-11-18T20:00:59.492+0000] {processor.py:161} INFO - Started process (PID=308) to work on /opt/airflow/dags/sodai_pipeline_dag.py
[2025-11-18T20:00:59.493+0000] {processor.py:830} INFO - Processing file /opt/airflow/dags/sodai_pipeline_dag.py for tasks to queue
[2025-11-18T20:00:59.494+0000] {logging_mixin.py:188} INFO - [2025-11-18T20:00:59.494+0000] {dagbag.py:540} INFO - Filling up the DagBag from /opt/airflow/dags/sodai_pipeline_dag.py
[2025-11-18T20:00:59.546+0000] {processor.py:840} INFO - DAG(s) 'sodai_training_and_scoring' retrieved from /opt/airflow/dags/sodai_pipeline_dag.py
[2025-11-18T20:00:59.569+0000] {logging_mixin.py:188} INFO - [2025-11-18T20:00:59.568+0000] {dag.py:3096} INFO - Sync 1 DAGs
[2025-11-18T20:00:59.583+0000] {logging_mixin.py:188} INFO - [2025-11-18T20:00:59.582+0000] {dag.py:3954} INFO - Setting next_dagrun for sodai_training_and_scoring to None, run_after=None
[2025-11-18T20:00:59.606+0000] {processor.py:183} INFO - Processing /opt/airflow/dags/sodai_pipeline_dag.py took 0.119 seconds
[2025-11-18T20:01:30.575+0000] {processor.py:161} INFO - Started process (PID=318) to work on /opt/airflow/dags/sodai_pipeline_dag.py
[2025-11-18T20:01:30.576+0000] {processor.py:830} INFO - Processing file /opt/airflow/dags/sodai_pipeline_dag.py for tasks to queue
[2025-11-18T20:01:30.577+0000] {logging_mixin.py:188} INFO - [2025-11-18T20:01:30.577+0000] {dagbag.py:540} INFO - Filling up the DagBag from /opt/airflow/dags/sodai_pipeline_dag.py
[2025-11-18T20:01:30.590+0000] {processor.py:840} INFO - DAG(s) 'sodai_training_and_scoring' retrieved from /opt/airflow/dags/sodai_pipeline_dag.py
[2025-11-18T20:01:30.613+0000] {logging_mixin.py:188} INFO - [2025-11-18T20:01:30.613+0000] {dag.py:3096} INFO - Sync 1 DAGs
[2025-11-18T20:01:30.625+0000] {logging_mixin.py:188} INFO - [2025-11-18T20:01:30.625+0000] {dag.py:3954} INFO - Setting next_dagrun for sodai_training_and_scoring to None, run_after=None
[2025-11-18T20:01:30.642+0000] {processor.py:183} INFO - Processing /opt/airflow/dags/sodai_pipeline_dag.py took 0.072 seconds
[2025-11-18T20:02:00.696+0000] {processor.py:161} INFO - Started process (PID=328) to work on /opt/airflow/dags/sodai_pipeline_dag.py
[2025-11-18T20:02:00.697+0000] {processor.py:830} INFO - Processing file /opt/airflow/dags/sodai_pipeline_dag.py for tasks to queue
[2025-11-18T20:02:00.698+0000] {logging_mixin.py:188} INFO - [2025-11-18T20:02:00.698+0000] {dagbag.py:540} INFO - Filling up the DagBag from /opt/airflow/dags/sodai_pipeline_dag.py
[2025-11-18T20:02:00.712+0000] {processor.py:840} INFO - DAG(s) 'sodai_training_and_scoring' retrieved from /opt/airflow/dags/sodai_pipeline_dag.py
[2025-11-18T20:02:00.733+0000] {logging_mixin.py:188} INFO - [2025-11-18T20:02:00.733+0000] {dag.py:3096} INFO - Sync 1 DAGs
[2025-11-18T20:02:00.742+0000] {logging_mixin.py:188} INFO - [2025-11-18T20:02:00.742+0000] {dag.py:3954} INFO - Setting next_dagrun for sodai_training_and_scoring to None, run_after=None
[2025-11-18T20:02:00.778+0000] {processor.py:183} INFO - Processing /opt/airflow/dags/sodai_pipeline_dag.py took 0.086 seconds
[2025-11-18T20:02:30.832+0000] {processor.py:161} INFO - Started process (PID=338) to work on /opt/airflow/dags/sodai_pipeline_dag.py
[2025-11-18T20:02:30.833+0000] {processor.py:830} INFO - Processing file /opt/airflow/dags/sodai_pipeline_dag.py for tasks to queue
[2025-11-18T20:02:30.835+0000] {logging_mixin.py:188} INFO - [2025-11-18T20:02:30.835+0000] {dagbag.py:540} INFO - Filling up the DagBag from /opt/airflow/dags/sodai_pipeline_dag.py
[2025-11-18T20:02:30.847+0000] {processor.py:840} INFO - DAG(s) 'sodai_training_and_scoring' retrieved from /opt/airflow/dags/sodai_pipeline_dag.py
[2025-11-18T20:02:30.866+0000] {logging_mixin.py:188} INFO - [2025-11-18T20:02:30.866+0000] {dag.py:3096} INFO - Sync 1 DAGs
[2025-11-18T20:02:30.876+0000] {logging_mixin.py:188} INFO - [2025-11-18T20:02:30.876+0000] {dag.py:3954} INFO - Setting next_dagrun for sodai_training_and_scoring to None, run_after=None
[2025-11-18T20:02:30.890+0000] {processor.py:183} INFO - Processing /opt/airflow/dags/sodai_pipeline_dag.py took 0.062 seconds
[2025-11-18T20:03:01.850+0000] {processor.py:161} INFO - Started process (PID=348) to work on /opt/airflow/dags/sodai_pipeline_dag.py
[2025-11-18T20:03:01.851+0000] {processor.py:830} INFO - Processing file /opt/airflow/dags/sodai_pipeline_dag.py for tasks to queue
[2025-11-18T20:03:01.852+0000] {logging_mixin.py:188} INFO - [2025-11-18T20:03:01.852+0000] {dagbag.py:540} INFO - Filling up the DagBag from /opt/airflow/dags/sodai_pipeline_dag.py
[2025-11-18T20:03:01.871+0000] {processor.py:840} INFO - DAG(s) 'sodai_training_and_scoring' retrieved from /opt/airflow/dags/sodai_pipeline_dag.py
[2025-11-18T20:03:01.894+0000] {logging_mixin.py:188} INFO - [2025-11-18T20:03:01.893+0000] {dag.py:3096} INFO - Sync 1 DAGs
[2025-11-18T20:03:01.905+0000] {logging_mixin.py:188} INFO - [2025-11-18T20:03:01.905+0000] {dag.py:3954} INFO - Setting next_dagrun for sodai_training_and_scoring to None, run_after=None
[2025-11-18T20:03:01.923+0000] {processor.py:183} INFO - Processing /opt/airflow/dags/sodai_pipeline_dag.py took 0.078 seconds
[2025-11-18T20:03:31.954+0000] {processor.py:161} INFO - Started process (PID=358) to work on /opt/airflow/dags/sodai_pipeline_dag.py
[2025-11-18T20:03:31.955+0000] {processor.py:830} INFO - Processing file /opt/airflow/dags/sodai_pipeline_dag.py for tasks to queue
[2025-11-18T20:03:31.956+0000] {logging_mixin.py:188} INFO - [2025-11-18T20:03:31.956+0000] {dagbag.py:540} INFO - Filling up the DagBag from /opt/airflow/dags/sodai_pipeline_dag.py
[2025-11-18T20:03:31.968+0000] {processor.py:840} INFO - DAG(s) 'sodai_training_and_scoring' retrieved from /opt/airflow/dags/sodai_pipeline_dag.py
[2025-11-18T20:03:31.991+0000] {logging_mixin.py:188} INFO - [2025-11-18T20:03:31.991+0000] {dag.py:3096} INFO - Sync 1 DAGs
[2025-11-18T20:03:32.002+0000] {logging_mixin.py:188} INFO - [2025-11-18T20:03:32.002+0000] {dag.py:3954} INFO - Setting next_dagrun for sodai_training_and_scoring to None, run_after=None
[2025-11-18T20:03:32.021+0000] {processor.py:183} INFO - Processing /opt/airflow/dags/sodai_pipeline_dag.py took 0.071 seconds
[2025-11-18T20:04:02.068+0000] {processor.py:161} INFO - Started process (PID=368) to work on /opt/airflow/dags/sodai_pipeline_dag.py
[2025-11-18T20:04:02.069+0000] {processor.py:830} INFO - Processing file /opt/airflow/dags/sodai_pipeline_dag.py for tasks to queue
[2025-11-18T20:04:02.070+0000] {logging_mixin.py:188} INFO - [2025-11-18T20:04:02.070+0000] {dagbag.py:540} INFO - Filling up the DagBag from /opt/airflow/dags/sodai_pipeline_dag.py
[2025-11-18T20:04:02.084+0000] {processor.py:840} INFO - DAG(s) 'sodai_training_and_scoring' retrieved from /opt/airflow/dags/sodai_pipeline_dag.py
[2025-11-18T20:04:02.106+0000] {logging_mixin.py:188} INFO - [2025-11-18T20:04:02.106+0000] {dag.py:3096} INFO - Sync 1 DAGs
[2025-11-18T20:04:02.116+0000] {logging_mixin.py:188} INFO - [2025-11-18T20:04:02.116+0000] {dag.py:3954} INFO - Setting next_dagrun for sodai_training_and_scoring to None, run_after=None
[2025-11-18T20:04:02.130+0000] {processor.py:183} INFO - Processing /opt/airflow/dags/sodai_pipeline_dag.py took 0.068 seconds
[2025-11-18T20:04:32.193+0000] {processor.py:161} INFO - Started process (PID=378) to work on /opt/airflow/dags/sodai_pipeline_dag.py
[2025-11-18T20:04:32.194+0000] {processor.py:830} INFO - Processing file /opt/airflow/dags/sodai_pipeline_dag.py for tasks to queue
[2025-11-18T20:04:32.196+0000] {logging_mixin.py:188} INFO - [2025-11-18T20:04:32.196+0000] {dagbag.py:540} INFO - Filling up the DagBag from /opt/airflow/dags/sodai_pipeline_dag.py
[2025-11-18T20:04:32.208+0000] {processor.py:840} INFO - DAG(s) 'sodai_training_and_scoring' retrieved from /opt/airflow/dags/sodai_pipeline_dag.py
[2025-11-18T20:04:32.228+0000] {logging_mixin.py:188} INFO - [2025-11-18T20:04:32.228+0000] {dag.py:3096} INFO - Sync 1 DAGs
[2025-11-18T20:04:32.237+0000] {logging_mixin.py:188} INFO - [2025-11-18T20:04:32.237+0000] {dag.py:3954} INFO - Setting next_dagrun for sodai_training_and_scoring to None, run_after=None
[2025-11-18T20:04:32.251+0000] {processor.py:183} INFO - Processing /opt/airflow/dags/sodai_pipeline_dag.py took 0.063 seconds
[2025-11-18T20:05:02.290+0000] {processor.py:161} INFO - Started process (PID=388) to work on /opt/airflow/dags/sodai_pipeline_dag.py
[2025-11-18T20:05:02.291+0000] {processor.py:830} INFO - Processing file /opt/airflow/dags/sodai_pipeline_dag.py for tasks to queue
[2025-11-18T20:05:02.293+0000] {logging_mixin.py:188} INFO - [2025-11-18T20:05:02.293+0000] {dagbag.py:540} INFO - Filling up the DagBag from /opt/airflow/dags/sodai_pipeline_dag.py
[2025-11-18T20:05:02.309+0000] {processor.py:840} INFO - DAG(s) 'sodai_training_and_scoring' retrieved from /opt/airflow/dags/sodai_pipeline_dag.py
[2025-11-18T20:05:02.334+0000] {logging_mixin.py:188} INFO - [2025-11-18T20:05:02.333+0000] {dag.py:3096} INFO - Sync 1 DAGs
[2025-11-18T20:05:02.344+0000] {logging_mixin.py:188} INFO - [2025-11-18T20:05:02.344+0000] {dag.py:3954} INFO - Setting next_dagrun for sodai_training_and_scoring to None, run_after=None
[2025-11-18T20:05:02.358+0000] {processor.py:183} INFO - Processing /opt/airflow/dags/sodai_pipeline_dag.py took 0.074 seconds
[2025-11-18T20:05:32.440+0000] {processor.py:161} INFO - Started process (PID=398) to work on /opt/airflow/dags/sodai_pipeline_dag.py
[2025-11-18T20:05:32.441+0000] {processor.py:830} INFO - Processing file /opt/airflow/dags/sodai_pipeline_dag.py for tasks to queue
[2025-11-18T20:05:32.443+0000] {logging_mixin.py:188} INFO - [2025-11-18T20:05:32.442+0000] {dagbag.py:540} INFO - Filling up the DagBag from /opt/airflow/dags/sodai_pipeline_dag.py
[2025-11-18T20:05:32.456+0000] {processor.py:840} INFO - DAG(s) 'sodai_training_and_scoring' retrieved from /opt/airflow/dags/sodai_pipeline_dag.py
[2025-11-18T20:05:32.478+0000] {logging_mixin.py:188} INFO - [2025-11-18T20:05:32.478+0000] {dag.py:3096} INFO - Sync 1 DAGs
[2025-11-18T20:05:32.487+0000] {logging_mixin.py:188} INFO - [2025-11-18T20:05:32.487+0000] {dag.py:3954} INFO - Setting next_dagrun for sodai_training_and_scoring to None, run_after=None
[2025-11-18T20:05:32.501+0000] {processor.py:183} INFO - Processing /opt/airflow/dags/sodai_pipeline_dag.py took 0.065 seconds
[2025-11-18T20:06:03.490+0000] {processor.py:161} INFO - Started process (PID=408) to work on /opt/airflow/dags/sodai_pipeline_dag.py
[2025-11-18T20:06:03.491+0000] {processor.py:830} INFO - Processing file /opt/airflow/dags/sodai_pipeline_dag.py for tasks to queue
[2025-11-18T20:06:03.493+0000] {logging_mixin.py:188} INFO - [2025-11-18T20:06:03.492+0000] {dagbag.py:540} INFO - Filling up the DagBag from /opt/airflow/dags/sodai_pipeline_dag.py
[2025-11-18T20:06:03.507+0000] {processor.py:840} INFO - DAG(s) 'sodai_training_and_scoring' retrieved from /opt/airflow/dags/sodai_pipeline_dag.py
[2025-11-18T20:06:03.525+0000] {logging_mixin.py:188} INFO - [2025-11-18T20:06:03.525+0000] {dag.py:3096} INFO - Sync 1 DAGs
[2025-11-18T20:06:03.534+0000] {logging_mixin.py:188} INFO - [2025-11-18T20:06:03.534+0000] {dag.py:3954} INFO - Setting next_dagrun for sodai_training_and_scoring to None, run_after=None
[2025-11-18T20:06:03.546+0000] {processor.py:183} INFO - Processing /opt/airflow/dags/sodai_pipeline_dag.py took 0.061 seconds
[2025-11-18T20:06:33.635+0000] {processor.py:161} INFO - Started process (PID=418) to work on /opt/airflow/dags/sodai_pipeline_dag.py
[2025-11-18T20:06:33.636+0000] {processor.py:830} INFO - Processing file /opt/airflow/dags/sodai_pipeline_dag.py for tasks to queue
[2025-11-18T20:06:33.637+0000] {logging_mixin.py:188} INFO - [2025-11-18T20:06:33.637+0000] {dagbag.py:540} INFO - Filling up the DagBag from /opt/airflow/dags/sodai_pipeline_dag.py
[2025-11-18T20:06:33.655+0000] {processor.py:840} INFO - DAG(s) 'sodai_training_and_scoring' retrieved from /opt/airflow/dags/sodai_pipeline_dag.py
[2025-11-18T20:06:33.673+0000] {logging_mixin.py:188} INFO - [2025-11-18T20:06:33.673+0000] {dag.py:3096} INFO - Sync 1 DAGs
[2025-11-18T20:06:33.683+0000] {logging_mixin.py:188} INFO - [2025-11-18T20:06:33.683+0000] {dag.py:3954} INFO - Setting next_dagrun for sodai_training_and_scoring to None, run_after=None
[2025-11-18T20:06:33.696+0000] {processor.py:183} INFO - Processing /opt/airflow/dags/sodai_pipeline_dag.py took 0.065 seconds
[2025-11-18T20:07:04.722+0000] {processor.py:161} INFO - Started process (PID=428) to work on /opt/airflow/dags/sodai_pipeline_dag.py
[2025-11-18T20:07:04.722+0000] {processor.py:830} INFO - Processing file /opt/airflow/dags/sodai_pipeline_dag.py for tasks to queue
[2025-11-18T20:07:04.724+0000] {logging_mixin.py:188} INFO - [2025-11-18T20:07:04.723+0000] {dagbag.py:540} INFO - Filling up the DagBag from /opt/airflow/dags/sodai_pipeline_dag.py
[2025-11-18T20:07:04.741+0000] {processor.py:840} INFO - DAG(s) 'sodai_training_and_scoring' retrieved from /opt/airflow/dags/sodai_pipeline_dag.py
[2025-11-18T20:07:04.761+0000] {logging_mixin.py:188} INFO - [2025-11-18T20:07:04.761+0000] {dag.py:3096} INFO - Sync 1 DAGs
[2025-11-18T20:07:04.770+0000] {logging_mixin.py:188} INFO - [2025-11-18T20:07:04.770+0000] {dag.py:3954} INFO - Setting next_dagrun for sodai_training_and_scoring to None, run_after=None
[2025-11-18T20:07:04.783+0000] {processor.py:183} INFO - Processing /opt/airflow/dags/sodai_pipeline_dag.py took 0.066 seconds
[2025-11-18T20:07:34.963+0000] {processor.py:161} INFO - Started process (PID=438) to work on /opt/airflow/dags/sodai_pipeline_dag.py
[2025-11-18T20:07:34.971+0000] {processor.py:830} INFO - Processing file /opt/airflow/dags/sodai_pipeline_dag.py for tasks to queue
[2025-11-18T20:07:34.977+0000] {logging_mixin.py:188} INFO - [2025-11-18T20:07:34.977+0000] {dagbag.py:540} INFO - Filling up the DagBag from /opt/airflow/dags/sodai_pipeline_dag.py
[2025-11-18T20:07:35.018+0000] {processor.py:840} INFO - DAG(s) 'sodai_training_and_scoring' retrieved from /opt/airflow/dags/sodai_pipeline_dag.py
[2025-11-18T20:07:35.038+0000] {logging_mixin.py:188} INFO - [2025-11-18T20:07:35.038+0000] {dag.py:3096} INFO - Sync 1 DAGs
[2025-11-18T20:07:35.048+0000] {logging_mixin.py:188} INFO - [2025-11-18T20:07:35.048+0000] {dag.py:3954} INFO - Setting next_dagrun for sodai_training_and_scoring to None, run_after=None
[2025-11-18T20:07:35.079+0000] {processor.py:183} INFO - Processing /opt/airflow/dags/sodai_pipeline_dag.py took 0.120 seconds
[2025-11-18T20:08:05.172+0000] {processor.py:161} INFO - Started process (PID=448) to work on /opt/airflow/dags/sodai_pipeline_dag.py
[2025-11-18T20:08:05.173+0000] {processor.py:830} INFO - Processing file /opt/airflow/dags/sodai_pipeline_dag.py for tasks to queue
[2025-11-18T20:08:05.174+0000] {logging_mixin.py:188} INFO - [2025-11-18T20:08:05.174+0000] {dagbag.py:540} INFO - Filling up the DagBag from /opt/airflow/dags/sodai_pipeline_dag.py
[2025-11-18T20:08:05.201+0000] {processor.py:840} INFO - DAG(s) 'sodai_training_and_scoring' retrieved from /opt/airflow/dags/sodai_pipeline_dag.py
[2025-11-18T20:08:05.224+0000] {logging_mixin.py:188} INFO - [2025-11-18T20:08:05.223+0000] {dag.py:3096} INFO - Sync 1 DAGs
[2025-11-18T20:08:05.233+0000] {logging_mixin.py:188} INFO - [2025-11-18T20:08:05.233+0000] {dag.py:3954} INFO - Setting next_dagrun for sodai_training_and_scoring to None, run_after=None
[2025-11-18T20:08:05.249+0000] {processor.py:183} INFO - Processing /opt/airflow/dags/sodai_pipeline_dag.py took 0.083 seconds
[2025-11-18T20:08:35.320+0000] {processor.py:161} INFO - Started process (PID=458) to work on /opt/airflow/dags/sodai_pipeline_dag.py
[2025-11-18T20:08:35.321+0000] {processor.py:830} INFO - Processing file /opt/airflow/dags/sodai_pipeline_dag.py for tasks to queue
[2025-11-18T20:08:35.322+0000] {logging_mixin.py:188} INFO - [2025-11-18T20:08:35.322+0000] {dagbag.py:540} INFO - Filling up the DagBag from /opt/airflow/dags/sodai_pipeline_dag.py
[2025-11-18T20:08:35.335+0000] {processor.py:840} INFO - DAG(s) 'sodai_training_and_scoring' retrieved from /opt/airflow/dags/sodai_pipeline_dag.py
[2025-11-18T20:08:35.356+0000] {logging_mixin.py:188} INFO - [2025-11-18T20:08:35.355+0000] {dag.py:3096} INFO - Sync 1 DAGs
[2025-11-18T20:08:35.367+0000] {logging_mixin.py:188} INFO - [2025-11-18T20:08:35.367+0000] {dag.py:3954} INFO - Setting next_dagrun for sodai_training_and_scoring to None, run_after=None
[2025-11-18T20:08:35.381+0000] {processor.py:183} INFO - Processing /opt/airflow/dags/sodai_pipeline_dag.py took 0.066 seconds
[2025-11-18T20:09:05.554+0000] {processor.py:161} INFO - Started process (PID=468) to work on /opt/airflow/dags/sodai_pipeline_dag.py
[2025-11-18T20:09:05.558+0000] {processor.py:830} INFO - Processing file /opt/airflow/dags/sodai_pipeline_dag.py for tasks to queue
[2025-11-18T20:09:05.560+0000] {logging_mixin.py:188} INFO - [2025-11-18T20:09:05.559+0000] {dagbag.py:540} INFO - Filling up the DagBag from /opt/airflow/dags/sodai_pipeline_dag.py
[2025-11-18T20:09:05.599+0000] {processor.py:840} INFO - DAG(s) 'sodai_training_and_scoring' retrieved from /opt/airflow/dags/sodai_pipeline_dag.py
[2025-11-18T20:09:05.621+0000] {logging_mixin.py:188} INFO - [2025-11-18T20:09:05.620+0000] {dag.py:3096} INFO - Sync 1 DAGs
[2025-11-18T20:09:05.630+0000] {logging_mixin.py:188} INFO - [2025-11-18T20:09:05.630+0000] {dag.py:3954} INFO - Setting next_dagrun for sodai_training_and_scoring to None, run_after=None
[2025-11-18T20:09:05.647+0000] {processor.py:183} INFO - Processing /opt/airflow/dags/sodai_pipeline_dag.py took 0.097 seconds
[2025-11-18T20:09:36.653+0000] {processor.py:161} INFO - Started process (PID=478) to work on /opt/airflow/dags/sodai_pipeline_dag.py
[2025-11-18T20:09:36.655+0000] {processor.py:830} INFO - Processing file /opt/airflow/dags/sodai_pipeline_dag.py for tasks to queue
[2025-11-18T20:09:36.658+0000] {logging_mixin.py:188} INFO - [2025-11-18T20:09:36.657+0000] {dagbag.py:540} INFO - Filling up the DagBag from /opt/airflow/dags/sodai_pipeline_dag.py
[2025-11-18T20:09:36.729+0000] {processor.py:840} INFO - DAG(s) 'sodai_training_and_scoring' retrieved from /opt/airflow/dags/sodai_pipeline_dag.py
[2025-11-18T20:09:36.754+0000] {logging_mixin.py:188} INFO - [2025-11-18T20:09:36.753+0000] {dag.py:3096} INFO - Sync 1 DAGs
[2025-11-18T20:09:36.768+0000] {logging_mixin.py:188} INFO - [2025-11-18T20:09:36.767+0000] {dag.py:3954} INFO - Setting next_dagrun for sodai_training_and_scoring to None, run_after=None
[2025-11-18T20:09:36.790+0000] {processor.py:183} INFO - Processing /opt/airflow/dags/sodai_pipeline_dag.py took 0.141 seconds
[2025-11-18T20:10:06.863+0000] {processor.py:161} INFO - Started process (PID=488) to work on /opt/airflow/dags/sodai_pipeline_dag.py
[2025-11-18T20:10:06.864+0000] {processor.py:830} INFO - Processing file /opt/airflow/dags/sodai_pipeline_dag.py for tasks to queue
[2025-11-18T20:10:06.866+0000] {logging_mixin.py:188} INFO - [2025-11-18T20:10:06.865+0000] {dagbag.py:540} INFO - Filling up the DagBag from /opt/airflow/dags/sodai_pipeline_dag.py
[2025-11-18T20:10:06.878+0000] {processor.py:840} INFO - DAG(s) 'sodai_training_and_scoring' retrieved from /opt/airflow/dags/sodai_pipeline_dag.py
[2025-11-18T20:10:06.898+0000] {logging_mixin.py:188} INFO - [2025-11-18T20:10:06.898+0000] {dag.py:3096} INFO - Sync 1 DAGs
[2025-11-18T20:10:06.908+0000] {logging_mixin.py:188} INFO - [2025-11-18T20:10:06.908+0000] {dag.py:3954} INFO - Setting next_dagrun for sodai_training_and_scoring to None, run_after=None
[2025-11-18T20:10:06.927+0000] {processor.py:183} INFO - Processing /opt/airflow/dags/sodai_pipeline_dag.py took 0.068 seconds
[2025-11-18T20:10:37.080+0000] {processor.py:161} INFO - Started process (PID=498) to work on /opt/airflow/dags/sodai_pipeline_dag.py
[2025-11-18T20:10:37.081+0000] {processor.py:830} INFO - Processing file /opt/airflow/dags/sodai_pipeline_dag.py for tasks to queue
[2025-11-18T20:10:37.083+0000] {logging_mixin.py:188} INFO - [2025-11-18T20:10:37.082+0000] {dagbag.py:540} INFO - Filling up the DagBag from /opt/airflow/dags/sodai_pipeline_dag.py
[2025-11-18T20:10:37.100+0000] {processor.py:840} INFO - DAG(s) 'sodai_training_and_scoring' retrieved from /opt/airflow/dags/sodai_pipeline_dag.py
[2025-11-18T20:10:37.125+0000] {logging_mixin.py:188} INFO - [2025-11-18T20:10:37.125+0000] {dag.py:3096} INFO - Sync 1 DAGs
[2025-11-18T20:10:37.135+0000] {logging_mixin.py:188} INFO - [2025-11-18T20:10:37.135+0000] {dag.py:3954} INFO - Setting next_dagrun for sodai_training_and_scoring to None, run_after=None
[2025-11-18T20:10:37.149+0000] {processor.py:183} INFO - Processing /opt/airflow/dags/sodai_pipeline_dag.py took 0.074 seconds
[2025-11-18T20:11:08.150+0000] {processor.py:161} INFO - Started process (PID=508) to work on /opt/airflow/dags/sodai_pipeline_dag.py
[2025-11-18T20:11:08.151+0000] {processor.py:830} INFO - Processing file /opt/airflow/dags/sodai_pipeline_dag.py for tasks to queue
[2025-11-18T20:11:08.153+0000] {logging_mixin.py:188} INFO - [2025-11-18T20:11:08.153+0000] {dagbag.py:540} INFO - Filling up the DagBag from /opt/airflow/dags/sodai_pipeline_dag.py
[2025-11-18T20:11:08.173+0000] {processor.py:840} INFO - DAG(s) 'sodai_training_and_scoring' retrieved from /opt/airflow/dags/sodai_pipeline_dag.py
[2025-11-18T20:11:08.197+0000] {logging_mixin.py:188} INFO - [2025-11-18T20:11:08.197+0000] {dag.py:3096} INFO - Sync 1 DAGs
[2025-11-18T20:11:08.209+0000] {logging_mixin.py:188} INFO - [2025-11-18T20:11:08.208+0000] {dag.py:3954} INFO - Setting next_dagrun for sodai_training_and_scoring to None, run_after=None
[2025-11-18T20:11:08.224+0000] {processor.py:183} INFO - Processing /opt/airflow/dags/sodai_pipeline_dag.py took 0.078 seconds
[2025-11-18T20:11:38.953+0000] {processor.py:161} INFO - Started process (PID=518) to work on /opt/airflow/dags/sodai_pipeline_dag.py
[2025-11-18T20:11:38.954+0000] {processor.py:830} INFO - Processing file /opt/airflow/dags/sodai_pipeline_dag.py for tasks to queue
[2025-11-18T20:11:38.956+0000] {logging_mixin.py:188} INFO - [2025-11-18T20:11:38.955+0000] {dagbag.py:540} INFO - Filling up the DagBag from /opt/airflow/dags/sodai_pipeline_dag.py
[2025-11-18T20:11:38.969+0000] {processor.py:840} INFO - DAG(s) 'sodai_training_and_scoring' retrieved from /opt/airflow/dags/sodai_pipeline_dag.py
[2025-11-18T20:11:38.989+0000] {logging_mixin.py:188} INFO - [2025-11-18T20:11:38.989+0000] {dag.py:3096} INFO - Sync 1 DAGs
[2025-11-18T20:11:38.998+0000] {logging_mixin.py:188} INFO - [2025-11-18T20:11:38.998+0000] {dag.py:3954} INFO - Setting next_dagrun for sodai_training_and_scoring to None, run_after=None
[2025-11-18T20:11:39.011+0000] {processor.py:183} INFO - Processing /opt/airflow/dags/sodai_pipeline_dag.py took 0.062 seconds
[2025-11-18T20:12:09.039+0000] {processor.py:161} INFO - Started process (PID=528) to work on /opt/airflow/dags/sodai_pipeline_dag.py
[2025-11-18T20:12:09.040+0000] {processor.py:830} INFO - Processing file /opt/airflow/dags/sodai_pipeline_dag.py for tasks to queue
[2025-11-18T20:12:09.041+0000] {logging_mixin.py:188} INFO - [2025-11-18T20:12:09.041+0000] {dagbag.py:540} INFO - Filling up the DagBag from /opt/airflow/dags/sodai_pipeline_dag.py
[2025-11-18T20:12:09.054+0000] {processor.py:840} INFO - DAG(s) 'sodai_training_and_scoring' retrieved from /opt/airflow/dags/sodai_pipeline_dag.py
[2025-11-18T20:12:09.073+0000] {logging_mixin.py:188} INFO - [2025-11-18T20:12:09.073+0000] {dag.py:3096} INFO - Sync 1 DAGs
[2025-11-18T20:12:09.082+0000] {logging_mixin.py:188} INFO - [2025-11-18T20:12:09.082+0000] {dag.py:3954} INFO - Setting next_dagrun for sodai_training_and_scoring to None, run_after=None
[2025-11-18T20:12:09.096+0000] {processor.py:183} INFO - Processing /opt/airflow/dags/sodai_pipeline_dag.py took 0.061 seconds
[2025-11-18T20:12:39.158+0000] {processor.py:161} INFO - Started process (PID=538) to work on /opt/airflow/dags/sodai_pipeline_dag.py
[2025-11-18T20:12:39.160+0000] {processor.py:830} INFO - Processing file /opt/airflow/dags/sodai_pipeline_dag.py for tasks to queue
[2025-11-18T20:12:39.161+0000] {logging_mixin.py:188} INFO - [2025-11-18T20:12:39.161+0000] {dagbag.py:540} INFO - Filling up the DagBag from /opt/airflow/dags/sodai_pipeline_dag.py
[2025-11-18T20:12:39.177+0000] {processor.py:840} INFO - DAG(s) 'sodai_training_and_scoring' retrieved from /opt/airflow/dags/sodai_pipeline_dag.py
[2025-11-18T20:12:39.195+0000] {logging_mixin.py:188} INFO - [2025-11-18T20:12:39.195+0000] {dag.py:3096} INFO - Sync 1 DAGs
[2025-11-18T20:12:39.204+0000] {logging_mixin.py:188} INFO - [2025-11-18T20:12:39.204+0000] {dag.py:3954} INFO - Setting next_dagrun for sodai_training_and_scoring to None, run_after=None
[2025-11-18T20:12:39.218+0000] {processor.py:183} INFO - Processing /opt/airflow/dags/sodai_pipeline_dag.py took 0.064 seconds
[2025-11-18T20:13:09.313+0000] {processor.py:161} INFO - Started process (PID=548) to work on /opt/airflow/dags/sodai_pipeline_dag.py
[2025-11-18T20:13:09.315+0000] {processor.py:830} INFO - Processing file /opt/airflow/dags/sodai_pipeline_dag.py for tasks to queue
[2025-11-18T20:13:09.316+0000] {logging_mixin.py:188} INFO - [2025-11-18T20:13:09.316+0000] {dagbag.py:540} INFO - Filling up the DagBag from /opt/airflow/dags/sodai_pipeline_dag.py
[2025-11-18T20:13:09.336+0000] {processor.py:840} INFO - DAG(s) 'sodai_training_and_scoring' retrieved from /opt/airflow/dags/sodai_pipeline_dag.py
[2025-11-18T20:13:09.360+0000] {logging_mixin.py:188} INFO - [2025-11-18T20:13:09.359+0000] {dag.py:3096} INFO - Sync 1 DAGs
[2025-11-18T20:13:09.371+0000] {logging_mixin.py:188} INFO - [2025-11-18T20:13:09.370+0000] {dag.py:3954} INFO - Setting next_dagrun for sodai_training_and_scoring to None, run_after=None
[2025-11-18T20:13:09.387+0000] {processor.py:183} INFO - Processing /opt/airflow/dags/sodai_pipeline_dag.py took 0.078 seconds
[2025-11-18T20:13:39.428+0000] {processor.py:161} INFO - Started process (PID=558) to work on /opt/airflow/dags/sodai_pipeline_dag.py
[2025-11-18T20:13:39.429+0000] {processor.py:830} INFO - Processing file /opt/airflow/dags/sodai_pipeline_dag.py for tasks to queue
[2025-11-18T20:13:39.430+0000] {logging_mixin.py:188} INFO - [2025-11-18T20:13:39.430+0000] {dagbag.py:540} INFO - Filling up the DagBag from /opt/airflow/dags/sodai_pipeline_dag.py
[2025-11-18T20:13:39.443+0000] {processor.py:840} INFO - DAG(s) 'sodai_training_and_scoring' retrieved from /opt/airflow/dags/sodai_pipeline_dag.py
[2025-11-18T20:13:39.462+0000] {logging_mixin.py:188} INFO - [2025-11-18T20:13:39.461+0000] {dag.py:3096} INFO - Sync 1 DAGs
[2025-11-18T20:13:39.470+0000] {logging_mixin.py:188} INFO - [2025-11-18T20:13:39.470+0000] {dag.py:3954} INFO - Setting next_dagrun for sodai_training_and_scoring to None, run_after=None
[2025-11-18T20:13:39.484+0000] {processor.py:183} INFO - Processing /opt/airflow/dags/sodai_pipeline_dag.py took 0.060 seconds
[2025-11-18T20:14:09.551+0000] {processor.py:161} INFO - Started process (PID=568) to work on /opt/airflow/dags/sodai_pipeline_dag.py
[2025-11-18T20:14:09.551+0000] {processor.py:830} INFO - Processing file /opt/airflow/dags/sodai_pipeline_dag.py for tasks to queue
[2025-11-18T20:14:09.553+0000] {logging_mixin.py:188} INFO - [2025-11-18T20:14:09.553+0000] {dagbag.py:540} INFO - Filling up the DagBag from /opt/airflow/dags/sodai_pipeline_dag.py
[2025-11-18T20:14:09.585+0000] {processor.py:840} INFO - DAG(s) 'sodai_training_and_scoring' retrieved from /opt/airflow/dags/sodai_pipeline_dag.py
[2025-11-18T20:14:09.605+0000] {logging_mixin.py:188} INFO - [2025-11-18T20:14:09.605+0000] {dag.py:3096} INFO - Sync 1 DAGs
[2025-11-18T20:14:09.614+0000] {logging_mixin.py:188} INFO - [2025-11-18T20:14:09.614+0000] {dag.py:3954} INFO - Setting next_dagrun for sodai_training_and_scoring to None, run_after=None
[2025-11-18T20:14:09.629+0000] {processor.py:183} INFO - Processing /opt/airflow/dags/sodai_pipeline_dag.py took 0.083 seconds
[2025-11-18T20:14:39.683+0000] {processor.py:161} INFO - Started process (PID=578) to work on /opt/airflow/dags/sodai_pipeline_dag.py
[2025-11-18T20:14:39.684+0000] {processor.py:830} INFO - Processing file /opt/airflow/dags/sodai_pipeline_dag.py for tasks to queue
[2025-11-18T20:14:39.685+0000] {logging_mixin.py:188} INFO - [2025-11-18T20:14:39.685+0000] {dagbag.py:540} INFO - Filling up the DagBag from /opt/airflow/dags/sodai_pipeline_dag.py
[2025-11-18T20:14:39.699+0000] {processor.py:840} INFO - DAG(s) 'sodai_training_and_scoring' retrieved from /opt/airflow/dags/sodai_pipeline_dag.py
[2025-11-18T20:14:39.721+0000] {logging_mixin.py:188} INFO - [2025-11-18T20:14:39.721+0000] {dag.py:3096} INFO - Sync 1 DAGs
[2025-11-18T20:14:39.731+0000] {logging_mixin.py:188} INFO - [2025-11-18T20:14:39.731+0000] {dag.py:3954} INFO - Setting next_dagrun for sodai_training_and_scoring to None, run_after=None
[2025-11-18T20:14:39.745+0000] {processor.py:183} INFO - Processing /opt/airflow/dags/sodai_pipeline_dag.py took 0.066 seconds
[2025-11-18T20:15:09.845+0000] {processor.py:161} INFO - Started process (PID=588) to work on /opt/airflow/dags/sodai_pipeline_dag.py
[2025-11-18T20:15:09.845+0000] {processor.py:830} INFO - Processing file /opt/airflow/dags/sodai_pipeline_dag.py for tasks to queue
[2025-11-18T20:15:09.847+0000] {logging_mixin.py:188} INFO - [2025-11-18T20:15:09.847+0000] {dagbag.py:540} INFO - Filling up the DagBag from /opt/airflow/dags/sodai_pipeline_dag.py
[2025-11-18T20:15:09.860+0000] {processor.py:840} INFO - DAG(s) 'sodai_training_and_scoring' retrieved from /opt/airflow/dags/sodai_pipeline_dag.py
[2025-11-18T20:15:09.880+0000] {logging_mixin.py:188} INFO - [2025-11-18T20:15:09.880+0000] {dag.py:3096} INFO - Sync 1 DAGs
[2025-11-18T20:15:09.889+0000] {logging_mixin.py:188} INFO - [2025-11-18T20:15:09.889+0000] {dag.py:3954} INFO - Setting next_dagrun for sodai_training_and_scoring to None, run_after=None
[2025-11-18T20:15:09.905+0000] {processor.py:183} INFO - Processing /opt/airflow/dags/sodai_pipeline_dag.py took 0.064 seconds
[2025-11-18T20:15:40.158+0000] {processor.py:161} INFO - Started process (PID=598) to work on /opt/airflow/dags/sodai_pipeline_dag.py
[2025-11-18T20:15:40.162+0000] {processor.py:830} INFO - Processing file /opt/airflow/dags/sodai_pipeline_dag.py for tasks to queue
[2025-11-18T20:15:40.164+0000] {logging_mixin.py:188} INFO - [2025-11-18T20:15:40.163+0000] {dagbag.py:540} INFO - Filling up the DagBag from /opt/airflow/dags/sodai_pipeline_dag.py
[2025-11-18T20:15:40.176+0000] {processor.py:840} INFO - DAG(s) 'sodai_training_and_scoring' retrieved from /opt/airflow/dags/sodai_pipeline_dag.py
[2025-11-18T20:15:40.194+0000] {logging_mixin.py:188} INFO - [2025-11-18T20:15:40.194+0000] {dag.py:3096} INFO - Sync 1 DAGs
[2025-11-18T20:15:40.203+0000] {logging_mixin.py:188} INFO - [2025-11-18T20:15:40.203+0000] {dag.py:3954} INFO - Setting next_dagrun for sodai_training_and_scoring to None, run_after=None
[2025-11-18T20:15:40.216+0000] {processor.py:183} INFO - Processing /opt/airflow/dags/sodai_pipeline_dag.py took 0.062 seconds
[2025-11-18T20:16:10.269+0000] {processor.py:161} INFO - Started process (PID=608) to work on /opt/airflow/dags/sodai_pipeline_dag.py
[2025-11-18T20:16:10.270+0000] {processor.py:830} INFO - Processing file /opt/airflow/dags/sodai_pipeline_dag.py for tasks to queue
[2025-11-18T20:16:10.272+0000] {logging_mixin.py:188} INFO - [2025-11-18T20:16:10.271+0000] {dagbag.py:540} INFO - Filling up the DagBag from /opt/airflow/dags/sodai_pipeline_dag.py
[2025-11-18T20:16:10.286+0000] {processor.py:840} INFO - DAG(s) 'sodai_training_and_scoring' retrieved from /opt/airflow/dags/sodai_pipeline_dag.py
[2025-11-18T20:16:10.309+0000] {logging_mixin.py:188} INFO - [2025-11-18T20:16:10.308+0000] {dag.py:3096} INFO - Sync 1 DAGs
[2025-11-18T20:16:10.323+0000] {logging_mixin.py:188} INFO - [2025-11-18T20:16:10.323+0000] {dag.py:3954} INFO - Setting next_dagrun for sodai_training_and_scoring to None, run_after=None
[2025-11-18T20:16:10.338+0000] {processor.py:183} INFO - Processing /opt/airflow/dags/sodai_pipeline_dag.py took 0.074 seconds
[2025-11-18T20:16:40.379+0000] {processor.py:161} INFO - Started process (PID=618) to work on /opt/airflow/dags/sodai_pipeline_dag.py
[2025-11-18T20:16:40.380+0000] {processor.py:830} INFO - Processing file /opt/airflow/dags/sodai_pipeline_dag.py for tasks to queue
[2025-11-18T20:16:40.381+0000] {logging_mixin.py:188} INFO - [2025-11-18T20:16:40.381+0000] {dagbag.py:540} INFO - Filling up the DagBag from /opt/airflow/dags/sodai_pipeline_dag.py
[2025-11-18T20:16:40.396+0000] {processor.py:840} INFO - DAG(s) 'sodai_training_and_scoring' retrieved from /opt/airflow/dags/sodai_pipeline_dag.py
[2025-11-18T20:16:40.416+0000] {logging_mixin.py:188} INFO - [2025-11-18T20:16:40.416+0000] {dag.py:3096} INFO - Sync 1 DAGs
[2025-11-18T20:16:40.426+0000] {logging_mixin.py:188} INFO - [2025-11-18T20:16:40.426+0000] {dag.py:3954} INFO - Setting next_dagrun for sodai_training_and_scoring to None, run_after=None
[2025-11-18T20:16:40.441+0000] {processor.py:183} INFO - Processing /opt/airflow/dags/sodai_pipeline_dag.py took 0.068 seconds
[2025-11-18T20:17:11.507+0000] {processor.py:161} INFO - Started process (PID=628) to work on /opt/airflow/dags/sodai_pipeline_dag.py
[2025-11-18T20:17:11.510+0000] {processor.py:830} INFO - Processing file /opt/airflow/dags/sodai_pipeline_dag.py for tasks to queue
[2025-11-18T20:17:11.512+0000] {logging_mixin.py:188} INFO - [2025-11-18T20:17:11.511+0000] {dagbag.py:540} INFO - Filling up the DagBag from /opt/airflow/dags/sodai_pipeline_dag.py
[2025-11-18T20:17:11.560+0000] {processor.py:840} INFO - DAG(s) 'sodai_training_and_scoring' retrieved from /opt/airflow/dags/sodai_pipeline_dag.py
[2025-11-18T20:17:11.583+0000] {logging_mixin.py:188} INFO - [2025-11-18T20:17:11.583+0000] {dag.py:3096} INFO - Sync 1 DAGs
[2025-11-18T20:17:11.599+0000] {logging_mixin.py:188} INFO - [2025-11-18T20:17:11.598+0000] {dag.py:3954} INFO - Setting next_dagrun for sodai_training_and_scoring to None, run_after=None
[2025-11-18T20:17:11.632+0000] {processor.py:183} INFO - Processing /opt/airflow/dags/sodai_pipeline_dag.py took 0.129 seconds
[2025-11-18T20:17:42.509+0000] {processor.py:161} INFO - Started process (PID=638) to work on /opt/airflow/dags/sodai_pipeline_dag.py
[2025-11-18T20:17:42.510+0000] {processor.py:830} INFO - Processing file /opt/airflow/dags/sodai_pipeline_dag.py for tasks to queue
[2025-11-18T20:17:42.511+0000] {logging_mixin.py:188} INFO - [2025-11-18T20:17:42.511+0000] {dagbag.py:540} INFO - Filling up the DagBag from /opt/airflow/dags/sodai_pipeline_dag.py
[2025-11-18T20:17:42.528+0000] {processor.py:840} INFO - DAG(s) 'sodai_training_and_scoring' retrieved from /opt/airflow/dags/sodai_pipeline_dag.py
[2025-11-18T20:17:42.549+0000] {logging_mixin.py:188} INFO - [2025-11-18T20:17:42.548+0000] {dag.py:3096} INFO - Sync 1 DAGs
[2025-11-18T20:17:42.560+0000] {logging_mixin.py:188} INFO - [2025-11-18T20:17:42.560+0000] {dag.py:3954} INFO - Setting next_dagrun for sodai_training_and_scoring to None, run_after=None
[2025-11-18T20:17:42.577+0000] {processor.py:183} INFO - Processing /opt/airflow/dags/sodai_pipeline_dag.py took 0.072 seconds
[2025-11-18T20:18:13.642+0000] {processor.py:161} INFO - Started process (PID=648) to work on /opt/airflow/dags/sodai_pipeline_dag.py
[2025-11-18T20:18:13.645+0000] {processor.py:830} INFO - Processing file /opt/airflow/dags/sodai_pipeline_dag.py for tasks to queue
[2025-11-18T20:18:13.647+0000] {logging_mixin.py:188} INFO - [2025-11-18T20:18:13.647+0000] {dagbag.py:540} INFO - Filling up the DagBag from /opt/airflow/dags/sodai_pipeline_dag.py
[2025-11-18T20:18:13.710+0000] {processor.py:840} INFO - DAG(s) 'sodai_training_and_scoring' retrieved from /opt/airflow/dags/sodai_pipeline_dag.py
[2025-11-18T20:18:13.735+0000] {logging_mixin.py:188} INFO - [2025-11-18T20:18:13.735+0000] {dag.py:3096} INFO - Sync 1 DAGs
[2025-11-18T20:18:13.748+0000] {logging_mixin.py:188} INFO - [2025-11-18T20:18:13.748+0000] {dag.py:3954} INFO - Setting next_dagrun for sodai_training_and_scoring to None, run_after=None
[2025-11-18T20:18:13.770+0000] {processor.py:183} INFO - Processing /opt/airflow/dags/sodai_pipeline_dag.py took 0.132 seconds
[2025-11-18T20:18:44.628+0000] {processor.py:161} INFO - Started process (PID=658) to work on /opt/airflow/dags/sodai_pipeline_dag.py
[2025-11-18T20:18:44.628+0000] {processor.py:830} INFO - Processing file /opt/airflow/dags/sodai_pipeline_dag.py for tasks to queue
[2025-11-18T20:18:44.630+0000] {logging_mixin.py:188} INFO - [2025-11-18T20:18:44.630+0000] {dagbag.py:540} INFO - Filling up the DagBag from /opt/airflow/dags/sodai_pipeline_dag.py
[2025-11-18T20:18:44.643+0000] {processor.py:840} INFO - DAG(s) 'sodai_training_and_scoring' retrieved from /opt/airflow/dags/sodai_pipeline_dag.py
[2025-11-18T20:18:44.662+0000] {logging_mixin.py:188} INFO - [2025-11-18T20:18:44.661+0000] {dag.py:3096} INFO - Sync 1 DAGs
[2025-11-18T20:18:44.671+0000] {logging_mixin.py:188} INFO - [2025-11-18T20:18:44.671+0000] {dag.py:3954} INFO - Setting next_dagrun for sodai_training_and_scoring to None, run_after=None
[2025-11-18T20:18:44.684+0000] {processor.py:183} INFO - Processing /opt/airflow/dags/sodai_pipeline_dag.py took 0.060 seconds
[2025-11-18T20:19:14.812+0000] {processor.py:161} INFO - Started process (PID=668) to work on /opt/airflow/dags/sodai_pipeline_dag.py
[2025-11-18T20:19:14.813+0000] {processor.py:830} INFO - Processing file /opt/airflow/dags/sodai_pipeline_dag.py for tasks to queue
[2025-11-18T20:19:14.816+0000] {logging_mixin.py:188} INFO - [2025-11-18T20:19:14.816+0000] {dagbag.py:540} INFO - Filling up the DagBag from /opt/airflow/dags/sodai_pipeline_dag.py
[2025-11-18T20:19:14.831+0000] {processor.py:840} INFO - DAG(s) 'sodai_training_and_scoring' retrieved from /opt/airflow/dags/sodai_pipeline_dag.py
[2025-11-18T20:19:14.854+0000] {logging_mixin.py:188} INFO - [2025-11-18T20:19:14.854+0000] {dag.py:3096} INFO - Sync 1 DAGs
[2025-11-18T20:19:14.864+0000] {logging_mixin.py:188} INFO - [2025-11-18T20:19:14.864+0000] {dag.py:3954} INFO - Setting next_dagrun for sodai_training_and_scoring to None, run_after=None
[2025-11-18T20:19:14.877+0000] {processor.py:183} INFO - Processing /opt/airflow/dags/sodai_pipeline_dag.py took 0.069 seconds
[2025-11-18T20:19:45.109+0000] {processor.py:161} INFO - Started process (PID=678) to work on /opt/airflow/dags/sodai_pipeline_dag.py
[2025-11-18T20:19:45.114+0000] {processor.py:830} INFO - Processing file /opt/airflow/dags/sodai_pipeline_dag.py for tasks to queue
[2025-11-18T20:19:45.116+0000] {logging_mixin.py:188} INFO - [2025-11-18T20:19:45.115+0000] {dagbag.py:540} INFO - Filling up the DagBag from /opt/airflow/dags/sodai_pipeline_dag.py
[2025-11-18T20:19:45.140+0000] {processor.py:840} INFO - DAG(s) 'sodai_training_and_scoring' retrieved from /opt/airflow/dags/sodai_pipeline_dag.py
[2025-11-18T20:19:45.160+0000] {logging_mixin.py:188} INFO - [2025-11-18T20:19:45.160+0000] {dag.py:3096} INFO - Sync 1 DAGs
[2025-11-18T20:19:45.170+0000] {logging_mixin.py:188} INFO - [2025-11-18T20:19:45.170+0000] {dag.py:3954} INFO - Setting next_dagrun for sodai_training_and_scoring to None, run_after=None
[2025-11-18T20:19:45.184+0000] {processor.py:183} INFO - Processing /opt/airflow/dags/sodai_pipeline_dag.py took 0.079 seconds
[2025-11-18T20:20:15.359+0000] {processor.py:161} INFO - Started process (PID=688) to work on /opt/airflow/dags/sodai_pipeline_dag.py
[2025-11-18T20:20:15.361+0000] {processor.py:830} INFO - Processing file /opt/airflow/dags/sodai_pipeline_dag.py for tasks to queue
[2025-11-18T20:20:15.368+0000] {logging_mixin.py:188} INFO - [2025-11-18T20:20:15.367+0000] {dagbag.py:540} INFO - Filling up the DagBag from /opt/airflow/dags/sodai_pipeline_dag.py
[2025-11-18T20:20:15.513+0000] {processor.py:840} INFO - DAG(s) 'sodai_training_and_scoring' retrieved from /opt/airflow/dags/sodai_pipeline_dag.py
[2025-11-18T20:20:15.538+0000] {logging_mixin.py:188} INFO - [2025-11-18T20:20:15.538+0000] {dag.py:3096} INFO - Sync 1 DAGs
[2025-11-18T20:20:15.556+0000] {logging_mixin.py:188} INFO - [2025-11-18T20:20:15.555+0000] {dag.py:3954} INFO - Setting next_dagrun for sodai_training_and_scoring to None, run_after=None
[2025-11-18T20:20:15.579+0000] {processor.py:183} INFO - Processing /opt/airflow/dags/sodai_pipeline_dag.py took 0.225 seconds
[2025-11-18T20:20:45.657+0000] {processor.py:161} INFO - Started process (PID=698) to work on /opt/airflow/dags/sodai_pipeline_dag.py
[2025-11-18T20:20:45.658+0000] {processor.py:830} INFO - Processing file /opt/airflow/dags/sodai_pipeline_dag.py for tasks to queue
[2025-11-18T20:20:45.659+0000] {logging_mixin.py:188} INFO - [2025-11-18T20:20:45.659+0000] {dagbag.py:540} INFO - Filling up the DagBag from /opt/airflow/dags/sodai_pipeline_dag.py
[2025-11-18T20:20:45.672+0000] {processor.py:840} INFO - DAG(s) 'sodai_training_and_scoring' retrieved from /opt/airflow/dags/sodai_pipeline_dag.py
[2025-11-18T20:20:45.693+0000] {logging_mixin.py:188} INFO - [2025-11-18T20:20:45.692+0000] {dag.py:3096} INFO - Sync 1 DAGs
[2025-11-18T20:20:45.704+0000] {logging_mixin.py:188} INFO - [2025-11-18T20:20:45.703+0000] {dag.py:3954} INFO - Setting next_dagrun for sodai_training_and_scoring to None, run_after=None
[2025-11-18T20:20:45.720+0000] {processor.py:183} INFO - Processing /opt/airflow/dags/sodai_pipeline_dag.py took 0.067 seconds
[2025-11-18T20:21:15.817+0000] {processor.py:161} INFO - Started process (PID=708) to work on /opt/airflow/dags/sodai_pipeline_dag.py
[2025-11-18T20:21:15.819+0000] {processor.py:830} INFO - Processing file /opt/airflow/dags/sodai_pipeline_dag.py for tasks to queue
[2025-11-18T20:21:15.821+0000] {logging_mixin.py:188} INFO - [2025-11-18T20:21:15.821+0000] {dagbag.py:540} INFO - Filling up the DagBag from /opt/airflow/dags/sodai_pipeline_dag.py
[2025-11-18T20:21:15.842+0000] {processor.py:840} INFO - DAG(s) 'sodai_training_and_scoring' retrieved from /opt/airflow/dags/sodai_pipeline_dag.py
[2025-11-18T20:21:15.864+0000] {logging_mixin.py:188} INFO - [2025-11-18T20:21:15.864+0000] {dag.py:3096} INFO - Sync 1 DAGs
[2025-11-18T20:21:15.875+0000] {logging_mixin.py:188} INFO - [2025-11-18T20:21:15.875+0000] {dag.py:3954} INFO - Setting next_dagrun for sodai_training_and_scoring to None, run_after=None
[2025-11-18T20:21:15.890+0000] {processor.py:183} INFO - Processing /opt/airflow/dags/sodai_pipeline_dag.py took 0.078 seconds
[2025-11-18T20:21:45.962+0000] {processor.py:161} INFO - Started process (PID=718) to work on /opt/airflow/dags/sodai_pipeline_dag.py
[2025-11-18T20:21:45.963+0000] {processor.py:830} INFO - Processing file /opt/airflow/dags/sodai_pipeline_dag.py for tasks to queue
[2025-11-18T20:21:45.964+0000] {logging_mixin.py:188} INFO - [2025-11-18T20:21:45.964+0000] {dagbag.py:540} INFO - Filling up the DagBag from /opt/airflow/dags/sodai_pipeline_dag.py
[2025-11-18T20:21:45.978+0000] {processor.py:840} INFO - DAG(s) 'sodai_training_and_scoring' retrieved from /opt/airflow/dags/sodai_pipeline_dag.py
[2025-11-18T20:21:45.999+0000] {logging_mixin.py:188} INFO - [2025-11-18T20:21:45.999+0000] {dag.py:3096} INFO - Sync 1 DAGs
[2025-11-18T20:21:46.010+0000] {logging_mixin.py:188} INFO - [2025-11-18T20:21:46.010+0000] {dag.py:3954} INFO - Setting next_dagrun for sodai_training_and_scoring to None, run_after=None
[2025-11-18T20:21:46.024+0000] {processor.py:183} INFO - Processing /opt/airflow/dags/sodai_pipeline_dag.py took 0.067 seconds
[2025-11-18T20:22:16.062+0000] {processor.py:161} INFO - Started process (PID=728) to work on /opt/airflow/dags/sodai_pipeline_dag.py
[2025-11-18T20:22:16.063+0000] {processor.py:830} INFO - Processing file /opt/airflow/dags/sodai_pipeline_dag.py for tasks to queue
[2025-11-18T20:22:16.065+0000] {logging_mixin.py:188} INFO - [2025-11-18T20:22:16.064+0000] {dagbag.py:540} INFO - Filling up the DagBag from /opt/airflow/dags/sodai_pipeline_dag.py
[2025-11-18T20:22:16.078+0000] {processor.py:840} INFO - DAG(s) 'sodai_training_and_scoring' retrieved from /opt/airflow/dags/sodai_pipeline_dag.py
[2025-11-18T20:22:16.103+0000] {logging_mixin.py:188} INFO - [2025-11-18T20:22:16.103+0000] {dag.py:3096} INFO - Sync 1 DAGs
[2025-11-18T20:22:16.117+0000] {logging_mixin.py:188} INFO - [2025-11-18T20:22:16.117+0000] {dag.py:3954} INFO - Setting next_dagrun for sodai_training_and_scoring to None, run_after=None
[2025-11-18T20:22:16.137+0000] {processor.py:183} INFO - Processing /opt/airflow/dags/sodai_pipeline_dag.py took 0.079 seconds
[2025-11-18T20:22:46.203+0000] {processor.py:161} INFO - Started process (PID=738) to work on /opt/airflow/dags/sodai_pipeline_dag.py
[2025-11-18T20:22:46.204+0000] {processor.py:830} INFO - Processing file /opt/airflow/dags/sodai_pipeline_dag.py for tasks to queue
[2025-11-18T20:22:46.206+0000] {logging_mixin.py:188} INFO - [2025-11-18T20:22:46.205+0000] {dagbag.py:540} INFO - Filling up the DagBag from /opt/airflow/dags/sodai_pipeline_dag.py
[2025-11-18T20:22:46.219+0000] {processor.py:840} INFO - DAG(s) 'sodai_training_and_scoring' retrieved from /opt/airflow/dags/sodai_pipeline_dag.py
[2025-11-18T20:22:46.241+0000] {logging_mixin.py:188} INFO - [2025-11-18T20:22:46.241+0000] {dag.py:3096} INFO - Sync 1 DAGs
[2025-11-18T20:22:46.252+0000] {logging_mixin.py:188} INFO - [2025-11-18T20:22:46.252+0000] {dag.py:3954} INFO - Setting next_dagrun for sodai_training_and_scoring to None, run_after=None
[2025-11-18T20:22:46.270+0000] {processor.py:183} INFO - Processing /opt/airflow/dags/sodai_pipeline_dag.py took 0.071 seconds
[2025-11-18T20:23:16.335+0000] {processor.py:161} INFO - Started process (PID=748) to work on /opt/airflow/dags/sodai_pipeline_dag.py
[2025-11-18T20:23:16.336+0000] {processor.py:830} INFO - Processing file /opt/airflow/dags/sodai_pipeline_dag.py for tasks to queue
[2025-11-18T20:23:16.337+0000] {logging_mixin.py:188} INFO - [2025-11-18T20:23:16.337+0000] {dagbag.py:540} INFO - Filling up the DagBag from /opt/airflow/dags/sodai_pipeline_dag.py
[2025-11-18T20:23:16.357+0000] {processor.py:840} INFO - DAG(s) 'sodai_training_and_scoring' retrieved from /opt/airflow/dags/sodai_pipeline_dag.py
[2025-11-18T20:23:16.388+0000] {logging_mixin.py:188} INFO - [2025-11-18T20:23:16.387+0000] {dag.py:3096} INFO - Sync 1 DAGs
[2025-11-18T20:23:16.398+0000] {logging_mixin.py:188} INFO - [2025-11-18T20:23:16.398+0000] {dag.py:3954} INFO - Setting next_dagrun for sodai_training_and_scoring to None, run_after=None
[2025-11-18T20:23:16.412+0000] {processor.py:183} INFO - Processing /opt/airflow/dags/sodai_pipeline_dag.py took 0.081 seconds
[2025-11-18T20:23:46.460+0000] {processor.py:161} INFO - Started process (PID=758) to work on /opt/airflow/dags/sodai_pipeline_dag.py
[2025-11-18T20:23:46.461+0000] {processor.py:830} INFO - Processing file /opt/airflow/dags/sodai_pipeline_dag.py for tasks to queue
[2025-11-18T20:23:46.462+0000] {logging_mixin.py:188} INFO - [2025-11-18T20:23:46.462+0000] {dagbag.py:540} INFO - Filling up the DagBag from /opt/airflow/dags/sodai_pipeline_dag.py
[2025-11-18T20:23:46.475+0000] {processor.py:840} INFO - DAG(s) 'sodai_training_and_scoring' retrieved from /opt/airflow/dags/sodai_pipeline_dag.py
[2025-11-18T20:23:46.496+0000] {logging_mixin.py:188} INFO - [2025-11-18T20:23:46.496+0000] {dag.py:3096} INFO - Sync 1 DAGs
[2025-11-18T20:23:46.507+0000] {logging_mixin.py:188} INFO - [2025-11-18T20:23:46.507+0000] {dag.py:3954} INFO - Setting next_dagrun for sodai_training_and_scoring to None, run_after=None
[2025-11-18T20:23:46.520+0000] {processor.py:183} INFO - Processing /opt/airflow/dags/sodai_pipeline_dag.py took 0.065 seconds
[2025-11-18T20:24:17.557+0000] {processor.py:161} INFO - Started process (PID=768) to work on /opt/airflow/dags/sodai_pipeline_dag.py
[2025-11-18T20:24:17.557+0000] {processor.py:830} INFO - Processing file /opt/airflow/dags/sodai_pipeline_dag.py for tasks to queue
[2025-11-18T20:24:17.559+0000] {logging_mixin.py:188} INFO - [2025-11-18T20:24:17.559+0000] {dagbag.py:540} INFO - Filling up the DagBag from /opt/airflow/dags/sodai_pipeline_dag.py
[2025-11-18T20:24:17.585+0000] {processor.py:840} INFO - DAG(s) 'sodai_training_and_scoring' retrieved from /opt/airflow/dags/sodai_pipeline_dag.py
[2025-11-18T20:24:17.608+0000] {logging_mixin.py:188} INFO - [2025-11-18T20:24:17.608+0000] {dag.py:3096} INFO - Sync 1 DAGs
[2025-11-18T20:24:17.619+0000] {logging_mixin.py:188} INFO - [2025-11-18T20:24:17.618+0000] {dag.py:3954} INFO - Setting next_dagrun for sodai_training_and_scoring to None, run_after=None
[2025-11-18T20:24:17.632+0000] {processor.py:183} INFO - Processing /opt/airflow/dags/sodai_pipeline_dag.py took 0.080 seconds
[2025-11-18T20:24:47.839+0000] {processor.py:161} INFO - Started process (PID=778) to work on /opt/airflow/dags/sodai_pipeline_dag.py
[2025-11-18T20:24:47.839+0000] {processor.py:830} INFO - Processing file /opt/airflow/dags/sodai_pipeline_dag.py for tasks to queue
[2025-11-18T20:24:47.841+0000] {logging_mixin.py:188} INFO - [2025-11-18T20:24:47.840+0000] {dagbag.py:540} INFO - Filling up the DagBag from /opt/airflow/dags/sodai_pipeline_dag.py
[2025-11-18T20:24:47.856+0000] {processor.py:840} INFO - DAG(s) 'sodai_training_and_scoring' retrieved from /opt/airflow/dags/sodai_pipeline_dag.py
[2025-11-18T20:24:47.874+0000] {logging_mixin.py:188} INFO - [2025-11-18T20:24:47.874+0000] {dag.py:3096} INFO - Sync 1 DAGs
[2025-11-18T20:24:47.884+0000] {logging_mixin.py:188} INFO - [2025-11-18T20:24:47.883+0000] {dag.py:3954} INFO - Setting next_dagrun for sodai_training_and_scoring to None, run_after=None
[2025-11-18T20:24:47.896+0000] {processor.py:183} INFO - Processing /opt/airflow/dags/sodai_pipeline_dag.py took 0.062 seconds
[2025-11-18T20:25:17.953+0000] {processor.py:161} INFO - Started process (PID=788) to work on /opt/airflow/dags/sodai_pipeline_dag.py
[2025-11-18T20:25:17.954+0000] {processor.py:830} INFO - Processing file /opt/airflow/dags/sodai_pipeline_dag.py for tasks to queue
[2025-11-18T20:25:17.956+0000] {logging_mixin.py:188} INFO - [2025-11-18T20:25:17.955+0000] {dagbag.py:540} INFO - Filling up the DagBag from /opt/airflow/dags/sodai_pipeline_dag.py
[2025-11-18T20:25:17.969+0000] {processor.py:840} INFO - DAG(s) 'sodai_training_and_scoring' retrieved from /opt/airflow/dags/sodai_pipeline_dag.py
[2025-11-18T20:25:17.989+0000] {logging_mixin.py:188} INFO - [2025-11-18T20:25:17.989+0000] {dag.py:3096} INFO - Sync 1 DAGs
[2025-11-18T20:25:17.999+0000] {logging_mixin.py:188} INFO - [2025-11-18T20:25:17.999+0000] {dag.py:3954} INFO - Setting next_dagrun for sodai_training_and_scoring to None, run_after=None
[2025-11-18T20:25:18.015+0000] {processor.py:183} INFO - Processing /opt/airflow/dags/sodai_pipeline_dag.py took 0.066 seconds
[2025-11-18T20:25:48.204+0000] {processor.py:161} INFO - Started process (PID=798) to work on /opt/airflow/dags/sodai_pipeline_dag.py
[2025-11-18T20:25:48.205+0000] {processor.py:830} INFO - Processing file /opt/airflow/dags/sodai_pipeline_dag.py for tasks to queue
[2025-11-18T20:25:48.207+0000] {logging_mixin.py:188} INFO - [2025-11-18T20:25:48.207+0000] {dagbag.py:540} INFO - Filling up the DagBag from /opt/airflow/dags/sodai_pipeline_dag.py
[2025-11-18T20:25:48.229+0000] {processor.py:840} INFO - DAG(s) 'sodai_training_and_scoring' retrieved from /opt/airflow/dags/sodai_pipeline_dag.py
[2025-11-18T20:25:48.255+0000] {logging_mixin.py:188} INFO - [2025-11-18T20:25:48.255+0000] {dag.py:3096} INFO - Sync 1 DAGs
[2025-11-18T20:25:48.266+0000] {logging_mixin.py:188} INFO - [2025-11-18T20:25:48.266+0000] {dag.py:3954} INFO - Setting next_dagrun for sodai_training_and_scoring to None, run_after=None
[2025-11-18T20:25:48.285+0000] {processor.py:183} INFO - Processing /opt/airflow/dags/sodai_pipeline_dag.py took 0.087 seconds
[2025-11-18T20:26:18.328+0000] {processor.py:161} INFO - Started process (PID=808) to work on /opt/airflow/dags/sodai_pipeline_dag.py
[2025-11-18T20:26:18.329+0000] {processor.py:830} INFO - Processing file /opt/airflow/dags/sodai_pipeline_dag.py for tasks to queue
[2025-11-18T20:26:18.331+0000] {logging_mixin.py:188} INFO - [2025-11-18T20:26:18.330+0000] {dagbag.py:540} INFO - Filling up the DagBag from /opt/airflow/dags/sodai_pipeline_dag.py
[2025-11-18T20:26:18.345+0000] {processor.py:840} INFO - DAG(s) 'sodai_training_and_scoring' retrieved from /opt/airflow/dags/sodai_pipeline_dag.py
[2025-11-18T20:26:18.368+0000] {logging_mixin.py:188} INFO - [2025-11-18T20:26:18.368+0000] {dag.py:3096} INFO - Sync 1 DAGs
[2025-11-18T20:26:18.380+0000] {logging_mixin.py:188} INFO - [2025-11-18T20:26:18.379+0000] {dag.py:3954} INFO - Setting next_dagrun for sodai_training_and_scoring to None, run_after=None
[2025-11-18T20:26:18.399+0000] {processor.py:183} INFO - Processing /opt/airflow/dags/sodai_pipeline_dag.py took 0.076 seconds
[2025-11-18T20:26:48.461+0000] {processor.py:161} INFO - Started process (PID=818) to work on /opt/airflow/dags/sodai_pipeline_dag.py
[2025-11-18T20:26:48.462+0000] {processor.py:830} INFO - Processing file /opt/airflow/dags/sodai_pipeline_dag.py for tasks to queue
[2025-11-18T20:26:48.464+0000] {logging_mixin.py:188} INFO - [2025-11-18T20:26:48.463+0000] {dagbag.py:540} INFO - Filling up the DagBag from /opt/airflow/dags/sodai_pipeline_dag.py
[2025-11-18T20:26:48.481+0000] {processor.py:840} INFO - DAG(s) 'sodai_training_and_scoring' retrieved from /opt/airflow/dags/sodai_pipeline_dag.py
[2025-11-18T20:26:48.502+0000] {logging_mixin.py:188} INFO - [2025-11-18T20:26:48.502+0000] {dag.py:3096} INFO - Sync 1 DAGs
[2025-11-18T20:26:48.511+0000] {logging_mixin.py:188} INFO - [2025-11-18T20:26:48.511+0000] {dag.py:3954} INFO - Setting next_dagrun for sodai_training_and_scoring to None, run_after=None
[2025-11-18T20:26:48.527+0000] {processor.py:183} INFO - Processing /opt/airflow/dags/sodai_pipeline_dag.py took 0.071 seconds
[2025-11-18T20:27:18.576+0000] {processor.py:161} INFO - Started process (PID=828) to work on /opt/airflow/dags/sodai_pipeline_dag.py
[2025-11-18T20:27:18.577+0000] {processor.py:830} INFO - Processing file /opt/airflow/dags/sodai_pipeline_dag.py for tasks to queue
[2025-11-18T20:27:18.578+0000] {logging_mixin.py:188} INFO - [2025-11-18T20:27:18.578+0000] {dagbag.py:540} INFO - Filling up the DagBag from /opt/airflow/dags/sodai_pipeline_dag.py
[2025-11-18T20:27:18.599+0000] {processor.py:840} INFO - DAG(s) 'sodai_training_and_scoring' retrieved from /opt/airflow/dags/sodai_pipeline_dag.py
[2025-11-18T20:27:18.623+0000] {logging_mixin.py:188} INFO - [2025-11-18T20:27:18.623+0000] {dag.py:3096} INFO - Sync 1 DAGs
[2025-11-18T20:27:18.633+0000] {logging_mixin.py:188} INFO - [2025-11-18T20:27:18.633+0000] {dag.py:3954} INFO - Setting next_dagrun for sodai_training_and_scoring to None, run_after=None
[2025-11-18T20:27:18.648+0000] {processor.py:183} INFO - Processing /opt/airflow/dags/sodai_pipeline_dag.py took 0.077 seconds
[2025-11-18T20:27:49.670+0000] {processor.py:161} INFO - Started process (PID=838) to work on /opt/airflow/dags/sodai_pipeline_dag.py
[2025-11-18T20:27:49.672+0000] {processor.py:830} INFO - Processing file /opt/airflow/dags/sodai_pipeline_dag.py for tasks to queue
[2025-11-18T20:27:49.673+0000] {logging_mixin.py:188} INFO - [2025-11-18T20:27:49.673+0000] {dagbag.py:540} INFO - Filling up the DagBag from /opt/airflow/dags/sodai_pipeline_dag.py
[2025-11-18T20:27:49.687+0000] {processor.py:840} INFO - DAG(s) 'sodai_training_and_scoring' retrieved from /opt/airflow/dags/sodai_pipeline_dag.py
[2025-11-18T20:27:49.706+0000] {logging_mixin.py:188} INFO - [2025-11-18T20:27:49.706+0000] {dag.py:3096} INFO - Sync 1 DAGs
[2025-11-18T20:27:49.715+0000] {logging_mixin.py:188} INFO - [2025-11-18T20:27:49.715+0000] {dag.py:3954} INFO - Setting next_dagrun for sodai_training_and_scoring to None, run_after=None
[2025-11-18T20:27:49.730+0000] {processor.py:183} INFO - Processing /opt/airflow/dags/sodai_pipeline_dag.py took 0.065 seconds
[2025-11-18T20:28:20.746+0000] {processor.py:161} INFO - Started process (PID=848) to work on /opt/airflow/dags/sodai_pipeline_dag.py
[2025-11-18T20:28:20.746+0000] {processor.py:830} INFO - Processing file /opt/airflow/dags/sodai_pipeline_dag.py for tasks to queue
[2025-11-18T20:28:20.748+0000] {logging_mixin.py:188} INFO - [2025-11-18T20:28:20.748+0000] {dagbag.py:540} INFO - Filling up the DagBag from /opt/airflow/dags/sodai_pipeline_dag.py
[2025-11-18T20:28:20.764+0000] {processor.py:840} INFO - DAG(s) 'sodai_training_and_scoring' retrieved from /opt/airflow/dags/sodai_pipeline_dag.py
[2025-11-18T20:28:20.783+0000] {logging_mixin.py:188} INFO - [2025-11-18T20:28:20.783+0000] {dag.py:3096} INFO - Sync 1 DAGs
[2025-11-18T20:28:20.793+0000] {logging_mixin.py:188} INFO - [2025-11-18T20:28:20.793+0000] {dag.py:3954} INFO - Setting next_dagrun for sodai_training_and_scoring to None, run_after=None
[2025-11-18T20:28:20.806+0000] {processor.py:183} INFO - Processing /opt/airflow/dags/sodai_pipeline_dag.py took 0.065 seconds
[2025-11-18T20:28:50.897+0000] {processor.py:161} INFO - Started process (PID=858) to work on /opt/airflow/dags/sodai_pipeline_dag.py
[2025-11-18T20:28:50.899+0000] {processor.py:830} INFO - Processing file /opt/airflow/dags/sodai_pipeline_dag.py for tasks to queue
[2025-11-18T20:28:50.901+0000] {logging_mixin.py:188} INFO - [2025-11-18T20:28:50.900+0000] {dagbag.py:540} INFO - Filling up the DagBag from /opt/airflow/dags/sodai_pipeline_dag.py
[2025-11-18T20:28:50.920+0000] {processor.py:840} INFO - DAG(s) 'sodai_training_and_scoring' retrieved from /opt/airflow/dags/sodai_pipeline_dag.py
[2025-11-18T20:28:50.939+0000] {logging_mixin.py:188} INFO - [2025-11-18T20:28:50.939+0000] {dag.py:3096} INFO - Sync 1 DAGs
[2025-11-18T20:28:50.949+0000] {logging_mixin.py:188} INFO - [2025-11-18T20:28:50.949+0000] {dag.py:3954} INFO - Setting next_dagrun for sodai_training_and_scoring to None, run_after=None
[2025-11-18T20:28:50.966+0000] {processor.py:183} INFO - Processing /opt/airflow/dags/sodai_pipeline_dag.py took 0.073 seconds
[2025-11-18T20:29:21.155+0000] {processor.py:161} INFO - Started process (PID=868) to work on /opt/airflow/dags/sodai_pipeline_dag.py
[2025-11-18T20:29:21.157+0000] {processor.py:830} INFO - Processing file /opt/airflow/dags/sodai_pipeline_dag.py for tasks to queue
[2025-11-18T20:29:21.160+0000] {logging_mixin.py:188} INFO - [2025-11-18T20:29:21.160+0000] {dagbag.py:540} INFO - Filling up the DagBag from /opt/airflow/dags/sodai_pipeline_dag.py
[2025-11-18T20:29:21.202+0000] {processor.py:840} INFO - DAG(s) 'sodai_training_and_scoring' retrieved from /opt/airflow/dags/sodai_pipeline_dag.py
[2025-11-18T20:29:21.227+0000] {logging_mixin.py:188} INFO - [2025-11-18T20:29:21.227+0000] {dag.py:3096} INFO - Sync 1 DAGs
[2025-11-18T20:29:21.239+0000] {logging_mixin.py:188} INFO - [2025-11-18T20:29:21.239+0000] {dag.py:3954} INFO - Setting next_dagrun for sodai_training_and_scoring to None, run_after=None
[2025-11-18T20:29:21.256+0000] {processor.py:183} INFO - Processing /opt/airflow/dags/sodai_pipeline_dag.py took 0.105 seconds
[2025-11-18T20:29:52.176+0000] {processor.py:161} INFO - Started process (PID=878) to work on /opt/airflow/dags/sodai_pipeline_dag.py
[2025-11-18T20:29:52.177+0000] {processor.py:830} INFO - Processing file /opt/airflow/dags/sodai_pipeline_dag.py for tasks to queue
[2025-11-18T20:29:52.179+0000] {logging_mixin.py:188} INFO - [2025-11-18T20:29:52.179+0000] {dagbag.py:540} INFO - Filling up the DagBag from /opt/airflow/dags/sodai_pipeline_dag.py
[2025-11-18T20:29:52.192+0000] {processor.py:840} INFO - DAG(s) 'sodai_training_and_scoring' retrieved from /opt/airflow/dags/sodai_pipeline_dag.py
[2025-11-18T20:29:52.211+0000] {logging_mixin.py:188} INFO - [2025-11-18T20:29:52.211+0000] {dag.py:3096} INFO - Sync 1 DAGs
[2025-11-18T20:29:52.220+0000] {logging_mixin.py:188} INFO - [2025-11-18T20:29:52.220+0000] {dag.py:3954} INFO - Setting next_dagrun for sodai_training_and_scoring to None, run_after=None
[2025-11-18T20:29:52.233+0000] {processor.py:183} INFO - Processing /opt/airflow/dags/sodai_pipeline_dag.py took 0.061 seconds
[2025-11-18T20:30:22.268+0000] {processor.py:161} INFO - Started process (PID=888) to work on /opt/airflow/dags/sodai_pipeline_dag.py
[2025-11-18T20:30:22.269+0000] {processor.py:830} INFO - Processing file /opt/airflow/dags/sodai_pipeline_dag.py for tasks to queue
[2025-11-18T20:30:22.270+0000] {logging_mixin.py:188} INFO - [2025-11-18T20:30:22.270+0000] {dagbag.py:540} INFO - Filling up the DagBag from /opt/airflow/dags/sodai_pipeline_dag.py
[2025-11-18T20:30:22.284+0000] {processor.py:840} INFO - DAG(s) 'sodai_training_and_scoring' retrieved from /opt/airflow/dags/sodai_pipeline_dag.py
[2025-11-18T20:30:22.304+0000] {logging_mixin.py:188} INFO - [2025-11-18T20:30:22.304+0000] {dag.py:3096} INFO - Sync 1 DAGs
[2025-11-18T20:30:22.313+0000] {logging_mixin.py:188} INFO - [2025-11-18T20:30:22.313+0000] {dag.py:3954} INFO - Setting next_dagrun for sodai_training_and_scoring to None, run_after=None
[2025-11-18T20:30:22.326+0000] {processor.py:183} INFO - Processing /opt/airflow/dags/sodai_pipeline_dag.py took 0.063 seconds
[2025-11-18T20:30:52.429+0000] {processor.py:161} INFO - Started process (PID=898) to work on /opt/airflow/dags/sodai_pipeline_dag.py
[2025-11-18T20:30:52.430+0000] {processor.py:830} INFO - Processing file /opt/airflow/dags/sodai_pipeline_dag.py for tasks to queue
[2025-11-18T20:30:52.434+0000] {logging_mixin.py:188} INFO - [2025-11-18T20:30:52.434+0000] {dagbag.py:540} INFO - Filling up the DagBag from /opt/airflow/dags/sodai_pipeline_dag.py
[2025-11-18T20:30:52.445+0000] {processor.py:840} INFO - DAG(s) 'sodai_training_and_scoring' retrieved from /opt/airflow/dags/sodai_pipeline_dag.py
[2025-11-18T20:30:52.468+0000] {logging_mixin.py:188} INFO - [2025-11-18T20:30:52.468+0000] {dag.py:3096} INFO - Sync 1 DAGs
[2025-11-18T20:30:52.478+0000] {logging_mixin.py:188} INFO - [2025-11-18T20:30:52.478+0000] {dag.py:3954} INFO - Setting next_dagrun for sodai_training_and_scoring to None, run_after=None
[2025-11-18T20:30:52.496+0000] {processor.py:183} INFO - Processing /opt/airflow/dags/sodai_pipeline_dag.py took 0.071 seconds
[2025-11-18T20:31:22.684+0000] {processor.py:161} INFO - Started process (PID=908) to work on /opt/airflow/dags/sodai_pipeline_dag.py
[2025-11-18T20:31:22.685+0000] {processor.py:830} INFO - Processing file /opt/airflow/dags/sodai_pipeline_dag.py for tasks to queue
[2025-11-18T20:31:22.686+0000] {logging_mixin.py:188} INFO - [2025-11-18T20:31:22.686+0000] {dagbag.py:540} INFO - Filling up the DagBag from /opt/airflow/dags/sodai_pipeline_dag.py
[2025-11-18T20:31:22.714+0000] {processor.py:840} INFO - DAG(s) 'sodai_training_and_scoring' retrieved from /opt/airflow/dags/sodai_pipeline_dag.py
[2025-11-18T20:31:22.738+0000] {logging_mixin.py:188} INFO - [2025-11-18T20:31:22.738+0000] {dag.py:3096} INFO - Sync 1 DAGs
[2025-11-18T20:31:22.750+0000] {logging_mixin.py:188} INFO - [2025-11-18T20:31:22.750+0000] {dag.py:3954} INFO - Setting next_dagrun for sodai_training_and_scoring to None, run_after=None
[2025-11-18T20:31:22.763+0000] {processor.py:183} INFO - Processing /opt/airflow/dags/sodai_pipeline_dag.py took 0.084 seconds
[2025-11-18T20:31:52.953+0000] {processor.py:161} INFO - Started process (PID=918) to work on /opt/airflow/dags/sodai_pipeline_dag.py
[2025-11-18T20:31:52.954+0000] {processor.py:830} INFO - Processing file /opt/airflow/dags/sodai_pipeline_dag.py for tasks to queue
[2025-11-18T20:31:52.956+0000] {logging_mixin.py:188} INFO - [2025-11-18T20:31:52.955+0000] {dagbag.py:540} INFO - Filling up the DagBag from /opt/airflow/dags/sodai_pipeline_dag.py
[2025-11-18T20:31:52.972+0000] {processor.py:840} INFO - DAG(s) 'sodai_training_and_scoring' retrieved from /opt/airflow/dags/sodai_pipeline_dag.py
[2025-11-18T20:31:52.992+0000] {logging_mixin.py:188} INFO - [2025-11-18T20:31:52.992+0000] {dag.py:3096} INFO - Sync 1 DAGs
[2025-11-18T20:31:53.002+0000] {logging_mixin.py:188} INFO - [2025-11-18T20:31:53.002+0000] {dag.py:3954} INFO - Setting next_dagrun for sodai_training_and_scoring to None, run_after=None
[2025-11-18T20:31:53.015+0000] {processor.py:183} INFO - Processing /opt/airflow/dags/sodai_pipeline_dag.py took 0.066 seconds
[2025-11-18T20:32:23.059+0000] {processor.py:161} INFO - Started process (PID=928) to work on /opt/airflow/dags/sodai_pipeline_dag.py
[2025-11-18T20:32:23.060+0000] {processor.py:830} INFO - Processing file /opt/airflow/dags/sodai_pipeline_dag.py for tasks to queue
[2025-11-18T20:32:23.062+0000] {logging_mixin.py:188} INFO - [2025-11-18T20:32:23.062+0000] {dagbag.py:540} INFO - Filling up the DagBag from /opt/airflow/dags/sodai_pipeline_dag.py
[2025-11-18T20:32:23.085+0000] {processor.py:840} INFO - DAG(s) 'sodai_training_and_scoring' retrieved from /opt/airflow/dags/sodai_pipeline_dag.py
[2025-11-18T20:32:23.105+0000] {logging_mixin.py:188} INFO - [2025-11-18T20:32:23.105+0000] {dag.py:3096} INFO - Sync 1 DAGs
[2025-11-18T20:32:23.114+0000] {logging_mixin.py:188} INFO - [2025-11-18T20:32:23.114+0000] {dag.py:3954} INFO - Setting next_dagrun for sodai_training_and_scoring to None, run_after=None
[2025-11-18T20:32:23.128+0000] {processor.py:183} INFO - Processing /opt/airflow/dags/sodai_pipeline_dag.py took 0.074 seconds
[2025-11-18T20:32:53.191+0000] {processor.py:161} INFO - Started process (PID=938) to work on /opt/airflow/dags/sodai_pipeline_dag.py
[2025-11-18T20:32:53.194+0000] {processor.py:830} INFO - Processing file /opt/airflow/dags/sodai_pipeline_dag.py for tasks to queue
[2025-11-18T20:32:53.198+0000] {logging_mixin.py:188} INFO - [2025-11-18T20:32:53.198+0000] {dagbag.py:540} INFO - Filling up the DagBag from /opt/airflow/dags/sodai_pipeline_dag.py
[2025-11-18T20:32:53.219+0000] {processor.py:840} INFO - DAG(s) 'sodai_training_and_scoring' retrieved from /opt/airflow/dags/sodai_pipeline_dag.py
[2025-11-18T20:32:53.238+0000] {logging_mixin.py:188} INFO - [2025-11-18T20:32:53.238+0000] {dag.py:3096} INFO - Sync 1 DAGs
[2025-11-18T20:32:53.248+0000] {logging_mixin.py:188} INFO - [2025-11-18T20:32:53.247+0000] {dag.py:3954} INFO - Setting next_dagrun for sodai_training_and_scoring to None, run_after=None
[2025-11-18T20:32:53.262+0000] {processor.py:183} INFO - Processing /opt/airflow/dags/sodai_pipeline_dag.py took 0.076 seconds
[2025-11-18T20:33:23.370+0000] {processor.py:161} INFO - Started process (PID=948) to work on /opt/airflow/dags/sodai_pipeline_dag.py
[2025-11-18T20:33:23.372+0000] {processor.py:830} INFO - Processing file /opt/airflow/dags/sodai_pipeline_dag.py for tasks to queue
[2025-11-18T20:33:23.374+0000] {logging_mixin.py:188} INFO - [2025-11-18T20:33:23.373+0000] {dagbag.py:540} INFO - Filling up the DagBag from /opt/airflow/dags/sodai_pipeline_dag.py
[2025-11-18T20:33:23.400+0000] {processor.py:840} INFO - DAG(s) 'sodai_training_and_scoring' retrieved from /opt/airflow/dags/sodai_pipeline_dag.py
[2025-11-18T20:33:23.428+0000] {logging_mixin.py:188} INFO - [2025-11-18T20:33:23.428+0000] {dag.py:3096} INFO - Sync 1 DAGs
[2025-11-18T20:33:23.443+0000] {logging_mixin.py:188} INFO - [2025-11-18T20:33:23.443+0000] {dag.py:3954} INFO - Setting next_dagrun for sodai_training_and_scoring to None, run_after=None
[2025-11-18T20:33:23.462+0000] {processor.py:183} INFO - Processing /opt/airflow/dags/sodai_pipeline_dag.py took 0.098 seconds
[2025-11-18T20:33:53.554+0000] {processor.py:161} INFO - Started process (PID=1071) to work on /opt/airflow/dags/sodai_pipeline_dag.py
[2025-11-18T20:33:53.556+0000] {processor.py:830} INFO - Processing file /opt/airflow/dags/sodai_pipeline_dag.py for tasks to queue
[2025-11-18T20:33:53.560+0000] {logging_mixin.py:188} INFO - [2025-11-18T20:33:53.559+0000] {dagbag.py:540} INFO - Filling up the DagBag from /opt/airflow/dags/sodai_pipeline_dag.py
[2025-11-18T20:33:53.578+0000] {processor.py:840} INFO - DAG(s) 'sodai_training_and_scoring' retrieved from /opt/airflow/dags/sodai_pipeline_dag.py
[2025-11-18T20:33:53.603+0000] {logging_mixin.py:188} INFO - [2025-11-18T20:33:53.602+0000] {dag.py:3096} INFO - Sync 1 DAGs
[2025-11-18T20:33:53.615+0000] {logging_mixin.py:188} INFO - [2025-11-18T20:33:53.614+0000] {dag.py:3954} INFO - Setting next_dagrun for sodai_training_and_scoring to None, run_after=None
[2025-11-18T20:33:53.641+0000] {processor.py:183} INFO - Processing /opt/airflow/dags/sodai_pipeline_dag.py took 0.093 seconds
[2025-11-18T20:34:23.708+0000] {processor.py:161} INFO - Started process (PID=1103) to work on /opt/airflow/dags/sodai_pipeline_dag.py
[2025-11-18T20:34:23.709+0000] {processor.py:830} INFO - Processing file /opt/airflow/dags/sodai_pipeline_dag.py for tasks to queue
[2025-11-18T20:34:23.718+0000] {logging_mixin.py:188} INFO - [2025-11-18T20:34:23.718+0000] {dagbag.py:540} INFO - Filling up the DagBag from /opt/airflow/dags/sodai_pipeline_dag.py
[2025-11-18T20:34:23.745+0000] {processor.py:840} INFO - DAG(s) 'sodai_training_and_scoring' retrieved from /opt/airflow/dags/sodai_pipeline_dag.py
[2025-11-18T20:34:23.765+0000] {logging_mixin.py:188} INFO - [2025-11-18T20:34:23.765+0000] {dag.py:3096} INFO - Sync 1 DAGs
[2025-11-18T20:34:23.775+0000] {logging_mixin.py:188} INFO - [2025-11-18T20:34:23.775+0000] {dag.py:3954} INFO - Setting next_dagrun for sodai_training_and_scoring to None, run_after=None
[2025-11-18T20:34:23.789+0000] {processor.py:183} INFO - Processing /opt/airflow/dags/sodai_pipeline_dag.py took 0.086 seconds
[2025-11-18T20:34:53.840+0000] {processor.py:161} INFO - Started process (PID=1113) to work on /opt/airflow/dags/sodai_pipeline_dag.py
[2025-11-18T20:34:53.841+0000] {processor.py:830} INFO - Processing file /opt/airflow/dags/sodai_pipeline_dag.py for tasks to queue
[2025-11-18T20:34:53.842+0000] {logging_mixin.py:188} INFO - [2025-11-18T20:34:53.842+0000] {dagbag.py:540} INFO - Filling up the DagBag from /opt/airflow/dags/sodai_pipeline_dag.py
[2025-11-18T20:34:53.888+0000] {processor.py:840} INFO - DAG(s) 'sodai_training_and_scoring' retrieved from /opt/airflow/dags/sodai_pipeline_dag.py
[2025-11-18T20:34:53.910+0000] {logging_mixin.py:188} INFO - [2025-11-18T20:34:53.910+0000] {dag.py:3096} INFO - Sync 1 DAGs
[2025-11-18T20:34:53.919+0000] {logging_mixin.py:188} INFO - [2025-11-18T20:34:53.919+0000] {dag.py:3954} INFO - Setting next_dagrun for sodai_training_and_scoring to None, run_after=None
[2025-11-18T20:34:53.933+0000] {processor.py:183} INFO - Processing /opt/airflow/dags/sodai_pipeline_dag.py took 0.098 seconds
[2025-11-18T20:35:24.061+0000] {processor.py:161} INFO - Started process (PID=1123) to work on /opt/airflow/dags/sodai_pipeline_dag.py
[2025-11-18T20:35:24.062+0000] {processor.py:830} INFO - Processing file /opt/airflow/dags/sodai_pipeline_dag.py for tasks to queue
[2025-11-18T20:35:24.064+0000] {logging_mixin.py:188} INFO - [2025-11-18T20:35:24.063+0000] {dagbag.py:540} INFO - Filling up the DagBag from /opt/airflow/dags/sodai_pipeline_dag.py
[2025-11-18T20:35:24.080+0000] {processor.py:840} INFO - DAG(s) 'sodai_training_and_scoring' retrieved from /opt/airflow/dags/sodai_pipeline_dag.py
[2025-11-18T20:35:24.101+0000] {logging_mixin.py:188} INFO - [2025-11-18T20:35:24.100+0000] {dag.py:3096} INFO - Sync 1 DAGs
[2025-11-18T20:35:24.111+0000] {logging_mixin.py:188} INFO - [2025-11-18T20:35:24.110+0000] {dag.py:3954} INFO - Setting next_dagrun for sodai_training_and_scoring to None, run_after=None
[2025-11-18T20:35:24.136+0000] {processor.py:183} INFO - Processing /opt/airflow/dags/sodai_pipeline_dag.py took 0.079 seconds
[2025-11-18T20:35:54.436+0000] {processor.py:161} INFO - Started process (PID=1133) to work on /opt/airflow/dags/sodai_pipeline_dag.py
[2025-11-18T20:35:54.437+0000] {processor.py:830} INFO - Processing file /opt/airflow/dags/sodai_pipeline_dag.py for tasks to queue
[2025-11-18T20:35:54.439+0000] {logging_mixin.py:188} INFO - [2025-11-18T20:35:54.438+0000] {dagbag.py:540} INFO - Filling up the DagBag from /opt/airflow/dags/sodai_pipeline_dag.py
[2025-11-18T20:35:54.453+0000] {processor.py:840} INFO - DAG(s) 'sodai_training_and_scoring' retrieved from /opt/airflow/dags/sodai_pipeline_dag.py
[2025-11-18T20:35:54.472+0000] {logging_mixin.py:188} INFO - [2025-11-18T20:35:54.472+0000] {dag.py:3096} INFO - Sync 1 DAGs
[2025-11-18T20:35:54.482+0000] {logging_mixin.py:188} INFO - [2025-11-18T20:35:54.482+0000] {dag.py:3954} INFO - Setting next_dagrun for sodai_training_and_scoring to None, run_after=None
[2025-11-18T20:35:54.497+0000] {processor.py:183} INFO - Processing /opt/airflow/dags/sodai_pipeline_dag.py took 0.065 seconds
[2025-11-18T20:36:24.551+0000] {processor.py:161} INFO - Started process (PID=1143) to work on /opt/airflow/dags/sodai_pipeline_dag.py
[2025-11-18T20:36:24.552+0000] {processor.py:830} INFO - Processing file /opt/airflow/dags/sodai_pipeline_dag.py for tasks to queue
[2025-11-18T20:36:24.553+0000] {logging_mixin.py:188} INFO - [2025-11-18T20:36:24.553+0000] {dagbag.py:540} INFO - Filling up the DagBag from /opt/airflow/dags/sodai_pipeline_dag.py
[2025-11-18T20:36:24.567+0000] {processor.py:840} INFO - DAG(s) 'sodai_training_and_scoring' retrieved from /opt/airflow/dags/sodai_pipeline_dag.py
[2025-11-18T20:36:24.585+0000] {logging_mixin.py:188} INFO - [2025-11-18T20:36:24.585+0000] {dag.py:3096} INFO - Sync 1 DAGs
[2025-11-18T20:36:24.595+0000] {logging_mixin.py:188} INFO - [2025-11-18T20:36:24.595+0000] {dag.py:3954} INFO - Setting next_dagrun for sodai_training_and_scoring to None, run_after=None
[2025-11-18T20:36:24.609+0000] {processor.py:183} INFO - Processing /opt/airflow/dags/sodai_pipeline_dag.py took 0.062 seconds
[2025-11-18T20:36:54.702+0000] {processor.py:161} INFO - Started process (PID=1153) to work on /opt/airflow/dags/sodai_pipeline_dag.py
[2025-11-18T20:36:54.703+0000] {processor.py:830} INFO - Processing file /opt/airflow/dags/sodai_pipeline_dag.py for tasks to queue
[2025-11-18T20:36:54.705+0000] {logging_mixin.py:188} INFO - [2025-11-18T20:36:54.704+0000] {dagbag.py:540} INFO - Filling up the DagBag from /opt/airflow/dags/sodai_pipeline_dag.py
[2025-11-18T20:36:54.736+0000] {processor.py:840} INFO - DAG(s) 'sodai_training_and_scoring' retrieved from /opt/airflow/dags/sodai_pipeline_dag.py
[2025-11-18T20:36:54.755+0000] {logging_mixin.py:188} INFO - [2025-11-18T20:36:54.755+0000] {dag.py:3096} INFO - Sync 1 DAGs
[2025-11-18T20:36:54.764+0000] {logging_mixin.py:188} INFO - [2025-11-18T20:36:54.764+0000] {dag.py:3954} INFO - Setting next_dagrun for sodai_training_and_scoring to None, run_after=None
[2025-11-18T20:36:54.781+0000] {processor.py:183} INFO - Processing /opt/airflow/dags/sodai_pipeline_dag.py took 0.083 seconds
[2025-11-18T20:37:24.970+0000] {processor.py:161} INFO - Started process (PID=1163) to work on /opt/airflow/dags/sodai_pipeline_dag.py
[2025-11-18T20:37:24.971+0000] {processor.py:830} INFO - Processing file /opt/airflow/dags/sodai_pipeline_dag.py for tasks to queue
[2025-11-18T20:37:24.973+0000] {logging_mixin.py:188} INFO - [2025-11-18T20:37:24.972+0000] {dagbag.py:540} INFO - Filling up the DagBag from /opt/airflow/dags/sodai_pipeline_dag.py
[2025-11-18T20:37:24.988+0000] {processor.py:840} INFO - DAG(s) 'sodai_training_and_scoring' retrieved from /opt/airflow/dags/sodai_pipeline_dag.py
[2025-11-18T20:37:25.007+0000] {logging_mixin.py:188} INFO - [2025-11-18T20:37:25.007+0000] {dag.py:3096} INFO - Sync 1 DAGs
[2025-11-18T20:37:25.016+0000] {logging_mixin.py:188} INFO - [2025-11-18T20:37:25.016+0000] {dag.py:3954} INFO - Setting next_dagrun for sodai_training_and_scoring to None, run_after=None
[2025-11-18T20:37:25.031+0000] {processor.py:183} INFO - Processing /opt/airflow/dags/sodai_pipeline_dag.py took 0.065 seconds
[2025-11-18T20:37:55.174+0000] {processor.py:161} INFO - Started process (PID=1173) to work on /opt/airflow/dags/sodai_pipeline_dag.py
[2025-11-18T20:37:55.175+0000] {processor.py:830} INFO - Processing file /opt/airflow/dags/sodai_pipeline_dag.py for tasks to queue
[2025-11-18T20:37:55.177+0000] {logging_mixin.py:188} INFO - [2025-11-18T20:37:55.177+0000] {dagbag.py:540} INFO - Filling up the DagBag from /opt/airflow/dags/sodai_pipeline_dag.py
[2025-11-18T20:37:55.191+0000] {processor.py:840} INFO - DAG(s) 'sodai_training_and_scoring' retrieved from /opt/airflow/dags/sodai_pipeline_dag.py
[2025-11-18T20:37:55.211+0000] {logging_mixin.py:188} INFO - [2025-11-18T20:37:55.211+0000] {dag.py:3096} INFO - Sync 1 DAGs
[2025-11-18T20:37:55.221+0000] {logging_mixin.py:188} INFO - [2025-11-18T20:37:55.221+0000] {dag.py:3954} INFO - Setting next_dagrun for sodai_training_and_scoring to None, run_after=None
[2025-11-18T20:37:55.242+0000] {processor.py:183} INFO - Processing /opt/airflow/dags/sodai_pipeline_dag.py took 0.073 seconds
[2025-11-18T20:38:25.313+0000] {processor.py:161} INFO - Started process (PID=1183) to work on /opt/airflow/dags/sodai_pipeline_dag.py
[2025-11-18T20:38:25.314+0000] {processor.py:830} INFO - Processing file /opt/airflow/dags/sodai_pipeline_dag.py for tasks to queue
[2025-11-18T20:38:25.315+0000] {logging_mixin.py:188} INFO - [2025-11-18T20:38:25.315+0000] {dagbag.py:540} INFO - Filling up the DagBag from /opt/airflow/dags/sodai_pipeline_dag.py
[2025-11-18T20:38:25.329+0000] {processor.py:840} INFO - DAG(s) 'sodai_training_and_scoring' retrieved from /opt/airflow/dags/sodai_pipeline_dag.py
[2025-11-18T20:38:25.347+0000] {logging_mixin.py:188} INFO - [2025-11-18T20:38:25.347+0000] {dag.py:3096} INFO - Sync 1 DAGs
[2025-11-18T20:38:25.357+0000] {logging_mixin.py:188} INFO - [2025-11-18T20:38:25.357+0000] {dag.py:3954} INFO - Setting next_dagrun for sodai_training_and_scoring to None, run_after=None
[2025-11-18T20:38:25.371+0000] {processor.py:183} INFO - Processing /opt/airflow/dags/sodai_pipeline_dag.py took 0.062 seconds
[2025-11-18T20:38:55.470+0000] {processor.py:161} INFO - Started process (PID=1193) to work on /opt/airflow/dags/sodai_pipeline_dag.py
[2025-11-18T20:38:55.471+0000] {processor.py:830} INFO - Processing file /opt/airflow/dags/sodai_pipeline_dag.py for tasks to queue
[2025-11-18T20:38:55.472+0000] {logging_mixin.py:188} INFO - [2025-11-18T20:38:55.472+0000] {dagbag.py:540} INFO - Filling up the DagBag from /opt/airflow/dags/sodai_pipeline_dag.py
[2025-11-18T20:38:55.487+0000] {processor.py:840} INFO - DAG(s) 'sodai_training_and_scoring' retrieved from /opt/airflow/dags/sodai_pipeline_dag.py
[2025-11-18T20:38:55.507+0000] {logging_mixin.py:188} INFO - [2025-11-18T20:38:55.507+0000] {dag.py:3096} INFO - Sync 1 DAGs
[2025-11-18T20:38:55.522+0000] {logging_mixin.py:188} INFO - [2025-11-18T20:38:55.522+0000] {dag.py:3954} INFO - Setting next_dagrun for sodai_training_and_scoring to None, run_after=None
[2025-11-18T20:38:55.537+0000] {processor.py:183} INFO - Processing /opt/airflow/dags/sodai_pipeline_dag.py took 0.071 seconds
[2025-11-18T20:39:26.358+0000] {processor.py:161} INFO - Started process (PID=1203) to work on /opt/airflow/dags/sodai_pipeline_dag.py
[2025-11-18T20:39:26.358+0000] {processor.py:830} INFO - Processing file /opt/airflow/dags/sodai_pipeline_dag.py for tasks to queue
[2025-11-18T20:39:26.359+0000] {logging_mixin.py:188} INFO - [2025-11-18T20:39:26.359+0000] {dagbag.py:540} INFO - Filling up the DagBag from /opt/airflow/dags/sodai_pipeline_dag.py
[2025-11-18T20:39:26.377+0000] {processor.py:840} INFO - DAG(s) 'sodai_training_and_scoring' retrieved from /opt/airflow/dags/sodai_pipeline_dag.py
[2025-11-18T20:39:26.395+0000] {logging_mixin.py:188} INFO - [2025-11-18T20:39:26.394+0000] {dag.py:3096} INFO - Sync 1 DAGs
[2025-11-18T20:39:26.404+0000] {logging_mixin.py:188} INFO - [2025-11-18T20:39:26.403+0000] {dag.py:3954} INFO - Setting next_dagrun for sodai_training_and_scoring to None, run_after=None
[2025-11-18T20:39:26.418+0000] {processor.py:183} INFO - Processing /opt/airflow/dags/sodai_pipeline_dag.py took 0.064 seconds
[2025-11-18T20:39:56.596+0000] {processor.py:161} INFO - Started process (PID=1213) to work on /opt/airflow/dags/sodai_pipeline_dag.py
[2025-11-18T20:39:56.601+0000] {processor.py:830} INFO - Processing file /opt/airflow/dags/sodai_pipeline_dag.py for tasks to queue
[2025-11-18T20:39:56.603+0000] {logging_mixin.py:188} INFO - [2025-11-18T20:39:56.603+0000] {dagbag.py:540} INFO - Filling up the DagBag from /opt/airflow/dags/sodai_pipeline_dag.py
[2025-11-18T20:39:56.638+0000] {processor.py:840} INFO - DAG(s) 'sodai_training_and_scoring' retrieved from /opt/airflow/dags/sodai_pipeline_dag.py
[2025-11-18T20:39:56.657+0000] {logging_mixin.py:188} INFO - [2025-11-18T20:39:56.657+0000] {dag.py:3096} INFO - Sync 1 DAGs
[2025-11-18T20:39:56.666+0000] {logging_mixin.py:188} INFO - [2025-11-18T20:39:56.666+0000] {dag.py:3954} INFO - Setting next_dagrun for sodai_training_and_scoring to None, run_after=None
[2025-11-18T20:39:56.684+0000] {processor.py:183} INFO - Processing /opt/airflow/dags/sodai_pipeline_dag.py took 0.093 seconds
[2025-11-18T20:40:27.729+0000] {processor.py:161} INFO - Started process (PID=1223) to work on /opt/airflow/dags/sodai_pipeline_dag.py
[2025-11-18T20:40:27.745+0000] {processor.py:830} INFO - Processing file /opt/airflow/dags/sodai_pipeline_dag.py for tasks to queue
[2025-11-18T20:40:27.747+0000] {logging_mixin.py:188} INFO - [2025-11-18T20:40:27.747+0000] {dagbag.py:540} INFO - Filling up the DagBag from /opt/airflow/dags/sodai_pipeline_dag.py
[2025-11-18T20:40:27.809+0000] {processor.py:840} INFO - DAG(s) 'sodai_training_and_scoring' retrieved from /opt/airflow/dags/sodai_pipeline_dag.py
[2025-11-18T20:40:27.829+0000] {logging_mixin.py:188} INFO - [2025-11-18T20:40:27.828+0000] {dag.py:3096} INFO - Sync 1 DAGs
[2025-11-18T20:40:27.845+0000] {logging_mixin.py:188} INFO - [2025-11-18T20:40:27.845+0000] {dag.py:3954} INFO - Setting next_dagrun for sodai_training_and_scoring to None, run_after=None
[2025-11-18T20:40:27.872+0000] {processor.py:183} INFO - Processing /opt/airflow/dags/sodai_pipeline_dag.py took 0.148 seconds
[2025-11-18T20:40:58.060+0000] {processor.py:161} INFO - Started process (PID=1233) to work on /opt/airflow/dags/sodai_pipeline_dag.py
[2025-11-18T20:40:58.060+0000] {processor.py:830} INFO - Processing file /opt/airflow/dags/sodai_pipeline_dag.py for tasks to queue
[2025-11-18T20:40:58.062+0000] {logging_mixin.py:188} INFO - [2025-11-18T20:40:58.062+0000] {dagbag.py:540} INFO - Filling up the DagBag from /opt/airflow/dags/sodai_pipeline_dag.py
[2025-11-18T20:40:58.073+0000] {processor.py:840} INFO - DAG(s) 'sodai_training_and_scoring' retrieved from /opt/airflow/dags/sodai_pipeline_dag.py
[2025-11-18T20:40:58.091+0000] {logging_mixin.py:188} INFO - [2025-11-18T20:40:58.091+0000] {dag.py:3096} INFO - Sync 1 DAGs
[2025-11-18T20:40:58.099+0000] {logging_mixin.py:188} INFO - [2025-11-18T20:40:58.099+0000] {dag.py:3954} INFO - Setting next_dagrun for sodai_training_and_scoring to None, run_after=None
[2025-11-18T20:40:58.111+0000] {processor.py:183} INFO - Processing /opt/airflow/dags/sodai_pipeline_dag.py took 0.056 seconds
[2025-11-18T20:41:28.218+0000] {processor.py:161} INFO - Started process (PID=1243) to work on /opt/airflow/dags/sodai_pipeline_dag.py
[2025-11-18T20:41:28.219+0000] {processor.py:830} INFO - Processing file /opt/airflow/dags/sodai_pipeline_dag.py for tasks to queue
[2025-11-18T20:41:28.220+0000] {logging_mixin.py:188} INFO - [2025-11-18T20:41:28.220+0000] {dagbag.py:540} INFO - Filling up the DagBag from /opt/airflow/dags/sodai_pipeline_dag.py
[2025-11-18T20:41:28.232+0000] {processor.py:840} INFO - DAG(s) 'sodai_training_and_scoring' retrieved from /opt/airflow/dags/sodai_pipeline_dag.py
[2025-11-18T20:41:28.250+0000] {logging_mixin.py:188} INFO - [2025-11-18T20:41:28.250+0000] {dag.py:3096} INFO - Sync 1 DAGs
[2025-11-18T20:41:28.258+0000] {logging_mixin.py:188} INFO - [2025-11-18T20:41:28.258+0000] {dag.py:3954} INFO - Setting next_dagrun for sodai_training_and_scoring to None, run_after=None
[2025-11-18T20:41:28.270+0000] {processor.py:183} INFO - Processing /opt/airflow/dags/sodai_pipeline_dag.py took 0.056 seconds
[2025-11-18T20:41:58.417+0000] {processor.py:161} INFO - Started process (PID=1253) to work on /opt/airflow/dags/sodai_pipeline_dag.py
[2025-11-18T20:41:58.419+0000] {processor.py:830} INFO - Processing file /opt/airflow/dags/sodai_pipeline_dag.py for tasks to queue
[2025-11-18T20:41:58.422+0000] {logging_mixin.py:188} INFO - [2025-11-18T20:41:58.422+0000] {dagbag.py:540} INFO - Filling up the DagBag from /opt/airflow/dags/sodai_pipeline_dag.py
[2025-11-18T20:41:58.479+0000] {processor.py:840} INFO - DAG(s) 'sodai_training_and_scoring' retrieved from /opt/airflow/dags/sodai_pipeline_dag.py
[2025-11-18T20:41:58.500+0000] {logging_mixin.py:188} INFO - [2025-11-18T20:41:58.499+0000] {dag.py:3096} INFO - Sync 1 DAGs
[2025-11-18T20:41:58.512+0000] {logging_mixin.py:188} INFO - [2025-11-18T20:41:58.512+0000] {dag.py:3954} INFO - Setting next_dagrun for sodai_training_and_scoring to None, run_after=None
[2025-11-18T20:41:58.530+0000] {processor.py:183} INFO - Processing /opt/airflow/dags/sodai_pipeline_dag.py took 0.118 seconds
[2025-11-18T20:42:29.407+0000] {processor.py:161} INFO - Started process (PID=1263) to work on /opt/airflow/dags/sodai_pipeline_dag.py
[2025-11-18T20:42:29.408+0000] {processor.py:830} INFO - Processing file /opt/airflow/dags/sodai_pipeline_dag.py for tasks to queue
[2025-11-18T20:42:29.409+0000] {logging_mixin.py:188} INFO - [2025-11-18T20:42:29.409+0000] {dagbag.py:540} INFO - Filling up the DagBag from /opt/airflow/dags/sodai_pipeline_dag.py
[2025-11-18T20:42:29.423+0000] {processor.py:840} INFO - DAG(s) 'sodai_training_and_scoring' retrieved from /opt/airflow/dags/sodai_pipeline_dag.py
[2025-11-18T20:42:29.442+0000] {logging_mixin.py:188} INFO - [2025-11-18T20:42:29.442+0000] {dag.py:3096} INFO - Sync 1 DAGs
[2025-11-18T20:42:29.451+0000] {logging_mixin.py:188} INFO - [2025-11-18T20:42:29.451+0000] {dag.py:3954} INFO - Setting next_dagrun for sodai_training_and_scoring to None, run_after=None
[2025-11-18T20:42:29.465+0000] {processor.py:183} INFO - Processing /opt/airflow/dags/sodai_pipeline_dag.py took 0.062 seconds
[2025-11-18T20:42:59.531+0000] {processor.py:161} INFO - Started process (PID=1273) to work on /opt/airflow/dags/sodai_pipeline_dag.py
[2025-11-18T20:42:59.532+0000] {processor.py:830} INFO - Processing file /opt/airflow/dags/sodai_pipeline_dag.py for tasks to queue
[2025-11-18T20:42:59.534+0000] {logging_mixin.py:188} INFO - [2025-11-18T20:42:59.533+0000] {dagbag.py:540} INFO - Filling up the DagBag from /opt/airflow/dags/sodai_pipeline_dag.py
[2025-11-18T20:42:59.546+0000] {processor.py:840} INFO - DAG(s) 'sodai_training_and_scoring' retrieved from /opt/airflow/dags/sodai_pipeline_dag.py
[2025-11-18T20:42:59.567+0000] {logging_mixin.py:188} INFO - [2025-11-18T20:42:59.566+0000] {dag.py:3096} INFO - Sync 1 DAGs
[2025-11-18T20:42:59.577+0000] {logging_mixin.py:188} INFO - [2025-11-18T20:42:59.577+0000] {dag.py:3954} INFO - Setting next_dagrun for sodai_training_and_scoring to None, run_after=None
[2025-11-18T20:42:59.593+0000] {processor.py:183} INFO - Processing /opt/airflow/dags/sodai_pipeline_dag.py took 0.066 seconds
[2025-11-18T20:43:29.650+0000] {processor.py:161} INFO - Started process (PID=1283) to work on /opt/airflow/dags/sodai_pipeline_dag.py
[2025-11-18T20:43:29.652+0000] {processor.py:830} INFO - Processing file /opt/airflow/dags/sodai_pipeline_dag.py for tasks to queue
[2025-11-18T20:43:29.653+0000] {logging_mixin.py:188} INFO - [2025-11-18T20:43:29.653+0000] {dagbag.py:540} INFO - Filling up the DagBag from /opt/airflow/dags/sodai_pipeline_dag.py
[2025-11-18T20:43:29.666+0000] {processor.py:840} INFO - DAG(s) 'sodai_training_and_scoring' retrieved from /opt/airflow/dags/sodai_pipeline_dag.py
[2025-11-18T20:43:29.685+0000] {logging_mixin.py:188} INFO - [2025-11-18T20:43:29.685+0000] {dag.py:3096} INFO - Sync 1 DAGs
[2025-11-18T20:43:29.696+0000] {logging_mixin.py:188} INFO - [2025-11-18T20:43:29.695+0000] {dag.py:3954} INFO - Setting next_dagrun for sodai_training_and_scoring to None, run_after=None
[2025-11-18T20:43:29.712+0000] {processor.py:183} INFO - Processing /opt/airflow/dags/sodai_pipeline_dag.py took 0.066 seconds
[2025-11-18T20:43:59.818+0000] {processor.py:161} INFO - Started process (PID=1293) to work on /opt/airflow/dags/sodai_pipeline_dag.py
[2025-11-18T20:43:59.819+0000] {processor.py:830} INFO - Processing file /opt/airflow/dags/sodai_pipeline_dag.py for tasks to queue
[2025-11-18T20:43:59.821+0000] {logging_mixin.py:188} INFO - [2025-11-18T20:43:59.820+0000] {dagbag.py:540} INFO - Filling up the DagBag from /opt/airflow/dags/sodai_pipeline_dag.py
[2025-11-18T20:43:59.840+0000] {processor.py:840} INFO - DAG(s) 'sodai_training_and_scoring' retrieved from /opt/airflow/dags/sodai_pipeline_dag.py
[2025-11-18T20:43:59.863+0000] {logging_mixin.py:188} INFO - [2025-11-18T20:43:59.863+0000] {dag.py:3096} INFO - Sync 1 DAGs
[2025-11-18T20:43:59.873+0000] {logging_mixin.py:188} INFO - [2025-11-18T20:43:59.873+0000] {dag.py:3954} INFO - Setting next_dagrun for sodai_training_and_scoring to None, run_after=None
[2025-11-18T20:43:59.887+0000] {processor.py:183} INFO - Processing /opt/airflow/dags/sodai_pipeline_dag.py took 0.074 seconds
[2025-11-18T20:44:29.986+0000] {processor.py:161} INFO - Started process (PID=1303) to work on /opt/airflow/dags/sodai_pipeline_dag.py
[2025-11-18T20:44:29.987+0000] {processor.py:830} INFO - Processing file /opt/airflow/dags/sodai_pipeline_dag.py for tasks to queue
[2025-11-18T20:44:29.988+0000] {logging_mixin.py:188} INFO - [2025-11-18T20:44:29.988+0000] {dagbag.py:540} INFO - Filling up the DagBag from /opt/airflow/dags/sodai_pipeline_dag.py
[2025-11-18T20:44:30.000+0000] {processor.py:840} INFO - DAG(s) 'sodai_training_and_scoring' retrieved from /opt/airflow/dags/sodai_pipeline_dag.py
[2025-11-18T20:44:30.021+0000] {logging_mixin.py:188} INFO - [2025-11-18T20:44:30.021+0000] {dag.py:3096} INFO - Sync 1 DAGs
[2025-11-18T20:44:30.029+0000] {logging_mixin.py:188} INFO - [2025-11-18T20:44:30.029+0000] {dag.py:3954} INFO - Setting next_dagrun for sodai_training_and_scoring to None, run_after=None
[2025-11-18T20:44:30.047+0000] {processor.py:183} INFO - Processing /opt/airflow/dags/sodai_pipeline_dag.py took 0.065 seconds
[2025-11-18T20:45:00.087+0000] {processor.py:161} INFO - Started process (PID=1313) to work on /opt/airflow/dags/sodai_pipeline_dag.py
[2025-11-18T20:45:00.088+0000] {processor.py:830} INFO - Processing file /opt/airflow/dags/sodai_pipeline_dag.py for tasks to queue
[2025-11-18T20:45:00.090+0000] {logging_mixin.py:188} INFO - [2025-11-18T20:45:00.090+0000] {dagbag.py:540} INFO - Filling up the DagBag from /opt/airflow/dags/sodai_pipeline_dag.py
[2025-11-18T20:45:00.103+0000] {processor.py:840} INFO - DAG(s) 'sodai_training_and_scoring' retrieved from /opt/airflow/dags/sodai_pipeline_dag.py
[2025-11-18T20:45:00.123+0000] {logging_mixin.py:188} INFO - [2025-11-18T20:45:00.122+0000] {dag.py:3096} INFO - Sync 1 DAGs
[2025-11-18T20:45:00.132+0000] {logging_mixin.py:188} INFO - [2025-11-18T20:45:00.132+0000] {dag.py:3954} INFO - Setting next_dagrun for sodai_training_and_scoring to None, run_after=None
[2025-11-18T20:45:00.148+0000] {processor.py:183} INFO - Processing /opt/airflow/dags/sodai_pipeline_dag.py took 0.065 seconds
[2025-11-18T20:45:30.312+0000] {processor.py:161} INFO - Started process (PID=1323) to work on /opt/airflow/dags/sodai_pipeline_dag.py
[2025-11-18T20:45:30.313+0000] {processor.py:830} INFO - Processing file /opt/airflow/dags/sodai_pipeline_dag.py for tasks to queue
[2025-11-18T20:45:30.315+0000] {logging_mixin.py:188} INFO - [2025-11-18T20:45:30.315+0000] {dagbag.py:540} INFO - Filling up the DagBag from /opt/airflow/dags/sodai_pipeline_dag.py
[2025-11-18T20:45:30.329+0000] {processor.py:840} INFO - DAG(s) 'sodai_training_and_scoring' retrieved from /opt/airflow/dags/sodai_pipeline_dag.py
[2025-11-18T20:45:30.349+0000] {logging_mixin.py:188} INFO - [2025-11-18T20:45:30.349+0000] {dag.py:3096} INFO - Sync 1 DAGs
[2025-11-18T20:45:30.359+0000] {logging_mixin.py:188} INFO - [2025-11-18T20:45:30.358+0000] {dag.py:3954} INFO - Setting next_dagrun for sodai_training_and_scoring to None, run_after=None
[2025-11-18T20:45:30.392+0000] {processor.py:183} INFO - Processing /opt/airflow/dags/sodai_pipeline_dag.py took 0.084 seconds
[2025-11-18T20:46:01.387+0000] {processor.py:161} INFO - Started process (PID=1360) to work on /opt/airflow/dags/sodai_pipeline_dag.py
[2025-11-18T20:46:01.388+0000] {processor.py:830} INFO - Processing file /opt/airflow/dags/sodai_pipeline_dag.py for tasks to queue
[2025-11-18T20:46:01.390+0000] {logging_mixin.py:188} INFO - [2025-11-18T20:46:01.389+0000] {dagbag.py:540} INFO - Filling up the DagBag from /opt/airflow/dags/sodai_pipeline_dag.py
[2025-11-18T20:46:01.405+0000] {processor.py:840} INFO - DAG(s) 'sodai_training_and_scoring' retrieved from /opt/airflow/dags/sodai_pipeline_dag.py
[2025-11-18T20:46:01.424+0000] {logging_mixin.py:188} INFO - [2025-11-18T20:46:01.424+0000] {dag.py:3096} INFO - Sync 1 DAGs
[2025-11-18T20:46:01.434+0000] {logging_mixin.py:188} INFO - [2025-11-18T20:46:01.434+0000] {dag.py:3954} INFO - Setting next_dagrun for sodai_training_and_scoring to None, run_after=None
[2025-11-18T20:46:01.448+0000] {processor.py:183} INFO - Processing /opt/airflow/dags/sodai_pipeline_dag.py took 0.066 seconds
[2025-11-18T20:46:31.565+0000] {processor.py:161} INFO - Started process (PID=1372) to work on /opt/airflow/dags/sodai_pipeline_dag.py
[2025-11-18T20:46:31.565+0000] {processor.py:830} INFO - Processing file /opt/airflow/dags/sodai_pipeline_dag.py for tasks to queue
[2025-11-18T20:46:31.567+0000] {logging_mixin.py:188} INFO - [2025-11-18T20:46:31.567+0000] {dagbag.py:540} INFO - Filling up the DagBag from /opt/airflow/dags/sodai_pipeline_dag.py
[2025-11-18T20:46:31.579+0000] {processor.py:840} INFO - DAG(s) 'sodai_training_and_scoring' retrieved from /opt/airflow/dags/sodai_pipeline_dag.py
[2025-11-18T20:46:31.601+0000] {logging_mixin.py:188} INFO - [2025-11-18T20:46:31.601+0000] {dag.py:3096} INFO - Sync 1 DAGs
[2025-11-18T20:46:31.615+0000] {logging_mixin.py:188} INFO - [2025-11-18T20:46:31.615+0000] {dag.py:3954} INFO - Setting next_dagrun for sodai_training_and_scoring to None, run_after=None
[2025-11-18T20:46:31.633+0000] {processor.py:183} INFO - Processing /opt/airflow/dags/sodai_pipeline_dag.py took 0.073 seconds
[2025-11-18T20:47:01.680+0000] {processor.py:161} INFO - Started process (PID=1382) to work on /opt/airflow/dags/sodai_pipeline_dag.py
[2025-11-18T20:47:01.681+0000] {processor.py:830} INFO - Processing file /opt/airflow/dags/sodai_pipeline_dag.py for tasks to queue
[2025-11-18T20:47:01.683+0000] {logging_mixin.py:188} INFO - [2025-11-18T20:47:01.682+0000] {dagbag.py:540} INFO - Filling up the DagBag from /opt/airflow/dags/sodai_pipeline_dag.py
[2025-11-18T20:47:01.696+0000] {processor.py:840} INFO - DAG(s) 'sodai_training_and_scoring' retrieved from /opt/airflow/dags/sodai_pipeline_dag.py
[2025-11-18T20:47:01.716+0000] {logging_mixin.py:188} INFO - [2025-11-18T20:47:01.716+0000] {dag.py:3096} INFO - Sync 1 DAGs
[2025-11-18T20:47:01.729+0000] {logging_mixin.py:188} INFO - [2025-11-18T20:47:01.729+0000] {dag.py:3954} INFO - Setting next_dagrun for sodai_training_and_scoring to None, run_after=None
[2025-11-18T20:47:01.742+0000] {processor.py:183} INFO - Processing /opt/airflow/dags/sodai_pipeline_dag.py took 0.066 seconds
[2025-11-18T20:47:31.909+0000] {processor.py:161} INFO - Started process (PID=1392) to work on /opt/airflow/dags/sodai_pipeline_dag.py
[2025-11-18T20:47:31.909+0000] {processor.py:830} INFO - Processing file /opt/airflow/dags/sodai_pipeline_dag.py for tasks to queue
[2025-11-18T20:47:31.911+0000] {logging_mixin.py:188} INFO - [2025-11-18T20:47:31.911+0000] {dagbag.py:540} INFO - Filling up the DagBag from /opt/airflow/dags/sodai_pipeline_dag.py
[2025-11-18T20:47:31.928+0000] {processor.py:840} INFO - DAG(s) 'sodai_training_and_scoring' retrieved from /opt/airflow/dags/sodai_pipeline_dag.py
[2025-11-18T20:47:31.947+0000] {logging_mixin.py:188} INFO - [2025-11-18T20:47:31.947+0000] {dag.py:3096} INFO - Sync 1 DAGs
[2025-11-18T20:47:31.956+0000] {logging_mixin.py:188} INFO - [2025-11-18T20:47:31.956+0000] {dag.py:3954} INFO - Setting next_dagrun for sodai_training_and_scoring to None, run_after=None
[2025-11-18T20:47:31.971+0000] {processor.py:183} INFO - Processing /opt/airflow/dags/sodai_pipeline_dag.py took 0.066 seconds
[2025-11-18T20:48:02.087+0000] {processor.py:161} INFO - Started process (PID=1402) to work on /opt/airflow/dags/sodai_pipeline_dag.py
[2025-11-18T20:48:02.088+0000] {processor.py:830} INFO - Processing file /opt/airflow/dags/sodai_pipeline_dag.py for tasks to queue
[2025-11-18T20:48:02.090+0000] {logging_mixin.py:188} INFO - [2025-11-18T20:48:02.090+0000] {dagbag.py:540} INFO - Filling up the DagBag from /opt/airflow/dags/sodai_pipeline_dag.py
[2025-11-18T20:48:02.111+0000] {processor.py:840} INFO - DAG(s) 'sodai_training_and_scoring' retrieved from /opt/airflow/dags/sodai_pipeline_dag.py
[2025-11-18T20:48:02.131+0000] {logging_mixin.py:188} INFO - [2025-11-18T20:48:02.131+0000] {dag.py:3096} INFO - Sync 1 DAGs
[2025-11-18T20:48:02.143+0000] {logging_mixin.py:188} INFO - [2025-11-18T20:48:02.142+0000] {dag.py:3954} INFO - Setting next_dagrun for sodai_training_and_scoring to None, run_after=None
[2025-11-18T20:48:02.158+0000] {processor.py:183} INFO - Processing /opt/airflow/dags/sodai_pipeline_dag.py took 0.076 seconds
[2025-11-18T20:48:33.168+0000] {processor.py:161} INFO - Started process (PID=1412) to work on /opt/airflow/dags/sodai_pipeline_dag.py
[2025-11-18T20:48:33.169+0000] {processor.py:830} INFO - Processing file /opt/airflow/dags/sodai_pipeline_dag.py for tasks to queue
[2025-11-18T20:48:33.171+0000] {logging_mixin.py:188} INFO - [2025-11-18T20:48:33.171+0000] {dagbag.py:540} INFO - Filling up the DagBag from /opt/airflow/dags/sodai_pipeline_dag.py
[2025-11-18T20:48:33.188+0000] {processor.py:840} INFO - DAG(s) 'sodai_training_and_scoring' retrieved from /opt/airflow/dags/sodai_pipeline_dag.py
[2025-11-18T20:48:33.207+0000] {logging_mixin.py:188} INFO - [2025-11-18T20:48:33.207+0000] {dag.py:3096} INFO - Sync 1 DAGs
[2025-11-18T20:48:33.216+0000] {logging_mixin.py:188} INFO - [2025-11-18T20:48:33.215+0000] {dag.py:3954} INFO - Setting next_dagrun for sodai_training_and_scoring to None, run_after=None
[2025-11-18T20:48:33.228+0000] {processor.py:183} INFO - Processing /opt/airflow/dags/sodai_pipeline_dag.py took 0.064 seconds
[2025-11-18T20:49:03.367+0000] {processor.py:161} INFO - Started process (PID=1422) to work on /opt/airflow/dags/sodai_pipeline_dag.py
[2025-11-18T20:49:03.368+0000] {processor.py:830} INFO - Processing file /opt/airflow/dags/sodai_pipeline_dag.py for tasks to queue
[2025-11-18T20:49:03.369+0000] {logging_mixin.py:188} INFO - [2025-11-18T20:49:03.369+0000] {dagbag.py:540} INFO - Filling up the DagBag from /opt/airflow/dags/sodai_pipeline_dag.py
[2025-11-18T20:49:03.389+0000] {processor.py:840} INFO - DAG(s) 'sodai_training_and_scoring' retrieved from /opt/airflow/dags/sodai_pipeline_dag.py
[2025-11-18T20:49:03.415+0000] {logging_mixin.py:188} INFO - [2025-11-18T20:49:03.414+0000] {dag.py:3096} INFO - Sync 1 DAGs
[2025-11-18T20:49:03.424+0000] {logging_mixin.py:188} INFO - [2025-11-18T20:49:03.424+0000] {dag.py:3954} INFO - Setting next_dagrun for sodai_training_and_scoring to None, run_after=None
[2025-11-18T20:49:03.440+0000] {processor.py:183} INFO - Processing /opt/airflow/dags/sodai_pipeline_dag.py took 0.077 seconds
[2025-11-18T20:49:33.500+0000] {processor.py:161} INFO - Started process (PID=1432) to work on /opt/airflow/dags/sodai_pipeline_dag.py
[2025-11-18T20:49:33.501+0000] {processor.py:830} INFO - Processing file /opt/airflow/dags/sodai_pipeline_dag.py for tasks to queue
[2025-11-18T20:49:33.503+0000] {logging_mixin.py:188} INFO - [2025-11-18T20:49:33.502+0000] {dagbag.py:540} INFO - Filling up the DagBag from /opt/airflow/dags/sodai_pipeline_dag.py
[2025-11-18T20:49:33.538+0000] {processor.py:840} INFO - DAG(s) 'sodai_training_and_scoring' retrieved from /opt/airflow/dags/sodai_pipeline_dag.py
[2025-11-18T20:49:33.562+0000] {logging_mixin.py:188} INFO - [2025-11-18T20:49:33.561+0000] {dag.py:3096} INFO - Sync 1 DAGs
[2025-11-18T20:49:33.572+0000] {logging_mixin.py:188} INFO - [2025-11-18T20:49:33.571+0000] {dag.py:3954} INFO - Setting next_dagrun for sodai_training_and_scoring to None, run_after=None
[2025-11-18T20:49:33.587+0000] {processor.py:183} INFO - Processing /opt/airflow/dags/sodai_pipeline_dag.py took 0.091 seconds
[2025-11-18T20:50:03.657+0000] {processor.py:161} INFO - Started process (PID=1442) to work on /opt/airflow/dags/sodai_pipeline_dag.py
[2025-11-18T20:50:03.658+0000] {processor.py:830} INFO - Processing file /opt/airflow/dags/sodai_pipeline_dag.py for tasks to queue
[2025-11-18T20:50:03.660+0000] {logging_mixin.py:188} INFO - [2025-11-18T20:50:03.660+0000] {dagbag.py:540} INFO - Filling up the DagBag from /opt/airflow/dags/sodai_pipeline_dag.py
[2025-11-18T20:50:03.671+0000] {processor.py:840} INFO - DAG(s) 'sodai_training_and_scoring' retrieved from /opt/airflow/dags/sodai_pipeline_dag.py
[2025-11-18T20:50:03.692+0000] {logging_mixin.py:188} INFO - [2025-11-18T20:50:03.692+0000] {dag.py:3096} INFO - Sync 1 DAGs
[2025-11-18T20:50:03.704+0000] {logging_mixin.py:188} INFO - [2025-11-18T20:50:03.704+0000] {dag.py:3954} INFO - Setting next_dagrun for sodai_training_and_scoring to None, run_after=None
[2025-11-18T20:50:03.719+0000] {processor.py:183} INFO - Processing /opt/airflow/dags/sodai_pipeline_dag.py took 0.066 seconds
[2025-11-18T20:50:34.022+0000] {processor.py:161} INFO - Started process (PID=1452) to work on /opt/airflow/dags/sodai_pipeline_dag.py
[2025-11-18T20:50:34.022+0000] {processor.py:830} INFO - Processing file /opt/airflow/dags/sodai_pipeline_dag.py for tasks to queue
[2025-11-18T20:50:34.025+0000] {logging_mixin.py:188} INFO - [2025-11-18T20:50:34.025+0000] {dagbag.py:540} INFO - Filling up the DagBag from /opt/airflow/dags/sodai_pipeline_dag.py
[2025-11-18T20:50:34.037+0000] {processor.py:840} INFO - DAG(s) 'sodai_training_and_scoring' retrieved from /opt/airflow/dags/sodai_pipeline_dag.py
[2025-11-18T20:50:34.055+0000] {logging_mixin.py:188} INFO - [2025-11-18T20:50:34.055+0000] {dag.py:3096} INFO - Sync 1 DAGs
[2025-11-18T20:50:34.064+0000] {logging_mixin.py:188} INFO - [2025-11-18T20:50:34.064+0000] {dag.py:3954} INFO - Setting next_dagrun for sodai_training_and_scoring to None, run_after=None
[2025-11-18T20:50:34.082+0000] {processor.py:183} INFO - Processing /opt/airflow/dags/sodai_pipeline_dag.py took 0.064 seconds
[2025-11-18T20:51:04.240+0000] {processor.py:161} INFO - Started process (PID=1462) to work on /opt/airflow/dags/sodai_pipeline_dag.py
[2025-11-18T20:51:04.241+0000] {processor.py:830} INFO - Processing file /opt/airflow/dags/sodai_pipeline_dag.py for tasks to queue
[2025-11-18T20:51:04.243+0000] {logging_mixin.py:188} INFO - [2025-11-18T20:51:04.243+0000] {dagbag.py:540} INFO - Filling up the DagBag from /opt/airflow/dags/sodai_pipeline_dag.py
[2025-11-18T20:51:04.264+0000] {processor.py:840} INFO - DAG(s) 'sodai_training_and_scoring' retrieved from /opt/airflow/dags/sodai_pipeline_dag.py
[2025-11-18T20:51:04.285+0000] {logging_mixin.py:188} INFO - [2025-11-18T20:51:04.285+0000] {dag.py:3096} INFO - Sync 1 DAGs
[2025-11-18T20:51:04.295+0000] {logging_mixin.py:188} INFO - [2025-11-18T20:51:04.295+0000] {dag.py:3954} INFO - Setting next_dagrun for sodai_training_and_scoring to None, run_after=None
[2025-11-18T20:51:04.310+0000] {processor.py:183} INFO - Processing /opt/airflow/dags/sodai_pipeline_dag.py took 0.075 seconds
[2025-11-18T20:51:34.385+0000] {processor.py:161} INFO - Started process (PID=1472) to work on /opt/airflow/dags/sodai_pipeline_dag.py
[2025-11-18T20:51:34.386+0000] {processor.py:830} INFO - Processing file /opt/airflow/dags/sodai_pipeline_dag.py for tasks to queue
[2025-11-18T20:51:34.388+0000] {logging_mixin.py:188} INFO - [2025-11-18T20:51:34.388+0000] {dagbag.py:540} INFO - Filling up the DagBag from /opt/airflow/dags/sodai_pipeline_dag.py
[2025-11-18T20:51:34.410+0000] {processor.py:840} INFO - DAG(s) 'sodai_training_and_scoring' retrieved from /opt/airflow/dags/sodai_pipeline_dag.py
[2025-11-18T20:51:34.436+0000] {logging_mixin.py:188} INFO - [2025-11-18T20:51:34.436+0000] {dag.py:3096} INFO - Sync 1 DAGs
[2025-11-18T20:51:34.448+0000] {logging_mixin.py:188} INFO - [2025-11-18T20:51:34.448+0000] {dag.py:3954} INFO - Setting next_dagrun for sodai_training_and_scoring to None, run_after=None
[2025-11-18T20:51:34.465+0000] {processor.py:183} INFO - Processing /opt/airflow/dags/sodai_pipeline_dag.py took 0.087 seconds
[2025-11-18T20:52:04.537+0000] {processor.py:161} INFO - Started process (PID=1482) to work on /opt/airflow/dags/sodai_pipeline_dag.py
[2025-11-18T20:52:04.539+0000] {processor.py:830} INFO - Processing file /opt/airflow/dags/sodai_pipeline_dag.py for tasks to queue
[2025-11-18T20:52:04.540+0000] {logging_mixin.py:188} INFO - [2025-11-18T20:52:04.540+0000] {dagbag.py:540} INFO - Filling up the DagBag from /opt/airflow/dags/sodai_pipeline_dag.py
[2025-11-18T20:52:04.553+0000] {processor.py:840} INFO - DAG(s) 'sodai_training_and_scoring' retrieved from /opt/airflow/dags/sodai_pipeline_dag.py
[2025-11-18T20:52:04.572+0000] {logging_mixin.py:188} INFO - [2025-11-18T20:52:04.572+0000] {dag.py:3096} INFO - Sync 1 DAGs
[2025-11-18T20:52:04.583+0000] {logging_mixin.py:188} INFO - [2025-11-18T20:52:04.582+0000] {dag.py:3954} INFO - Setting next_dagrun for sodai_training_and_scoring to None, run_after=None
[2025-11-18T20:52:04.597+0000] {processor.py:183} INFO - Processing /opt/airflow/dags/sodai_pipeline_dag.py took 0.064 seconds
[2025-11-18T20:52:34.694+0000] {processor.py:161} INFO - Started process (PID=1492) to work on /opt/airflow/dags/sodai_pipeline_dag.py
[2025-11-18T20:52:34.695+0000] {processor.py:830} INFO - Processing file /opt/airflow/dags/sodai_pipeline_dag.py for tasks to queue
[2025-11-18T20:52:34.697+0000] {logging_mixin.py:188} INFO - [2025-11-18T20:52:34.696+0000] {dagbag.py:540} INFO - Filling up the DagBag from /opt/airflow/dags/sodai_pipeline_dag.py
[2025-11-18T20:52:34.711+0000] {processor.py:840} INFO - DAG(s) 'sodai_training_and_scoring' retrieved from /opt/airflow/dags/sodai_pipeline_dag.py
[2025-11-18T20:52:34.733+0000] {logging_mixin.py:188} INFO - [2025-11-18T20:52:34.733+0000] {dag.py:3096} INFO - Sync 1 DAGs
[2025-11-18T20:52:34.742+0000] {logging_mixin.py:188} INFO - [2025-11-18T20:52:34.742+0000] {dag.py:3954} INFO - Setting next_dagrun for sodai_training_and_scoring to None, run_after=None
[2025-11-18T20:52:34.755+0000] {processor.py:183} INFO - Processing /opt/airflow/dags/sodai_pipeline_dag.py took 0.065 seconds
[2025-11-18T20:53:04.951+0000] {processor.py:161} INFO - Started process (PID=1502) to work on /opt/airflow/dags/sodai_pipeline_dag.py
[2025-11-18T20:53:04.952+0000] {processor.py:830} INFO - Processing file /opt/airflow/dags/sodai_pipeline_dag.py for tasks to queue
[2025-11-18T20:53:04.954+0000] {logging_mixin.py:188} INFO - [2025-11-18T20:53:04.953+0000] {dagbag.py:540} INFO - Filling up the DagBag from /opt/airflow/dags/sodai_pipeline_dag.py
[2025-11-18T20:53:04.966+0000] {processor.py:840} INFO - DAG(s) 'sodai_training_and_scoring' retrieved from /opt/airflow/dags/sodai_pipeline_dag.py
[2025-11-18T20:53:04.986+0000] {logging_mixin.py:188} INFO - [2025-11-18T20:53:04.986+0000] {dag.py:3096} INFO - Sync 1 DAGs
[2025-11-18T20:53:04.997+0000] {logging_mixin.py:188} INFO - [2025-11-18T20:53:04.997+0000] {dag.py:3954} INFO - Setting next_dagrun for sodai_training_and_scoring to None, run_after=None
[2025-11-18T20:53:05.011+0000] {processor.py:183} INFO - Processing /opt/airflow/dags/sodai_pipeline_dag.py took 0.064 seconds
[2025-11-18T20:53:35.119+0000] {processor.py:161} INFO - Started process (PID=1512) to work on /opt/airflow/dags/sodai_pipeline_dag.py
[2025-11-18T20:53:35.120+0000] {processor.py:830} INFO - Processing file /opt/airflow/dags/sodai_pipeline_dag.py for tasks to queue
[2025-11-18T20:53:35.122+0000] {logging_mixin.py:188} INFO - [2025-11-18T20:53:35.121+0000] {dagbag.py:540} INFO - Filling up the DagBag from /opt/airflow/dags/sodai_pipeline_dag.py
[2025-11-18T20:53:35.136+0000] {processor.py:840} INFO - DAG(s) 'sodai_training_and_scoring' retrieved from /opt/airflow/dags/sodai_pipeline_dag.py
[2025-11-18T20:53:35.156+0000] {logging_mixin.py:188} INFO - [2025-11-18T20:53:35.156+0000] {dag.py:3096} INFO - Sync 1 DAGs
[2025-11-18T20:53:35.165+0000] {logging_mixin.py:188} INFO - [2025-11-18T20:53:35.164+0000] {dag.py:3954} INFO - Setting next_dagrun for sodai_training_and_scoring to None, run_after=None
[2025-11-18T20:53:35.180+0000] {processor.py:183} INFO - Processing /opt/airflow/dags/sodai_pipeline_dag.py took 0.065 seconds
[2025-11-18T20:54:05.703+0000] {processor.py:161} INFO - Started process (PID=1522) to work on /opt/airflow/dags/sodai_pipeline_dag.py
[2025-11-18T20:54:05.705+0000] {processor.py:830} INFO - Processing file /opt/airflow/dags/sodai_pipeline_dag.py for tasks to queue
[2025-11-18T20:54:05.706+0000] {logging_mixin.py:188} INFO - [2025-11-18T20:54:05.706+0000] {dagbag.py:540} INFO - Filling up the DagBag from /opt/airflow/dags/sodai_pipeline_dag.py
[2025-11-18T20:54:05.819+0000] {processor.py:840} INFO - DAG(s) 'sodai_training_and_scoring' retrieved from /opt/airflow/dags/sodai_pipeline_dag.py
[2025-11-18T20:54:05.848+0000] {logging_mixin.py:188} INFO - [2025-11-18T20:54:05.848+0000] {dag.py:3096} INFO - Sync 1 DAGs
[2025-11-18T20:54:05.859+0000] {logging_mixin.py:188} INFO - [2025-11-18T20:54:05.859+0000] {dag.py:3954} INFO - Setting next_dagrun for sodai_training_and_scoring to None, run_after=None
[2025-11-18T20:54:05.888+0000] {processor.py:183} INFO - Processing /opt/airflow/dags/sodai_pipeline_dag.py took 0.190 seconds
[2025-11-18T20:54:36.167+0000] {processor.py:161} INFO - Started process (PID=1532) to work on /opt/airflow/dags/sodai_pipeline_dag.py
[2025-11-18T20:54:36.168+0000] {processor.py:830} INFO - Processing file /opt/airflow/dags/sodai_pipeline_dag.py for tasks to queue
[2025-11-18T20:54:36.169+0000] {logging_mixin.py:188} INFO - [2025-11-18T20:54:36.169+0000] {dagbag.py:540} INFO - Filling up the DagBag from /opt/airflow/dags/sodai_pipeline_dag.py
[2025-11-18T20:54:36.184+0000] {processor.py:840} INFO - DAG(s) 'sodai_training_and_scoring' retrieved from /opt/airflow/dags/sodai_pipeline_dag.py
[2025-11-18T20:54:36.205+0000] {logging_mixin.py:188} INFO - [2025-11-18T20:54:36.205+0000] {dag.py:3096} INFO - Sync 1 DAGs
[2025-11-18T20:54:36.214+0000] {logging_mixin.py:188} INFO - [2025-11-18T20:54:36.213+0000] {dag.py:3954} INFO - Setting next_dagrun for sodai_training_and_scoring to None, run_after=None
[2025-11-18T20:54:36.236+0000] {processor.py:183} INFO - Processing /opt/airflow/dags/sodai_pipeline_dag.py took 0.073 seconds
[2025-11-18T20:55:06.344+0000] {processor.py:161} INFO - Started process (PID=1592) to work on /opt/airflow/dags/sodai_pipeline_dag.py
[2025-11-18T20:55:06.345+0000] {processor.py:830} INFO - Processing file /opt/airflow/dags/sodai_pipeline_dag.py for tasks to queue
[2025-11-18T20:55:06.347+0000] {logging_mixin.py:188} INFO - [2025-11-18T20:55:06.347+0000] {dagbag.py:540} INFO - Filling up the DagBag from /opt/airflow/dags/sodai_pipeline_dag.py
[2025-11-18T20:55:06.375+0000] {processor.py:840} INFO - DAG(s) 'sodai_training_and_scoring' retrieved from /opt/airflow/dags/sodai_pipeline_dag.py
[2025-11-18T20:55:06.400+0000] {logging_mixin.py:188} INFO - [2025-11-18T20:55:06.400+0000] {dag.py:3096} INFO - Sync 1 DAGs
[2025-11-18T20:55:06.413+0000] {logging_mixin.py:188} INFO - [2025-11-18T20:55:06.413+0000] {dag.py:3954} INFO - Setting next_dagrun for sodai_training_and_scoring to None, run_after=None
[2025-11-18T20:55:06.431+0000] {processor.py:183} INFO - Processing /opt/airflow/dags/sodai_pipeline_dag.py took 0.093 seconds
[2025-11-18T20:55:36.662+0000] {processor.py:161} INFO - Started process (PID=1602) to work on /opt/airflow/dags/sodai_pipeline_dag.py
[2025-11-18T20:55:36.662+0000] {processor.py:830} INFO - Processing file /opt/airflow/dags/sodai_pipeline_dag.py for tasks to queue
[2025-11-18T20:55:36.664+0000] {logging_mixin.py:188} INFO - [2025-11-18T20:55:36.664+0000] {dagbag.py:540} INFO - Filling up the DagBag from /opt/airflow/dags/sodai_pipeline_dag.py
[2025-11-18T20:55:36.684+0000] {processor.py:840} INFO - DAG(s) 'sodai_training_and_scoring' retrieved from /opt/airflow/dags/sodai_pipeline_dag.py
[2025-11-18T20:55:36.705+0000] {logging_mixin.py:188} INFO - [2025-11-18T20:55:36.705+0000] {dag.py:3096} INFO - Sync 1 DAGs
[2025-11-18T20:55:36.715+0000] {logging_mixin.py:188} INFO - [2025-11-18T20:55:36.715+0000] {dag.py:3954} INFO - Setting next_dagrun for sodai_training_and_scoring to None, run_after=None
[2025-11-18T20:55:36.730+0000] {processor.py:183} INFO - Processing /opt/airflow/dags/sodai_pipeline_dag.py took 0.072 seconds
[2025-11-18T20:56:06.890+0000] {processor.py:161} INFO - Started process (PID=1612) to work on /opt/airflow/dags/sodai_pipeline_dag.py
[2025-11-18T20:56:06.891+0000] {processor.py:830} INFO - Processing file /opt/airflow/dags/sodai_pipeline_dag.py for tasks to queue
[2025-11-18T20:56:06.892+0000] {logging_mixin.py:188} INFO - [2025-11-18T20:56:06.892+0000] {dagbag.py:540} INFO - Filling up the DagBag from /opt/airflow/dags/sodai_pipeline_dag.py
[2025-11-18T20:56:06.905+0000] {processor.py:840} INFO - DAG(s) 'sodai_training_and_scoring' retrieved from /opt/airflow/dags/sodai_pipeline_dag.py
[2025-11-18T20:56:06.925+0000] {logging_mixin.py:188} INFO - [2025-11-18T20:56:06.924+0000] {dag.py:3096} INFO - Sync 1 DAGs
[2025-11-18T20:56:06.934+0000] {logging_mixin.py:188} INFO - [2025-11-18T20:56:06.933+0000] {dag.py:3954} INFO - Setting next_dagrun for sodai_training_and_scoring to None, run_after=None
[2025-11-18T20:56:06.948+0000] {processor.py:183} INFO - Processing /opt/airflow/dags/sodai_pipeline_dag.py took 0.062 seconds
[2025-11-18T20:56:36.986+0000] {processor.py:161} INFO - Started process (PID=1622) to work on /opt/airflow/dags/sodai_pipeline_dag.py
[2025-11-18T20:56:36.987+0000] {processor.py:830} INFO - Processing file /opt/airflow/dags/sodai_pipeline_dag.py for tasks to queue
[2025-11-18T20:56:36.988+0000] {logging_mixin.py:188} INFO - [2025-11-18T20:56:36.988+0000] {dagbag.py:540} INFO - Filling up the DagBag from /opt/airflow/dags/sodai_pipeline_dag.py
[2025-11-18T20:56:37.000+0000] {processor.py:840} INFO - DAG(s) 'sodai_training_and_scoring' retrieved from /opt/airflow/dags/sodai_pipeline_dag.py
[2025-11-18T20:56:37.018+0000] {logging_mixin.py:188} INFO - [2025-11-18T20:56:37.018+0000] {dag.py:3096} INFO - Sync 1 DAGs
[2025-11-18T20:56:37.027+0000] {logging_mixin.py:188} INFO - [2025-11-18T20:56:37.027+0000] {dag.py:3954} INFO - Setting next_dagrun for sodai_training_and_scoring to None, run_after=None
[2025-11-18T20:56:37.040+0000] {processor.py:183} INFO - Processing /opt/airflow/dags/sodai_pipeline_dag.py took 0.058 seconds
[2025-11-18T20:57:07.174+0000] {processor.py:161} INFO - Started process (PID=1632) to work on /opt/airflow/dags/sodai_pipeline_dag.py
[2025-11-18T20:57:07.179+0000] {processor.py:830} INFO - Processing file /opt/airflow/dags/sodai_pipeline_dag.py for tasks to queue
[2025-11-18T20:57:07.186+0000] {logging_mixin.py:188} INFO - [2025-11-18T20:57:07.185+0000] {dagbag.py:540} INFO - Filling up the DagBag from /opt/airflow/dags/sodai_pipeline_dag.py
[2025-11-18T20:57:07.248+0000] {processor.py:840} INFO - DAG(s) 'sodai_training_and_scoring' retrieved from /opt/airflow/dags/sodai_pipeline_dag.py
[2025-11-18T20:57:07.271+0000] {logging_mixin.py:188} INFO - [2025-11-18T20:57:07.270+0000] {dag.py:3096} INFO - Sync 1 DAGs
[2025-11-18T20:57:07.281+0000] {logging_mixin.py:188} INFO - [2025-11-18T20:57:07.281+0000] {dag.py:3954} INFO - Setting next_dagrun for sodai_training_and_scoring to None, run_after=None
[2025-11-18T20:57:07.302+0000] {processor.py:183} INFO - Processing /opt/airflow/dags/sodai_pipeline_dag.py took 0.133 seconds
[2025-11-18T20:57:38.300+0000] {processor.py:161} INFO - Started process (PID=1642) to work on /opt/airflow/dags/sodai_pipeline_dag.py
[2025-11-18T20:57:38.301+0000] {processor.py:830} INFO - Processing file /opt/airflow/dags/sodai_pipeline_dag.py for tasks to queue
[2025-11-18T20:57:38.302+0000] {logging_mixin.py:188} INFO - [2025-11-18T20:57:38.302+0000] {dagbag.py:540} INFO - Filling up the DagBag from /opt/airflow/dags/sodai_pipeline_dag.py
[2025-11-18T20:57:38.323+0000] {processor.py:840} INFO - DAG(s) 'sodai_training_and_scoring' retrieved from /opt/airflow/dags/sodai_pipeline_dag.py
[2025-11-18T20:57:38.344+0000] {logging_mixin.py:188} INFO - [2025-11-18T20:57:38.344+0000] {dag.py:3096} INFO - Sync 1 DAGs
[2025-11-18T20:57:38.353+0000] {logging_mixin.py:188} INFO - [2025-11-18T20:57:38.353+0000] {dag.py:3954} INFO - Setting next_dagrun for sodai_training_and_scoring to None, run_after=None
[2025-11-18T20:57:38.367+0000] {processor.py:183} INFO - Processing /opt/airflow/dags/sodai_pipeline_dag.py took 0.072 seconds
[2025-11-18T20:58:08.489+0000] {processor.py:161} INFO - Started process (PID=1652) to work on /opt/airflow/dags/sodai_pipeline_dag.py
[2025-11-18T20:58:08.492+0000] {processor.py:830} INFO - Processing file /opt/airflow/dags/sodai_pipeline_dag.py for tasks to queue
[2025-11-18T20:58:08.494+0000] {logging_mixin.py:188} INFO - [2025-11-18T20:58:08.494+0000] {dagbag.py:540} INFO - Filling up the DagBag from /opt/airflow/dags/sodai_pipeline_dag.py
[2025-11-18T20:58:08.506+0000] {processor.py:840} INFO - DAG(s) 'sodai_training_and_scoring' retrieved from /opt/airflow/dags/sodai_pipeline_dag.py
[2025-11-18T20:58:08.528+0000] {logging_mixin.py:188} INFO - [2025-11-18T20:58:08.528+0000] {dag.py:3096} INFO - Sync 1 DAGs
[2025-11-18T20:58:08.541+0000] {logging_mixin.py:188} INFO - [2025-11-18T20:58:08.541+0000] {dag.py:3954} INFO - Setting next_dagrun for sodai_training_and_scoring to None, run_after=None
[2025-11-18T20:58:08.557+0000] {processor.py:183} INFO - Processing /opt/airflow/dags/sodai_pipeline_dag.py took 0.072 seconds
[2025-11-18T20:58:38.853+0000] {processor.py:161} INFO - Started process (PID=1662) to work on /opt/airflow/dags/sodai_pipeline_dag.py
[2025-11-18T20:58:38.855+0000] {processor.py:830} INFO - Processing file /opt/airflow/dags/sodai_pipeline_dag.py for tasks to queue
[2025-11-18T20:58:38.857+0000] {logging_mixin.py:188} INFO - [2025-11-18T20:58:38.857+0000] {dagbag.py:540} INFO - Filling up the DagBag from /opt/airflow/dags/sodai_pipeline_dag.py
[2025-11-18T20:58:38.921+0000] {processor.py:840} INFO - DAG(s) 'sodai_training_and_scoring' retrieved from /opt/airflow/dags/sodai_pipeline_dag.py
[2025-11-18T20:58:38.954+0000] {logging_mixin.py:188} INFO - [2025-11-18T20:58:38.953+0000] {dag.py:3096} INFO - Sync 1 DAGs
[2025-11-18T20:58:38.974+0000] {logging_mixin.py:188} INFO - [2025-11-18T20:58:38.974+0000] {dag.py:3954} INFO - Setting next_dagrun for sodai_training_and_scoring to None, run_after=None
[2025-11-18T20:58:39.002+0000] {processor.py:183} INFO - Processing /opt/airflow/dags/sodai_pipeline_dag.py took 0.154 seconds
[2025-11-18T20:59:09.120+0000] {processor.py:161} INFO - Started process (PID=1672) to work on /opt/airflow/dags/sodai_pipeline_dag.py
[2025-11-18T20:59:09.121+0000] {processor.py:830} INFO - Processing file /opt/airflow/dags/sodai_pipeline_dag.py for tasks to queue
[2025-11-18T20:59:09.123+0000] {logging_mixin.py:188} INFO - [2025-11-18T20:59:09.122+0000] {dagbag.py:540} INFO - Filling up the DagBag from /opt/airflow/dags/sodai_pipeline_dag.py
[2025-11-18T20:59:09.140+0000] {processor.py:840} INFO - DAG(s) 'sodai_training_and_scoring' retrieved from /opt/airflow/dags/sodai_pipeline_dag.py
[2025-11-18T20:59:09.160+0000] {logging_mixin.py:188} INFO - [2025-11-18T20:59:09.160+0000] {dag.py:3096} INFO - Sync 1 DAGs
[2025-11-18T20:59:09.171+0000] {logging_mixin.py:188} INFO - [2025-11-18T20:59:09.170+0000] {dag.py:3954} INFO - Setting next_dagrun for sodai_training_and_scoring to None, run_after=None
[2025-11-18T20:59:09.190+0000] {processor.py:183} INFO - Processing /opt/airflow/dags/sodai_pipeline_dag.py took 0.075 seconds
[2025-11-18T20:59:39.397+0000] {processor.py:161} INFO - Started process (PID=1682) to work on /opt/airflow/dags/sodai_pipeline_dag.py
[2025-11-18T20:59:39.403+0000] {processor.py:830} INFO - Processing file /opt/airflow/dags/sodai_pipeline_dag.py for tasks to queue
[2025-11-18T20:59:39.405+0000] {logging_mixin.py:188} INFO - [2025-11-18T20:59:39.404+0000] {dagbag.py:540} INFO - Filling up the DagBag from /opt/airflow/dags/sodai_pipeline_dag.py
[2025-11-18T20:59:39.431+0000] {processor.py:840} INFO - DAG(s) 'sodai_training_and_scoring' retrieved from /opt/airflow/dags/sodai_pipeline_dag.py
[2025-11-18T20:59:39.454+0000] {logging_mixin.py:188} INFO - [2025-11-18T20:59:39.454+0000] {dag.py:3096} INFO - Sync 1 DAGs
[2025-11-18T20:59:39.464+0000] {logging_mixin.py:188} INFO - [2025-11-18T20:59:39.464+0000] {dag.py:3954} INFO - Setting next_dagrun for sodai_training_and_scoring to None, run_after=None
[2025-11-18T20:59:39.484+0000] {processor.py:183} INFO - Processing /opt/airflow/dags/sodai_pipeline_dag.py took 0.093 seconds
[2025-11-18T21:00:09.738+0000] {processor.py:161} INFO - Started process (PID=1692) to work on /opt/airflow/dags/sodai_pipeline_dag.py
[2025-11-18T21:00:09.739+0000] {processor.py:830} INFO - Processing file /opt/airflow/dags/sodai_pipeline_dag.py for tasks to queue
[2025-11-18T21:00:09.741+0000] {logging_mixin.py:188} INFO - [2025-11-18T21:00:09.740+0000] {dagbag.py:540} INFO - Filling up the DagBag from /opt/airflow/dags/sodai_pipeline_dag.py
[2025-11-18T21:00:09.754+0000] {processor.py:840} INFO - DAG(s) 'sodai_training_and_scoring' retrieved from /opt/airflow/dags/sodai_pipeline_dag.py
[2025-11-18T21:00:09.776+0000] {logging_mixin.py:188} INFO - [2025-11-18T21:00:09.775+0000] {dag.py:3096} INFO - Sync 1 DAGs
[2025-11-18T21:00:09.786+0000] {logging_mixin.py:188} INFO - [2025-11-18T21:00:09.786+0000] {dag.py:3954} INFO - Setting next_dagrun for sodai_training_and_scoring to None, run_after=None
[2025-11-18T21:00:09.801+0000] {processor.py:183} INFO - Processing /opt/airflow/dags/sodai_pipeline_dag.py took 0.067 seconds
[2025-11-18T21:00:40.053+0000] {processor.py:161} INFO - Started process (PID=1702) to work on /opt/airflow/dags/sodai_pipeline_dag.py
[2025-11-18T21:00:40.054+0000] {processor.py:830} INFO - Processing file /opt/airflow/dags/sodai_pipeline_dag.py for tasks to queue
[2025-11-18T21:00:40.055+0000] {logging_mixin.py:188} INFO - [2025-11-18T21:00:40.055+0000] {dagbag.py:540} INFO - Filling up the DagBag from /opt/airflow/dags/sodai_pipeline_dag.py
[2025-11-18T21:00:40.070+0000] {processor.py:840} INFO - DAG(s) 'sodai_training_and_scoring' retrieved from /opt/airflow/dags/sodai_pipeline_dag.py
[2025-11-18T21:00:40.091+0000] {logging_mixin.py:188} INFO - [2025-11-18T21:00:40.091+0000] {dag.py:3096} INFO - Sync 1 DAGs
[2025-11-18T21:00:40.100+0000] {logging_mixin.py:188} INFO - [2025-11-18T21:00:40.100+0000] {dag.py:3954} INFO - Setting next_dagrun for sodai_training_and_scoring to None, run_after=None
[2025-11-18T21:00:40.115+0000] {processor.py:183} INFO - Processing /opt/airflow/dags/sodai_pipeline_dag.py took 0.066 seconds
[2025-11-18T21:01:10.434+0000] {processor.py:161} INFO - Started process (PID=1712) to work on /opt/airflow/dags/sodai_pipeline_dag.py
[2025-11-18T21:01:10.435+0000] {processor.py:830} INFO - Processing file /opt/airflow/dags/sodai_pipeline_dag.py for tasks to queue
[2025-11-18T21:01:10.437+0000] {logging_mixin.py:188} INFO - [2025-11-18T21:01:10.437+0000] {dagbag.py:540} INFO - Filling up the DagBag from /opt/airflow/dags/sodai_pipeline_dag.py
[2025-11-18T21:01:10.462+0000] {processor.py:840} INFO - DAG(s) 'sodai_training_and_scoring' retrieved from /opt/airflow/dags/sodai_pipeline_dag.py
[2025-11-18T21:01:10.485+0000] {logging_mixin.py:188} INFO - [2025-11-18T21:01:10.485+0000] {dag.py:3096} INFO - Sync 1 DAGs
[2025-11-18T21:01:10.497+0000] {logging_mixin.py:188} INFO - [2025-11-18T21:01:10.497+0000] {dag.py:3954} INFO - Setting next_dagrun for sodai_training_and_scoring to None, run_after=None
[2025-11-18T21:01:10.516+0000] {processor.py:183} INFO - Processing /opt/airflow/dags/sodai_pipeline_dag.py took 0.087 seconds
[2025-11-18T21:01:40.648+0000] {processor.py:161} INFO - Started process (PID=1722) to work on /opt/airflow/dags/sodai_pipeline_dag.py
[2025-11-18T21:01:40.649+0000] {processor.py:830} INFO - Processing file /opt/airflow/dags/sodai_pipeline_dag.py for tasks to queue
[2025-11-18T21:01:40.650+0000] {logging_mixin.py:188} INFO - [2025-11-18T21:01:40.650+0000] {dagbag.py:540} INFO - Filling up the DagBag from /opt/airflow/dags/sodai_pipeline_dag.py
[2025-11-18T21:01:40.669+0000] {processor.py:840} INFO - DAG(s) 'sodai_training_and_scoring' retrieved from /opt/airflow/dags/sodai_pipeline_dag.py
[2025-11-18T21:01:40.690+0000] {logging_mixin.py:188} INFO - [2025-11-18T21:01:40.690+0000] {dag.py:3096} INFO - Sync 1 DAGs
[2025-11-18T21:01:40.705+0000] {logging_mixin.py:188} INFO - [2025-11-18T21:01:40.705+0000] {dag.py:3954} INFO - Setting next_dagrun for sodai_training_and_scoring to None, run_after=None
[2025-11-18T21:01:40.722+0000] {processor.py:183} INFO - Processing /opt/airflow/dags/sodai_pipeline_dag.py took 0.079 seconds
[2025-11-18T21:02:10.997+0000] {processor.py:161} INFO - Started process (PID=1732) to work on /opt/airflow/dags/sodai_pipeline_dag.py
[2025-11-18T21:02:10.998+0000] {processor.py:830} INFO - Processing file /opt/airflow/dags/sodai_pipeline_dag.py for tasks to queue
[2025-11-18T21:02:11.000+0000] {logging_mixin.py:188} INFO - [2025-11-18T21:02:10.999+0000] {dagbag.py:540} INFO - Filling up the DagBag from /opt/airflow/dags/sodai_pipeline_dag.py
[2025-11-18T21:02:11.014+0000] {processor.py:840} INFO - DAG(s) 'sodai_training_and_scoring' retrieved from /opt/airflow/dags/sodai_pipeline_dag.py
[2025-11-18T21:02:11.037+0000] {logging_mixin.py:188} INFO - [2025-11-18T21:02:11.037+0000] {dag.py:3096} INFO - Sync 1 DAGs
[2025-11-18T21:02:11.049+0000] {logging_mixin.py:188} INFO - [2025-11-18T21:02:11.048+0000] {dag.py:3954} INFO - Setting next_dagrun for sodai_training_and_scoring to None, run_after=None
[2025-11-18T21:02:11.066+0000] {processor.py:183} INFO - Processing /opt/airflow/dags/sodai_pipeline_dag.py took 0.073 seconds
[2025-11-18T21:02:41.227+0000] {processor.py:161} INFO - Started process (PID=1742) to work on /opt/airflow/dags/sodai_pipeline_dag.py
[2025-11-18T21:02:41.227+0000] {processor.py:830} INFO - Processing file /opt/airflow/dags/sodai_pipeline_dag.py for tasks to queue
[2025-11-18T21:02:41.229+0000] {logging_mixin.py:188} INFO - [2025-11-18T21:02:41.229+0000] {dagbag.py:540} INFO - Filling up the DagBag from /opt/airflow/dags/sodai_pipeline_dag.py
[2025-11-18T21:02:41.242+0000] {processor.py:840} INFO - DAG(s) 'sodai_training_and_scoring' retrieved from /opt/airflow/dags/sodai_pipeline_dag.py
[2025-11-18T21:02:41.262+0000] {logging_mixin.py:188} INFO - [2025-11-18T21:02:41.261+0000] {dag.py:3096} INFO - Sync 1 DAGs
[2025-11-18T21:02:41.271+0000] {logging_mixin.py:188} INFO - [2025-11-18T21:02:41.271+0000] {dag.py:3954} INFO - Setting next_dagrun for sodai_training_and_scoring to None, run_after=None
[2025-11-18T21:02:41.286+0000] {processor.py:183} INFO - Processing /opt/airflow/dags/sodai_pipeline_dag.py took 0.064 seconds
[2025-11-18T21:03:12.328+0000] {processor.py:161} INFO - Started process (PID=1752) to work on /opt/airflow/dags/sodai_pipeline_dag.py
[2025-11-18T21:03:12.329+0000] {processor.py:830} INFO - Processing file /opt/airflow/dags/sodai_pipeline_dag.py for tasks to queue
[2025-11-18T21:03:12.330+0000] {logging_mixin.py:188} INFO - [2025-11-18T21:03:12.330+0000] {dagbag.py:540} INFO - Filling up the DagBag from /opt/airflow/dags/sodai_pipeline_dag.py
[2025-11-18T21:03:12.343+0000] {processor.py:840} INFO - DAG(s) 'sodai_training_and_scoring' retrieved from /opt/airflow/dags/sodai_pipeline_dag.py
[2025-11-18T21:03:12.366+0000] {logging_mixin.py:188} INFO - [2025-11-18T21:03:12.365+0000] {dag.py:3096} INFO - Sync 1 DAGs
[2025-11-18T21:03:12.377+0000] {logging_mixin.py:188} INFO - [2025-11-18T21:03:12.377+0000] {dag.py:3954} INFO - Setting next_dagrun for sodai_training_and_scoring to None, run_after=None
[2025-11-18T21:03:12.392+0000] {processor.py:183} INFO - Processing /opt/airflow/dags/sodai_pipeline_dag.py took 0.068 seconds
[2025-11-18T21:03:42.428+0000] {processor.py:161} INFO - Started process (PID=1762) to work on /opt/airflow/dags/sodai_pipeline_dag.py
[2025-11-18T21:03:42.429+0000] {processor.py:830} INFO - Processing file /opt/airflow/dags/sodai_pipeline_dag.py for tasks to queue
[2025-11-18T21:03:42.431+0000] {logging_mixin.py:188} INFO - [2025-11-18T21:03:42.431+0000] {dagbag.py:540} INFO - Filling up the DagBag from /opt/airflow/dags/sodai_pipeline_dag.py
[2025-11-18T21:03:42.446+0000] {processor.py:840} INFO - DAG(s) 'sodai_training_and_scoring' retrieved from /opt/airflow/dags/sodai_pipeline_dag.py
[2025-11-18T21:03:42.468+0000] {logging_mixin.py:188} INFO - [2025-11-18T21:03:42.468+0000] {dag.py:3096} INFO - Sync 1 DAGs
[2025-11-18T21:03:42.481+0000] {logging_mixin.py:188} INFO - [2025-11-18T21:03:42.481+0000] {dag.py:3954} INFO - Setting next_dagrun for sodai_training_and_scoring to None, run_after=None
[2025-11-18T21:03:42.500+0000] {processor.py:183} INFO - Processing /opt/airflow/dags/sodai_pipeline_dag.py took 0.076 seconds
[2025-11-18T21:04:12.569+0000] {processor.py:161} INFO - Started process (PID=1772) to work on /opt/airflow/dags/sodai_pipeline_dag.py
[2025-11-18T21:04:12.570+0000] {processor.py:830} INFO - Processing file /opt/airflow/dags/sodai_pipeline_dag.py for tasks to queue
[2025-11-18T21:04:12.571+0000] {logging_mixin.py:188} INFO - [2025-11-18T21:04:12.571+0000] {dagbag.py:540} INFO - Filling up the DagBag from /opt/airflow/dags/sodai_pipeline_dag.py
[2025-11-18T21:04:12.584+0000] {processor.py:840} INFO - DAG(s) 'sodai_training_and_scoring' retrieved from /opt/airflow/dags/sodai_pipeline_dag.py
[2025-11-18T21:04:12.606+0000] {logging_mixin.py:188} INFO - [2025-11-18T21:04:12.606+0000] {dag.py:3096} INFO - Sync 1 DAGs
[2025-11-18T21:04:12.616+0000] {logging_mixin.py:188} INFO - [2025-11-18T21:04:12.616+0000] {dag.py:3954} INFO - Setting next_dagrun for sodai_training_and_scoring to None, run_after=None
[2025-11-18T21:04:12.632+0000] {processor.py:183} INFO - Processing /opt/airflow/dags/sodai_pipeline_dag.py took 0.067 seconds
[2025-11-18T21:04:42.873+0000] {processor.py:161} INFO - Started process (PID=1782) to work on /opt/airflow/dags/sodai_pipeline_dag.py
[2025-11-18T21:04:42.875+0000] {processor.py:830} INFO - Processing file /opt/airflow/dags/sodai_pipeline_dag.py for tasks to queue
[2025-11-18T21:04:42.878+0000] {logging_mixin.py:188} INFO - [2025-11-18T21:04:42.877+0000] {dagbag.py:540} INFO - Filling up the DagBag from /opt/airflow/dags/sodai_pipeline_dag.py
[2025-11-18T21:04:42.912+0000] {processor.py:840} INFO - DAG(s) 'sodai_training_and_scoring' retrieved from /opt/airflow/dags/sodai_pipeline_dag.py
[2025-11-18T21:04:42.934+0000] {logging_mixin.py:188} INFO - [2025-11-18T21:04:42.933+0000] {dag.py:3096} INFO - Sync 1 DAGs
[2025-11-18T21:04:42.945+0000] {logging_mixin.py:188} INFO - [2025-11-18T21:04:42.945+0000] {dag.py:3954} INFO - Setting next_dagrun for sodai_training_and_scoring to None, run_after=None
[2025-11-18T21:04:42.966+0000] {processor.py:183} INFO - Processing /opt/airflow/dags/sodai_pipeline_dag.py took 0.098 seconds
[2025-11-18T21:05:14.059+0000] {processor.py:161} INFO - Started process (PID=1792) to work on /opt/airflow/dags/sodai_pipeline_dag.py
[2025-11-18T21:05:14.064+0000] {processor.py:830} INFO - Processing file /opt/airflow/dags/sodai_pipeline_dag.py for tasks to queue
[2025-11-18T21:05:14.066+0000] {logging_mixin.py:188} INFO - [2025-11-18T21:05:14.066+0000] {dagbag.py:540} INFO - Filling up the DagBag from /opt/airflow/dags/sodai_pipeline_dag.py
[2025-11-18T21:05:14.081+0000] {processor.py:840} INFO - DAG(s) 'sodai_training_and_scoring' retrieved from /opt/airflow/dags/sodai_pipeline_dag.py
[2025-11-18T21:05:14.101+0000] {logging_mixin.py:188} INFO - [2025-11-18T21:05:14.101+0000] {dag.py:3096} INFO - Sync 1 DAGs
[2025-11-18T21:05:14.110+0000] {logging_mixin.py:188} INFO - [2025-11-18T21:05:14.110+0000] {dag.py:3954} INFO - Setting next_dagrun for sodai_training_and_scoring to None, run_after=None
[2025-11-18T21:05:14.124+0000] {processor.py:183} INFO - Processing /opt/airflow/dags/sodai_pipeline_dag.py took 0.071 seconds
[2025-11-18T21:05:44.144+0000] {processor.py:161} INFO - Started process (PID=1802) to work on /opt/airflow/dags/sodai_pipeline_dag.py
[2025-11-18T21:05:44.145+0000] {processor.py:830} INFO - Processing file /opt/airflow/dags/sodai_pipeline_dag.py for tasks to queue
[2025-11-18T21:05:44.149+0000] {logging_mixin.py:188} INFO - [2025-11-18T21:05:44.149+0000] {dagbag.py:540} INFO - Filling up the DagBag from /opt/airflow/dags/sodai_pipeline_dag.py
[2025-11-18T21:05:44.206+0000] {processor.py:840} INFO - DAG(s) 'sodai_training_and_scoring' retrieved from /opt/airflow/dags/sodai_pipeline_dag.py
[2025-11-18T21:05:44.227+0000] {logging_mixin.py:188} INFO - [2025-11-18T21:05:44.227+0000] {dag.py:3096} INFO - Sync 1 DAGs
[2025-11-18T21:05:44.239+0000] {logging_mixin.py:188} INFO - [2025-11-18T21:05:44.239+0000] {dag.py:3954} INFO - Setting next_dagrun for sodai_training_and_scoring to None, run_after=None
[2025-11-18T21:05:44.260+0000] {processor.py:183} INFO - Processing /opt/airflow/dags/sodai_pipeline_dag.py took 0.120 seconds
[2025-11-18T21:06:15.339+0000] {processor.py:161} INFO - Started process (PID=1812) to work on /opt/airflow/dags/sodai_pipeline_dag.py
[2025-11-18T21:06:15.346+0000] {processor.py:830} INFO - Processing file /opt/airflow/dags/sodai_pipeline_dag.py for tasks to queue
[2025-11-18T21:06:15.347+0000] {logging_mixin.py:188} INFO - [2025-11-18T21:06:15.347+0000] {dagbag.py:540} INFO - Filling up the DagBag from /opt/airflow/dags/sodai_pipeline_dag.py
[2025-11-18T21:06:15.361+0000] {processor.py:840} INFO - DAG(s) 'sodai_training_and_scoring' retrieved from /opt/airflow/dags/sodai_pipeline_dag.py
[2025-11-18T21:06:15.382+0000] {logging_mixin.py:188} INFO - [2025-11-18T21:06:15.382+0000] {dag.py:3096} INFO - Sync 1 DAGs
[2025-11-18T21:06:15.391+0000] {logging_mixin.py:188} INFO - [2025-11-18T21:06:15.390+0000] {dag.py:3954} INFO - Setting next_dagrun for sodai_training_and_scoring to None, run_after=None
[2025-11-18T21:06:15.404+0000] {processor.py:183} INFO - Processing /opt/airflow/dags/sodai_pipeline_dag.py took 0.069 seconds
[2025-11-18T21:06:46.458+0000] {processor.py:161} INFO - Started process (PID=1822) to work on /opt/airflow/dags/sodai_pipeline_dag.py
[2025-11-18T21:06:46.459+0000] {processor.py:830} INFO - Processing file /opt/airflow/dags/sodai_pipeline_dag.py for tasks to queue
[2025-11-18T21:06:46.460+0000] {logging_mixin.py:188} INFO - [2025-11-18T21:06:46.460+0000] {dagbag.py:540} INFO - Filling up the DagBag from /opt/airflow/dags/sodai_pipeline_dag.py
[2025-11-18T21:06:46.503+0000] {processor.py:840} INFO - DAG(s) 'sodai_training_and_scoring' retrieved from /opt/airflow/dags/sodai_pipeline_dag.py
[2025-11-18T21:06:46.523+0000] {logging_mixin.py:188} INFO - [2025-11-18T21:06:46.523+0000] {dag.py:3096} INFO - Sync 1 DAGs
[2025-11-18T21:06:46.534+0000] {logging_mixin.py:188} INFO - [2025-11-18T21:06:46.534+0000] {dag.py:3954} INFO - Setting next_dagrun for sodai_training_and_scoring to None, run_after=None
[2025-11-18T21:06:46.548+0000] {processor.py:183} INFO - Processing /opt/airflow/dags/sodai_pipeline_dag.py took 0.094 seconds
[2025-11-18T21:07:16.659+0000] {processor.py:161} INFO - Started process (PID=1832) to work on /opt/airflow/dags/sodai_pipeline_dag.py
[2025-11-18T21:07:16.660+0000] {processor.py:830} INFO - Processing file /opt/airflow/dags/sodai_pipeline_dag.py for tasks to queue
[2025-11-18T21:07:16.661+0000] {logging_mixin.py:188} INFO - [2025-11-18T21:07:16.661+0000] {dagbag.py:540} INFO - Filling up the DagBag from /opt/airflow/dags/sodai_pipeline_dag.py
[2025-11-18T21:07:16.673+0000] {processor.py:840} INFO - DAG(s) 'sodai_training_and_scoring' retrieved from /opt/airflow/dags/sodai_pipeline_dag.py
[2025-11-18T21:07:16.695+0000] {logging_mixin.py:188} INFO - [2025-11-18T21:07:16.694+0000] {dag.py:3096} INFO - Sync 1 DAGs
[2025-11-18T21:07:16.705+0000] {logging_mixin.py:188} INFO - [2025-11-18T21:07:16.705+0000] {dag.py:3954} INFO - Setting next_dagrun for sodai_training_and_scoring to None, run_after=None
[2025-11-18T21:07:16.721+0000] {processor.py:183} INFO - Processing /opt/airflow/dags/sodai_pipeline_dag.py took 0.067 seconds
[2025-11-18T21:07:46.876+0000] {processor.py:161} INFO - Started process (PID=1842) to work on /opt/airflow/dags/sodai_pipeline_dag.py
[2025-11-18T21:07:46.877+0000] {processor.py:830} INFO - Processing file /opt/airflow/dags/sodai_pipeline_dag.py for tasks to queue
[2025-11-18T21:07:46.879+0000] {logging_mixin.py:188} INFO - [2025-11-18T21:07:46.879+0000] {dagbag.py:540} INFO - Filling up the DagBag from /opt/airflow/dags/sodai_pipeline_dag.py
[2025-11-18T21:07:46.900+0000] {processor.py:840} INFO - DAG(s) 'sodai_training_and_scoring' retrieved from /opt/airflow/dags/sodai_pipeline_dag.py
[2025-11-18T21:07:46.921+0000] {logging_mixin.py:188} INFO - [2025-11-18T21:07:46.921+0000] {dag.py:3096} INFO - Sync 1 DAGs
[2025-11-18T21:07:46.931+0000] {logging_mixin.py:188} INFO - [2025-11-18T21:07:46.931+0000] {dag.py:3954} INFO - Setting next_dagrun for sodai_training_and_scoring to None, run_after=None
[2025-11-18T21:07:46.947+0000] {processor.py:183} INFO - Processing /opt/airflow/dags/sodai_pipeline_dag.py took 0.076 seconds
[2025-11-18T21:08:17.089+0000] {processor.py:161} INFO - Started process (PID=1852) to work on /opt/airflow/dags/sodai_pipeline_dag.py
[2025-11-18T21:08:17.092+0000] {processor.py:830} INFO - Processing file /opt/airflow/dags/sodai_pipeline_dag.py for tasks to queue
[2025-11-18T21:08:17.096+0000] {logging_mixin.py:188} INFO - [2025-11-18T21:08:17.095+0000] {dagbag.py:540} INFO - Filling up the DagBag from /opt/airflow/dags/sodai_pipeline_dag.py
[2025-11-18T21:08:17.112+0000] {processor.py:840} INFO - DAG(s) 'sodai_training_and_scoring' retrieved from /opt/airflow/dags/sodai_pipeline_dag.py
[2025-11-18T21:08:17.135+0000] {logging_mixin.py:188} INFO - [2025-11-18T21:08:17.135+0000] {dag.py:3096} INFO - Sync 1 DAGs
[2025-11-18T21:08:17.145+0000] {logging_mixin.py:188} INFO - [2025-11-18T21:08:17.145+0000] {dag.py:3954} INFO - Setting next_dagrun for sodai_training_and_scoring to None, run_after=None
[2025-11-18T21:08:17.161+0000] {processor.py:183} INFO - Processing /opt/airflow/dags/sodai_pipeline_dag.py took 0.076 seconds
[2025-11-18T21:08:48.173+0000] {processor.py:161} INFO - Started process (PID=1862) to work on /opt/airflow/dags/sodai_pipeline_dag.py
[2025-11-18T21:08:48.174+0000] {processor.py:830} INFO - Processing file /opt/airflow/dags/sodai_pipeline_dag.py for tasks to queue
[2025-11-18T21:08:48.175+0000] {logging_mixin.py:188} INFO - [2025-11-18T21:08:48.175+0000] {dagbag.py:540} INFO - Filling up the DagBag from /opt/airflow/dags/sodai_pipeline_dag.py
[2025-11-18T21:08:48.191+0000] {processor.py:840} INFO - DAG(s) 'sodai_training_and_scoring' retrieved from /opt/airflow/dags/sodai_pipeline_dag.py
[2025-11-18T21:08:48.211+0000] {logging_mixin.py:188} INFO - [2025-11-18T21:08:48.211+0000] {dag.py:3096} INFO - Sync 1 DAGs
[2025-11-18T21:08:48.221+0000] {logging_mixin.py:188} INFO - [2025-11-18T21:08:48.221+0000] {dag.py:3954} INFO - Setting next_dagrun for sodai_training_and_scoring to None, run_after=None
[2025-11-18T21:08:48.235+0000] {processor.py:183} INFO - Processing /opt/airflow/dags/sodai_pipeline_dag.py took 0.067 seconds
[2025-11-18T21:09:18.450+0000] {processor.py:161} INFO - Started process (PID=1872) to work on /opt/airflow/dags/sodai_pipeline_dag.py
[2025-11-18T21:09:18.450+0000] {processor.py:830} INFO - Processing file /opt/airflow/dags/sodai_pipeline_dag.py for tasks to queue
[2025-11-18T21:09:18.452+0000] {logging_mixin.py:188} INFO - [2025-11-18T21:09:18.452+0000] {dagbag.py:540} INFO - Filling up the DagBag from /opt/airflow/dags/sodai_pipeline_dag.py
[2025-11-18T21:09:18.468+0000] {processor.py:840} INFO - DAG(s) 'sodai_training_and_scoring' retrieved from /opt/airflow/dags/sodai_pipeline_dag.py
[2025-11-18T21:09:18.490+0000] {logging_mixin.py:188} INFO - [2025-11-18T21:09:18.489+0000] {dag.py:3096} INFO - Sync 1 DAGs
[2025-11-18T21:09:18.499+0000] {logging_mixin.py:188} INFO - [2025-11-18T21:09:18.498+0000] {dag.py:3954} INFO - Setting next_dagrun for sodai_training_and_scoring to None, run_after=None
[2025-11-18T21:09:18.514+0000] {processor.py:183} INFO - Processing /opt/airflow/dags/sodai_pipeline_dag.py took 0.069 seconds
[2025-11-18T21:09:48.627+0000] {processor.py:161} INFO - Started process (PID=1882) to work on /opt/airflow/dags/sodai_pipeline_dag.py
[2025-11-18T21:09:48.630+0000] {processor.py:830} INFO - Processing file /opt/airflow/dags/sodai_pipeline_dag.py for tasks to queue
[2025-11-18T21:09:48.631+0000] {logging_mixin.py:188} INFO - [2025-11-18T21:09:48.631+0000] {dagbag.py:540} INFO - Filling up the DagBag from /opt/airflow/dags/sodai_pipeline_dag.py
[2025-11-18T21:09:48.667+0000] {processor.py:840} INFO - DAG(s) 'sodai_training_and_scoring' retrieved from /opt/airflow/dags/sodai_pipeline_dag.py
[2025-11-18T21:09:48.685+0000] {logging_mixin.py:188} INFO - [2025-11-18T21:09:48.685+0000] {dag.py:3096} INFO - Sync 1 DAGs
[2025-11-18T21:09:48.695+0000] {logging_mixin.py:188} INFO - [2025-11-18T21:09:48.694+0000] {dag.py:3954} INFO - Setting next_dagrun for sodai_training_and_scoring to None, run_after=None
[2025-11-18T21:09:48.709+0000] {processor.py:183} INFO - Processing /opt/airflow/dags/sodai_pipeline_dag.py took 0.086 seconds
[2025-11-18T21:10:19.703+0000] {processor.py:161} INFO - Started process (PID=1892) to work on /opt/airflow/dags/sodai_pipeline_dag.py
[2025-11-18T21:10:19.707+0000] {processor.py:830} INFO - Processing file /opt/airflow/dags/sodai_pipeline_dag.py for tasks to queue
[2025-11-18T21:10:19.709+0000] {logging_mixin.py:188} INFO - [2025-11-18T21:10:19.709+0000] {dagbag.py:540} INFO - Filling up the DagBag from /opt/airflow/dags/sodai_pipeline_dag.py
[2025-11-18T21:10:19.723+0000] {processor.py:840} INFO - DAG(s) 'sodai_training_and_scoring' retrieved from /opt/airflow/dags/sodai_pipeline_dag.py
[2025-11-18T21:10:19.742+0000] {logging_mixin.py:188} INFO - [2025-11-18T21:10:19.742+0000] {dag.py:3096} INFO - Sync 1 DAGs
[2025-11-18T21:10:19.752+0000] {logging_mixin.py:188} INFO - [2025-11-18T21:10:19.752+0000] {dag.py:3954} INFO - Setting next_dagrun for sodai_training_and_scoring to None, run_after=None
[2025-11-18T21:10:19.777+0000] {processor.py:183} INFO - Processing /opt/airflow/dags/sodai_pipeline_dag.py took 0.078 seconds
[2025-11-18T21:10:50.048+0000] {processor.py:161} INFO - Started process (PID=1902) to work on /opt/airflow/dags/sodai_pipeline_dag.py
[2025-11-18T21:10:50.049+0000] {processor.py:830} INFO - Processing file /opt/airflow/dags/sodai_pipeline_dag.py for tasks to queue
[2025-11-18T21:10:50.050+0000] {logging_mixin.py:188} INFO - [2025-11-18T21:10:50.050+0000] {dagbag.py:540} INFO - Filling up the DagBag from /opt/airflow/dags/sodai_pipeline_dag.py
[2025-11-18T21:10:50.067+0000] {processor.py:840} INFO - DAG(s) 'sodai_training_and_scoring' retrieved from /opt/airflow/dags/sodai_pipeline_dag.py
[2025-11-18T21:10:50.087+0000] {logging_mixin.py:188} INFO - [2025-11-18T21:10:50.086+0000] {dag.py:3096} INFO - Sync 1 DAGs
[2025-11-18T21:10:50.096+0000] {logging_mixin.py:188} INFO - [2025-11-18T21:10:50.096+0000] {dag.py:3954} INFO - Setting next_dagrun for sodai_training_and_scoring to None, run_after=None
[2025-11-18T21:10:50.110+0000] {processor.py:183} INFO - Processing /opt/airflow/dags/sodai_pipeline_dag.py took 0.065 seconds
[2025-11-18T21:11:20.187+0000] {processor.py:161} INFO - Started process (PID=1912) to work on /opt/airflow/dags/sodai_pipeline_dag.py
[2025-11-18T21:11:20.188+0000] {processor.py:830} INFO - Processing file /opt/airflow/dags/sodai_pipeline_dag.py for tasks to queue
[2025-11-18T21:11:20.190+0000] {logging_mixin.py:188} INFO - [2025-11-18T21:11:20.190+0000] {dagbag.py:540} INFO - Filling up the DagBag from /opt/airflow/dags/sodai_pipeline_dag.py
[2025-11-18T21:11:20.202+0000] {processor.py:840} INFO - DAG(s) 'sodai_training_and_scoring' retrieved from /opt/airflow/dags/sodai_pipeline_dag.py
[2025-11-18T21:11:20.223+0000] {logging_mixin.py:188} INFO - [2025-11-18T21:11:20.223+0000] {dag.py:3096} INFO - Sync 1 DAGs
[2025-11-18T21:11:20.232+0000] {logging_mixin.py:188} INFO - [2025-11-18T21:11:20.232+0000] {dag.py:3954} INFO - Setting next_dagrun for sodai_training_and_scoring to None, run_after=None
[2025-11-18T21:11:20.246+0000] {processor.py:183} INFO - Processing /opt/airflow/dags/sodai_pipeline_dag.py took 0.063 seconds
[2025-11-18T21:11:51.242+0000] {processor.py:161} INFO - Started process (PID=1922) to work on /opt/airflow/dags/sodai_pipeline_dag.py
[2025-11-18T21:11:51.244+0000] {processor.py:830} INFO - Processing file /opt/airflow/dags/sodai_pipeline_dag.py for tasks to queue
[2025-11-18T21:11:51.245+0000] {logging_mixin.py:188} INFO - [2025-11-18T21:11:51.245+0000] {dagbag.py:540} INFO - Filling up the DagBag from /opt/airflow/dags/sodai_pipeline_dag.py
[2025-11-18T21:11:51.260+0000] {processor.py:840} INFO - DAG(s) 'sodai_training_and_scoring' retrieved from /opt/airflow/dags/sodai_pipeline_dag.py
[2025-11-18T21:11:51.281+0000] {logging_mixin.py:188} INFO - [2025-11-18T21:11:51.280+0000] {dag.py:3096} INFO - Sync 1 DAGs
[2025-11-18T21:11:51.295+0000] {logging_mixin.py:188} INFO - [2025-11-18T21:11:51.295+0000] {dag.py:3954} INFO - Setting next_dagrun for sodai_training_and_scoring to None, run_after=None
[2025-11-18T21:11:51.316+0000] {processor.py:183} INFO - Processing /opt/airflow/dags/sodai_pipeline_dag.py took 0.079 seconds
[2025-11-18T21:12:21.410+0000] {processor.py:161} INFO - Started process (PID=1932) to work on /opt/airflow/dags/sodai_pipeline_dag.py
[2025-11-18T21:12:21.411+0000] {processor.py:830} INFO - Processing file /opt/airflow/dags/sodai_pipeline_dag.py for tasks to queue
[2025-11-18T21:12:21.412+0000] {logging_mixin.py:188} INFO - [2025-11-18T21:12:21.412+0000] {dagbag.py:540} INFO - Filling up the DagBag from /opt/airflow/dags/sodai_pipeline_dag.py
[2025-11-18T21:12:21.428+0000] {processor.py:840} INFO - DAG(s) 'sodai_training_and_scoring' retrieved from /opt/airflow/dags/sodai_pipeline_dag.py
[2025-11-18T21:12:21.448+0000] {logging_mixin.py:188} INFO - [2025-11-18T21:12:21.448+0000] {dag.py:3096} INFO - Sync 1 DAGs
[2025-11-18T21:12:21.458+0000] {logging_mixin.py:188} INFO - [2025-11-18T21:12:21.458+0000] {dag.py:3954} INFO - Setting next_dagrun for sodai_training_and_scoring to None, run_after=None
[2025-11-18T21:12:21.471+0000] {processor.py:183} INFO - Processing /opt/airflow/dags/sodai_pipeline_dag.py took 0.065 seconds
[2025-11-18T21:12:51.562+0000] {processor.py:161} INFO - Started process (PID=1942) to work on /opt/airflow/dags/sodai_pipeline_dag.py
[2025-11-18T21:12:51.563+0000] {processor.py:830} INFO - Processing file /opt/airflow/dags/sodai_pipeline_dag.py for tasks to queue
[2025-11-18T21:12:51.565+0000] {logging_mixin.py:188} INFO - [2025-11-18T21:12:51.564+0000] {dagbag.py:540} INFO - Filling up the DagBag from /opt/airflow/dags/sodai_pipeline_dag.py
[2025-11-18T21:12:51.578+0000] {processor.py:840} INFO - DAG(s) 'sodai_training_and_scoring' retrieved from /opt/airflow/dags/sodai_pipeline_dag.py
[2025-11-18T21:12:51.596+0000] {logging_mixin.py:188} INFO - [2025-11-18T21:12:51.596+0000] {dag.py:3096} INFO - Sync 1 DAGs
[2025-11-18T21:12:51.606+0000] {logging_mixin.py:188} INFO - [2025-11-18T21:12:51.605+0000] {dag.py:3954} INFO - Setting next_dagrun for sodai_training_and_scoring to None, run_after=None
[2025-11-18T21:12:51.622+0000] {processor.py:183} INFO - Processing /opt/airflow/dags/sodai_pipeline_dag.py took 0.064 seconds
[2025-11-18T21:13:21.722+0000] {processor.py:161} INFO - Started process (PID=1952) to work on /opt/airflow/dags/sodai_pipeline_dag.py
[2025-11-18T21:13:21.724+0000] {processor.py:830} INFO - Processing file /opt/airflow/dags/sodai_pipeline_dag.py for tasks to queue
[2025-11-18T21:13:21.726+0000] {logging_mixin.py:188} INFO - [2025-11-18T21:13:21.726+0000] {dagbag.py:540} INFO - Filling up the DagBag from /opt/airflow/dags/sodai_pipeline_dag.py
[2025-11-18T21:13:21.756+0000] {processor.py:840} INFO - DAG(s) 'sodai_training_and_scoring' retrieved from /opt/airflow/dags/sodai_pipeline_dag.py
[2025-11-18T21:13:21.778+0000] {logging_mixin.py:188} INFO - [2025-11-18T21:13:21.778+0000] {dag.py:3096} INFO - Sync 1 DAGs
[2025-11-18T21:13:21.789+0000] {logging_mixin.py:188} INFO - [2025-11-18T21:13:21.789+0000] {dag.py:3954} INFO - Setting next_dagrun for sodai_training_and_scoring to None, run_after=None
[2025-11-18T21:13:21.808+0000] {processor.py:183} INFO - Processing /opt/airflow/dags/sodai_pipeline_dag.py took 0.091 seconds
[2025-11-18T21:13:51.922+0000] {processor.py:161} INFO - Started process (PID=1962) to work on /opt/airflow/dags/sodai_pipeline_dag.py
[2025-11-18T21:13:51.923+0000] {processor.py:830} INFO - Processing file /opt/airflow/dags/sodai_pipeline_dag.py for tasks to queue
[2025-11-18T21:13:51.925+0000] {logging_mixin.py:188} INFO - [2025-11-18T21:13:51.924+0000] {dagbag.py:540} INFO - Filling up the DagBag from /opt/airflow/dags/sodai_pipeline_dag.py
[2025-11-18T21:13:51.943+0000] {processor.py:840} INFO - DAG(s) 'sodai_training_and_scoring' retrieved from /opt/airflow/dags/sodai_pipeline_dag.py
[2025-11-18T21:13:51.963+0000] {logging_mixin.py:188} INFO - [2025-11-18T21:13:51.963+0000] {dag.py:3096} INFO - Sync 1 DAGs
[2025-11-18T21:13:51.973+0000] {logging_mixin.py:188} INFO - [2025-11-18T21:13:51.973+0000] {dag.py:3954} INFO - Setting next_dagrun for sodai_training_and_scoring to None, run_after=None
[2025-11-18T21:13:51.986+0000] {processor.py:183} INFO - Processing /opt/airflow/dags/sodai_pipeline_dag.py took 0.069 seconds
[2025-11-18T21:14:22.159+0000] {processor.py:161} INFO - Started process (PID=1972) to work on /opt/airflow/dags/sodai_pipeline_dag.py
[2025-11-18T21:14:22.160+0000] {processor.py:830} INFO - Processing file /opt/airflow/dags/sodai_pipeline_dag.py for tasks to queue
[2025-11-18T21:14:22.162+0000] {logging_mixin.py:188} INFO - [2025-11-18T21:14:22.162+0000] {dagbag.py:540} INFO - Filling up the DagBag from /opt/airflow/dags/sodai_pipeline_dag.py
[2025-11-18T21:14:22.212+0000] {processor.py:840} INFO - DAG(s) 'sodai_training_and_scoring' retrieved from /opt/airflow/dags/sodai_pipeline_dag.py
[2025-11-18T21:14:22.233+0000] {logging_mixin.py:188} INFO - [2025-11-18T21:14:22.233+0000] {dag.py:3096} INFO - Sync 1 DAGs
[2025-11-18T21:14:22.245+0000] {logging_mixin.py:188} INFO - [2025-11-18T21:14:22.245+0000] {dag.py:3954} INFO - Setting next_dagrun for sodai_training_and_scoring to None, run_after=None
[2025-11-18T21:14:22.267+0000] {processor.py:183} INFO - Processing /opt/airflow/dags/sodai_pipeline_dag.py took 0.113 seconds
[2025-11-18T21:14:52.301+0000] {processor.py:161} INFO - Started process (PID=1982) to work on /opt/airflow/dags/sodai_pipeline_dag.py
[2025-11-18T21:14:52.302+0000] {processor.py:830} INFO - Processing file /opt/airflow/dags/sodai_pipeline_dag.py for tasks to queue
[2025-11-18T21:14:52.303+0000] {logging_mixin.py:188} INFO - [2025-11-18T21:14:52.303+0000] {dagbag.py:540} INFO - Filling up the DagBag from /opt/airflow/dags/sodai_pipeline_dag.py
[2025-11-18T21:14:52.317+0000] {processor.py:840} INFO - DAG(s) 'sodai_training_and_scoring' retrieved from /opt/airflow/dags/sodai_pipeline_dag.py
[2025-11-18T21:14:52.338+0000] {logging_mixin.py:188} INFO - [2025-11-18T21:14:52.338+0000] {dag.py:3096} INFO - Sync 1 DAGs
[2025-11-18T21:14:52.348+0000] {logging_mixin.py:188} INFO - [2025-11-18T21:14:52.348+0000] {dag.py:3954} INFO - Setting next_dagrun for sodai_training_and_scoring to None, run_after=None
[2025-11-18T21:14:52.360+0000] {processor.py:183} INFO - Processing /opt/airflow/dags/sodai_pipeline_dag.py took 0.064 seconds
[2025-11-18T21:15:22.479+0000] {processor.py:161} INFO - Started process (PID=1992) to work on /opt/airflow/dags/sodai_pipeline_dag.py
[2025-11-18T21:15:22.480+0000] {processor.py:830} INFO - Processing file /opt/airflow/dags/sodai_pipeline_dag.py for tasks to queue
[2025-11-18T21:15:22.481+0000] {logging_mixin.py:188} INFO - [2025-11-18T21:15:22.481+0000] {dagbag.py:540} INFO - Filling up the DagBag from /opt/airflow/dags/sodai_pipeline_dag.py
[2025-11-18T21:15:22.495+0000] {processor.py:840} INFO - DAG(s) 'sodai_training_and_scoring' retrieved from /opt/airflow/dags/sodai_pipeline_dag.py
[2025-11-18T21:15:22.515+0000] {logging_mixin.py:188} INFO - [2025-11-18T21:15:22.514+0000] {dag.py:3096} INFO - Sync 1 DAGs
[2025-11-18T21:15:22.525+0000] {logging_mixin.py:188} INFO - [2025-11-18T21:15:22.525+0000] {dag.py:3954} INFO - Setting next_dagrun for sodai_training_and_scoring to None, run_after=None
[2025-11-18T21:15:22.539+0000] {processor.py:183} INFO - Processing /opt/airflow/dags/sodai_pipeline_dag.py took 0.064 seconds
[2025-11-18T21:15:52.734+0000] {processor.py:161} INFO - Started process (PID=2002) to work on /opt/airflow/dags/sodai_pipeline_dag.py
[2025-11-18T21:15:52.735+0000] {processor.py:830} INFO - Processing file /opt/airflow/dags/sodai_pipeline_dag.py for tasks to queue
[2025-11-18T21:15:52.736+0000] {logging_mixin.py:188} INFO - [2025-11-18T21:15:52.736+0000] {dagbag.py:540} INFO - Filling up the DagBag from /opt/airflow/dags/sodai_pipeline_dag.py
[2025-11-18T21:15:52.754+0000] {processor.py:840} INFO - DAG(s) 'sodai_training_and_scoring' retrieved from /opt/airflow/dags/sodai_pipeline_dag.py
[2025-11-18T21:15:52.775+0000] {logging_mixin.py:188} INFO - [2025-11-18T21:15:52.775+0000] {dag.py:3096} INFO - Sync 1 DAGs
[2025-11-18T21:15:52.784+0000] {logging_mixin.py:188} INFO - [2025-11-18T21:15:52.784+0000] {dag.py:3954} INFO - Setting next_dagrun for sodai_training_and_scoring to None, run_after=None
[2025-11-18T21:15:52.798+0000] {processor.py:183} INFO - Processing /opt/airflow/dags/sodai_pipeline_dag.py took 0.068 seconds
[2025-11-18T21:16:22.840+0000] {processor.py:161} INFO - Started process (PID=2012) to work on /opt/airflow/dags/sodai_pipeline_dag.py
[2025-11-18T21:16:22.841+0000] {processor.py:830} INFO - Processing file /opt/airflow/dags/sodai_pipeline_dag.py for tasks to queue
[2025-11-18T21:16:22.842+0000] {logging_mixin.py:188} INFO - [2025-11-18T21:16:22.842+0000] {dagbag.py:540} INFO - Filling up the DagBag from /opt/airflow/dags/sodai_pipeline_dag.py
[2025-11-18T21:16:22.855+0000] {processor.py:840} INFO - DAG(s) 'sodai_training_and_scoring' retrieved from /opt/airflow/dags/sodai_pipeline_dag.py
[2025-11-18T21:16:22.875+0000] {logging_mixin.py:188} INFO - [2025-11-18T21:16:22.875+0000] {dag.py:3096} INFO - Sync 1 DAGs
[2025-11-18T21:16:22.886+0000] {logging_mixin.py:188} INFO - [2025-11-18T21:16:22.886+0000] {dag.py:3954} INFO - Setting next_dagrun for sodai_training_and_scoring to None, run_after=None
[2025-11-18T21:16:22.902+0000] {processor.py:183} INFO - Processing /opt/airflow/dags/sodai_pipeline_dag.py took 0.066 seconds
[2025-11-18T21:16:53.057+0000] {processor.py:161} INFO - Started process (PID=2022) to work on /opt/airflow/dags/sodai_pipeline_dag.py
[2025-11-18T21:16:53.058+0000] {processor.py:830} INFO - Processing file /opt/airflow/dags/sodai_pipeline_dag.py for tasks to queue
[2025-11-18T21:16:53.059+0000] {logging_mixin.py:188} INFO - [2025-11-18T21:16:53.059+0000] {dagbag.py:540} INFO - Filling up the DagBag from /opt/airflow/dags/sodai_pipeline_dag.py
[2025-11-18T21:16:53.073+0000] {processor.py:840} INFO - DAG(s) 'sodai_training_and_scoring' retrieved from /opt/airflow/dags/sodai_pipeline_dag.py
[2025-11-18T21:16:53.095+0000] {logging_mixin.py:188} INFO - [2025-11-18T21:16:53.095+0000] {dag.py:3096} INFO - Sync 1 DAGs
[2025-11-18T21:16:53.108+0000] {logging_mixin.py:188} INFO - [2025-11-18T21:16:53.107+0000] {dag.py:3954} INFO - Setting next_dagrun for sodai_training_and_scoring to None, run_after=None
[2025-11-18T21:16:53.131+0000] {processor.py:183} INFO - Processing /opt/airflow/dags/sodai_pipeline_dag.py took 0.078 seconds
[2025-11-18T21:17:23.268+0000] {processor.py:161} INFO - Started process (PID=2032) to work on /opt/airflow/dags/sodai_pipeline_dag.py
[2025-11-18T21:17:23.268+0000] {processor.py:830} INFO - Processing file /opt/airflow/dags/sodai_pipeline_dag.py for tasks to queue
[2025-11-18T21:17:23.270+0000] {logging_mixin.py:188} INFO - [2025-11-18T21:17:23.270+0000] {dagbag.py:540} INFO - Filling up the DagBag from /opt/airflow/dags/sodai_pipeline_dag.py
[2025-11-18T21:17:23.287+0000] {processor.py:840} INFO - DAG(s) 'sodai_training_and_scoring' retrieved from /opt/airflow/dags/sodai_pipeline_dag.py
[2025-11-18T21:17:23.307+0000] {logging_mixin.py:188} INFO - [2025-11-18T21:17:23.307+0000] {dag.py:3096} INFO - Sync 1 DAGs
[2025-11-18T21:17:23.316+0000] {logging_mixin.py:188} INFO - [2025-11-18T21:17:23.316+0000] {dag.py:3954} INFO - Setting next_dagrun for sodai_training_and_scoring to None, run_after=None
[2025-11-18T21:17:23.329+0000] {processor.py:183} INFO - Processing /opt/airflow/dags/sodai_pipeline_dag.py took 0.065 seconds
[2025-11-18T21:17:53.456+0000] {processor.py:161} INFO - Started process (PID=2042) to work on /opt/airflow/dags/sodai_pipeline_dag.py
[2025-11-18T21:17:53.456+0000] {processor.py:830} INFO - Processing file /opt/airflow/dags/sodai_pipeline_dag.py for tasks to queue
[2025-11-18T21:17:53.458+0000] {logging_mixin.py:188} INFO - [2025-11-18T21:17:53.458+0000] {dagbag.py:540} INFO - Filling up the DagBag from /opt/airflow/dags/sodai_pipeline_dag.py
[2025-11-18T21:17:53.474+0000] {processor.py:840} INFO - DAG(s) 'sodai_training_and_scoring' retrieved from /opt/airflow/dags/sodai_pipeline_dag.py
[2025-11-18T21:17:53.496+0000] {logging_mixin.py:188} INFO - [2025-11-18T21:17:53.495+0000] {dag.py:3096} INFO - Sync 1 DAGs
[2025-11-18T21:17:53.507+0000] {logging_mixin.py:188} INFO - [2025-11-18T21:17:53.507+0000] {dag.py:3954} INFO - Setting next_dagrun for sodai_training_and_scoring to None, run_after=None
[2025-11-18T21:17:53.531+0000] {processor.py:183} INFO - Processing /opt/airflow/dags/sodai_pipeline_dag.py took 0.079 seconds
[2025-11-18T21:18:23.611+0000] {processor.py:161} INFO - Started process (PID=2052) to work on /opt/airflow/dags/sodai_pipeline_dag.py
[2025-11-18T21:18:23.612+0000] {processor.py:830} INFO - Processing file /opt/airflow/dags/sodai_pipeline_dag.py for tasks to queue
[2025-11-18T21:18:23.614+0000] {logging_mixin.py:188} INFO - [2025-11-18T21:18:23.614+0000] {dagbag.py:540} INFO - Filling up the DagBag from /opt/airflow/dags/sodai_pipeline_dag.py
[2025-11-18T21:18:23.633+0000] {processor.py:840} INFO - DAG(s) 'sodai_training_and_scoring' retrieved from /opt/airflow/dags/sodai_pipeline_dag.py
[2025-11-18T21:18:23.653+0000] {logging_mixin.py:188} INFO - [2025-11-18T21:18:23.653+0000] {dag.py:3096} INFO - Sync 1 DAGs
[2025-11-18T21:18:23.663+0000] {logging_mixin.py:188} INFO - [2025-11-18T21:18:23.663+0000] {dag.py:3954} INFO - Setting next_dagrun for sodai_training_and_scoring to None, run_after=None
[2025-11-18T21:18:23.677+0000] {processor.py:183} INFO - Processing /opt/airflow/dags/sodai_pipeline_dag.py took 0.071 seconds
[2025-11-18T21:18:53.801+0000] {processor.py:161} INFO - Started process (PID=2062) to work on /opt/airflow/dags/sodai_pipeline_dag.py
[2025-11-18T21:18:53.802+0000] {processor.py:830} INFO - Processing file /opt/airflow/dags/sodai_pipeline_dag.py for tasks to queue
[2025-11-18T21:18:53.803+0000] {logging_mixin.py:188} INFO - [2025-11-18T21:18:53.803+0000] {dagbag.py:540} INFO - Filling up the DagBag from /opt/airflow/dags/sodai_pipeline_dag.py
[2025-11-18T21:18:53.824+0000] {processor.py:840} INFO - DAG(s) 'sodai_training_and_scoring' retrieved from /opt/airflow/dags/sodai_pipeline_dag.py
[2025-11-18T21:18:53.845+0000] {logging_mixin.py:188} INFO - [2025-11-18T21:18:53.845+0000] {dag.py:3096} INFO - Sync 1 DAGs
[2025-11-18T21:18:53.856+0000] {logging_mixin.py:188} INFO - [2025-11-18T21:18:53.856+0000] {dag.py:3954} INFO - Setting next_dagrun for sodai_training_and_scoring to None, run_after=None
[2025-11-18T21:18:53.873+0000] {processor.py:183} INFO - Processing /opt/airflow/dags/sodai_pipeline_dag.py took 0.076 seconds
[2025-11-18T21:19:23.978+0000] {processor.py:161} INFO - Started process (PID=2072) to work on /opt/airflow/dags/sodai_pipeline_dag.py
[2025-11-18T21:19:23.979+0000] {processor.py:830} INFO - Processing file /opt/airflow/dags/sodai_pipeline_dag.py for tasks to queue
[2025-11-18T21:19:23.980+0000] {logging_mixin.py:188} INFO - [2025-11-18T21:19:23.980+0000] {dagbag.py:540} INFO - Filling up the DagBag from /opt/airflow/dags/sodai_pipeline_dag.py
[2025-11-18T21:19:23.996+0000] {processor.py:840} INFO - DAG(s) 'sodai_training_and_scoring' retrieved from /opt/airflow/dags/sodai_pipeline_dag.py
[2025-11-18T21:19:24.014+0000] {logging_mixin.py:188} INFO - [2025-11-18T21:19:24.014+0000] {dag.py:3096} INFO - Sync 1 DAGs
[2025-11-18T21:19:24.025+0000] {logging_mixin.py:188} INFO - [2025-11-18T21:19:24.024+0000] {dag.py:3954} INFO - Setting next_dagrun for sodai_training_and_scoring to None, run_after=None
[2025-11-18T21:19:24.040+0000] {processor.py:183} INFO - Processing /opt/airflow/dags/sodai_pipeline_dag.py took 0.065 seconds
[2025-11-18T21:19:54.153+0000] {processor.py:161} INFO - Started process (PID=2082) to work on /opt/airflow/dags/sodai_pipeline_dag.py
[2025-11-18T21:19:54.153+0000] {processor.py:830} INFO - Processing file /opt/airflow/dags/sodai_pipeline_dag.py for tasks to queue
[2025-11-18T21:19:54.155+0000] {logging_mixin.py:188} INFO - [2025-11-18T21:19:54.155+0000] {dagbag.py:540} INFO - Filling up the DagBag from /opt/airflow/dags/sodai_pipeline_dag.py
[2025-11-18T21:19:54.166+0000] {processor.py:840} INFO - DAG(s) 'sodai_training_and_scoring' retrieved from /opt/airflow/dags/sodai_pipeline_dag.py
[2025-11-18T21:19:54.185+0000] {logging_mixin.py:188} INFO - [2025-11-18T21:19:54.185+0000] {dag.py:3096} INFO - Sync 1 DAGs
[2025-11-18T21:19:54.195+0000] {logging_mixin.py:188} INFO - [2025-11-18T21:19:54.195+0000] {dag.py:3954} INFO - Setting next_dagrun for sodai_training_and_scoring to None, run_after=None
[2025-11-18T21:19:54.208+0000] {processor.py:183} INFO - Processing /opt/airflow/dags/sodai_pipeline_dag.py took 0.060 seconds
[2025-11-18T21:20:24.382+0000] {processor.py:161} INFO - Started process (PID=2092) to work on /opt/airflow/dags/sodai_pipeline_dag.py
[2025-11-18T21:20:24.383+0000] {processor.py:830} INFO - Processing file /opt/airflow/dags/sodai_pipeline_dag.py for tasks to queue
[2025-11-18T21:20:24.384+0000] {logging_mixin.py:188} INFO - [2025-11-18T21:20:24.384+0000] {dagbag.py:540} INFO - Filling up the DagBag from /opt/airflow/dags/sodai_pipeline_dag.py
[2025-11-18T21:20:24.401+0000] {processor.py:840} INFO - DAG(s) 'sodai_training_and_scoring' retrieved from /opt/airflow/dags/sodai_pipeline_dag.py
[2025-11-18T21:20:24.425+0000] {logging_mixin.py:188} INFO - [2025-11-18T21:20:24.424+0000] {dag.py:3096} INFO - Sync 1 DAGs
[2025-11-18T21:20:24.435+0000] {logging_mixin.py:188} INFO - [2025-11-18T21:20:24.434+0000] {dag.py:3954} INFO - Setting next_dagrun for sodai_training_and_scoring to None, run_after=None
[2025-11-18T21:20:24.448+0000] {processor.py:183} INFO - Processing /opt/airflow/dags/sodai_pipeline_dag.py took 0.070 seconds
[2025-11-18T21:20:54.692+0000] {processor.py:161} INFO - Started process (PID=2102) to work on /opt/airflow/dags/sodai_pipeline_dag.py
[2025-11-18T21:20:54.702+0000] {processor.py:830} INFO - Processing file /opt/airflow/dags/sodai_pipeline_dag.py for tasks to queue
[2025-11-18T21:20:54.713+0000] {logging_mixin.py:188} INFO - [2025-11-18T21:20:54.712+0000] {dagbag.py:540} INFO - Filling up the DagBag from /opt/airflow/dags/sodai_pipeline_dag.py
[2025-11-18T21:20:54.846+0000] {processor.py:840} INFO - DAG(s) 'sodai_training_and_scoring' retrieved from /opt/airflow/dags/sodai_pipeline_dag.py
[2025-11-18T21:20:54.869+0000] {logging_mixin.py:188} INFO - [2025-11-18T21:20:54.868+0000] {dag.py:3096} INFO - Sync 1 DAGs
[2025-11-18T21:20:54.880+0000] {logging_mixin.py:188} INFO - [2025-11-18T21:20:54.880+0000] {dag.py:3954} INFO - Setting next_dagrun for sodai_training_and_scoring to None, run_after=None
[2025-11-18T21:20:54.900+0000] {processor.py:183} INFO - Processing /opt/airflow/dags/sodai_pipeline_dag.py took 0.213 seconds
[2025-11-18T21:21:25.863+0000] {processor.py:161} INFO - Started process (PID=2112) to work on /opt/airflow/dags/sodai_pipeline_dag.py
[2025-11-18T21:21:25.864+0000] {processor.py:830} INFO - Processing file /opt/airflow/dags/sodai_pipeline_dag.py for tasks to queue
[2025-11-18T21:21:25.866+0000] {logging_mixin.py:188} INFO - [2025-11-18T21:21:25.865+0000] {dagbag.py:540} INFO - Filling up the DagBag from /opt/airflow/dags/sodai_pipeline_dag.py
[2025-11-18T21:21:25.878+0000] {processor.py:840} INFO - DAG(s) 'sodai_training_and_scoring' retrieved from /opt/airflow/dags/sodai_pipeline_dag.py
[2025-11-18T21:21:25.898+0000] {logging_mixin.py:188} INFO - [2025-11-18T21:21:25.898+0000] {dag.py:3096} INFO - Sync 1 DAGs
[2025-11-18T21:21:25.908+0000] {logging_mixin.py:188} INFO - [2025-11-18T21:21:25.908+0000] {dag.py:3954} INFO - Setting next_dagrun for sodai_training_and_scoring to None, run_after=None
[2025-11-18T21:21:25.921+0000] {processor.py:183} INFO - Processing /opt/airflow/dags/sodai_pipeline_dag.py took 0.061 seconds
[2025-11-18T21:21:56.021+0000] {processor.py:161} INFO - Started process (PID=2122) to work on /opt/airflow/dags/sodai_pipeline_dag.py
[2025-11-18T21:21:56.023+0000] {processor.py:830} INFO - Processing file /opt/airflow/dags/sodai_pipeline_dag.py for tasks to queue
[2025-11-18T21:21:56.024+0000] {logging_mixin.py:188} INFO - [2025-11-18T21:21:56.024+0000] {dagbag.py:540} INFO - Filling up the DagBag from /opt/airflow/dags/sodai_pipeline_dag.py
[2025-11-18T21:21:56.082+0000] {processor.py:840} INFO - DAG(s) 'sodai_training_and_scoring' retrieved from /opt/airflow/dags/sodai_pipeline_dag.py
[2025-11-18T21:21:56.105+0000] {logging_mixin.py:188} INFO - [2025-11-18T21:21:56.105+0000] {dag.py:3096} INFO - Sync 1 DAGs
[2025-11-18T21:21:56.117+0000] {logging_mixin.py:188} INFO - [2025-11-18T21:21:56.117+0000] {dag.py:3954} INFO - Setting next_dagrun for sodai_training_and_scoring to None, run_after=None
[2025-11-18T21:21:56.135+0000] {processor.py:183} INFO - Processing /opt/airflow/dags/sodai_pipeline_dag.py took 0.119 seconds
[2025-11-18T21:22:26.314+0000] {processor.py:161} INFO - Started process (PID=2132) to work on /opt/airflow/dags/sodai_pipeline_dag.py
[2025-11-18T21:22:26.315+0000] {processor.py:830} INFO - Processing file /opt/airflow/dags/sodai_pipeline_dag.py for tasks to queue
[2025-11-18T21:22:26.317+0000] {logging_mixin.py:188} INFO - [2025-11-18T21:22:26.316+0000] {dagbag.py:540} INFO - Filling up the DagBag from /opt/airflow/dags/sodai_pipeline_dag.py
[2025-11-18T21:22:26.373+0000] {processor.py:840} INFO - DAG(s) 'sodai_training_and_scoring' retrieved from /opt/airflow/dags/sodai_pipeline_dag.py
[2025-11-18T21:22:26.397+0000] {logging_mixin.py:188} INFO - [2025-11-18T21:22:26.396+0000] {dag.py:3096} INFO - Sync 1 DAGs
[2025-11-18T21:22:26.411+0000] {logging_mixin.py:188} INFO - [2025-11-18T21:22:26.411+0000] {dag.py:3954} INFO - Setting next_dagrun for sodai_training_and_scoring to None, run_after=None
[2025-11-18T21:22:26.432+0000] {processor.py:183} INFO - Processing /opt/airflow/dags/sodai_pipeline_dag.py took 0.122 seconds
[2025-11-18T21:22:57.404+0000] {processor.py:161} INFO - Started process (PID=2142) to work on /opt/airflow/dags/sodai_pipeline_dag.py
[2025-11-18T21:22:57.405+0000] {processor.py:830} INFO - Processing file /opt/airflow/dags/sodai_pipeline_dag.py for tasks to queue
[2025-11-18T21:22:57.407+0000] {logging_mixin.py:188} INFO - [2025-11-18T21:22:57.406+0000] {dagbag.py:540} INFO - Filling up the DagBag from /opt/airflow/dags/sodai_pipeline_dag.py
[2025-11-18T21:22:57.420+0000] {processor.py:840} INFO - DAG(s) 'sodai_training_and_scoring' retrieved from /opt/airflow/dags/sodai_pipeline_dag.py
[2025-11-18T21:22:57.441+0000] {logging_mixin.py:188} INFO - [2025-11-18T21:22:57.441+0000] {dag.py:3096} INFO - Sync 1 DAGs
[2025-11-18T21:22:57.450+0000] {logging_mixin.py:188} INFO - [2025-11-18T21:22:57.450+0000] {dag.py:3954} INFO - Setting next_dagrun for sodai_training_and_scoring to None, run_after=None
[2025-11-18T21:22:57.465+0000] {processor.py:183} INFO - Processing /opt/airflow/dags/sodai_pipeline_dag.py took 0.065 seconds
[2025-11-18T21:23:27.835+0000] {processor.py:161} INFO - Started process (PID=2152) to work on /opt/airflow/dags/sodai_pipeline_dag.py
[2025-11-18T21:23:27.841+0000] {processor.py:830} INFO - Processing file /opt/airflow/dags/sodai_pipeline_dag.py for tasks to queue
[2025-11-18T21:23:27.847+0000] {logging_mixin.py:188} INFO - [2025-11-18T21:23:27.847+0000] {dagbag.py:540} INFO - Filling up the DagBag from /opt/airflow/dags/sodai_pipeline_dag.py
[2025-11-18T21:23:27.904+0000] {processor.py:840} INFO - DAG(s) 'sodai_training_and_scoring' retrieved from /opt/airflow/dags/sodai_pipeline_dag.py
[2025-11-18T21:23:27.925+0000] {logging_mixin.py:188} INFO - [2025-11-18T21:23:27.925+0000] {dag.py:3096} INFO - Sync 1 DAGs
[2025-11-18T21:23:27.935+0000] {logging_mixin.py:188} INFO - [2025-11-18T21:23:27.935+0000] {dag.py:3954} INFO - Setting next_dagrun for sodai_training_and_scoring to None, run_after=None
[2025-11-18T21:23:27.952+0000] {processor.py:183} INFO - Processing /opt/airflow/dags/sodai_pipeline_dag.py took 0.121 seconds
[2025-11-18T21:23:58.915+0000] {processor.py:161} INFO - Started process (PID=2162) to work on /opt/airflow/dags/sodai_pipeline_dag.py
[2025-11-18T21:23:58.916+0000] {processor.py:830} INFO - Processing file /opt/airflow/dags/sodai_pipeline_dag.py for tasks to queue
[2025-11-18T21:23:58.920+0000] {logging_mixin.py:188} INFO - [2025-11-18T21:23:58.920+0000] {dagbag.py:540} INFO - Filling up the DagBag from /opt/airflow/dags/sodai_pipeline_dag.py
[2025-11-18T21:23:58.952+0000] {processor.py:840} INFO - DAG(s) 'sodai_training_and_scoring' retrieved from /opt/airflow/dags/sodai_pipeline_dag.py
[2025-11-18T21:23:58.977+0000] {logging_mixin.py:188} INFO - [2025-11-18T21:23:58.977+0000] {dag.py:3096} INFO - Sync 1 DAGs
[2025-11-18T21:23:58.989+0000] {logging_mixin.py:188} INFO - [2025-11-18T21:23:58.988+0000] {dag.py:3954} INFO - Setting next_dagrun for sodai_training_and_scoring to None, run_after=None
[2025-11-18T21:23:59.004+0000] {processor.py:183} INFO - Processing /opt/airflow/dags/sodai_pipeline_dag.py took 0.094 seconds
[2025-11-18T21:24:29.986+0000] {processor.py:161} INFO - Started process (PID=2172) to work on /opt/airflow/dags/sodai_pipeline_dag.py
[2025-11-18T21:24:29.989+0000] {processor.py:830} INFO - Processing file /opt/airflow/dags/sodai_pipeline_dag.py for tasks to queue
[2025-11-18T21:24:29.990+0000] {logging_mixin.py:188} INFO - [2025-11-18T21:24:29.990+0000] {dagbag.py:540} INFO - Filling up the DagBag from /opt/airflow/dags/sodai_pipeline_dag.py
[2025-11-18T21:24:30.011+0000] {processor.py:840} INFO - DAG(s) 'sodai_training_and_scoring' retrieved from /opt/airflow/dags/sodai_pipeline_dag.py
[2025-11-18T21:24:30.032+0000] {logging_mixin.py:188} INFO - [2025-11-18T21:24:30.032+0000] {dag.py:3096} INFO - Sync 1 DAGs
[2025-11-18T21:24:30.042+0000] {logging_mixin.py:188} INFO - [2025-11-18T21:24:30.042+0000] {dag.py:3954} INFO - Setting next_dagrun for sodai_training_and_scoring to None, run_after=None
[2025-11-18T21:24:30.063+0000] {processor.py:183} INFO - Processing /opt/airflow/dags/sodai_pipeline_dag.py took 0.082 seconds
[2025-11-18T21:25:00.264+0000] {processor.py:161} INFO - Started process (PID=2182) to work on /opt/airflow/dags/sodai_pipeline_dag.py
[2025-11-18T21:25:00.265+0000] {processor.py:830} INFO - Processing file /opt/airflow/dags/sodai_pipeline_dag.py for tasks to queue
[2025-11-18T21:25:00.268+0000] {logging_mixin.py:188} INFO - [2025-11-18T21:25:00.267+0000] {dagbag.py:540} INFO - Filling up the DagBag from /opt/airflow/dags/sodai_pipeline_dag.py
[2025-11-18T21:25:00.311+0000] {processor.py:840} INFO - DAG(s) 'sodai_training_and_scoring' retrieved from /opt/airflow/dags/sodai_pipeline_dag.py
[2025-11-18T21:25:00.333+0000] {logging_mixin.py:188} INFO - [2025-11-18T21:25:00.332+0000] {dag.py:3096} INFO - Sync 1 DAGs
[2025-11-18T21:25:00.343+0000] {logging_mixin.py:188} INFO - [2025-11-18T21:25:00.343+0000] {dag.py:3954} INFO - Setting next_dagrun for sodai_training_and_scoring to None, run_after=None
[2025-11-18T21:25:00.364+0000] {processor.py:183} INFO - Processing /opt/airflow/dags/sodai_pipeline_dag.py took 0.105 seconds
[2025-11-18T21:25:31.302+0000] {processor.py:161} INFO - Started process (PID=2192) to work on /opt/airflow/dags/sodai_pipeline_dag.py
[2025-11-18T21:25:31.303+0000] {processor.py:830} INFO - Processing file /opt/airflow/dags/sodai_pipeline_dag.py for tasks to queue
[2025-11-18T21:25:31.304+0000] {logging_mixin.py:188} INFO - [2025-11-18T21:25:31.304+0000] {dagbag.py:540} INFO - Filling up the DagBag from /opt/airflow/dags/sodai_pipeline_dag.py
[2025-11-18T21:25:31.317+0000] {processor.py:840} INFO - DAG(s) 'sodai_training_and_scoring' retrieved from /opt/airflow/dags/sodai_pipeline_dag.py
[2025-11-18T21:25:31.338+0000] {logging_mixin.py:188} INFO - [2025-11-18T21:25:31.338+0000] {dag.py:3096} INFO - Sync 1 DAGs
[2025-11-18T21:25:31.347+0000] {logging_mixin.py:188} INFO - [2025-11-18T21:25:31.347+0000] {dag.py:3954} INFO - Setting next_dagrun for sodai_training_and_scoring to None, run_after=None
[2025-11-18T21:25:31.362+0000] {processor.py:183} INFO - Processing /opt/airflow/dags/sodai_pipeline_dag.py took 0.064 seconds
[2025-11-18T21:26:01.505+0000] {processor.py:161} INFO - Started process (PID=2202) to work on /opt/airflow/dags/sodai_pipeline_dag.py
[2025-11-18T21:26:01.506+0000] {processor.py:830} INFO - Processing file /opt/airflow/dags/sodai_pipeline_dag.py for tasks to queue
[2025-11-18T21:26:01.508+0000] {logging_mixin.py:188} INFO - [2025-11-18T21:26:01.508+0000] {dagbag.py:540} INFO - Filling up the DagBag from /opt/airflow/dags/sodai_pipeline_dag.py
[2025-11-18T21:26:01.522+0000] {processor.py:840} INFO - DAG(s) 'sodai_training_and_scoring' retrieved from /opt/airflow/dags/sodai_pipeline_dag.py
[2025-11-18T21:26:01.544+0000] {logging_mixin.py:188} INFO - [2025-11-18T21:26:01.544+0000] {dag.py:3096} INFO - Sync 1 DAGs
[2025-11-18T21:26:01.554+0000] {logging_mixin.py:188} INFO - [2025-11-18T21:26:01.554+0000] {dag.py:3954} INFO - Setting next_dagrun for sodai_training_and_scoring to None, run_after=None
[2025-11-18T21:26:01.568+0000] {processor.py:183} INFO - Processing /opt/airflow/dags/sodai_pipeline_dag.py took 0.066 seconds
[2025-11-18T21:26:31.659+0000] {processor.py:161} INFO - Started process (PID=2212) to work on /opt/airflow/dags/sodai_pipeline_dag.py
[2025-11-18T21:26:31.660+0000] {processor.py:830} INFO - Processing file /opt/airflow/dags/sodai_pipeline_dag.py for tasks to queue
[2025-11-18T21:26:31.661+0000] {logging_mixin.py:188} INFO - [2025-11-18T21:26:31.661+0000] {dagbag.py:540} INFO - Filling up the DagBag from /opt/airflow/dags/sodai_pipeline_dag.py
[2025-11-18T21:26:31.680+0000] {processor.py:840} INFO - DAG(s) 'sodai_training_and_scoring' retrieved from /opt/airflow/dags/sodai_pipeline_dag.py
[2025-11-18T21:26:31.700+0000] {logging_mixin.py:188} INFO - [2025-11-18T21:26:31.700+0000] {dag.py:3096} INFO - Sync 1 DAGs
[2025-11-18T21:26:31.711+0000] {logging_mixin.py:188} INFO - [2025-11-18T21:26:31.711+0000] {dag.py:3954} INFO - Setting next_dagrun for sodai_training_and_scoring to None, run_after=None
[2025-11-18T21:26:31.727+0000] {processor.py:183} INFO - Processing /opt/airflow/dags/sodai_pipeline_dag.py took 0.073 seconds
[2025-11-18T21:27:01.908+0000] {processor.py:161} INFO - Started process (PID=2222) to work on /opt/airflow/dags/sodai_pipeline_dag.py
[2025-11-18T21:27:01.909+0000] {processor.py:830} INFO - Processing file /opt/airflow/dags/sodai_pipeline_dag.py for tasks to queue
[2025-11-18T21:27:01.911+0000] {logging_mixin.py:188} INFO - [2025-11-18T21:27:01.911+0000] {dagbag.py:540} INFO - Filling up the DagBag from /opt/airflow/dags/sodai_pipeline_dag.py
[2025-11-18T21:27:01.942+0000] {processor.py:840} INFO - DAG(s) 'sodai_training_and_scoring' retrieved from /opt/airflow/dags/sodai_pipeline_dag.py
[2025-11-18T21:27:01.965+0000] {logging_mixin.py:188} INFO - [2025-11-18T21:27:01.964+0000] {dag.py:3096} INFO - Sync 1 DAGs
[2025-11-18T21:27:01.975+0000] {logging_mixin.py:188} INFO - [2025-11-18T21:27:01.975+0000] {dag.py:3954} INFO - Setting next_dagrun for sodai_training_and_scoring to None, run_after=None
[2025-11-18T21:27:01.990+0000] {processor.py:183} INFO - Processing /opt/airflow/dags/sodai_pipeline_dag.py took 0.086 seconds
[2025-11-18T21:27:32.191+0000] {processor.py:161} INFO - Started process (PID=2232) to work on /opt/airflow/dags/sodai_pipeline_dag.py
[2025-11-18T21:27:32.192+0000] {processor.py:830} INFO - Processing file /opt/airflow/dags/sodai_pipeline_dag.py for tasks to queue
[2025-11-18T21:27:32.195+0000] {logging_mixin.py:188} INFO - [2025-11-18T21:27:32.195+0000] {dagbag.py:540} INFO - Filling up the DagBag from /opt/airflow/dags/sodai_pipeline_dag.py
[2025-11-18T21:27:32.219+0000] {processor.py:840} INFO - DAG(s) 'sodai_training_and_scoring' retrieved from /opt/airflow/dags/sodai_pipeline_dag.py
[2025-11-18T21:27:32.239+0000] {logging_mixin.py:188} INFO - [2025-11-18T21:27:32.239+0000] {dag.py:3096} INFO - Sync 1 DAGs
[2025-11-18T21:27:32.249+0000] {logging_mixin.py:188} INFO - [2025-11-18T21:27:32.249+0000] {dag.py:3954} INFO - Setting next_dagrun for sodai_training_and_scoring to None, run_after=None
[2025-11-18T21:27:32.263+0000] {processor.py:183} INFO - Processing /opt/airflow/dags/sodai_pipeline_dag.py took 0.076 seconds
[2025-11-18T21:28:02.325+0000] {processor.py:161} INFO - Started process (PID=2242) to work on /opt/airflow/dags/sodai_pipeline_dag.py
[2025-11-18T21:28:02.325+0000] {processor.py:830} INFO - Processing file /opt/airflow/dags/sodai_pipeline_dag.py for tasks to queue
[2025-11-18T21:28:02.327+0000] {logging_mixin.py:188} INFO - [2025-11-18T21:28:02.326+0000] {dagbag.py:540} INFO - Filling up the DagBag from /opt/airflow/dags/sodai_pipeline_dag.py
[2025-11-18T21:28:02.341+0000] {processor.py:840} INFO - DAG(s) 'sodai_training_and_scoring' retrieved from /opt/airflow/dags/sodai_pipeline_dag.py
[2025-11-18T21:28:02.362+0000] {logging_mixin.py:188} INFO - [2025-11-18T21:28:02.362+0000] {dag.py:3096} INFO - Sync 1 DAGs
[2025-11-18T21:28:02.372+0000] {logging_mixin.py:188} INFO - [2025-11-18T21:28:02.372+0000] {dag.py:3954} INFO - Setting next_dagrun for sodai_training_and_scoring to None, run_after=None
[2025-11-18T21:28:02.385+0000] {processor.py:183} INFO - Processing /opt/airflow/dags/sodai_pipeline_dag.py took 0.065 seconds
[2025-11-18T21:28:32.615+0000] {processor.py:161} INFO - Started process (PID=2252) to work on /opt/airflow/dags/sodai_pipeline_dag.py
[2025-11-18T21:28:32.617+0000] {processor.py:830} INFO - Processing file /opt/airflow/dags/sodai_pipeline_dag.py for tasks to queue
[2025-11-18T21:28:32.618+0000] {logging_mixin.py:188} INFO - [2025-11-18T21:28:32.618+0000] {dagbag.py:540} INFO - Filling up the DagBag from /opt/airflow/dags/sodai_pipeline_dag.py
[2025-11-18T21:28:32.639+0000] {processor.py:840} INFO - DAG(s) 'sodai_training_and_scoring' retrieved from /opt/airflow/dags/sodai_pipeline_dag.py
[2025-11-18T21:28:32.661+0000] {logging_mixin.py:188} INFO - [2025-11-18T21:28:32.661+0000] {dag.py:3096} INFO - Sync 1 DAGs
[2025-11-18T21:28:32.672+0000] {logging_mixin.py:188} INFO - [2025-11-18T21:28:32.672+0000] {dag.py:3954} INFO - Setting next_dagrun for sodai_training_and_scoring to None, run_after=None
[2025-11-18T21:28:32.688+0000] {processor.py:183} INFO - Processing /opt/airflow/dags/sodai_pipeline_dag.py took 0.077 seconds
[2025-11-18T21:29:02.749+0000] {processor.py:161} INFO - Started process (PID=2262) to work on /opt/airflow/dags/sodai_pipeline_dag.py
[2025-11-18T21:29:02.750+0000] {processor.py:830} INFO - Processing file /opt/airflow/dags/sodai_pipeline_dag.py for tasks to queue
[2025-11-18T21:29:02.751+0000] {logging_mixin.py:188} INFO - [2025-11-18T21:29:02.751+0000] {dagbag.py:540} INFO - Filling up the DagBag from /opt/airflow/dags/sodai_pipeline_dag.py
[2025-11-18T21:29:02.764+0000] {processor.py:840} INFO - DAG(s) 'sodai_training_and_scoring' retrieved from /opt/airflow/dags/sodai_pipeline_dag.py
[2025-11-18T21:29:02.786+0000] {logging_mixin.py:188} INFO - [2025-11-18T21:29:02.786+0000] {dag.py:3096} INFO - Sync 1 DAGs
[2025-11-18T21:29:02.797+0000] {logging_mixin.py:188} INFO - [2025-11-18T21:29:02.797+0000] {dag.py:3954} INFO - Setting next_dagrun for sodai_training_and_scoring to None, run_after=None
[2025-11-18T21:29:02.811+0000] {processor.py:183} INFO - Processing /opt/airflow/dags/sodai_pipeline_dag.py took 0.066 seconds
[2025-11-18T21:29:33.023+0000] {processor.py:161} INFO - Started process (PID=2272) to work on /opt/airflow/dags/sodai_pipeline_dag.py
[2025-11-18T21:29:33.024+0000] {processor.py:830} INFO - Processing file /opt/airflow/dags/sodai_pipeline_dag.py for tasks to queue
[2025-11-18T21:29:33.026+0000] {logging_mixin.py:188} INFO - [2025-11-18T21:29:33.025+0000] {dagbag.py:540} INFO - Filling up the DagBag from /opt/airflow/dags/sodai_pipeline_dag.py
[2025-11-18T21:29:33.077+0000] {processor.py:840} INFO - DAG(s) 'sodai_training_and_scoring' retrieved from /opt/airflow/dags/sodai_pipeline_dag.py
[2025-11-18T21:29:33.099+0000] {logging_mixin.py:188} INFO - [2025-11-18T21:29:33.099+0000] {dag.py:3096} INFO - Sync 1 DAGs
[2025-11-18T21:29:33.110+0000] {logging_mixin.py:188} INFO - [2025-11-18T21:29:33.110+0000] {dag.py:3954} INFO - Setting next_dagrun for sodai_training_and_scoring to None, run_after=None
[2025-11-18T21:29:33.127+0000] {processor.py:183} INFO - Processing /opt/airflow/dags/sodai_pipeline_dag.py took 0.108 seconds
[2025-11-18T21:30:04.191+0000] {processor.py:161} INFO - Started process (PID=2282) to work on /opt/airflow/dags/sodai_pipeline_dag.py
[2025-11-18T21:30:04.192+0000] {processor.py:830} INFO - Processing file /opt/airflow/dags/sodai_pipeline_dag.py for tasks to queue
[2025-11-18T21:30:04.193+0000] {logging_mixin.py:188} INFO - [2025-11-18T21:30:04.193+0000] {dagbag.py:540} INFO - Filling up the DagBag from /opt/airflow/dags/sodai_pipeline_dag.py
[2025-11-18T21:30:04.209+0000] {processor.py:840} INFO - DAG(s) 'sodai_training_and_scoring' retrieved from /opt/airflow/dags/sodai_pipeline_dag.py
[2025-11-18T21:30:04.231+0000] {logging_mixin.py:188} INFO - [2025-11-18T21:30:04.231+0000] {dag.py:3096} INFO - Sync 1 DAGs
[2025-11-18T21:30:04.243+0000] {logging_mixin.py:188} INFO - [2025-11-18T21:30:04.243+0000] {dag.py:3954} INFO - Setting next_dagrun for sodai_training_and_scoring to None, run_after=None
[2025-11-18T21:30:04.258+0000] {processor.py:183} INFO - Processing /opt/airflow/dags/sodai_pipeline_dag.py took 0.071 seconds
[2025-11-18T21:30:34.447+0000] {processor.py:161} INFO - Started process (PID=2292) to work on /opt/airflow/dags/sodai_pipeline_dag.py
[2025-11-18T21:30:34.447+0000] {processor.py:830} INFO - Processing file /opt/airflow/dags/sodai_pipeline_dag.py for tasks to queue
[2025-11-18T21:30:34.448+0000] {logging_mixin.py:188} INFO - [2025-11-18T21:30:34.448+0000] {dagbag.py:540} INFO - Filling up the DagBag from /opt/airflow/dags/sodai_pipeline_dag.py
[2025-11-18T21:30:34.466+0000] {processor.py:840} INFO - DAG(s) 'sodai_training_and_scoring' retrieved from /opt/airflow/dags/sodai_pipeline_dag.py
[2025-11-18T21:30:34.486+0000] {logging_mixin.py:188} INFO - [2025-11-18T21:30:34.486+0000] {dag.py:3096} INFO - Sync 1 DAGs
[2025-11-18T21:30:34.322+0000] {logging_mixin.py:188} INFO - [2025-11-18T21:30:34.322+0000] {dag.py:3954} INFO - Setting next_dagrun for sodai_training_and_scoring to None, run_after=None
[2025-11-18T21:30:34.337+0000] {processor.py:183} INFO - Processing /opt/airflow/dags/sodai_pipeline_dag.py took 0.069 seconds
[2025-11-18T21:31:04.575+0000] {processor.py:161} INFO - Started process (PID=2302) to work on /opt/airflow/dags/sodai_pipeline_dag.py
[2025-11-18T21:31:04.576+0000] {processor.py:830} INFO - Processing file /opt/airflow/dags/sodai_pipeline_dag.py for tasks to queue
[2025-11-18T21:31:04.577+0000] {logging_mixin.py:188} INFO - [2025-11-18T21:31:04.577+0000] {dagbag.py:540} INFO - Filling up the DagBag from /opt/airflow/dags/sodai_pipeline_dag.py
[2025-11-18T21:31:04.595+0000] {processor.py:840} INFO - DAG(s) 'sodai_training_and_scoring' retrieved from /opt/airflow/dags/sodai_pipeline_dag.py
[2025-11-18T21:31:04.617+0000] {logging_mixin.py:188} INFO - [2025-11-18T21:31:04.617+0000] {dag.py:3096} INFO - Sync 1 DAGs
[2025-11-18T21:31:04.627+0000] {logging_mixin.py:188} INFO - [2025-11-18T21:31:04.627+0000] {dag.py:3954} INFO - Setting next_dagrun for sodai_training_and_scoring to None, run_after=None
[2025-11-18T21:31:04.641+0000] {processor.py:183} INFO - Processing /opt/airflow/dags/sodai_pipeline_dag.py took 0.071 seconds
[2025-11-18T21:31:34.836+0000] {processor.py:161} INFO - Started process (PID=2312) to work on /opt/airflow/dags/sodai_pipeline_dag.py
[2025-11-18T21:31:34.840+0000] {processor.py:830} INFO - Processing file /opt/airflow/dags/sodai_pipeline_dag.py for tasks to queue
[2025-11-18T21:31:34.845+0000] {logging_mixin.py:188} INFO - [2025-11-18T21:31:34.845+0000] {dagbag.py:540} INFO - Filling up the DagBag from /opt/airflow/dags/sodai_pipeline_dag.py
[2025-11-18T21:31:34.874+0000] {processor.py:840} INFO - DAG(s) 'sodai_training_and_scoring' retrieved from /opt/airflow/dags/sodai_pipeline_dag.py
[2025-11-18T21:31:34.894+0000] {logging_mixin.py:188} INFO - [2025-11-18T21:31:34.894+0000] {dag.py:3096} INFO - Sync 1 DAGs
[2025-11-18T21:31:34.903+0000] {logging_mixin.py:188} INFO - [2025-11-18T21:31:34.903+0000] {dag.py:3954} INFO - Setting next_dagrun for sodai_training_and_scoring to None, run_after=None
[2025-11-18T21:31:34.917+0000] {processor.py:183} INFO - Processing /opt/airflow/dags/sodai_pipeline_dag.py took 0.086 seconds
[2025-11-18T21:32:05.017+0000] {processor.py:161} INFO - Started process (PID=2322) to work on /opt/airflow/dags/sodai_pipeline_dag.py
[2025-11-18T21:32:05.018+0000] {processor.py:830} INFO - Processing file /opt/airflow/dags/sodai_pipeline_dag.py for tasks to queue
[2025-11-18T21:32:05.019+0000] {logging_mixin.py:188} INFO - [2025-11-18T21:32:05.019+0000] {dagbag.py:540} INFO - Filling up the DagBag from /opt/airflow/dags/sodai_pipeline_dag.py
[2025-11-18T21:32:05.031+0000] {processor.py:840} INFO - DAG(s) 'sodai_training_and_scoring' retrieved from /opt/airflow/dags/sodai_pipeline_dag.py
[2025-11-18T21:32:05.051+0000] {logging_mixin.py:188} INFO - [2025-11-18T21:32:05.051+0000] {dag.py:3096} INFO - Sync 1 DAGs
[2025-11-18T21:32:05.061+0000] {logging_mixin.py:188} INFO - [2025-11-18T21:32:05.061+0000] {dag.py:3954} INFO - Setting next_dagrun for sodai_training_and_scoring to None, run_after=None
[2025-11-18T21:32:05.076+0000] {processor.py:183} INFO - Processing /opt/airflow/dags/sodai_pipeline_dag.py took 0.064 seconds
[2025-11-18T21:32:35.160+0000] {processor.py:161} INFO - Started process (PID=2332) to work on /opt/airflow/dags/sodai_pipeline_dag.py
[2025-11-18T21:32:35.160+0000] {processor.py:830} INFO - Processing file /opt/airflow/dags/sodai_pipeline_dag.py for tasks to queue
[2025-11-18T21:32:35.162+0000] {logging_mixin.py:188} INFO - [2025-11-18T21:32:35.162+0000] {dagbag.py:540} INFO - Filling up the DagBag from /opt/airflow/dags/sodai_pipeline_dag.py
[2025-11-18T21:32:35.173+0000] {processor.py:840} INFO - DAG(s) 'sodai_training_and_scoring' retrieved from /opt/airflow/dags/sodai_pipeline_dag.py
[2025-11-18T21:32:35.194+0000] {logging_mixin.py:188} INFO - [2025-11-18T21:32:35.194+0000] {dag.py:3096} INFO - Sync 1 DAGs
[2025-11-18T21:32:35.204+0000] {logging_mixin.py:188} INFO - [2025-11-18T21:32:35.204+0000] {dag.py:3954} INFO - Setting next_dagrun for sodai_training_and_scoring to None, run_after=None
[2025-11-18T21:32:35.218+0000] {processor.py:183} INFO - Processing /opt/airflow/dags/sodai_pipeline_dag.py took 0.062 seconds
[2025-11-18T21:33:05.299+0000] {processor.py:161} INFO - Started process (PID=2342) to work on /opt/airflow/dags/sodai_pipeline_dag.py
[2025-11-18T21:33:05.301+0000] {processor.py:830} INFO - Processing file /opt/airflow/dags/sodai_pipeline_dag.py for tasks to queue
[2025-11-18T21:33:05.302+0000] {logging_mixin.py:188} INFO - [2025-11-18T21:33:05.302+0000] {dagbag.py:540} INFO - Filling up the DagBag from /opt/airflow/dags/sodai_pipeline_dag.py
[2025-11-18T21:33:05.316+0000] {processor.py:840} INFO - DAG(s) 'sodai_training_and_scoring' retrieved from /opt/airflow/dags/sodai_pipeline_dag.py
[2025-11-18T21:33:05.338+0000] {logging_mixin.py:188} INFO - [2025-11-18T21:33:05.337+0000] {dag.py:3096} INFO - Sync 1 DAGs
[2025-11-18T21:33:05.348+0000] {logging_mixin.py:188} INFO - [2025-11-18T21:33:05.347+0000] {dag.py:3954} INFO - Setting next_dagrun for sodai_training_and_scoring to None, run_after=None
[2025-11-18T21:33:05.364+0000] {processor.py:183} INFO - Processing /opt/airflow/dags/sodai_pipeline_dag.py took 0.069 seconds
[2025-11-18T21:33:35.495+0000] {processor.py:161} INFO - Started process (PID=2352) to work on /opt/airflow/dags/sodai_pipeline_dag.py
[2025-11-18T21:33:35.496+0000] {processor.py:830} INFO - Processing file /opt/airflow/dags/sodai_pipeline_dag.py for tasks to queue
[2025-11-18T21:33:35.498+0000] {logging_mixin.py:188} INFO - [2025-11-18T21:33:35.497+0000] {dagbag.py:540} INFO - Filling up the DagBag from /opt/airflow/dags/sodai_pipeline_dag.py
[2025-11-18T21:33:35.519+0000] {processor.py:840} INFO - DAG(s) 'sodai_training_and_scoring' retrieved from /opt/airflow/dags/sodai_pipeline_dag.py
[2025-11-18T21:33:35.540+0000] {logging_mixin.py:188} INFO - [2025-11-18T21:33:35.540+0000] {dag.py:3096} INFO - Sync 1 DAGs
[2025-11-18T21:33:35.551+0000] {logging_mixin.py:188} INFO - [2025-11-18T21:33:35.551+0000] {dag.py:3954} INFO - Setting next_dagrun for sodai_training_and_scoring to None, run_after=None
[2025-11-18T21:33:35.567+0000] {processor.py:183} INFO - Processing /opt/airflow/dags/sodai_pipeline_dag.py took 0.077 seconds
[2025-11-18T21:34:05.826+0000] {processor.py:161} INFO - Started process (PID=2362) to work on /opt/airflow/dags/sodai_pipeline_dag.py
[2025-11-18T21:34:05.827+0000] {processor.py:830} INFO - Processing file /opt/airflow/dags/sodai_pipeline_dag.py for tasks to queue
[2025-11-18T21:34:05.828+0000] {logging_mixin.py:188} INFO - [2025-11-18T21:34:05.828+0000] {dagbag.py:540} INFO - Filling up the DagBag from /opt/airflow/dags/sodai_pipeline_dag.py
[2025-11-18T21:34:05.842+0000] {processor.py:840} INFO - DAG(s) 'sodai_training_and_scoring' retrieved from /opt/airflow/dags/sodai_pipeline_dag.py
[2025-11-18T21:34:05.862+0000] {logging_mixin.py:188} INFO - [2025-11-18T21:34:05.861+0000] {dag.py:3096} INFO - Sync 1 DAGs
[2025-11-18T21:34:05.872+0000] {logging_mixin.py:188} INFO - [2025-11-18T21:34:05.872+0000] {dag.py:3954} INFO - Setting next_dagrun for sodai_training_and_scoring to None, run_after=None
[2025-11-18T21:34:05.896+0000] {processor.py:183} INFO - Processing /opt/airflow/dags/sodai_pipeline_dag.py took 0.075 seconds
[2025-11-18T21:34:36.168+0000] {processor.py:161} INFO - Started process (PID=2372) to work on /opt/airflow/dags/sodai_pipeline_dag.py
[2025-11-18T21:34:36.169+0000] {processor.py:830} INFO - Processing file /opt/airflow/dags/sodai_pipeline_dag.py for tasks to queue
[2025-11-18T21:34:36.172+0000] {logging_mixin.py:188} INFO - [2025-11-18T21:34:36.172+0000] {dagbag.py:540} INFO - Filling up the DagBag from /opt/airflow/dags/sodai_pipeline_dag.py
[2025-11-18T21:34:36.187+0000] {processor.py:840} INFO - DAG(s) 'sodai_training_and_scoring' retrieved from /opt/airflow/dags/sodai_pipeline_dag.py
[2025-11-18T21:34:36.213+0000] {logging_mixin.py:188} INFO - [2025-11-18T21:34:36.213+0000] {dag.py:3096} INFO - Sync 1 DAGs
[2025-11-18T21:34:36.223+0000] {logging_mixin.py:188} INFO - [2025-11-18T21:34:36.223+0000] {dag.py:3954} INFO - Setting next_dagrun for sodai_training_and_scoring to None, run_after=None
[2025-11-18T21:34:36.237+0000] {processor.py:183} INFO - Processing /opt/airflow/dags/sodai_pipeline_dag.py took 0.074 seconds
[2025-11-18T21:35:06.467+0000] {processor.py:161} INFO - Started process (PID=2382) to work on /opt/airflow/dags/sodai_pipeline_dag.py
[2025-11-18T21:35:06.468+0000] {processor.py:830} INFO - Processing file /opt/airflow/dags/sodai_pipeline_dag.py for tasks to queue
[2025-11-18T21:35:06.470+0000] {logging_mixin.py:188} INFO - [2025-11-18T21:35:06.469+0000] {dagbag.py:540} INFO - Filling up the DagBag from /opt/airflow/dags/sodai_pipeline_dag.py
[2025-11-18T21:35:06.485+0000] {processor.py:840} INFO - DAG(s) 'sodai_training_and_scoring' retrieved from /opt/airflow/dags/sodai_pipeline_dag.py
[2025-11-18T21:35:06.506+0000] {logging_mixin.py:188} INFO - [2025-11-18T21:35:06.506+0000] {dag.py:3096} INFO - Sync 1 DAGs
[2025-11-18T21:35:06.515+0000] {logging_mixin.py:188} INFO - [2025-11-18T21:35:06.515+0000] {dag.py:3954} INFO - Setting next_dagrun for sodai_training_and_scoring to None, run_after=None
[2025-11-18T21:35:06.529+0000] {processor.py:183} INFO - Processing /opt/airflow/dags/sodai_pipeline_dag.py took 0.067 seconds
[2025-11-18T21:35:36.761+0000] {processor.py:161} INFO - Started process (PID=2392) to work on /opt/airflow/dags/sodai_pipeline_dag.py
[2025-11-18T21:35:36.761+0000] {processor.py:830} INFO - Processing file /opt/airflow/dags/sodai_pipeline_dag.py for tasks to queue
[2025-11-18T21:35:36.763+0000] {logging_mixin.py:188} INFO - [2025-11-18T21:35:36.762+0000] {dagbag.py:540} INFO - Filling up the DagBag from /opt/airflow/dags/sodai_pipeline_dag.py
[2025-11-18T21:35:36.779+0000] {processor.py:840} INFO - DAG(s) 'sodai_training_and_scoring' retrieved from /opt/airflow/dags/sodai_pipeline_dag.py
[2025-11-18T21:35:36.801+0000] {logging_mixin.py:188} INFO - [2025-11-18T21:35:36.801+0000] {dag.py:3096} INFO - Sync 1 DAGs
[2025-11-18T21:35:36.810+0000] {logging_mixin.py:188} INFO - [2025-11-18T21:35:36.810+0000] {dag.py:3954} INFO - Setting next_dagrun for sodai_training_and_scoring to None, run_after=None
[2025-11-18T21:35:36.823+0000] {processor.py:183} INFO - Processing /opt/airflow/dags/sodai_pipeline_dag.py took 0.066 seconds
[2025-11-18T21:36:07.039+0000] {processor.py:161} INFO - Started process (PID=2402) to work on /opt/airflow/dags/sodai_pipeline_dag.py
[2025-11-18T21:36:07.042+0000] {processor.py:830} INFO - Processing file /opt/airflow/dags/sodai_pipeline_dag.py for tasks to queue
[2025-11-18T21:36:07.049+0000] {logging_mixin.py:188} INFO - [2025-11-18T21:36:07.049+0000] {dagbag.py:540} INFO - Filling up the DagBag from /opt/airflow/dags/sodai_pipeline_dag.py
[2025-11-18T21:36:07.118+0000] {processor.py:840} INFO - DAG(s) 'sodai_training_and_scoring' retrieved from /opt/airflow/dags/sodai_pipeline_dag.py
[2025-11-18T21:36:07.136+0000] {logging_mixin.py:188} INFO - [2025-11-18T21:36:07.136+0000] {dag.py:3096} INFO - Sync 1 DAGs
[2025-11-18T21:36:07.147+0000] {logging_mixin.py:188} INFO - [2025-11-18T21:36:07.147+0000] {dag.py:3954} INFO - Setting next_dagrun for sodai_training_and_scoring to None, run_after=None
[2025-11-18T21:36:07.160+0000] {processor.py:183} INFO - Processing /opt/airflow/dags/sodai_pipeline_dag.py took 0.126 seconds
[2025-11-18T21:36:38.093+0000] {processor.py:161} INFO - Started process (PID=2412) to work on /opt/airflow/dags/sodai_pipeline_dag.py
[2025-11-18T21:36:38.095+0000] {processor.py:830} INFO - Processing file /opt/airflow/dags/sodai_pipeline_dag.py for tasks to queue
[2025-11-18T21:36:38.097+0000] {logging_mixin.py:188} INFO - [2025-11-18T21:36:38.097+0000] {dagbag.py:540} INFO - Filling up the DagBag from /opt/airflow/dags/sodai_pipeline_dag.py
[2025-11-18T21:36:38.119+0000] {processor.py:840} INFO - DAG(s) 'sodai_training_and_scoring' retrieved from /opt/airflow/dags/sodai_pipeline_dag.py
[2025-11-18T21:36:38.140+0000] {logging_mixin.py:188} INFO - [2025-11-18T21:36:38.139+0000] {dag.py:3096} INFO - Sync 1 DAGs
[2025-11-18T21:36:38.149+0000] {logging_mixin.py:188} INFO - [2025-11-18T21:36:38.149+0000] {dag.py:3954} INFO - Setting next_dagrun for sodai_training_and_scoring to None, run_after=None
[2025-11-18T21:36:38.162+0000] {processor.py:183} INFO - Processing /opt/airflow/dags/sodai_pipeline_dag.py took 0.073 seconds
[2025-11-18T21:37:08.524+0000] {processor.py:161} INFO - Started process (PID=2422) to work on /opt/airflow/dags/sodai_pipeline_dag.py
[2025-11-18T21:37:08.525+0000] {processor.py:830} INFO - Processing file /opt/airflow/dags/sodai_pipeline_dag.py for tasks to queue
[2025-11-18T21:37:08.527+0000] {logging_mixin.py:188} INFO - [2025-11-18T21:37:08.527+0000] {dagbag.py:540} INFO - Filling up the DagBag from /opt/airflow/dags/sodai_pipeline_dag.py
[2025-11-18T21:37:08.555+0000] {processor.py:840} INFO - DAG(s) 'sodai_training_and_scoring' retrieved from /opt/airflow/dags/sodai_pipeline_dag.py
[2025-11-18T21:37:08.581+0000] {logging_mixin.py:188} INFO - [2025-11-18T21:37:08.580+0000] {dag.py:3096} INFO - Sync 1 DAGs
[2025-11-18T21:37:08.595+0000] {logging_mixin.py:188} INFO - [2025-11-18T21:37:08.595+0000] {dag.py:3954} INFO - Setting next_dagrun for sodai_training_and_scoring to None, run_after=None
[2025-11-18T21:37:08.613+0000] {processor.py:183} INFO - Processing /opt/airflow/dags/sodai_pipeline_dag.py took 0.094 seconds
[2025-11-18T21:37:39.561+0000] {processor.py:161} INFO - Started process (PID=2432) to work on /opt/airflow/dags/sodai_pipeline_dag.py
[2025-11-18T21:37:39.562+0000] {processor.py:830} INFO - Processing file /opt/airflow/dags/sodai_pipeline_dag.py for tasks to queue
[2025-11-18T21:37:39.564+0000] {logging_mixin.py:188} INFO - [2025-11-18T21:37:39.564+0000] {dagbag.py:540} INFO - Filling up the DagBag from /opt/airflow/dags/sodai_pipeline_dag.py
[2025-11-18T21:37:39.581+0000] {processor.py:840} INFO - DAG(s) 'sodai_training_and_scoring' retrieved from /opt/airflow/dags/sodai_pipeline_dag.py
[2025-11-18T21:37:39.603+0000] {logging_mixin.py:188} INFO - [2025-11-18T21:37:39.603+0000] {dag.py:3096} INFO - Sync 1 DAGs
[2025-11-18T21:37:39.616+0000] {logging_mixin.py:188} INFO - [2025-11-18T21:37:39.616+0000] {dag.py:3954} INFO - Setting next_dagrun for sodai_training_and_scoring to None, run_after=None
[2025-11-18T21:37:39.639+0000] {processor.py:183} INFO - Processing /opt/airflow/dags/sodai_pipeline_dag.py took 0.083 seconds
[2025-11-18T21:38:09.908+0000] {processor.py:161} INFO - Started process (PID=2442) to work on /opt/airflow/dags/sodai_pipeline_dag.py
[2025-11-18T21:38:09.910+0000] {processor.py:830} INFO - Processing file /opt/airflow/dags/sodai_pipeline_dag.py for tasks to queue
[2025-11-18T21:38:09.912+0000] {logging_mixin.py:188} INFO - [2025-11-18T21:38:09.912+0000] {dagbag.py:540} INFO - Filling up the DagBag from /opt/airflow/dags/sodai_pipeline_dag.py
[2025-11-18T21:38:09.947+0000] {processor.py:840} INFO - DAG(s) 'sodai_training_and_scoring' retrieved from /opt/airflow/dags/sodai_pipeline_dag.py
[2025-11-18T21:38:09.971+0000] {logging_mixin.py:188} INFO - [2025-11-18T21:38:09.971+0000] {dag.py:3096} INFO - Sync 1 DAGs
[2025-11-18T21:38:09.982+0000] {logging_mixin.py:188} INFO - [2025-11-18T21:38:09.981+0000] {dag.py:3954} INFO - Setting next_dagrun for sodai_training_and_scoring to None, run_after=None
[2025-11-18T21:38:10.001+0000] {processor.py:183} INFO - Processing /opt/airflow/dags/sodai_pipeline_dag.py took 0.098 seconds
[2025-11-18T21:38:40.144+0000] {processor.py:161} INFO - Started process (PID=2452) to work on /opt/airflow/dags/sodai_pipeline_dag.py
[2025-11-18T21:38:40.145+0000] {processor.py:830} INFO - Processing file /opt/airflow/dags/sodai_pipeline_dag.py for tasks to queue
[2025-11-18T21:38:40.146+0000] {logging_mixin.py:188} INFO - [2025-11-18T21:38:40.146+0000] {dagbag.py:540} INFO - Filling up the DagBag from /opt/airflow/dags/sodai_pipeline_dag.py
[2025-11-18T21:38:40.158+0000] {processor.py:840} INFO - DAG(s) 'sodai_training_and_scoring' retrieved from /opt/airflow/dags/sodai_pipeline_dag.py
[2025-11-18T21:38:40.179+0000] {logging_mixin.py:188} INFO - [2025-11-18T21:38:40.179+0000] {dag.py:3096} INFO - Sync 1 DAGs
[2025-11-18T21:38:40.189+0000] {logging_mixin.py:188} INFO - [2025-11-18T21:38:40.189+0000] {dag.py:3954} INFO - Setting next_dagrun for sodai_training_and_scoring to None, run_after=None
[2025-11-18T21:38:40.212+0000] {processor.py:183} INFO - Processing /opt/airflow/dags/sodai_pipeline_dag.py took 0.072 seconds
[2025-11-18T21:39:11.229+0000] {processor.py:161} INFO - Started process (PID=2462) to work on /opt/airflow/dags/sodai_pipeline_dag.py
[2025-11-18T21:39:11.231+0000] {processor.py:830} INFO - Processing file /opt/airflow/dags/sodai_pipeline_dag.py for tasks to queue
[2025-11-18T21:39:11.232+0000] {logging_mixin.py:188} INFO - [2025-11-18T21:39:11.232+0000] {dagbag.py:540} INFO - Filling up the DagBag from /opt/airflow/dags/sodai_pipeline_dag.py
[2025-11-18T21:39:11.246+0000] {processor.py:840} INFO - DAG(s) 'sodai_training_and_scoring' retrieved from /opt/airflow/dags/sodai_pipeline_dag.py
[2025-11-18T21:39:11.266+0000] {logging_mixin.py:188} INFO - [2025-11-18T21:39:11.266+0000] {dag.py:3096} INFO - Sync 1 DAGs
[2025-11-18T21:39:11.276+0000] {logging_mixin.py:188} INFO - [2025-11-18T21:39:11.275+0000] {dag.py:3954} INFO - Setting next_dagrun for sodai_training_and_scoring to None, run_after=None
[2025-11-18T21:39:11.289+0000] {processor.py:183} INFO - Processing /opt/airflow/dags/sodai_pipeline_dag.py took 0.064 seconds
[2025-11-18T21:39:41.495+0000] {processor.py:161} INFO - Started process (PID=2472) to work on /opt/airflow/dags/sodai_pipeline_dag.py
[2025-11-18T21:39:41.498+0000] {processor.py:830} INFO - Processing file /opt/airflow/dags/sodai_pipeline_dag.py for tasks to queue
[2025-11-18T21:39:41.499+0000] {logging_mixin.py:188} INFO - [2025-11-18T21:39:41.499+0000] {dagbag.py:540} INFO - Filling up the DagBag from /opt/airflow/dags/sodai_pipeline_dag.py
[2025-11-18T21:39:41.513+0000] {processor.py:840} INFO - DAG(s) 'sodai_training_and_scoring' retrieved from /opt/airflow/dags/sodai_pipeline_dag.py
[2025-11-18T21:39:41.535+0000] {logging_mixin.py:188} INFO - [2025-11-18T21:39:41.534+0000] {dag.py:3096} INFO - Sync 1 DAGs
[2025-11-18T21:39:41.544+0000] {logging_mixin.py:188} INFO - [2025-11-18T21:39:41.544+0000] {dag.py:3954} INFO - Setting next_dagrun for sodai_training_and_scoring to None, run_after=None
[2025-11-18T21:39:41.557+0000] {processor.py:183} INFO - Processing /opt/airflow/dags/sodai_pipeline_dag.py took 0.067 seconds
[2025-11-18T21:40:11.738+0000] {processor.py:161} INFO - Started process (PID=2482) to work on /opt/airflow/dags/sodai_pipeline_dag.py
[2025-11-18T21:40:11.739+0000] {processor.py:830} INFO - Processing file /opt/airflow/dags/sodai_pipeline_dag.py for tasks to queue
[2025-11-18T21:40:11.740+0000] {logging_mixin.py:188} INFO - [2025-11-18T21:40:11.740+0000] {dagbag.py:540} INFO - Filling up the DagBag from /opt/airflow/dags/sodai_pipeline_dag.py
[2025-11-18T21:40:11.754+0000] {processor.py:840} INFO - DAG(s) 'sodai_training_and_scoring' retrieved from /opt/airflow/dags/sodai_pipeline_dag.py
[2025-11-18T21:40:11.776+0000] {logging_mixin.py:188} INFO - [2025-11-18T21:40:11.776+0000] {dag.py:3096} INFO - Sync 1 DAGs
[2025-11-18T21:40:11.790+0000] {logging_mixin.py:188} INFO - [2025-11-18T21:40:11.790+0000] {dag.py:3954} INFO - Setting next_dagrun for sodai_training_and_scoring to None, run_after=None
[2025-11-18T21:40:11.805+0000] {processor.py:183} INFO - Processing /opt/airflow/dags/sodai_pipeline_dag.py took 0.071 seconds
[2025-11-18T21:40:42.026+0000] {processor.py:161} INFO - Started process (PID=2492) to work on /opt/airflow/dags/sodai_pipeline_dag.py
[2025-11-18T21:40:42.027+0000] {processor.py:830} INFO - Processing file /opt/airflow/dags/sodai_pipeline_dag.py for tasks to queue
[2025-11-18T21:40:42.029+0000] {logging_mixin.py:188} INFO - [2025-11-18T21:40:42.029+0000] {dagbag.py:540} INFO - Filling up the DagBag from /opt/airflow/dags/sodai_pipeline_dag.py
[2025-11-18T21:40:42.044+0000] {processor.py:840} INFO - DAG(s) 'sodai_training_and_scoring' retrieved from /opt/airflow/dags/sodai_pipeline_dag.py
[2025-11-18T21:40:42.068+0000] {logging_mixin.py:188} INFO - [2025-11-18T21:40:42.068+0000] {dag.py:3096} INFO - Sync 1 DAGs
[2025-11-18T21:40:42.080+0000] {logging_mixin.py:188} INFO - [2025-11-18T21:40:42.080+0000] {dag.py:3954} INFO - Setting next_dagrun for sodai_training_and_scoring to None, run_after=None
[2025-11-18T21:40:42.095+0000] {processor.py:183} INFO - Processing /opt/airflow/dags/sodai_pipeline_dag.py took 0.074 seconds
[2025-11-18T21:41:12.140+0000] {processor.py:161} INFO - Started process (PID=2502) to work on /opt/airflow/dags/sodai_pipeline_dag.py
[2025-11-18T21:41:12.142+0000] {processor.py:830} INFO - Processing file /opt/airflow/dags/sodai_pipeline_dag.py for tasks to queue
[2025-11-18T21:41:12.144+0000] {logging_mixin.py:188} INFO - [2025-11-18T21:41:12.144+0000] {dagbag.py:540} INFO - Filling up the DagBag from /opt/airflow/dags/sodai_pipeline_dag.py
[2025-11-18T21:41:12.172+0000] {processor.py:840} INFO - DAG(s) 'sodai_training_and_scoring' retrieved from /opt/airflow/dags/sodai_pipeline_dag.py
[2025-11-18T21:41:12.199+0000] {logging_mixin.py:188} INFO - [2025-11-18T21:41:12.199+0000] {dag.py:3096} INFO - Sync 1 DAGs
[2025-11-18T21:41:12.209+0000] {logging_mixin.py:188} INFO - [2025-11-18T21:41:12.209+0000] {dag.py:3954} INFO - Setting next_dagrun for sodai_training_and_scoring to None, run_after=None
[2025-11-18T21:41:12.226+0000] {processor.py:183} INFO - Processing /opt/airflow/dags/sodai_pipeline_dag.py took 0.090 seconds
[2025-11-18T21:41:42.269+0000] {processor.py:161} INFO - Started process (PID=2512) to work on /opt/airflow/dags/sodai_pipeline_dag.py
[2025-11-18T21:41:42.270+0000] {processor.py:830} INFO - Processing file /opt/airflow/dags/sodai_pipeline_dag.py for tasks to queue
[2025-11-18T21:41:42.272+0000] {logging_mixin.py:188} INFO - [2025-11-18T21:41:42.271+0000] {dagbag.py:540} INFO - Filling up the DagBag from /opt/airflow/dags/sodai_pipeline_dag.py
[2025-11-18T21:41:42.300+0000] {processor.py:840} INFO - DAG(s) 'sodai_training_and_scoring' retrieved from /opt/airflow/dags/sodai_pipeline_dag.py
[2025-11-18T21:41:42.324+0000] {logging_mixin.py:188} INFO - [2025-11-18T21:41:42.324+0000] {dag.py:3096} INFO - Sync 1 DAGs
[2025-11-18T21:41:42.337+0000] {logging_mixin.py:188} INFO - [2025-11-18T21:41:42.336+0000] {dag.py:3954} INFO - Setting next_dagrun for sodai_training_and_scoring to None, run_after=None
[2025-11-18T21:41:42.353+0000] {processor.py:183} INFO - Processing /opt/airflow/dags/sodai_pipeline_dag.py took 0.088 seconds
[2025-11-18T21:42:12.473+0000] {processor.py:161} INFO - Started process (PID=2522) to work on /opt/airflow/dags/sodai_pipeline_dag.py
[2025-11-18T21:42:12.474+0000] {processor.py:830} INFO - Processing file /opt/airflow/dags/sodai_pipeline_dag.py for tasks to queue
[2025-11-18T21:42:12.477+0000] {logging_mixin.py:188} INFO - [2025-11-18T21:42:12.476+0000] {dagbag.py:540} INFO - Filling up the DagBag from /opt/airflow/dags/sodai_pipeline_dag.py
[2025-11-18T21:42:12.504+0000] {processor.py:840} INFO - DAG(s) 'sodai_training_and_scoring' retrieved from /opt/airflow/dags/sodai_pipeline_dag.py
[2025-11-18T21:42:12.528+0000] {logging_mixin.py:188} INFO - [2025-11-18T21:42:12.528+0000] {dag.py:3096} INFO - Sync 1 DAGs
[2025-11-18T21:42:12.540+0000] {logging_mixin.py:188} INFO - [2025-11-18T21:42:12.540+0000] {dag.py:3954} INFO - Setting next_dagrun for sodai_training_and_scoring to None, run_after=None
[2025-11-18T21:42:12.556+0000] {processor.py:183} INFO - Processing /opt/airflow/dags/sodai_pipeline_dag.py took 0.091 seconds
[2025-11-18T21:42:43.592+0000] {processor.py:161} INFO - Started process (PID=2532) to work on /opt/airflow/dags/sodai_pipeline_dag.py
[2025-11-18T21:42:43.593+0000] {processor.py:830} INFO - Processing file /opt/airflow/dags/sodai_pipeline_dag.py for tasks to queue
[2025-11-18T21:42:43.595+0000] {logging_mixin.py:188} INFO - [2025-11-18T21:42:43.594+0000] {dagbag.py:540} INFO - Filling up the DagBag from /opt/airflow/dags/sodai_pipeline_dag.py
[2025-11-18T21:42:43.608+0000] {processor.py:840} INFO - DAG(s) 'sodai_training_and_scoring' retrieved from /opt/airflow/dags/sodai_pipeline_dag.py
[2025-11-18T21:42:43.628+0000] {logging_mixin.py:188} INFO - [2025-11-18T21:42:43.628+0000] {dag.py:3096} INFO - Sync 1 DAGs
[2025-11-18T21:42:43.638+0000] {logging_mixin.py:188} INFO - [2025-11-18T21:42:43.638+0000] {dag.py:3954} INFO - Setting next_dagrun for sodai_training_and_scoring to None, run_after=None
[2025-11-18T21:42:43.651+0000] {processor.py:183} INFO - Processing /opt/airflow/dags/sodai_pipeline_dag.py took 0.063 seconds
[2025-11-18T21:43:13.741+0000] {processor.py:161} INFO - Started process (PID=2542) to work on /opt/airflow/dags/sodai_pipeline_dag.py
[2025-11-18T21:43:13.742+0000] {processor.py:830} INFO - Processing file /opt/airflow/dags/sodai_pipeline_dag.py for tasks to queue
[2025-11-18T21:43:13.743+0000] {logging_mixin.py:188} INFO - [2025-11-18T21:43:13.743+0000] {dagbag.py:540} INFO - Filling up the DagBag from /opt/airflow/dags/sodai_pipeline_dag.py
[2025-11-18T21:43:13.767+0000] {processor.py:840} INFO - DAG(s) 'sodai_training_and_scoring' retrieved from /opt/airflow/dags/sodai_pipeline_dag.py
[2025-11-18T21:43:13.793+0000] {logging_mixin.py:188} INFO - [2025-11-18T21:43:13.793+0000] {dag.py:3096} INFO - Sync 1 DAGs
[2025-11-18T21:43:13.803+0000] {logging_mixin.py:188} INFO - [2025-11-18T21:43:13.803+0000] {dag.py:3954} INFO - Setting next_dagrun for sodai_training_and_scoring to None, run_after=None
[2025-11-18T21:43:13.819+0000] {processor.py:183} INFO - Processing /opt/airflow/dags/sodai_pipeline_dag.py took 0.082 seconds
[2025-11-18T21:43:43.996+0000] {processor.py:161} INFO - Started process (PID=2552) to work on /opt/airflow/dags/sodai_pipeline_dag.py
[2025-11-18T21:43:43.997+0000] {processor.py:830} INFO - Processing file /opt/airflow/dags/sodai_pipeline_dag.py for tasks to queue
[2025-11-18T21:43:43.998+0000] {logging_mixin.py:188} INFO - [2025-11-18T21:43:43.998+0000] {dagbag.py:540} INFO - Filling up the DagBag from /opt/airflow/dags/sodai_pipeline_dag.py
[2025-11-18T21:43:44.023+0000] {processor.py:840} INFO - DAG(s) 'sodai_training_and_scoring' retrieved from /opt/airflow/dags/sodai_pipeline_dag.py
[2025-11-18T21:43:44.045+0000] {logging_mixin.py:188} INFO - [2025-11-18T21:43:44.044+0000] {dag.py:3096} INFO - Sync 1 DAGs
[2025-11-18T21:43:44.055+0000] {logging_mixin.py:188} INFO - [2025-11-18T21:43:44.055+0000] {dag.py:3954} INFO - Setting next_dagrun for sodai_training_and_scoring to None, run_after=None
[2025-11-18T21:43:44.069+0000] {processor.py:183} INFO - Processing /opt/airflow/dags/sodai_pipeline_dag.py took 0.077 seconds
[2025-11-18T21:44:14.123+0000] {processor.py:161} INFO - Started process (PID=2562) to work on /opt/airflow/dags/sodai_pipeline_dag.py
[2025-11-18T21:44:14.124+0000] {processor.py:830} INFO - Processing file /opt/airflow/dags/sodai_pipeline_dag.py for tasks to queue
[2025-11-18T21:44:14.125+0000] {logging_mixin.py:188} INFO - [2025-11-18T21:44:14.125+0000] {dagbag.py:540} INFO - Filling up the DagBag from /opt/airflow/dags/sodai_pipeline_dag.py
[2025-11-18T21:44:14.139+0000] {processor.py:840} INFO - DAG(s) 'sodai_training_and_scoring' retrieved from /opt/airflow/dags/sodai_pipeline_dag.py
[2025-11-18T21:44:14.161+0000] {logging_mixin.py:188} INFO - [2025-11-18T21:44:14.161+0000] {dag.py:3096} INFO - Sync 1 DAGs
[2025-11-18T21:44:14.171+0000] {logging_mixin.py:188} INFO - [2025-11-18T21:44:14.171+0000] {dag.py:3954} INFO - Setting next_dagrun for sodai_training_and_scoring to None, run_after=None
[2025-11-18T21:44:14.185+0000] {processor.py:183} INFO - Processing /opt/airflow/dags/sodai_pipeline_dag.py took 0.067 seconds
[2025-11-18T21:44:45.211+0000] {processor.py:161} INFO - Started process (PID=2572) to work on /opt/airflow/dags/sodai_pipeline_dag.py
[2025-11-18T21:44:45.212+0000] {processor.py:830} INFO - Processing file /opt/airflow/dags/sodai_pipeline_dag.py for tasks to queue
[2025-11-18T21:44:45.213+0000] {logging_mixin.py:188} INFO - [2025-11-18T21:44:45.213+0000] {dagbag.py:540} INFO - Filling up the DagBag from /opt/airflow/dags/sodai_pipeline_dag.py
[2025-11-18T21:44:45.227+0000] {processor.py:840} INFO - DAG(s) 'sodai_training_and_scoring' retrieved from /opt/airflow/dags/sodai_pipeline_dag.py
[2025-11-18T21:44:45.248+0000] {logging_mixin.py:188} INFO - [2025-11-18T21:44:45.247+0000] {dag.py:3096} INFO - Sync 1 DAGs
[2025-11-18T21:44:45.258+0000] {logging_mixin.py:188} INFO - [2025-11-18T21:44:45.258+0000] {dag.py:3954} INFO - Setting next_dagrun for sodai_training_and_scoring to None, run_after=None
[2025-11-18T21:44:45.272+0000] {processor.py:183} INFO - Processing /opt/airflow/dags/sodai_pipeline_dag.py took 0.065 seconds
[2025-11-18T21:45:15.403+0000] {processor.py:161} INFO - Started process (PID=2582) to work on /opt/airflow/dags/sodai_pipeline_dag.py
[2025-11-18T21:45:15.404+0000] {processor.py:830} INFO - Processing file /opt/airflow/dags/sodai_pipeline_dag.py for tasks to queue
[2025-11-18T21:45:15.405+0000] {logging_mixin.py:188} INFO - [2025-11-18T21:45:15.405+0000] {dagbag.py:540} INFO - Filling up the DagBag from /opt/airflow/dags/sodai_pipeline_dag.py
[2025-11-18T21:45:15.419+0000] {processor.py:840} INFO - DAG(s) 'sodai_training_and_scoring' retrieved from /opt/airflow/dags/sodai_pipeline_dag.py
[2025-11-18T21:45:15.440+0000] {logging_mixin.py:188} INFO - [2025-11-18T21:45:15.440+0000] {dag.py:3096} INFO - Sync 1 DAGs
[2025-11-18T21:45:15.451+0000] {logging_mixin.py:188} INFO - [2025-11-18T21:45:15.451+0000] {dag.py:3954} INFO - Setting next_dagrun for sodai_training_and_scoring to None, run_after=None
[2025-11-18T21:45:15.471+0000] {processor.py:183} INFO - Processing /opt/airflow/dags/sodai_pipeline_dag.py took 0.073 seconds
[2025-11-18T21:45:45.732+0000] {processor.py:161} INFO - Started process (PID=2592) to work on /opt/airflow/dags/sodai_pipeline_dag.py
[2025-11-18T21:45:45.733+0000] {processor.py:830} INFO - Processing file /opt/airflow/dags/sodai_pipeline_dag.py for tasks to queue
[2025-11-18T21:45:45.734+0000] {logging_mixin.py:188} INFO - [2025-11-18T21:45:45.734+0000] {dagbag.py:540} INFO - Filling up the DagBag from /opt/airflow/dags/sodai_pipeline_dag.py
[2025-11-18T21:45:45.749+0000] {processor.py:840} INFO - DAG(s) 'sodai_training_and_scoring' retrieved from /opt/airflow/dags/sodai_pipeline_dag.py
[2025-11-18T21:45:45.771+0000] {logging_mixin.py:188} INFO - [2025-11-18T21:45:45.771+0000] {dag.py:3096} INFO - Sync 1 DAGs
[2025-11-18T21:45:45.781+0000] {logging_mixin.py:188} INFO - [2025-11-18T21:45:45.781+0000] {dag.py:3954} INFO - Setting next_dagrun for sodai_training_and_scoring to None, run_after=None
[2025-11-18T21:45:45.796+0000] {processor.py:183} INFO - Processing /opt/airflow/dags/sodai_pipeline_dag.py took 0.068 seconds
[2025-11-18T21:46:15.912+0000] {processor.py:161} INFO - Started process (PID=2602) to work on /opt/airflow/dags/sodai_pipeline_dag.py
[2025-11-18T21:46:15.929+0000] {processor.py:830} INFO - Processing file /opt/airflow/dags/sodai_pipeline_dag.py for tasks to queue
[2025-11-18T21:46:15.933+0000] {logging_mixin.py:188} INFO - [2025-11-18T21:46:15.933+0000] {dagbag.py:540} INFO - Filling up the DagBag from /opt/airflow/dags/sodai_pipeline_dag.py
[2025-11-18T21:46:15.948+0000] {processor.py:840} INFO - DAG(s) 'sodai_training_and_scoring' retrieved from /opt/airflow/dags/sodai_pipeline_dag.py
[2025-11-18T21:46:15.968+0000] {logging_mixin.py:188} INFO - [2025-11-18T21:46:15.968+0000] {dag.py:3096} INFO - Sync 1 DAGs
[2025-11-18T21:46:15.978+0000] {logging_mixin.py:188} INFO - [2025-11-18T21:46:15.978+0000] {dag.py:3954} INFO - Setting next_dagrun for sodai_training_and_scoring to None, run_after=None
[2025-11-18T21:46:15.993+0000] {processor.py:183} INFO - Processing /opt/airflow/dags/sodai_pipeline_dag.py took 0.085 seconds
[2025-11-18T21:46:46.168+0000] {processor.py:161} INFO - Started process (PID=2612) to work on /opt/airflow/dags/sodai_pipeline_dag.py
[2025-11-18T21:46:46.169+0000] {processor.py:830} INFO - Processing file /opt/airflow/dags/sodai_pipeline_dag.py for tasks to queue
[2025-11-18T21:46:46.171+0000] {logging_mixin.py:188} INFO - [2025-11-18T21:46:46.170+0000] {dagbag.py:540} INFO - Filling up the DagBag from /opt/airflow/dags/sodai_pipeline_dag.py
[2025-11-18T21:46:46.186+0000] {processor.py:840} INFO - DAG(s) 'sodai_training_and_scoring' retrieved from /opt/airflow/dags/sodai_pipeline_dag.py
[2025-11-18T21:46:46.208+0000] {logging_mixin.py:188} INFO - [2025-11-18T21:46:46.208+0000] {dag.py:3096} INFO - Sync 1 DAGs
[2025-11-18T21:46:46.219+0000] {logging_mixin.py:188} INFO - [2025-11-18T21:46:46.219+0000] {dag.py:3954} INFO - Setting next_dagrun for sodai_training_and_scoring to None, run_after=None
[2025-11-18T21:46:46.234+0000] {processor.py:183} INFO - Processing /opt/airflow/dags/sodai_pipeline_dag.py took 0.070 seconds
[2025-11-18T21:47:16.274+0000] {processor.py:161} INFO - Started process (PID=2622) to work on /opt/airflow/dags/sodai_pipeline_dag.py
[2025-11-18T21:47:16.275+0000] {processor.py:830} INFO - Processing file /opt/airflow/dags/sodai_pipeline_dag.py for tasks to queue
[2025-11-18T21:47:16.277+0000] {logging_mixin.py:188} INFO - [2025-11-18T21:47:16.276+0000] {dagbag.py:540} INFO - Filling up the DagBag from /opt/airflow/dags/sodai_pipeline_dag.py
[2025-11-18T21:47:16.292+0000] {processor.py:840} INFO - DAG(s) 'sodai_training_and_scoring' retrieved from /opt/airflow/dags/sodai_pipeline_dag.py
[2025-11-18T21:47:16.315+0000] {logging_mixin.py:188} INFO - [2025-11-18T21:47:16.315+0000] {dag.py:3096} INFO - Sync 1 DAGs
[2025-11-18T21:47:16.328+0000] {logging_mixin.py:188} INFO - [2025-11-18T21:47:16.328+0000] {dag.py:3954} INFO - Setting next_dagrun for sodai_training_and_scoring to None, run_after=None
[2025-11-18T21:47:16.371+0000] {processor.py:183} INFO - Processing /opt/airflow/dags/sodai_pipeline_dag.py took 0.101 seconds
[2025-11-18T21:47:47.362+0000] {processor.py:161} INFO - Started process (PID=2632) to work on /opt/airflow/dags/sodai_pipeline_dag.py
[2025-11-18T21:47:47.363+0000] {processor.py:830} INFO - Processing file /opt/airflow/dags/sodai_pipeline_dag.py for tasks to queue
[2025-11-18T21:47:47.365+0000] {logging_mixin.py:188} INFO - [2025-11-18T21:47:47.364+0000] {dagbag.py:540} INFO - Filling up the DagBag from /opt/airflow/dags/sodai_pipeline_dag.py
[2025-11-18T21:47:47.381+0000] {processor.py:840} INFO - DAG(s) 'sodai_training_and_scoring' retrieved from /opt/airflow/dags/sodai_pipeline_dag.py
[2025-11-18T21:47:47.405+0000] {logging_mixin.py:188} INFO - [2025-11-18T21:47:47.405+0000] {dag.py:3096} INFO - Sync 1 DAGs
[2025-11-18T21:47:47.417+0000] {logging_mixin.py:188} INFO - [2025-11-18T21:47:47.417+0000] {dag.py:3954} INFO - Setting next_dagrun for sodai_training_and_scoring to None, run_after=None
[2025-11-18T21:47:47.438+0000] {processor.py:183} INFO - Processing /opt/airflow/dags/sodai_pipeline_dag.py took 0.081 seconds
[2025-11-18T21:48:17.472+0000] {processor.py:161} INFO - Started process (PID=2645) to work on /opt/airflow/dags/sodai_pipeline_dag.py
[2025-11-18T21:48:17.473+0000] {processor.py:830} INFO - Processing file /opt/airflow/dags/sodai_pipeline_dag.py for tasks to queue
[2025-11-18T21:48:17.475+0000] {logging_mixin.py:188} INFO - [2025-11-18T21:48:17.474+0000] {dagbag.py:540} INFO - Filling up the DagBag from /opt/airflow/dags/sodai_pipeline_dag.py
[2025-11-18T21:48:17.489+0000] {processor.py:840} INFO - DAG(s) 'sodai_training_and_scoring' retrieved from /opt/airflow/dags/sodai_pipeline_dag.py
[2025-11-18T21:48:17.509+0000] {logging_mixin.py:188} INFO - [2025-11-18T21:48:17.509+0000] {dag.py:3096} INFO - Sync 1 DAGs
[2025-11-18T21:48:17.518+0000] {logging_mixin.py:188} INFO - [2025-11-18T21:48:17.518+0000] {dag.py:3954} INFO - Setting next_dagrun for sodai_training_and_scoring to None, run_after=None
[2025-11-18T21:48:17.532+0000] {processor.py:183} INFO - Processing /opt/airflow/dags/sodai_pipeline_dag.py took 0.065 seconds
[2025-11-18T21:48:47.729+0000] {processor.py:161} INFO - Started process (PID=2652) to work on /opt/airflow/dags/sodai_pipeline_dag.py
[2025-11-18T21:48:47.730+0000] {processor.py:830} INFO - Processing file /opt/airflow/dags/sodai_pipeline_dag.py for tasks to queue
[2025-11-18T21:48:47.732+0000] {logging_mixin.py:188} INFO - [2025-11-18T21:48:47.731+0000] {dagbag.py:540} INFO - Filling up the DagBag from /opt/airflow/dags/sodai_pipeline_dag.py
[2025-11-18T21:48:47.751+0000] {processor.py:840} INFO - DAG(s) 'sodai_training_and_scoring' retrieved from /opt/airflow/dags/sodai_pipeline_dag.py
[2025-11-18T21:48:47.773+0000] {logging_mixin.py:188} INFO - [2025-11-18T21:48:47.773+0000] {dag.py:3096} INFO - Sync 1 DAGs
[2025-11-18T21:48:47.782+0000] {logging_mixin.py:188} INFO - [2025-11-18T21:48:47.782+0000] {dag.py:3954} INFO - Setting next_dagrun for sodai_training_and_scoring to None, run_after=None
[2025-11-18T21:48:47.796+0000] {processor.py:183} INFO - Processing /opt/airflow/dags/sodai_pipeline_dag.py took 0.072 seconds
[2025-11-18T21:49:17.997+0000] {processor.py:161} INFO - Started process (PID=2662) to work on /opt/airflow/dags/sodai_pipeline_dag.py
[2025-11-18T21:49:17.998+0000] {processor.py:830} INFO - Processing file /opt/airflow/dags/sodai_pipeline_dag.py for tasks to queue
[2025-11-18T21:49:18.000+0000] {logging_mixin.py:188} INFO - [2025-11-18T21:49:18.000+0000] {dagbag.py:540} INFO - Filling up the DagBag from /opt/airflow/dags/sodai_pipeline_dag.py
[2025-11-18T21:49:18.013+0000] {processor.py:840} INFO - DAG(s) 'sodai_training_and_scoring' retrieved from /opt/airflow/dags/sodai_pipeline_dag.py
[2025-11-18T21:49:18.034+0000] {logging_mixin.py:188} INFO - [2025-11-18T21:49:18.034+0000] {dag.py:3096} INFO - Sync 1 DAGs
[2025-11-18T21:49:18.044+0000] {logging_mixin.py:188} INFO - [2025-11-18T21:49:18.044+0000] {dag.py:3954} INFO - Setting next_dagrun for sodai_training_and_scoring to None, run_after=None
[2025-11-18T21:49:18.056+0000] {processor.py:183} INFO - Processing /opt/airflow/dags/sodai_pipeline_dag.py took 0.064 seconds
[2025-11-18T21:49:48.166+0000] {processor.py:161} INFO - Started process (PID=2672) to work on /opt/airflow/dags/sodai_pipeline_dag.py
[2025-11-18T21:49:48.167+0000] {processor.py:830} INFO - Processing file /opt/airflow/dags/sodai_pipeline_dag.py for tasks to queue
[2025-11-18T21:49:48.169+0000] {logging_mixin.py:188} INFO - [2025-11-18T21:49:48.168+0000] {dagbag.py:540} INFO - Filling up the DagBag from /opt/airflow/dags/sodai_pipeline_dag.py
[2025-11-18T21:49:48.183+0000] {processor.py:840} INFO - DAG(s) 'sodai_training_and_scoring' retrieved from /opt/airflow/dags/sodai_pipeline_dag.py
[2025-11-18T21:49:48.204+0000] {logging_mixin.py:188} INFO - [2025-11-18T21:49:48.204+0000] {dag.py:3096} INFO - Sync 1 DAGs
[2025-11-18T21:49:48.216+0000] {logging_mixin.py:188} INFO - [2025-11-18T21:49:48.215+0000] {dag.py:3954} INFO - Setting next_dagrun for sodai_training_and_scoring to None, run_after=None
[2025-11-18T21:49:48.238+0000] {processor.py:183} INFO - Processing /opt/airflow/dags/sodai_pipeline_dag.py took 0.077 seconds
[2025-11-18T21:50:18.273+0000] {processor.py:161} INFO - Started process (PID=2682) to work on /opt/airflow/dags/sodai_pipeline_dag.py
[2025-11-18T21:50:18.274+0000] {processor.py:830} INFO - Processing file /opt/airflow/dags/sodai_pipeline_dag.py for tasks to queue
[2025-11-18T21:50:18.276+0000] {logging_mixin.py:188} INFO - [2025-11-18T21:50:18.275+0000] {dagbag.py:540} INFO - Filling up the DagBag from /opt/airflow/dags/sodai_pipeline_dag.py
[2025-11-18T21:50:18.290+0000] {processor.py:840} INFO - DAG(s) 'sodai_training_and_scoring' retrieved from /opt/airflow/dags/sodai_pipeline_dag.py
[2025-11-18T21:50:18.311+0000] {logging_mixin.py:188} INFO - [2025-11-18T21:50:18.311+0000] {dag.py:3096} INFO - Sync 1 DAGs
[2025-11-18T21:50:18.321+0000] {logging_mixin.py:188} INFO - [2025-11-18T21:50:18.321+0000] {dag.py:3954} INFO - Setting next_dagrun for sodai_training_and_scoring to None, run_after=None
[2025-11-18T21:50:18.336+0000] {processor.py:183} INFO - Processing /opt/airflow/dags/sodai_pipeline_dag.py took 0.069 seconds
[2025-11-18T21:50:48.469+0000] {processor.py:161} INFO - Started process (PID=2692) to work on /opt/airflow/dags/sodai_pipeline_dag.py
[2025-11-18T21:50:48.469+0000] {processor.py:830} INFO - Processing file /opt/airflow/dags/sodai_pipeline_dag.py for tasks to queue
[2025-11-18T21:50:48.471+0000] {logging_mixin.py:188} INFO - [2025-11-18T21:50:48.470+0000] {dagbag.py:540} INFO - Filling up the DagBag from /opt/airflow/dags/sodai_pipeline_dag.py
[2025-11-18T21:50:48.485+0000] {processor.py:840} INFO - DAG(s) 'sodai_training_and_scoring' retrieved from /opt/airflow/dags/sodai_pipeline_dag.py
[2025-11-18T21:50:48.507+0000] {logging_mixin.py:188} INFO - [2025-11-18T21:50:48.507+0000] {dag.py:3096} INFO - Sync 1 DAGs
[2025-11-18T21:50:48.517+0000] {logging_mixin.py:188} INFO - [2025-11-18T21:50:48.516+0000] {dag.py:3954} INFO - Setting next_dagrun for sodai_training_and_scoring to None, run_after=None
[2025-11-18T21:50:48.534+0000] {processor.py:183} INFO - Processing /opt/airflow/dags/sodai_pipeline_dag.py took 0.069 seconds
[2025-11-18T21:51:18.670+0000] {processor.py:161} INFO - Started process (PID=2702) to work on /opt/airflow/dags/sodai_pipeline_dag.py
[2025-11-18T21:51:18.671+0000] {processor.py:830} INFO - Processing file /opt/airflow/dags/sodai_pipeline_dag.py for tasks to queue
[2025-11-18T21:51:18.672+0000] {logging_mixin.py:188} INFO - [2025-11-18T21:51:18.672+0000] {dagbag.py:540} INFO - Filling up the DagBag from /opt/airflow/dags/sodai_pipeline_dag.py
[2025-11-18T21:51:18.688+0000] {processor.py:840} INFO - DAG(s) 'sodai_training_and_scoring' retrieved from /opt/airflow/dags/sodai_pipeline_dag.py
[2025-11-18T21:51:18.709+0000] {logging_mixin.py:188} INFO - [2025-11-18T21:51:18.709+0000] {dag.py:3096} INFO - Sync 1 DAGs
[2025-11-18T21:51:18.719+0000] {logging_mixin.py:188} INFO - [2025-11-18T21:51:18.719+0000] {dag.py:3954} INFO - Setting next_dagrun for sodai_training_and_scoring to None, run_after=None
[2025-11-18T21:51:18.733+0000] {processor.py:183} INFO - Processing /opt/airflow/dags/sodai_pipeline_dag.py took 0.068 seconds
[2025-11-18T21:51:48.842+0000] {processor.py:161} INFO - Started process (PID=2712) to work on /opt/airflow/dags/sodai_pipeline_dag.py
[2025-11-18T21:51:48.843+0000] {processor.py:830} INFO - Processing file /opt/airflow/dags/sodai_pipeline_dag.py for tasks to queue
[2025-11-18T21:51:48.845+0000] {logging_mixin.py:188} INFO - [2025-11-18T21:51:48.844+0000] {dagbag.py:540} INFO - Filling up the DagBag from /opt/airflow/dags/sodai_pipeline_dag.py
[2025-11-18T21:51:48.863+0000] {processor.py:840} INFO - DAG(s) 'sodai_training_and_scoring' retrieved from /opt/airflow/dags/sodai_pipeline_dag.py
[2025-11-18T21:51:48.886+0000] {logging_mixin.py:188} INFO - [2025-11-18T21:51:48.886+0000] {dag.py:3096} INFO - Sync 1 DAGs
[2025-11-18T21:51:48.895+0000] {logging_mixin.py:188} INFO - [2025-11-18T21:51:48.895+0000] {dag.py:3954} INFO - Setting next_dagrun for sodai_training_and_scoring to None, run_after=None
[2025-11-18T21:51:48.910+0000] {processor.py:183} INFO - Processing /opt/airflow/dags/sodai_pipeline_dag.py took 0.073 seconds
[2025-11-18T21:52:18.970+0000] {processor.py:161} INFO - Started process (PID=2722) to work on /opt/airflow/dags/sodai_pipeline_dag.py
[2025-11-18T21:52:18.972+0000] {processor.py:830} INFO - Processing file /opt/airflow/dags/sodai_pipeline_dag.py for tasks to queue
[2025-11-18T21:52:18.973+0000] {logging_mixin.py:188} INFO - [2025-11-18T21:52:18.973+0000] {dagbag.py:540} INFO - Filling up the DagBag from /opt/airflow/dags/sodai_pipeline_dag.py
[2025-11-18T21:52:18.993+0000] {processor.py:840} INFO - DAG(s) 'sodai_training_and_scoring' retrieved from /opt/airflow/dags/sodai_pipeline_dag.py
[2025-11-18T21:52:19.016+0000] {logging_mixin.py:188} INFO - [2025-11-18T21:52:19.016+0000] {dag.py:3096} INFO - Sync 1 DAGs
[2025-11-18T21:52:19.029+0000] {logging_mixin.py:188} INFO - [2025-11-18T21:52:19.028+0000] {dag.py:3954} INFO - Setting next_dagrun for sodai_training_and_scoring to None, run_after=None
[2025-11-18T21:52:19.042+0000] {processor.py:183} INFO - Processing /opt/airflow/dags/sodai_pipeline_dag.py took 0.076 seconds
[2025-11-18T21:52:49.083+0000] {processor.py:161} INFO - Started process (PID=2732) to work on /opt/airflow/dags/sodai_pipeline_dag.py
[2025-11-18T21:52:49.084+0000] {processor.py:830} INFO - Processing file /opt/airflow/dags/sodai_pipeline_dag.py for tasks to queue
[2025-11-18T21:52:49.086+0000] {logging_mixin.py:188} INFO - [2025-11-18T21:52:49.086+0000] {dagbag.py:540} INFO - Filling up the DagBag from /opt/airflow/dags/sodai_pipeline_dag.py
[2025-11-18T21:52:49.101+0000] {processor.py:840} INFO - DAG(s) 'sodai_training_and_scoring' retrieved from /opt/airflow/dags/sodai_pipeline_dag.py
[2025-11-18T21:52:49.123+0000] {logging_mixin.py:188} INFO - [2025-11-18T21:52:49.123+0000] {dag.py:3096} INFO - Sync 1 DAGs
[2025-11-18T21:52:49.133+0000] {logging_mixin.py:188} INFO - [2025-11-18T21:52:49.132+0000] {dag.py:3954} INFO - Setting next_dagrun for sodai_training_and_scoring to None, run_after=None
[2025-11-18T21:52:49.147+0000] {processor.py:183} INFO - Processing /opt/airflow/dags/sodai_pipeline_dag.py took 0.069 seconds
[2025-11-18T21:53:19.276+0000] {processor.py:161} INFO - Started process (PID=2742) to work on /opt/airflow/dags/sodai_pipeline_dag.py
[2025-11-18T21:53:19.277+0000] {processor.py:830} INFO - Processing file /opt/airflow/dags/sodai_pipeline_dag.py for tasks to queue
[2025-11-18T21:53:19.278+0000] {logging_mixin.py:188} INFO - [2025-11-18T21:53:19.278+0000] {dagbag.py:540} INFO - Filling up the DagBag from /opt/airflow/dags/sodai_pipeline_dag.py
[2025-11-18T21:53:19.295+0000] {processor.py:840} INFO - DAG(s) 'sodai_training_and_scoring' retrieved from /opt/airflow/dags/sodai_pipeline_dag.py
[2025-11-18T21:53:19.317+0000] {logging_mixin.py:188} INFO - [2025-11-18T21:53:19.317+0000] {dag.py:3096} INFO - Sync 1 DAGs
[2025-11-18T21:53:19.327+0000] {logging_mixin.py:188} INFO - [2025-11-18T21:53:19.327+0000] {dag.py:3954} INFO - Setting next_dagrun for sodai_training_and_scoring to None, run_after=None
[2025-11-18T21:53:19.341+0000] {processor.py:183} INFO - Processing /opt/airflow/dags/sodai_pipeline_dag.py took 0.071 seconds
[2025-11-18T21:53:49.416+0000] {processor.py:161} INFO - Started process (PID=2752) to work on /opt/airflow/dags/sodai_pipeline_dag.py
[2025-11-18T21:53:49.417+0000] {processor.py:830} INFO - Processing file /opt/airflow/dags/sodai_pipeline_dag.py for tasks to queue
[2025-11-18T21:53:49.419+0000] {logging_mixin.py:188} INFO - [2025-11-18T21:53:49.418+0000] {dagbag.py:540} INFO - Filling up the DagBag from /opt/airflow/dags/sodai_pipeline_dag.py
[2025-11-18T21:53:49.437+0000] {processor.py:840} INFO - DAG(s) 'sodai_training_and_scoring' retrieved from /opt/airflow/dags/sodai_pipeline_dag.py
[2025-11-18T21:53:49.459+0000] {logging_mixin.py:188} INFO - [2025-11-18T21:53:49.459+0000] {dag.py:3096} INFO - Sync 1 DAGs
[2025-11-18T21:53:49.471+0000] {logging_mixin.py:188} INFO - [2025-11-18T21:53:49.471+0000] {dag.py:3954} INFO - Setting next_dagrun for sodai_training_and_scoring to None, run_after=None
[2025-11-18T21:53:49.485+0000] {processor.py:183} INFO - Processing /opt/airflow/dags/sodai_pipeline_dag.py took 0.075 seconds
[2025-11-18T21:54:19.586+0000] {processor.py:161} INFO - Started process (PID=2762) to work on /opt/airflow/dags/sodai_pipeline_dag.py
[2025-11-18T21:54:19.587+0000] {processor.py:830} INFO - Processing file /opt/airflow/dags/sodai_pipeline_dag.py for tasks to queue
[2025-11-18T21:54:19.589+0000] {logging_mixin.py:188} INFO - [2025-11-18T21:54:19.588+0000] {dagbag.py:540} INFO - Filling up the DagBag from /opt/airflow/dags/sodai_pipeline_dag.py
[2025-11-18T21:54:19.601+0000] {processor.py:840} INFO - DAG(s) 'sodai_training_and_scoring' retrieved from /opt/airflow/dags/sodai_pipeline_dag.py
[2025-11-18T21:54:19.622+0000] {logging_mixin.py:188} INFO - [2025-11-18T21:54:19.622+0000] {dag.py:3096} INFO - Sync 1 DAGs
[2025-11-18T21:54:19.632+0000] {logging_mixin.py:188} INFO - [2025-11-18T21:54:19.632+0000] {dag.py:3954} INFO - Setting next_dagrun for sodai_training_and_scoring to None, run_after=None
[2025-11-18T21:54:19.647+0000] {processor.py:183} INFO - Processing /opt/airflow/dags/sodai_pipeline_dag.py took 0.066 seconds
[2025-11-18T21:54:49.715+0000] {processor.py:161} INFO - Started process (PID=2772) to work on /opt/airflow/dags/sodai_pipeline_dag.py
[2025-11-18T21:54:49.715+0000] {processor.py:830} INFO - Processing file /opt/airflow/dags/sodai_pipeline_dag.py for tasks to queue
[2025-11-18T21:54:49.717+0000] {logging_mixin.py:188} INFO - [2025-11-18T21:54:49.717+0000] {dagbag.py:540} INFO - Filling up the DagBag from /opt/airflow/dags/sodai_pipeline_dag.py
[2025-11-18T21:54:49.733+0000] {processor.py:840} INFO - DAG(s) 'sodai_training_and_scoring' retrieved from /opt/airflow/dags/sodai_pipeline_dag.py
[2025-11-18T21:54:49.753+0000] {logging_mixin.py:188} INFO - [2025-11-18T21:54:49.753+0000] {dag.py:3096} INFO - Sync 1 DAGs
[2025-11-18T21:54:49.763+0000] {logging_mixin.py:188} INFO - [2025-11-18T21:54:49.763+0000] {dag.py:3954} INFO - Setting next_dagrun for sodai_training_and_scoring to None, run_after=None
[2025-11-18T21:54:49.776+0000] {processor.py:183} INFO - Processing /opt/airflow/dags/sodai_pipeline_dag.py took 0.065 seconds
[2025-11-18T21:55:19.850+0000] {processor.py:161} INFO - Started process (PID=2782) to work on /opt/airflow/dags/sodai_pipeline_dag.py
[2025-11-18T21:55:19.851+0000] {processor.py:830} INFO - Processing file /opt/airflow/dags/sodai_pipeline_dag.py for tasks to queue
[2025-11-18T21:55:19.853+0000] {logging_mixin.py:188} INFO - [2025-11-18T21:55:19.852+0000] {dagbag.py:540} INFO - Filling up the DagBag from /opt/airflow/dags/sodai_pipeline_dag.py
[2025-11-18T21:55:19.868+0000] {processor.py:840} INFO - DAG(s) 'sodai_training_and_scoring' retrieved from /opt/airflow/dags/sodai_pipeline_dag.py
[2025-11-18T21:55:19.890+0000] {logging_mixin.py:188} INFO - [2025-11-18T21:55:19.890+0000] {dag.py:3096} INFO - Sync 1 DAGs
[2025-11-18T21:55:19.900+0000] {logging_mixin.py:188} INFO - [2025-11-18T21:55:19.900+0000] {dag.py:3954} INFO - Setting next_dagrun for sodai_training_and_scoring to None, run_after=None
[2025-11-18T21:55:19.914+0000] {processor.py:183} INFO - Processing /opt/airflow/dags/sodai_pipeline_dag.py took 0.068 seconds
[2025-11-18T21:55:50.247+0000] {processor.py:161} INFO - Started process (PID=2792) to work on /opt/airflow/dags/sodai_pipeline_dag.py
[2025-11-18T21:55:50.251+0000] {processor.py:830} INFO - Processing file /opt/airflow/dags/sodai_pipeline_dag.py for tasks to queue
[2025-11-18T21:55:50.258+0000] {logging_mixin.py:188} INFO - [2025-11-18T21:55:50.257+0000] {dagbag.py:540} INFO - Filling up the DagBag from /opt/airflow/dags/sodai_pipeline_dag.py
[2025-11-18T21:55:50.317+0000] {processor.py:840} INFO - DAG(s) 'sodai_training_and_scoring' retrieved from /opt/airflow/dags/sodai_pipeline_dag.py
[2025-11-18T21:55:50.341+0000] {logging_mixin.py:188} INFO - [2025-11-18T21:55:50.341+0000] {dag.py:3096} INFO - Sync 1 DAGs
[2025-11-18T21:55:50.353+0000] {logging_mixin.py:188} INFO - [2025-11-18T21:55:50.353+0000] {dag.py:3954} INFO - Setting next_dagrun for sodai_training_and_scoring to None, run_after=None
[2025-11-18T21:55:50.379+0000] {processor.py:183} INFO - Processing /opt/airflow/dags/sodai_pipeline_dag.py took 0.137 seconds
[2025-11-18T21:56:20.478+0000] {processor.py:161} INFO - Started process (PID=2802) to work on /opt/airflow/dags/sodai_pipeline_dag.py
[2025-11-18T21:56:20.479+0000] {processor.py:830} INFO - Processing file /opt/airflow/dags/sodai_pipeline_dag.py for tasks to queue
[2025-11-18T21:56:20.481+0000] {logging_mixin.py:188} INFO - [2025-11-18T21:56:20.481+0000] {dagbag.py:540} INFO - Filling up the DagBag from /opt/airflow/dags/sodai_pipeline_dag.py
[2025-11-18T21:56:20.510+0000] {processor.py:840} INFO - DAG(s) 'sodai_training_and_scoring' retrieved from /opt/airflow/dags/sodai_pipeline_dag.py
[2025-11-18T21:56:20.542+0000] {logging_mixin.py:188} INFO - [2025-11-18T21:56:20.541+0000] {dag.py:3096} INFO - Sync 1 DAGs
[2025-11-18T21:56:20.553+0000] {logging_mixin.py:188} INFO - [2025-11-18T21:56:20.553+0000] {dag.py:3954} INFO - Setting next_dagrun for sodai_training_and_scoring to None, run_after=None
[2025-11-18T21:56:20.567+0000] {processor.py:183} INFO - Processing /opt/airflow/dags/sodai_pipeline_dag.py took 0.094 seconds
[2025-11-18T21:56:50.651+0000] {processor.py:161} INFO - Started process (PID=2812) to work on /opt/airflow/dags/sodai_pipeline_dag.py
[2025-11-18T21:56:50.652+0000] {processor.py:830} INFO - Processing file /opt/airflow/dags/sodai_pipeline_dag.py for tasks to queue
[2025-11-18T21:56:50.653+0000] {logging_mixin.py:188} INFO - [2025-11-18T21:56:50.653+0000] {dagbag.py:540} INFO - Filling up the DagBag from /opt/airflow/dags/sodai_pipeline_dag.py
[2025-11-18T21:56:50.670+0000] {processor.py:840} INFO - DAG(s) 'sodai_training_and_scoring' retrieved from /opt/airflow/dags/sodai_pipeline_dag.py
[2025-11-18T21:56:50.695+0000] {logging_mixin.py:188} INFO - [2025-11-18T21:56:50.695+0000] {dag.py:3096} INFO - Sync 1 DAGs
[2025-11-18T21:56:50.711+0000] {logging_mixin.py:188} INFO - [2025-11-18T21:56:50.711+0000] {dag.py:3954} INFO - Setting next_dagrun for sodai_training_and_scoring to None, run_after=None
[2025-11-18T21:56:50.734+0000] {processor.py:183} INFO - Processing /opt/airflow/dags/sodai_pipeline_dag.py took 0.087 seconds
[2025-11-18T21:57:20.946+0000] {processor.py:161} INFO - Started process (PID=2822) to work on /opt/airflow/dags/sodai_pipeline_dag.py
[2025-11-18T21:57:20.946+0000] {processor.py:830} INFO - Processing file /opt/airflow/dags/sodai_pipeline_dag.py for tasks to queue
[2025-11-18T21:57:20.948+0000] {logging_mixin.py:188} INFO - [2025-11-18T21:57:20.948+0000] {dagbag.py:540} INFO - Filling up the DagBag from /opt/airflow/dags/sodai_pipeline_dag.py
[2025-11-18T21:57:20.963+0000] {processor.py:840} INFO - DAG(s) 'sodai_training_and_scoring' retrieved from /opt/airflow/dags/sodai_pipeline_dag.py
[2025-11-18T21:57:20.985+0000] {logging_mixin.py:188} INFO - [2025-11-18T21:57:20.985+0000] {dag.py:3096} INFO - Sync 1 DAGs
[2025-11-18T21:57:20.998+0000] {logging_mixin.py:188} INFO - [2025-11-18T21:57:20.998+0000] {dag.py:3954} INFO - Setting next_dagrun for sodai_training_and_scoring to None, run_after=None
[2025-11-18T21:57:21.022+0000] {processor.py:183} INFO - Processing /opt/airflow/dags/sodai_pipeline_dag.py took 0.081 seconds
[2025-11-18T21:57:51.106+0000] {processor.py:161} INFO - Started process (PID=2832) to work on /opt/airflow/dags/sodai_pipeline_dag.py
[2025-11-18T21:57:51.106+0000] {processor.py:830} INFO - Processing file /opt/airflow/dags/sodai_pipeline_dag.py for tasks to queue
[2025-11-18T21:57:51.108+0000] {logging_mixin.py:188} INFO - [2025-11-18T21:57:51.108+0000] {dagbag.py:540} INFO - Filling up the DagBag from /opt/airflow/dags/sodai_pipeline_dag.py
[2025-11-18T21:57:51.123+0000] {processor.py:840} INFO - DAG(s) 'sodai_training_and_scoring' retrieved from /opt/airflow/dags/sodai_pipeline_dag.py
[2025-11-18T21:57:51.144+0000] {logging_mixin.py:188} INFO - [2025-11-18T21:57:51.144+0000] {dag.py:3096} INFO - Sync 1 DAGs
[2025-11-18T21:57:51.153+0000] {logging_mixin.py:188} INFO - [2025-11-18T21:57:51.153+0000] {dag.py:3954} INFO - Setting next_dagrun for sodai_training_and_scoring to None, run_after=None
[2025-11-18T21:57:51.167+0000] {processor.py:183} INFO - Processing /opt/airflow/dags/sodai_pipeline_dag.py took 0.066 seconds
[2025-11-18T21:58:21.225+0000] {processor.py:161} INFO - Started process (PID=2842) to work on /opt/airflow/dags/sodai_pipeline_dag.py
[2025-11-18T21:58:21.226+0000] {processor.py:830} INFO - Processing file /opt/airflow/dags/sodai_pipeline_dag.py for tasks to queue
[2025-11-18T21:58:21.230+0000] {logging_mixin.py:188} INFO - [2025-11-18T21:58:21.229+0000] {dagbag.py:540} INFO - Filling up the DagBag from /opt/airflow/dags/sodai_pipeline_dag.py
[2025-11-18T21:58:21.294+0000] {processor.py:840} INFO - DAG(s) 'sodai_training_and_scoring' retrieved from /opt/airflow/dags/sodai_pipeline_dag.py
[2025-11-18T21:58:21.318+0000] {logging_mixin.py:188} INFO - [2025-11-18T21:58:21.317+0000] {dag.py:3096} INFO - Sync 1 DAGs
[2025-11-18T21:58:21.328+0000] {logging_mixin.py:188} INFO - [2025-11-18T21:58:21.328+0000] {dag.py:3954} INFO - Setting next_dagrun for sodai_training_and_scoring to None, run_after=None
[2025-11-18T21:58:21.345+0000] {processor.py:183} INFO - Processing /opt/airflow/dags/sodai_pipeline_dag.py took 0.124 seconds
[2025-11-18T21:58:51.435+0000] {processor.py:161} INFO - Started process (PID=2852) to work on /opt/airflow/dags/sodai_pipeline_dag.py
[2025-11-18T21:58:51.436+0000] {processor.py:830} INFO - Processing file /opt/airflow/dags/sodai_pipeline_dag.py for tasks to queue
[2025-11-18T21:58:51.438+0000] {logging_mixin.py:188} INFO - [2025-11-18T21:58:51.437+0000] {dagbag.py:540} INFO - Filling up the DagBag from /opt/airflow/dags/sodai_pipeline_dag.py
[2025-11-18T21:58:51.452+0000] {processor.py:840} INFO - DAG(s) 'sodai_training_and_scoring' retrieved from /opt/airflow/dags/sodai_pipeline_dag.py
[2025-11-18T21:58:51.472+0000] {logging_mixin.py:188} INFO - [2025-11-18T21:58:51.472+0000] {dag.py:3096} INFO - Sync 1 DAGs
[2025-11-18T21:58:51.481+0000] {logging_mixin.py:188} INFO - [2025-11-18T21:58:51.481+0000] {dag.py:3954} INFO - Setting next_dagrun for sodai_training_and_scoring to None, run_after=None
[2025-11-18T21:58:51.522+0000] {processor.py:183} INFO - Processing /opt/airflow/dags/sodai_pipeline_dag.py took 0.091 seconds
[2025-11-18T21:59:21.630+0000] {processor.py:161} INFO - Started process (PID=2865) to work on /opt/airflow/dags/sodai_pipeline_dag.py
[2025-11-18T21:59:21.631+0000] {processor.py:830} INFO - Processing file /opt/airflow/dags/sodai_pipeline_dag.py for tasks to queue
[2025-11-18T21:59:21.633+0000] {logging_mixin.py:188} INFO - [2025-11-18T21:59:21.632+0000] {dagbag.py:540} INFO - Filling up the DagBag from /opt/airflow/dags/sodai_pipeline_dag.py
[2025-11-18T21:59:21.652+0000] {processor.py:840} INFO - DAG(s) 'sodai_training_and_scoring' retrieved from /opt/airflow/dags/sodai_pipeline_dag.py
[2025-11-18T21:59:21.672+0000] {logging_mixin.py:188} INFO - [2025-11-18T21:59:21.672+0000] {dag.py:3096} INFO - Sync 1 DAGs
[2025-11-18T21:59:21.682+0000] {logging_mixin.py:188} INFO - [2025-11-18T21:59:21.681+0000] {dag.py:3954} INFO - Setting next_dagrun for sodai_training_and_scoring to None, run_after=None
[2025-11-18T21:59:21.694+0000] {processor.py:183} INFO - Processing /opt/airflow/dags/sodai_pipeline_dag.py took 0.069 seconds
[2025-11-18T21:59:51.773+0000] {processor.py:161} INFO - Started process (PID=2872) to work on /opt/airflow/dags/sodai_pipeline_dag.py
[2025-11-18T21:59:51.773+0000] {processor.py:830} INFO - Processing file /opt/airflow/dags/sodai_pipeline_dag.py for tasks to queue
[2025-11-18T21:59:51.775+0000] {logging_mixin.py:188} INFO - [2025-11-18T21:59:51.775+0000] {dagbag.py:540} INFO - Filling up the DagBag from /opt/airflow/dags/sodai_pipeline_dag.py
[2025-11-18T21:59:51.789+0000] {processor.py:840} INFO - DAG(s) 'sodai_training_and_scoring' retrieved from /opt/airflow/dags/sodai_pipeline_dag.py
[2025-11-18T21:59:51.811+0000] {logging_mixin.py:188} INFO - [2025-11-18T21:59:51.811+0000] {dag.py:3096} INFO - Sync 1 DAGs
[2025-11-18T21:59:51.826+0000] {logging_mixin.py:188} INFO - [2025-11-18T21:59:51.826+0000] {dag.py:3954} INFO - Setting next_dagrun for sodai_training_and_scoring to None, run_after=None
[2025-11-18T21:59:51.847+0000] {processor.py:183} INFO - Processing /opt/airflow/dags/sodai_pipeline_dag.py took 0.079 seconds
[2025-11-18T22:00:21.981+0000] {processor.py:161} INFO - Started process (PID=2882) to work on /opt/airflow/dags/sodai_pipeline_dag.py
[2025-11-18T22:00:21.982+0000] {processor.py:830} INFO - Processing file /opt/airflow/dags/sodai_pipeline_dag.py for tasks to queue
[2025-11-18T22:00:21.984+0000] {logging_mixin.py:188} INFO - [2025-11-18T22:00:21.984+0000] {dagbag.py:540} INFO - Filling up the DagBag from /opt/airflow/dags/sodai_pipeline_dag.py
[2025-11-18T22:00:21.999+0000] {processor.py:840} INFO - DAG(s) 'sodai_training_and_scoring' retrieved from /opt/airflow/dags/sodai_pipeline_dag.py
[2025-11-18T22:00:22.023+0000] {logging_mixin.py:188} INFO - [2025-11-18T22:00:22.022+0000] {dag.py:3096} INFO - Sync 1 DAGs
[2025-11-18T22:00:22.032+0000] {logging_mixin.py:188} INFO - [2025-11-18T22:00:22.032+0000] {dag.py:3954} INFO - Setting next_dagrun for sodai_training_and_scoring to None, run_after=None
[2025-11-18T22:00:22.058+0000] {processor.py:183} INFO - Processing /opt/airflow/dags/sodai_pipeline_dag.py took 0.082 seconds
[2025-11-18T22:00:52.367+0000] {processor.py:161} INFO - Started process (PID=2892) to work on /opt/airflow/dags/sodai_pipeline_dag.py
[2025-11-18T22:00:52.369+0000] {processor.py:830} INFO - Processing file /opt/airflow/dags/sodai_pipeline_dag.py for tasks to queue
[2025-11-18T22:00:52.370+0000] {logging_mixin.py:188} INFO - [2025-11-18T22:00:52.370+0000] {dagbag.py:540} INFO - Filling up the DagBag from /opt/airflow/dags/sodai_pipeline_dag.py
[2025-11-18T22:00:52.392+0000] {processor.py:840} INFO - DAG(s) 'sodai_training_and_scoring' retrieved from /opt/airflow/dags/sodai_pipeline_dag.py
[2025-11-18T22:00:52.414+0000] {logging_mixin.py:188} INFO - [2025-11-18T22:00:52.414+0000] {dag.py:3096} INFO - Sync 1 DAGs
[2025-11-18T22:00:52.426+0000] {logging_mixin.py:188} INFO - [2025-11-18T22:00:52.426+0000] {dag.py:3954} INFO - Setting next_dagrun for sodai_training_and_scoring to None, run_after=None
[2025-11-18T22:00:52.440+0000] {processor.py:183} INFO - Processing /opt/airflow/dags/sodai_pipeline_dag.py took 0.078 seconds
[2025-11-18T22:01:22.612+0000] {processor.py:161} INFO - Started process (PID=2902) to work on /opt/airflow/dags/sodai_pipeline_dag.py
[2025-11-18T22:01:22.615+0000] {processor.py:830} INFO - Processing file /opt/airflow/dags/sodai_pipeline_dag.py for tasks to queue
[2025-11-18T22:01:22.617+0000] {logging_mixin.py:188} INFO - [2025-11-18T22:01:22.617+0000] {dagbag.py:540} INFO - Filling up the DagBag from /opt/airflow/dags/sodai_pipeline_dag.py
[2025-11-18T22:01:22.641+0000] {processor.py:840} INFO - DAG(s) 'sodai_training_and_scoring' retrieved from /opt/airflow/dags/sodai_pipeline_dag.py
[2025-11-18T22:01:22.667+0000] {logging_mixin.py:188} INFO - [2025-11-18T22:01:22.666+0000] {dag.py:3096} INFO - Sync 1 DAGs
[2025-11-18T22:01:22.677+0000] {logging_mixin.py:188} INFO - [2025-11-18T22:01:22.677+0000] {dag.py:3954} INFO - Setting next_dagrun for sodai_training_and_scoring to None, run_after=None
[2025-11-18T22:01:22.695+0000] {processor.py:183} INFO - Processing /opt/airflow/dags/sodai_pipeline_dag.py took 0.088 seconds
[2025-11-18T22:01:52.886+0000] {processor.py:161} INFO - Started process (PID=2912) to work on /opt/airflow/dags/sodai_pipeline_dag.py
[2025-11-18T22:01:52.888+0000] {processor.py:830} INFO - Processing file /opt/airflow/dags/sodai_pipeline_dag.py for tasks to queue
[2025-11-18T22:01:52.890+0000] {logging_mixin.py:188} INFO - [2025-11-18T22:01:52.890+0000] {dagbag.py:540} INFO - Filling up the DagBag from /opt/airflow/dags/sodai_pipeline_dag.py
[2025-11-18T22:01:52.928+0000] {processor.py:840} INFO - DAG(s) 'sodai_training_and_scoring' retrieved from /opt/airflow/dags/sodai_pipeline_dag.py
[2025-11-18T22:01:52.951+0000] {logging_mixin.py:188} INFO - [2025-11-18T22:01:52.951+0000] {dag.py:3096} INFO - Sync 1 DAGs
[2025-11-18T22:01:52.964+0000] {logging_mixin.py:188} INFO - [2025-11-18T22:01:52.964+0000] {dag.py:3954} INFO - Setting next_dagrun for sodai_training_and_scoring to None, run_after=None
[2025-11-18T22:01:52.982+0000] {processor.py:183} INFO - Processing /opt/airflow/dags/sodai_pipeline_dag.py took 0.101 seconds
[2025-11-18T22:02:23.998+0000] {processor.py:161} INFO - Started process (PID=2922) to work on /opt/airflow/dags/sodai_pipeline_dag.py
[2025-11-18T22:02:23.999+0000] {processor.py:830} INFO - Processing file /opt/airflow/dags/sodai_pipeline_dag.py for tasks to queue
[2025-11-18T22:02:24.001+0000] {logging_mixin.py:188} INFO - [2025-11-18T22:02:24.001+0000] {dagbag.py:540} INFO - Filling up the DagBag from /opt/airflow/dags/sodai_pipeline_dag.py
[2025-11-18T22:02:24.023+0000] {processor.py:840} INFO - DAG(s) 'sodai_training_and_scoring' retrieved from /opt/airflow/dags/sodai_pipeline_dag.py
[2025-11-18T22:02:24.044+0000] {logging_mixin.py:188} INFO - [2025-11-18T22:02:24.044+0000] {dag.py:3096} INFO - Sync 1 DAGs
[2025-11-18T22:02:24.054+0000] {logging_mixin.py:188} INFO - [2025-11-18T22:02:24.054+0000] {dag.py:3954} INFO - Setting next_dagrun for sodai_training_and_scoring to None, run_after=None
[2025-11-18T22:02:24.069+0000] {processor.py:183} INFO - Processing /opt/airflow/dags/sodai_pipeline_dag.py took 0.075 seconds
[2025-11-18T22:02:54.228+0000] {processor.py:161} INFO - Started process (PID=2932) to work on /opt/airflow/dags/sodai_pipeline_dag.py
[2025-11-18T22:02:54.229+0000] {processor.py:830} INFO - Processing file /opt/airflow/dags/sodai_pipeline_dag.py for tasks to queue
[2025-11-18T22:02:54.230+0000] {logging_mixin.py:188} INFO - [2025-11-18T22:02:54.230+0000] {dagbag.py:540} INFO - Filling up the DagBag from /opt/airflow/dags/sodai_pipeline_dag.py
[2025-11-18T22:02:54.247+0000] {processor.py:840} INFO - DAG(s) 'sodai_training_and_scoring' retrieved from /opt/airflow/dags/sodai_pipeline_dag.py
[2025-11-18T22:02:54.269+0000] {logging_mixin.py:188} INFO - [2025-11-18T22:02:54.268+0000] {dag.py:3096} INFO - Sync 1 DAGs
[2025-11-18T22:02:54.278+0000] {logging_mixin.py:188} INFO - [2025-11-18T22:02:54.278+0000] {dag.py:3954} INFO - Setting next_dagrun for sodai_training_and_scoring to None, run_after=None
[2025-11-18T22:02:54.292+0000] {processor.py:183} INFO - Processing /opt/airflow/dags/sodai_pipeline_dag.py took 0.068 seconds
[2025-11-18T22:03:24.503+0000] {processor.py:161} INFO - Started process (PID=2942) to work on /opt/airflow/dags/sodai_pipeline_dag.py
[2025-11-18T22:03:24.504+0000] {processor.py:830} INFO - Processing file /opt/airflow/dags/sodai_pipeline_dag.py for tasks to queue
[2025-11-18T22:03:24.506+0000] {logging_mixin.py:188} INFO - [2025-11-18T22:03:24.505+0000] {dagbag.py:540} INFO - Filling up the DagBag from /opt/airflow/dags/sodai_pipeline_dag.py
[2025-11-18T22:03:24.520+0000] {processor.py:840} INFO - DAG(s) 'sodai_training_and_scoring' retrieved from /opt/airflow/dags/sodai_pipeline_dag.py
[2025-11-18T22:03:24.540+0000] {logging_mixin.py:188} INFO - [2025-11-18T22:03:24.540+0000] {dag.py:3096} INFO - Sync 1 DAGs
[2025-11-18T22:03:24.555+0000] {logging_mixin.py:188} INFO - [2025-11-18T22:03:24.555+0000] {dag.py:3954} INFO - Setting next_dagrun for sodai_training_and_scoring to None, run_after=None
[2025-11-18T22:03:24.569+0000] {processor.py:183} INFO - Processing /opt/airflow/dags/sodai_pipeline_dag.py took 0.070 seconds
[2025-11-18T22:03:54.762+0000] {processor.py:161} INFO - Started process (PID=2952) to work on /opt/airflow/dags/sodai_pipeline_dag.py
[2025-11-18T22:03:54.763+0000] {processor.py:830} INFO - Processing file /opt/airflow/dags/sodai_pipeline_dag.py for tasks to queue
[2025-11-18T22:03:54.765+0000] {logging_mixin.py:188} INFO - [2025-11-18T22:03:54.765+0000] {dagbag.py:540} INFO - Filling up the DagBag from /opt/airflow/dags/sodai_pipeline_dag.py
[2025-11-18T22:03:54.786+0000] {processor.py:840} INFO - DAG(s) 'sodai_training_and_scoring' retrieved from /opt/airflow/dags/sodai_pipeline_dag.py
[2025-11-18T22:03:54.806+0000] {logging_mixin.py:188} INFO - [2025-11-18T22:03:54.806+0000] {dag.py:3096} INFO - Sync 1 DAGs
[2025-11-18T22:03:54.819+0000] {logging_mixin.py:188} INFO - [2025-11-18T22:03:54.818+0000] {dag.py:3954} INFO - Setting next_dagrun for sodai_training_and_scoring to None, run_after=None
[2025-11-18T22:03:54.833+0000] {processor.py:183} INFO - Processing /opt/airflow/dags/sodai_pipeline_dag.py took 0.076 seconds
[2025-11-18T22:04:24.988+0000] {processor.py:161} INFO - Started process (PID=2962) to work on /opt/airflow/dags/sodai_pipeline_dag.py
[2025-11-18T22:04:24.991+0000] {processor.py:830} INFO - Processing file /opt/airflow/dags/sodai_pipeline_dag.py for tasks to queue
[2025-11-18T22:04:24.993+0000] {logging_mixin.py:188} INFO - [2025-11-18T22:04:24.993+0000] {dagbag.py:540} INFO - Filling up the DagBag from /opt/airflow/dags/sodai_pipeline_dag.py
[2025-11-18T22:04:25.056+0000] {processor.py:840} INFO - DAG(s) 'sodai_training_and_scoring' retrieved from /opt/airflow/dags/sodai_pipeline_dag.py
[2025-11-18T22:04:25.080+0000] {logging_mixin.py:188} INFO - [2025-11-18T22:04:25.079+0000] {dag.py:3096} INFO - Sync 1 DAGs
[2025-11-18T22:04:25.090+0000] {logging_mixin.py:188} INFO - [2025-11-18T22:04:25.090+0000] {dag.py:3954} INFO - Setting next_dagrun for sodai_training_and_scoring to None, run_after=None
[2025-11-18T22:04:25.105+0000] {processor.py:183} INFO - Processing /opt/airflow/dags/sodai_pipeline_dag.py took 0.122 seconds
[2025-11-18T22:04:55.281+0000] {processor.py:161} INFO - Started process (PID=2972) to work on /opt/airflow/dags/sodai_pipeline_dag.py
[2025-11-18T22:04:55.282+0000] {processor.py:830} INFO - Processing file /opt/airflow/dags/sodai_pipeline_dag.py for tasks to queue
[2025-11-18T22:04:55.284+0000] {logging_mixin.py:188} INFO - [2025-11-18T22:04:55.283+0000] {dagbag.py:540} INFO - Filling up the DagBag from /opt/airflow/dags/sodai_pipeline_dag.py
[2025-11-18T22:04:55.310+0000] {processor.py:840} INFO - DAG(s) 'sodai_training_and_scoring' retrieved from /opt/airflow/dags/sodai_pipeline_dag.py
[2025-11-18T22:04:55.331+0000] {logging_mixin.py:188} INFO - [2025-11-18T22:04:55.331+0000] {dag.py:3096} INFO - Sync 1 DAGs
[2025-11-18T22:04:55.341+0000] {logging_mixin.py:188} INFO - [2025-11-18T22:04:55.341+0000] {dag.py:3954} INFO - Setting next_dagrun for sodai_training_and_scoring to None, run_after=None
[2025-11-18T22:04:55.358+0000] {processor.py:183} INFO - Processing /opt/airflow/dags/sodai_pipeline_dag.py took 0.081 seconds
[2025-11-18T22:05:25.457+0000] {processor.py:161} INFO - Started process (PID=2982) to work on /opt/airflow/dags/sodai_pipeline_dag.py
[2025-11-18T22:05:25.458+0000] {processor.py:830} INFO - Processing file /opt/airflow/dags/sodai_pipeline_dag.py for tasks to queue
[2025-11-18T22:05:25.460+0000] {logging_mixin.py:188} INFO - [2025-11-18T22:05:25.459+0000] {dagbag.py:540} INFO - Filling up the DagBag from /opt/airflow/dags/sodai_pipeline_dag.py
[2025-11-18T22:05:25.476+0000] {processor.py:840} INFO - DAG(s) 'sodai_training_and_scoring' retrieved from /opt/airflow/dags/sodai_pipeline_dag.py
[2025-11-18T22:05:25.499+0000] {logging_mixin.py:188} INFO - [2025-11-18T22:05:25.499+0000] {dag.py:3096} INFO - Sync 1 DAGs
[2025-11-18T22:05:25.508+0000] {logging_mixin.py:188} INFO - [2025-11-18T22:05:25.507+0000] {dag.py:3954} INFO - Setting next_dagrun for sodai_training_and_scoring to None, run_after=None
[2025-11-18T22:05:25.521+0000] {processor.py:183} INFO - Processing /opt/airflow/dags/sodai_pipeline_dag.py took 0.068 seconds
[2025-11-18T22:05:55.767+0000] {processor.py:161} INFO - Started process (PID=2992) to work on /opt/airflow/dags/sodai_pipeline_dag.py
[2025-11-18T22:05:55.767+0000] {processor.py:830} INFO - Processing file /opt/airflow/dags/sodai_pipeline_dag.py for tasks to queue
[2025-11-18T22:05:55.769+0000] {logging_mixin.py:188} INFO - [2025-11-18T22:05:55.768+0000] {dagbag.py:540} INFO - Filling up the DagBag from /opt/airflow/dags/sodai_pipeline_dag.py
[2025-11-18T22:05:55.782+0000] {processor.py:840} INFO - DAG(s) 'sodai_training_and_scoring' retrieved from /opt/airflow/dags/sodai_pipeline_dag.py
[2025-11-18T22:05:55.803+0000] {logging_mixin.py:188} INFO - [2025-11-18T22:05:55.803+0000] {dag.py:3096} INFO - Sync 1 DAGs
[2025-11-18T22:05:55.812+0000] {logging_mixin.py:188} INFO - [2025-11-18T22:05:55.811+0000] {dag.py:3954} INFO - Setting next_dagrun for sodai_training_and_scoring to None, run_after=None
[2025-11-18T22:05:55.826+0000] {processor.py:183} INFO - Processing /opt/airflow/dags/sodai_pipeline_dag.py took 0.064 seconds
[2025-11-18T22:06:25.951+0000] {processor.py:161} INFO - Started process (PID=3002) to work on /opt/airflow/dags/sodai_pipeline_dag.py
[2025-11-18T22:06:25.952+0000] {processor.py:830} INFO - Processing file /opt/airflow/dags/sodai_pipeline_dag.py for tasks to queue
[2025-11-18T22:06:25.954+0000] {logging_mixin.py:188} INFO - [2025-11-18T22:06:25.953+0000] {dagbag.py:540} INFO - Filling up the DagBag from /opt/airflow/dags/sodai_pipeline_dag.py
[2025-11-18T22:06:25.967+0000] {processor.py:840} INFO - DAG(s) 'sodai_training_and_scoring' retrieved from /opt/airflow/dags/sodai_pipeline_dag.py
[2025-11-18T22:06:25.987+0000] {logging_mixin.py:188} INFO - [2025-11-18T22:06:25.987+0000] {dag.py:3096} INFO - Sync 1 DAGs
[2025-11-18T22:06:25.996+0000] {logging_mixin.py:188} INFO - [2025-11-18T22:06:25.996+0000] {dag.py:3954} INFO - Setting next_dagrun for sodai_training_and_scoring to None, run_after=None
[2025-11-18T22:06:26.009+0000] {processor.py:183} INFO - Processing /opt/airflow/dags/sodai_pipeline_dag.py took 0.063 seconds
[2025-11-18T22:06:56.179+0000] {processor.py:161} INFO - Started process (PID=3012) to work on /opt/airflow/dags/sodai_pipeline_dag.py
[2025-11-18T22:06:56.182+0000] {processor.py:830} INFO - Processing file /opt/airflow/dags/sodai_pipeline_dag.py for tasks to queue
[2025-11-18T22:06:56.185+0000] {logging_mixin.py:188} INFO - [2025-11-18T22:06:56.185+0000] {dagbag.py:540} INFO - Filling up the DagBag from /opt/airflow/dags/sodai_pipeline_dag.py
[2025-11-18T22:06:56.236+0000] {processor.py:840} INFO - DAG(s) 'sodai_training_and_scoring' retrieved from /opt/airflow/dags/sodai_pipeline_dag.py
[2025-11-18T22:06:56.260+0000] {logging_mixin.py:188} INFO - [2025-11-18T22:06:56.260+0000] {dag.py:3096} INFO - Sync 1 DAGs
[2025-11-18T22:06:56.272+0000] {logging_mixin.py:188} INFO - [2025-11-18T22:06:56.271+0000] {dag.py:3954} INFO - Setting next_dagrun for sodai_training_and_scoring to None, run_after=None
[2025-11-18T22:06:56.299+0000] {processor.py:183} INFO - Processing /opt/airflow/dags/sodai_pipeline_dag.py took 0.125 seconds
[2025-11-18T22:07:26.442+0000] {processor.py:161} INFO - Started process (PID=3022) to work on /opt/airflow/dags/sodai_pipeline_dag.py
[2025-11-18T22:07:26.443+0000] {processor.py:830} INFO - Processing file /opt/airflow/dags/sodai_pipeline_dag.py for tasks to queue
[2025-11-18T22:07:26.445+0000] {logging_mixin.py:188} INFO - [2025-11-18T22:07:26.444+0000] {dagbag.py:540} INFO - Filling up the DagBag from /opt/airflow/dags/sodai_pipeline_dag.py
[2025-11-18T22:07:26.465+0000] {processor.py:840} INFO - DAG(s) 'sodai_training_and_scoring' retrieved from /opt/airflow/dags/sodai_pipeline_dag.py
[2025-11-18T22:07:26.487+0000] {logging_mixin.py:188} INFO - [2025-11-18T22:07:26.487+0000] {dag.py:3096} INFO - Sync 1 DAGs
[2025-11-18T22:07:26.501+0000] {logging_mixin.py:188} INFO - [2025-11-18T22:07:26.501+0000] {dag.py:3954} INFO - Setting next_dagrun for sodai_training_and_scoring to None, run_after=None
[2025-11-18T22:07:26.523+0000] {processor.py:183} INFO - Processing /opt/airflow/dags/sodai_pipeline_dag.py took 0.085 seconds
[2025-11-18T22:07:56.626+0000] {processor.py:161} INFO - Started process (PID=3032) to work on /opt/airflow/dags/sodai_pipeline_dag.py
[2025-11-18T22:07:56.626+0000] {processor.py:830} INFO - Processing file /opt/airflow/dags/sodai_pipeline_dag.py for tasks to queue
[2025-11-18T22:07:56.628+0000] {logging_mixin.py:188} INFO - [2025-11-18T22:07:56.628+0000] {dagbag.py:540} INFO - Filling up the DagBag from /opt/airflow/dags/sodai_pipeline_dag.py
[2025-11-18T22:07:56.641+0000] {processor.py:840} INFO - DAG(s) 'sodai_training_and_scoring' retrieved from /opt/airflow/dags/sodai_pipeline_dag.py
[2025-11-18T22:07:56.662+0000] {logging_mixin.py:188} INFO - [2025-11-18T22:07:56.662+0000] {dag.py:3096} INFO - Sync 1 DAGs
[2025-11-18T22:07:56.673+0000] {logging_mixin.py:188} INFO - [2025-11-18T22:07:56.673+0000] {dag.py:3954} INFO - Setting next_dagrun for sodai_training_and_scoring to None, run_after=None
[2025-11-18T22:07:56.698+0000] {processor.py:183} INFO - Processing /opt/airflow/dags/sodai_pipeline_dag.py took 0.077 seconds
[2025-11-18T22:08:26.837+0000] {processor.py:161} INFO - Started process (PID=3042) to work on /opt/airflow/dags/sodai_pipeline_dag.py
[2025-11-18T22:08:26.838+0000] {processor.py:830} INFO - Processing file /opt/airflow/dags/sodai_pipeline_dag.py for tasks to queue
[2025-11-18T22:08:26.839+0000] {logging_mixin.py:188} INFO - [2025-11-18T22:08:26.839+0000] {dagbag.py:540} INFO - Filling up the DagBag from /opt/airflow/dags/sodai_pipeline_dag.py
[2025-11-18T22:08:26.855+0000] {processor.py:840} INFO - DAG(s) 'sodai_training_and_scoring' retrieved from /opt/airflow/dags/sodai_pipeline_dag.py
[2025-11-18T22:08:26.877+0000] {logging_mixin.py:188} INFO - [2025-11-18T22:08:26.877+0000] {dag.py:3096} INFO - Sync 1 DAGs
[2025-11-18T22:08:26.887+0000] {logging_mixin.py:188} INFO - [2025-11-18T22:08:26.887+0000] {dag.py:3954} INFO - Setting next_dagrun for sodai_training_and_scoring to None, run_after=None
[2025-11-18T22:08:26.901+0000] {processor.py:183} INFO - Processing /opt/airflow/dags/sodai_pipeline_dag.py took 0.069 seconds
[2025-11-18T22:08:57.067+0000] {processor.py:161} INFO - Started process (PID=3052) to work on /opt/airflow/dags/sodai_pipeline_dag.py
[2025-11-18T22:08:57.069+0000] {processor.py:830} INFO - Processing file /opt/airflow/dags/sodai_pipeline_dag.py for tasks to queue
[2025-11-18T22:08:57.070+0000] {logging_mixin.py:188} INFO - [2025-11-18T22:08:57.070+0000] {dagbag.py:540} INFO - Filling up the DagBag from /opt/airflow/dags/sodai_pipeline_dag.py
[2025-11-18T22:08:57.084+0000] {processor.py:840} INFO - DAG(s) 'sodai_training_and_scoring' retrieved from /opt/airflow/dags/sodai_pipeline_dag.py
[2025-11-18T22:08:57.105+0000] {logging_mixin.py:188} INFO - [2025-11-18T22:08:57.105+0000] {dag.py:3096} INFO - Sync 1 DAGs
[2025-11-18T22:08:57.115+0000] {logging_mixin.py:188} INFO - [2025-11-18T22:08:57.115+0000] {dag.py:3954} INFO - Setting next_dagrun for sodai_training_and_scoring to None, run_after=None
[2025-11-18T22:08:57.132+0000] {processor.py:183} INFO - Processing /opt/airflow/dags/sodai_pipeline_dag.py took 0.071 seconds
[2025-11-18T22:09:27.274+0000] {processor.py:161} INFO - Started process (PID=3062) to work on /opt/airflow/dags/sodai_pipeline_dag.py
[2025-11-18T22:09:27.275+0000] {processor.py:830} INFO - Processing file /opt/airflow/dags/sodai_pipeline_dag.py for tasks to queue
[2025-11-18T22:09:27.278+0000] {logging_mixin.py:188} INFO - [2025-11-18T22:09:27.277+0000] {dagbag.py:540} INFO - Filling up the DagBag from /opt/airflow/dags/sodai_pipeline_dag.py
[2025-11-18T22:09:27.303+0000] {processor.py:840} INFO - DAG(s) 'sodai_training_and_scoring' retrieved from /opt/airflow/dags/sodai_pipeline_dag.py
[2025-11-18T22:09:27.326+0000] {logging_mixin.py:188} INFO - [2025-11-18T22:09:27.326+0000] {dag.py:3096} INFO - Sync 1 DAGs
[2025-11-18T22:09:27.336+0000] {logging_mixin.py:188} INFO - [2025-11-18T22:09:27.336+0000] {dag.py:3954} INFO - Setting next_dagrun for sodai_training_and_scoring to None, run_after=None
[2025-11-18T22:09:27.351+0000] {processor.py:183} INFO - Processing /opt/airflow/dags/sodai_pipeline_dag.py took 0.082 seconds
[2025-11-18T22:09:57.641+0000] {processor.py:161} INFO - Started process (PID=3072) to work on /opt/airflow/dags/sodai_pipeline_dag.py
[2025-11-18T22:09:57.642+0000] {processor.py:830} INFO - Processing file /opt/airflow/dags/sodai_pipeline_dag.py for tasks to queue
[2025-11-18T22:09:57.644+0000] {logging_mixin.py:188} INFO - [2025-11-18T22:09:57.644+0000] {dagbag.py:540} INFO - Filling up the DagBag from /opt/airflow/dags/sodai_pipeline_dag.py
[2025-11-18T22:09:57.665+0000] {processor.py:840} INFO - DAG(s) 'sodai_training_and_scoring' retrieved from /opt/airflow/dags/sodai_pipeline_dag.py
[2025-11-18T22:09:57.687+0000] {logging_mixin.py:188} INFO - [2025-11-18T22:09:57.687+0000] {dag.py:3096} INFO - Sync 1 DAGs
[2025-11-18T22:09:57.698+0000] {logging_mixin.py:188} INFO - [2025-11-18T22:09:57.697+0000] {dag.py:3954} INFO - Setting next_dagrun for sodai_training_and_scoring to None, run_after=None
[2025-11-18T22:09:57.715+0000] {processor.py:183} INFO - Processing /opt/airflow/dags/sodai_pipeline_dag.py took 0.079 seconds
[2025-11-18T22:10:27.923+0000] {processor.py:161} INFO - Started process (PID=3082) to work on /opt/airflow/dags/sodai_pipeline_dag.py
[2025-11-18T22:10:27.926+0000] {processor.py:830} INFO - Processing file /opt/airflow/dags/sodai_pipeline_dag.py for tasks to queue
[2025-11-18T22:10:27.928+0000] {logging_mixin.py:188} INFO - [2025-11-18T22:10:27.928+0000] {dagbag.py:540} INFO - Filling up the DagBag from /opt/airflow/dags/sodai_pipeline_dag.py
[2025-11-18T22:10:27.983+0000] {processor.py:840} INFO - DAG(s) 'sodai_training_and_scoring' retrieved from /opt/airflow/dags/sodai_pipeline_dag.py
[2025-11-18T22:10:28.008+0000] {logging_mixin.py:188} INFO - [2025-11-18T22:10:28.008+0000] {dag.py:3096} INFO - Sync 1 DAGs
[2025-11-18T22:10:28.021+0000] {logging_mixin.py:188} INFO - [2025-11-18T22:10:28.020+0000] {dag.py:3954} INFO - Setting next_dagrun for sodai_training_and_scoring to None, run_after=None
[2025-11-18T22:10:28.039+0000] {processor.py:183} INFO - Processing /opt/airflow/dags/sodai_pipeline_dag.py took 0.120 seconds
[2025-11-18T22:10:58.232+0000] {processor.py:161} INFO - Started process (PID=3092) to work on /opt/airflow/dags/sodai_pipeline_dag.py
[2025-11-18T22:10:58.234+0000] {processor.py:830} INFO - Processing file /opt/airflow/dags/sodai_pipeline_dag.py for tasks to queue
[2025-11-18T22:10:58.236+0000] {logging_mixin.py:188} INFO - [2025-11-18T22:10:58.235+0000] {dagbag.py:540} INFO - Filling up the DagBag from /opt/airflow/dags/sodai_pipeline_dag.py
[2025-11-18T22:10:58.249+0000] {processor.py:840} INFO - DAG(s) 'sodai_training_and_scoring' retrieved from /opt/airflow/dags/sodai_pipeline_dag.py
[2025-11-18T22:10:58.271+0000] {logging_mixin.py:188} INFO - [2025-11-18T22:10:58.271+0000] {dag.py:3096} INFO - Sync 1 DAGs
[2025-11-18T22:10:58.283+0000] {logging_mixin.py:188} INFO - [2025-11-18T22:10:58.283+0000] {dag.py:3954} INFO - Setting next_dagrun for sodai_training_and_scoring to None, run_after=None
[2025-11-18T22:10:58.300+0000] {processor.py:183} INFO - Processing /opt/airflow/dags/sodai_pipeline_dag.py took 0.072 seconds
[2025-11-18T22:11:28.383+0000] {processor.py:161} INFO - Started process (PID=3313) to work on /opt/airflow/dags/sodai_pipeline_dag.py
[2025-11-18T22:11:28.385+0000] {processor.py:830} INFO - Processing file /opt/airflow/dags/sodai_pipeline_dag.py for tasks to queue
[2025-11-18T22:11:28.389+0000] {logging_mixin.py:188} INFO - [2025-11-18T22:11:28.389+0000] {dagbag.py:540} INFO - Filling up the DagBag from /opt/airflow/dags/sodai_pipeline_dag.py
[2025-11-18T22:11:28.430+0000] {processor.py:840} INFO - DAG(s) 'sodai_training_and_scoring' retrieved from /opt/airflow/dags/sodai_pipeline_dag.py
[2025-11-18T22:11:28.459+0000] {logging_mixin.py:188} INFO - [2025-11-18T22:11:28.459+0000] {dag.py:3096} INFO - Sync 1 DAGs
[2025-11-18T22:11:28.473+0000] {logging_mixin.py:188} INFO - [2025-11-18T22:11:28.473+0000] {dag.py:3954} INFO - Setting next_dagrun for sodai_training_and_scoring to None, run_after=None
[2025-11-18T22:11:28.493+0000] {processor.py:183} INFO - Processing /opt/airflow/dags/sodai_pipeline_dag.py took 0.116 seconds
[2025-11-18T22:11:58.672+0000] {processor.py:161} INFO - Started process (PID=3323) to work on /opt/airflow/dags/sodai_pipeline_dag.py
[2025-11-18T22:11:58.676+0000] {processor.py:830} INFO - Processing file /opt/airflow/dags/sodai_pipeline_dag.py for tasks to queue
[2025-11-18T22:11:58.679+0000] {logging_mixin.py:188} INFO - [2025-11-18T22:11:58.678+0000] {dagbag.py:540} INFO - Filling up the DagBag from /opt/airflow/dags/sodai_pipeline_dag.py
[2025-11-18T22:11:58.723+0000] {processor.py:840} INFO - DAG(s) 'sodai_training_and_scoring' retrieved from /opt/airflow/dags/sodai_pipeline_dag.py
[2025-11-18T22:11:58.750+0000] {logging_mixin.py:188} INFO - [2025-11-18T22:11:58.750+0000] {dag.py:3096} INFO - Sync 1 DAGs
[2025-11-18T22:11:58.761+0000] {logging_mixin.py:188} INFO - [2025-11-18T22:11:58.761+0000] {dag.py:3954} INFO - Setting next_dagrun for sodai_training_and_scoring to None, run_after=None
[2025-11-18T22:11:58.780+0000] {processor.py:183} INFO - Processing /opt/airflow/dags/sodai_pipeline_dag.py took 0.114 seconds
[2025-11-18T22:12:28.884+0000] {processor.py:161} INFO - Started process (PID=3333) to work on /opt/airflow/dags/sodai_pipeline_dag.py
[2025-11-18T22:12:28.887+0000] {processor.py:830} INFO - Processing file /opt/airflow/dags/sodai_pipeline_dag.py for tasks to queue
[2025-11-18T22:12:28.888+0000] {logging_mixin.py:188} INFO - [2025-11-18T22:12:28.888+0000] {dagbag.py:540} INFO - Filling up the DagBag from /opt/airflow/dags/sodai_pipeline_dag.py
[2025-11-18T22:12:28.907+0000] {processor.py:840} INFO - DAG(s) 'sodai_training_and_scoring' retrieved from /opt/airflow/dags/sodai_pipeline_dag.py
[2025-11-18T22:12:28.928+0000] {logging_mixin.py:188} INFO - [2025-11-18T22:12:28.928+0000] {dag.py:3096} INFO - Sync 1 DAGs
[2025-11-18T22:12:28.937+0000] {logging_mixin.py:188} INFO - [2025-11-18T22:12:28.937+0000] {dag.py:3954} INFO - Setting next_dagrun for sodai_training_and_scoring to None, run_after=None
[2025-11-18T22:12:28.950+0000] {processor.py:183} INFO - Processing /opt/airflow/dags/sodai_pipeline_dag.py took 0.070 seconds
[2025-11-18T22:12:59.042+0000] {processor.py:161} INFO - Started process (PID=3343) to work on /opt/airflow/dags/sodai_pipeline_dag.py
[2025-11-18T22:12:59.043+0000] {processor.py:830} INFO - Processing file /opt/airflow/dags/sodai_pipeline_dag.py for tasks to queue
[2025-11-18T22:12:59.044+0000] {logging_mixin.py:188} INFO - [2025-11-18T22:12:59.044+0000] {dagbag.py:540} INFO - Filling up the DagBag from /opt/airflow/dags/sodai_pipeline_dag.py
[2025-11-18T22:12:59.058+0000] {processor.py:840} INFO - DAG(s) 'sodai_training_and_scoring' retrieved from /opt/airflow/dags/sodai_pipeline_dag.py
[2025-11-18T22:12:59.078+0000] {logging_mixin.py:188} INFO - [2025-11-18T22:12:59.077+0000] {dag.py:3096} INFO - Sync 1 DAGs
[2025-11-18T22:12:59.087+0000] {logging_mixin.py:188} INFO - [2025-11-18T22:12:59.086+0000] {dag.py:3954} INFO - Setting next_dagrun for sodai_training_and_scoring to None, run_after=None
[2025-11-18T22:12:59.110+0000] {processor.py:183} INFO - Processing /opt/airflow/dags/sodai_pipeline_dag.py took 0.073 seconds
[2025-11-18T22:13:29.360+0000] {processor.py:161} INFO - Started process (PID=3353) to work on /opt/airflow/dags/sodai_pipeline_dag.py
[2025-11-18T22:13:29.361+0000] {processor.py:830} INFO - Processing file /opt/airflow/dags/sodai_pipeline_dag.py for tasks to queue
[2025-11-18T22:13:29.362+0000] {logging_mixin.py:188} INFO - [2025-11-18T22:13:29.362+0000] {dagbag.py:540} INFO - Filling up the DagBag from /opt/airflow/dags/sodai_pipeline_dag.py
[2025-11-18T22:13:29.383+0000] {processor.py:840} INFO - DAG(s) 'sodai_training_and_scoring' retrieved from /opt/airflow/dags/sodai_pipeline_dag.py
[2025-11-18T22:13:29.407+0000] {logging_mixin.py:188} INFO - [2025-11-18T22:13:29.407+0000] {dag.py:3096} INFO - Sync 1 DAGs
[2025-11-18T22:13:29.417+0000] {logging_mixin.py:188} INFO - [2025-11-18T22:13:29.417+0000] {dag.py:3954} INFO - Setting next_dagrun for sodai_training_and_scoring to None, run_after=None
[2025-11-18T22:13:29.434+0000] {processor.py:183} INFO - Processing /opt/airflow/dags/sodai_pipeline_dag.py took 0.079 seconds
[2025-11-18T22:13:59.654+0000] {processor.py:161} INFO - Started process (PID=3363) to work on /opt/airflow/dags/sodai_pipeline_dag.py
[2025-11-18T22:13:59.655+0000] {processor.py:830} INFO - Processing file /opt/airflow/dags/sodai_pipeline_dag.py for tasks to queue
[2025-11-18T22:13:59.659+0000] {logging_mixin.py:188} INFO - [2025-11-18T22:13:59.659+0000] {dagbag.py:540} INFO - Filling up the DagBag from /opt/airflow/dags/sodai_pipeline_dag.py
[2025-11-18T22:13:59.676+0000] {processor.py:840} INFO - DAG(s) 'sodai_training_and_scoring' retrieved from /opt/airflow/dags/sodai_pipeline_dag.py
[2025-11-18T22:13:59.697+0000] {logging_mixin.py:188} INFO - [2025-11-18T22:13:59.696+0000] {dag.py:3096} INFO - Sync 1 DAGs
[2025-11-18T22:13:59.707+0000] {logging_mixin.py:188} INFO - [2025-11-18T22:13:59.707+0000] {dag.py:3954} INFO - Setting next_dagrun for sodai_training_and_scoring to None, run_after=None
[2025-11-18T22:13:59.729+0000] {processor.py:183} INFO - Processing /opt/airflow/dags/sodai_pipeline_dag.py took 0.081 seconds
[2025-11-18T22:14:29.892+0000] {processor.py:161} INFO - Started process (PID=3373) to work on /opt/airflow/dags/sodai_pipeline_dag.py
[2025-11-18T22:14:29.894+0000] {processor.py:830} INFO - Processing file /opt/airflow/dags/sodai_pipeline_dag.py for tasks to queue
[2025-11-18T22:14:29.895+0000] {logging_mixin.py:188} INFO - [2025-11-18T22:14:29.895+0000] {dagbag.py:540} INFO - Filling up the DagBag from /opt/airflow/dags/sodai_pipeline_dag.py
[2025-11-18T22:14:29.917+0000] {processor.py:840} INFO - DAG(s) 'sodai_training_and_scoring' retrieved from /opt/airflow/dags/sodai_pipeline_dag.py
[2025-11-18T22:14:29.939+0000] {logging_mixin.py:188} INFO - [2025-11-18T22:14:29.939+0000] {dag.py:3096} INFO - Sync 1 DAGs
[2025-11-18T22:14:29.948+0000] {logging_mixin.py:188} INFO - [2025-11-18T22:14:29.948+0000] {dag.py:3954} INFO - Setting next_dagrun for sodai_training_and_scoring to None, run_after=None
[2025-11-18T22:14:29.964+0000] {processor.py:183} INFO - Processing /opt/airflow/dags/sodai_pipeline_dag.py took 0.077 seconds
[2025-11-18T22:15:00.275+0000] {processor.py:161} INFO - Started process (PID=3383) to work on /opt/airflow/dags/sodai_pipeline_dag.py
[2025-11-18T22:15:00.276+0000] {processor.py:830} INFO - Processing file /opt/airflow/dags/sodai_pipeline_dag.py for tasks to queue
[2025-11-18T22:15:00.278+0000] {logging_mixin.py:188} INFO - [2025-11-18T22:15:00.277+0000] {dagbag.py:540} INFO - Filling up the DagBag from /opt/airflow/dags/sodai_pipeline_dag.py
[2025-11-18T22:15:00.302+0000] {processor.py:840} INFO - DAG(s) 'sodai_training_and_scoring' retrieved from /opt/airflow/dags/sodai_pipeline_dag.py
[2025-11-18T22:15:00.323+0000] {logging_mixin.py:188} INFO - [2025-11-18T22:15:00.323+0000] {dag.py:3096} INFO - Sync 1 DAGs
[2025-11-18T22:15:00.332+0000] {logging_mixin.py:188} INFO - [2025-11-18T22:15:00.332+0000] {dag.py:3954} INFO - Setting next_dagrun for sodai_training_and_scoring to None, run_after=None
[2025-11-18T22:15:00.350+0000] {processor.py:183} INFO - Processing /opt/airflow/dags/sodai_pipeline_dag.py took 0.081 seconds
[2025-11-18T22:15:30.505+0000] {processor.py:161} INFO - Started process (PID=3393) to work on /opt/airflow/dags/sodai_pipeline_dag.py
[2025-11-18T22:15:30.506+0000] {processor.py:830} INFO - Processing file /opt/airflow/dags/sodai_pipeline_dag.py for tasks to queue
[2025-11-18T22:15:30.508+0000] {logging_mixin.py:188} INFO - [2025-11-18T22:15:30.507+0000] {dagbag.py:540} INFO - Filling up the DagBag from /opt/airflow/dags/sodai_pipeline_dag.py
[2025-11-18T22:15:30.565+0000] {processor.py:840} INFO - DAG(s) 'sodai_training_and_scoring' retrieved from /opt/airflow/dags/sodai_pipeline_dag.py
[2025-11-18T22:15:30.596+0000] {logging_mixin.py:188} INFO - [2025-11-18T22:15:30.596+0000] {dag.py:3096} INFO - Sync 1 DAGs
[2025-11-18T22:15:30.607+0000] {logging_mixin.py:188} INFO - [2025-11-18T22:15:30.607+0000] {dag.py:3954} INFO - Setting next_dagrun for sodai_training_and_scoring to None, run_after=None
[2025-11-18T22:15:30.632+0000] {processor.py:183} INFO - Processing /opt/airflow/dags/sodai_pipeline_dag.py took 0.131 seconds
[2025-11-18T22:16:01.057+0000] {processor.py:161} INFO - Started process (PID=3565) to work on /opt/airflow/dags/sodai_pipeline_dag.py
[2025-11-18T22:16:01.058+0000] {processor.py:830} INFO - Processing file /opt/airflow/dags/sodai_pipeline_dag.py for tasks to queue
[2025-11-18T22:16:01.060+0000] {logging_mixin.py:188} INFO - [2025-11-18T22:16:01.059+0000] {dagbag.py:540} INFO - Filling up the DagBag from /opt/airflow/dags/sodai_pipeline_dag.py
[2025-11-18T22:16:01.079+0000] {processor.py:840} INFO - DAG(s) 'sodai_training_and_scoring' retrieved from /opt/airflow/dags/sodai_pipeline_dag.py
[2025-11-18T22:16:01.104+0000] {logging_mixin.py:188} INFO - [2025-11-18T22:16:01.104+0000] {dag.py:3096} INFO - Sync 1 DAGs
[2025-11-18T22:16:01.115+0000] {logging_mixin.py:188} INFO - [2025-11-18T22:16:01.115+0000] {dag.py:3954} INFO - Setting next_dagrun for sodai_training_and_scoring to None, run_after=None
[2025-11-18T22:16:01.133+0000] {processor.py:183} INFO - Processing /opt/airflow/dags/sodai_pipeline_dag.py took 0.082 seconds
[2025-11-18T22:16:31.346+0000] {processor.py:161} INFO - Started process (PID=3623) to work on /opt/airflow/dags/sodai_pipeline_dag.py
[2025-11-18T22:16:31.348+0000] {processor.py:830} INFO - Processing file /opt/airflow/dags/sodai_pipeline_dag.py for tasks to queue
[2025-11-18T22:16:31.350+0000] {logging_mixin.py:188} INFO - [2025-11-18T22:16:31.349+0000] {dagbag.py:540} INFO - Filling up the DagBag from /opt/airflow/dags/sodai_pipeline_dag.py
[2025-11-18T22:16:31.387+0000] {processor.py:840} INFO - DAG(s) 'sodai_training_and_scoring' retrieved from /opt/airflow/dags/sodai_pipeline_dag.py
[2025-11-18T22:16:31.417+0000] {logging_mixin.py:188} INFO - [2025-11-18T22:16:31.417+0000] {dag.py:3096} INFO - Sync 1 DAGs
[2025-11-18T22:16:31.430+0000] {logging_mixin.py:188} INFO - [2025-11-18T22:16:31.429+0000] {dag.py:3954} INFO - Setting next_dagrun for sodai_training_and_scoring to None, run_after=None
[2025-11-18T22:16:31.449+0000] {processor.py:183} INFO - Processing /opt/airflow/dags/sodai_pipeline_dag.py took 0.108 seconds
[2025-11-18T22:17:01.567+0000] {processor.py:161} INFO - Started process (PID=3633) to work on /opt/airflow/dags/sodai_pipeline_dag.py
[2025-11-18T22:17:01.568+0000] {processor.py:830} INFO - Processing file /opt/airflow/dags/sodai_pipeline_dag.py for tasks to queue
[2025-11-18T22:17:01.569+0000] {logging_mixin.py:188} INFO - [2025-11-18T22:17:01.569+0000] {dagbag.py:540} INFO - Filling up the DagBag from /opt/airflow/dags/sodai_pipeline_dag.py
[2025-11-18T22:17:01.587+0000] {processor.py:840} INFO - DAG(s) 'sodai_training_and_scoring' retrieved from /opt/airflow/dags/sodai_pipeline_dag.py
[2025-11-18T22:17:01.611+0000] {logging_mixin.py:188} INFO - [2025-11-18T22:17:01.611+0000] {dag.py:3096} INFO - Sync 1 DAGs
[2025-11-18T22:17:01.623+0000] {logging_mixin.py:188} INFO - [2025-11-18T22:17:01.623+0000] {dag.py:3954} INFO - Setting next_dagrun for sodai_training_and_scoring to None, run_after=None
[2025-11-18T22:17:01.637+0000] {processor.py:183} INFO - Processing /opt/airflow/dags/sodai_pipeline_dag.py took 0.075 seconds
[2025-11-18T22:17:31.804+0000] {processor.py:161} INFO - Started process (PID=3643) to work on /opt/airflow/dags/sodai_pipeline_dag.py
[2025-11-18T22:17:31.805+0000] {processor.py:830} INFO - Processing file /opt/airflow/dags/sodai_pipeline_dag.py for tasks to queue
[2025-11-18T22:17:31.806+0000] {logging_mixin.py:188} INFO - [2025-11-18T22:17:31.806+0000] {dagbag.py:540} INFO - Filling up the DagBag from /opt/airflow/dags/sodai_pipeline_dag.py
[2025-11-18T22:17:31.820+0000] {processor.py:840} INFO - DAG(s) 'sodai_training_and_scoring' retrieved from /opt/airflow/dags/sodai_pipeline_dag.py
[2025-11-18T22:17:31.841+0000] {logging_mixin.py:188} INFO - [2025-11-18T22:17:31.841+0000] {dag.py:3096} INFO - Sync 1 DAGs
[2025-11-18T22:17:31.850+0000] {logging_mixin.py:188} INFO - [2025-11-18T22:17:31.850+0000] {dag.py:3954} INFO - Setting next_dagrun for sodai_training_and_scoring to None, run_after=None
[2025-11-18T22:17:31.870+0000] {processor.py:183} INFO - Processing /opt/airflow/dags/sodai_pipeline_dag.py took 0.071 seconds
[2025-11-18T22:18:02.106+0000] {processor.py:161} INFO - Started process (PID=3653) to work on /opt/airflow/dags/sodai_pipeline_dag.py
[2025-11-18T22:18:02.108+0000] {processor.py:830} INFO - Processing file /opt/airflow/dags/sodai_pipeline_dag.py for tasks to queue
[2025-11-18T22:18:02.109+0000] {logging_mixin.py:188} INFO - [2025-11-18T22:18:02.109+0000] {dagbag.py:540} INFO - Filling up the DagBag from /opt/airflow/dags/sodai_pipeline_dag.py
[2025-11-18T22:18:02.124+0000] {processor.py:840} INFO - DAG(s) 'sodai_training_and_scoring' retrieved from /opt/airflow/dags/sodai_pipeline_dag.py
[2025-11-18T22:18:02.148+0000] {logging_mixin.py:188} INFO - [2025-11-18T22:18:02.147+0000] {dag.py:3096} INFO - Sync 1 DAGs
[2025-11-18T22:18:02.162+0000] {logging_mixin.py:188} INFO - [2025-11-18T22:18:02.161+0000] {dag.py:3954} INFO - Setting next_dagrun for sodai_training_and_scoring to None, run_after=None
[2025-11-18T22:18:02.181+0000] {processor.py:183} INFO - Processing /opt/airflow/dags/sodai_pipeline_dag.py took 0.079 seconds
[2025-11-18T22:18:32.325+0000] {processor.py:161} INFO - Started process (PID=3663) to work on /opt/airflow/dags/sodai_pipeline_dag.py
[2025-11-18T22:18:32.326+0000] {processor.py:830} INFO - Processing file /opt/airflow/dags/sodai_pipeline_dag.py for tasks to queue
[2025-11-18T22:18:32.328+0000] {logging_mixin.py:188} INFO - [2025-11-18T22:18:32.328+0000] {dagbag.py:540} INFO - Filling up the DagBag from /opt/airflow/dags/sodai_pipeline_dag.py
[2025-11-18T22:18:32.346+0000] {processor.py:840} INFO - DAG(s) 'sodai_training_and_scoring' retrieved from /opt/airflow/dags/sodai_pipeline_dag.py
[2025-11-18T22:18:32.368+0000] {logging_mixin.py:188} INFO - [2025-11-18T22:18:32.367+0000] {dag.py:3096} INFO - Sync 1 DAGs
[2025-11-18T22:18:32.378+0000] {logging_mixin.py:188} INFO - [2025-11-18T22:18:32.377+0000] {dag.py:3954} INFO - Setting next_dagrun for sodai_training_and_scoring to None, run_after=None
[2025-11-18T22:18:32.393+0000] {processor.py:183} INFO - Processing /opt/airflow/dags/sodai_pipeline_dag.py took 0.074 seconds
[2025-11-18T22:19:02.759+0000] {processor.py:161} INFO - Started process (PID=3673) to work on /opt/airflow/dags/sodai_pipeline_dag.py
[2025-11-18T22:19:02.763+0000] {processor.py:830} INFO - Processing file /opt/airflow/dags/sodai_pipeline_dag.py for tasks to queue
[2025-11-18T22:19:02.767+0000] {logging_mixin.py:188} INFO - [2025-11-18T22:19:02.767+0000] {dagbag.py:540} INFO - Filling up the DagBag from /opt/airflow/dags/sodai_pipeline_dag.py
[2025-11-18T22:19:02.809+0000] {processor.py:840} INFO - DAG(s) 'sodai_training_and_scoring' retrieved from /opt/airflow/dags/sodai_pipeline_dag.py
[2025-11-18T22:19:02.833+0000] {logging_mixin.py:188} INFO - [2025-11-18T22:19:02.833+0000] {dag.py:3096} INFO - Sync 1 DAGs
[2025-11-18T22:19:02.844+0000] {logging_mixin.py:188} INFO - [2025-11-18T22:19:02.844+0000] {dag.py:3954} INFO - Setting next_dagrun for sodai_training_and_scoring to None, run_after=None
[2025-11-18T22:19:02.861+0000] {processor.py:183} INFO - Processing /opt/airflow/dags/sodai_pipeline_dag.py took 0.107 seconds
[2025-11-18T22:19:33.058+0000] {processor.py:161} INFO - Started process (PID=3683) to work on /opt/airflow/dags/sodai_pipeline_dag.py
[2025-11-18T22:19:33.060+0000] {processor.py:830} INFO - Processing file /opt/airflow/dags/sodai_pipeline_dag.py for tasks to queue
[2025-11-18T22:19:33.061+0000] {logging_mixin.py:188} INFO - [2025-11-18T22:19:33.061+0000] {dagbag.py:540} INFO - Filling up the DagBag from /opt/airflow/dags/sodai_pipeline_dag.py
[2025-11-18T22:19:33.083+0000] {processor.py:840} INFO - DAG(s) 'sodai_training_and_scoring' retrieved from /opt/airflow/dags/sodai_pipeline_dag.py
[2025-11-18T22:19:33.106+0000] {logging_mixin.py:188} INFO - [2025-11-18T22:19:33.105+0000] {dag.py:3096} INFO - Sync 1 DAGs
[2025-11-18T22:19:33.117+0000] {logging_mixin.py:188} INFO - [2025-11-18T22:19:33.117+0000] {dag.py:3954} INFO - Setting next_dagrun for sodai_training_and_scoring to None, run_after=None
[2025-11-18T22:19:33.146+0000] {processor.py:183} INFO - Processing /opt/airflow/dags/sodai_pipeline_dag.py took 0.092 seconds
[2025-11-18T22:20:03.354+0000] {processor.py:161} INFO - Started process (PID=3693) to work on /opt/airflow/dags/sodai_pipeline_dag.py
[2025-11-18T22:20:03.355+0000] {processor.py:830} INFO - Processing file /opt/airflow/dags/sodai_pipeline_dag.py for tasks to queue
[2025-11-18T22:20:03.356+0000] {logging_mixin.py:188} INFO - [2025-11-18T22:20:03.356+0000] {dagbag.py:540} INFO - Filling up the DagBag from /opt/airflow/dags/sodai_pipeline_dag.py
[2025-11-18T22:20:03.373+0000] {processor.py:840} INFO - DAG(s) 'sodai_training_and_scoring' retrieved from /opt/airflow/dags/sodai_pipeline_dag.py
[2025-11-18T22:20:03.395+0000] {logging_mixin.py:188} INFO - [2025-11-18T22:20:03.395+0000] {dag.py:3096} INFO - Sync 1 DAGs
[2025-11-18T22:20:03.405+0000] {logging_mixin.py:188} INFO - [2025-11-18T22:20:03.405+0000] {dag.py:3954} INFO - Setting next_dagrun for sodai_training_and_scoring to None, run_after=None
[2025-11-18T22:20:03.422+0000] {processor.py:183} INFO - Processing /opt/airflow/dags/sodai_pipeline_dag.py took 0.072 seconds
[2025-11-18T22:20:33.672+0000] {processor.py:161} INFO - Started process (PID=3703) to work on /opt/airflow/dags/sodai_pipeline_dag.py
[2025-11-18T22:20:33.673+0000] {processor.py:830} INFO - Processing file /opt/airflow/dags/sodai_pipeline_dag.py for tasks to queue
[2025-11-18T22:20:33.674+0000] {logging_mixin.py:188} INFO - [2025-11-18T22:20:33.674+0000] {dagbag.py:540} INFO - Filling up the DagBag from /opt/airflow/dags/sodai_pipeline_dag.py
[2025-11-18T22:20:33.697+0000] {processor.py:840} INFO - DAG(s) 'sodai_training_and_scoring' retrieved from /opt/airflow/dags/sodai_pipeline_dag.py
[2025-11-18T22:20:33.720+0000] {logging_mixin.py:188} INFO - [2025-11-18T22:20:33.720+0000] {dag.py:3096} INFO - Sync 1 DAGs
[2025-11-18T22:20:33.732+0000] {logging_mixin.py:188} INFO - [2025-11-18T22:20:33.732+0000] {dag.py:3954} INFO - Setting next_dagrun for sodai_training_and_scoring to None, run_after=None
[2025-11-18T22:20:33.754+0000] {processor.py:183} INFO - Processing /opt/airflow/dags/sodai_pipeline_dag.py took 0.087 seconds
[2025-11-18T22:21:04.091+0000] {processor.py:161} INFO - Started process (PID=3713) to work on /opt/airflow/dags/sodai_pipeline_dag.py
[2025-11-18T22:21:04.093+0000] {processor.py:830} INFO - Processing file /opt/airflow/dags/sodai_pipeline_dag.py for tasks to queue
[2025-11-18T22:21:04.095+0000] {logging_mixin.py:188} INFO - [2025-11-18T22:21:04.095+0000] {dagbag.py:540} INFO - Filling up the DagBag from /opt/airflow/dags/sodai_pipeline_dag.py
[2025-11-18T22:21:04.119+0000] {processor.py:840} INFO - DAG(s) 'sodai_training_and_scoring' retrieved from /opt/airflow/dags/sodai_pipeline_dag.py
[2025-11-18T22:21:04.142+0000] {logging_mixin.py:188} INFO - [2025-11-18T22:21:04.142+0000] {dag.py:3096} INFO - Sync 1 DAGs
[2025-11-18T22:21:04.153+0000] {logging_mixin.py:188} INFO - [2025-11-18T22:21:04.152+0000] {dag.py:3954} INFO - Setting next_dagrun for sodai_training_and_scoring to None, run_after=None
[2025-11-18T22:21:04.178+0000] {processor.py:183} INFO - Processing /opt/airflow/dags/sodai_pipeline_dag.py took 0.091 seconds
[2025-11-18T22:21:34.345+0000] {processor.py:161} INFO - Started process (PID=3723) to work on /opt/airflow/dags/sodai_pipeline_dag.py
[2025-11-18T22:21:34.347+0000] {processor.py:830} INFO - Processing file /opt/airflow/dags/sodai_pipeline_dag.py for tasks to queue
[2025-11-18T22:21:34.348+0000] {logging_mixin.py:188} INFO - [2025-11-18T22:21:34.348+0000] {dagbag.py:540} INFO - Filling up the DagBag from /opt/airflow/dags/sodai_pipeline_dag.py
[2025-11-18T22:21:34.370+0000] {processor.py:840} INFO - DAG(s) 'sodai_training_and_scoring' retrieved from /opt/airflow/dags/sodai_pipeline_dag.py
[2025-11-18T22:21:34.394+0000] {logging_mixin.py:188} INFO - [2025-11-18T22:21:34.393+0000] {dag.py:3096} INFO - Sync 1 DAGs
[2025-11-18T22:21:34.404+0000] {logging_mixin.py:188} INFO - [2025-11-18T22:21:34.404+0000] {dag.py:3954} INFO - Setting next_dagrun for sodai_training_and_scoring to None, run_after=None
[2025-11-18T22:21:34.420+0000] {processor.py:183} INFO - Processing /opt/airflow/dags/sodai_pipeline_dag.py took 0.080 seconds
[2025-11-18T22:22:04.756+0000] {processor.py:161} INFO - Started process (PID=3733) to work on /opt/airflow/dags/sodai_pipeline_dag.py
[2025-11-18T22:22:04.757+0000] {processor.py:830} INFO - Processing file /opt/airflow/dags/sodai_pipeline_dag.py for tasks to queue
[2025-11-18T22:22:04.759+0000] {logging_mixin.py:188} INFO - [2025-11-18T22:22:04.759+0000] {dagbag.py:540} INFO - Filling up the DagBag from /opt/airflow/dags/sodai_pipeline_dag.py
[2025-11-18T22:22:04.779+0000] {processor.py:840} INFO - DAG(s) 'sodai_training_and_scoring' retrieved from /opt/airflow/dags/sodai_pipeline_dag.py
[2025-11-18T22:22:04.803+0000] {logging_mixin.py:188} INFO - [2025-11-18T22:22:04.802+0000] {dag.py:3096} INFO - Sync 1 DAGs
[2025-11-18T22:22:04.813+0000] {logging_mixin.py:188} INFO - [2025-11-18T22:22:04.812+0000] {dag.py:3954} INFO - Setting next_dagrun for sodai_training_and_scoring to None, run_after=None
[2025-11-18T22:22:04.831+0000] {processor.py:183} INFO - Processing /opt/airflow/dags/sodai_pipeline_dag.py took 0.080 seconds
[2025-11-18T22:22:35.010+0000] {processor.py:161} INFO - Started process (PID=3743) to work on /opt/airflow/dags/sodai_pipeline_dag.py
[2025-11-18T22:22:35.012+0000] {processor.py:830} INFO - Processing file /opt/airflow/dags/sodai_pipeline_dag.py for tasks to queue
[2025-11-18T22:22:35.013+0000] {logging_mixin.py:188} INFO - [2025-11-18T22:22:35.013+0000] {dagbag.py:540} INFO - Filling up the DagBag from /opt/airflow/dags/sodai_pipeline_dag.py
[2025-11-18T22:22:35.033+0000] {processor.py:840} INFO - DAG(s) 'sodai_training_and_scoring' retrieved from /opt/airflow/dags/sodai_pipeline_dag.py
[2025-11-18T22:22:35.058+0000] {logging_mixin.py:188} INFO - [2025-11-18T22:22:35.058+0000] {dag.py:3096} INFO - Sync 1 DAGs
[2025-11-18T22:22:35.068+0000] {logging_mixin.py:188} INFO - [2025-11-18T22:22:35.068+0000] {dag.py:3954} INFO - Setting next_dagrun for sodai_training_and_scoring to None, run_after=None
[2025-11-18T22:22:35.092+0000] {processor.py:183} INFO - Processing /opt/airflow/dags/sodai_pipeline_dag.py took 0.087 seconds
[2025-11-18T22:23:05.229+0000] {processor.py:161} INFO - Started process (PID=3753) to work on /opt/airflow/dags/sodai_pipeline_dag.py
[2025-11-18T22:23:05.230+0000] {processor.py:830} INFO - Processing file /opt/airflow/dags/sodai_pipeline_dag.py for tasks to queue
[2025-11-18T22:23:05.232+0000] {logging_mixin.py:188} INFO - [2025-11-18T22:23:05.231+0000] {dagbag.py:540} INFO - Filling up the DagBag from /opt/airflow/dags/sodai_pipeline_dag.py
[2025-11-18T22:23:05.262+0000] {processor.py:840} INFO - DAG(s) 'sodai_training_and_scoring' retrieved from /opt/airflow/dags/sodai_pipeline_dag.py
[2025-11-18T22:23:05.287+0000] {logging_mixin.py:188} INFO - [2025-11-18T22:23:05.287+0000] {dag.py:3096} INFO - Sync 1 DAGs
[2025-11-18T22:23:05.299+0000] {logging_mixin.py:188} INFO - [2025-11-18T22:23:05.299+0000] {dag.py:3954} INFO - Setting next_dagrun for sodai_training_and_scoring to None, run_after=None
[2025-11-18T22:23:05.317+0000] {processor.py:183} INFO - Processing /opt/airflow/dags/sodai_pipeline_dag.py took 0.093 seconds
[2025-11-18T22:23:35.507+0000] {processor.py:161} INFO - Started process (PID=3763) to work on /opt/airflow/dags/sodai_pipeline_dag.py
[2025-11-18T22:23:35.509+0000] {processor.py:830} INFO - Processing file /opt/airflow/dags/sodai_pipeline_dag.py for tasks to queue
[2025-11-18T22:23:35.511+0000] {logging_mixin.py:188} INFO - [2025-11-18T22:23:35.510+0000] {dagbag.py:540} INFO - Filling up the DagBag from /opt/airflow/dags/sodai_pipeline_dag.py
[2025-11-18T22:23:35.534+0000] {processor.py:840} INFO - DAG(s) 'sodai_training_and_scoring' retrieved from /opt/airflow/dags/sodai_pipeline_dag.py
[2025-11-18T22:23:35.559+0000] {logging_mixin.py:188} INFO - [2025-11-18T22:23:35.558+0000] {dag.py:3096} INFO - Sync 1 DAGs
[2025-11-18T22:23:35.569+0000] {logging_mixin.py:188} INFO - [2025-11-18T22:23:35.569+0000] {dag.py:3954} INFO - Setting next_dagrun for sodai_training_and_scoring to None, run_after=None
[2025-11-18T22:23:35.585+0000] {processor.py:183} INFO - Processing /opt/airflow/dags/sodai_pipeline_dag.py took 0.082 seconds
[2025-11-18T22:24:05.770+0000] {processor.py:161} INFO - Started process (PID=3773) to work on /opt/airflow/dags/sodai_pipeline_dag.py
[2025-11-18T22:24:05.771+0000] {processor.py:830} INFO - Processing file /opt/airflow/dags/sodai_pipeline_dag.py for tasks to queue
[2025-11-18T22:24:05.772+0000] {logging_mixin.py:188} INFO - [2025-11-18T22:24:05.772+0000] {dagbag.py:540} INFO - Filling up the DagBag from /opt/airflow/dags/sodai_pipeline_dag.py
[2025-11-18T22:24:05.791+0000] {processor.py:840} INFO - DAG(s) 'sodai_training_and_scoring' retrieved from /opt/airflow/dags/sodai_pipeline_dag.py
[2025-11-18T22:24:05.814+0000] {logging_mixin.py:188} INFO - [2025-11-18T22:24:05.814+0000] {dag.py:3096} INFO - Sync 1 DAGs
[2025-11-18T22:24:05.825+0000] {logging_mixin.py:188} INFO - [2025-11-18T22:24:05.825+0000] {dag.py:3954} INFO - Setting next_dagrun for sodai_training_and_scoring to None, run_after=None
[2025-11-18T22:24:05.841+0000] {processor.py:183} INFO - Processing /opt/airflow/dags/sodai_pipeline_dag.py took 0.077 seconds
[2025-11-18T22:24:36.009+0000] {processor.py:161} INFO - Started process (PID=3783) to work on /opt/airflow/dags/sodai_pipeline_dag.py
[2025-11-18T22:24:36.010+0000] {processor.py:830} INFO - Processing file /opt/airflow/dags/sodai_pipeline_dag.py for tasks to queue
[2025-11-18T22:24:36.012+0000] {logging_mixin.py:188} INFO - [2025-11-18T22:24:36.012+0000] {dagbag.py:540} INFO - Filling up the DagBag from /opt/airflow/dags/sodai_pipeline_dag.py
[2025-11-18T22:24:36.032+0000] {processor.py:840} INFO - DAG(s) 'sodai_training_and_scoring' retrieved from /opt/airflow/dags/sodai_pipeline_dag.py
[2025-11-18T22:24:36.055+0000] {logging_mixin.py:188} INFO - [2025-11-18T22:24:36.055+0000] {dag.py:3096} INFO - Sync 1 DAGs
[2025-11-18T22:24:36.066+0000] {logging_mixin.py:188} INFO - [2025-11-18T22:24:36.066+0000] {dag.py:3954} INFO - Setting next_dagrun for sodai_training_and_scoring to None, run_after=None
[2025-11-18T22:24:36.084+0000] {processor.py:183} INFO - Processing /opt/airflow/dags/sodai_pipeline_dag.py took 0.080 seconds
[2025-11-18T22:25:06.299+0000] {processor.py:161} INFO - Started process (PID=3793) to work on /opt/airflow/dags/sodai_pipeline_dag.py
[2025-11-18T22:25:06.300+0000] {processor.py:830} INFO - Processing file /opt/airflow/dags/sodai_pipeline_dag.py for tasks to queue
[2025-11-18T22:25:06.302+0000] {logging_mixin.py:188} INFO - [2025-11-18T22:25:06.302+0000] {dagbag.py:540} INFO - Filling up the DagBag from /opt/airflow/dags/sodai_pipeline_dag.py
[2025-11-18T22:25:06.318+0000] {processor.py:840} INFO - DAG(s) 'sodai_training_and_scoring' retrieved from /opt/airflow/dags/sodai_pipeline_dag.py
[2025-11-18T22:25:06.341+0000] {logging_mixin.py:188} INFO - [2025-11-18T22:25:06.341+0000] {dag.py:3096} INFO - Sync 1 DAGs
[2025-11-18T22:25:06.354+0000] {logging_mixin.py:188} INFO - [2025-11-18T22:25:06.353+0000] {dag.py:3954} INFO - Setting next_dagrun for sodai_training_and_scoring to None, run_after=None
[2025-11-18T22:25:06.369+0000] {processor.py:183} INFO - Processing /opt/airflow/dags/sodai_pipeline_dag.py took 0.074 seconds
[2025-11-18T22:25:36.534+0000] {processor.py:161} INFO - Started process (PID=3803) to work on /opt/airflow/dags/sodai_pipeline_dag.py
[2025-11-18T22:25:36.535+0000] {processor.py:830} INFO - Processing file /opt/airflow/dags/sodai_pipeline_dag.py for tasks to queue
[2025-11-18T22:25:36.536+0000] {logging_mixin.py:188} INFO - [2025-11-18T22:25:36.536+0000] {dagbag.py:540} INFO - Filling up the DagBag from /opt/airflow/dags/sodai_pipeline_dag.py
[2025-11-18T22:25:36.552+0000] {processor.py:840} INFO - DAG(s) 'sodai_training_and_scoring' retrieved from /opt/airflow/dags/sodai_pipeline_dag.py
[2025-11-18T22:25:36.571+0000] {logging_mixin.py:188} INFO - [2025-11-18T22:25:36.571+0000] {dag.py:3096} INFO - Sync 1 DAGs
[2025-11-18T22:25:36.581+0000] {logging_mixin.py:188} INFO - [2025-11-18T22:25:36.581+0000] {dag.py:3954} INFO - Setting next_dagrun for sodai_training_and_scoring to None, run_after=None
[2025-11-18T22:25:36.595+0000] {processor.py:183} INFO - Processing /opt/airflow/dags/sodai_pipeline_dag.py took 0.067 seconds
[2025-11-18T22:26:06.720+0000] {processor.py:161} INFO - Started process (PID=3813) to work on /opt/airflow/dags/sodai_pipeline_dag.py
[2025-11-18T22:26:06.722+0000] {processor.py:830} INFO - Processing file /opt/airflow/dags/sodai_pipeline_dag.py for tasks to queue
[2025-11-18T22:26:06.723+0000] {logging_mixin.py:188} INFO - [2025-11-18T22:26:06.723+0000] {dagbag.py:540} INFO - Filling up the DagBag from /opt/airflow/dags/sodai_pipeline_dag.py
[2025-11-18T22:26:06.736+0000] {processor.py:840} INFO - DAG(s) 'sodai_training_and_scoring' retrieved from /opt/airflow/dags/sodai_pipeline_dag.py
[2025-11-18T22:26:06.757+0000] {logging_mixin.py:188} INFO - [2025-11-18T22:26:06.757+0000] {dag.py:3096} INFO - Sync 1 DAGs
[2025-11-18T22:26:06.768+0000] {logging_mixin.py:188} INFO - [2025-11-18T22:26:06.768+0000] {dag.py:3954} INFO - Setting next_dagrun for sodai_training_and_scoring to None, run_after=None
[2025-11-18T22:26:06.782+0000] {processor.py:183} INFO - Processing /opt/airflow/dags/sodai_pipeline_dag.py took 0.067 seconds
[2025-11-18T22:26:36.996+0000] {processor.py:161} INFO - Started process (PID=3823) to work on /opt/airflow/dags/sodai_pipeline_dag.py
[2025-11-18T22:26:36.997+0000] {processor.py:830} INFO - Processing file /opt/airflow/dags/sodai_pipeline_dag.py for tasks to queue
[2025-11-18T22:26:36.998+0000] {logging_mixin.py:188} INFO - [2025-11-18T22:26:36.998+0000] {dagbag.py:540} INFO - Filling up the DagBag from /opt/airflow/dags/sodai_pipeline_dag.py
[2025-11-18T22:26:37.014+0000] {processor.py:840} INFO - DAG(s) 'sodai_training_and_scoring' retrieved from /opt/airflow/dags/sodai_pipeline_dag.py
[2025-11-18T22:26:37.037+0000] {logging_mixin.py:188} INFO - [2025-11-18T22:26:37.036+0000] {dag.py:3096} INFO - Sync 1 DAGs
[2025-11-18T22:26:37.047+0000] {logging_mixin.py:188} INFO - [2025-11-18T22:26:37.046+0000] {dag.py:3954} INFO - Setting next_dagrun for sodai_training_and_scoring to None, run_after=None
[2025-11-18T22:26:37.063+0000] {processor.py:183} INFO - Processing /opt/airflow/dags/sodai_pipeline_dag.py took 0.071 seconds
[2025-11-18T22:27:07.178+0000] {processor.py:161} INFO - Started process (PID=3833) to work on /opt/airflow/dags/sodai_pipeline_dag.py
[2025-11-18T22:27:07.180+0000] {processor.py:830} INFO - Processing file /opt/airflow/dags/sodai_pipeline_dag.py for tasks to queue
[2025-11-18T22:27:07.182+0000] {logging_mixin.py:188} INFO - [2025-11-18T22:27:07.182+0000] {dagbag.py:540} INFO - Filling up the DagBag from /opt/airflow/dags/sodai_pipeline_dag.py
[2025-11-18T22:27:07.197+0000] {processor.py:840} INFO - DAG(s) 'sodai_training_and_scoring' retrieved from /opt/airflow/dags/sodai_pipeline_dag.py
[2025-11-18T22:27:07.218+0000] {logging_mixin.py:188} INFO - [2025-11-18T22:27:07.218+0000] {dag.py:3096} INFO - Sync 1 DAGs
[2025-11-18T22:27:07.227+0000] {logging_mixin.py:188} INFO - [2025-11-18T22:27:07.227+0000] {dag.py:3954} INFO - Setting next_dagrun for sodai_training_and_scoring to None, run_after=None
[2025-11-18T22:27:07.243+0000] {processor.py:183} INFO - Processing /opt/airflow/dags/sodai_pipeline_dag.py took 0.069 seconds
[2025-11-18T22:27:37.387+0000] {processor.py:161} INFO - Started process (PID=3843) to work on /opt/airflow/dags/sodai_pipeline_dag.py
[2025-11-18T22:27:37.388+0000] {processor.py:830} INFO - Processing file /opt/airflow/dags/sodai_pipeline_dag.py for tasks to queue
[2025-11-18T22:27:37.390+0000] {logging_mixin.py:188} INFO - [2025-11-18T22:27:37.389+0000] {dagbag.py:540} INFO - Filling up the DagBag from /opt/airflow/dags/sodai_pipeline_dag.py
[2025-11-18T22:27:37.403+0000] {processor.py:840} INFO - DAG(s) 'sodai_training_and_scoring' retrieved from /opt/airflow/dags/sodai_pipeline_dag.py
[2025-11-18T22:27:37.423+0000] {logging_mixin.py:188} INFO - [2025-11-18T22:27:37.423+0000] {dag.py:3096} INFO - Sync 1 DAGs
[2025-11-18T22:27:37.432+0000] {logging_mixin.py:188} INFO - [2025-11-18T22:27:37.432+0000] {dag.py:3954} INFO - Setting next_dagrun for sodai_training_and_scoring to None, run_after=None
[2025-11-18T22:27:37.445+0000] {processor.py:183} INFO - Processing /opt/airflow/dags/sodai_pipeline_dag.py took 0.064 seconds
[2025-11-18T22:28:07.552+0000] {processor.py:161} INFO - Started process (PID=3853) to work on /opt/airflow/dags/sodai_pipeline_dag.py
[2025-11-18T22:28:07.553+0000] {processor.py:830} INFO - Processing file /opt/airflow/dags/sodai_pipeline_dag.py for tasks to queue
[2025-11-18T22:28:07.554+0000] {logging_mixin.py:188} INFO - [2025-11-18T22:28:07.554+0000] {dagbag.py:540} INFO - Filling up the DagBag from /opt/airflow/dags/sodai_pipeline_dag.py
[2025-11-18T22:28:07.569+0000] {processor.py:840} INFO - DAG(s) 'sodai_training_and_scoring' retrieved from /opt/airflow/dags/sodai_pipeline_dag.py
[2025-11-18T22:28:07.592+0000] {logging_mixin.py:188} INFO - [2025-11-18T22:28:07.591+0000] {dag.py:3096} INFO - Sync 1 DAGs
[2025-11-18T22:28:07.602+0000] {logging_mixin.py:188} INFO - [2025-11-18T22:28:07.602+0000] {dag.py:3954} INFO - Setting next_dagrun for sodai_training_and_scoring to None, run_after=None
[2025-11-18T22:28:07.618+0000] {processor.py:183} INFO - Processing /opt/airflow/dags/sodai_pipeline_dag.py took 0.070 seconds
[2025-11-18T22:28:37.771+0000] {processor.py:161} INFO - Started process (PID=3863) to work on /opt/airflow/dags/sodai_pipeline_dag.py
[2025-11-18T22:28:37.772+0000] {processor.py:830} INFO - Processing file /opt/airflow/dags/sodai_pipeline_dag.py for tasks to queue
[2025-11-18T22:28:37.774+0000] {logging_mixin.py:188} INFO - [2025-11-18T22:28:37.773+0000] {dagbag.py:540} INFO - Filling up the DagBag from /opt/airflow/dags/sodai_pipeline_dag.py
[2025-11-18T22:28:37.790+0000] {processor.py:840} INFO - DAG(s) 'sodai_training_and_scoring' retrieved from /opt/airflow/dags/sodai_pipeline_dag.py
[2025-11-18T22:28:37.812+0000] {logging_mixin.py:188} INFO - [2025-11-18T22:28:37.812+0000] {dag.py:3096} INFO - Sync 1 DAGs
[2025-11-18T22:28:37.822+0000] {logging_mixin.py:188} INFO - [2025-11-18T22:28:37.822+0000] {dag.py:3954} INFO - Setting next_dagrun for sodai_training_and_scoring to None, run_after=None
[2025-11-18T22:28:37.837+0000] {processor.py:183} INFO - Processing /opt/airflow/dags/sodai_pipeline_dag.py took 0.071 seconds
[2025-11-18T22:29:07.901+0000] {processor.py:161} INFO - Started process (PID=3873) to work on /opt/airflow/dags/sodai_pipeline_dag.py
[2025-11-18T22:29:07.902+0000] {processor.py:830} INFO - Processing file /opt/airflow/dags/sodai_pipeline_dag.py for tasks to queue
[2025-11-18T22:29:07.905+0000] {logging_mixin.py:188} INFO - [2025-11-18T22:29:07.904+0000] {dagbag.py:540} INFO - Filling up the DagBag from /opt/airflow/dags/sodai_pipeline_dag.py
[2025-11-18T22:29:07.927+0000] {processor.py:840} INFO - DAG(s) 'sodai_training_and_scoring' retrieved from /opt/airflow/dags/sodai_pipeline_dag.py
[2025-11-18T22:29:07.951+0000] {logging_mixin.py:188} INFO - [2025-11-18T22:29:07.950+0000] {dag.py:3096} INFO - Sync 1 DAGs
[2025-11-18T22:29:07.965+0000] {logging_mixin.py:188} INFO - [2025-11-18T22:29:07.964+0000] {dag.py:3954} INFO - Setting next_dagrun for sodai_training_and_scoring to None, run_after=None
[2025-11-18T22:29:07.980+0000] {processor.py:183} INFO - Processing /opt/airflow/dags/sodai_pipeline_dag.py took 0.084 seconds
[2025-11-18T22:29:38.032+0000] {processor.py:161} INFO - Started process (PID=3883) to work on /opt/airflow/dags/sodai_pipeline_dag.py
[2025-11-18T22:29:38.033+0000] {processor.py:830} INFO - Processing file /opt/airflow/dags/sodai_pipeline_dag.py for tasks to queue
[2025-11-18T22:29:38.035+0000] {logging_mixin.py:188} INFO - [2025-11-18T22:29:38.034+0000] {dagbag.py:540} INFO - Filling up the DagBag from /opt/airflow/dags/sodai_pipeline_dag.py
[2025-11-18T22:29:38.049+0000] {processor.py:840} INFO - DAG(s) 'sodai_training_and_scoring' retrieved from /opt/airflow/dags/sodai_pipeline_dag.py
[2025-11-18T22:29:38.070+0000] {logging_mixin.py:188} INFO - [2025-11-18T22:29:38.070+0000] {dag.py:3096} INFO - Sync 1 DAGs
[2025-11-18T22:29:38.080+0000] {logging_mixin.py:188} INFO - [2025-11-18T22:29:38.080+0000] {dag.py:3954} INFO - Setting next_dagrun for sodai_training_and_scoring to None, run_after=None
[2025-11-18T22:29:38.106+0000] {processor.py:183} INFO - Processing /opt/airflow/dags/sodai_pipeline_dag.py took 0.079 seconds
[2025-11-18T22:30:08.286+0000] {processor.py:161} INFO - Started process (PID=3893) to work on /opt/airflow/dags/sodai_pipeline_dag.py
[2025-11-18T22:30:08.287+0000] {processor.py:830} INFO - Processing file /opt/airflow/dags/sodai_pipeline_dag.py for tasks to queue
[2025-11-18T22:30:08.288+0000] {logging_mixin.py:188} INFO - [2025-11-18T22:30:08.288+0000] {dagbag.py:540} INFO - Filling up the DagBag from /opt/airflow/dags/sodai_pipeline_dag.py
[2025-11-18T22:30:08.302+0000] {processor.py:840} INFO - DAG(s) 'sodai_training_and_scoring' retrieved from /opt/airflow/dags/sodai_pipeline_dag.py
[2025-11-18T22:30:08.323+0000] {logging_mixin.py:188} INFO - [2025-11-18T22:30:08.323+0000] {dag.py:3096} INFO - Sync 1 DAGs
[2025-11-18T22:30:08.333+0000] {logging_mixin.py:188} INFO - [2025-11-18T22:30:08.333+0000] {dag.py:3954} INFO - Setting next_dagrun for sodai_training_and_scoring to None, run_after=None
[2025-11-18T22:30:08.346+0000] {processor.py:183} INFO - Processing /opt/airflow/dags/sodai_pipeline_dag.py took 0.065 seconds
[2025-11-18T22:30:38.441+0000] {processor.py:161} INFO - Started process (PID=3903) to work on /opt/airflow/dags/sodai_pipeline_dag.py
[2025-11-18T22:30:38.442+0000] {processor.py:830} INFO - Processing file /opt/airflow/dags/sodai_pipeline_dag.py for tasks to queue
[2025-11-18T22:30:38.448+0000] {logging_mixin.py:188} INFO - [2025-11-18T22:30:38.448+0000] {dagbag.py:540} INFO - Filling up the DagBag from /opt/airflow/dags/sodai_pipeline_dag.py
[2025-11-18T22:30:38.490+0000] {processor.py:840} INFO - DAG(s) 'sodai_training_and_scoring' retrieved from /opt/airflow/dags/sodai_pipeline_dag.py
[2025-11-18T22:30:38.513+0000] {logging_mixin.py:188} INFO - [2025-11-18T22:30:38.513+0000] {dag.py:3096} INFO - Sync 1 DAGs
[2025-11-18T22:30:38.523+0000] {logging_mixin.py:188} INFO - [2025-11-18T22:30:38.523+0000] {dag.py:3954} INFO - Setting next_dagrun for sodai_training_and_scoring to None, run_after=None
[2025-11-18T22:30:38.540+0000] {processor.py:183} INFO - Processing /opt/airflow/dags/sodai_pipeline_dag.py took 0.104 seconds
[2025-11-18T22:31:08.678+0000] {processor.py:161} INFO - Started process (PID=3913) to work on /opt/airflow/dags/sodai_pipeline_dag.py
[2025-11-18T22:31:08.679+0000] {processor.py:830} INFO - Processing file /opt/airflow/dags/sodai_pipeline_dag.py for tasks to queue
[2025-11-18T22:31:08.681+0000] {logging_mixin.py:188} INFO - [2025-11-18T22:31:08.681+0000] {dagbag.py:540} INFO - Filling up the DagBag from /opt/airflow/dags/sodai_pipeline_dag.py
[2025-11-18T22:31:08.698+0000] {processor.py:840} INFO - DAG(s) 'sodai_training_and_scoring' retrieved from /opt/airflow/dags/sodai_pipeline_dag.py
[2025-11-18T22:31:08.719+0000] {logging_mixin.py:188} INFO - [2025-11-18T22:31:08.719+0000] {dag.py:3096} INFO - Sync 1 DAGs
[2025-11-18T22:31:08.730+0000] {logging_mixin.py:188} INFO - [2025-11-18T22:31:08.730+0000] {dag.py:3954} INFO - Setting next_dagrun for sodai_training_and_scoring to None, run_after=None
[2025-11-18T22:31:08.744+0000] {processor.py:183} INFO - Processing /opt/airflow/dags/sodai_pipeline_dag.py took 0.072 seconds
[2025-11-18T22:31:39.065+0000] {processor.py:161} INFO - Started process (PID=3923) to work on /opt/airflow/dags/sodai_pipeline_dag.py
[2025-11-18T22:31:39.066+0000] {processor.py:830} INFO - Processing file /opt/airflow/dags/sodai_pipeline_dag.py for tasks to queue
[2025-11-18T22:31:39.068+0000] {logging_mixin.py:188} INFO - [2025-11-18T22:31:39.068+0000] {dagbag.py:540} INFO - Filling up the DagBag from /opt/airflow/dags/sodai_pipeline_dag.py
[2025-11-18T22:31:39.087+0000] {processor.py:840} INFO - DAG(s) 'sodai_training_and_scoring' retrieved from /opt/airflow/dags/sodai_pipeline_dag.py
[2025-11-18T22:31:39.112+0000] {logging_mixin.py:188} INFO - [2025-11-18T22:31:39.112+0000] {dag.py:3096} INFO - Sync 1 DAGs
[2025-11-18T22:31:39.125+0000] {logging_mixin.py:188} INFO - [2025-11-18T22:31:39.125+0000] {dag.py:3954} INFO - Setting next_dagrun for sodai_training_and_scoring to None, run_after=None
[2025-11-18T22:31:39.143+0000] {processor.py:183} INFO - Processing /opt/airflow/dags/sodai_pipeline_dag.py took 0.083 seconds
[2025-11-18T22:32:09.350+0000] {processor.py:161} INFO - Started process (PID=3933) to work on /opt/airflow/dags/sodai_pipeline_dag.py
[2025-11-18T22:32:09.351+0000] {processor.py:830} INFO - Processing file /opt/airflow/dags/sodai_pipeline_dag.py for tasks to queue
[2025-11-18T22:32:09.354+0000] {logging_mixin.py:188} INFO - [2025-11-18T22:32:09.353+0000] {dagbag.py:540} INFO - Filling up the DagBag from /opt/airflow/dags/sodai_pipeline_dag.py
[2025-11-18T22:32:09.386+0000] {processor.py:840} INFO - DAG(s) 'sodai_training_and_scoring' retrieved from /opt/airflow/dags/sodai_pipeline_dag.py
[2025-11-18T22:32:09.413+0000] {logging_mixin.py:188} INFO - [2025-11-18T22:32:09.412+0000] {dag.py:3096} INFO - Sync 1 DAGs
[2025-11-18T22:32:09.424+0000] {logging_mixin.py:188} INFO - [2025-11-18T22:32:09.424+0000] {dag.py:3954} INFO - Setting next_dagrun for sodai_training_and_scoring to None, run_after=None
[2025-11-18T22:32:09.441+0000] {processor.py:183} INFO - Processing /opt/airflow/dags/sodai_pipeline_dag.py took 0.095 seconds
[2025-11-18T22:32:39.741+0000] {processor.py:161} INFO - Started process (PID=3943) to work on /opt/airflow/dags/sodai_pipeline_dag.py
[2025-11-18T22:32:39.742+0000] {processor.py:830} INFO - Processing file /opt/airflow/dags/sodai_pipeline_dag.py for tasks to queue
[2025-11-18T22:32:39.744+0000] {logging_mixin.py:188} INFO - [2025-11-18T22:32:39.744+0000] {dagbag.py:540} INFO - Filling up the DagBag from /opt/airflow/dags/sodai_pipeline_dag.py
[2025-11-18T22:32:39.758+0000] {processor.py:840} INFO - DAG(s) 'sodai_training_and_scoring' retrieved from /opt/airflow/dags/sodai_pipeline_dag.py
[2025-11-18T22:32:39.786+0000] {logging_mixin.py:188} INFO - [2025-11-18T22:32:39.786+0000] {dag.py:3096} INFO - Sync 1 DAGs
[2025-11-18T22:32:39.796+0000] {logging_mixin.py:188} INFO - [2025-11-18T22:32:39.796+0000] {dag.py:3954} INFO - Setting next_dagrun for sodai_training_and_scoring to None, run_after=None
[2025-11-18T22:32:39.815+0000] {processor.py:183} INFO - Processing /opt/airflow/dags/sodai_pipeline_dag.py took 0.078 seconds
[2025-11-18T22:33:09.971+0000] {processor.py:161} INFO - Started process (PID=3953) to work on /opt/airflow/dags/sodai_pipeline_dag.py
[2025-11-18T22:33:09.972+0000] {processor.py:830} INFO - Processing file /opt/airflow/dags/sodai_pipeline_dag.py for tasks to queue
[2025-11-18T22:33:09.974+0000] {logging_mixin.py:188} INFO - [2025-11-18T22:33:09.974+0000] {dagbag.py:540} INFO - Filling up the DagBag from /opt/airflow/dags/sodai_pipeline_dag.py
[2025-11-18T22:33:10.008+0000] {processor.py:840} INFO - DAG(s) 'sodai_training_and_scoring' retrieved from /opt/airflow/dags/sodai_pipeline_dag.py
[2025-11-18T22:33:10.034+0000] {logging_mixin.py:188} INFO - [2025-11-18T22:33:10.033+0000] {dag.py:3096} INFO - Sync 1 DAGs
[2025-11-18T22:33:10.046+0000] {logging_mixin.py:188} INFO - [2025-11-18T22:33:10.046+0000] {dag.py:3954} INFO - Setting next_dagrun for sodai_training_and_scoring to None, run_after=None
[2025-11-18T22:33:10.071+0000] {processor.py:183} INFO - Processing /opt/airflow/dags/sodai_pipeline_dag.py took 0.105 seconds
[2025-11-18T22:33:40.547+0000] {processor.py:161} INFO - Started process (PID=3963) to work on /opt/airflow/dags/sodai_pipeline_dag.py
[2025-11-18T22:33:40.548+0000] {processor.py:830} INFO - Processing file /opt/airflow/dags/sodai_pipeline_dag.py for tasks to queue
[2025-11-18T22:33:40.550+0000] {logging_mixin.py:188} INFO - [2025-11-18T22:33:40.550+0000] {dagbag.py:540} INFO - Filling up the DagBag from /opt/airflow/dags/sodai_pipeline_dag.py
[2025-11-18T22:33:40.583+0000] {processor.py:840} INFO - DAG(s) 'sodai_training_and_scoring' retrieved from /opt/airflow/dags/sodai_pipeline_dag.py
[2025-11-18T22:33:40.606+0000] {logging_mixin.py:188} INFO - [2025-11-18T22:33:40.606+0000] {dag.py:3096} INFO - Sync 1 DAGs
[2025-11-18T22:33:40.615+0000] {logging_mixin.py:188} INFO - [2025-11-18T22:33:40.615+0000] {dag.py:3954} INFO - Setting next_dagrun for sodai_training_and_scoring to None, run_after=None
[2025-11-18T22:33:40.629+0000] {processor.py:183} INFO - Processing /opt/airflow/dags/sodai_pipeline_dag.py took 0.087 seconds
[2025-11-18T22:34:10.854+0000] {processor.py:161} INFO - Started process (PID=3973) to work on /opt/airflow/dags/sodai_pipeline_dag.py
[2025-11-18T22:34:10.855+0000] {processor.py:830} INFO - Processing file /opt/airflow/dags/sodai_pipeline_dag.py for tasks to queue
[2025-11-18T22:34:10.856+0000] {logging_mixin.py:188} INFO - [2025-11-18T22:34:10.856+0000] {dagbag.py:540} INFO - Filling up the DagBag from /opt/airflow/dags/sodai_pipeline_dag.py
[2025-11-18T22:34:10.871+0000] {processor.py:840} INFO - DAG(s) 'sodai_training_and_scoring' retrieved from /opt/airflow/dags/sodai_pipeline_dag.py
[2025-11-18T22:34:10.892+0000] {logging_mixin.py:188} INFO - [2025-11-18T22:34:10.891+0000] {dag.py:3096} INFO - Sync 1 DAGs
[2025-11-18T22:34:10.901+0000] {logging_mixin.py:188} INFO - [2025-11-18T22:34:10.900+0000] {dag.py:3954} INFO - Setting next_dagrun for sodai_training_and_scoring to None, run_after=None
[2025-11-18T22:34:10.917+0000] {processor.py:183} INFO - Processing /opt/airflow/dags/sodai_pipeline_dag.py took 0.067 seconds
[2025-11-18T22:34:41.055+0000] {processor.py:161} INFO - Started process (PID=3983) to work on /opt/airflow/dags/sodai_pipeline_dag.py
[2025-11-18T22:34:41.056+0000] {processor.py:830} INFO - Processing file /opt/airflow/dags/sodai_pipeline_dag.py for tasks to queue
[2025-11-18T22:34:41.057+0000] {logging_mixin.py:188} INFO - [2025-11-18T22:34:41.057+0000] {dagbag.py:540} INFO - Filling up the DagBag from /opt/airflow/dags/sodai_pipeline_dag.py
[2025-11-18T22:34:41.072+0000] {processor.py:840} INFO - DAG(s) 'sodai_training_and_scoring' retrieved from /opt/airflow/dags/sodai_pipeline_dag.py
[2025-11-18T22:34:41.092+0000] {logging_mixin.py:188} INFO - [2025-11-18T22:34:41.091+0000] {dag.py:3096} INFO - Sync 1 DAGs
[2025-11-18T22:34:41.102+0000] {logging_mixin.py:188} INFO - [2025-11-18T22:34:41.102+0000] {dag.py:3954} INFO - Setting next_dagrun for sodai_training_and_scoring to None, run_after=None
[2025-11-18T22:34:41.115+0000] {processor.py:183} INFO - Processing /opt/airflow/dags/sodai_pipeline_dag.py took 0.064 seconds
[2025-11-18T22:35:11.327+0000] {processor.py:161} INFO - Started process (PID=3993) to work on /opt/airflow/dags/sodai_pipeline_dag.py
[2025-11-18T22:35:11.329+0000] {processor.py:830} INFO - Processing file /opt/airflow/dags/sodai_pipeline_dag.py for tasks to queue
[2025-11-18T22:35:11.331+0000] {logging_mixin.py:188} INFO - [2025-11-18T22:35:11.331+0000] {dagbag.py:540} INFO - Filling up the DagBag from /opt/airflow/dags/sodai_pipeline_dag.py
[2025-11-18T22:35:11.366+0000] {processor.py:840} INFO - DAG(s) 'sodai_training_and_scoring' retrieved from /opt/airflow/dags/sodai_pipeline_dag.py
[2025-11-18T22:35:11.388+0000] {logging_mixin.py:188} INFO - [2025-11-18T22:35:11.388+0000] {dag.py:3096} INFO - Sync 1 DAGs
[2025-11-18T22:35:11.399+0000] {logging_mixin.py:188} INFO - [2025-11-18T22:35:11.399+0000] {dag.py:3954} INFO - Setting next_dagrun for sodai_training_and_scoring to None, run_after=None
[2025-11-18T22:35:11.415+0000] {processor.py:183} INFO - Processing /opt/airflow/dags/sodai_pipeline_dag.py took 0.093 seconds
[2025-11-18T22:35:41.826+0000] {processor.py:161} INFO - Started process (PID=4003) to work on /opt/airflow/dags/sodai_pipeline_dag.py
[2025-11-18T22:35:41.827+0000] {processor.py:830} INFO - Processing file /opt/airflow/dags/sodai_pipeline_dag.py for tasks to queue
[2025-11-18T22:35:41.829+0000] {logging_mixin.py:188} INFO - [2025-11-18T22:35:41.829+0000] {dagbag.py:540} INFO - Filling up the DagBag from /opt/airflow/dags/sodai_pipeline_dag.py
[2025-11-18T22:35:41.857+0000] {processor.py:840} INFO - DAG(s) 'sodai_training_and_scoring' retrieved from /opt/airflow/dags/sodai_pipeline_dag.py
[2025-11-18T22:35:41.878+0000] {logging_mixin.py:188} INFO - [2025-11-18T22:35:41.878+0000] {dag.py:3096} INFO - Sync 1 DAGs
[2025-11-18T22:35:41.888+0000] {logging_mixin.py:188} INFO - [2025-11-18T22:35:41.888+0000] {dag.py:3954} INFO - Setting next_dagrun for sodai_training_and_scoring to None, run_after=None
[2025-11-18T22:35:41.901+0000] {processor.py:183} INFO - Processing /opt/airflow/dags/sodai_pipeline_dag.py took 0.081 seconds
[2025-11-18T22:36:12.200+0000] {processor.py:161} INFO - Started process (PID=4013) to work on /opt/airflow/dags/sodai_pipeline_dag.py
[2025-11-18T22:36:12.201+0000] {processor.py:830} INFO - Processing file /opt/airflow/dags/sodai_pipeline_dag.py for tasks to queue
[2025-11-18T22:36:12.202+0000] {logging_mixin.py:188} INFO - [2025-11-18T22:36:12.202+0000] {dagbag.py:540} INFO - Filling up the DagBag from /opt/airflow/dags/sodai_pipeline_dag.py
[2025-11-18T22:36:12.230+0000] {processor.py:840} INFO - DAG(s) 'sodai_training_and_scoring' retrieved from /opt/airflow/dags/sodai_pipeline_dag.py
[2025-11-18T22:36:12.253+0000] {logging_mixin.py:188} INFO - [2025-11-18T22:36:12.253+0000] {dag.py:3096} INFO - Sync 1 DAGs
[2025-11-18T22:36:12.266+0000] {logging_mixin.py:188} INFO - [2025-11-18T22:36:12.265+0000] {dag.py:3954} INFO - Setting next_dagrun for sodai_training_and_scoring to None, run_after=None
[2025-11-18T22:36:12.287+0000] {processor.py:183} INFO - Processing /opt/airflow/dags/sodai_pipeline_dag.py took 0.092 seconds
[2025-11-18T22:36:42.377+0000] {processor.py:161} INFO - Started process (PID=4023) to work on /opt/airflow/dags/sodai_pipeline_dag.py
[2025-11-18T22:36:42.378+0000] {processor.py:830} INFO - Processing file /opt/airflow/dags/sodai_pipeline_dag.py for tasks to queue
[2025-11-18T22:36:42.379+0000] {logging_mixin.py:188} INFO - [2025-11-18T22:36:42.379+0000] {dagbag.py:540} INFO - Filling up the DagBag from /opt/airflow/dags/sodai_pipeline_dag.py
[2025-11-18T22:36:42.394+0000] {processor.py:840} INFO - DAG(s) 'sodai_training_and_scoring' retrieved from /opt/airflow/dags/sodai_pipeline_dag.py
[2025-11-18T22:36:42.416+0000] {logging_mixin.py:188} INFO - [2025-11-18T22:36:42.416+0000] {dag.py:3096} INFO - Sync 1 DAGs
[2025-11-18T22:36:42.427+0000] {logging_mixin.py:188} INFO - [2025-11-18T22:36:42.426+0000] {dag.py:3954} INFO - Setting next_dagrun for sodai_training_and_scoring to None, run_after=None
[2025-11-18T22:36:42.443+0000] {processor.py:183} INFO - Processing /opt/airflow/dags/sodai_pipeline_dag.py took 0.071 seconds
[2025-11-18T22:37:12.612+0000] {processor.py:161} INFO - Started process (PID=4033) to work on /opt/airflow/dags/sodai_pipeline_dag.py
[2025-11-18T22:37:12.613+0000] {processor.py:830} INFO - Processing file /opt/airflow/dags/sodai_pipeline_dag.py for tasks to queue
[2025-11-18T22:37:12.614+0000] {logging_mixin.py:188} INFO - [2025-11-18T22:37:12.614+0000] {dagbag.py:540} INFO - Filling up the DagBag from /opt/airflow/dags/sodai_pipeline_dag.py
[2025-11-18T22:37:12.654+0000] {processor.py:840} INFO - DAG(s) 'sodai_training_and_scoring' retrieved from /opt/airflow/dags/sodai_pipeline_dag.py
[2025-11-18T22:37:12.673+0000] {logging_mixin.py:188} INFO - [2025-11-18T22:37:12.673+0000] {dag.py:3096} INFO - Sync 1 DAGs
[2025-11-18T22:37:12.685+0000] {logging_mixin.py:188} INFO - [2025-11-18T22:37:12.685+0000] {dag.py:3954} INFO - Setting next_dagrun for sodai_training_and_scoring to None, run_after=None
[2025-11-18T22:37:12.700+0000] {processor.py:183} INFO - Processing /opt/airflow/dags/sodai_pipeline_dag.py took 0.092 seconds
[2025-11-18T22:37:42.795+0000] {processor.py:161} INFO - Started process (PID=4043) to work on /opt/airflow/dags/sodai_pipeline_dag.py
[2025-11-18T22:37:42.796+0000] {processor.py:830} INFO - Processing file /opt/airflow/dags/sodai_pipeline_dag.py for tasks to queue
[2025-11-18T22:37:42.798+0000] {logging_mixin.py:188} INFO - [2025-11-18T22:37:42.797+0000] {dagbag.py:540} INFO - Filling up the DagBag from /opt/airflow/dags/sodai_pipeline_dag.py
[2025-11-18T22:37:42.816+0000] {processor.py:840} INFO - DAG(s) 'sodai_training_and_scoring' retrieved from /opt/airflow/dags/sodai_pipeline_dag.py
[2025-11-18T22:37:42.838+0000] {logging_mixin.py:188} INFO - [2025-11-18T22:37:42.838+0000] {dag.py:3096} INFO - Sync 1 DAGs
[2025-11-18T22:37:42.847+0000] {logging_mixin.py:188} INFO - [2025-11-18T22:37:42.847+0000] {dag.py:3954} INFO - Setting next_dagrun for sodai_training_and_scoring to None, run_after=None
[2025-11-18T22:37:42.858+0000] {processor.py:183} INFO - Processing /opt/airflow/dags/sodai_pipeline_dag.py took 0.068 seconds
[2025-11-18T22:38:13.048+0000] {processor.py:161} INFO - Started process (PID=4053) to work on /opt/airflow/dags/sodai_pipeline_dag.py
[2025-11-18T22:38:13.049+0000] {processor.py:830} INFO - Processing file /opt/airflow/dags/sodai_pipeline_dag.py for tasks to queue
[2025-11-18T22:38:13.051+0000] {logging_mixin.py:188} INFO - [2025-11-18T22:38:13.050+0000] {dagbag.py:540} INFO - Filling up the DagBag from /opt/airflow/dags/sodai_pipeline_dag.py
[2025-11-18T22:38:13.065+0000] {processor.py:840} INFO - DAG(s) 'sodai_training_and_scoring' retrieved from /opt/airflow/dags/sodai_pipeline_dag.py
[2025-11-18T22:38:13.085+0000] {logging_mixin.py:188} INFO - [2025-11-18T22:38:13.085+0000] {dag.py:3096} INFO - Sync 1 DAGs
[2025-11-18T22:38:13.097+0000] {logging_mixin.py:188} INFO - [2025-11-18T22:38:13.097+0000] {dag.py:3954} INFO - Setting next_dagrun for sodai_training_and_scoring to None, run_after=None
[2025-11-18T22:38:13.115+0000] {processor.py:183} INFO - Processing /opt/airflow/dags/sodai_pipeline_dag.py took 0.071 seconds
[2025-11-18T22:38:43.243+0000] {processor.py:161} INFO - Started process (PID=4063) to work on /opt/airflow/dags/sodai_pipeline_dag.py
[2025-11-18T22:38:43.243+0000] {processor.py:830} INFO - Processing file /opt/airflow/dags/sodai_pipeline_dag.py for tasks to queue
[2025-11-18T22:38:43.245+0000] {logging_mixin.py:188} INFO - [2025-11-18T22:38:43.245+0000] {dagbag.py:540} INFO - Filling up the DagBag from /opt/airflow/dags/sodai_pipeline_dag.py
[2025-11-18T22:38:43.260+0000] {processor.py:840} INFO - DAG(s) 'sodai_training_and_scoring' retrieved from /opt/airflow/dags/sodai_pipeline_dag.py
[2025-11-18T22:38:43.278+0000] {logging_mixin.py:188} INFO - [2025-11-18T22:38:43.278+0000] {dag.py:3096} INFO - Sync 1 DAGs
[2025-11-18T22:38:43.287+0000] {logging_mixin.py:188} INFO - [2025-11-18T22:38:43.287+0000] {dag.py:3954} INFO - Setting next_dagrun for sodai_training_and_scoring to None, run_after=None
[2025-11-18T22:38:43.299+0000] {processor.py:183} INFO - Processing /opt/airflow/dags/sodai_pipeline_dag.py took 0.060 seconds
[2025-11-18T22:39:13.518+0000] {processor.py:161} INFO - Started process (PID=4073) to work on /opt/airflow/dags/sodai_pipeline_dag.py
[2025-11-18T22:39:13.519+0000] {processor.py:830} INFO - Processing file /opt/airflow/dags/sodai_pipeline_dag.py for tasks to queue
[2025-11-18T22:39:13.520+0000] {logging_mixin.py:188} INFO - [2025-11-18T22:39:13.520+0000] {dagbag.py:540} INFO - Filling up the DagBag from /opt/airflow/dags/sodai_pipeline_dag.py
[2025-11-18T22:39:13.541+0000] {processor.py:840} INFO - DAG(s) 'sodai_training_and_scoring' retrieved from /opt/airflow/dags/sodai_pipeline_dag.py
[2025-11-18T22:39:13.563+0000] {logging_mixin.py:188} INFO - [2025-11-18T22:39:13.563+0000] {dag.py:3096} INFO - Sync 1 DAGs
[2025-11-18T22:39:13.575+0000] {logging_mixin.py:188} INFO - [2025-11-18T22:39:13.574+0000] {dag.py:3954} INFO - Setting next_dagrun for sodai_training_and_scoring to None, run_after=None
[2025-11-18T22:39:13.593+0000] {processor.py:183} INFO - Processing /opt/airflow/dags/sodai_pipeline_dag.py took 0.080 seconds
[2025-11-18T22:39:43.649+0000] {processor.py:161} INFO - Started process (PID=4083) to work on /opt/airflow/dags/sodai_pipeline_dag.py
[2025-11-18T22:39:43.650+0000] {processor.py:830} INFO - Processing file /opt/airflow/dags/sodai_pipeline_dag.py for tasks to queue
[2025-11-18T22:39:43.652+0000] {logging_mixin.py:188} INFO - [2025-11-18T22:39:43.651+0000] {dagbag.py:540} INFO - Filling up the DagBag from /opt/airflow/dags/sodai_pipeline_dag.py
[2025-11-18T22:39:43.672+0000] {processor.py:840} INFO - DAG(s) 'sodai_training_and_scoring' retrieved from /opt/airflow/dags/sodai_pipeline_dag.py
[2025-11-18T22:39:43.693+0000] {logging_mixin.py:188} INFO - [2025-11-18T22:39:43.693+0000] {dag.py:3096} INFO - Sync 1 DAGs
[2025-11-18T22:39:43.703+0000] {logging_mixin.py:188} INFO - [2025-11-18T22:39:43.703+0000] {dag.py:3954} INFO - Setting next_dagrun for sodai_training_and_scoring to None, run_after=None
[2025-11-18T22:39:43.717+0000] {processor.py:183} INFO - Processing /opt/airflow/dags/sodai_pipeline_dag.py took 0.072 seconds
[2025-11-18T22:40:13.857+0000] {processor.py:161} INFO - Started process (PID=4093) to work on /opt/airflow/dags/sodai_pipeline_dag.py
[2025-11-18T22:40:13.860+0000] {processor.py:830} INFO - Processing file /opt/airflow/dags/sodai_pipeline_dag.py for tasks to queue
[2025-11-18T22:40:13.861+0000] {logging_mixin.py:188} INFO - [2025-11-18T22:40:13.861+0000] {dagbag.py:540} INFO - Filling up the DagBag from /opt/airflow/dags/sodai_pipeline_dag.py
[2025-11-18T22:40:13.899+0000] {processor.py:840} INFO - DAG(s) 'sodai_training_and_scoring' retrieved from /opt/airflow/dags/sodai_pipeline_dag.py
[2025-11-18T22:40:13.923+0000] {logging_mixin.py:188} INFO - [2025-11-18T22:40:13.923+0000] {dag.py:3096} INFO - Sync 1 DAGs
[2025-11-18T22:40:13.933+0000] {logging_mixin.py:188} INFO - [2025-11-18T22:40:13.932+0000] {dag.py:3954} INFO - Setting next_dagrun for sodai_training_and_scoring to None, run_after=None
[2025-11-18T22:40:13.947+0000] {processor.py:183} INFO - Processing /opt/airflow/dags/sodai_pipeline_dag.py took 0.095 seconds
[2025-11-18T22:40:44.124+0000] {processor.py:161} INFO - Started process (PID=4103) to work on /opt/airflow/dags/sodai_pipeline_dag.py
[2025-11-18T22:40:44.129+0000] {processor.py:830} INFO - Processing file /opt/airflow/dags/sodai_pipeline_dag.py for tasks to queue
[2025-11-18T22:40:44.130+0000] {logging_mixin.py:188} INFO - [2025-11-18T22:40:44.130+0000] {dagbag.py:540} INFO - Filling up the DagBag from /opt/airflow/dags/sodai_pipeline_dag.py
[2025-11-18T22:40:44.143+0000] {processor.py:840} INFO - DAG(s) 'sodai_training_and_scoring' retrieved from /opt/airflow/dags/sodai_pipeline_dag.py
[2025-11-18T22:40:44.164+0000] {logging_mixin.py:188} INFO - [2025-11-18T22:40:44.163+0000] {dag.py:3096} INFO - Sync 1 DAGs
[2025-11-18T22:40:44.174+0000] {logging_mixin.py:188} INFO - [2025-11-18T22:40:44.173+0000] {dag.py:3954} INFO - Setting next_dagrun for sodai_training_and_scoring to None, run_after=None
[2025-11-18T22:40:44.190+0000] {processor.py:183} INFO - Processing /opt/airflow/dags/sodai_pipeline_dag.py took 0.070 seconds
[2025-11-18T22:41:14.228+0000] {processor.py:161} INFO - Started process (PID=4113) to work on /opt/airflow/dags/sodai_pipeline_dag.py
[2025-11-18T22:41:14.229+0000] {processor.py:830} INFO - Processing file /opt/airflow/dags/sodai_pipeline_dag.py for tasks to queue
[2025-11-18T22:41:14.230+0000] {logging_mixin.py:188} INFO - [2025-11-18T22:41:14.230+0000] {dagbag.py:540} INFO - Filling up the DagBag from /opt/airflow/dags/sodai_pipeline_dag.py
[2025-11-18T22:41:14.245+0000] {processor.py:840} INFO - DAG(s) 'sodai_training_and_scoring' retrieved from /opt/airflow/dags/sodai_pipeline_dag.py
[2025-11-18T22:41:14.266+0000] {logging_mixin.py:188} INFO - [2025-11-18T22:41:14.266+0000] {dag.py:3096} INFO - Sync 1 DAGs
[2025-11-18T22:41:14.277+0000] {logging_mixin.py:188} INFO - [2025-11-18T22:41:14.277+0000] {dag.py:3954} INFO - Setting next_dagrun for sodai_training_and_scoring to None, run_after=None
[2025-11-18T22:41:14.289+0000] {processor.py:183} INFO - Processing /opt/airflow/dags/sodai_pipeline_dag.py took 0.065 seconds
[2025-11-18T22:41:44.468+0000] {processor.py:161} INFO - Started process (PID=4123) to work on /opt/airflow/dags/sodai_pipeline_dag.py
[2025-11-18T22:41:44.469+0000] {processor.py:830} INFO - Processing file /opt/airflow/dags/sodai_pipeline_dag.py for tasks to queue
[2025-11-18T22:41:44.472+0000] {logging_mixin.py:188} INFO - [2025-11-18T22:41:44.471+0000] {dagbag.py:540} INFO - Filling up the DagBag from /opt/airflow/dags/sodai_pipeline_dag.py
[2025-11-18T22:41:44.487+0000] {processor.py:840} INFO - DAG(s) 'sodai_training_and_scoring' retrieved from /opt/airflow/dags/sodai_pipeline_dag.py
[2025-11-18T22:41:44.509+0000] {logging_mixin.py:188} INFO - [2025-11-18T22:41:44.509+0000] {dag.py:3096} INFO - Sync 1 DAGs
[2025-11-18T22:41:44.518+0000] {logging_mixin.py:188} INFO - [2025-11-18T22:41:44.518+0000] {dag.py:3954} INFO - Setting next_dagrun for sodai_training_and_scoring to None, run_after=None
[2025-11-18T22:41:44.532+0000] {processor.py:183} INFO - Processing /opt/airflow/dags/sodai_pipeline_dag.py took 0.067 seconds
[2025-11-18T22:42:14.727+0000] {processor.py:161} INFO - Started process (PID=4133) to work on /opt/airflow/dags/sodai_pipeline_dag.py
[2025-11-18T22:42:14.728+0000] {processor.py:830} INFO - Processing file /opt/airflow/dags/sodai_pipeline_dag.py for tasks to queue
[2025-11-18T22:42:14.730+0000] {logging_mixin.py:188} INFO - [2025-11-18T22:42:14.730+0000] {dagbag.py:540} INFO - Filling up the DagBag from /opt/airflow/dags/sodai_pipeline_dag.py
[2025-11-18T22:42:14.746+0000] {processor.py:840} INFO - DAG(s) 'sodai_training_and_scoring' retrieved from /opt/airflow/dags/sodai_pipeline_dag.py
[2025-11-18T22:42:14.772+0000] {logging_mixin.py:188} INFO - [2025-11-18T22:42:14.771+0000] {dag.py:3096} INFO - Sync 1 DAGs
[2025-11-18T22:42:14.782+0000] {logging_mixin.py:188} INFO - [2025-11-18T22:42:14.782+0000] {dag.py:3954} INFO - Setting next_dagrun for sodai_training_and_scoring to None, run_after=None
[2025-11-18T22:42:14.798+0000] {processor.py:183} INFO - Processing /opt/airflow/dags/sodai_pipeline_dag.py took 0.075 seconds
[2025-11-18T22:42:44.913+0000] {processor.py:161} INFO - Started process (PID=4143) to work on /opt/airflow/dags/sodai_pipeline_dag.py
[2025-11-18T22:42:44.913+0000] {processor.py:830} INFO - Processing file /opt/airflow/dags/sodai_pipeline_dag.py for tasks to queue
[2025-11-18T22:42:44.915+0000] {logging_mixin.py:188} INFO - [2025-11-18T22:42:44.914+0000] {dagbag.py:540} INFO - Filling up the DagBag from /opt/airflow/dags/sodai_pipeline_dag.py
[2025-11-18T22:42:44.929+0000] {processor.py:840} INFO - DAG(s) 'sodai_training_and_scoring' retrieved from /opt/airflow/dags/sodai_pipeline_dag.py
[2025-11-18T22:42:44.949+0000] {logging_mixin.py:188} INFO - [2025-11-18T22:42:44.948+0000] {dag.py:3096} INFO - Sync 1 DAGs
[2025-11-18T22:42:44.959+0000] {logging_mixin.py:188} INFO - [2025-11-18T22:42:44.959+0000] {dag.py:3954} INFO - Setting next_dagrun for sodai_training_and_scoring to None, run_after=None
[2025-11-18T22:42:44.971+0000] {processor.py:183} INFO - Processing /opt/airflow/dags/sodai_pipeline_dag.py took 0.063 seconds
[2025-11-18T22:43:15.172+0000] {processor.py:161} INFO - Started process (PID=4153) to work on /opt/airflow/dags/sodai_pipeline_dag.py
[2025-11-18T22:43:15.173+0000] {processor.py:830} INFO - Processing file /opt/airflow/dags/sodai_pipeline_dag.py for tasks to queue
[2025-11-18T22:43:15.174+0000] {logging_mixin.py:188} INFO - [2025-11-18T22:43:15.174+0000] {dagbag.py:540} INFO - Filling up the DagBag from /opt/airflow/dags/sodai_pipeline_dag.py
[2025-11-18T22:43:15.191+0000] {processor.py:840} INFO - DAG(s) 'sodai_training_and_scoring' retrieved from /opt/airflow/dags/sodai_pipeline_dag.py
[2025-11-18T22:43:15.212+0000] {logging_mixin.py:188} INFO - [2025-11-18T22:43:15.212+0000] {dag.py:3096} INFO - Sync 1 DAGs
[2025-11-18T22:43:15.221+0000] {logging_mixin.py:188} INFO - [2025-11-18T22:43:15.221+0000] {dag.py:3954} INFO - Setting next_dagrun for sodai_training_and_scoring to None, run_after=None
[2025-11-18T22:43:15.242+0000] {processor.py:183} INFO - Processing /opt/airflow/dags/sodai_pipeline_dag.py took 0.074 seconds
[2025-11-18T22:43:45.676+0000] {processor.py:161} INFO - Started process (PID=4163) to work on /opt/airflow/dags/sodai_pipeline_dag.py
[2025-11-18T22:43:45.677+0000] {processor.py:830} INFO - Processing file /opt/airflow/dags/sodai_pipeline_dag.py for tasks to queue
[2025-11-18T22:43:45.680+0000] {logging_mixin.py:188} INFO - [2025-11-18T22:43:45.680+0000] {dagbag.py:540} INFO - Filling up the DagBag from /opt/airflow/dags/sodai_pipeline_dag.py
[2025-11-18T22:43:45.707+0000] {processor.py:840} INFO - DAG(s) 'sodai_training_and_scoring' retrieved from /opt/airflow/dags/sodai_pipeline_dag.py
[2025-11-18T22:43:45.728+0000] {logging_mixin.py:188} INFO - [2025-11-18T22:43:45.728+0000] {dag.py:3096} INFO - Sync 1 DAGs
[2025-11-18T22:43:45.738+0000] {logging_mixin.py:188} INFO - [2025-11-18T22:43:45.737+0000] {dag.py:3954} INFO - Setting next_dagrun for sodai_training_and_scoring to None, run_after=None
[2025-11-18T22:43:45.750+0000] {processor.py:183} INFO - Processing /opt/airflow/dags/sodai_pipeline_dag.py took 0.080 seconds
[2025-11-18T22:44:15.882+0000] {processor.py:161} INFO - Started process (PID=4173) to work on /opt/airflow/dags/sodai_pipeline_dag.py
[2025-11-18T22:44:15.882+0000] {processor.py:830} INFO - Processing file /opt/airflow/dags/sodai_pipeline_dag.py for tasks to queue
[2025-11-18T22:44:15.884+0000] {logging_mixin.py:188} INFO - [2025-11-18T22:44:15.883+0000] {dagbag.py:540} INFO - Filling up the DagBag from /opt/airflow/dags/sodai_pipeline_dag.py
[2025-11-18T22:44:15.903+0000] {processor.py:840} INFO - DAG(s) 'sodai_training_and_scoring' retrieved from /opt/airflow/dags/sodai_pipeline_dag.py
[2025-11-18T22:44:15.921+0000] {logging_mixin.py:188} INFO - [2025-11-18T22:44:15.921+0000] {dag.py:3096} INFO - Sync 1 DAGs
[2025-11-18T22:44:15.929+0000] {logging_mixin.py:188} INFO - [2025-11-18T22:44:15.929+0000] {dag.py:3954} INFO - Setting next_dagrun for sodai_training_and_scoring to None, run_after=None
[2025-11-18T22:44:15.942+0000] {processor.py:183} INFO - Processing /opt/airflow/dags/sodai_pipeline_dag.py took 0.064 seconds
[2025-11-18T22:44:46.118+0000] {processor.py:161} INFO - Started process (PID=4183) to work on /opt/airflow/dags/sodai_pipeline_dag.py
[2025-11-18T22:44:46.119+0000] {processor.py:830} INFO - Processing file /opt/airflow/dags/sodai_pipeline_dag.py for tasks to queue
[2025-11-18T22:44:46.121+0000] {logging_mixin.py:188} INFO - [2025-11-18T22:44:46.120+0000] {dagbag.py:540} INFO - Filling up the DagBag from /opt/airflow/dags/sodai_pipeline_dag.py
[2025-11-18T22:44:46.135+0000] {processor.py:840} INFO - DAG(s) 'sodai_training_and_scoring' retrieved from /opt/airflow/dags/sodai_pipeline_dag.py
[2025-11-18T22:44:46.157+0000] {logging_mixin.py:188} INFO - [2025-11-18T22:44:46.157+0000] {dag.py:3096} INFO - Sync 1 DAGs
[2025-11-18T22:44:46.168+0000] {logging_mixin.py:188} INFO - [2025-11-18T22:44:46.168+0000] {dag.py:3954} INFO - Setting next_dagrun for sodai_training_and_scoring to None, run_after=None
[2025-11-18T22:44:46.181+0000] {processor.py:183} INFO - Processing /opt/airflow/dags/sodai_pipeline_dag.py took 0.067 seconds
[2025-11-18T22:45:16.379+0000] {processor.py:161} INFO - Started process (PID=4193) to work on /opt/airflow/dags/sodai_pipeline_dag.py
[2025-11-18T22:45:16.380+0000] {processor.py:830} INFO - Processing file /opt/airflow/dags/sodai_pipeline_dag.py for tasks to queue
[2025-11-18T22:45:16.382+0000] {logging_mixin.py:188} INFO - [2025-11-18T22:45:16.381+0000] {dagbag.py:540} INFO - Filling up the DagBag from /opt/airflow/dags/sodai_pipeline_dag.py
[2025-11-18T22:45:16.402+0000] {processor.py:840} INFO - DAG(s) 'sodai_training_and_scoring' retrieved from /opt/airflow/dags/sodai_pipeline_dag.py
[2025-11-18T22:45:16.426+0000] {logging_mixin.py:188} INFO - [2025-11-18T22:45:16.425+0000] {dag.py:3096} INFO - Sync 1 DAGs
[2025-11-18T22:45:16.440+0000] {logging_mixin.py:188} INFO - [2025-11-18T22:45:16.440+0000] {dag.py:3954} INFO - Setting next_dagrun for sodai_training_and_scoring to None, run_after=None
[2025-11-18T22:45:16.453+0000] {processor.py:183} INFO - Processing /opt/airflow/dags/sodai_pipeline_dag.py took 0.079 seconds
