[2025-11-20T00:00:06.510+0000] {processor.py:161} INFO - Started process (PID=3437) to work on /opt/airflow/dags/sodai_pipeline_dag.py
[2025-11-20T00:00:06.512+0000] {processor.py:830} INFO - Processing file /opt/airflow/dags/sodai_pipeline_dag.py for tasks to queue
[2025-11-20T00:00:06.515+0000] {logging_mixin.py:188} INFO - [2025-11-20T00:00:06.515+0000] {dagbag.py:540} INFO - Filling up the DagBag from /opt/airflow/dags/sodai_pipeline_dag.py
[2025-11-20T00:00:06.537+0000] {processor.py:840} INFO - DAG(s) 'sodai_training_and_scoring' retrieved from /opt/airflow/dags/sodai_pipeline_dag.py
[2025-11-20T00:00:06.563+0000] {logging_mixin.py:188} INFO - [2025-11-20T00:00:06.563+0000] {dag.py:3096} INFO - Sync 1 DAGs
[2025-11-20T00:00:06.577+0000] {logging_mixin.py:188} INFO - [2025-11-20T00:00:06.577+0000] {dag.py:3954} INFO - Setting next_dagrun for sodai_training_and_scoring to None, run_after=None
[2025-11-20T00:00:06.596+0000] {processor.py:183} INFO - Processing /opt/airflow/dags/sodai_pipeline_dag.py took 0.092 seconds
[2025-11-20T00:00:39.970+0000] {processor.py:161} INFO - Started process (PID=3447) to work on /opt/airflow/dags/sodai_pipeline_dag.py
[2025-11-20T00:00:39.972+0000] {processor.py:830} INFO - Processing file /opt/airflow/dags/sodai_pipeline_dag.py for tasks to queue
[2025-11-20T00:00:39.974+0000] {logging_mixin.py:188} INFO - [2025-11-20T00:00:39.974+0000] {dagbag.py:540} INFO - Filling up the DagBag from /opt/airflow/dags/sodai_pipeline_dag.py
[2025-11-20T00:00:40.000+0000] {processor.py:840} INFO - DAG(s) 'sodai_training_and_scoring' retrieved from /opt/airflow/dags/sodai_pipeline_dag.py
[2025-11-20T00:00:40.038+0000] {logging_mixin.py:188} INFO - [2025-11-20T00:00:40.038+0000] {dag.py:3096} INFO - Sync 1 DAGs
[2025-11-20T00:00:40.051+0000] {logging_mixin.py:188} INFO - [2025-11-20T00:00:40.050+0000] {dag.py:3954} INFO - Setting next_dagrun for sodai_training_and_scoring to None, run_after=None
[2025-11-20T00:00:40.077+0000] {processor.py:183} INFO - Processing /opt/airflow/dags/sodai_pipeline_dag.py took 0.112 seconds
[2025-11-20T00:01:13.310+0000] {processor.py:161} INFO - Started process (PID=3457) to work on /opt/airflow/dags/sodai_pipeline_dag.py
[2025-11-20T00:01:13.311+0000] {processor.py:830} INFO - Processing file /opt/airflow/dags/sodai_pipeline_dag.py for tasks to queue
[2025-11-20T00:01:13.313+0000] {logging_mixin.py:188} INFO - [2025-11-20T00:01:13.312+0000] {dagbag.py:540} INFO - Filling up the DagBag from /opt/airflow/dags/sodai_pipeline_dag.py
[2025-11-20T00:01:13.337+0000] {processor.py:840} INFO - DAG(s) 'sodai_training_and_scoring' retrieved from /opt/airflow/dags/sodai_pipeline_dag.py
[2025-11-20T00:01:13.370+0000] {logging_mixin.py:188} INFO - [2025-11-20T00:01:13.370+0000] {dag.py:3096} INFO - Sync 1 DAGs
[2025-11-20T00:01:13.382+0000] {logging_mixin.py:188} INFO - [2025-11-20T00:01:13.382+0000] {dag.py:3954} INFO - Setting next_dagrun for sodai_training_and_scoring to None, run_after=None
[2025-11-20T00:01:13.407+0000] {processor.py:183} INFO - Processing /opt/airflow/dags/sodai_pipeline_dag.py took 0.101 seconds
[2025-11-20T00:01:45.897+0000] {processor.py:161} INFO - Started process (PID=3467) to work on /opt/airflow/dags/sodai_pipeline_dag.py
[2025-11-20T00:01:45.898+0000] {processor.py:830} INFO - Processing file /opt/airflow/dags/sodai_pipeline_dag.py for tasks to queue
[2025-11-20T00:01:45.901+0000] {logging_mixin.py:188} INFO - [2025-11-20T00:01:45.901+0000] {dagbag.py:540} INFO - Filling up the DagBag from /opt/airflow/dags/sodai_pipeline_dag.py
[2025-11-20T00:01:45.921+0000] {processor.py:840} INFO - DAG(s) 'sodai_training_and_scoring' retrieved from /opt/airflow/dags/sodai_pipeline_dag.py
[2025-11-20T00:01:45.948+0000] {logging_mixin.py:188} INFO - [2025-11-20T00:01:45.947+0000] {dag.py:3096} INFO - Sync 1 DAGs
[2025-11-20T00:01:45.958+0000] {logging_mixin.py:188} INFO - [2025-11-20T00:01:45.958+0000] {dag.py:3954} INFO - Setting next_dagrun for sodai_training_and_scoring to None, run_after=None
[2025-11-20T00:01:45.974+0000] {processor.py:183} INFO - Processing /opt/airflow/dags/sodai_pipeline_dag.py took 0.082 seconds
[2025-11-20T00:02:19.465+0000] {processor.py:161} INFO - Started process (PID=3477) to work on /opt/airflow/dags/sodai_pipeline_dag.py
[2025-11-20T00:02:19.465+0000] {processor.py:830} INFO - Processing file /opt/airflow/dags/sodai_pipeline_dag.py for tasks to queue
[2025-11-20T00:02:19.467+0000] {logging_mixin.py:188} INFO - [2025-11-20T00:02:19.467+0000] {dagbag.py:540} INFO - Filling up the DagBag from /opt/airflow/dags/sodai_pipeline_dag.py
[2025-11-20T00:02:19.480+0000] {processor.py:840} INFO - DAG(s) 'sodai_training_and_scoring' retrieved from /opt/airflow/dags/sodai_pipeline_dag.py
[2025-11-20T00:02:19.501+0000] {logging_mixin.py:188} INFO - [2025-11-20T00:02:19.501+0000] {dag.py:3096} INFO - Sync 1 DAGs
[2025-11-20T00:02:19.510+0000] {logging_mixin.py:188} INFO - [2025-11-20T00:02:19.510+0000] {dag.py:3954} INFO - Setting next_dagrun for sodai_training_and_scoring to None, run_after=None
[2025-11-20T00:02:19.523+0000] {processor.py:183} INFO - Processing /opt/airflow/dags/sodai_pipeline_dag.py took 0.062 seconds
[2025-11-20T00:02:53.016+0000] {processor.py:161} INFO - Started process (PID=3487) to work on /opt/airflow/dags/sodai_pipeline_dag.py
[2025-11-20T00:02:53.017+0000] {processor.py:830} INFO - Processing file /opt/airflow/dags/sodai_pipeline_dag.py for tasks to queue
[2025-11-20T00:02:53.019+0000] {logging_mixin.py:188} INFO - [2025-11-20T00:02:53.018+0000] {dagbag.py:540} INFO - Filling up the DagBag from /opt/airflow/dags/sodai_pipeline_dag.py
[2025-11-20T00:02:53.032+0000] {processor.py:840} INFO - DAG(s) 'sodai_training_and_scoring' retrieved from /opt/airflow/dags/sodai_pipeline_dag.py
[2025-11-20T00:02:53.052+0000] {logging_mixin.py:188} INFO - [2025-11-20T00:02:53.051+0000] {dag.py:3096} INFO - Sync 1 DAGs
[2025-11-20T00:02:53.061+0000] {logging_mixin.py:188} INFO - [2025-11-20T00:02:53.061+0000] {dag.py:3954} INFO - Setting next_dagrun for sodai_training_and_scoring to None, run_after=None
[2025-11-20T00:02:53.077+0000] {processor.py:183} INFO - Processing /opt/airflow/dags/sodai_pipeline_dag.py took 0.065 seconds
[2025-11-20T00:03:23.417+0000] {processor.py:161} INFO - Started process (PID=3497) to work on /opt/airflow/dags/sodai_pipeline_dag.py
[2025-11-20T00:03:23.418+0000] {processor.py:830} INFO - Processing file /opt/airflow/dags/sodai_pipeline_dag.py for tasks to queue
[2025-11-20T00:03:23.419+0000] {logging_mixin.py:188} INFO - [2025-11-20T00:03:23.419+0000] {dagbag.py:540} INFO - Filling up the DagBag from /opt/airflow/dags/sodai_pipeline_dag.py
[2025-11-20T00:03:23.432+0000] {processor.py:840} INFO - DAG(s) 'sodai_training_and_scoring' retrieved from /opt/airflow/dags/sodai_pipeline_dag.py
[2025-11-20T00:03:23.454+0000] {logging_mixin.py:188} INFO - [2025-11-20T00:03:23.454+0000] {dag.py:3096} INFO - Sync 1 DAGs
[2025-11-20T00:03:23.463+0000] {logging_mixin.py:188} INFO - [2025-11-20T00:03:23.463+0000] {dag.py:3954} INFO - Setting next_dagrun for sodai_training_and_scoring to None, run_after=None
[2025-11-20T00:03:23.476+0000] {processor.py:183} INFO - Processing /opt/airflow/dags/sodai_pipeline_dag.py took 0.063 seconds
[2025-11-20T00:03:53.666+0000] {processor.py:161} INFO - Started process (PID=3507) to work on /opt/airflow/dags/sodai_pipeline_dag.py
[2025-11-20T00:03:53.667+0000] {processor.py:830} INFO - Processing file /opt/airflow/dags/sodai_pipeline_dag.py for tasks to queue
[2025-11-20T00:03:53.669+0000] {logging_mixin.py:188} INFO - [2025-11-20T00:03:53.669+0000] {dagbag.py:540} INFO - Filling up the DagBag from /opt/airflow/dags/sodai_pipeline_dag.py
[2025-11-20T00:03:53.687+0000] {processor.py:840} INFO - DAG(s) 'sodai_training_and_scoring' retrieved from /opt/airflow/dags/sodai_pipeline_dag.py
[2025-11-20T00:03:53.708+0000] {logging_mixin.py:188} INFO - [2025-11-20T00:03:53.708+0000] {dag.py:3096} INFO - Sync 1 DAGs
[2025-11-20T00:03:53.716+0000] {logging_mixin.py:188} INFO - [2025-11-20T00:03:53.716+0000] {dag.py:3954} INFO - Setting next_dagrun for sodai_training_and_scoring to None, run_after=None
[2025-11-20T00:03:53.728+0000] {processor.py:183} INFO - Processing /opt/airflow/dags/sodai_pipeline_dag.py took 0.066 seconds
[2025-11-20T00:04:24.106+0000] {processor.py:161} INFO - Started process (PID=3517) to work on /opt/airflow/dags/sodai_pipeline_dag.py
[2025-11-20T00:04:24.107+0000] {processor.py:830} INFO - Processing file /opt/airflow/dags/sodai_pipeline_dag.py for tasks to queue
[2025-11-20T00:04:24.109+0000] {logging_mixin.py:188} INFO - [2025-11-20T00:04:24.109+0000] {dagbag.py:540} INFO - Filling up the DagBag from /opt/airflow/dags/sodai_pipeline_dag.py
[2025-11-20T00:04:24.127+0000] {processor.py:840} INFO - DAG(s) 'sodai_training_and_scoring' retrieved from /opt/airflow/dags/sodai_pipeline_dag.py
[2025-11-20T00:04:24.152+0000] {logging_mixin.py:188} INFO - [2025-11-20T00:04:24.152+0000] {dag.py:3096} INFO - Sync 1 DAGs
[2025-11-20T00:04:24.161+0000] {logging_mixin.py:188} INFO - [2025-11-20T00:04:24.161+0000] {dag.py:3954} INFO - Setting next_dagrun for sodai_training_and_scoring to None, run_after=None
[2025-11-20T00:04:24.174+0000] {processor.py:183} INFO - Processing /opt/airflow/dags/sodai_pipeline_dag.py took 0.073 seconds
[2025-11-20T00:04:54.538+0000] {processor.py:161} INFO - Started process (PID=3527) to work on /opt/airflow/dags/sodai_pipeline_dag.py
[2025-11-20T00:04:54.539+0000] {processor.py:830} INFO - Processing file /opt/airflow/dags/sodai_pipeline_dag.py for tasks to queue
[2025-11-20T00:04:54.540+0000] {logging_mixin.py:188} INFO - [2025-11-20T00:04:54.540+0000] {dagbag.py:540} INFO - Filling up the DagBag from /opt/airflow/dags/sodai_pipeline_dag.py
[2025-11-20T00:04:54.556+0000] {processor.py:840} INFO - DAG(s) 'sodai_training_and_scoring' retrieved from /opt/airflow/dags/sodai_pipeline_dag.py
[2025-11-20T00:04:54.578+0000] {logging_mixin.py:188} INFO - [2025-11-20T00:04:54.578+0000] {dag.py:3096} INFO - Sync 1 DAGs
[2025-11-20T00:04:54.587+0000] {logging_mixin.py:188} INFO - [2025-11-20T00:04:54.587+0000] {dag.py:3954} INFO - Setting next_dagrun for sodai_training_and_scoring to None, run_after=None
[2025-11-20T00:04:54.601+0000] {processor.py:183} INFO - Processing /opt/airflow/dags/sodai_pipeline_dag.py took 0.069 seconds
[2025-11-20T00:05:24.971+0000] {processor.py:161} INFO - Started process (PID=3537) to work on /opt/airflow/dags/sodai_pipeline_dag.py
[2025-11-20T00:05:24.972+0000] {processor.py:830} INFO - Processing file /opt/airflow/dags/sodai_pipeline_dag.py for tasks to queue
[2025-11-20T00:05:24.973+0000] {logging_mixin.py:188} INFO - [2025-11-20T00:05:24.973+0000] {dagbag.py:540} INFO - Filling up the DagBag from /opt/airflow/dags/sodai_pipeline_dag.py
[2025-11-20T00:05:24.987+0000] {processor.py:840} INFO - DAG(s) 'sodai_training_and_scoring' retrieved from /opt/airflow/dags/sodai_pipeline_dag.py
[2025-11-20T00:05:25.010+0000] {logging_mixin.py:188} INFO - [2025-11-20T00:05:25.010+0000] {dag.py:3096} INFO - Sync 1 DAGs
[2025-11-20T00:05:25.018+0000] {logging_mixin.py:188} INFO - [2025-11-20T00:05:25.018+0000] {dag.py:3954} INFO - Setting next_dagrun for sodai_training_and_scoring to None, run_after=None
[2025-11-20T00:05:25.034+0000] {processor.py:183} INFO - Processing /opt/airflow/dags/sodai_pipeline_dag.py took 0.067 seconds
[2025-11-20T00:05:55.350+0000] {processor.py:161} INFO - Started process (PID=3547) to work on /opt/airflow/dags/sodai_pipeline_dag.py
[2025-11-20T00:05:55.351+0000] {processor.py:830} INFO - Processing file /opt/airflow/dags/sodai_pipeline_dag.py for tasks to queue
[2025-11-20T00:05:55.352+0000] {logging_mixin.py:188} INFO - [2025-11-20T00:05:55.352+0000] {dagbag.py:540} INFO - Filling up the DagBag from /opt/airflow/dags/sodai_pipeline_dag.py
[2025-11-20T00:05:55.366+0000] {processor.py:840} INFO - DAG(s) 'sodai_training_and_scoring' retrieved from /opt/airflow/dags/sodai_pipeline_dag.py
[2025-11-20T00:05:55.388+0000] {logging_mixin.py:188} INFO - [2025-11-20T00:05:55.388+0000] {dag.py:3096} INFO - Sync 1 DAGs
[2025-11-20T00:05:55.396+0000] {logging_mixin.py:188} INFO - [2025-11-20T00:05:55.396+0000] {dag.py:3954} INFO - Setting next_dagrun for sodai_training_and_scoring to None, run_after=None
[2025-11-20T00:05:55.411+0000] {processor.py:183} INFO - Processing /opt/airflow/dags/sodai_pipeline_dag.py took 0.065 seconds
[2025-11-20T00:06:25.651+0000] {processor.py:161} INFO - Started process (PID=3557) to work on /opt/airflow/dags/sodai_pipeline_dag.py
[2025-11-20T00:06:25.652+0000] {processor.py:830} INFO - Processing file /opt/airflow/dags/sodai_pipeline_dag.py for tasks to queue
[2025-11-20T00:06:25.654+0000] {logging_mixin.py:188} INFO - [2025-11-20T00:06:25.653+0000] {dagbag.py:540} INFO - Filling up the DagBag from /opt/airflow/dags/sodai_pipeline_dag.py
[2025-11-20T00:06:25.668+0000] {processor.py:840} INFO - DAG(s) 'sodai_training_and_scoring' retrieved from /opt/airflow/dags/sodai_pipeline_dag.py
[2025-11-20T00:06:25.690+0000] {logging_mixin.py:188} INFO - [2025-11-20T00:06:25.689+0000] {dag.py:3096} INFO - Sync 1 DAGs
[2025-11-20T00:06:25.698+0000] {logging_mixin.py:188} INFO - [2025-11-20T00:06:25.698+0000] {dag.py:3954} INFO - Setting next_dagrun for sodai_training_and_scoring to None, run_after=None
[2025-11-20T00:06:25.713+0000] {processor.py:183} INFO - Processing /opt/airflow/dags/sodai_pipeline_dag.py took 0.066 seconds
[2025-11-20T00:06:56.059+0000] {processor.py:161} INFO - Started process (PID=3567) to work on /opt/airflow/dags/sodai_pipeline_dag.py
[2025-11-20T00:06:56.060+0000] {processor.py:830} INFO - Processing file /opt/airflow/dags/sodai_pipeline_dag.py for tasks to queue
[2025-11-20T00:06:56.061+0000] {logging_mixin.py:188} INFO - [2025-11-20T00:06:56.061+0000] {dagbag.py:540} INFO - Filling up the DagBag from /opt/airflow/dags/sodai_pipeline_dag.py
[2025-11-20T00:06:56.076+0000] {processor.py:840} INFO - DAG(s) 'sodai_training_and_scoring' retrieved from /opt/airflow/dags/sodai_pipeline_dag.py
[2025-11-20T00:06:56.097+0000] {logging_mixin.py:188} INFO - [2025-11-20T00:06:56.097+0000] {dag.py:3096} INFO - Sync 1 DAGs
[2025-11-20T00:06:56.106+0000] {logging_mixin.py:188} INFO - [2025-11-20T00:06:56.106+0000] {dag.py:3954} INFO - Setting next_dagrun for sodai_training_and_scoring to None, run_after=None
[2025-11-20T00:06:56.120+0000] {processor.py:183} INFO - Processing /opt/airflow/dags/sodai_pipeline_dag.py took 0.066 seconds
[2025-11-20T00:07:26.448+0000] {processor.py:161} INFO - Started process (PID=3577) to work on /opt/airflow/dags/sodai_pipeline_dag.py
[2025-11-20T00:07:26.449+0000] {processor.py:830} INFO - Processing file /opt/airflow/dags/sodai_pipeline_dag.py for tasks to queue
[2025-11-20T00:07:26.450+0000] {logging_mixin.py:188} INFO - [2025-11-20T00:07:26.450+0000] {dagbag.py:540} INFO - Filling up the DagBag from /opt/airflow/dags/sodai_pipeline_dag.py
[2025-11-20T00:07:26.463+0000] {processor.py:840} INFO - DAG(s) 'sodai_training_and_scoring' retrieved from /opt/airflow/dags/sodai_pipeline_dag.py
[2025-11-20T00:07:26.484+0000] {logging_mixin.py:188} INFO - [2025-11-20T00:07:26.483+0000] {dag.py:3096} INFO - Sync 1 DAGs
[2025-11-20T00:07:26.492+0000] {logging_mixin.py:188} INFO - [2025-11-20T00:07:26.492+0000] {dag.py:3954} INFO - Setting next_dagrun for sodai_training_and_scoring to None, run_after=None
[2025-11-20T00:07:26.507+0000] {processor.py:183} INFO - Processing /opt/airflow/dags/sodai_pipeline_dag.py took 0.063 seconds
[2025-11-20T00:07:56.891+0000] {processor.py:161} INFO - Started process (PID=3587) to work on /opt/airflow/dags/sodai_pipeline_dag.py
[2025-11-20T00:07:56.892+0000] {processor.py:830} INFO - Processing file /opt/airflow/dags/sodai_pipeline_dag.py for tasks to queue
[2025-11-20T00:07:56.893+0000] {logging_mixin.py:188} INFO - [2025-11-20T00:07:56.893+0000] {dagbag.py:540} INFO - Filling up the DagBag from /opt/airflow/dags/sodai_pipeline_dag.py
[2025-11-20T00:07:56.908+0000] {processor.py:840} INFO - DAG(s) 'sodai_training_and_scoring' retrieved from /opt/airflow/dags/sodai_pipeline_dag.py
[2025-11-20T00:07:56.930+0000] {logging_mixin.py:188} INFO - [2025-11-20T00:07:56.929+0000] {dag.py:3096} INFO - Sync 1 DAGs
[2025-11-20T00:07:56.943+0000] {logging_mixin.py:188} INFO - [2025-11-20T00:07:56.942+0000] {dag.py:3954} INFO - Setting next_dagrun for sodai_training_and_scoring to None, run_after=None
[2025-11-20T00:07:56.957+0000] {processor.py:183} INFO - Processing /opt/airflow/dags/sodai_pipeline_dag.py took 0.070 seconds
[2025-11-20T00:08:27.243+0000] {processor.py:161} INFO - Started process (PID=3597) to work on /opt/airflow/dags/sodai_pipeline_dag.py
[2025-11-20T00:08:27.244+0000] {processor.py:830} INFO - Processing file /opt/airflow/dags/sodai_pipeline_dag.py for tasks to queue
[2025-11-20T00:08:27.245+0000] {logging_mixin.py:188} INFO - [2025-11-20T00:08:27.245+0000] {dagbag.py:540} INFO - Filling up the DagBag from /opt/airflow/dags/sodai_pipeline_dag.py
[2025-11-20T00:08:27.265+0000] {processor.py:840} INFO - DAG(s) 'sodai_training_and_scoring' retrieved from /opt/airflow/dags/sodai_pipeline_dag.py
[2025-11-20T00:08:27.290+0000] {logging_mixin.py:188} INFO - [2025-11-20T00:08:27.290+0000] {dag.py:3096} INFO - Sync 1 DAGs
[2025-11-20T00:08:27.301+0000] {logging_mixin.py:188} INFO - [2025-11-20T00:08:27.301+0000] {dag.py:3954} INFO - Setting next_dagrun for sodai_training_and_scoring to None, run_after=None
[2025-11-20T00:08:27.316+0000] {processor.py:183} INFO - Processing /opt/airflow/dags/sodai_pipeline_dag.py took 0.078 seconds
[2025-11-20T00:08:57.640+0000] {processor.py:161} INFO - Started process (PID=3607) to work on /opt/airflow/dags/sodai_pipeline_dag.py
[2025-11-20T00:08:57.641+0000] {processor.py:830} INFO - Processing file /opt/airflow/dags/sodai_pipeline_dag.py for tasks to queue
[2025-11-20T00:08:57.642+0000] {logging_mixin.py:188} INFO - [2025-11-20T00:08:57.642+0000] {dagbag.py:540} INFO - Filling up the DagBag from /opt/airflow/dags/sodai_pipeline_dag.py
[2025-11-20T00:08:57.656+0000] {processor.py:840} INFO - DAG(s) 'sodai_training_and_scoring' retrieved from /opt/airflow/dags/sodai_pipeline_dag.py
[2025-11-20T00:08:57.679+0000] {logging_mixin.py:188} INFO - [2025-11-20T00:08:57.679+0000] {dag.py:3096} INFO - Sync 1 DAGs
[2025-11-20T00:08:57.689+0000] {logging_mixin.py:188} INFO - [2025-11-20T00:08:57.689+0000] {dag.py:3954} INFO - Setting next_dagrun for sodai_training_and_scoring to None, run_after=None
[2025-11-20T00:08:57.704+0000] {processor.py:183} INFO - Processing /opt/airflow/dags/sodai_pipeline_dag.py took 0.068 seconds
[2025-11-20T00:09:31.073+0000] {processor.py:161} INFO - Started process (PID=3617) to work on /opt/airflow/dags/sodai_pipeline_dag.py
[2025-11-20T00:09:31.074+0000] {processor.py:830} INFO - Processing file /opt/airflow/dags/sodai_pipeline_dag.py for tasks to queue
[2025-11-20T00:09:31.075+0000] {logging_mixin.py:188} INFO - [2025-11-20T00:09:31.075+0000] {dagbag.py:540} INFO - Filling up the DagBag from /opt/airflow/dags/sodai_pipeline_dag.py
[2025-11-20T00:09:31.091+0000] {processor.py:840} INFO - DAG(s) 'sodai_training_and_scoring' retrieved from /opt/airflow/dags/sodai_pipeline_dag.py
[2025-11-20T00:09:31.115+0000] {logging_mixin.py:188} INFO - [2025-11-20T00:09:31.115+0000] {dag.py:3096} INFO - Sync 1 DAGs
[2025-11-20T00:09:31.124+0000] {logging_mixin.py:188} INFO - [2025-11-20T00:09:31.124+0000] {dag.py:3954} INFO - Setting next_dagrun for sodai_training_and_scoring to None, run_after=None
[2025-11-20T00:09:31.144+0000] {processor.py:183} INFO - Processing /opt/airflow/dags/sodai_pipeline_dag.py took 0.075 seconds
[2025-11-20T00:10:04.431+0000] {processor.py:161} INFO - Started process (PID=3627) to work on /opt/airflow/dags/sodai_pipeline_dag.py
[2025-11-20T00:10:04.432+0000] {processor.py:830} INFO - Processing file /opt/airflow/dags/sodai_pipeline_dag.py for tasks to queue
[2025-11-20T00:10:04.433+0000] {logging_mixin.py:188} INFO - [2025-11-20T00:10:04.433+0000] {dagbag.py:540} INFO - Filling up the DagBag from /opt/airflow/dags/sodai_pipeline_dag.py
[2025-11-20T00:10:04.447+0000] {processor.py:840} INFO - DAG(s) 'sodai_training_and_scoring' retrieved from /opt/airflow/dags/sodai_pipeline_dag.py
[2025-11-20T00:10:04.468+0000] {logging_mixin.py:188} INFO - [2025-11-20T00:10:04.468+0000] {dag.py:3096} INFO - Sync 1 DAGs
[2025-11-20T00:10:04.477+0000] {logging_mixin.py:188} INFO - [2025-11-20T00:10:04.477+0000] {dag.py:3954} INFO - Setting next_dagrun for sodai_training_and_scoring to None, run_after=None
[2025-11-20T00:10:04.489+0000] {processor.py:183} INFO - Processing /opt/airflow/dags/sodai_pipeline_dag.py took 0.062 seconds
[2025-11-20T00:10:34.530+0000] {processor.py:161} INFO - Started process (PID=3637) to work on /opt/airflow/dags/sodai_pipeline_dag.py
[2025-11-20T00:10:34.530+0000] {processor.py:830} INFO - Processing file /opt/airflow/dags/sodai_pipeline_dag.py for tasks to queue
[2025-11-20T00:10:34.532+0000] {logging_mixin.py:188} INFO - [2025-11-20T00:10:34.531+0000] {dagbag.py:540} INFO - Filling up the DagBag from /opt/airflow/dags/sodai_pipeline_dag.py
[2025-11-20T00:10:34.545+0000] {processor.py:840} INFO - DAG(s) 'sodai_training_and_scoring' retrieved from /opt/airflow/dags/sodai_pipeline_dag.py
[2025-11-20T00:10:34.565+0000] {logging_mixin.py:188} INFO - [2025-11-20T00:10:34.565+0000] {dag.py:3096} INFO - Sync 1 DAGs
[2025-11-20T00:10:34.574+0000] {logging_mixin.py:188} INFO - [2025-11-20T00:10:34.573+0000] {dag.py:3954} INFO - Setting next_dagrun for sodai_training_and_scoring to None, run_after=None
[2025-11-20T00:10:34.587+0000] {processor.py:183} INFO - Processing /opt/airflow/dags/sodai_pipeline_dag.py took 0.062 seconds
[2025-11-20T00:11:04.768+0000] {processor.py:161} INFO - Started process (PID=3647) to work on /opt/airflow/dags/sodai_pipeline_dag.py
[2025-11-20T00:11:04.769+0000] {processor.py:830} INFO - Processing file /opt/airflow/dags/sodai_pipeline_dag.py for tasks to queue
[2025-11-20T00:11:04.770+0000] {logging_mixin.py:188} INFO - [2025-11-20T00:11:04.770+0000] {dagbag.py:540} INFO - Filling up the DagBag from /opt/airflow/dags/sodai_pipeline_dag.py
[2025-11-20T00:11:04.784+0000] {processor.py:840} INFO - DAG(s) 'sodai_training_and_scoring' retrieved from /opt/airflow/dags/sodai_pipeline_dag.py
[2025-11-20T00:11:04.807+0000] {logging_mixin.py:188} INFO - [2025-11-20T00:11:04.806+0000] {dag.py:3096} INFO - Sync 1 DAGs
[2025-11-20T00:11:04.822+0000] {logging_mixin.py:188} INFO - [2025-11-20T00:11:04.821+0000] {dag.py:3954} INFO - Setting next_dagrun for sodai_training_and_scoring to None, run_after=None
[2025-11-20T00:11:04.836+0000] {processor.py:183} INFO - Processing /opt/airflow/dags/sodai_pipeline_dag.py took 0.073 seconds
[2025-11-20T00:11:35.141+0000] {processor.py:161} INFO - Started process (PID=3657) to work on /opt/airflow/dags/sodai_pipeline_dag.py
[2025-11-20T00:11:35.141+0000] {processor.py:830} INFO - Processing file /opt/airflow/dags/sodai_pipeline_dag.py for tasks to queue
[2025-11-20T00:11:35.143+0000] {logging_mixin.py:188} INFO - [2025-11-20T00:11:35.143+0000] {dagbag.py:540} INFO - Filling up the DagBag from /opt/airflow/dags/sodai_pipeline_dag.py
[2025-11-20T00:11:35.158+0000] {processor.py:840} INFO - DAG(s) 'sodai_training_and_scoring' retrieved from /opt/airflow/dags/sodai_pipeline_dag.py
[2025-11-20T00:11:35.180+0000] {logging_mixin.py:188} INFO - [2025-11-20T00:11:35.179+0000] {dag.py:3096} INFO - Sync 1 DAGs
[2025-11-20T00:11:35.190+0000] {logging_mixin.py:188} INFO - [2025-11-20T00:11:35.189+0000] {dag.py:3954} INFO - Setting next_dagrun for sodai_training_and_scoring to None, run_after=None
[2025-11-20T00:11:35.204+0000] {processor.py:183} INFO - Processing /opt/airflow/dags/sodai_pipeline_dag.py took 0.067 seconds
[2025-11-20T00:12:05.575+0000] {processor.py:161} INFO - Started process (PID=3667) to work on /opt/airflow/dags/sodai_pipeline_dag.py
[2025-11-20T00:12:05.576+0000] {processor.py:830} INFO - Processing file /opt/airflow/dags/sodai_pipeline_dag.py for tasks to queue
[2025-11-20T00:12:05.577+0000] {logging_mixin.py:188} INFO - [2025-11-20T00:12:05.577+0000] {dagbag.py:540} INFO - Filling up the DagBag from /opt/airflow/dags/sodai_pipeline_dag.py
[2025-11-20T00:12:05.592+0000] {processor.py:840} INFO - DAG(s) 'sodai_training_and_scoring' retrieved from /opt/airflow/dags/sodai_pipeline_dag.py
[2025-11-20T00:12:05.616+0000] {logging_mixin.py:188} INFO - [2025-11-20T00:12:05.616+0000] {dag.py:3096} INFO - Sync 1 DAGs
[2025-11-20T00:12:05.626+0000] {logging_mixin.py:188} INFO - [2025-11-20T00:12:05.625+0000] {dag.py:3954} INFO - Setting next_dagrun for sodai_training_and_scoring to None, run_after=None
[2025-11-20T00:12:05.641+0000] {processor.py:183} INFO - Processing /opt/airflow/dags/sodai_pipeline_dag.py took 0.071 seconds
[2025-11-20T00:12:35.939+0000] {processor.py:161} INFO - Started process (PID=3677) to work on /opt/airflow/dags/sodai_pipeline_dag.py
[2025-11-20T00:12:35.940+0000] {processor.py:830} INFO - Processing file /opt/airflow/dags/sodai_pipeline_dag.py for tasks to queue
[2025-11-20T00:12:35.942+0000] {logging_mixin.py:188} INFO - [2025-11-20T00:12:35.941+0000] {dagbag.py:540} INFO - Filling up the DagBag from /opt/airflow/dags/sodai_pipeline_dag.py
[2025-11-20T00:12:35.957+0000] {processor.py:840} INFO - DAG(s) 'sodai_training_and_scoring' retrieved from /opt/airflow/dags/sodai_pipeline_dag.py
[2025-11-20T00:12:35.979+0000] {logging_mixin.py:188} INFO - [2025-11-20T00:12:35.979+0000] {dag.py:3096} INFO - Sync 1 DAGs
[2025-11-20T00:12:35.989+0000] {logging_mixin.py:188} INFO - [2025-11-20T00:12:35.989+0000] {dag.py:3954} INFO - Setting next_dagrun for sodai_training_and_scoring to None, run_after=None
[2025-11-20T00:12:36.004+0000] {processor.py:183} INFO - Processing /opt/airflow/dags/sodai_pipeline_dag.py took 0.069 seconds
[2025-11-20T00:13:06.440+0000] {processor.py:161} INFO - Started process (PID=3687) to work on /opt/airflow/dags/sodai_pipeline_dag.py
[2025-11-20T00:13:06.442+0000] {processor.py:830} INFO - Processing file /opt/airflow/dags/sodai_pipeline_dag.py for tasks to queue
[2025-11-20T00:13:06.443+0000] {logging_mixin.py:188} INFO - [2025-11-20T00:13:06.443+0000] {dagbag.py:540} INFO - Filling up the DagBag from /opt/airflow/dags/sodai_pipeline_dag.py
[2025-11-20T00:13:06.460+0000] {processor.py:840} INFO - DAG(s) 'sodai_training_and_scoring' retrieved from /opt/airflow/dags/sodai_pipeline_dag.py
[2025-11-20T00:13:06.482+0000] {logging_mixin.py:188} INFO - [2025-11-20T00:13:06.482+0000] {dag.py:3096} INFO - Sync 1 DAGs
[2025-11-20T00:13:06.491+0000] {logging_mixin.py:188} INFO - [2025-11-20T00:13:06.491+0000] {dag.py:3954} INFO - Setting next_dagrun for sodai_training_and_scoring to None, run_after=None
[2025-11-20T00:13:06.507+0000] {processor.py:183} INFO - Processing /opt/airflow/dags/sodai_pipeline_dag.py took 0.071 seconds
[2025-11-20T00:13:36.868+0000] {processor.py:161} INFO - Started process (PID=3697) to work on /opt/airflow/dags/sodai_pipeline_dag.py
[2025-11-20T00:13:36.869+0000] {processor.py:830} INFO - Processing file /opt/airflow/dags/sodai_pipeline_dag.py for tasks to queue
[2025-11-20T00:13:36.871+0000] {logging_mixin.py:188} INFO - [2025-11-20T00:13:36.870+0000] {dagbag.py:540} INFO - Filling up the DagBag from /opt/airflow/dags/sodai_pipeline_dag.py
[2025-11-20T00:13:36.885+0000] {processor.py:840} INFO - DAG(s) 'sodai_training_and_scoring' retrieved from /opt/airflow/dags/sodai_pipeline_dag.py
[2025-11-20T00:13:36.906+0000] {logging_mixin.py:188} INFO - [2025-11-20T00:13:36.906+0000] {dag.py:3096} INFO - Sync 1 DAGs
[2025-11-20T00:13:36.916+0000] {logging_mixin.py:188} INFO - [2025-11-20T00:13:36.915+0000] {dag.py:3954} INFO - Setting next_dagrun for sodai_training_and_scoring to None, run_after=None
[2025-11-20T00:13:36.932+0000] {processor.py:183} INFO - Processing /opt/airflow/dags/sodai_pipeline_dag.py took 0.067 seconds
[2025-11-20T00:14:07.312+0000] {processor.py:161} INFO - Started process (PID=3707) to work on /opt/airflow/dags/sodai_pipeline_dag.py
[2025-11-20T00:14:07.313+0000] {processor.py:830} INFO - Processing file /opt/airflow/dags/sodai_pipeline_dag.py for tasks to queue
[2025-11-20T00:14:07.315+0000] {logging_mixin.py:188} INFO - [2025-11-20T00:14:07.315+0000] {dagbag.py:540} INFO - Filling up the DagBag from /opt/airflow/dags/sodai_pipeline_dag.py
[2025-11-20T00:14:07.328+0000] {processor.py:840} INFO - DAG(s) 'sodai_training_and_scoring' retrieved from /opt/airflow/dags/sodai_pipeline_dag.py
[2025-11-20T00:14:07.352+0000] {logging_mixin.py:188} INFO - [2025-11-20T00:14:07.351+0000] {dag.py:3096} INFO - Sync 1 DAGs
[2025-11-20T00:14:07.363+0000] {logging_mixin.py:188} INFO - [2025-11-20T00:14:07.362+0000] {dag.py:3954} INFO - Setting next_dagrun for sodai_training_and_scoring to None, run_after=None
[2025-11-20T00:14:07.395+0000] {processor.py:183} INFO - Processing /opt/airflow/dags/sodai_pipeline_dag.py took 0.088 seconds
[2025-11-20T00:14:37.568+0000] {processor.py:161} INFO - Started process (PID=3717) to work on /opt/airflow/dags/sodai_pipeline_dag.py
[2025-11-20T00:14:37.569+0000] {processor.py:830} INFO - Processing file /opt/airflow/dags/sodai_pipeline_dag.py for tasks to queue
[2025-11-20T00:14:37.572+0000] {logging_mixin.py:188} INFO - [2025-11-20T00:14:37.572+0000] {dagbag.py:540} INFO - Filling up the DagBag from /opt/airflow/dags/sodai_pipeline_dag.py
[2025-11-20T00:14:37.591+0000] {processor.py:840} INFO - DAG(s) 'sodai_training_and_scoring' retrieved from /opt/airflow/dags/sodai_pipeline_dag.py
[2025-11-20T00:14:37.617+0000] {logging_mixin.py:188} INFO - [2025-11-20T00:14:37.617+0000] {dag.py:3096} INFO - Sync 1 DAGs
[2025-11-20T00:14:37.629+0000] {logging_mixin.py:188} INFO - [2025-11-20T00:14:37.629+0000] {dag.py:3954} INFO - Setting next_dagrun for sodai_training_and_scoring to None, run_after=None
[2025-11-20T00:14:37.646+0000] {processor.py:183} INFO - Processing /opt/airflow/dags/sodai_pipeline_dag.py took 0.084 seconds
[2025-11-20T00:15:08.039+0000] {processor.py:161} INFO - Started process (PID=3727) to work on /opt/airflow/dags/sodai_pipeline_dag.py
[2025-11-20T00:15:08.042+0000] {processor.py:830} INFO - Processing file /opt/airflow/dags/sodai_pipeline_dag.py for tasks to queue
[2025-11-20T00:15:08.045+0000] {logging_mixin.py:188} INFO - [2025-11-20T00:15:08.044+0000] {dagbag.py:540} INFO - Filling up the DagBag from /opt/airflow/dags/sodai_pipeline_dag.py
[2025-11-20T00:15:08.063+0000] {processor.py:840} INFO - DAG(s) 'sodai_training_and_scoring' retrieved from /opt/airflow/dags/sodai_pipeline_dag.py
[2025-11-20T00:15:08.084+0000] {logging_mixin.py:188} INFO - [2025-11-20T00:15:08.083+0000] {dag.py:3096} INFO - Sync 1 DAGs
[2025-11-20T00:15:08.092+0000] {logging_mixin.py:188} INFO - [2025-11-20T00:15:08.092+0000] {dag.py:3954} INFO - Setting next_dagrun for sodai_training_and_scoring to None, run_after=None
[2025-11-20T00:15:08.107+0000] {processor.py:183} INFO - Processing /opt/airflow/dags/sodai_pipeline_dag.py took 0.072 seconds
[2025-11-20T00:15:38.437+0000] {processor.py:161} INFO - Started process (PID=3737) to work on /opt/airflow/dags/sodai_pipeline_dag.py
[2025-11-20T00:15:38.437+0000] {processor.py:830} INFO - Processing file /opt/airflow/dags/sodai_pipeline_dag.py for tasks to queue
[2025-11-20T00:15:38.439+0000] {logging_mixin.py:188} INFO - [2025-11-20T00:15:38.439+0000] {dagbag.py:540} INFO - Filling up the DagBag from /opt/airflow/dags/sodai_pipeline_dag.py
[2025-11-20T00:15:38.455+0000] {processor.py:840} INFO - DAG(s) 'sodai_training_and_scoring' retrieved from /opt/airflow/dags/sodai_pipeline_dag.py
[2025-11-20T00:15:38.476+0000] {logging_mixin.py:188} INFO - [2025-11-20T00:15:38.475+0000] {dag.py:3096} INFO - Sync 1 DAGs
[2025-11-20T00:15:38.485+0000] {logging_mixin.py:188} INFO - [2025-11-20T00:15:38.485+0000] {dag.py:3954} INFO - Setting next_dagrun for sodai_training_and_scoring to None, run_after=None
[2025-11-20T00:15:38.500+0000] {processor.py:183} INFO - Processing /opt/airflow/dags/sodai_pipeline_dag.py took 0.068 seconds
[2025-11-20T00:16:08.828+0000] {processor.py:161} INFO - Started process (PID=3747) to work on /opt/airflow/dags/sodai_pipeline_dag.py
[2025-11-20T00:16:08.829+0000] {processor.py:830} INFO - Processing file /opt/airflow/dags/sodai_pipeline_dag.py for tasks to queue
[2025-11-20T00:16:08.831+0000] {logging_mixin.py:188} INFO - [2025-11-20T00:16:08.830+0000] {dagbag.py:540} INFO - Filling up the DagBag from /opt/airflow/dags/sodai_pipeline_dag.py
[2025-11-20T00:16:08.847+0000] {processor.py:840} INFO - DAG(s) 'sodai_training_and_scoring' retrieved from /opt/airflow/dags/sodai_pipeline_dag.py
[2025-11-20T00:16:08.873+0000] {logging_mixin.py:188} INFO - [2025-11-20T00:16:08.873+0000] {dag.py:3096} INFO - Sync 1 DAGs
[2025-11-20T00:16:08.882+0000] {logging_mixin.py:188} INFO - [2025-11-20T00:16:08.882+0000] {dag.py:3954} INFO - Setting next_dagrun for sodai_training_and_scoring to None, run_after=None
[2025-11-20T00:16:08.899+0000] {processor.py:183} INFO - Processing /opt/airflow/dags/sodai_pipeline_dag.py took 0.075 seconds
[2025-11-20T00:16:42.069+0000] {processor.py:161} INFO - Started process (PID=3757) to work on /opt/airflow/dags/sodai_pipeline_dag.py
[2025-11-20T00:16:42.070+0000] {processor.py:830} INFO - Processing file /opt/airflow/dags/sodai_pipeline_dag.py for tasks to queue
[2025-11-20T00:16:42.072+0000] {logging_mixin.py:188} INFO - [2025-11-20T00:16:42.071+0000] {dagbag.py:540} INFO - Filling up the DagBag from /opt/airflow/dags/sodai_pipeline_dag.py
[2025-11-20T00:16:42.086+0000] {processor.py:840} INFO - DAG(s) 'sodai_training_and_scoring' retrieved from /opt/airflow/dags/sodai_pipeline_dag.py
[2025-11-20T00:16:42.110+0000] {logging_mixin.py:188} INFO - [2025-11-20T00:16:42.110+0000] {dag.py:3096} INFO - Sync 1 DAGs
[2025-11-20T00:16:42.121+0000] {logging_mixin.py:188} INFO - [2025-11-20T00:16:42.120+0000] {dag.py:3954} INFO - Setting next_dagrun for sodai_training_and_scoring to None, run_after=None
[2025-11-20T00:16:42.136+0000] {processor.py:183} INFO - Processing /opt/airflow/dags/sodai_pipeline_dag.py took 0.071 seconds
[2025-11-20T00:17:15.627+0000] {processor.py:161} INFO - Started process (PID=3767) to work on /opt/airflow/dags/sodai_pipeline_dag.py
[2025-11-20T00:17:15.628+0000] {processor.py:830} INFO - Processing file /opt/airflow/dags/sodai_pipeline_dag.py for tasks to queue
[2025-11-20T00:17:15.629+0000] {logging_mixin.py:188} INFO - [2025-11-20T00:17:15.629+0000] {dagbag.py:540} INFO - Filling up the DagBag from /opt/airflow/dags/sodai_pipeline_dag.py
[2025-11-20T00:17:15.643+0000] {processor.py:840} INFO - DAG(s) 'sodai_training_and_scoring' retrieved from /opt/airflow/dags/sodai_pipeline_dag.py
[2025-11-20T00:17:15.667+0000] {logging_mixin.py:188} INFO - [2025-11-20T00:17:15.667+0000] {dag.py:3096} INFO - Sync 1 DAGs
[2025-11-20T00:17:15.677+0000] {logging_mixin.py:188} INFO - [2025-11-20T00:17:15.677+0000] {dag.py:3954} INFO - Setting next_dagrun for sodai_training_and_scoring to None, run_after=None
[2025-11-20T00:17:15.692+0000] {processor.py:183} INFO - Processing /opt/airflow/dags/sodai_pipeline_dag.py took 0.069 seconds
[2025-11-20T00:17:46.103+0000] {processor.py:161} INFO - Started process (PID=3777) to work on /opt/airflow/dags/sodai_pipeline_dag.py
[2025-11-20T00:17:46.104+0000] {processor.py:830} INFO - Processing file /opt/airflow/dags/sodai_pipeline_dag.py for tasks to queue
[2025-11-20T00:17:46.106+0000] {logging_mixin.py:188} INFO - [2025-11-20T00:17:46.105+0000] {dagbag.py:540} INFO - Filling up the DagBag from /opt/airflow/dags/sodai_pipeline_dag.py
[2025-11-20T00:17:46.121+0000] {processor.py:840} INFO - DAG(s) 'sodai_training_and_scoring' retrieved from /opt/airflow/dags/sodai_pipeline_dag.py
[2025-11-20T00:17:48.184+0000] {logging_mixin.py:188} INFO - [2025-11-20T00:17:48.184+0000] {dag.py:3096} INFO - Sync 1 DAGs
[2025-11-20T00:17:48.195+0000] {logging_mixin.py:188} INFO - [2025-11-20T00:17:48.195+0000] {dag.py:3954} INFO - Setting next_dagrun for sodai_training_and_scoring to None, run_after=None
[2025-11-20T00:17:48.215+0000] {processor.py:183} INFO - Processing /opt/airflow/dags/sodai_pipeline_dag.py took 0.077 seconds
[2025-11-20T00:18:21.559+0000] {processor.py:161} INFO - Started process (PID=3787) to work on /opt/airflow/dags/sodai_pipeline_dag.py
[2025-11-20T00:18:21.560+0000] {processor.py:830} INFO - Processing file /opt/airflow/dags/sodai_pipeline_dag.py for tasks to queue
[2025-11-20T00:18:21.562+0000] {logging_mixin.py:188} INFO - [2025-11-20T00:18:21.561+0000] {dagbag.py:540} INFO - Filling up the DagBag from /opt/airflow/dags/sodai_pipeline_dag.py
[2025-11-20T00:18:21.579+0000] {processor.py:840} INFO - DAG(s) 'sodai_training_and_scoring' retrieved from /opt/airflow/dags/sodai_pipeline_dag.py
[2025-11-20T00:18:21.602+0000] {logging_mixin.py:188} INFO - [2025-11-20T00:18:21.602+0000] {dag.py:3096} INFO - Sync 1 DAGs
[2025-11-20T00:18:21.612+0000] {logging_mixin.py:188} INFO - [2025-11-20T00:18:21.612+0000] {dag.py:3954} INFO - Setting next_dagrun for sodai_training_and_scoring to None, run_after=None
[2025-11-20T00:18:21.634+0000] {processor.py:183} INFO - Processing /opt/airflow/dags/sodai_pipeline_dag.py took 0.080 seconds
[2025-11-20T00:18:54.939+0000] {processor.py:161} INFO - Started process (PID=3797) to work on /opt/airflow/dags/sodai_pipeline_dag.py
[2025-11-20T00:18:54.940+0000] {processor.py:830} INFO - Processing file /opt/airflow/dags/sodai_pipeline_dag.py for tasks to queue
[2025-11-20T00:18:54.941+0000] {logging_mixin.py:188} INFO - [2025-11-20T00:18:54.941+0000] {dagbag.py:540} INFO - Filling up the DagBag from /opt/airflow/dags/sodai_pipeline_dag.py
[2025-11-20T00:18:54.960+0000] {processor.py:840} INFO - DAG(s) 'sodai_training_and_scoring' retrieved from /opt/airflow/dags/sodai_pipeline_dag.py
[2025-11-20T00:18:54.986+0000] {logging_mixin.py:188} INFO - [2025-11-20T00:18:54.985+0000] {dag.py:3096} INFO - Sync 1 DAGs
[2025-11-20T00:18:54.998+0000] {logging_mixin.py:188} INFO - [2025-11-20T00:18:54.998+0000] {dag.py:3954} INFO - Setting next_dagrun for sodai_training_and_scoring to None, run_after=None
[2025-11-20T00:18:55.016+0000] {processor.py:183} INFO - Processing /opt/airflow/dags/sodai_pipeline_dag.py took 0.081 seconds
[2025-11-20T00:19:28.449+0000] {processor.py:161} INFO - Started process (PID=3807) to work on /opt/airflow/dags/sodai_pipeline_dag.py
[2025-11-20T00:19:28.449+0000] {processor.py:830} INFO - Processing file /opt/airflow/dags/sodai_pipeline_dag.py for tasks to queue
[2025-11-20T00:19:28.451+0000] {logging_mixin.py:188} INFO - [2025-11-20T00:19:28.450+0000] {dagbag.py:540} INFO - Filling up the DagBag from /opt/airflow/dags/sodai_pipeline_dag.py
[2025-11-20T00:19:28.464+0000] {processor.py:840} INFO - DAG(s) 'sodai_training_and_scoring' retrieved from /opt/airflow/dags/sodai_pipeline_dag.py
[2025-11-20T00:19:28.489+0000] {logging_mixin.py:188} INFO - [2025-11-20T00:19:28.488+0000] {dag.py:3096} INFO - Sync 1 DAGs
[2025-11-20T00:19:28.498+0000] {logging_mixin.py:188} INFO - [2025-11-20T00:19:28.498+0000] {dag.py:3954} INFO - Setting next_dagrun for sodai_training_and_scoring to None, run_after=None
[2025-11-20T00:19:28.515+0000] {processor.py:183} INFO - Processing /opt/airflow/dags/sodai_pipeline_dag.py took 0.071 seconds
[2025-11-20T00:19:58.806+0000] {processor.py:161} INFO - Started process (PID=3817) to work on /opt/airflow/dags/sodai_pipeline_dag.py
[2025-11-20T00:19:58.807+0000] {processor.py:830} INFO - Processing file /opt/airflow/dags/sodai_pipeline_dag.py for tasks to queue
[2025-11-20T00:19:58.809+0000] {logging_mixin.py:188} INFO - [2025-11-20T00:19:58.809+0000] {dagbag.py:540} INFO - Filling up the DagBag from /opt/airflow/dags/sodai_pipeline_dag.py
[2025-11-20T00:19:58.824+0000] {processor.py:840} INFO - DAG(s) 'sodai_training_and_scoring' retrieved from /opt/airflow/dags/sodai_pipeline_dag.py
[2025-11-20T00:19:58.846+0000] {logging_mixin.py:188} INFO - [2025-11-20T00:19:58.846+0000] {dag.py:3096} INFO - Sync 1 DAGs
[2025-11-20T00:19:58.857+0000] {logging_mixin.py:188} INFO - [2025-11-20T00:19:58.857+0000] {dag.py:3954} INFO - Setting next_dagrun for sodai_training_and_scoring to None, run_after=None
[2025-11-20T00:19:58.871+0000] {processor.py:183} INFO - Processing /opt/airflow/dags/sodai_pipeline_dag.py took 0.071 seconds
[2025-11-20T00:20:29.062+0000] {processor.py:161} INFO - Started process (PID=3827) to work on /opt/airflow/dags/sodai_pipeline_dag.py
[2025-11-20T00:20:29.063+0000] {processor.py:830} INFO - Processing file /opt/airflow/dags/sodai_pipeline_dag.py for tasks to queue
[2025-11-20T00:20:29.065+0000] {logging_mixin.py:188} INFO - [2025-11-20T00:20:29.065+0000] {dagbag.py:540} INFO - Filling up the DagBag from /opt/airflow/dags/sodai_pipeline_dag.py
[2025-11-20T00:20:29.081+0000] {processor.py:840} INFO - DAG(s) 'sodai_training_and_scoring' retrieved from /opt/airflow/dags/sodai_pipeline_dag.py
[2025-11-20T00:20:29.107+0000] {logging_mixin.py:188} INFO - [2025-11-20T00:20:29.107+0000] {dag.py:3096} INFO - Sync 1 DAGs
[2025-11-20T00:20:29.117+0000] {logging_mixin.py:188} INFO - [2025-11-20T00:20:29.116+0000] {dag.py:3954} INFO - Setting next_dagrun for sodai_training_and_scoring to None, run_after=None
[2025-11-20T00:20:29.132+0000] {processor.py:183} INFO - Processing /opt/airflow/dags/sodai_pipeline_dag.py took 0.077 seconds
[2025-11-20T00:20:59.467+0000] {processor.py:161} INFO - Started process (PID=3837) to work on /opt/airflow/dags/sodai_pipeline_dag.py
[2025-11-20T00:20:59.468+0000] {processor.py:830} INFO - Processing file /opt/airflow/dags/sodai_pipeline_dag.py for tasks to queue
[2025-11-20T00:20:59.470+0000] {logging_mixin.py:188} INFO - [2025-11-20T00:20:59.469+0000] {dagbag.py:540} INFO - Filling up the DagBag from /opt/airflow/dags/sodai_pipeline_dag.py
[2025-11-20T00:20:59.484+0000] {processor.py:840} INFO - DAG(s) 'sodai_training_and_scoring' retrieved from /opt/airflow/dags/sodai_pipeline_dag.py
[2025-11-20T00:20:59.522+0000] {logging_mixin.py:188} INFO - [2025-11-20T00:20:59.521+0000] {dag.py:3096} INFO - Sync 1 DAGs
[2025-11-20T00:20:59.532+0000] {logging_mixin.py:188} INFO - [2025-11-20T00:20:59.532+0000] {dag.py:3954} INFO - Setting next_dagrun for sodai_training_and_scoring to None, run_after=None
[2025-11-20T00:20:59.550+0000] {processor.py:183} INFO - Processing /opt/airflow/dags/sodai_pipeline_dag.py took 0.087 seconds
[2025-11-20T00:21:29.753+0000] {processor.py:161} INFO - Started process (PID=3847) to work on /opt/airflow/dags/sodai_pipeline_dag.py
[2025-11-20T00:21:29.754+0000] {processor.py:830} INFO - Processing file /opt/airflow/dags/sodai_pipeline_dag.py for tasks to queue
[2025-11-20T00:21:29.755+0000] {logging_mixin.py:188} INFO - [2025-11-20T00:21:29.755+0000] {dagbag.py:540} INFO - Filling up the DagBag from /opt/airflow/dags/sodai_pipeline_dag.py
[2025-11-20T00:21:29.769+0000] {processor.py:840} INFO - DAG(s) 'sodai_training_and_scoring' retrieved from /opt/airflow/dags/sodai_pipeline_dag.py
[2025-11-20T00:21:29.792+0000] {logging_mixin.py:188} INFO - [2025-11-20T00:21:29.792+0000] {dag.py:3096} INFO - Sync 1 DAGs
[2025-11-20T00:21:29.802+0000] {logging_mixin.py:188} INFO - [2025-11-20T00:21:29.802+0000] {dag.py:3954} INFO - Setting next_dagrun for sodai_training_and_scoring to None, run_after=None
[2025-11-20T00:21:29.819+0000] {processor.py:183} INFO - Processing /opt/airflow/dags/sodai_pipeline_dag.py took 0.076 seconds
[2025-11-20T00:22:00.306+0000] {processor.py:161} INFO - Started process (PID=3857) to work on /opt/airflow/dags/sodai_pipeline_dag.py
[2025-11-20T00:22:00.307+0000] {processor.py:830} INFO - Processing file /opt/airflow/dags/sodai_pipeline_dag.py for tasks to queue
[2025-11-20T00:22:00.308+0000] {logging_mixin.py:188} INFO - [2025-11-20T00:22:00.308+0000] {dagbag.py:540} INFO - Filling up the DagBag from /opt/airflow/dags/sodai_pipeline_dag.py
[2025-11-20T00:22:00.330+0000] {processor.py:840} INFO - DAG(s) 'sodai_training_and_scoring' retrieved from /opt/airflow/dags/sodai_pipeline_dag.py
[2025-11-20T00:22:00.356+0000] {logging_mixin.py:188} INFO - [2025-11-20T00:22:00.355+0000] {dag.py:3096} INFO - Sync 1 DAGs
[2025-11-20T00:22:00.365+0000] {logging_mixin.py:188} INFO - [2025-11-20T00:22:00.364+0000] {dag.py:3954} INFO - Setting next_dagrun for sodai_training_and_scoring to None, run_after=None
[2025-11-20T00:22:00.380+0000] {processor.py:183} INFO - Processing /opt/airflow/dags/sodai_pipeline_dag.py took 0.082 seconds
[2025-11-20T00:22:30.828+0000] {processor.py:161} INFO - Started process (PID=3867) to work on /opt/airflow/dags/sodai_pipeline_dag.py
[2025-11-20T00:22:30.829+0000] {processor.py:830} INFO - Processing file /opt/airflow/dags/sodai_pipeline_dag.py for tasks to queue
[2025-11-20T00:22:30.830+0000] {logging_mixin.py:188} INFO - [2025-11-20T00:22:30.830+0000] {dagbag.py:540} INFO - Filling up the DagBag from /opt/airflow/dags/sodai_pipeline_dag.py
[2025-11-20T00:22:30.845+0000] {processor.py:840} INFO - DAG(s) 'sodai_training_and_scoring' retrieved from /opt/airflow/dags/sodai_pipeline_dag.py
[2025-11-20T00:22:30.870+0000] {logging_mixin.py:188} INFO - [2025-11-20T00:22:30.870+0000] {dag.py:3096} INFO - Sync 1 DAGs
[2025-11-20T00:22:30.881+0000] {logging_mixin.py:188} INFO - [2025-11-20T00:22:30.881+0000] {dag.py:3954} INFO - Setting next_dagrun for sodai_training_and_scoring to None, run_after=None
[2025-11-20T00:22:30.898+0000] {processor.py:183} INFO - Processing /opt/airflow/dags/sodai_pipeline_dag.py took 0.074 seconds
[2025-11-20T00:23:01.220+0000] {processor.py:161} INFO - Started process (PID=3877) to work on /opt/airflow/dags/sodai_pipeline_dag.py
[2025-11-20T00:23:01.222+0000] {processor.py:830} INFO - Processing file /opt/airflow/dags/sodai_pipeline_dag.py for tasks to queue
[2025-11-20T00:23:01.225+0000] {logging_mixin.py:188} INFO - [2025-11-20T00:23:01.224+0000] {dagbag.py:540} INFO - Filling up the DagBag from /opt/airflow/dags/sodai_pipeline_dag.py
[2025-11-20T00:23:01.247+0000] {processor.py:840} INFO - DAG(s) 'sodai_training_and_scoring' retrieved from /opt/airflow/dags/sodai_pipeline_dag.py
[2025-11-20T00:23:01.275+0000] {logging_mixin.py:188} INFO - [2025-11-20T00:23:01.274+0000] {dag.py:3096} INFO - Sync 1 DAGs
[2025-11-20T00:23:01.285+0000] {logging_mixin.py:188} INFO - [2025-11-20T00:23:01.285+0000] {dag.py:3954} INFO - Setting next_dagrun for sodai_training_and_scoring to None, run_after=None
[2025-11-20T00:23:01.307+0000] {processor.py:183} INFO - Processing /opt/airflow/dags/sodai_pipeline_dag.py took 0.093 seconds
[2025-11-20T00:23:31.607+0000] {processor.py:161} INFO - Started process (PID=3887) to work on /opt/airflow/dags/sodai_pipeline_dag.py
[2025-11-20T00:23:31.608+0000] {processor.py:830} INFO - Processing file /opt/airflow/dags/sodai_pipeline_dag.py for tasks to queue
[2025-11-20T00:23:31.610+0000] {logging_mixin.py:188} INFO - [2025-11-20T00:23:31.610+0000] {dagbag.py:540} INFO - Filling up the DagBag from /opt/airflow/dags/sodai_pipeline_dag.py
[2025-11-20T00:23:31.632+0000] {processor.py:840} INFO - DAG(s) 'sodai_training_and_scoring' retrieved from /opt/airflow/dags/sodai_pipeline_dag.py
[2025-11-20T00:23:31.659+0000] {logging_mixin.py:188} INFO - [2025-11-20T00:23:31.658+0000] {dag.py:3096} INFO - Sync 1 DAGs
[2025-11-20T00:23:31.670+0000] {logging_mixin.py:188} INFO - [2025-11-20T00:23:31.670+0000] {dag.py:3954} INFO - Setting next_dagrun for sodai_training_and_scoring to None, run_after=None
[2025-11-20T00:23:31.692+0000] {processor.py:183} INFO - Processing /opt/airflow/dags/sodai_pipeline_dag.py took 0.089 seconds
[2025-11-20T00:24:02.004+0000] {processor.py:161} INFO - Started process (PID=3897) to work on /opt/airflow/dags/sodai_pipeline_dag.py
[2025-11-20T00:24:02.005+0000] {processor.py:830} INFO - Processing file /opt/airflow/dags/sodai_pipeline_dag.py for tasks to queue
[2025-11-20T00:24:02.007+0000] {logging_mixin.py:188} INFO - [2025-11-20T00:24:02.006+0000] {dagbag.py:540} INFO - Filling up the DagBag from /opt/airflow/dags/sodai_pipeline_dag.py
[2025-11-20T00:24:02.029+0000] {processor.py:840} INFO - DAG(s) 'sodai_training_and_scoring' retrieved from /opt/airflow/dags/sodai_pipeline_dag.py
[2025-11-20T00:24:02.055+0000] {logging_mixin.py:188} INFO - [2025-11-20T00:24:02.055+0000] {dag.py:3096} INFO - Sync 1 DAGs
[2025-11-20T00:24:02.065+0000] {logging_mixin.py:188} INFO - [2025-11-20T00:24:02.065+0000] {dag.py:3954} INFO - Setting next_dagrun for sodai_training_and_scoring to None, run_after=None
[2025-11-20T00:24:02.081+0000] {processor.py:183} INFO - Processing /opt/airflow/dags/sodai_pipeline_dag.py took 0.084 seconds
[2025-11-20T00:24:32.392+0000] {processor.py:161} INFO - Started process (PID=3907) to work on /opt/airflow/dags/sodai_pipeline_dag.py
[2025-11-20T00:24:32.392+0000] {processor.py:830} INFO - Processing file /opt/airflow/dags/sodai_pipeline_dag.py for tasks to queue
[2025-11-20T00:24:32.394+0000] {logging_mixin.py:188} INFO - [2025-11-20T00:24:32.393+0000] {dagbag.py:540} INFO - Filling up the DagBag from /opt/airflow/dags/sodai_pipeline_dag.py
[2025-11-20T00:24:32.408+0000] {processor.py:840} INFO - DAG(s) 'sodai_training_and_scoring' retrieved from /opt/airflow/dags/sodai_pipeline_dag.py
[2025-11-20T00:24:32.435+0000] {logging_mixin.py:188} INFO - [2025-11-20T00:24:32.435+0000] {dag.py:3096} INFO - Sync 1 DAGs
[2025-11-20T00:24:32.444+0000] {logging_mixin.py:188} INFO - [2025-11-20T00:24:32.443+0000] {dag.py:3954} INFO - Setting next_dagrun for sodai_training_and_scoring to None, run_after=None
[2025-11-20T00:24:32.466+0000] {processor.py:183} INFO - Processing /opt/airflow/dags/sodai_pipeline_dag.py took 0.078 seconds
[2025-11-20T00:25:02.765+0000] {processor.py:161} INFO - Started process (PID=3917) to work on /opt/airflow/dags/sodai_pipeline_dag.py
[2025-11-20T00:25:02.766+0000] {processor.py:830} INFO - Processing file /opt/airflow/dags/sodai_pipeline_dag.py for tasks to queue
[2025-11-20T00:25:02.767+0000] {logging_mixin.py:188} INFO - [2025-11-20T00:25:02.767+0000] {dagbag.py:540} INFO - Filling up the DagBag from /opt/airflow/dags/sodai_pipeline_dag.py
[2025-11-20T00:25:02.783+0000] {processor.py:840} INFO - DAG(s) 'sodai_training_and_scoring' retrieved from /opt/airflow/dags/sodai_pipeline_dag.py
[2025-11-20T00:25:02.808+0000] {logging_mixin.py:188} INFO - [2025-11-20T00:25:02.808+0000] {dag.py:3096} INFO - Sync 1 DAGs
[2025-11-20T00:25:02.817+0000] {logging_mixin.py:188} INFO - [2025-11-20T00:25:02.817+0000] {dag.py:3954} INFO - Setting next_dagrun for sodai_training_and_scoring to None, run_after=None
[2025-11-20T00:25:02.832+0000] {processor.py:183} INFO - Processing /opt/airflow/dags/sodai_pipeline_dag.py took 0.071 seconds
[2025-11-20T00:25:33.095+0000] {processor.py:161} INFO - Started process (PID=3927) to work on /opt/airflow/dags/sodai_pipeline_dag.py
[2025-11-20T00:25:33.096+0000] {processor.py:830} INFO - Processing file /opt/airflow/dags/sodai_pipeline_dag.py for tasks to queue
[2025-11-20T00:25:33.097+0000] {logging_mixin.py:188} INFO - [2025-11-20T00:25:33.097+0000] {dagbag.py:540} INFO - Filling up the DagBag from /opt/airflow/dags/sodai_pipeline_dag.py
[2025-11-20T00:25:33.114+0000] {processor.py:840} INFO - DAG(s) 'sodai_training_and_scoring' retrieved from /opt/airflow/dags/sodai_pipeline_dag.py
[2025-11-20T00:25:33.142+0000] {logging_mixin.py:188} INFO - [2025-11-20T00:25:33.141+0000] {dag.py:3096} INFO - Sync 1 DAGs
[2025-11-20T00:25:33.151+0000] {logging_mixin.py:188} INFO - [2025-11-20T00:25:33.150+0000] {dag.py:3954} INFO - Setting next_dagrun for sodai_training_and_scoring to None, run_after=None
[2025-11-20T00:25:33.166+0000] {processor.py:183} INFO - Processing /opt/airflow/dags/sodai_pipeline_dag.py took 0.076 seconds
[2025-11-20T00:26:06.381+0000] {processor.py:161} INFO - Started process (PID=3937) to work on /opt/airflow/dags/sodai_pipeline_dag.py
[2025-11-20T00:26:06.382+0000] {processor.py:830} INFO - Processing file /opt/airflow/dags/sodai_pipeline_dag.py for tasks to queue
[2025-11-20T00:26:06.384+0000] {logging_mixin.py:188} INFO - [2025-11-20T00:26:06.384+0000] {dagbag.py:540} INFO - Filling up the DagBag from /opt/airflow/dags/sodai_pipeline_dag.py
[2025-11-20T00:26:06.402+0000] {processor.py:840} INFO - DAG(s) 'sodai_training_and_scoring' retrieved from /opt/airflow/dags/sodai_pipeline_dag.py
[2025-11-20T00:26:06.426+0000] {logging_mixin.py:188} INFO - [2025-11-20T00:26:06.425+0000] {dag.py:3096} INFO - Sync 1 DAGs
[2025-11-20T00:26:06.438+0000] {logging_mixin.py:188} INFO - [2025-11-20T00:26:06.438+0000] {dag.py:3954} INFO - Setting next_dagrun for sodai_training_and_scoring to None, run_after=None
[2025-11-20T00:26:06.459+0000] {processor.py:183} INFO - Processing /opt/airflow/dags/sodai_pipeline_dag.py took 0.084 seconds
[2025-11-20T00:26:36.608+0000] {processor.py:161} INFO - Started process (PID=3947) to work on /opt/airflow/dags/sodai_pipeline_dag.py
[2025-11-20T00:26:36.609+0000] {processor.py:830} INFO - Processing file /opt/airflow/dags/sodai_pipeline_dag.py for tasks to queue
[2025-11-20T00:26:36.610+0000] {logging_mixin.py:188} INFO - [2025-11-20T00:26:36.610+0000] {dagbag.py:540} INFO - Filling up the DagBag from /opt/airflow/dags/sodai_pipeline_dag.py
[2025-11-20T00:26:36.624+0000] {processor.py:840} INFO - DAG(s) 'sodai_training_and_scoring' retrieved from /opt/airflow/dags/sodai_pipeline_dag.py
[2025-11-20T00:26:36.646+0000] {logging_mixin.py:188} INFO - [2025-11-20T00:26:36.646+0000] {dag.py:3096} INFO - Sync 1 DAGs
[2025-11-20T00:26:36.656+0000] {logging_mixin.py:188} INFO - [2025-11-20T00:26:36.656+0000] {dag.py:3954} INFO - Setting next_dagrun for sodai_training_and_scoring to None, run_after=None
[2025-11-20T00:26:36.671+0000] {processor.py:183} INFO - Processing /opt/airflow/dags/sodai_pipeline_dag.py took 0.069 seconds
[2025-11-20T00:27:06.890+0000] {processor.py:161} INFO - Started process (PID=3957) to work on /opt/airflow/dags/sodai_pipeline_dag.py
[2025-11-20T00:27:06.891+0000] {processor.py:830} INFO - Processing file /opt/airflow/dags/sodai_pipeline_dag.py for tasks to queue
[2025-11-20T00:27:06.893+0000] {logging_mixin.py:188} INFO - [2025-11-20T00:27:06.893+0000] {dagbag.py:540} INFO - Filling up the DagBag from /opt/airflow/dags/sodai_pipeline_dag.py
[2025-11-20T00:27:06.913+0000] {processor.py:840} INFO - DAG(s) 'sodai_training_and_scoring' retrieved from /opt/airflow/dags/sodai_pipeline_dag.py
[2025-11-20T00:27:06.942+0000] {logging_mixin.py:188} INFO - [2025-11-20T00:27:06.942+0000] {dag.py:3096} INFO - Sync 1 DAGs
[2025-11-20T00:27:06.954+0000] {logging_mixin.py:188} INFO - [2025-11-20T00:27:06.953+0000] {dag.py:3954} INFO - Setting next_dagrun for sodai_training_and_scoring to None, run_after=None
[2025-11-20T00:27:06.974+0000] {processor.py:183} INFO - Processing /opt/airflow/dags/sodai_pipeline_dag.py took 0.091 seconds
[2025-11-20T00:27:37.381+0000] {processor.py:161} INFO - Started process (PID=3967) to work on /opt/airflow/dags/sodai_pipeline_dag.py
[2025-11-20T00:27:37.382+0000] {processor.py:830} INFO - Processing file /opt/airflow/dags/sodai_pipeline_dag.py for tasks to queue
[2025-11-20T00:27:37.384+0000] {logging_mixin.py:188} INFO - [2025-11-20T00:27:37.384+0000] {dagbag.py:540} INFO - Filling up the DagBag from /opt/airflow/dags/sodai_pipeline_dag.py
[2025-11-20T00:27:37.404+0000] {processor.py:840} INFO - DAG(s) 'sodai_training_and_scoring' retrieved from /opt/airflow/dags/sodai_pipeline_dag.py
[2025-11-20T00:27:37.432+0000] {logging_mixin.py:188} INFO - [2025-11-20T00:27:37.432+0000] {dag.py:3096} INFO - Sync 1 DAGs
[2025-11-20T00:27:37.448+0000] {logging_mixin.py:188} INFO - [2025-11-20T00:27:37.447+0000] {dag.py:3954} INFO - Setting next_dagrun for sodai_training_and_scoring to None, run_after=None
[2025-11-20T00:27:37.467+0000] {processor.py:183} INFO - Processing /opt/airflow/dags/sodai_pipeline_dag.py took 0.094 seconds
[2025-11-20T00:28:07.730+0000] {processor.py:161} INFO - Started process (PID=3977) to work on /opt/airflow/dags/sodai_pipeline_dag.py
[2025-11-20T00:28:07.732+0000] {processor.py:830} INFO - Processing file /opt/airflow/dags/sodai_pipeline_dag.py for tasks to queue
[2025-11-20T00:28:07.734+0000] {logging_mixin.py:188} INFO - [2025-11-20T00:28:07.734+0000] {dagbag.py:540} INFO - Filling up the DagBag from /opt/airflow/dags/sodai_pipeline_dag.py
[2025-11-20T00:28:07.756+0000] {processor.py:840} INFO - DAG(s) 'sodai_training_and_scoring' retrieved from /opt/airflow/dags/sodai_pipeline_dag.py
[2025-11-20T00:28:07.788+0000] {logging_mixin.py:188} INFO - [2025-11-20T00:28:07.787+0000] {dag.py:3096} INFO - Sync 1 DAGs
[2025-11-20T00:28:07.801+0000] {logging_mixin.py:188} INFO - [2025-11-20T00:28:07.801+0000] {dag.py:3954} INFO - Setting next_dagrun for sodai_training_and_scoring to None, run_after=None
[2025-11-20T00:28:07.822+0000] {processor.py:183} INFO - Processing /opt/airflow/dags/sodai_pipeline_dag.py took 0.099 seconds
[2025-11-20T00:28:38.080+0000] {processor.py:161} INFO - Started process (PID=3987) to work on /opt/airflow/dags/sodai_pipeline_dag.py
[2025-11-20T00:28:38.080+0000] {processor.py:830} INFO - Processing file /opt/airflow/dags/sodai_pipeline_dag.py for tasks to queue
[2025-11-20T00:28:38.082+0000] {logging_mixin.py:188} INFO - [2025-11-20T00:28:38.082+0000] {dagbag.py:540} INFO - Filling up the DagBag from /opt/airflow/dags/sodai_pipeline_dag.py
[2025-11-20T00:28:38.102+0000] {processor.py:840} INFO - DAG(s) 'sodai_training_and_scoring' retrieved from /opt/airflow/dags/sodai_pipeline_dag.py
[2025-11-20T00:28:38.130+0000] {logging_mixin.py:188} INFO - [2025-11-20T00:28:38.130+0000] {dag.py:3096} INFO - Sync 1 DAGs
[2025-11-20T00:28:38.139+0000] {logging_mixin.py:188} INFO - [2025-11-20T00:28:38.139+0000] {dag.py:3954} INFO - Setting next_dagrun for sodai_training_and_scoring to None, run_after=None
[2025-11-20T00:28:38.157+0000] {processor.py:183} INFO - Processing /opt/airflow/dags/sodai_pipeline_dag.py took 0.082 seconds
[2025-11-20T00:29:08.448+0000] {processor.py:161} INFO - Started process (PID=3997) to work on /opt/airflow/dags/sodai_pipeline_dag.py
[2025-11-20T00:29:08.449+0000] {processor.py:830} INFO - Processing file /opt/airflow/dags/sodai_pipeline_dag.py for tasks to queue
[2025-11-20T00:29:08.451+0000] {logging_mixin.py:188} INFO - [2025-11-20T00:29:08.451+0000] {dagbag.py:540} INFO - Filling up the DagBag from /opt/airflow/dags/sodai_pipeline_dag.py
[2025-11-20T00:29:08.468+0000] {processor.py:840} INFO - DAG(s) 'sodai_training_and_scoring' retrieved from /opt/airflow/dags/sodai_pipeline_dag.py
[2025-11-20T00:29:08.491+0000] {logging_mixin.py:188} INFO - [2025-11-20T00:29:08.490+0000] {dag.py:3096} INFO - Sync 1 DAGs
[2025-11-20T00:29:08.500+0000] {logging_mixin.py:188} INFO - [2025-11-20T00:29:08.500+0000] {dag.py:3954} INFO - Setting next_dagrun for sodai_training_and_scoring to None, run_after=None
[2025-11-20T00:29:08.515+0000] {processor.py:183} INFO - Processing /opt/airflow/dags/sodai_pipeline_dag.py took 0.072 seconds
[2025-11-20T00:29:38.837+0000] {processor.py:161} INFO - Started process (PID=4007) to work on /opt/airflow/dags/sodai_pipeline_dag.py
[2025-11-20T00:29:38.837+0000] {processor.py:830} INFO - Processing file /opt/airflow/dags/sodai_pipeline_dag.py for tasks to queue
[2025-11-20T00:29:38.839+0000] {logging_mixin.py:188} INFO - [2025-11-20T00:29:38.839+0000] {dagbag.py:540} INFO - Filling up the DagBag from /opt/airflow/dags/sodai_pipeline_dag.py
[2025-11-20T00:29:38.856+0000] {processor.py:840} INFO - DAG(s) 'sodai_training_and_scoring' retrieved from /opt/airflow/dags/sodai_pipeline_dag.py
[2025-11-20T00:29:38.881+0000] {logging_mixin.py:188} INFO - [2025-11-20T00:29:38.880+0000] {dag.py:3096} INFO - Sync 1 DAGs
[2025-11-20T00:29:38.890+0000] {logging_mixin.py:188} INFO - [2025-11-20T00:29:38.890+0000] {dag.py:3954} INFO - Setting next_dagrun for sodai_training_and_scoring to None, run_after=None
[2025-11-20T00:29:38.906+0000] {processor.py:183} INFO - Processing /opt/airflow/dags/sodai_pipeline_dag.py took 0.074 seconds
[2025-11-20T00:30:09.150+0000] {processor.py:161} INFO - Started process (PID=4017) to work on /opt/airflow/dags/sodai_pipeline_dag.py
[2025-11-20T00:30:09.151+0000] {processor.py:830} INFO - Processing file /opt/airflow/dags/sodai_pipeline_dag.py for tasks to queue
[2025-11-20T00:30:09.153+0000] {logging_mixin.py:188} INFO - [2025-11-20T00:30:09.152+0000] {dagbag.py:540} INFO - Filling up the DagBag from /opt/airflow/dags/sodai_pipeline_dag.py
[2025-11-20T00:30:09.171+0000] {processor.py:840} INFO - DAG(s) 'sodai_training_and_scoring' retrieved from /opt/airflow/dags/sodai_pipeline_dag.py
[2025-11-20T00:30:09.199+0000] {logging_mixin.py:188} INFO - [2025-11-20T00:30:09.198+0000] {dag.py:3096} INFO - Sync 1 DAGs
[2025-11-20T00:30:09.209+0000] {logging_mixin.py:188} INFO - [2025-11-20T00:30:09.208+0000] {dag.py:3954} INFO - Setting next_dagrun for sodai_training_and_scoring to None, run_after=None
[2025-11-20T00:30:09.226+0000] {processor.py:183} INFO - Processing /opt/airflow/dags/sodai_pipeline_dag.py took 0.084 seconds
[2025-11-20T00:30:39.420+0000] {processor.py:161} INFO - Started process (PID=4027) to work on /opt/airflow/dags/sodai_pipeline_dag.py
[2025-11-20T00:30:39.421+0000] {processor.py:830} INFO - Processing file /opt/airflow/dags/sodai_pipeline_dag.py for tasks to queue
[2025-11-20T00:30:39.423+0000] {logging_mixin.py:188} INFO - [2025-11-20T00:30:39.423+0000] {dagbag.py:540} INFO - Filling up the DagBag from /opt/airflow/dags/sodai_pipeline_dag.py
[2025-11-20T00:30:39.439+0000] {processor.py:840} INFO - DAG(s) 'sodai_training_and_scoring' retrieved from /opt/airflow/dags/sodai_pipeline_dag.py
[2025-11-20T00:30:39.462+0000] {logging_mixin.py:188} INFO - [2025-11-20T00:30:39.461+0000] {dag.py:3096} INFO - Sync 1 DAGs
[2025-11-20T00:30:39.472+0000] {logging_mixin.py:188} INFO - [2025-11-20T00:30:39.472+0000] {dag.py:3954} INFO - Setting next_dagrun for sodai_training_and_scoring to None, run_after=None
[2025-11-20T00:30:39.487+0000] {processor.py:183} INFO - Processing /opt/airflow/dags/sodai_pipeline_dag.py took 0.073 seconds
[2025-11-20T00:31:09.941+0000] {processor.py:161} INFO - Started process (PID=4037) to work on /opt/airflow/dags/sodai_pipeline_dag.py
[2025-11-20T00:31:09.942+0000] {processor.py:830} INFO - Processing file /opt/airflow/dags/sodai_pipeline_dag.py for tasks to queue
[2025-11-20T00:31:09.945+0000] {logging_mixin.py:188} INFO - [2025-11-20T00:31:09.945+0000] {dagbag.py:540} INFO - Filling up the DagBag from /opt/airflow/dags/sodai_pipeline_dag.py
[2025-11-20T00:31:09.966+0000] {processor.py:840} INFO - DAG(s) 'sodai_training_and_scoring' retrieved from /opt/airflow/dags/sodai_pipeline_dag.py
[2025-11-20T00:31:09.995+0000] {logging_mixin.py:188} INFO - [2025-11-20T00:31:09.994+0000] {dag.py:3096} INFO - Sync 1 DAGs
[2025-11-20T00:31:10.004+0000] {logging_mixin.py:188} INFO - [2025-11-20T00:31:10.003+0000] {dag.py:3954} INFO - Setting next_dagrun for sodai_training_and_scoring to None, run_after=None
[2025-11-20T00:31:10.019+0000] {processor.py:183} INFO - Processing /opt/airflow/dags/sodai_pipeline_dag.py took 0.085 seconds
[2025-11-20T00:31:40.361+0000] {processor.py:161} INFO - Started process (PID=4047) to work on /opt/airflow/dags/sodai_pipeline_dag.py
[2025-11-20T00:31:40.363+0000] {processor.py:830} INFO - Processing file /opt/airflow/dags/sodai_pipeline_dag.py for tasks to queue
[2025-11-20T00:31:40.367+0000] {logging_mixin.py:188} INFO - [2025-11-20T00:31:40.366+0000] {dagbag.py:540} INFO - Filling up the DagBag from /opt/airflow/dags/sodai_pipeline_dag.py
[2025-11-20T00:31:40.392+0000] {processor.py:840} INFO - DAG(s) 'sodai_training_and_scoring' retrieved from /opt/airflow/dags/sodai_pipeline_dag.py
[2025-11-20T00:31:40.434+0000] {logging_mixin.py:188} INFO - [2025-11-20T00:31:40.433+0000] {dag.py:3096} INFO - Sync 1 DAGs
[2025-11-20T00:31:40.452+0000] {logging_mixin.py:188} INFO - [2025-11-20T00:31:40.452+0000] {dag.py:3954} INFO - Setting next_dagrun for sodai_training_and_scoring to None, run_after=None
[2025-11-20T00:31:40.484+0000] {processor.py:183} INFO - Processing /opt/airflow/dags/sodai_pipeline_dag.py took 0.132 seconds
[2025-11-20T00:32:10.770+0000] {processor.py:161} INFO - Started process (PID=4057) to work on /opt/airflow/dags/sodai_pipeline_dag.py
[2025-11-20T00:32:10.771+0000] {processor.py:830} INFO - Processing file /opt/airflow/dags/sodai_pipeline_dag.py for tasks to queue
[2025-11-20T00:32:10.775+0000] {logging_mixin.py:188} INFO - [2025-11-20T00:32:10.775+0000] {dagbag.py:540} INFO - Filling up the DagBag from /opt/airflow/dags/sodai_pipeline_dag.py
[2025-11-20T00:32:10.800+0000] {processor.py:840} INFO - DAG(s) 'sodai_training_and_scoring' retrieved from /opt/airflow/dags/sodai_pipeline_dag.py
[2025-11-20T00:32:10.836+0000] {logging_mixin.py:188} INFO - [2025-11-20T00:32:10.835+0000] {dag.py:3096} INFO - Sync 1 DAGs
[2025-11-20T00:32:10.848+0000] {logging_mixin.py:188} INFO - [2025-11-20T00:32:10.847+0000] {dag.py:3954} INFO - Setting next_dagrun for sodai_training_and_scoring to None, run_after=None
[2025-11-20T00:32:10.871+0000] {processor.py:183} INFO - Processing /opt/airflow/dags/sodai_pipeline_dag.py took 0.110 seconds
[2025-11-20T00:32:43.385+0000] {processor.py:161} INFO - Started process (PID=4067) to work on /opt/airflow/dags/sodai_pipeline_dag.py
[2025-11-20T00:32:43.386+0000] {processor.py:830} INFO - Processing file /opt/airflow/dags/sodai_pipeline_dag.py for tasks to queue
[2025-11-20T00:32:43.388+0000] {logging_mixin.py:188} INFO - [2025-11-20T00:32:43.388+0000] {dagbag.py:540} INFO - Filling up the DagBag from /opt/airflow/dags/sodai_pipeline_dag.py
[2025-11-20T00:32:43.404+0000] {processor.py:840} INFO - DAG(s) 'sodai_training_and_scoring' retrieved from /opt/airflow/dags/sodai_pipeline_dag.py
[2025-11-20T00:32:43.428+0000] {logging_mixin.py:188} INFO - [2025-11-20T00:32:43.428+0000] {dag.py:3096} INFO - Sync 1 DAGs
[2025-11-20T00:32:43.439+0000] {logging_mixin.py:188} INFO - [2025-11-20T00:32:43.439+0000] {dag.py:3954} INFO - Setting next_dagrun for sodai_training_and_scoring to None, run_after=None
[2025-11-20T00:32:43.455+0000] {processor.py:183} INFO - Processing /opt/airflow/dags/sodai_pipeline_dag.py took 0.077 seconds
[2025-11-20T00:33:16.824+0000] {processor.py:161} INFO - Started process (PID=4077) to work on /opt/airflow/dags/sodai_pipeline_dag.py
[2025-11-20T00:33:16.825+0000] {processor.py:830} INFO - Processing file /opt/airflow/dags/sodai_pipeline_dag.py for tasks to queue
[2025-11-20T00:33:16.827+0000] {logging_mixin.py:188} INFO - [2025-11-20T00:33:16.826+0000] {dagbag.py:540} INFO - Filling up the DagBag from /opt/airflow/dags/sodai_pipeline_dag.py
[2025-11-20T00:33:16.848+0000] {processor.py:840} INFO - DAG(s) 'sodai_training_and_scoring' retrieved from /opt/airflow/dags/sodai_pipeline_dag.py
[2025-11-20T00:33:16.878+0000] {logging_mixin.py:188} INFO - [2025-11-20T00:33:16.878+0000] {dag.py:3096} INFO - Sync 1 DAGs
[2025-11-20T00:33:16.889+0000] {logging_mixin.py:188} INFO - [2025-11-20T00:33:16.889+0000] {dag.py:3954} INFO - Setting next_dagrun for sodai_training_and_scoring to None, run_after=None
[2025-11-20T00:33:16.906+0000] {processor.py:183} INFO - Processing /opt/airflow/dags/sodai_pipeline_dag.py took 0.089 seconds
[2025-11-20T00:33:50.164+0000] {processor.py:161} INFO - Started process (PID=4087) to work on /opt/airflow/dags/sodai_pipeline_dag.py
[2025-11-20T00:33:50.165+0000] {processor.py:830} INFO - Processing file /opt/airflow/dags/sodai_pipeline_dag.py for tasks to queue
[2025-11-20T00:33:50.167+0000] {logging_mixin.py:188} INFO - [2025-11-20T00:33:50.167+0000] {dagbag.py:540} INFO - Filling up the DagBag from /opt/airflow/dags/sodai_pipeline_dag.py
[2025-11-20T00:33:50.185+0000] {processor.py:840} INFO - DAG(s) 'sodai_training_and_scoring' retrieved from /opt/airflow/dags/sodai_pipeline_dag.py
[2025-11-20T00:33:50.207+0000] {logging_mixin.py:188} INFO - [2025-11-20T00:33:50.207+0000] {dag.py:3096} INFO - Sync 1 DAGs
[2025-11-20T00:33:50.216+0000] {logging_mixin.py:188} INFO - [2025-11-20T00:33:50.216+0000] {dag.py:3954} INFO - Setting next_dagrun for sodai_training_and_scoring to None, run_after=None
[2025-11-20T00:33:50.238+0000] {processor.py:183} INFO - Processing /opt/airflow/dags/sodai_pipeline_dag.py took 0.080 seconds
[2025-11-20T00:34:23.719+0000] {processor.py:161} INFO - Started process (PID=4097) to work on /opt/airflow/dags/sodai_pipeline_dag.py
[2025-11-20T00:34:23.719+0000] {processor.py:830} INFO - Processing file /opt/airflow/dags/sodai_pipeline_dag.py for tasks to queue
[2025-11-20T00:34:23.721+0000] {logging_mixin.py:188} INFO - [2025-11-20T00:34:23.721+0000] {dagbag.py:540} INFO - Filling up the DagBag from /opt/airflow/dags/sodai_pipeline_dag.py
[2025-11-20T00:34:23.739+0000] {processor.py:840} INFO - DAG(s) 'sodai_training_and_scoring' retrieved from /opt/airflow/dags/sodai_pipeline_dag.py
[2025-11-20T00:34:23.765+0000] {logging_mixin.py:188} INFO - [2025-11-20T00:34:23.765+0000] {dag.py:3096} INFO - Sync 1 DAGs
[2025-11-20T00:34:23.775+0000] {logging_mixin.py:188} INFO - [2025-11-20T00:34:23.774+0000] {dag.py:3954} INFO - Setting next_dagrun for sodai_training_and_scoring to None, run_after=None
[2025-11-20T00:34:23.804+0000] {processor.py:183} INFO - Processing /opt/airflow/dags/sodai_pipeline_dag.py took 0.090 seconds
[2025-11-20T00:34:56.228+0000] {processor.py:161} INFO - Started process (PID=4107) to work on /opt/airflow/dags/sodai_pipeline_dag.py
[2025-11-20T00:34:56.229+0000] {processor.py:830} INFO - Processing file /opt/airflow/dags/sodai_pipeline_dag.py for tasks to queue
[2025-11-20T00:34:56.231+0000] {logging_mixin.py:188} INFO - [2025-11-20T00:34:56.231+0000] {dagbag.py:540} INFO - Filling up the DagBag from /opt/airflow/dags/sodai_pipeline_dag.py
[2025-11-20T00:34:56.249+0000] {processor.py:840} INFO - DAG(s) 'sodai_training_and_scoring' retrieved from /opt/airflow/dags/sodai_pipeline_dag.py
[2025-11-20T00:34:56.272+0000] {logging_mixin.py:188} INFO - [2025-11-20T00:34:56.272+0000] {dag.py:3096} INFO - Sync 1 DAGs
[2025-11-20T00:34:56.281+0000] {logging_mixin.py:188} INFO - [2025-11-20T00:34:56.281+0000] {dag.py:3954} INFO - Setting next_dagrun for sodai_training_and_scoring to None, run_after=None
[2025-11-20T00:34:56.294+0000] {processor.py:183} INFO - Processing /opt/airflow/dags/sodai_pipeline_dag.py took 0.070 seconds
[2025-11-20T00:35:29.654+0000] {processor.py:161} INFO - Started process (PID=4117) to work on /opt/airflow/dags/sodai_pipeline_dag.py
[2025-11-20T00:35:29.655+0000] {processor.py:830} INFO - Processing file /opt/airflow/dags/sodai_pipeline_dag.py for tasks to queue
[2025-11-20T00:35:29.657+0000] {logging_mixin.py:188} INFO - [2025-11-20T00:35:29.656+0000] {dagbag.py:540} INFO - Filling up the DagBag from /opt/airflow/dags/sodai_pipeline_dag.py
[2025-11-20T00:35:29.673+0000] {processor.py:840} INFO - DAG(s) 'sodai_training_and_scoring' retrieved from /opt/airflow/dags/sodai_pipeline_dag.py
[2025-11-20T00:35:29.697+0000] {logging_mixin.py:188} INFO - [2025-11-20T00:35:29.696+0000] {dag.py:3096} INFO - Sync 1 DAGs
[2025-11-20T00:35:29.706+0000] {logging_mixin.py:188} INFO - [2025-11-20T00:35:29.706+0000] {dag.py:3954} INFO - Setting next_dagrun for sodai_training_and_scoring to None, run_after=None
[2025-11-20T00:35:29.721+0000] {processor.py:183} INFO - Processing /opt/airflow/dags/sodai_pipeline_dag.py took 0.072 seconds
[2025-11-20T00:36:03.044+0000] {processor.py:161} INFO - Started process (PID=4127) to work on /opt/airflow/dags/sodai_pipeline_dag.py
[2025-11-20T00:36:03.045+0000] {processor.py:830} INFO - Processing file /opt/airflow/dags/sodai_pipeline_dag.py for tasks to queue
[2025-11-20T00:36:03.046+0000] {logging_mixin.py:188} INFO - [2025-11-20T00:36:03.046+0000] {dagbag.py:540} INFO - Filling up the DagBag from /opt/airflow/dags/sodai_pipeline_dag.py
[2025-11-20T00:36:03.062+0000] {processor.py:840} INFO - DAG(s) 'sodai_training_and_scoring' retrieved from /opt/airflow/dags/sodai_pipeline_dag.py
[2025-11-20T00:36:03.084+0000] {logging_mixin.py:188} INFO - [2025-11-20T00:36:03.084+0000] {dag.py:3096} INFO - Sync 1 DAGs
[2025-11-20T00:36:03.093+0000] {logging_mixin.py:188} INFO - [2025-11-20T00:36:03.093+0000] {dag.py:3954} INFO - Setting next_dagrun for sodai_training_and_scoring to None, run_after=None
[2025-11-20T00:36:03.109+0000] {processor.py:183} INFO - Processing /opt/airflow/dags/sodai_pipeline_dag.py took 0.070 seconds
[2025-11-20T00:36:36.622+0000] {processor.py:161} INFO - Started process (PID=4143) to work on /opt/airflow/dags/sodai_pipeline_dag.py
[2025-11-20T00:36:36.623+0000] {processor.py:830} INFO - Processing file /opt/airflow/dags/sodai_pipeline_dag.py for tasks to queue
[2025-11-20T00:36:36.624+0000] {logging_mixin.py:188} INFO - [2025-11-20T00:36:36.624+0000] {dagbag.py:540} INFO - Filling up the DagBag from /opt/airflow/dags/sodai_pipeline_dag.py
[2025-11-20T00:36:36.638+0000] {processor.py:840} INFO - DAG(s) 'sodai_training_and_scoring' retrieved from /opt/airflow/dags/sodai_pipeline_dag.py
[2025-11-20T00:36:36.658+0000] {logging_mixin.py:188} INFO - [2025-11-20T00:36:36.658+0000] {dag.py:3096} INFO - Sync 1 DAGs
[2025-11-20T00:36:36.666+0000] {logging_mixin.py:188} INFO - [2025-11-20T00:36:36.666+0000] {dag.py:3954} INFO - Setting next_dagrun for sodai_training_and_scoring to None, run_after=None
[2025-11-20T00:36:36.681+0000] {processor.py:183} INFO - Processing /opt/airflow/dags/sodai_pipeline_dag.py took 0.064 seconds
[2025-11-20T00:37:06.988+0000] {processor.py:161} INFO - Started process (PID=4153) to work on /opt/airflow/dags/sodai_pipeline_dag.py
[2025-11-20T00:37:06.989+0000] {processor.py:830} INFO - Processing file /opt/airflow/dags/sodai_pipeline_dag.py for tasks to queue
[2025-11-20T00:37:06.990+0000] {logging_mixin.py:188} INFO - [2025-11-20T00:37:06.990+0000] {dagbag.py:540} INFO - Filling up the DagBag from /opt/airflow/dags/sodai_pipeline_dag.py
[2025-11-20T00:37:07.005+0000] {processor.py:840} INFO - DAG(s) 'sodai_training_and_scoring' retrieved from /opt/airflow/dags/sodai_pipeline_dag.py
[2025-11-20T00:37:07.025+0000] {logging_mixin.py:188} INFO - [2025-11-20T00:37:07.025+0000] {dag.py:3096} INFO - Sync 1 DAGs
[2025-11-20T00:37:07.034+0000] {logging_mixin.py:188} INFO - [2025-11-20T00:37:07.034+0000] {dag.py:3954} INFO - Setting next_dagrun for sodai_training_and_scoring to None, run_after=None
[2025-11-20T00:37:09.097+0000] {processor.py:183} INFO - Processing /opt/airflow/dags/sodai_pipeline_dag.py took 0.066 seconds
[2025-11-20T00:37:42.585+0000] {processor.py:161} INFO - Started process (PID=4168) to work on /opt/airflow/dags/sodai_pipeline_dag.py
[2025-11-20T00:37:42.586+0000] {processor.py:830} INFO - Processing file /opt/airflow/dags/sodai_pipeline_dag.py for tasks to queue
[2025-11-20T00:37:42.588+0000] {logging_mixin.py:188} INFO - [2025-11-20T00:37:42.587+0000] {dagbag.py:540} INFO - Filling up the DagBag from /opt/airflow/dags/sodai_pipeline_dag.py
[2025-11-20T00:37:42.600+0000] {processor.py:840} INFO - DAG(s) 'sodai_training_and_scoring' retrieved from /opt/airflow/dags/sodai_pipeline_dag.py
[2025-11-20T00:37:42.621+0000] {logging_mixin.py:188} INFO - [2025-11-20T00:37:42.620+0000] {dag.py:3096} INFO - Sync 1 DAGs
[2025-11-20T00:37:42.629+0000] {logging_mixin.py:188} INFO - [2025-11-20T00:37:42.629+0000] {dag.py:3954} INFO - Setting next_dagrun for sodai_training_and_scoring to None, run_after=None
[2025-11-20T00:37:42.642+0000] {processor.py:183} INFO - Processing /opt/airflow/dags/sodai_pipeline_dag.py took 0.062 seconds
[2025-11-20T00:38:16.026+0000] {processor.py:161} INFO - Started process (PID=4178) to work on /opt/airflow/dags/sodai_pipeline_dag.py
[2025-11-20T00:38:16.027+0000] {processor.py:830} INFO - Processing file /opt/airflow/dags/sodai_pipeline_dag.py for tasks to queue
[2025-11-20T00:38:16.028+0000] {logging_mixin.py:188} INFO - [2025-11-20T00:38:16.028+0000] {dagbag.py:540} INFO - Filling up the DagBag from /opt/airflow/dags/sodai_pipeline_dag.py
[2025-11-20T00:38:16.041+0000] {processor.py:840} INFO - DAG(s) 'sodai_training_and_scoring' retrieved from /opt/airflow/dags/sodai_pipeline_dag.py
[2025-11-20T00:38:16.059+0000] {logging_mixin.py:188} INFO - [2025-11-20T00:38:16.059+0000] {dag.py:3096} INFO - Sync 1 DAGs
[2025-11-20T00:38:16.068+0000] {logging_mixin.py:188} INFO - [2025-11-20T00:38:16.067+0000] {dag.py:3954} INFO - Setting next_dagrun for sodai_training_and_scoring to None, run_after=None
[2025-11-20T00:38:16.080+0000] {processor.py:183} INFO - Processing /opt/airflow/dags/sodai_pipeline_dag.py took 0.058 seconds
[2025-11-20T00:38:49.450+0000] {processor.py:161} INFO - Started process (PID=4188) to work on /opt/airflow/dags/sodai_pipeline_dag.py
[2025-11-20T00:38:49.451+0000] {processor.py:830} INFO - Processing file /opt/airflow/dags/sodai_pipeline_dag.py for tasks to queue
[2025-11-20T00:38:49.452+0000] {logging_mixin.py:188} INFO - [2025-11-20T00:38:49.452+0000] {dagbag.py:540} INFO - Filling up the DagBag from /opt/airflow/dags/sodai_pipeline_dag.py
[2025-11-20T00:38:49.463+0000] {processor.py:840} INFO - DAG(s) 'sodai_training_and_scoring' retrieved from /opt/airflow/dags/sodai_pipeline_dag.py
[2025-11-20T00:38:49.481+0000] {logging_mixin.py:188} INFO - [2025-11-20T00:38:49.480+0000] {dag.py:3096} INFO - Sync 1 DAGs
[2025-11-20T00:38:49.489+0000] {logging_mixin.py:188} INFO - [2025-11-20T00:38:49.489+0000] {dag.py:3954} INFO - Setting next_dagrun for sodai_training_and_scoring to None, run_after=None
[2025-11-20T00:38:49.504+0000] {processor.py:183} INFO - Processing /opt/airflow/dags/sodai_pipeline_dag.py took 0.058 seconds
[2025-11-20T00:39:21.859+0000] {processor.py:161} INFO - Started process (PID=4204) to work on /opt/airflow/dags/sodai_pipeline_dag.py
[2025-11-20T00:39:21.860+0000] {processor.py:830} INFO - Processing file /opt/airflow/dags/sodai_pipeline_dag.py for tasks to queue
[2025-11-20T00:39:21.861+0000] {logging_mixin.py:188} INFO - [2025-11-20T00:39:21.861+0000] {dagbag.py:540} INFO - Filling up the DagBag from /opt/airflow/dags/sodai_pipeline_dag.py
[2025-11-20T00:39:21.873+0000] {processor.py:840} INFO - DAG(s) 'sodai_training_and_scoring' retrieved from /opt/airflow/dags/sodai_pipeline_dag.py
[2025-11-20T00:39:21.895+0000] {logging_mixin.py:188} INFO - [2025-11-20T00:39:21.895+0000] {dag.py:3096} INFO - Sync 1 DAGs
[2025-11-20T00:39:21.904+0000] {logging_mixin.py:188} INFO - [2025-11-20T00:39:21.904+0000] {dag.py:3954} INFO - Setting next_dagrun for sodai_training_and_scoring to None, run_after=None
[2025-11-20T00:39:21.918+0000] {processor.py:183} INFO - Processing /opt/airflow/dags/sodai_pipeline_dag.py took 0.064 seconds
[2025-11-20T00:39:40.248+0000] {processor.py:161} INFO - Started process (PID=187) to work on /opt/airflow/dags/sodai_pipeline_dag.py
[2025-11-20T00:39:40.249+0000] {processor.py:830} INFO - Processing file /opt/airflow/dags/sodai_pipeline_dag.py for tasks to queue
[2025-11-20T00:39:40.251+0000] {logging_mixin.py:188} INFO - [2025-11-20T00:39:40.251+0000] {dagbag.py:540} INFO - Filling up the DagBag from /opt/airflow/dags/sodai_pipeline_dag.py
[2025-11-20T00:39:40.273+0000] {processor.py:840} INFO - DAG(s) 'sodai_training_and_scoring' retrieved from /opt/airflow/dags/sodai_pipeline_dag.py
[2025-11-20T00:39:40.318+0000] {logging_mixin.py:188} INFO - [2025-11-20T00:39:40.317+0000] {dag.py:3096} INFO - Sync 1 DAGs
[2025-11-20T00:39:40.332+0000] {logging_mixin.py:188} INFO - [2025-11-20T00:39:40.332+0000] {dag.py:3954} INFO - Setting next_dagrun for sodai_training_and_scoring to None, run_after=None
[2025-11-20T00:39:40.357+0000] {processor.py:183} INFO - Processing /opt/airflow/dags/sodai_pipeline_dag.py took 0.116 seconds
[2025-11-20T00:40:10.677+0000] {processor.py:161} INFO - Started process (PID=197) to work on /opt/airflow/dags/sodai_pipeline_dag.py
[2025-11-20T00:40:10.678+0000] {processor.py:830} INFO - Processing file /opt/airflow/dags/sodai_pipeline_dag.py for tasks to queue
[2025-11-20T00:40:10.680+0000] {logging_mixin.py:188} INFO - [2025-11-20T00:40:10.679+0000] {dagbag.py:540} INFO - Filling up the DagBag from /opt/airflow/dags/sodai_pipeline_dag.py
[2025-11-20T00:40:10.698+0000] {processor.py:840} INFO - DAG(s) 'sodai_training_and_scoring' retrieved from /opt/airflow/dags/sodai_pipeline_dag.py
[2025-11-20T00:40:10.728+0000] {logging_mixin.py:188} INFO - [2025-11-20T00:40:10.728+0000] {dag.py:3096} INFO - Sync 1 DAGs
[2025-11-20T00:40:10.737+0000] {logging_mixin.py:188} INFO - [2025-11-20T00:40:10.737+0000] {dag.py:3954} INFO - Setting next_dagrun for sodai_training_and_scoring to None, run_after=None
[2025-11-20T00:40:10.754+0000] {processor.py:183} INFO - Processing /opt/airflow/dags/sodai_pipeline_dag.py took 0.082 seconds
[2025-11-20T00:40:41.085+0000] {processor.py:161} INFO - Started process (PID=207) to work on /opt/airflow/dags/sodai_pipeline_dag.py
[2025-11-20T00:40:41.085+0000] {processor.py:830} INFO - Processing file /opt/airflow/dags/sodai_pipeline_dag.py for tasks to queue
[2025-11-20T00:40:41.087+0000] {logging_mixin.py:188} INFO - [2025-11-20T00:40:41.087+0000] {dagbag.py:540} INFO - Filling up the DagBag from /opt/airflow/dags/sodai_pipeline_dag.py
[2025-11-20T00:40:41.103+0000] {processor.py:840} INFO - DAG(s) 'sodai_training_and_scoring' retrieved from /opt/airflow/dags/sodai_pipeline_dag.py
[2025-11-20T00:40:41.123+0000] {logging_mixin.py:188} INFO - [2025-11-20T00:40:41.123+0000] {dag.py:3096} INFO - Sync 1 DAGs
[2025-11-20T00:40:41.132+0000] {logging_mixin.py:188} INFO - [2025-11-20T00:40:41.132+0000] {dag.py:3954} INFO - Setting next_dagrun for sodai_training_and_scoring to None, run_after=None
[2025-11-20T00:40:41.146+0000] {processor.py:183} INFO - Processing /opt/airflow/dags/sodai_pipeline_dag.py took 0.068 seconds
[2025-11-20T00:41:11.512+0000] {processor.py:161} INFO - Started process (PID=217) to work on /opt/airflow/dags/sodai_pipeline_dag.py
[2025-11-20T00:41:11.513+0000] {processor.py:830} INFO - Processing file /opt/airflow/dags/sodai_pipeline_dag.py for tasks to queue
[2025-11-20T00:41:11.516+0000] {logging_mixin.py:188} INFO - [2025-11-20T00:41:11.515+0000] {dagbag.py:540} INFO - Filling up the DagBag from /opt/airflow/dags/sodai_pipeline_dag.py
[2025-11-20T00:41:11.540+0000] {processor.py:840} INFO - DAG(s) 'sodai_training_and_scoring' retrieved from /opt/airflow/dags/sodai_pipeline_dag.py
[2025-11-20T00:41:11.570+0000] {logging_mixin.py:188} INFO - [2025-11-20T00:41:11.570+0000] {dag.py:3096} INFO - Sync 1 DAGs
[2025-11-20T00:41:11.581+0000] {logging_mixin.py:188} INFO - [2025-11-20T00:41:11.581+0000] {dag.py:3954} INFO - Setting next_dagrun for sodai_training_and_scoring to None, run_after=None
[2025-11-20T00:41:11.600+0000] {processor.py:183} INFO - Processing /opt/airflow/dags/sodai_pipeline_dag.py took 0.098 seconds
[2025-11-20T00:41:41.915+0000] {processor.py:161} INFO - Started process (PID=227) to work on /opt/airflow/dags/sodai_pipeline_dag.py
[2025-11-20T00:41:41.916+0000] {processor.py:830} INFO - Processing file /opt/airflow/dags/sodai_pipeline_dag.py for tasks to queue
[2025-11-20T00:41:41.917+0000] {logging_mixin.py:188} INFO - [2025-11-20T00:41:41.917+0000] {dagbag.py:540} INFO - Filling up the DagBag from /opt/airflow/dags/sodai_pipeline_dag.py
[2025-11-20T00:41:41.937+0000] {processor.py:840} INFO - DAG(s) 'sodai_training_and_scoring' retrieved from /opt/airflow/dags/sodai_pipeline_dag.py
[2025-11-20T00:41:41.969+0000] {logging_mixin.py:188} INFO - [2025-11-20T00:41:41.969+0000] {dag.py:3096} INFO - Sync 1 DAGs
[2025-11-20T00:41:41.980+0000] {logging_mixin.py:188} INFO - [2025-11-20T00:41:41.980+0000] {dag.py:3954} INFO - Setting next_dagrun for sodai_training_and_scoring to None, run_after=None
[2025-11-20T00:41:41.999+0000] {processor.py:183} INFO - Processing /opt/airflow/dags/sodai_pipeline_dag.py took 0.090 seconds
[2025-11-20T00:42:12.369+0000] {processor.py:161} INFO - Started process (PID=237) to work on /opt/airflow/dags/sodai_pipeline_dag.py
[2025-11-20T00:42:12.370+0000] {processor.py:830} INFO - Processing file /opt/airflow/dags/sodai_pipeline_dag.py for tasks to queue
[2025-11-20T00:42:12.373+0000] {logging_mixin.py:188} INFO - [2025-11-20T00:42:12.372+0000] {dagbag.py:540} INFO - Filling up the DagBag from /opt/airflow/dags/sodai_pipeline_dag.py
[2025-11-20T00:42:12.397+0000] {processor.py:840} INFO - DAG(s) 'sodai_training_and_scoring' retrieved from /opt/airflow/dags/sodai_pipeline_dag.py
[2025-11-20T00:42:12.425+0000] {logging_mixin.py:188} INFO - [2025-11-20T00:42:12.425+0000] {dag.py:3096} INFO - Sync 1 DAGs
[2025-11-20T00:42:12.439+0000] {logging_mixin.py:188} INFO - [2025-11-20T00:42:12.439+0000] {dag.py:3954} INFO - Setting next_dagrun for sodai_training_and_scoring to None, run_after=None
[2025-11-20T00:42:12.464+0000] {processor.py:183} INFO - Processing /opt/airflow/dags/sodai_pipeline_dag.py took 0.105 seconds
[2025-11-20T00:42:42.811+0000] {processor.py:161} INFO - Started process (PID=247) to work on /opt/airflow/dags/sodai_pipeline_dag.py
[2025-11-20T00:42:42.812+0000] {processor.py:830} INFO - Processing file /opt/airflow/dags/sodai_pipeline_dag.py for tasks to queue
[2025-11-20T00:42:42.813+0000] {logging_mixin.py:188} INFO - [2025-11-20T00:42:42.813+0000] {dagbag.py:540} INFO - Filling up the DagBag from /opt/airflow/dags/sodai_pipeline_dag.py
[2025-11-20T00:42:42.828+0000] {processor.py:840} INFO - DAG(s) 'sodai_training_and_scoring' retrieved from /opt/airflow/dags/sodai_pipeline_dag.py
[2025-11-20T00:42:42.851+0000] {logging_mixin.py:188} INFO - [2025-11-20T00:42:42.850+0000] {dag.py:3096} INFO - Sync 1 DAGs
[2025-11-20T00:42:42.860+0000] {logging_mixin.py:188} INFO - [2025-11-20T00:42:42.860+0000] {dag.py:3954} INFO - Setting next_dagrun for sodai_training_and_scoring to None, run_after=None
[2025-11-20T00:42:42.875+0000] {processor.py:183} INFO - Processing /opt/airflow/dags/sodai_pipeline_dag.py took 0.070 seconds
[2025-11-20T00:43:14.084+0000] {processor.py:161} INFO - Started process (PID=257) to work on /opt/airflow/dags/sodai_pipeline_dag.py
[2025-11-20T00:43:14.085+0000] {processor.py:830} INFO - Processing file /opt/airflow/dags/sodai_pipeline_dag.py for tasks to queue
[2025-11-20T00:43:14.087+0000] {logging_mixin.py:188} INFO - [2025-11-20T00:43:14.087+0000] {dagbag.py:540} INFO - Filling up the DagBag from /opt/airflow/dags/sodai_pipeline_dag.py
[2025-11-20T00:43:14.101+0000] {processor.py:840} INFO - DAG(s) 'sodai_training_and_scoring' retrieved from /opt/airflow/dags/sodai_pipeline_dag.py
[2025-11-20T00:43:14.123+0000] {logging_mixin.py:188} INFO - [2025-11-20T00:43:14.122+0000] {dag.py:3096} INFO - Sync 1 DAGs
[2025-11-20T00:43:14.130+0000] {logging_mixin.py:188} INFO - [2025-11-20T00:43:14.130+0000] {dag.py:3954} INFO - Setting next_dagrun for sodai_training_and_scoring to None, run_after=None
[2025-11-20T00:43:14.144+0000] {processor.py:183} INFO - Processing /opt/airflow/dags/sodai_pipeline_dag.py took 0.065 seconds
[2025-11-20T00:43:47.587+0000] {processor.py:161} INFO - Started process (PID=267) to work on /opt/airflow/dags/sodai_pipeline_dag.py
[2025-11-20T00:43:47.588+0000] {processor.py:830} INFO - Processing file /opt/airflow/dags/sodai_pipeline_dag.py for tasks to queue
[2025-11-20T00:43:47.589+0000] {logging_mixin.py:188} INFO - [2025-11-20T00:43:47.589+0000] {dagbag.py:540} INFO - Filling up the DagBag from /opt/airflow/dags/sodai_pipeline_dag.py
[2025-11-20T00:43:47.613+0000] {processor.py:840} INFO - DAG(s) 'sodai_training_and_scoring' retrieved from /opt/airflow/dags/sodai_pipeline_dag.py
[2025-11-20T00:43:47.637+0000] {logging_mixin.py:188} INFO - [2025-11-20T00:43:47.637+0000] {dag.py:3096} INFO - Sync 1 DAGs
[2025-11-20T00:43:47.646+0000] {logging_mixin.py:188} INFO - [2025-11-20T00:43:47.645+0000] {dag.py:3954} INFO - Setting next_dagrun for sodai_training_and_scoring to None, run_after=None
[2025-11-20T00:43:47.660+0000] {processor.py:183} INFO - Processing /opt/airflow/dags/sodai_pipeline_dag.py took 0.079 seconds
[2025-11-20T00:44:20.994+0000] {processor.py:161} INFO - Started process (PID=277) to work on /opt/airflow/dags/sodai_pipeline_dag.py
[2025-11-20T00:44:20.995+0000] {processor.py:830} INFO - Processing file /opt/airflow/dags/sodai_pipeline_dag.py for tasks to queue
[2025-11-20T00:44:20.996+0000] {logging_mixin.py:188} INFO - [2025-11-20T00:44:20.996+0000] {dagbag.py:540} INFO - Filling up the DagBag from /opt/airflow/dags/sodai_pipeline_dag.py
[2025-11-20T00:44:21.015+0000] {processor.py:840} INFO - DAG(s) 'sodai_training_and_scoring' retrieved from /opt/airflow/dags/sodai_pipeline_dag.py
[2025-11-20T00:44:21.038+0000] {logging_mixin.py:188} INFO - [2025-11-20T00:44:21.038+0000] {dag.py:3096} INFO - Sync 1 DAGs
[2025-11-20T00:44:21.048+0000] {logging_mixin.py:188} INFO - [2025-11-20T00:44:21.047+0000] {dag.py:3954} INFO - Setting next_dagrun for sodai_training_and_scoring to None, run_after=None
[2025-11-20T00:44:21.063+0000] {processor.py:183} INFO - Processing /opt/airflow/dags/sodai_pipeline_dag.py took 0.073 seconds
[2025-11-20T00:44:54.545+0000] {processor.py:161} INFO - Started process (PID=287) to work on /opt/airflow/dags/sodai_pipeline_dag.py
[2025-11-20T00:44:54.547+0000] {processor.py:830} INFO - Processing file /opt/airflow/dags/sodai_pipeline_dag.py for tasks to queue
[2025-11-20T00:44:54.549+0000] {logging_mixin.py:188} INFO - [2025-11-20T00:44:54.548+0000] {dagbag.py:540} INFO - Filling up the DagBag from /opt/airflow/dags/sodai_pipeline_dag.py
[2025-11-20T00:44:54.565+0000] {processor.py:840} INFO - DAG(s) 'sodai_training_and_scoring' retrieved from /opt/airflow/dags/sodai_pipeline_dag.py
[2025-11-20T00:44:54.591+0000] {logging_mixin.py:188} INFO - [2025-11-20T00:44:54.590+0000] {dag.py:3096} INFO - Sync 1 DAGs
[2025-11-20T00:44:54.601+0000] {logging_mixin.py:188} INFO - [2025-11-20T00:44:54.601+0000] {dag.py:3954} INFO - Setting next_dagrun for sodai_training_and_scoring to None, run_after=None
[2025-11-20T00:44:54.617+0000] {processor.py:183} INFO - Processing /opt/airflow/dags/sodai_pipeline_dag.py took 0.078 seconds
[2025-11-20T00:45:26.857+0000] {processor.py:161} INFO - Started process (PID=297) to work on /opt/airflow/dags/sodai_pipeline_dag.py
[2025-11-20T00:45:26.858+0000] {processor.py:830} INFO - Processing file /opt/airflow/dags/sodai_pipeline_dag.py for tasks to queue
[2025-11-20T00:45:26.859+0000] {logging_mixin.py:188} INFO - [2025-11-20T00:45:26.859+0000] {dagbag.py:540} INFO - Filling up the DagBag from /opt/airflow/dags/sodai_pipeline_dag.py
[2025-11-20T00:45:26.876+0000] {processor.py:840} INFO - DAG(s) 'sodai_training_and_scoring' retrieved from /opt/airflow/dags/sodai_pipeline_dag.py
[2025-11-20T00:45:26.901+0000] {logging_mixin.py:188} INFO - [2025-11-20T00:45:26.901+0000] {dag.py:3096} INFO - Sync 1 DAGs
[2025-11-20T00:45:26.910+0000] {logging_mixin.py:188} INFO - [2025-11-20T00:45:26.910+0000] {dag.py:3954} INFO - Setting next_dagrun for sodai_training_and_scoring to None, run_after=None
[2025-11-20T00:45:26.925+0000] {processor.py:183} INFO - Processing /opt/airflow/dags/sodai_pipeline_dag.py took 0.073 seconds
[2025-11-20T00:46:00.395+0000] {processor.py:161} INFO - Started process (PID=307) to work on /opt/airflow/dags/sodai_pipeline_dag.py
[2025-11-20T00:46:00.396+0000] {processor.py:830} INFO - Processing file /opt/airflow/dags/sodai_pipeline_dag.py for tasks to queue
[2025-11-20T00:46:00.397+0000] {logging_mixin.py:188} INFO - [2025-11-20T00:46:00.397+0000] {dagbag.py:540} INFO - Filling up the DagBag from /opt/airflow/dags/sodai_pipeline_dag.py
[2025-11-20T00:46:00.413+0000] {processor.py:840} INFO - DAG(s) 'sodai_training_and_scoring' retrieved from /opt/airflow/dags/sodai_pipeline_dag.py
[2025-11-20T00:46:00.441+0000] {logging_mixin.py:188} INFO - [2025-11-20T00:46:00.440+0000] {dag.py:3096} INFO - Sync 1 DAGs
[2025-11-20T00:46:00.451+0000] {logging_mixin.py:188} INFO - [2025-11-20T00:46:00.451+0000] {dag.py:3954} INFO - Setting next_dagrun for sodai_training_and_scoring to None, run_after=None
[2025-11-20T00:46:00.468+0000] {processor.py:183} INFO - Processing /opt/airflow/dags/sodai_pipeline_dag.py took 0.077 seconds
[2025-11-20T00:46:33.860+0000] {processor.py:161} INFO - Started process (PID=317) to work on /opt/airflow/dags/sodai_pipeline_dag.py
[2025-11-20T00:46:33.861+0000] {processor.py:830} INFO - Processing file /opt/airflow/dags/sodai_pipeline_dag.py for tasks to queue
[2025-11-20T00:46:33.862+0000] {logging_mixin.py:188} INFO - [2025-11-20T00:46:33.862+0000] {dagbag.py:540} INFO - Filling up the DagBag from /opt/airflow/dags/sodai_pipeline_dag.py
[2025-11-20T00:46:33.880+0000] {processor.py:840} INFO - DAG(s) 'sodai_training_and_scoring' retrieved from /opt/airflow/dags/sodai_pipeline_dag.py
[2025-11-20T00:46:33.906+0000] {logging_mixin.py:188} INFO - [2025-11-20T00:46:33.906+0000] {dag.py:3096} INFO - Sync 1 DAGs
[2025-11-20T00:46:33.916+0000] {logging_mixin.py:188} INFO - [2025-11-20T00:46:33.916+0000] {dag.py:3954} INFO - Setting next_dagrun for sodai_training_and_scoring to None, run_after=None
[2025-11-20T00:46:33.935+0000] {processor.py:183} INFO - Processing /opt/airflow/dags/sodai_pipeline_dag.py took 0.081 seconds
[2025-11-20T00:47:07.248+0000] {processor.py:161} INFO - Started process (PID=327) to work on /opt/airflow/dags/sodai_pipeline_dag.py
[2025-11-20T00:47:07.249+0000] {processor.py:830} INFO - Processing file /opt/airflow/dags/sodai_pipeline_dag.py for tasks to queue
[2025-11-20T00:47:07.251+0000] {logging_mixin.py:188} INFO - [2025-11-20T00:47:07.251+0000] {dagbag.py:540} INFO - Filling up the DagBag from /opt/airflow/dags/sodai_pipeline_dag.py
[2025-11-20T00:47:07.267+0000] {processor.py:840} INFO - DAG(s) 'sodai_training_and_scoring' retrieved from /opt/airflow/dags/sodai_pipeline_dag.py
[2025-11-20T00:47:07.289+0000] {logging_mixin.py:188} INFO - [2025-11-20T00:47:07.289+0000] {dag.py:3096} INFO - Sync 1 DAGs
[2025-11-20T00:47:07.300+0000] {logging_mixin.py:188} INFO - [2025-11-20T00:47:07.300+0000] {dag.py:3954} INFO - Setting next_dagrun for sodai_training_and_scoring to None, run_after=None
[2025-11-20T00:47:07.321+0000] {processor.py:183} INFO - Processing /opt/airflow/dags/sodai_pipeline_dag.py took 0.077 seconds
[2025-11-20T00:47:39.702+0000] {processor.py:161} INFO - Started process (PID=337) to work on /opt/airflow/dags/sodai_pipeline_dag.py
[2025-11-20T00:47:39.703+0000] {processor.py:830} INFO - Processing file /opt/airflow/dags/sodai_pipeline_dag.py for tasks to queue
[2025-11-20T00:47:39.705+0000] {logging_mixin.py:188} INFO - [2025-11-20T00:47:39.705+0000] {dagbag.py:540} INFO - Filling up the DagBag from /opt/airflow/dags/sodai_pipeline_dag.py
[2025-11-20T00:47:39.719+0000] {processor.py:840} INFO - DAG(s) 'sodai_training_and_scoring' retrieved from /opt/airflow/dags/sodai_pipeline_dag.py
[2025-11-20T00:47:39.744+0000] {logging_mixin.py:188} INFO - [2025-11-20T00:47:39.743+0000] {dag.py:3096} INFO - Sync 1 DAGs
[2025-11-20T00:47:39.752+0000] {logging_mixin.py:188} INFO - [2025-11-20T00:47:39.752+0000] {dag.py:3954} INFO - Setting next_dagrun for sodai_training_and_scoring to None, run_after=None
[2025-11-20T00:47:39.770+0000] {processor.py:183} INFO - Processing /opt/airflow/dags/sodai_pipeline_dag.py took 0.072 seconds
[2025-11-20T00:48:13.153+0000] {processor.py:161} INFO - Started process (PID=347) to work on /opt/airflow/dags/sodai_pipeline_dag.py
[2025-11-20T00:48:13.154+0000] {processor.py:830} INFO - Processing file /opt/airflow/dags/sodai_pipeline_dag.py for tasks to queue
[2025-11-20T00:48:13.156+0000] {logging_mixin.py:188} INFO - [2025-11-20T00:48:13.155+0000] {dagbag.py:540} INFO - Filling up the DagBag from /opt/airflow/dags/sodai_pipeline_dag.py
[2025-11-20T00:48:13.171+0000] {processor.py:840} INFO - DAG(s) 'sodai_training_and_scoring' retrieved from /opt/airflow/dags/sodai_pipeline_dag.py
[2025-11-20T00:48:13.195+0000] {logging_mixin.py:188} INFO - [2025-11-20T00:48:13.195+0000] {dag.py:3096} INFO - Sync 1 DAGs
[2025-11-20T00:48:13.204+0000] {logging_mixin.py:188} INFO - [2025-11-20T00:48:13.204+0000] {dag.py:3954} INFO - Setting next_dagrun for sodai_training_and_scoring to None, run_after=None
[2025-11-20T00:48:13.221+0000] {processor.py:183} INFO - Processing /opt/airflow/dags/sodai_pipeline_dag.py took 0.072 seconds
[2025-11-20T00:48:46.597+0000] {processor.py:161} INFO - Started process (PID=357) to work on /opt/airflow/dags/sodai_pipeline_dag.py
[2025-11-20T00:48:46.598+0000] {processor.py:830} INFO - Processing file /opt/airflow/dags/sodai_pipeline_dag.py for tasks to queue
[2025-11-20T00:48:46.599+0000] {logging_mixin.py:188} INFO - [2025-11-20T00:48:46.599+0000] {dagbag.py:540} INFO - Filling up the DagBag from /opt/airflow/dags/sodai_pipeline_dag.py
[2025-11-20T00:48:46.614+0000] {processor.py:840} INFO - DAG(s) 'sodai_training_and_scoring' retrieved from /opt/airflow/dags/sodai_pipeline_dag.py
[2025-11-20T00:48:46.640+0000] {logging_mixin.py:188} INFO - [2025-11-20T00:48:46.640+0000] {dag.py:3096} INFO - Sync 1 DAGs
[2025-11-20T00:48:46.650+0000] {logging_mixin.py:188} INFO - [2025-11-20T00:48:46.650+0000] {dag.py:3954} INFO - Setting next_dagrun for sodai_training_and_scoring to None, run_after=None
[2025-11-20T00:48:46.668+0000] {processor.py:183} INFO - Processing /opt/airflow/dags/sodai_pipeline_dag.py took 0.076 seconds
[2025-11-20T00:49:19.901+0000] {processor.py:161} INFO - Started process (PID=367) to work on /opt/airflow/dags/sodai_pipeline_dag.py
[2025-11-20T00:49:19.902+0000] {processor.py:830} INFO - Processing file /opt/airflow/dags/sodai_pipeline_dag.py for tasks to queue
[2025-11-20T00:49:19.904+0000] {logging_mixin.py:188} INFO - [2025-11-20T00:49:19.903+0000] {dagbag.py:540} INFO - Filling up the DagBag from /opt/airflow/dags/sodai_pipeline_dag.py
[2025-11-20T00:49:19.921+0000] {processor.py:840} INFO - DAG(s) 'sodai_training_and_scoring' retrieved from /opt/airflow/dags/sodai_pipeline_dag.py
[2025-11-20T00:49:19.947+0000] {logging_mixin.py:188} INFO - [2025-11-20T00:49:19.947+0000] {dag.py:3096} INFO - Sync 1 DAGs
[2025-11-20T00:49:19.956+0000] {logging_mixin.py:188} INFO - [2025-11-20T00:49:19.956+0000] {dag.py:3954} INFO - Setting next_dagrun for sodai_training_and_scoring to None, run_after=None
[2025-11-20T00:49:19.976+0000] {processor.py:183} INFO - Processing /opt/airflow/dags/sodai_pipeline_dag.py took 0.080 seconds
[2025-11-20T00:49:52.560+0000] {processor.py:161} INFO - Started process (PID=377) to work on /opt/airflow/dags/sodai_pipeline_dag.py
[2025-11-20T00:49:52.561+0000] {processor.py:830} INFO - Processing file /opt/airflow/dags/sodai_pipeline_dag.py for tasks to queue
[2025-11-20T00:49:52.562+0000] {logging_mixin.py:188} INFO - [2025-11-20T00:49:52.562+0000] {dagbag.py:540} INFO - Filling up the DagBag from /opt/airflow/dags/sodai_pipeline_dag.py
[2025-11-20T00:49:52.580+0000] {processor.py:840} INFO - DAG(s) 'sodai_training_and_scoring' retrieved from /opt/airflow/dags/sodai_pipeline_dag.py
[2025-11-20T00:49:52.604+0000] {logging_mixin.py:188} INFO - [2025-11-20T00:49:52.604+0000] {dag.py:3096} INFO - Sync 1 DAGs
[2025-11-20T00:49:52.614+0000] {logging_mixin.py:188} INFO - [2025-11-20T00:49:52.613+0000] {dag.py:3954} INFO - Setting next_dagrun for sodai_training_and_scoring to None, run_after=None
[2025-11-20T00:49:52.628+0000] {processor.py:183} INFO - Processing /opt/airflow/dags/sodai_pipeline_dag.py took 0.073 seconds
[2025-11-20T00:50:26.138+0000] {processor.py:161} INFO - Started process (PID=387) to work on /opt/airflow/dags/sodai_pipeline_dag.py
[2025-11-20T00:50:26.139+0000] {processor.py:830} INFO - Processing file /opt/airflow/dags/sodai_pipeline_dag.py for tasks to queue
[2025-11-20T00:50:26.140+0000] {logging_mixin.py:188} INFO - [2025-11-20T00:50:26.140+0000] {dagbag.py:540} INFO - Filling up the DagBag from /opt/airflow/dags/sodai_pipeline_dag.py
[2025-11-20T00:50:26.157+0000] {processor.py:840} INFO - DAG(s) 'sodai_training_and_scoring' retrieved from /opt/airflow/dags/sodai_pipeline_dag.py
[2025-11-20T00:50:26.180+0000] {logging_mixin.py:188} INFO - [2025-11-20T00:50:26.180+0000] {dag.py:3096} INFO - Sync 1 DAGs
[2025-11-20T00:50:26.193+0000] {logging_mixin.py:188} INFO - [2025-11-20T00:50:26.192+0000] {dag.py:3954} INFO - Setting next_dagrun for sodai_training_and_scoring to None, run_after=None
[2025-11-20T00:50:26.210+0000] {processor.py:183} INFO - Processing /opt/airflow/dags/sodai_pipeline_dag.py took 0.076 seconds
[2025-11-20T00:50:59.569+0000] {processor.py:161} INFO - Started process (PID=397) to work on /opt/airflow/dags/sodai_pipeline_dag.py
[2025-11-20T00:50:59.571+0000] {processor.py:830} INFO - Processing file /opt/airflow/dags/sodai_pipeline_dag.py for tasks to queue
[2025-11-20T00:50:59.573+0000] {logging_mixin.py:188} INFO - [2025-11-20T00:50:59.572+0000] {dagbag.py:540} INFO - Filling up the DagBag from /opt/airflow/dags/sodai_pipeline_dag.py
[2025-11-20T00:50:59.589+0000] {processor.py:840} INFO - DAG(s) 'sodai_training_and_scoring' retrieved from /opt/airflow/dags/sodai_pipeline_dag.py
[2025-11-20T00:50:59.615+0000] {logging_mixin.py:188} INFO - [2025-11-20T00:50:59.615+0000] {dag.py:3096} INFO - Sync 1 DAGs
[2025-11-20T00:50:59.624+0000] {logging_mixin.py:188} INFO - [2025-11-20T00:50:59.623+0000] {dag.py:3954} INFO - Setting next_dagrun for sodai_training_and_scoring to None, run_after=None
[2025-11-20T00:50:59.641+0000] {processor.py:183} INFO - Processing /opt/airflow/dags/sodai_pipeline_dag.py took 0.077 seconds
[2025-11-20T00:51:32.935+0000] {processor.py:161} INFO - Started process (PID=407) to work on /opt/airflow/dags/sodai_pipeline_dag.py
[2025-11-20T00:51:32.936+0000] {processor.py:830} INFO - Processing file /opt/airflow/dags/sodai_pipeline_dag.py for tasks to queue
[2025-11-20T00:51:32.937+0000] {logging_mixin.py:188} INFO - [2025-11-20T00:51:32.937+0000] {dagbag.py:540} INFO - Filling up the DagBag from /opt/airflow/dags/sodai_pipeline_dag.py
[2025-11-20T00:51:32.955+0000] {processor.py:840} INFO - DAG(s) 'sodai_training_and_scoring' retrieved from /opt/airflow/dags/sodai_pipeline_dag.py
[2025-11-20T00:51:32.979+0000] {logging_mixin.py:188} INFO - [2025-11-20T00:51:32.979+0000] {dag.py:3096} INFO - Sync 1 DAGs
[2025-11-20T00:51:32.989+0000] {logging_mixin.py:188} INFO - [2025-11-20T00:51:32.989+0000] {dag.py:3954} INFO - Setting next_dagrun for sodai_training_and_scoring to None, run_after=None
[2025-11-20T00:51:33.005+0000] {processor.py:183} INFO - Processing /opt/airflow/dags/sodai_pipeline_dag.py took 0.074 seconds
[2025-11-20T00:52:03.360+0000] {processor.py:161} INFO - Started process (PID=417) to work on /opt/airflow/dags/sodai_pipeline_dag.py
[2025-11-20T00:52:03.361+0000] {processor.py:830} INFO - Processing file /opt/airflow/dags/sodai_pipeline_dag.py for tasks to queue
[2025-11-20T00:52:03.363+0000] {logging_mixin.py:188} INFO - [2025-11-20T00:52:03.362+0000] {dagbag.py:540} INFO - Filling up the DagBag from /opt/airflow/dags/sodai_pipeline_dag.py
[2025-11-20T00:52:03.379+0000] {processor.py:840} INFO - DAG(s) 'sodai_training_and_scoring' retrieved from /opt/airflow/dags/sodai_pipeline_dag.py
[2025-11-20T00:52:05.457+0000] {logging_mixin.py:188} INFO - [2025-11-20T00:52:05.456+0000] {dag.py:3096} INFO - Sync 1 DAGs
[2025-11-20T00:52:05.469+0000] {logging_mixin.py:188} INFO - [2025-11-20T00:52:05.469+0000] {dag.py:3954} INFO - Setting next_dagrun for sodai_training_and_scoring to None, run_after=None
[2025-11-20T00:52:05.484+0000] {processor.py:183} INFO - Processing /opt/airflow/dags/sodai_pipeline_dag.py took 0.072 seconds
[2025-11-20T00:52:38.858+0000] {processor.py:161} INFO - Started process (PID=427) to work on /opt/airflow/dags/sodai_pipeline_dag.py
[2025-11-20T00:52:38.859+0000] {processor.py:830} INFO - Processing file /opt/airflow/dags/sodai_pipeline_dag.py for tasks to queue
[2025-11-20T00:52:38.860+0000] {logging_mixin.py:188} INFO - [2025-11-20T00:52:38.860+0000] {dagbag.py:540} INFO - Filling up the DagBag from /opt/airflow/dags/sodai_pipeline_dag.py
[2025-11-20T00:52:38.877+0000] {processor.py:840} INFO - DAG(s) 'sodai_training_and_scoring' retrieved from /opt/airflow/dags/sodai_pipeline_dag.py
[2025-11-20T00:52:38.901+0000] {logging_mixin.py:188} INFO - [2025-11-20T00:52:38.901+0000] {dag.py:3096} INFO - Sync 1 DAGs
[2025-11-20T00:52:38.910+0000] {logging_mixin.py:188} INFO - [2025-11-20T00:52:38.910+0000] {dag.py:3954} INFO - Setting next_dagrun for sodai_training_and_scoring to None, run_after=None
[2025-11-20T00:52:38.925+0000] {processor.py:183} INFO - Processing /opt/airflow/dags/sodai_pipeline_dag.py took 0.072 seconds
[2025-11-20T00:53:12.295+0000] {processor.py:161} INFO - Started process (PID=437) to work on /opt/airflow/dags/sodai_pipeline_dag.py
[2025-11-20T00:53:12.296+0000] {processor.py:830} INFO - Processing file /opt/airflow/dags/sodai_pipeline_dag.py for tasks to queue
[2025-11-20T00:53:12.298+0000] {logging_mixin.py:188} INFO - [2025-11-20T00:53:12.298+0000] {dagbag.py:540} INFO - Filling up the DagBag from /opt/airflow/dags/sodai_pipeline_dag.py
[2025-11-20T00:53:12.313+0000] {processor.py:840} INFO - DAG(s) 'sodai_training_and_scoring' retrieved from /opt/airflow/dags/sodai_pipeline_dag.py
[2025-11-20T00:53:12.336+0000] {logging_mixin.py:188} INFO - [2025-11-20T00:53:12.336+0000] {dag.py:3096} INFO - Sync 1 DAGs
[2025-11-20T00:53:12.345+0000] {logging_mixin.py:188} INFO - [2025-11-20T00:53:12.345+0000] {dag.py:3954} INFO - Setting next_dagrun for sodai_training_and_scoring to None, run_after=None
[2025-11-20T00:53:12.358+0000] {processor.py:183} INFO - Processing /opt/airflow/dags/sodai_pipeline_dag.py took 0.068 seconds
[2025-11-20T00:53:45.717+0000] {processor.py:161} INFO - Started process (PID=447) to work on /opt/airflow/dags/sodai_pipeline_dag.py
[2025-11-20T00:53:45.719+0000] {processor.py:830} INFO - Processing file /opt/airflow/dags/sodai_pipeline_dag.py for tasks to queue
[2025-11-20T00:53:45.721+0000] {logging_mixin.py:188} INFO - [2025-11-20T00:53:45.721+0000] {dagbag.py:540} INFO - Filling up the DagBag from /opt/airflow/dags/sodai_pipeline_dag.py
[2025-11-20T00:53:45.744+0000] {processor.py:840} INFO - DAG(s) 'sodai_training_and_scoring' retrieved from /opt/airflow/dags/sodai_pipeline_dag.py
[2025-11-20T00:53:45.779+0000] {logging_mixin.py:188} INFO - [2025-11-20T00:53:45.779+0000] {dag.py:3096} INFO - Sync 1 DAGs
[2025-11-20T00:53:45.789+0000] {logging_mixin.py:188} INFO - [2025-11-20T00:53:45.789+0000] {dag.py:3954} INFO - Setting next_dagrun for sodai_training_and_scoring to None, run_after=None
[2025-11-20T00:53:45.805+0000] {processor.py:183} INFO - Processing /opt/airflow/dags/sodai_pipeline_dag.py took 0.098 seconds
[2025-11-20T00:54:16.114+0000] {processor.py:161} INFO - Started process (PID=457) to work on /opt/airflow/dags/sodai_pipeline_dag.py
[2025-11-20T00:54:16.115+0000] {processor.py:830} INFO - Processing file /opt/airflow/dags/sodai_pipeline_dag.py for tasks to queue
[2025-11-20T00:54:16.116+0000] {logging_mixin.py:188} INFO - [2025-11-20T00:54:16.116+0000] {dagbag.py:540} INFO - Filling up the DagBag from /opt/airflow/dags/sodai_pipeline_dag.py
[2025-11-20T00:54:16.131+0000] {processor.py:840} INFO - DAG(s) 'sodai_training_and_scoring' retrieved from /opt/airflow/dags/sodai_pipeline_dag.py
[2025-11-20T00:54:16.162+0000] {logging_mixin.py:188} INFO - [2025-11-20T00:54:16.162+0000] {dag.py:3096} INFO - Sync 1 DAGs
[2025-11-20T00:54:16.173+0000] {logging_mixin.py:188} INFO - [2025-11-20T00:54:16.173+0000] {dag.py:3954} INFO - Setting next_dagrun for sodai_training_and_scoring to None, run_after=None
[2025-11-20T00:54:18.243+0000] {processor.py:183} INFO - Processing /opt/airflow/dags/sodai_pipeline_dag.py took 0.077 seconds
[2025-11-20T00:54:51.755+0000] {processor.py:161} INFO - Started process (PID=472) to work on /opt/airflow/dags/sodai_pipeline_dag.py
[2025-11-20T00:54:51.755+0000] {processor.py:830} INFO - Processing file /opt/airflow/dags/sodai_pipeline_dag.py for tasks to queue
[2025-11-20T00:54:51.757+0000] {logging_mixin.py:188} INFO - [2025-11-20T00:54:51.756+0000] {dagbag.py:540} INFO - Filling up the DagBag from /opt/airflow/dags/sodai_pipeline_dag.py
[2025-11-20T00:54:51.768+0000] {processor.py:840} INFO - DAG(s) 'sodai_training_and_scoring' retrieved from /opt/airflow/dags/sodai_pipeline_dag.py
[2025-11-20T00:54:51.786+0000] {logging_mixin.py:188} INFO - [2025-11-20T00:54:51.785+0000] {dag.py:3096} INFO - Sync 1 DAGs
[2025-11-20T00:54:51.794+0000] {logging_mixin.py:188} INFO - [2025-11-20T00:54:51.794+0000] {dag.py:3954} INFO - Setting next_dagrun for sodai_training_and_scoring to None, run_after=None
[2025-11-20T00:54:51.807+0000] {processor.py:183} INFO - Processing /opt/airflow/dags/sodai_pipeline_dag.py took 0.057 seconds
[2025-11-20T00:55:25.160+0000] {processor.py:161} INFO - Started process (PID=482) to work on /opt/airflow/dags/sodai_pipeline_dag.py
[2025-11-20T00:55:25.161+0000] {processor.py:830} INFO - Processing file /opt/airflow/dags/sodai_pipeline_dag.py for tasks to queue
[2025-11-20T00:55:25.162+0000] {logging_mixin.py:188} INFO - [2025-11-20T00:55:25.162+0000] {dagbag.py:540} INFO - Filling up the DagBag from /opt/airflow/dags/sodai_pipeline_dag.py
[2025-11-20T00:55:25.175+0000] {processor.py:840} INFO - DAG(s) 'sodai_training_and_scoring' retrieved from /opt/airflow/dags/sodai_pipeline_dag.py
[2025-11-20T00:55:25.191+0000] {logging_mixin.py:188} INFO - [2025-11-20T00:55:25.191+0000] {dag.py:3096} INFO - Sync 1 DAGs
[2025-11-20T00:55:25.199+0000] {logging_mixin.py:188} INFO - [2025-11-20T00:55:25.199+0000] {dag.py:3954} INFO - Setting next_dagrun for sodai_training_and_scoring to None, run_after=None
[2025-11-20T00:55:25.211+0000] {processor.py:183} INFO - Processing /opt/airflow/dags/sodai_pipeline_dag.py took 0.054 seconds
[2025-11-20T00:55:58.602+0000] {processor.py:161} INFO - Started process (PID=492) to work on /opt/airflow/dags/sodai_pipeline_dag.py
[2025-11-20T00:55:58.603+0000] {processor.py:830} INFO - Processing file /opt/airflow/dags/sodai_pipeline_dag.py for tasks to queue
[2025-11-20T00:55:58.604+0000] {logging_mixin.py:188} INFO - [2025-11-20T00:55:58.604+0000] {dagbag.py:540} INFO - Filling up the DagBag from /opt/airflow/dags/sodai_pipeline_dag.py
[2025-11-20T00:55:58.618+0000] {processor.py:840} INFO - DAG(s) 'sodai_training_and_scoring' retrieved from /opt/airflow/dags/sodai_pipeline_dag.py
[2025-11-20T00:55:58.637+0000] {logging_mixin.py:188} INFO - [2025-11-20T00:55:58.637+0000] {dag.py:3096} INFO - Sync 1 DAGs
[2025-11-20T00:55:58.646+0000] {logging_mixin.py:188} INFO - [2025-11-20T00:55:58.645+0000] {dag.py:3954} INFO - Setting next_dagrun for sodai_training_and_scoring to None, run_after=None
[2025-11-20T00:55:58.661+0000] {processor.py:183} INFO - Processing /opt/airflow/dags/sodai_pipeline_dag.py took 0.064 seconds
[2025-11-20T00:56:28.936+0000] {processor.py:161} INFO - Started process (PID=502) to work on /opt/airflow/dags/sodai_pipeline_dag.py
[2025-11-20T00:56:28.937+0000] {processor.py:830} INFO - Processing file /opt/airflow/dags/sodai_pipeline_dag.py for tasks to queue
[2025-11-20T00:56:28.938+0000] {logging_mixin.py:188} INFO - [2025-11-20T00:56:28.938+0000] {dagbag.py:540} INFO - Filling up the DagBag from /opt/airflow/dags/sodai_pipeline_dag.py
[2025-11-20T00:56:28.951+0000] {processor.py:840} INFO - DAG(s) 'sodai_training_and_scoring' retrieved from /opt/airflow/dags/sodai_pipeline_dag.py
[2025-11-20T00:56:28.973+0000] {logging_mixin.py:188} INFO - [2025-11-20T00:56:28.972+0000] {dag.py:3096} INFO - Sync 1 DAGs
[2025-11-20T00:56:28.982+0000] {logging_mixin.py:188} INFO - [2025-11-20T00:56:28.982+0000] {dag.py:3954} INFO - Setting next_dagrun for sodai_training_and_scoring to None, run_after=None
[2025-11-20T00:56:31.056+0000] {processor.py:183} INFO - Processing /opt/airflow/dags/sodai_pipeline_dag.py took 0.068 seconds
[2025-11-20T00:57:04.474+0000] {processor.py:161} INFO - Started process (PID=512) to work on /opt/airflow/dags/sodai_pipeline_dag.py
[2025-11-20T00:57:04.475+0000] {processor.py:830} INFO - Processing file /opt/airflow/dags/sodai_pipeline_dag.py for tasks to queue
[2025-11-20T00:57:04.476+0000] {logging_mixin.py:188} INFO - [2025-11-20T00:57:04.476+0000] {dagbag.py:540} INFO - Filling up the DagBag from /opt/airflow/dags/sodai_pipeline_dag.py
[2025-11-20T00:57:04.488+0000] {processor.py:840} INFO - DAG(s) 'sodai_training_and_scoring' retrieved from /opt/airflow/dags/sodai_pipeline_dag.py
[2025-11-20T00:57:04.506+0000] {logging_mixin.py:188} INFO - [2025-11-20T00:57:04.506+0000] {dag.py:3096} INFO - Sync 1 DAGs
[2025-11-20T00:57:04.514+0000] {logging_mixin.py:188} INFO - [2025-11-20T00:57:04.514+0000] {dag.py:3954} INFO - Setting next_dagrun for sodai_training_and_scoring to None, run_after=None
[2025-11-20T00:57:04.527+0000] {processor.py:183} INFO - Processing /opt/airflow/dags/sodai_pipeline_dag.py took 0.057 seconds
[2025-11-20T00:57:37.878+0000] {processor.py:161} INFO - Started process (PID=522) to work on /opt/airflow/dags/sodai_pipeline_dag.py
[2025-11-20T00:57:37.878+0000] {processor.py:830} INFO - Processing file /opt/airflow/dags/sodai_pipeline_dag.py for tasks to queue
[2025-11-20T00:57:37.880+0000] {logging_mixin.py:188} INFO - [2025-11-20T00:57:37.879+0000] {dagbag.py:540} INFO - Filling up the DagBag from /opt/airflow/dags/sodai_pipeline_dag.py
[2025-11-20T00:57:37.893+0000] {processor.py:840} INFO - DAG(s) 'sodai_training_and_scoring' retrieved from /opt/airflow/dags/sodai_pipeline_dag.py
[2025-11-20T00:57:37.910+0000] {logging_mixin.py:188} INFO - [2025-11-20T00:57:37.910+0000] {dag.py:3096} INFO - Sync 1 DAGs
[2025-11-20T00:57:37.918+0000] {logging_mixin.py:188} INFO - [2025-11-20T00:57:37.918+0000] {dag.py:3954} INFO - Setting next_dagrun for sodai_training_and_scoring to None, run_after=None
[2025-11-20T00:57:37.933+0000] {processor.py:183} INFO - Processing /opt/airflow/dags/sodai_pipeline_dag.py took 0.059 seconds
[2025-11-20T00:58:11.270+0000] {processor.py:161} INFO - Started process (PID=532) to work on /opt/airflow/dags/sodai_pipeline_dag.py
[2025-11-20T00:58:11.271+0000] {processor.py:830} INFO - Processing file /opt/airflow/dags/sodai_pipeline_dag.py for tasks to queue
[2025-11-20T00:58:11.272+0000] {logging_mixin.py:188} INFO - [2025-11-20T00:58:11.272+0000] {dagbag.py:540} INFO - Filling up the DagBag from /opt/airflow/dags/sodai_pipeline_dag.py
[2025-11-20T00:58:11.286+0000] {processor.py:840} INFO - DAG(s) 'sodai_training_and_scoring' retrieved from /opt/airflow/dags/sodai_pipeline_dag.py
[2025-11-20T00:58:11.303+0000] {logging_mixin.py:188} INFO - [2025-11-20T00:58:11.303+0000] {dag.py:3096} INFO - Sync 1 DAGs
[2025-11-20T00:58:11.312+0000] {logging_mixin.py:188} INFO - [2025-11-20T00:58:11.311+0000] {dag.py:3954} INFO - Setting next_dagrun for sodai_training_and_scoring to None, run_after=None
[2025-11-20T00:58:11.325+0000] {processor.py:183} INFO - Processing /opt/airflow/dags/sodai_pipeline_dag.py took 0.058 seconds
[2025-11-20T00:58:41.523+0000] {processor.py:161} INFO - Started process (PID=542) to work on /opt/airflow/dags/sodai_pipeline_dag.py
[2025-11-20T00:58:41.524+0000] {processor.py:830} INFO - Processing file /opt/airflow/dags/sodai_pipeline_dag.py for tasks to queue
[2025-11-20T00:58:41.526+0000] {logging_mixin.py:188} INFO - [2025-11-20T00:58:41.526+0000] {dagbag.py:540} INFO - Filling up the DagBag from /opt/airflow/dags/sodai_pipeline_dag.py
[2025-11-20T00:58:41.540+0000] {processor.py:840} INFO - DAG(s) 'sodai_training_and_scoring' retrieved from /opt/airflow/dags/sodai_pipeline_dag.py
[2025-11-20T00:58:41.565+0000] {logging_mixin.py:188} INFO - [2025-11-20T00:58:41.565+0000] {dag.py:3096} INFO - Sync 1 DAGs
[2025-11-20T00:58:41.576+0000] {logging_mixin.py:188} INFO - [2025-11-20T00:58:41.576+0000] {dag.py:3954} INFO - Setting next_dagrun for sodai_training_and_scoring to None, run_after=None
[2025-11-20T00:58:41.592+0000] {processor.py:183} INFO - Processing /opt/airflow/dags/sodai_pipeline_dag.py took 0.074 seconds
[2025-11-20T00:59:11.739+0000] {processor.py:161} INFO - Started process (PID=552) to work on /opt/airflow/dags/sodai_pipeline_dag.py
[2025-11-20T00:59:11.740+0000] {processor.py:830} INFO - Processing file /opt/airflow/dags/sodai_pipeline_dag.py for tasks to queue
[2025-11-20T00:59:11.742+0000] {logging_mixin.py:188} INFO - [2025-11-20T00:59:11.742+0000] {dagbag.py:540} INFO - Filling up the DagBag from /opt/airflow/dags/sodai_pipeline_dag.py
[2025-11-20T00:59:11.757+0000] {processor.py:840} INFO - DAG(s) 'sodai_training_and_scoring' retrieved from /opt/airflow/dags/sodai_pipeline_dag.py
[2025-11-20T00:59:11.780+0000] {logging_mixin.py:188} INFO - [2025-11-20T00:59:11.780+0000] {dag.py:3096} INFO - Sync 1 DAGs
[2025-11-20T00:59:11.791+0000] {logging_mixin.py:188} INFO - [2025-11-20T00:59:11.790+0000] {dag.py:3954} INFO - Setting next_dagrun for sodai_training_and_scoring to None, run_after=None
[2025-11-20T00:59:11.808+0000] {processor.py:183} INFO - Processing /opt/airflow/dags/sodai_pipeline_dag.py took 0.074 seconds
[2025-11-20T00:59:42.363+0000] {processor.py:161} INFO - Started process (PID=562) to work on /opt/airflow/dags/sodai_pipeline_dag.py
[2025-11-20T00:59:42.364+0000] {processor.py:830} INFO - Processing file /opt/airflow/dags/sodai_pipeline_dag.py for tasks to queue
[2025-11-20T00:59:42.366+0000] {logging_mixin.py:188} INFO - [2025-11-20T00:59:42.366+0000] {dagbag.py:540} INFO - Filling up the DagBag from /opt/airflow/dags/sodai_pipeline_dag.py
[2025-11-20T00:59:42.384+0000] {processor.py:840} INFO - DAG(s) 'sodai_training_and_scoring' retrieved from /opt/airflow/dags/sodai_pipeline_dag.py
[2025-11-20T00:59:42.413+0000] {logging_mixin.py:188} INFO - [2025-11-20T00:59:42.413+0000] {dag.py:3096} INFO - Sync 1 DAGs
[2025-11-20T00:59:42.426+0000] {logging_mixin.py:188} INFO - [2025-11-20T00:59:42.425+0000] {dag.py:3954} INFO - Setting next_dagrun for sodai_training_and_scoring to None, run_after=None
[2025-11-20T00:59:42.448+0000] {processor.py:183} INFO - Processing /opt/airflow/dags/sodai_pipeline_dag.py took 0.091 seconds
[2025-11-20T01:00:12.697+0000] {processor.py:161} INFO - Started process (PID=572) to work on /opt/airflow/dags/sodai_pipeline_dag.py
[2025-11-20T01:00:12.699+0000] {processor.py:830} INFO - Processing file /opt/airflow/dags/sodai_pipeline_dag.py for tasks to queue
[2025-11-20T01:00:12.701+0000] {logging_mixin.py:188} INFO - [2025-11-20T01:00:12.701+0000] {dagbag.py:540} INFO - Filling up the DagBag from /opt/airflow/dags/sodai_pipeline_dag.py
[2025-11-20T01:00:12.722+0000] {processor.py:840} INFO - DAG(s) 'sodai_training_and_scoring' retrieved from /opt/airflow/dags/sodai_pipeline_dag.py
[2025-11-20T01:00:12.749+0000] {logging_mixin.py:188} INFO - [2025-11-20T01:00:12.749+0000] {dag.py:3096} INFO - Sync 1 DAGs
[2025-11-20T01:00:12.758+0000] {logging_mixin.py:188} INFO - [2025-11-20T01:00:12.758+0000] {dag.py:3954} INFO - Setting next_dagrun for sodai_training_and_scoring to None, run_after=None
[2025-11-20T01:00:12.773+0000] {processor.py:183} INFO - Processing /opt/airflow/dags/sodai_pipeline_dag.py took 0.083 seconds
[2025-11-20T01:00:43.104+0000] {processor.py:161} INFO - Started process (PID=582) to work on /opt/airflow/dags/sodai_pipeline_dag.py
[2025-11-20T01:00:43.105+0000] {processor.py:830} INFO - Processing file /opt/airflow/dags/sodai_pipeline_dag.py for tasks to queue
[2025-11-20T01:00:43.107+0000] {logging_mixin.py:188} INFO - [2025-11-20T01:00:43.107+0000] {dagbag.py:540} INFO - Filling up the DagBag from /opt/airflow/dags/sodai_pipeline_dag.py
[2025-11-20T01:00:43.123+0000] {processor.py:840} INFO - DAG(s) 'sodai_training_and_scoring' retrieved from /opt/airflow/dags/sodai_pipeline_dag.py
[2025-11-20T01:00:43.149+0000] {logging_mixin.py:188} INFO - [2025-11-20T01:00:43.149+0000] {dag.py:3096} INFO - Sync 1 DAGs
[2025-11-20T01:00:43.162+0000] {logging_mixin.py:188} INFO - [2025-11-20T01:00:43.161+0000] {dag.py:3954} INFO - Setting next_dagrun for sodai_training_and_scoring to None, run_after=None
[2025-11-20T01:00:43.180+0000] {processor.py:183} INFO - Processing /opt/airflow/dags/sodai_pipeline_dag.py took 0.080 seconds
[2025-11-20T01:01:13.615+0000] {processor.py:161} INFO - Started process (PID=592) to work on /opt/airflow/dags/sodai_pipeline_dag.py
[2025-11-20T01:01:13.615+0000] {processor.py:830} INFO - Processing file /opt/airflow/dags/sodai_pipeline_dag.py for tasks to queue
[2025-11-20T01:01:13.617+0000] {logging_mixin.py:188} INFO - [2025-11-20T01:01:13.617+0000] {dagbag.py:540} INFO - Filling up the DagBag from /opt/airflow/dags/sodai_pipeline_dag.py
[2025-11-20T01:01:13.630+0000] {processor.py:840} INFO - DAG(s) 'sodai_training_and_scoring' retrieved from /opt/airflow/dags/sodai_pipeline_dag.py
[2025-11-20T01:01:13.651+0000] {logging_mixin.py:188} INFO - [2025-11-20T01:01:13.651+0000] {dag.py:3096} INFO - Sync 1 DAGs
[2025-11-20T01:01:13.660+0000] {logging_mixin.py:188} INFO - [2025-11-20T01:01:13.660+0000] {dag.py:3954} INFO - Setting next_dagrun for sodai_training_and_scoring to None, run_after=None
[2025-11-20T01:01:13.680+0000] {processor.py:183} INFO - Processing /opt/airflow/dags/sodai_pipeline_dag.py took 0.069 seconds
[2025-11-20T01:01:44.077+0000] {processor.py:161} INFO - Started process (PID=602) to work on /opt/airflow/dags/sodai_pipeline_dag.py
[2025-11-20T01:01:44.077+0000] {processor.py:830} INFO - Processing file /opt/airflow/dags/sodai_pipeline_dag.py for tasks to queue
[2025-11-20T01:01:44.079+0000] {logging_mixin.py:188} INFO - [2025-11-20T01:01:44.078+0000] {dagbag.py:540} INFO - Filling up the DagBag from /opt/airflow/dags/sodai_pipeline_dag.py
[2025-11-20T01:01:44.092+0000] {processor.py:840} INFO - DAG(s) 'sodai_training_and_scoring' retrieved from /opt/airflow/dags/sodai_pipeline_dag.py
[2025-11-20T01:01:44.113+0000] {logging_mixin.py:188} INFO - [2025-11-20T01:01:44.112+0000] {dag.py:3096} INFO - Sync 1 DAGs
[2025-11-20T01:01:44.123+0000] {logging_mixin.py:188} INFO - [2025-11-20T01:01:44.122+0000] {dag.py:3954} INFO - Setting next_dagrun for sodai_training_and_scoring to None, run_after=None
[2025-11-20T01:01:44.138+0000] {processor.py:183} INFO - Processing /opt/airflow/dags/sodai_pipeline_dag.py took 0.065 seconds
[2025-11-20T01:02:14.418+0000] {processor.py:161} INFO - Started process (PID=612) to work on /opt/airflow/dags/sodai_pipeline_dag.py
[2025-11-20T01:02:14.419+0000] {processor.py:830} INFO - Processing file /opt/airflow/dags/sodai_pipeline_dag.py for tasks to queue
[2025-11-20T01:02:14.420+0000] {logging_mixin.py:188} INFO - [2025-11-20T01:02:14.420+0000] {dagbag.py:540} INFO - Filling up the DagBag from /opt/airflow/dags/sodai_pipeline_dag.py
[2025-11-20T01:02:14.434+0000] {processor.py:840} INFO - DAG(s) 'sodai_training_and_scoring' retrieved from /opt/airflow/dags/sodai_pipeline_dag.py
[2025-11-20T01:02:14.455+0000] {logging_mixin.py:188} INFO - [2025-11-20T01:02:14.455+0000] {dag.py:3096} INFO - Sync 1 DAGs
[2025-11-20T01:02:14.465+0000] {logging_mixin.py:188} INFO - [2025-11-20T01:02:14.465+0000] {dag.py:3954} INFO - Setting next_dagrun for sodai_training_and_scoring to None, run_after=None
[2025-11-20T01:02:14.480+0000] {processor.py:183} INFO - Processing /opt/airflow/dags/sodai_pipeline_dag.py took 0.066 seconds
[2025-11-20T01:02:44.755+0000] {processor.py:161} INFO - Started process (PID=622) to work on /opt/airflow/dags/sodai_pipeline_dag.py
[2025-11-20T01:02:44.757+0000] {processor.py:830} INFO - Processing file /opt/airflow/dags/sodai_pipeline_dag.py for tasks to queue
[2025-11-20T01:02:44.760+0000] {logging_mixin.py:188} INFO - [2025-11-20T01:02:44.759+0000] {dagbag.py:540} INFO - Filling up the DagBag from /opt/airflow/dags/sodai_pipeline_dag.py
[2025-11-20T01:02:44.781+0000] {processor.py:840} INFO - DAG(s) 'sodai_training_and_scoring' retrieved from /opt/airflow/dags/sodai_pipeline_dag.py
[2025-11-20T01:02:44.809+0000] {logging_mixin.py:188} INFO - [2025-11-20T01:02:44.809+0000] {dag.py:3096} INFO - Sync 1 DAGs
[2025-11-20T01:02:44.821+0000] {logging_mixin.py:188} INFO - [2025-11-20T01:02:44.821+0000] {dag.py:3954} INFO - Setting next_dagrun for sodai_training_and_scoring to None, run_after=None
[2025-11-20T01:02:44.840+0000] {processor.py:183} INFO - Processing /opt/airflow/dags/sodai_pipeline_dag.py took 0.091 seconds
[2025-11-20T01:03:15.192+0000] {processor.py:161} INFO - Started process (PID=632) to work on /opt/airflow/dags/sodai_pipeline_dag.py
[2025-11-20T01:03:15.193+0000] {processor.py:830} INFO - Processing file /opt/airflow/dags/sodai_pipeline_dag.py for tasks to queue
[2025-11-20T01:03:15.194+0000] {logging_mixin.py:188} INFO - [2025-11-20T01:03:15.194+0000] {dagbag.py:540} INFO - Filling up the DagBag from /opt/airflow/dags/sodai_pipeline_dag.py
[2025-11-20T01:03:15.209+0000] {processor.py:840} INFO - DAG(s) 'sodai_training_and_scoring' retrieved from /opt/airflow/dags/sodai_pipeline_dag.py
[2025-11-20T01:03:15.234+0000] {logging_mixin.py:188} INFO - [2025-11-20T01:03:15.234+0000] {dag.py:3096} INFO - Sync 1 DAGs
[2025-11-20T01:03:15.245+0000] {logging_mixin.py:188} INFO - [2025-11-20T01:03:15.245+0000] {dag.py:3954} INFO - Setting next_dagrun for sodai_training_and_scoring to None, run_after=None
[2025-11-20T01:03:15.261+0000] {processor.py:183} INFO - Processing /opt/airflow/dags/sodai_pipeline_dag.py took 0.074 seconds
[2025-11-20T01:03:45.564+0000] {processor.py:161} INFO - Started process (PID=642) to work on /opt/airflow/dags/sodai_pipeline_dag.py
[2025-11-20T01:03:45.565+0000] {processor.py:830} INFO - Processing file /opt/airflow/dags/sodai_pipeline_dag.py for tasks to queue
[2025-11-20T01:03:45.566+0000] {logging_mixin.py:188} INFO - [2025-11-20T01:03:45.566+0000] {dagbag.py:540} INFO - Filling up the DagBag from /opt/airflow/dags/sodai_pipeline_dag.py
[2025-11-20T01:03:45.579+0000] {processor.py:840} INFO - DAG(s) 'sodai_training_and_scoring' retrieved from /opt/airflow/dags/sodai_pipeline_dag.py
[2025-11-20T01:03:45.600+0000] {logging_mixin.py:188} INFO - [2025-11-20T01:03:45.600+0000] {dag.py:3096} INFO - Sync 1 DAGs
[2025-11-20T01:03:45.608+0000] {logging_mixin.py:188} INFO - [2025-11-20T01:03:45.608+0000] {dag.py:3954} INFO - Setting next_dagrun for sodai_training_and_scoring to None, run_after=None
[2025-11-20T01:03:45.622+0000] {processor.py:183} INFO - Processing /opt/airflow/dags/sodai_pipeline_dag.py took 0.061 seconds
[2025-11-20T01:04:15.970+0000] {processor.py:161} INFO - Started process (PID=652) to work on /opt/airflow/dags/sodai_pipeline_dag.py
[2025-11-20T01:04:15.970+0000] {processor.py:830} INFO - Processing file /opt/airflow/dags/sodai_pipeline_dag.py for tasks to queue
[2025-11-20T01:04:15.972+0000] {logging_mixin.py:188} INFO - [2025-11-20T01:04:15.972+0000] {dagbag.py:540} INFO - Filling up the DagBag from /opt/airflow/dags/sodai_pipeline_dag.py
[2025-11-20T01:04:15.984+0000] {processor.py:840} INFO - DAG(s) 'sodai_training_and_scoring' retrieved from /opt/airflow/dags/sodai_pipeline_dag.py
[2025-11-20T01:04:16.005+0000] {logging_mixin.py:188} INFO - [2025-11-20T01:04:16.004+0000] {dag.py:3096} INFO - Sync 1 DAGs
[2025-11-20T01:04:16.015+0000] {logging_mixin.py:188} INFO - [2025-11-20T01:04:16.014+0000] {dag.py:3954} INFO - Setting next_dagrun for sodai_training_and_scoring to None, run_after=None
[2025-11-20T01:04:16.033+0000] {processor.py:183} INFO - Processing /opt/airflow/dags/sodai_pipeline_dag.py took 0.067 seconds
[2025-11-20T01:04:49.356+0000] {processor.py:161} INFO - Started process (PID=662) to work on /opt/airflow/dags/sodai_pipeline_dag.py
[2025-11-20T01:04:49.357+0000] {processor.py:830} INFO - Processing file /opt/airflow/dags/sodai_pipeline_dag.py for tasks to queue
[2025-11-20T01:04:49.359+0000] {logging_mixin.py:188} INFO - [2025-11-20T01:04:49.359+0000] {dagbag.py:540} INFO - Filling up the DagBag from /opt/airflow/dags/sodai_pipeline_dag.py
[2025-11-20T01:04:49.374+0000] {processor.py:840} INFO - DAG(s) 'sodai_training_and_scoring' retrieved from /opt/airflow/dags/sodai_pipeline_dag.py
[2025-11-20T01:04:49.394+0000] {logging_mixin.py:188} INFO - [2025-11-20T01:04:49.394+0000] {dag.py:3096} INFO - Sync 1 DAGs
[2025-11-20T01:04:49.404+0000] {logging_mixin.py:188} INFO - [2025-11-20T01:04:49.404+0000] {dag.py:3954} INFO - Setting next_dagrun for sodai_training_and_scoring to None, run_after=None
[2025-11-20T01:04:49.426+0000] {processor.py:183} INFO - Processing /opt/airflow/dags/sodai_pipeline_dag.py took 0.075 seconds
[2025-11-20T01:05:22.865+0000] {processor.py:161} INFO - Started process (PID=672) to work on /opt/airflow/dags/sodai_pipeline_dag.py
[2025-11-20T01:05:22.866+0000] {processor.py:830} INFO - Processing file /opt/airflow/dags/sodai_pipeline_dag.py for tasks to queue
[2025-11-20T01:05:22.867+0000] {logging_mixin.py:188} INFO - [2025-11-20T01:05:22.867+0000] {dagbag.py:540} INFO - Filling up the DagBag from /opt/airflow/dags/sodai_pipeline_dag.py
[2025-11-20T01:05:22.885+0000] {processor.py:840} INFO - DAG(s) 'sodai_training_and_scoring' retrieved from /opt/airflow/dags/sodai_pipeline_dag.py
[2025-11-20T01:05:22.905+0000] {logging_mixin.py:188} INFO - [2025-11-20T01:05:22.905+0000] {dag.py:3096} INFO - Sync 1 DAGs
[2025-11-20T01:05:22.915+0000] {logging_mixin.py:188} INFO - [2025-11-20T01:05:22.915+0000] {dag.py:3954} INFO - Setting next_dagrun for sodai_training_and_scoring to None, run_after=None
[2025-11-20T01:05:22.929+0000] {processor.py:183} INFO - Processing /opt/airflow/dags/sodai_pipeline_dag.py took 0.068 seconds
[2025-11-20T01:05:56.403+0000] {processor.py:161} INFO - Started process (PID=682) to work on /opt/airflow/dags/sodai_pipeline_dag.py
[2025-11-20T01:05:56.404+0000] {processor.py:830} INFO - Processing file /opt/airflow/dags/sodai_pipeline_dag.py for tasks to queue
[2025-11-20T01:05:56.406+0000] {logging_mixin.py:188} INFO - [2025-11-20T01:05:56.406+0000] {dagbag.py:540} INFO - Filling up the DagBag from /opt/airflow/dags/sodai_pipeline_dag.py
[2025-11-20T01:05:56.426+0000] {processor.py:840} INFO - DAG(s) 'sodai_training_and_scoring' retrieved from /opt/airflow/dags/sodai_pipeline_dag.py
[2025-11-20T01:05:56.446+0000] {logging_mixin.py:188} INFO - [2025-11-20T01:05:56.446+0000] {dag.py:3096} INFO - Sync 1 DAGs
[2025-11-20T01:05:56.455+0000] {logging_mixin.py:188} INFO - [2025-11-20T01:05:56.455+0000] {dag.py:3954} INFO - Setting next_dagrun for sodai_training_and_scoring to None, run_after=None
[2025-11-20T01:05:56.473+0000] {processor.py:183} INFO - Processing /opt/airflow/dags/sodai_pipeline_dag.py took 0.075 seconds
[2025-11-20T01:06:28.807+0000] {processor.py:161} INFO - Started process (PID=692) to work on /opt/airflow/dags/sodai_pipeline_dag.py
[2025-11-20T01:06:28.809+0000] {processor.py:830} INFO - Processing file /opt/airflow/dags/sodai_pipeline_dag.py for tasks to queue
[2025-11-20T01:06:28.811+0000] {logging_mixin.py:188} INFO - [2025-11-20T01:06:28.811+0000] {dagbag.py:540} INFO - Filling up the DagBag from /opt/airflow/dags/sodai_pipeline_dag.py
[2025-11-20T01:06:28.829+0000] {processor.py:840} INFO - DAG(s) 'sodai_training_and_scoring' retrieved from /opt/airflow/dags/sodai_pipeline_dag.py
[2025-11-20T01:06:28.850+0000] {logging_mixin.py:188} INFO - [2025-11-20T01:06:28.850+0000] {dag.py:3096} INFO - Sync 1 DAGs
[2025-11-20T01:06:28.860+0000] {logging_mixin.py:188} INFO - [2025-11-20T01:06:28.860+0000] {dag.py:3954} INFO - Setting next_dagrun for sodai_training_and_scoring to None, run_after=None
[2025-11-20T01:06:28.874+0000] {processor.py:183} INFO - Processing /opt/airflow/dags/sodai_pipeline_dag.py took 0.073 seconds
[2025-11-20T01:07:02.220+0000] {processor.py:161} INFO - Started process (PID=702) to work on /opt/airflow/dags/sodai_pipeline_dag.py
[2025-11-20T01:07:02.221+0000] {processor.py:830} INFO - Processing file /opt/airflow/dags/sodai_pipeline_dag.py for tasks to queue
[2025-11-20T01:07:02.223+0000] {logging_mixin.py:188} INFO - [2025-11-20T01:07:02.223+0000] {dagbag.py:540} INFO - Filling up the DagBag from /opt/airflow/dags/sodai_pipeline_dag.py
[2025-11-20T01:07:02.240+0000] {processor.py:840} INFO - DAG(s) 'sodai_training_and_scoring' retrieved from /opt/airflow/dags/sodai_pipeline_dag.py
[2025-11-20T01:07:02.265+0000] {logging_mixin.py:188} INFO - [2025-11-20T01:07:02.264+0000] {dag.py:3096} INFO - Sync 1 DAGs
[2025-11-20T01:07:02.275+0000] {logging_mixin.py:188} INFO - [2025-11-20T01:07:02.275+0000] {dag.py:3954} INFO - Setting next_dagrun for sodai_training_and_scoring to None, run_after=None
[2025-11-20T01:07:02.289+0000] {processor.py:183} INFO - Processing /opt/airflow/dags/sodai_pipeline_dag.py took 0.074 seconds
[2025-11-20T01:07:35.645+0000] {processor.py:161} INFO - Started process (PID=712) to work on /opt/airflow/dags/sodai_pipeline_dag.py
[2025-11-20T01:07:35.646+0000] {processor.py:830} INFO - Processing file /opt/airflow/dags/sodai_pipeline_dag.py for tasks to queue
[2025-11-20T01:07:35.648+0000] {logging_mixin.py:188} INFO - [2025-11-20T01:07:35.648+0000] {dagbag.py:540} INFO - Filling up the DagBag from /opt/airflow/dags/sodai_pipeline_dag.py
[2025-11-20T01:07:35.663+0000] {processor.py:840} INFO - DAG(s) 'sodai_training_and_scoring' retrieved from /opt/airflow/dags/sodai_pipeline_dag.py
[2025-11-20T01:07:35.685+0000] {logging_mixin.py:188} INFO - [2025-11-20T01:07:35.685+0000] {dag.py:3096} INFO - Sync 1 DAGs
[2025-11-20T01:07:35.694+0000] {logging_mixin.py:188} INFO - [2025-11-20T01:07:35.694+0000] {dag.py:3954} INFO - Setting next_dagrun for sodai_training_and_scoring to None, run_after=None
[2025-11-20T01:07:35.709+0000] {processor.py:183} INFO - Processing /opt/airflow/dags/sodai_pipeline_dag.py took 0.068 seconds
[2025-11-20T01:08:09.077+0000] {processor.py:161} INFO - Started process (PID=722) to work on /opt/airflow/dags/sodai_pipeline_dag.py
[2025-11-20T01:08:09.078+0000] {processor.py:830} INFO - Processing file /opt/airflow/dags/sodai_pipeline_dag.py for tasks to queue
[2025-11-20T01:08:09.079+0000] {logging_mixin.py:188} INFO - [2025-11-20T01:08:09.079+0000] {dagbag.py:540} INFO - Filling up the DagBag from /opt/airflow/dags/sodai_pipeline_dag.py
[2025-11-20T01:08:09.094+0000] {processor.py:840} INFO - DAG(s) 'sodai_training_and_scoring' retrieved from /opt/airflow/dags/sodai_pipeline_dag.py
[2025-11-20T01:08:09.117+0000] {logging_mixin.py:188} INFO - [2025-11-20T01:08:09.117+0000] {dag.py:3096} INFO - Sync 1 DAGs
[2025-11-20T01:08:09.128+0000] {logging_mixin.py:188} INFO - [2025-11-20T01:08:09.127+0000] {dag.py:3954} INFO - Setting next_dagrun for sodai_training_and_scoring to None, run_after=None
[2025-11-20T01:08:09.142+0000] {processor.py:183} INFO - Processing /opt/airflow/dags/sodai_pipeline_dag.py took 0.070 seconds
[2025-11-20T01:08:39.489+0000] {processor.py:161} INFO - Started process (PID=732) to work on /opt/airflow/dags/sodai_pipeline_dag.py
[2025-11-20T01:08:39.490+0000] {processor.py:830} INFO - Processing file /opt/airflow/dags/sodai_pipeline_dag.py for tasks to queue
[2025-11-20T01:08:39.491+0000] {logging_mixin.py:188} INFO - [2025-11-20T01:08:39.491+0000] {dagbag.py:540} INFO - Filling up the DagBag from /opt/airflow/dags/sodai_pipeline_dag.py
[2025-11-20T01:08:39.506+0000] {processor.py:840} INFO - DAG(s) 'sodai_training_and_scoring' retrieved from /opt/airflow/dags/sodai_pipeline_dag.py
[2025-11-20T01:08:39.531+0000] {logging_mixin.py:188} INFO - [2025-11-20T01:08:39.531+0000] {dag.py:3096} INFO - Sync 1 DAGs
[2025-11-20T01:08:39.540+0000] {logging_mixin.py:188} INFO - [2025-11-20T01:08:39.540+0000] {dag.py:3954} INFO - Setting next_dagrun for sodai_training_and_scoring to None, run_after=None
[2025-11-20T01:08:39.555+0000] {processor.py:183} INFO - Processing /opt/airflow/dags/sodai_pipeline_dag.py took 0.072 seconds
[2025-11-20T01:09:14.888+0000] {processor.py:161} INFO - Started process (PID=747) to work on /opt/airflow/dags/sodai_pipeline_dag.py
[2025-11-20T01:09:14.889+0000] {processor.py:830} INFO - Processing file /opt/airflow/dags/sodai_pipeline_dag.py for tasks to queue
[2025-11-20T01:09:14.890+0000] {logging_mixin.py:188} INFO - [2025-11-20T01:09:14.890+0000] {dagbag.py:540} INFO - Filling up the DagBag from /opt/airflow/dags/sodai_pipeline_dag.py
[2025-11-20T01:09:14.908+0000] {processor.py:840} INFO - DAG(s) 'sodai_training_and_scoring' retrieved from /opt/airflow/dags/sodai_pipeline_dag.py
[2025-11-20T01:09:14.928+0000] {logging_mixin.py:188} INFO - [2025-11-20T01:09:14.927+0000] {dag.py:3096} INFO - Sync 1 DAGs
[2025-11-20T01:09:14.936+0000] {logging_mixin.py:188} INFO - [2025-11-20T01:09:14.936+0000] {dag.py:3954} INFO - Setting next_dagrun for sodai_training_and_scoring to None, run_after=None
[2025-11-20T01:09:14.954+0000] {processor.py:183} INFO - Processing /opt/airflow/dags/sodai_pipeline_dag.py took 0.071 seconds
[2025-11-20T01:09:48.473+0000] {processor.py:161} INFO - Started process (PID=757) to work on /opt/airflow/dags/sodai_pipeline_dag.py
[2025-11-20T01:09:48.474+0000] {processor.py:830} INFO - Processing file /opt/airflow/dags/sodai_pipeline_dag.py for tasks to queue
[2025-11-20T01:09:48.476+0000] {logging_mixin.py:188} INFO - [2025-11-20T01:09:48.475+0000] {dagbag.py:540} INFO - Filling up the DagBag from /opt/airflow/dags/sodai_pipeline_dag.py
[2025-11-20T01:09:48.490+0000] {processor.py:840} INFO - DAG(s) 'sodai_training_and_scoring' retrieved from /opt/airflow/dags/sodai_pipeline_dag.py
[2025-11-20T01:09:48.512+0000] {logging_mixin.py:188} INFO - [2025-11-20T01:09:48.512+0000] {dag.py:3096} INFO - Sync 1 DAGs
[2025-11-20T01:09:48.521+0000] {logging_mixin.py:188} INFO - [2025-11-20T01:09:48.521+0000] {dag.py:3954} INFO - Setting next_dagrun for sodai_training_and_scoring to None, run_after=None
[2025-11-20T01:09:48.537+0000] {processor.py:183} INFO - Processing /opt/airflow/dags/sodai_pipeline_dag.py took 0.072 seconds
[2025-11-20T01:10:21.900+0000] {processor.py:161} INFO - Started process (PID=767) to work on /opt/airflow/dags/sodai_pipeline_dag.py
[2025-11-20T01:10:21.901+0000] {processor.py:830} INFO - Processing file /opt/airflow/dags/sodai_pipeline_dag.py for tasks to queue
[2025-11-20T01:10:21.903+0000] {logging_mixin.py:188} INFO - [2025-11-20T01:10:21.902+0000] {dagbag.py:540} INFO - Filling up the DagBag from /opt/airflow/dags/sodai_pipeline_dag.py
[2025-11-20T01:10:21.919+0000] {processor.py:840} INFO - DAG(s) 'sodai_training_and_scoring' retrieved from /opt/airflow/dags/sodai_pipeline_dag.py
[2025-11-20T01:10:21.942+0000] {logging_mixin.py:188} INFO - [2025-11-20T01:10:21.942+0000] {dag.py:3096} INFO - Sync 1 DAGs
[2025-11-20T01:10:21.952+0000] {logging_mixin.py:188} INFO - [2025-11-20T01:10:21.952+0000] {dag.py:3954} INFO - Setting next_dagrun for sodai_training_and_scoring to None, run_after=None
[2025-11-20T01:10:21.968+0000] {processor.py:183} INFO - Processing /opt/airflow/dags/sodai_pipeline_dag.py took 0.071 seconds
[2025-11-20T01:10:55.296+0000] {processor.py:161} INFO - Started process (PID=777) to work on /opt/airflow/dags/sodai_pipeline_dag.py
[2025-11-20T01:10:55.297+0000] {processor.py:830} INFO - Processing file /opt/airflow/dags/sodai_pipeline_dag.py for tasks to queue
[2025-11-20T01:10:55.299+0000] {logging_mixin.py:188} INFO - [2025-11-20T01:10:55.298+0000] {dagbag.py:540} INFO - Filling up the DagBag from /opt/airflow/dags/sodai_pipeline_dag.py
[2025-11-20T01:10:55.312+0000] {processor.py:840} INFO - DAG(s) 'sodai_training_and_scoring' retrieved from /opt/airflow/dags/sodai_pipeline_dag.py
[2025-11-20T01:10:55.332+0000] {logging_mixin.py:188} INFO - [2025-11-20T01:10:55.331+0000] {dag.py:3096} INFO - Sync 1 DAGs
[2025-11-20T01:10:55.341+0000] {logging_mixin.py:188} INFO - [2025-11-20T01:10:55.340+0000] {dag.py:3954} INFO - Setting next_dagrun for sodai_training_and_scoring to None, run_after=None
[2025-11-20T01:10:55.356+0000] {processor.py:183} INFO - Processing /opt/airflow/dags/sodai_pipeline_dag.py took 0.064 seconds
[2025-11-20T01:11:25.637+0000] {processor.py:161} INFO - Started process (PID=787) to work on /opt/airflow/dags/sodai_pipeline_dag.py
[2025-11-20T01:11:25.638+0000] {processor.py:830} INFO - Processing file /opt/airflow/dags/sodai_pipeline_dag.py for tasks to queue
[2025-11-20T01:11:25.640+0000] {logging_mixin.py:188} INFO - [2025-11-20T01:11:25.640+0000] {dagbag.py:540} INFO - Filling up the DagBag from /opt/airflow/dags/sodai_pipeline_dag.py
[2025-11-20T01:11:27.716+0000] {processor.py:840} INFO - DAG(s) 'sodai_training_and_scoring' retrieved from /opt/airflow/dags/sodai_pipeline_dag.py
[2025-11-20T01:11:27.737+0000] {logging_mixin.py:188} INFO - [2025-11-20T01:11:27.736+0000] {dag.py:3096} INFO - Sync 1 DAGs
[2025-11-20T01:11:27.746+0000] {logging_mixin.py:188} INFO - [2025-11-20T01:11:27.746+0000] {dag.py:3954} INFO - Setting next_dagrun for sodai_training_and_scoring to None, run_after=None
[2025-11-20T01:11:27.760+0000] {processor.py:183} INFO - Processing /opt/airflow/dags/sodai_pipeline_dag.py took 0.064 seconds
[2025-11-20T01:12:01.148+0000] {processor.py:161} INFO - Started process (PID=797) to work on /opt/airflow/dags/sodai_pipeline_dag.py
[2025-11-20T01:12:01.149+0000] {processor.py:830} INFO - Processing file /opt/airflow/dags/sodai_pipeline_dag.py for tasks to queue
[2025-11-20T01:12:01.150+0000] {logging_mixin.py:188} INFO - [2025-11-20T01:12:01.150+0000] {dagbag.py:540} INFO - Filling up the DagBag from /opt/airflow/dags/sodai_pipeline_dag.py
[2025-11-20T01:12:01.163+0000] {processor.py:840} INFO - DAG(s) 'sodai_training_and_scoring' retrieved from /opt/airflow/dags/sodai_pipeline_dag.py
[2025-11-20T01:12:01.183+0000] {logging_mixin.py:188} INFO - [2025-11-20T01:12:01.183+0000] {dag.py:3096} INFO - Sync 1 DAGs
[2025-11-20T01:12:01.191+0000] {logging_mixin.py:188} INFO - [2025-11-20T01:12:01.191+0000] {dag.py:3954} INFO - Setting next_dagrun for sodai_training_and_scoring to None, run_after=None
[2025-11-20T01:12:01.204+0000] {processor.py:183} INFO - Processing /opt/airflow/dags/sodai_pipeline_dag.py took 0.059 seconds
[2025-11-20T01:12:34.536+0000] {processor.py:161} INFO - Started process (PID=807) to work on /opt/airflow/dags/sodai_pipeline_dag.py
[2025-11-20T01:12:34.537+0000] {processor.py:830} INFO - Processing file /opt/airflow/dags/sodai_pipeline_dag.py for tasks to queue
[2025-11-20T01:12:34.538+0000] {logging_mixin.py:188} INFO - [2025-11-20T01:12:34.538+0000] {dagbag.py:540} INFO - Filling up the DagBag from /opt/airflow/dags/sodai_pipeline_dag.py
[2025-11-20T01:12:34.553+0000] {processor.py:840} INFO - DAG(s) 'sodai_training_and_scoring' retrieved from /opt/airflow/dags/sodai_pipeline_dag.py
[2025-11-20T01:12:34.572+0000] {logging_mixin.py:188} INFO - [2025-11-20T01:12:34.572+0000] {dag.py:3096} INFO - Sync 1 DAGs
[2025-11-20T01:12:34.581+0000] {logging_mixin.py:188} INFO - [2025-11-20T01:12:34.581+0000] {dag.py:3954} INFO - Setting next_dagrun for sodai_training_and_scoring to None, run_after=None
[2025-11-20T01:12:34.598+0000] {processor.py:183} INFO - Processing /opt/airflow/dags/sodai_pipeline_dag.py took 0.067 seconds
[2025-11-20T01:13:07.952+0000] {processor.py:161} INFO - Started process (PID=817) to work on /opt/airflow/dags/sodai_pipeline_dag.py
[2025-11-20T01:13:07.953+0000] {processor.py:830} INFO - Processing file /opt/airflow/dags/sodai_pipeline_dag.py for tasks to queue
[2025-11-20T01:13:07.954+0000] {logging_mixin.py:188} INFO - [2025-11-20T01:13:07.954+0000] {dagbag.py:540} INFO - Filling up the DagBag from /opt/airflow/dags/sodai_pipeline_dag.py
[2025-11-20T01:13:07.968+0000] {processor.py:840} INFO - DAG(s) 'sodai_training_and_scoring' retrieved from /opt/airflow/dags/sodai_pipeline_dag.py
[2025-11-20T01:13:07.987+0000] {logging_mixin.py:188} INFO - [2025-11-20T01:13:07.987+0000] {dag.py:3096} INFO - Sync 1 DAGs
[2025-11-20T01:13:07.996+0000] {logging_mixin.py:188} INFO - [2025-11-20T01:13:07.996+0000] {dag.py:3954} INFO - Setting next_dagrun for sodai_training_and_scoring to None, run_after=None
[2025-11-20T01:13:08.009+0000] {processor.py:183} INFO - Processing /opt/airflow/dags/sodai_pipeline_dag.py took 0.062 seconds
[2025-11-20T01:13:38.253+0000] {processor.py:161} INFO - Started process (PID=827) to work on /opt/airflow/dags/sodai_pipeline_dag.py
[2025-11-20T01:13:38.254+0000] {processor.py:830} INFO - Processing file /opt/airflow/dags/sodai_pipeline_dag.py for tasks to queue
[2025-11-20T01:13:38.255+0000] {logging_mixin.py:188} INFO - [2025-11-20T01:13:38.255+0000] {dagbag.py:540} INFO - Filling up the DagBag from /opt/airflow/dags/sodai_pipeline_dag.py
[2025-11-20T01:13:38.268+0000] {processor.py:840} INFO - DAG(s) 'sodai_training_and_scoring' retrieved from /opt/airflow/dags/sodai_pipeline_dag.py
[2025-11-20T01:13:38.290+0000] {logging_mixin.py:188} INFO - [2025-11-20T01:13:38.290+0000] {dag.py:3096} INFO - Sync 1 DAGs
[2025-11-20T01:13:38.300+0000] {logging_mixin.py:188} INFO - [2025-11-20T01:13:38.299+0000] {dag.py:3954} INFO - Setting next_dagrun for sodai_training_and_scoring to None, run_after=None
[2025-11-20T01:13:38.314+0000] {processor.py:183} INFO - Processing /opt/airflow/dags/sodai_pipeline_dag.py took 0.065 seconds
[2025-11-20T01:14:08.504+0000] {processor.py:161} INFO - Started process (PID=837) to work on /opt/airflow/dags/sodai_pipeline_dag.py
[2025-11-20T01:14:08.505+0000] {processor.py:830} INFO - Processing file /opt/airflow/dags/sodai_pipeline_dag.py for tasks to queue
[2025-11-20T01:14:08.506+0000] {logging_mixin.py:188} INFO - [2025-11-20T01:14:08.506+0000] {dagbag.py:540} INFO - Filling up the DagBag from /opt/airflow/dags/sodai_pipeline_dag.py
[2025-11-20T01:14:08.523+0000] {processor.py:840} INFO - DAG(s) 'sodai_training_and_scoring' retrieved from /opt/airflow/dags/sodai_pipeline_dag.py
[2025-11-20T01:14:08.542+0000] {logging_mixin.py:188} INFO - [2025-11-20T01:14:08.542+0000] {dag.py:3096} INFO - Sync 1 DAGs
[2025-11-20T01:14:08.551+0000] {logging_mixin.py:188} INFO - [2025-11-20T01:14:08.551+0000] {dag.py:3954} INFO - Setting next_dagrun for sodai_training_and_scoring to None, run_after=None
[2025-11-20T01:14:08.567+0000] {processor.py:183} INFO - Processing /opt/airflow/dags/sodai_pipeline_dag.py took 0.067 seconds
[2025-11-20T01:14:39.025+0000] {processor.py:161} INFO - Started process (PID=847) to work on /opt/airflow/dags/sodai_pipeline_dag.py
[2025-11-20T01:14:39.025+0000] {processor.py:830} INFO - Processing file /opt/airflow/dags/sodai_pipeline_dag.py for tasks to queue
[2025-11-20T01:14:39.027+0000] {logging_mixin.py:188} INFO - [2025-11-20T01:14:39.026+0000] {dagbag.py:540} INFO - Filling up the DagBag from /opt/airflow/dags/sodai_pipeline_dag.py
[2025-11-20T01:14:39.039+0000] {processor.py:840} INFO - DAG(s) 'sodai_training_and_scoring' retrieved from /opt/airflow/dags/sodai_pipeline_dag.py
[2025-11-20T01:14:39.058+0000] {logging_mixin.py:188} INFO - [2025-11-20T01:14:39.058+0000] {dag.py:3096} INFO - Sync 1 DAGs
[2025-11-20T01:14:39.067+0000] {logging_mixin.py:188} INFO - [2025-11-20T01:14:39.067+0000] {dag.py:3954} INFO - Setting next_dagrun for sodai_training_and_scoring to None, run_after=None
[2025-11-20T01:14:39.081+0000] {processor.py:183} INFO - Processing /opt/airflow/dags/sodai_pipeline_dag.py took 0.060 seconds
[2025-11-20T01:15:09.546+0000] {processor.py:161} INFO - Started process (PID=857) to work on /opt/airflow/dags/sodai_pipeline_dag.py
[2025-11-20T01:15:09.547+0000] {processor.py:830} INFO - Processing file /opt/airflow/dags/sodai_pipeline_dag.py for tasks to queue
[2025-11-20T01:15:09.548+0000] {logging_mixin.py:188} INFO - [2025-11-20T01:15:09.548+0000] {dagbag.py:540} INFO - Filling up the DagBag from /opt/airflow/dags/sodai_pipeline_dag.py
[2025-11-20T01:15:09.563+0000] {processor.py:840} INFO - DAG(s) 'sodai_training_and_scoring' retrieved from /opt/airflow/dags/sodai_pipeline_dag.py
[2025-11-20T01:15:09.584+0000] {logging_mixin.py:188} INFO - [2025-11-20T01:15:09.584+0000] {dag.py:3096} INFO - Sync 1 DAGs
[2025-11-20T01:15:09.593+0000] {logging_mixin.py:188} INFO - [2025-11-20T01:15:09.593+0000] {dag.py:3954} INFO - Setting next_dagrun for sodai_training_and_scoring to None, run_after=None
[2025-11-20T01:15:09.613+0000] {processor.py:183} INFO - Processing /opt/airflow/dags/sodai_pipeline_dag.py took 0.071 seconds
[2025-11-20T01:15:39.926+0000] {processor.py:161} INFO - Started process (PID=867) to work on /opt/airflow/dags/sodai_pipeline_dag.py
[2025-11-20T01:15:39.927+0000] {processor.py:830} INFO - Processing file /opt/airflow/dags/sodai_pipeline_dag.py for tasks to queue
[2025-11-20T01:15:39.929+0000] {logging_mixin.py:188} INFO - [2025-11-20T01:15:39.928+0000] {dagbag.py:540} INFO - Filling up the DagBag from /opt/airflow/dags/sodai_pipeline_dag.py
[2025-11-20T01:15:39.944+0000] {processor.py:840} INFO - DAG(s) 'sodai_training_and_scoring' retrieved from /opt/airflow/dags/sodai_pipeline_dag.py
[2025-11-20T01:15:39.964+0000] {logging_mixin.py:188} INFO - [2025-11-20T01:15:39.964+0000] {dag.py:3096} INFO - Sync 1 DAGs
[2025-11-20T01:15:39.973+0000] {logging_mixin.py:188} INFO - [2025-11-20T01:15:39.973+0000] {dag.py:3954} INFO - Setting next_dagrun for sodai_training_and_scoring to None, run_after=None
[2025-11-20T01:15:39.986+0000] {processor.py:183} INFO - Processing /opt/airflow/dags/sodai_pipeline_dag.py took 0.064 seconds
[2025-11-20T01:16:10.289+0000] {processor.py:161} INFO - Started process (PID=877) to work on /opt/airflow/dags/sodai_pipeline_dag.py
[2025-11-20T01:16:10.290+0000] {processor.py:830} INFO - Processing file /opt/airflow/dags/sodai_pipeline_dag.py for tasks to queue
[2025-11-20T01:16:10.292+0000] {logging_mixin.py:188} INFO - [2025-11-20T01:16:10.292+0000] {dagbag.py:540} INFO - Filling up the DagBag from /opt/airflow/dags/sodai_pipeline_dag.py
[2025-11-20T01:16:10.305+0000] {processor.py:840} INFO - DAG(s) 'sodai_training_and_scoring' retrieved from /opt/airflow/dags/sodai_pipeline_dag.py
[2025-11-20T01:16:10.325+0000] {logging_mixin.py:188} INFO - [2025-11-20T01:16:10.325+0000] {dag.py:3096} INFO - Sync 1 DAGs
[2025-11-20T01:16:10.335+0000] {logging_mixin.py:188} INFO - [2025-11-20T01:16:10.335+0000] {dag.py:3954} INFO - Setting next_dagrun for sodai_training_and_scoring to None, run_after=None
[2025-11-20T01:16:10.350+0000] {processor.py:183} INFO - Processing /opt/airflow/dags/sodai_pipeline_dag.py took 0.065 seconds
[2025-11-20T01:16:40.712+0000] {processor.py:161} INFO - Started process (PID=887) to work on /opt/airflow/dags/sodai_pipeline_dag.py
[2025-11-20T01:16:40.713+0000] {processor.py:830} INFO - Processing file /opt/airflow/dags/sodai_pipeline_dag.py for tasks to queue
[2025-11-20T01:16:40.715+0000] {logging_mixin.py:188} INFO - [2025-11-20T01:16:40.715+0000] {dagbag.py:540} INFO - Filling up the DagBag from /opt/airflow/dags/sodai_pipeline_dag.py
[2025-11-20T01:16:40.729+0000] {processor.py:840} INFO - DAG(s) 'sodai_training_and_scoring' retrieved from /opt/airflow/dags/sodai_pipeline_dag.py
[2025-11-20T01:16:40.748+0000] {logging_mixin.py:188} INFO - [2025-11-20T01:16:40.748+0000] {dag.py:3096} INFO - Sync 1 DAGs
[2025-11-20T01:16:40.757+0000] {logging_mixin.py:188} INFO - [2025-11-20T01:16:40.757+0000] {dag.py:3954} INFO - Setting next_dagrun for sodai_training_and_scoring to None, run_after=None
[2025-11-20T01:16:40.770+0000] {processor.py:183} INFO - Processing /opt/airflow/dags/sodai_pipeline_dag.py took 0.062 seconds
[2025-11-20T01:17:11.102+0000] {processor.py:161} INFO - Started process (PID=897) to work on /opt/airflow/dags/sodai_pipeline_dag.py
[2025-11-20T01:17:11.102+0000] {processor.py:830} INFO - Processing file /opt/airflow/dags/sodai_pipeline_dag.py for tasks to queue
[2025-11-20T01:17:11.104+0000] {logging_mixin.py:188} INFO - [2025-11-20T01:17:11.104+0000] {dagbag.py:540} INFO - Filling up the DagBag from /opt/airflow/dags/sodai_pipeline_dag.py
[2025-11-20T01:17:11.117+0000] {processor.py:840} INFO - DAG(s) 'sodai_training_and_scoring' retrieved from /opt/airflow/dags/sodai_pipeline_dag.py
[2025-11-20T01:17:11.139+0000] {logging_mixin.py:188} INFO - [2025-11-20T01:17:11.138+0000] {dag.py:3096} INFO - Sync 1 DAGs
[2025-11-20T01:17:11.147+0000] {logging_mixin.py:188} INFO - [2025-11-20T01:17:11.147+0000] {dag.py:3954} INFO - Setting next_dagrun for sodai_training_and_scoring to None, run_after=None
[2025-11-20T01:17:11.161+0000] {processor.py:183} INFO - Processing /opt/airflow/dags/sodai_pipeline_dag.py took 0.064 seconds
[2025-11-20T01:17:41.485+0000] {processor.py:161} INFO - Started process (PID=907) to work on /opt/airflow/dags/sodai_pipeline_dag.py
[2025-11-20T01:17:41.486+0000] {processor.py:830} INFO - Processing file /opt/airflow/dags/sodai_pipeline_dag.py for tasks to queue
[2025-11-20T01:17:41.487+0000] {logging_mixin.py:188} INFO - [2025-11-20T01:17:41.487+0000] {dagbag.py:540} INFO - Filling up the DagBag from /opt/airflow/dags/sodai_pipeline_dag.py
[2025-11-20T01:17:41.508+0000] {processor.py:840} INFO - DAG(s) 'sodai_training_and_scoring' retrieved from /opt/airflow/dags/sodai_pipeline_dag.py
[2025-11-20T01:17:41.529+0000] {logging_mixin.py:188} INFO - [2025-11-20T01:17:41.529+0000] {dag.py:3096} INFO - Sync 1 DAGs
[2025-11-20T01:17:41.540+0000] {logging_mixin.py:188} INFO - [2025-11-20T01:17:41.539+0000] {dag.py:3954} INFO - Setting next_dagrun for sodai_training_and_scoring to None, run_after=None
[2025-11-20T01:17:41.556+0000] {processor.py:183} INFO - Processing /opt/airflow/dags/sodai_pipeline_dag.py took 0.076 seconds
[2025-11-20T01:18:11.789+0000] {processor.py:161} INFO - Started process (PID=917) to work on /opt/airflow/dags/sodai_pipeline_dag.py
[2025-11-20T01:18:11.790+0000] {processor.py:830} INFO - Processing file /opt/airflow/dags/sodai_pipeline_dag.py for tasks to queue
[2025-11-20T01:18:11.791+0000] {logging_mixin.py:188} INFO - [2025-11-20T01:18:11.791+0000] {dagbag.py:540} INFO - Filling up the DagBag from /opt/airflow/dags/sodai_pipeline_dag.py
[2025-11-20T01:18:11.805+0000] {processor.py:840} INFO - DAG(s) 'sodai_training_and_scoring' retrieved from /opt/airflow/dags/sodai_pipeline_dag.py
[2025-11-20T01:18:11.831+0000] {logging_mixin.py:188} INFO - [2025-11-20T01:18:11.831+0000] {dag.py:3096} INFO - Sync 1 DAGs
[2025-11-20T01:18:11.843+0000] {logging_mixin.py:188} INFO - [2025-11-20T01:18:11.843+0000] {dag.py:3954} INFO - Setting next_dagrun for sodai_training_and_scoring to None, run_after=None
[2025-11-20T01:18:11.858+0000] {processor.py:183} INFO - Processing /opt/airflow/dags/sodai_pipeline_dag.py took 0.073 seconds
[2025-11-20T01:18:42.301+0000] {processor.py:161} INFO - Started process (PID=927) to work on /opt/airflow/dags/sodai_pipeline_dag.py
[2025-11-20T01:18:42.302+0000] {processor.py:830} INFO - Processing file /opt/airflow/dags/sodai_pipeline_dag.py for tasks to queue
[2025-11-20T01:18:42.303+0000] {logging_mixin.py:188} INFO - [2025-11-20T01:18:42.303+0000] {dagbag.py:540} INFO - Filling up the DagBag from /opt/airflow/dags/sodai_pipeline_dag.py
[2025-11-20T01:18:42.320+0000] {processor.py:840} INFO - DAG(s) 'sodai_training_and_scoring' retrieved from /opt/airflow/dags/sodai_pipeline_dag.py
[2025-11-20T01:18:42.341+0000] {logging_mixin.py:188} INFO - [2025-11-20T01:18:42.341+0000] {dag.py:3096} INFO - Sync 1 DAGs
[2025-11-20T01:18:42.350+0000] {logging_mixin.py:188} INFO - [2025-11-20T01:18:42.350+0000] {dag.py:3954} INFO - Setting next_dagrun for sodai_training_and_scoring to None, run_after=None
[2025-11-20T01:18:42.365+0000] {processor.py:183} INFO - Processing /opt/airflow/dags/sodai_pipeline_dag.py took 0.069 seconds
[2025-11-20T01:19:13.798+0000] {processor.py:161} INFO - Started process (PID=937) to work on /opt/airflow/dags/sodai_pipeline_dag.py
[2025-11-20T01:19:13.799+0000] {processor.py:830} INFO - Processing file /opt/airflow/dags/sodai_pipeline_dag.py for tasks to queue
[2025-11-20T01:19:13.801+0000] {logging_mixin.py:188} INFO - [2025-11-20T01:19:13.801+0000] {dagbag.py:540} INFO - Filling up the DagBag from /opt/airflow/dags/sodai_pipeline_dag.py
[2025-11-20T01:19:13.816+0000] {processor.py:840} INFO - DAG(s) 'sodai_training_and_scoring' retrieved from /opt/airflow/dags/sodai_pipeline_dag.py
[2025-11-20T01:19:13.839+0000] {logging_mixin.py:188} INFO - [2025-11-20T01:19:13.839+0000] {dag.py:3096} INFO - Sync 1 DAGs
[2025-11-20T01:19:13.850+0000] {logging_mixin.py:188} INFO - [2025-11-20T01:19:13.850+0000] {dag.py:3954} INFO - Setting next_dagrun for sodai_training_and_scoring to None, run_after=None
[2025-11-20T01:19:13.868+0000] {processor.py:183} INFO - Processing /opt/airflow/dags/sodai_pipeline_dag.py took 0.074 seconds
[2025-11-20T01:19:46.176+0000] {processor.py:161} INFO - Started process (PID=947) to work on /opt/airflow/dags/sodai_pipeline_dag.py
[2025-11-20T01:19:46.178+0000] {processor.py:830} INFO - Processing file /opt/airflow/dags/sodai_pipeline_dag.py for tasks to queue
[2025-11-20T01:19:46.180+0000] {logging_mixin.py:188} INFO - [2025-11-20T01:19:46.179+0000] {dagbag.py:540} INFO - Filling up the DagBag from /opt/airflow/dags/sodai_pipeline_dag.py
[2025-11-20T01:19:46.194+0000] {processor.py:840} INFO - DAG(s) 'sodai_training_and_scoring' retrieved from /opt/airflow/dags/sodai_pipeline_dag.py
[2025-11-20T01:19:46.214+0000] {logging_mixin.py:188} INFO - [2025-11-20T01:19:46.214+0000] {dag.py:3096} INFO - Sync 1 DAGs
[2025-11-20T01:19:46.224+0000] {logging_mixin.py:188} INFO - [2025-11-20T01:19:46.223+0000] {dag.py:3954} INFO - Setting next_dagrun for sodai_training_and_scoring to None, run_after=None
[2025-11-20T01:19:46.240+0000] {processor.py:183} INFO - Processing /opt/airflow/dags/sodai_pipeline_dag.py took 0.069 seconds
[2025-11-20T01:20:19.666+0000] {processor.py:161} INFO - Started process (PID=957) to work on /opt/airflow/dags/sodai_pipeline_dag.py
[2025-11-20T01:20:19.667+0000] {processor.py:830} INFO - Processing file /opt/airflow/dags/sodai_pipeline_dag.py for tasks to queue
[2025-11-20T01:20:19.669+0000] {logging_mixin.py:188} INFO - [2025-11-20T01:20:19.668+0000] {dagbag.py:540} INFO - Filling up the DagBag from /opt/airflow/dags/sodai_pipeline_dag.py
[2025-11-20T01:20:19.682+0000] {processor.py:840} INFO - DAG(s) 'sodai_training_and_scoring' retrieved from /opt/airflow/dags/sodai_pipeline_dag.py
[2025-11-20T01:20:19.703+0000] {logging_mixin.py:188} INFO - [2025-11-20T01:20:19.703+0000] {dag.py:3096} INFO - Sync 1 DAGs
[2025-11-20T01:20:19.712+0000] {logging_mixin.py:188} INFO - [2025-11-20T01:20:19.712+0000] {dag.py:3954} INFO - Setting next_dagrun for sodai_training_and_scoring to None, run_after=None
[2025-11-20T01:20:19.728+0000] {processor.py:183} INFO - Processing /opt/airflow/dags/sodai_pipeline_dag.py took 0.067 seconds
[2025-11-20T01:20:53.060+0000] {processor.py:161} INFO - Started process (PID=967) to work on /opt/airflow/dags/sodai_pipeline_dag.py
[2025-11-20T01:20:53.062+0000] {processor.py:830} INFO - Processing file /opt/airflow/dags/sodai_pipeline_dag.py for tasks to queue
[2025-11-20T01:20:53.063+0000] {logging_mixin.py:188} INFO - [2025-11-20T01:20:53.063+0000] {dagbag.py:540} INFO - Filling up the DagBag from /opt/airflow/dags/sodai_pipeline_dag.py
[2025-11-20T01:20:53.078+0000] {processor.py:840} INFO - DAG(s) 'sodai_training_and_scoring' retrieved from /opt/airflow/dags/sodai_pipeline_dag.py
[2025-11-20T01:20:53.100+0000] {logging_mixin.py:188} INFO - [2025-11-20T01:20:53.100+0000] {dag.py:3096} INFO - Sync 1 DAGs
[2025-11-20T01:20:53.111+0000] {logging_mixin.py:188} INFO - [2025-11-20T01:20:53.111+0000] {dag.py:3954} INFO - Setting next_dagrun for sodai_training_and_scoring to None, run_after=None
[2025-11-20T01:20:53.128+0000] {processor.py:183} INFO - Processing /opt/airflow/dags/sodai_pipeline_dag.py took 0.072 seconds
[2025-11-20T01:21:23.456+0000] {processor.py:161} INFO - Started process (PID=977) to work on /opt/airflow/dags/sodai_pipeline_dag.py
[2025-11-20T01:21:23.457+0000] {processor.py:830} INFO - Processing file /opt/airflow/dags/sodai_pipeline_dag.py for tasks to queue
[2025-11-20T01:21:23.459+0000] {logging_mixin.py:188} INFO - [2025-11-20T01:21:23.458+0000] {dagbag.py:540} INFO - Filling up the DagBag from /opt/airflow/dags/sodai_pipeline_dag.py
[2025-11-20T01:21:23.474+0000] {processor.py:840} INFO - DAG(s) 'sodai_training_and_scoring' retrieved from /opt/airflow/dags/sodai_pipeline_dag.py
[2025-11-20T01:21:23.496+0000] {logging_mixin.py:188} INFO - [2025-11-20T01:21:23.496+0000] {dag.py:3096} INFO - Sync 1 DAGs
[2025-11-20T01:21:23.506+0000] {logging_mixin.py:188} INFO - [2025-11-20T01:21:23.506+0000] {dag.py:3954} INFO - Setting next_dagrun for sodai_training_and_scoring to None, run_after=None
[2025-11-20T01:21:23.527+0000] {processor.py:183} INFO - Processing /opt/airflow/dags/sodai_pipeline_dag.py took 0.074 seconds
[2025-11-20T01:21:53.687+0000] {processor.py:161} INFO - Started process (PID=987) to work on /opt/airflow/dags/sodai_pipeline_dag.py
[2025-11-20T01:21:53.688+0000] {processor.py:830} INFO - Processing file /opt/airflow/dags/sodai_pipeline_dag.py for tasks to queue
[2025-11-20T01:21:53.690+0000] {logging_mixin.py:188} INFO - [2025-11-20T01:21:53.690+0000] {dagbag.py:540} INFO - Filling up the DagBag from /opt/airflow/dags/sodai_pipeline_dag.py
[2025-11-20T01:21:53.705+0000] {processor.py:840} INFO - DAG(s) 'sodai_training_and_scoring' retrieved from /opt/airflow/dags/sodai_pipeline_dag.py
[2025-11-20T01:21:53.724+0000] {logging_mixin.py:188} INFO - [2025-11-20T01:21:53.724+0000] {dag.py:3096} INFO - Sync 1 DAGs
[2025-11-20T01:21:53.734+0000] {logging_mixin.py:188} INFO - [2025-11-20T01:21:53.734+0000] {dag.py:3954} INFO - Setting next_dagrun for sodai_training_and_scoring to None, run_after=None
[2025-11-20T01:21:53.748+0000] {processor.py:183} INFO - Processing /opt/airflow/dags/sodai_pipeline_dag.py took 0.067 seconds
[2025-11-20T01:22:24.109+0000] {processor.py:161} INFO - Started process (PID=997) to work on /opt/airflow/dags/sodai_pipeline_dag.py
[2025-11-20T01:22:24.110+0000] {processor.py:830} INFO - Processing file /opt/airflow/dags/sodai_pipeline_dag.py for tasks to queue
[2025-11-20T01:22:24.111+0000] {logging_mixin.py:188} INFO - [2025-11-20T01:22:24.111+0000] {dagbag.py:540} INFO - Filling up the DagBag from /opt/airflow/dags/sodai_pipeline_dag.py
[2025-11-20T01:22:24.126+0000] {processor.py:840} INFO - DAG(s) 'sodai_training_and_scoring' retrieved from /opt/airflow/dags/sodai_pipeline_dag.py
[2025-11-20T01:22:24.149+0000] {logging_mixin.py:188} INFO - [2025-11-20T01:22:24.149+0000] {dag.py:3096} INFO - Sync 1 DAGs
[2025-11-20T01:22:24.159+0000] {logging_mixin.py:188} INFO - [2025-11-20T01:22:24.159+0000] {dag.py:3954} INFO - Setting next_dagrun for sodai_training_and_scoring to None, run_after=None
[2025-11-20T01:22:24.179+0000] {processor.py:183} INFO - Processing /opt/airflow/dags/sodai_pipeline_dag.py took 0.074 seconds
[2025-11-20T01:22:54.408+0000] {processor.py:161} INFO - Started process (PID=1007) to work on /opt/airflow/dags/sodai_pipeline_dag.py
[2025-11-20T01:22:54.409+0000] {processor.py:830} INFO - Processing file /opt/airflow/dags/sodai_pipeline_dag.py for tasks to queue
[2025-11-20T01:22:54.410+0000] {logging_mixin.py:188} INFO - [2025-11-20T01:22:54.410+0000] {dagbag.py:540} INFO - Filling up the DagBag from /opt/airflow/dags/sodai_pipeline_dag.py
[2025-11-20T01:22:54.426+0000] {processor.py:840} INFO - DAG(s) 'sodai_training_and_scoring' retrieved from /opt/airflow/dags/sodai_pipeline_dag.py
[2025-11-20T01:22:54.447+0000] {logging_mixin.py:188} INFO - [2025-11-20T01:22:54.447+0000] {dag.py:3096} INFO - Sync 1 DAGs
[2025-11-20T01:22:54.457+0000] {logging_mixin.py:188} INFO - [2025-11-20T01:22:54.456+0000] {dag.py:3954} INFO - Setting next_dagrun for sodai_training_and_scoring to None, run_after=None
[2025-11-20T01:22:54.475+0000] {processor.py:183} INFO - Processing /opt/airflow/dags/sodai_pipeline_dag.py took 0.071 seconds
[2025-11-20T01:23:24.976+0000] {processor.py:161} INFO - Started process (PID=1017) to work on /opt/airflow/dags/sodai_pipeline_dag.py
[2025-11-20T01:23:24.976+0000] {processor.py:830} INFO - Processing file /opt/airflow/dags/sodai_pipeline_dag.py for tasks to queue
[2025-11-20T01:23:24.978+0000] {logging_mixin.py:188} INFO - [2025-11-20T01:23:24.977+0000] {dagbag.py:540} INFO - Filling up the DagBag from /opt/airflow/dags/sodai_pipeline_dag.py
[2025-11-20T01:23:24.990+0000] {processor.py:840} INFO - DAG(s) 'sodai_training_and_scoring' retrieved from /opt/airflow/dags/sodai_pipeline_dag.py
[2025-11-20T01:23:25.010+0000] {logging_mixin.py:188} INFO - [2025-11-20T01:23:25.010+0000] {dag.py:3096} INFO - Sync 1 DAGs
[2025-11-20T01:23:25.020+0000] {logging_mixin.py:188} INFO - [2025-11-20T01:23:25.020+0000] {dag.py:3954} INFO - Setting next_dagrun for sodai_training_and_scoring to None, run_after=None
[2025-11-20T01:23:25.036+0000] {processor.py:183} INFO - Processing /opt/airflow/dags/sodai_pipeline_dag.py took 0.065 seconds
[2025-11-20T01:23:55.411+0000] {processor.py:161} INFO - Started process (PID=1027) to work on /opt/airflow/dags/sodai_pipeline_dag.py
[2025-11-20T01:23:55.412+0000] {processor.py:830} INFO - Processing file /opt/airflow/dags/sodai_pipeline_dag.py for tasks to queue
[2025-11-20T01:23:55.413+0000] {logging_mixin.py:188} INFO - [2025-11-20T01:23:55.413+0000] {dagbag.py:540} INFO - Filling up the DagBag from /opt/airflow/dags/sodai_pipeline_dag.py
[2025-11-20T01:23:55.427+0000] {processor.py:840} INFO - DAG(s) 'sodai_training_and_scoring' retrieved from /opt/airflow/dags/sodai_pipeline_dag.py
[2025-11-20T01:23:55.446+0000] {logging_mixin.py:188} INFO - [2025-11-20T01:23:55.446+0000] {dag.py:3096} INFO - Sync 1 DAGs
[2025-11-20T01:23:55.458+0000] {logging_mixin.py:188} INFO - [2025-11-20T01:23:55.458+0000] {dag.py:3954} INFO - Setting next_dagrun for sodai_training_and_scoring to None, run_after=None
[2025-11-20T01:23:55.476+0000] {processor.py:183} INFO - Processing /opt/airflow/dags/sodai_pipeline_dag.py took 0.069 seconds
[2025-11-20T01:24:25.799+0000] {processor.py:161} INFO - Started process (PID=1037) to work on /opt/airflow/dags/sodai_pipeline_dag.py
[2025-11-20T01:24:25.800+0000] {processor.py:830} INFO - Processing file /opt/airflow/dags/sodai_pipeline_dag.py for tasks to queue
[2025-11-20T01:24:25.802+0000] {logging_mixin.py:188} INFO - [2025-11-20T01:24:25.801+0000] {dagbag.py:540} INFO - Filling up the DagBag from /opt/airflow/dags/sodai_pipeline_dag.py
[2025-11-20T01:24:25.818+0000] {processor.py:840} INFO - DAG(s) 'sodai_training_and_scoring' retrieved from /opt/airflow/dags/sodai_pipeline_dag.py
[2025-11-20T01:24:25.846+0000] {logging_mixin.py:188} INFO - [2025-11-20T01:24:25.845+0000] {dag.py:3096} INFO - Sync 1 DAGs
[2025-11-20T01:24:25.858+0000] {logging_mixin.py:188} INFO - [2025-11-20T01:24:25.858+0000] {dag.py:3954} INFO - Setting next_dagrun for sodai_training_and_scoring to None, run_after=None
[2025-11-20T01:24:25.884+0000] {processor.py:183} INFO - Processing /opt/airflow/dags/sodai_pipeline_dag.py took 0.089 seconds
