[2025-11-18T05:32:03.096+0000] {processor.py:161} INFO - Started process (PID=196) to work on /opt/airflow/dags/sodai/__init__.py
[2025-11-18T05:32:03.096+0000] {processor.py:830} INFO - Processing file /opt/airflow/dags/sodai/__init__.py for tasks to queue
[2025-11-18T05:32:03.098+0000] {logging_mixin.py:188} INFO - [2025-11-18T05:32:03.098+0000] {dagbag.py:540} INFO - Filling up the DagBag from /opt/airflow/dags/sodai/__init__.py
[2025-11-18T05:32:03.119+0000] {processor.py:842} WARNING - No viable dags retrieved from /opt/airflow/dags/sodai/__init__.py
[2025-11-18T05:32:03.130+0000] {processor.py:183} INFO - Processing /opt/airflow/dags/sodai/__init__.py took 0.038 seconds
[2025-11-18T05:32:33.617+0000] {processor.py:161} INFO - Started process (PID=235) to work on /opt/airflow/dags/sodai/__init__.py
[2025-11-18T05:32:33.618+0000] {processor.py:830} INFO - Processing file /opt/airflow/dags/sodai/__init__.py for tasks to queue
[2025-11-18T05:32:33.619+0000] {logging_mixin.py:188} INFO - [2025-11-18T05:32:33.619+0000] {dagbag.py:540} INFO - Filling up the DagBag from /opt/airflow/dags/sodai/__init__.py
[2025-11-18T05:32:33.627+0000] {processor.py:842} WARNING - No viable dags retrieved from /opt/airflow/dags/sodai/__init__.py
[2025-11-18T05:32:33.639+0000] {processor.py:183} INFO - Processing /opt/airflow/dags/sodai/__init__.py took 0.027 seconds
[2025-11-18T05:33:04.169+0000] {processor.py:161} INFO - Started process (PID=277) to work on /opt/airflow/dags/sodai/__init__.py
[2025-11-18T05:33:04.170+0000] {processor.py:830} INFO - Processing file /opt/airflow/dags/sodai/__init__.py for tasks to queue
[2025-11-18T05:33:04.171+0000] {logging_mixin.py:188} INFO - [2025-11-18T05:33:04.171+0000] {dagbag.py:540} INFO - Filling up the DagBag from /opt/airflow/dags/sodai/__init__.py
[2025-11-18T05:33:04.181+0000] {processor.py:842} WARNING - No viable dags retrieved from /opt/airflow/dags/sodai/__init__.py
[2025-11-18T05:33:04.192+0000] {processor.py:183} INFO - Processing /opt/airflow/dags/sodai/__init__.py took 0.028 seconds
[2025-11-18T05:33:34.507+0000] {processor.py:161} INFO - Started process (PID=319) to work on /opt/airflow/dags/sodai/__init__.py
[2025-11-18T05:33:34.508+0000] {processor.py:830} INFO - Processing file /opt/airflow/dags/sodai/__init__.py for tasks to queue
[2025-11-18T05:33:34.509+0000] {logging_mixin.py:188} INFO - [2025-11-18T05:33:34.509+0000] {dagbag.py:540} INFO - Filling up the DagBag from /opt/airflow/dags/sodai/__init__.py
[2025-11-18T05:33:34.523+0000] {processor.py:842} WARNING - No viable dags retrieved from /opt/airflow/dags/sodai/__init__.py
[2025-11-18T05:33:34.534+0000] {processor.py:183} INFO - Processing /opt/airflow/dags/sodai/__init__.py took 0.031 seconds
[2025-11-18T05:34:04.955+0000] {processor.py:161} INFO - Started process (PID=361) to work on /opt/airflow/dags/sodai/__init__.py
[2025-11-18T05:34:04.955+0000] {processor.py:830} INFO - Processing file /opt/airflow/dags/sodai/__init__.py for tasks to queue
[2025-11-18T05:34:04.957+0000] {logging_mixin.py:188} INFO - [2025-11-18T05:34:04.957+0000] {dagbag.py:540} INFO - Filling up the DagBag from /opt/airflow/dags/sodai/__init__.py
[2025-11-18T05:34:04.968+0000] {processor.py:842} WARNING - No viable dags retrieved from /opt/airflow/dags/sodai/__init__.py
[2025-11-18T05:34:04.978+0000] {processor.py:183} INFO - Processing /opt/airflow/dags/sodai/__init__.py took 0.029 seconds
[2025-11-18T05:34:35.214+0000] {processor.py:161} INFO - Started process (PID=403) to work on /opt/airflow/dags/sodai/__init__.py
[2025-11-18T05:34:35.215+0000] {processor.py:830} INFO - Processing file /opt/airflow/dags/sodai/__init__.py for tasks to queue
[2025-11-18T05:34:35.216+0000] {logging_mixin.py:188} INFO - [2025-11-18T05:34:35.216+0000] {dagbag.py:540} INFO - Filling up the DagBag from /opt/airflow/dags/sodai/__init__.py
[2025-11-18T05:34:35.225+0000] {processor.py:842} WARNING - No viable dags retrieved from /opt/airflow/dags/sodai/__init__.py
[2025-11-18T05:34:35.236+0000] {processor.py:183} INFO - Processing /opt/airflow/dags/sodai/__init__.py took 0.026 seconds
[2025-11-18T05:35:05.759+0000] {processor.py:161} INFO - Started process (PID=445) to work on /opt/airflow/dags/sodai/__init__.py
[2025-11-18T05:35:05.760+0000] {processor.py:830} INFO - Processing file /opt/airflow/dags/sodai/__init__.py for tasks to queue
[2025-11-18T05:35:05.762+0000] {logging_mixin.py:188} INFO - [2025-11-18T05:35:05.762+0000] {dagbag.py:540} INFO - Filling up the DagBag from /opt/airflow/dags/sodai/__init__.py
[2025-11-18T05:35:05.775+0000] {processor.py:842} WARNING - No viable dags retrieved from /opt/airflow/dags/sodai/__init__.py
[2025-11-18T05:35:05.785+0000] {processor.py:183} INFO - Processing /opt/airflow/dags/sodai/__init__.py took 0.031 seconds
[2025-11-18T05:35:36.506+0000] {processor.py:161} INFO - Started process (PID=487) to work on /opt/airflow/dags/sodai/__init__.py
[2025-11-18T05:35:36.507+0000] {processor.py:830} INFO - Processing file /opt/airflow/dags/sodai/__init__.py for tasks to queue
[2025-11-18T05:35:36.509+0000] {logging_mixin.py:188} INFO - [2025-11-18T05:35:36.509+0000] {dagbag.py:540} INFO - Filling up the DagBag from /opt/airflow/dags/sodai/__init__.py
[2025-11-18T05:35:36.523+0000] {processor.py:842} WARNING - No viable dags retrieved from /opt/airflow/dags/sodai/__init__.py
[2025-11-18T05:35:36.533+0000] {processor.py:183} INFO - Processing /opt/airflow/dags/sodai/__init__.py took 0.031 seconds
[2025-11-18T05:36:06.977+0000] {processor.py:161} INFO - Started process (PID=529) to work on /opt/airflow/dags/sodai/__init__.py
[2025-11-18T05:36:06.979+0000] {processor.py:830} INFO - Processing file /opt/airflow/dags/sodai/__init__.py for tasks to queue
[2025-11-18T05:36:06.981+0000] {logging_mixin.py:188} INFO - [2025-11-18T05:36:06.981+0000] {dagbag.py:540} INFO - Filling up the DagBag from /opt/airflow/dags/sodai/__init__.py
[2025-11-18T05:36:07.022+0000] {processor.py:842} WARNING - No viable dags retrieved from /opt/airflow/dags/sodai/__init__.py
[2025-11-18T05:36:07.033+0000] {processor.py:183} INFO - Processing /opt/airflow/dags/sodai/__init__.py took 0.061 seconds
[2025-11-18T05:36:37.090+0000] {processor.py:161} INFO - Started process (PID=571) to work on /opt/airflow/dags/sodai/__init__.py
[2025-11-18T05:36:37.091+0000] {processor.py:830} INFO - Processing file /opt/airflow/dags/sodai/__init__.py for tasks to queue
[2025-11-18T05:36:37.093+0000] {logging_mixin.py:188} INFO - [2025-11-18T05:36:37.092+0000] {dagbag.py:540} INFO - Filling up the DagBag from /opt/airflow/dags/sodai/__init__.py
[2025-11-18T05:36:37.110+0000] {processor.py:842} WARNING - No viable dags retrieved from /opt/airflow/dags/sodai/__init__.py
[2025-11-18T05:36:37.120+0000] {processor.py:183} INFO - Processing /opt/airflow/dags/sodai/__init__.py took 0.035 seconds
[2025-11-18T05:37:07.664+0000] {processor.py:161} INFO - Started process (PID=613) to work on /opt/airflow/dags/sodai/__init__.py
[2025-11-18T05:37:07.665+0000] {processor.py:830} INFO - Processing file /opt/airflow/dags/sodai/__init__.py for tasks to queue
[2025-11-18T05:37:07.670+0000] {logging_mixin.py:188} INFO - [2025-11-18T05:37:07.670+0000] {dagbag.py:540} INFO - Filling up the DagBag from /opt/airflow/dags/sodai/__init__.py
[2025-11-18T05:37:07.695+0000] {processor.py:842} WARNING - No viable dags retrieved from /opt/airflow/dags/sodai/__init__.py
[2025-11-18T05:37:07.705+0000] {processor.py:183} INFO - Processing /opt/airflow/dags/sodai/__init__.py took 0.046 seconds
[2025-11-18T05:37:38.142+0000] {processor.py:161} INFO - Started process (PID=655) to work on /opt/airflow/dags/sodai/__init__.py
[2025-11-18T05:37:38.143+0000] {processor.py:830} INFO - Processing file /opt/airflow/dags/sodai/__init__.py for tasks to queue
[2025-11-18T05:37:38.145+0000] {logging_mixin.py:188} INFO - [2025-11-18T05:37:38.145+0000] {dagbag.py:540} INFO - Filling up the DagBag from /opt/airflow/dags/sodai/__init__.py
[2025-11-18T05:37:38.159+0000] {processor.py:842} WARNING - No viable dags retrieved from /opt/airflow/dags/sodai/__init__.py
[2025-11-18T05:37:38.169+0000] {processor.py:183} INFO - Processing /opt/airflow/dags/sodai/__init__.py took 0.031 seconds
[2025-11-18T05:38:09.134+0000] {processor.py:161} INFO - Started process (PID=710) to work on /opt/airflow/dags/sodai/__init__.py
[2025-11-18T05:38:09.135+0000] {processor.py:830} INFO - Processing file /opt/airflow/dags/sodai/__init__.py for tasks to queue
[2025-11-18T05:38:09.136+0000] {logging_mixin.py:188} INFO - [2025-11-18T05:38:09.136+0000] {dagbag.py:540} INFO - Filling up the DagBag from /opt/airflow/dags/sodai/__init__.py
[2025-11-18T05:38:09.151+0000] {processor.py:842} WARNING - No viable dags retrieved from /opt/airflow/dags/sodai/__init__.py
[2025-11-18T05:38:09.161+0000] {processor.py:183} INFO - Processing /opt/airflow/dags/sodai/__init__.py took 0.031 seconds
[2025-11-18T05:38:39.569+0000] {processor.py:161} INFO - Started process (PID=731) to work on /opt/airflow/dags/sodai/__init__.py
[2025-11-18T05:38:39.570+0000] {processor.py:830} INFO - Processing file /opt/airflow/dags/sodai/__init__.py for tasks to queue
[2025-11-18T05:38:39.572+0000] {logging_mixin.py:188} INFO - [2025-11-18T05:38:39.571+0000] {dagbag.py:540} INFO - Filling up the DagBag from /opt/airflow/dags/sodai/__init__.py
[2025-11-18T05:38:39.581+0000] {processor.py:842} WARNING - No viable dags retrieved from /opt/airflow/dags/sodai/__init__.py
[2025-11-18T05:38:39.591+0000] {processor.py:183} INFO - Processing /opt/airflow/dags/sodai/__init__.py took 0.028 seconds
[2025-11-18T05:39:10.303+0000] {processor.py:161} INFO - Started process (PID=752) to work on /opt/airflow/dags/sodai/__init__.py
[2025-11-18T05:39:10.305+0000] {processor.py:830} INFO - Processing file /opt/airflow/dags/sodai/__init__.py for tasks to queue
[2025-11-18T05:39:10.307+0000] {logging_mixin.py:188} INFO - [2025-11-18T05:39:10.306+0000] {dagbag.py:540} INFO - Filling up the DagBag from /opt/airflow/dags/sodai/__init__.py
[2025-11-18T05:39:10.376+0000] {processor.py:842} WARNING - No viable dags retrieved from /opt/airflow/dags/sodai/__init__.py
[2025-11-18T05:39:10.388+0000] {processor.py:183} INFO - Processing /opt/airflow/dags/sodai/__init__.py took 0.090 seconds
[2025-11-18T05:39:40.811+0000] {processor.py:161} INFO - Started process (PID=773) to work on /opt/airflow/dags/sodai/__init__.py
[2025-11-18T05:39:40.812+0000] {processor.py:830} INFO - Processing file /opt/airflow/dags/sodai/__init__.py for tasks to queue
[2025-11-18T05:39:40.812+0000] {logging_mixin.py:188} INFO - [2025-11-18T05:39:40.812+0000] {dagbag.py:540} INFO - Filling up the DagBag from /opt/airflow/dags/sodai/__init__.py
[2025-11-18T05:39:40.830+0000] {processor.py:842} WARNING - No viable dags retrieved from /opt/airflow/dags/sodai/__init__.py
[2025-11-18T05:39:40.840+0000] {processor.py:183} INFO - Processing /opt/airflow/dags/sodai/__init__.py took 0.034 seconds
[2025-11-18T05:40:11.423+0000] {processor.py:161} INFO - Started process (PID=794) to work on /opt/airflow/dags/sodai/__init__.py
[2025-11-18T05:40:11.424+0000] {processor.py:830} INFO - Processing file /opt/airflow/dags/sodai/__init__.py for tasks to queue
[2025-11-18T05:40:11.424+0000] {logging_mixin.py:188} INFO - [2025-11-18T05:40:11.424+0000] {dagbag.py:540} INFO - Filling up the DagBag from /opt/airflow/dags/sodai/__init__.py
[2025-11-18T05:40:11.432+0000] {processor.py:842} WARNING - No viable dags retrieved from /opt/airflow/dags/sodai/__init__.py
[2025-11-18T05:40:11.443+0000] {processor.py:183} INFO - Processing /opt/airflow/dags/sodai/__init__.py took 0.024 seconds
[2025-11-18T05:40:42.176+0000] {processor.py:161} INFO - Started process (PID=815) to work on /opt/airflow/dags/sodai/__init__.py
[2025-11-18T05:40:42.194+0000] {processor.py:830} INFO - Processing file /opt/airflow/dags/sodai/__init__.py for tasks to queue
[2025-11-18T05:40:42.196+0000] {logging_mixin.py:188} INFO - [2025-11-18T05:40:42.196+0000] {dagbag.py:540} INFO - Filling up the DagBag from /opt/airflow/dags/sodai/__init__.py
[2025-11-18T05:40:42.204+0000] {processor.py:842} WARNING - No viable dags retrieved from /opt/airflow/dags/sodai/__init__.py
[2025-11-18T05:40:42.216+0000] {processor.py:183} INFO - Processing /opt/airflow/dags/sodai/__init__.py took 0.044 seconds
[2025-11-18T05:41:12.805+0000] {processor.py:161} INFO - Started process (PID=836) to work on /opt/airflow/dags/sodai/__init__.py
[2025-11-18T05:41:12.805+0000] {processor.py:830} INFO - Processing file /opt/airflow/dags/sodai/__init__.py for tasks to queue
[2025-11-18T05:41:12.806+0000] {logging_mixin.py:188} INFO - [2025-11-18T05:41:12.806+0000] {dagbag.py:540} INFO - Filling up the DagBag from /opt/airflow/dags/sodai/__init__.py
[2025-11-18T05:41:12.813+0000] {processor.py:842} WARNING - No viable dags retrieved from /opt/airflow/dags/sodai/__init__.py
[2025-11-18T05:41:12.823+0000] {processor.py:183} INFO - Processing /opt/airflow/dags/sodai/__init__.py took 0.023 seconds
[2025-11-18T05:41:43.133+0000] {processor.py:161} INFO - Started process (PID=857) to work on /opt/airflow/dags/sodai/__init__.py
[2025-11-18T05:41:43.133+0000] {processor.py:830} INFO - Processing file /opt/airflow/dags/sodai/__init__.py for tasks to queue
[2025-11-18T05:41:43.134+0000] {logging_mixin.py:188} INFO - [2025-11-18T05:41:43.134+0000] {dagbag.py:540} INFO - Filling up the DagBag from /opt/airflow/dags/sodai/__init__.py
[2025-11-18T05:41:43.142+0000] {processor.py:842} WARNING - No viable dags retrieved from /opt/airflow/dags/sodai/__init__.py
[2025-11-18T05:41:43.152+0000] {processor.py:183} INFO - Processing /opt/airflow/dags/sodai/__init__.py took 0.023 seconds
[2025-11-18T05:42:13.637+0000] {processor.py:161} INFO - Started process (PID=875) to work on /opt/airflow/dags/sodai/__init__.py
[2025-11-18T05:42:13.638+0000] {processor.py:830} INFO - Processing file /opt/airflow/dags/sodai/__init__.py for tasks to queue
[2025-11-18T05:42:13.638+0000] {logging_mixin.py:188} INFO - [2025-11-18T05:42:13.638+0000] {dagbag.py:540} INFO - Filling up the DagBag from /opt/airflow/dags/sodai/__init__.py
[2025-11-18T05:42:13.646+0000] {processor.py:842} WARNING - No viable dags retrieved from /opt/airflow/dags/sodai/__init__.py
[2025-11-18T05:42:13.656+0000] {processor.py:183} INFO - Processing /opt/airflow/dags/sodai/__init__.py took 0.023 seconds
[2025-11-18T05:42:44.026+0000] {processor.py:161} INFO - Started process (PID=886) to work on /opt/airflow/dags/sodai/__init__.py
[2025-11-18T05:42:44.027+0000] {processor.py:830} INFO - Processing file /opt/airflow/dags/sodai/__init__.py for tasks to queue
[2025-11-18T05:42:44.027+0000] {logging_mixin.py:188} INFO - [2025-11-18T05:42:44.027+0000] {dagbag.py:540} INFO - Filling up the DagBag from /opt/airflow/dags/sodai/__init__.py
[2025-11-18T05:42:44.036+0000] {processor.py:842} WARNING - No viable dags retrieved from /opt/airflow/dags/sodai/__init__.py
[2025-11-18T05:42:44.048+0000] {processor.py:183} INFO - Processing /opt/airflow/dags/sodai/__init__.py took 0.029 seconds
[2025-11-18T05:43:14.379+0000] {processor.py:161} INFO - Started process (PID=897) to work on /opt/airflow/dags/sodai/__init__.py
[2025-11-18T05:43:14.380+0000] {processor.py:830} INFO - Processing file /opt/airflow/dags/sodai/__init__.py for tasks to queue
[2025-11-18T05:43:14.381+0000] {logging_mixin.py:188} INFO - [2025-11-18T05:43:14.381+0000] {dagbag.py:540} INFO - Filling up the DagBag from /opt/airflow/dags/sodai/__init__.py
[2025-11-18T05:43:14.388+0000] {processor.py:842} WARNING - No viable dags retrieved from /opt/airflow/dags/sodai/__init__.py
[2025-11-18T05:43:14.398+0000] {processor.py:183} INFO - Processing /opt/airflow/dags/sodai/__init__.py took 0.023 seconds
[2025-11-18T05:43:44.759+0000] {processor.py:161} INFO - Started process (PID=908) to work on /opt/airflow/dags/sodai/__init__.py
[2025-11-18T05:43:44.765+0000] {processor.py:830} INFO - Processing file /opt/airflow/dags/sodai/__init__.py for tasks to queue
[2025-11-18T05:43:44.766+0000] {logging_mixin.py:188} INFO - [2025-11-18T05:43:44.765+0000] {dagbag.py:540} INFO - Filling up the DagBag from /opt/airflow/dags/sodai/__init__.py
[2025-11-18T05:43:44.821+0000] {processor.py:842} WARNING - No viable dags retrieved from /opt/airflow/dags/sodai/__init__.py
[2025-11-18T05:43:44.832+0000] {processor.py:183} INFO - Processing /opt/airflow/dags/sodai/__init__.py took 0.078 seconds
[2025-11-18T05:44:15.198+0000] {processor.py:161} INFO - Started process (PID=919) to work on /opt/airflow/dags/sodai/__init__.py
[2025-11-18T05:44:15.199+0000] {processor.py:830} INFO - Processing file /opt/airflow/dags/sodai/__init__.py for tasks to queue
[2025-11-18T05:44:15.199+0000] {logging_mixin.py:188} INFO - [2025-11-18T05:44:15.199+0000] {dagbag.py:540} INFO - Filling up the DagBag from /opt/airflow/dags/sodai/__init__.py
[2025-11-18T05:44:15.207+0000] {processor.py:842} WARNING - No viable dags retrieved from /opt/airflow/dags/sodai/__init__.py
[2025-11-18T05:44:15.217+0000] {processor.py:183} INFO - Processing /opt/airflow/dags/sodai/__init__.py took 0.024 seconds
[2025-11-18T05:44:45.700+0000] {processor.py:161} INFO - Started process (PID=930) to work on /opt/airflow/dags/sodai/__init__.py
[2025-11-18T05:44:45.701+0000] {processor.py:830} INFO - Processing file /opt/airflow/dags/sodai/__init__.py for tasks to queue
[2025-11-18T05:44:45.703+0000] {logging_mixin.py:188} INFO - [2025-11-18T05:44:45.703+0000] {dagbag.py:540} INFO - Filling up the DagBag from /opt/airflow/dags/sodai/__init__.py
[2025-11-18T05:44:45.746+0000] {processor.py:842} WARNING - No viable dags retrieved from /opt/airflow/dags/sodai/__init__.py
[2025-11-18T05:44:45.757+0000] {processor.py:183} INFO - Processing /opt/airflow/dags/sodai/__init__.py took 0.061 seconds
[2025-11-18T05:45:16.181+0000] {processor.py:161} INFO - Started process (PID=941) to work on /opt/airflow/dags/sodai/__init__.py
[2025-11-18T05:45:16.183+0000] {processor.py:830} INFO - Processing file /opt/airflow/dags/sodai/__init__.py for tasks to queue
[2025-11-18T05:45:16.187+0000] {logging_mixin.py:188} INFO - [2025-11-18T05:45:16.186+0000] {dagbag.py:540} INFO - Filling up the DagBag from /opt/airflow/dags/sodai/__init__.py
[2025-11-18T05:45:16.262+0000] {processor.py:842} WARNING - No viable dags retrieved from /opt/airflow/dags/sodai/__init__.py
[2025-11-18T05:45:16.273+0000] {processor.py:183} INFO - Processing /opt/airflow/dags/sodai/__init__.py took 0.096 seconds
[2025-11-18T05:45:46.696+0000] {processor.py:161} INFO - Started process (PID=952) to work on /opt/airflow/dags/sodai/__init__.py
[2025-11-18T05:45:46.700+0000] {processor.py:830} INFO - Processing file /opt/airflow/dags/sodai/__init__.py for tasks to queue
[2025-11-18T05:45:46.701+0000] {logging_mixin.py:188} INFO - [2025-11-18T05:45:46.700+0000] {dagbag.py:540} INFO - Filling up the DagBag from /opt/airflow/dags/sodai/__init__.py
[2025-11-18T05:45:46.721+0000] {processor.py:842} WARNING - No viable dags retrieved from /opt/airflow/dags/sodai/__init__.py
[2025-11-18T05:45:46.732+0000] {processor.py:183} INFO - Processing /opt/airflow/dags/sodai/__init__.py took 0.040 seconds
[2025-11-18T05:46:17.052+0000] {processor.py:161} INFO - Started process (PID=963) to work on /opt/airflow/dags/sodai/__init__.py
[2025-11-18T05:46:17.053+0000] {processor.py:830} INFO - Processing file /opt/airflow/dags/sodai/__init__.py for tasks to queue
[2025-11-18T05:46:17.054+0000] {logging_mixin.py:188} INFO - [2025-11-18T05:46:17.053+0000] {dagbag.py:540} INFO - Filling up the DagBag from /opt/airflow/dags/sodai/__init__.py
[2025-11-18T05:46:17.069+0000] {processor.py:842} WARNING - No viable dags retrieved from /opt/airflow/dags/sodai/__init__.py
[2025-11-18T05:46:17.079+0000] {processor.py:183} INFO - Processing /opt/airflow/dags/sodai/__init__.py took 0.030 seconds
[2025-11-18T05:46:47.386+0000] {processor.py:161} INFO - Started process (PID=974) to work on /opt/airflow/dags/sodai/__init__.py
[2025-11-18T05:46:47.386+0000] {processor.py:830} INFO - Processing file /opt/airflow/dags/sodai/__init__.py for tasks to queue
[2025-11-18T05:46:47.388+0000] {logging_mixin.py:188} INFO - [2025-11-18T05:46:47.387+0000] {dagbag.py:540} INFO - Filling up the DagBag from /opt/airflow/dags/sodai/__init__.py
[2025-11-18T05:46:47.396+0000] {processor.py:842} WARNING - No viable dags retrieved from /opt/airflow/dags/sodai/__init__.py
[2025-11-18T05:46:47.405+0000] {processor.py:183} INFO - Processing /opt/airflow/dags/sodai/__init__.py took 0.023 seconds
[2025-11-18T05:47:18.000+0000] {processor.py:161} INFO - Started process (PID=985) to work on /opt/airflow/dags/sodai/__init__.py
[2025-11-18T05:47:18.000+0000] {processor.py:830} INFO - Processing file /opt/airflow/dags/sodai/__init__.py for tasks to queue
[2025-11-18T05:47:18.001+0000] {logging_mixin.py:188} INFO - [2025-11-18T05:47:18.001+0000] {dagbag.py:540} INFO - Filling up the DagBag from /opt/airflow/dags/sodai/__init__.py
[2025-11-18T05:47:18.013+0000] {processor.py:842} WARNING - No viable dags retrieved from /opt/airflow/dags/sodai/__init__.py
[2025-11-18T05:47:18.022+0000] {processor.py:183} INFO - Processing /opt/airflow/dags/sodai/__init__.py took 0.027 seconds
[2025-11-18T05:47:48.142+0000] {processor.py:161} INFO - Started process (PID=1006) to work on /opt/airflow/dags/sodai/__init__.py
[2025-11-18T05:47:48.144+0000] {processor.py:830} INFO - Processing file /opt/airflow/dags/sodai/__init__.py for tasks to queue
[2025-11-18T05:47:48.147+0000] {logging_mixin.py:188} INFO - [2025-11-18T05:47:48.146+0000] {dagbag.py:540} INFO - Filling up the DagBag from /opt/airflow/dags/sodai/__init__.py
[2025-11-18T05:47:48.155+0000] {processor.py:842} WARNING - No viable dags retrieved from /opt/airflow/dags/sodai/__init__.py
[2025-11-18T05:47:48.165+0000] {processor.py:183} INFO - Processing /opt/airflow/dags/sodai/__init__.py took 0.027 seconds
[2025-11-18T05:48:18.753+0000] {processor.py:161} INFO - Started process (PID=1026) to work on /opt/airflow/dags/sodai/__init__.py
[2025-11-18T05:48:18.754+0000] {processor.py:830} INFO - Processing file /opt/airflow/dags/sodai/__init__.py for tasks to queue
[2025-11-18T05:48:18.754+0000] {logging_mixin.py:188} INFO - [2025-11-18T05:48:18.754+0000] {dagbag.py:540} INFO - Filling up the DagBag from /opt/airflow/dags/sodai/__init__.py
[2025-11-18T05:48:18.763+0000] {processor.py:842} WARNING - No viable dags retrieved from /opt/airflow/dags/sodai/__init__.py
[2025-11-18T05:48:18.774+0000] {processor.py:183} INFO - Processing /opt/airflow/dags/sodai/__init__.py took 0.026 seconds
[2025-11-18T05:48:49.129+0000] {processor.py:161} INFO - Started process (PID=1036) to work on /opt/airflow/dags/sodai/__init__.py
[2025-11-18T05:48:49.130+0000] {processor.py:830} INFO - Processing file /opt/airflow/dags/sodai/__init__.py for tasks to queue
[2025-11-18T05:48:49.131+0000] {logging_mixin.py:188} INFO - [2025-11-18T05:48:49.130+0000] {dagbag.py:540} INFO - Filling up the DagBag from /opt/airflow/dags/sodai/__init__.py
[2025-11-18T05:48:49.139+0000] {processor.py:842} WARNING - No viable dags retrieved from /opt/airflow/dags/sodai/__init__.py
[2025-11-18T05:48:49.148+0000] {processor.py:183} INFO - Processing /opt/airflow/dags/sodai/__init__.py took 0.022 seconds
[2025-11-18T05:49:19.569+0000] {processor.py:161} INFO - Started process (PID=1046) to work on /opt/airflow/dags/sodai/__init__.py
[2025-11-18T05:49:19.570+0000] {processor.py:830} INFO - Processing file /opt/airflow/dags/sodai/__init__.py for tasks to queue
[2025-11-18T05:49:19.570+0000] {logging_mixin.py:188} INFO - [2025-11-18T05:49:19.570+0000] {dagbag.py:540} INFO - Filling up the DagBag from /opt/airflow/dags/sodai/__init__.py
[2025-11-18T05:49:19.578+0000] {processor.py:842} WARNING - No viable dags retrieved from /opt/airflow/dags/sodai/__init__.py
[2025-11-18T05:49:19.587+0000] {processor.py:183} INFO - Processing /opt/airflow/dags/sodai/__init__.py took 0.022 seconds
[2025-11-18T05:49:49.948+0000] {processor.py:161} INFO - Started process (PID=1056) to work on /opt/airflow/dags/sodai/__init__.py
[2025-11-18T05:49:49.949+0000] {processor.py:830} INFO - Processing file /opt/airflow/dags/sodai/__init__.py for tasks to queue
[2025-11-18T05:49:49.950+0000] {logging_mixin.py:188} INFO - [2025-11-18T05:49:49.949+0000] {dagbag.py:540} INFO - Filling up the DagBag from /opt/airflow/dags/sodai/__init__.py
[2025-11-18T05:49:49.957+0000] {processor.py:842} WARNING - No viable dags retrieved from /opt/airflow/dags/sodai/__init__.py
[2025-11-18T05:49:49.967+0000] {processor.py:183} INFO - Processing /opt/airflow/dags/sodai/__init__.py took 0.023 seconds
[2025-11-18T05:50:20.399+0000] {processor.py:161} INFO - Started process (PID=1066) to work on /opt/airflow/dags/sodai/__init__.py
[2025-11-18T05:50:20.400+0000] {processor.py:830} INFO - Processing file /opt/airflow/dags/sodai/__init__.py for tasks to queue
[2025-11-18T05:50:20.401+0000] {logging_mixin.py:188} INFO - [2025-11-18T05:50:20.400+0000] {dagbag.py:540} INFO - Filling up the DagBag from /opt/airflow/dags/sodai/__init__.py
[2025-11-18T05:50:20.416+0000] {processor.py:842} WARNING - No viable dags retrieved from /opt/airflow/dags/sodai/__init__.py
[2025-11-18T05:50:20.426+0000] {processor.py:183} INFO - Processing /opt/airflow/dags/sodai/__init__.py took 0.031 seconds
[2025-11-18T05:50:50.816+0000] {processor.py:161} INFO - Started process (PID=1076) to work on /opt/airflow/dags/sodai/__init__.py
[2025-11-18T05:50:50.817+0000] {processor.py:830} INFO - Processing file /opt/airflow/dags/sodai/__init__.py for tasks to queue
[2025-11-18T05:50:50.818+0000] {logging_mixin.py:188} INFO - [2025-11-18T05:50:50.817+0000] {dagbag.py:540} INFO - Filling up the DagBag from /opt/airflow/dags/sodai/__init__.py
[2025-11-18T05:50:50.830+0000] {processor.py:842} WARNING - No viable dags retrieved from /opt/airflow/dags/sodai/__init__.py
[2025-11-18T05:50:50.838+0000] {processor.py:183} INFO - Processing /opt/airflow/dags/sodai/__init__.py took 0.026 seconds
[2025-11-18T05:51:21.190+0000] {processor.py:161} INFO - Started process (PID=1086) to work on /opt/airflow/dags/sodai/__init__.py
[2025-11-18T05:51:21.190+0000] {processor.py:830} INFO - Processing file /opt/airflow/dags/sodai/__init__.py for tasks to queue
[2025-11-18T05:51:21.191+0000] {logging_mixin.py:188} INFO - [2025-11-18T05:51:21.191+0000] {dagbag.py:540} INFO - Filling up the DagBag from /opt/airflow/dags/sodai/__init__.py
[2025-11-18T05:51:21.198+0000] {processor.py:842} WARNING - No viable dags retrieved from /opt/airflow/dags/sodai/__init__.py
[2025-11-18T05:51:21.208+0000] {processor.py:183} INFO - Processing /opt/airflow/dags/sodai/__init__.py took 0.023 seconds
[2025-11-18T05:51:51.555+0000] {processor.py:161} INFO - Started process (PID=1096) to work on /opt/airflow/dags/sodai/__init__.py
[2025-11-18T05:51:51.555+0000] {processor.py:830} INFO - Processing file /opt/airflow/dags/sodai/__init__.py for tasks to queue
[2025-11-18T05:51:51.556+0000] {logging_mixin.py:188} INFO - [2025-11-18T05:51:51.556+0000] {dagbag.py:540} INFO - Filling up the DagBag from /opt/airflow/dags/sodai/__init__.py
[2025-11-18T05:51:51.564+0000] {processor.py:842} WARNING - No viable dags retrieved from /opt/airflow/dags/sodai/__init__.py
[2025-11-18T05:51:51.574+0000] {processor.py:183} INFO - Processing /opt/airflow/dags/sodai/__init__.py took 0.023 seconds
[2025-11-18T15:53:37.457+0000] {processor.py:161} INFO - Started process (PID=196) to work on /opt/airflow/dags/sodai/__init__.py
[2025-11-18T15:53:37.458+0000] {processor.py:830} INFO - Processing file /opt/airflow/dags/sodai/__init__.py for tasks to queue
[2025-11-18T15:53:37.460+0000] {logging_mixin.py:188} INFO - [2025-11-18T15:53:37.459+0000] {dagbag.py:540} INFO - Filling up the DagBag from /opt/airflow/dags/sodai/__init__.py
[2025-11-18T15:53:37.494+0000] {processor.py:842} WARNING - No viable dags retrieved from /opt/airflow/dags/sodai/__init__.py
[2025-11-18T15:53:37.508+0000] {processor.py:183} INFO - Processing /opt/airflow/dags/sodai/__init__.py took 0.055 seconds
[2025-11-18T15:54:08.428+0000] {processor.py:161} INFO - Started process (PID=206) to work on /opt/airflow/dags/sodai/__init__.py
[2025-11-18T15:54:08.428+0000] {processor.py:830} INFO - Processing file /opt/airflow/dags/sodai/__init__.py for tasks to queue
[2025-11-18T15:54:08.430+0000] {logging_mixin.py:188} INFO - [2025-11-18T15:54:08.430+0000] {dagbag.py:540} INFO - Filling up the DagBag from /opt/airflow/dags/sodai/__init__.py
[2025-11-18T15:54:08.447+0000] {processor.py:842} WARNING - No viable dags retrieved from /opt/airflow/dags/sodai/__init__.py
[2025-11-18T15:54:08.458+0000] {processor.py:183} INFO - Processing /opt/airflow/dags/sodai/__init__.py took 0.035 seconds
[2025-11-18T15:54:39.149+0000] {processor.py:161} INFO - Started process (PID=216) to work on /opt/airflow/dags/sodai/__init__.py
[2025-11-18T15:54:39.150+0000] {processor.py:830} INFO - Processing file /opt/airflow/dags/sodai/__init__.py for tasks to queue
[2025-11-18T15:54:39.151+0000] {logging_mixin.py:188} INFO - [2025-11-18T15:54:39.151+0000] {dagbag.py:540} INFO - Filling up the DagBag from /opt/airflow/dags/sodai/__init__.py
[2025-11-18T15:54:39.167+0000] {processor.py:842} WARNING - No viable dags retrieved from /opt/airflow/dags/sodai/__init__.py
[2025-11-18T15:54:39.177+0000] {processor.py:183} INFO - Processing /opt/airflow/dags/sodai/__init__.py took 0.033 seconds
[2025-11-18T15:55:09.893+0000] {processor.py:161} INFO - Started process (PID=229) to work on /opt/airflow/dags/sodai/__init__.py
[2025-11-18T15:55:09.894+0000] {processor.py:830} INFO - Processing file /opt/airflow/dags/sodai/__init__.py for tasks to queue
[2025-11-18T15:55:09.896+0000] {logging_mixin.py:188} INFO - [2025-11-18T15:55:09.896+0000] {dagbag.py:540} INFO - Filling up the DagBag from /opt/airflow/dags/sodai/__init__.py
[2025-11-18T15:55:09.914+0000] {processor.py:842} WARNING - No viable dags retrieved from /opt/airflow/dags/sodai/__init__.py
[2025-11-18T15:55:09.926+0000] {processor.py:183} INFO - Processing /opt/airflow/dags/sodai/__init__.py took 0.036 seconds
[2025-11-18T15:55:40.630+0000] {processor.py:161} INFO - Started process (PID=239) to work on /opt/airflow/dags/sodai/__init__.py
[2025-11-18T15:55:40.631+0000] {processor.py:830} INFO - Processing file /opt/airflow/dags/sodai/__init__.py for tasks to queue
[2025-11-18T15:55:40.633+0000] {logging_mixin.py:188} INFO - [2025-11-18T15:55:40.633+0000] {dagbag.py:540} INFO - Filling up the DagBag from /opt/airflow/dags/sodai/__init__.py
[2025-11-18T15:55:40.689+0000] {processor.py:842} WARNING - No viable dags retrieved from /opt/airflow/dags/sodai/__init__.py
[2025-11-18T15:55:40.700+0000] {processor.py:183} INFO - Processing /opt/airflow/dags/sodai/__init__.py took 0.076 seconds
[2025-11-18T15:56:11.445+0000] {processor.py:161} INFO - Started process (PID=249) to work on /opt/airflow/dags/sodai/__init__.py
[2025-11-18T15:56:11.446+0000] {processor.py:830} INFO - Processing file /opt/airflow/dags/sodai/__init__.py for tasks to queue
[2025-11-18T15:56:11.449+0000] {logging_mixin.py:188} INFO - [2025-11-18T15:56:11.449+0000] {dagbag.py:540} INFO - Filling up the DagBag from /opt/airflow/dags/sodai/__init__.py
[2025-11-18T15:56:11.467+0000] {processor.py:842} WARNING - No viable dags retrieved from /opt/airflow/dags/sodai/__init__.py
[2025-11-18T15:56:11.478+0000] {processor.py:183} INFO - Processing /opt/airflow/dags/sodai/__init__.py took 0.038 seconds
[2025-11-18T15:56:42.303+0000] {processor.py:161} INFO - Started process (PID=259) to work on /opt/airflow/dags/sodai/__init__.py
[2025-11-18T15:56:42.304+0000] {processor.py:830} INFO - Processing file /opt/airflow/dags/sodai/__init__.py for tasks to queue
[2025-11-18T15:56:42.306+0000] {logging_mixin.py:188} INFO - [2025-11-18T15:56:42.306+0000] {dagbag.py:540} INFO - Filling up the DagBag from /opt/airflow/dags/sodai/__init__.py
[2025-11-18T15:56:42.330+0000] {processor.py:842} WARNING - No viable dags retrieved from /opt/airflow/dags/sodai/__init__.py
[2025-11-18T15:56:42.340+0000] {processor.py:183} INFO - Processing /opt/airflow/dags/sodai/__init__.py took 0.042 seconds
[2025-11-18T15:57:13.016+0000] {processor.py:161} INFO - Started process (PID=269) to work on /opt/airflow/dags/sodai/__init__.py
[2025-11-18T15:57:13.018+0000] {processor.py:830} INFO - Processing file /opt/airflow/dags/sodai/__init__.py for tasks to queue
[2025-11-18T15:57:13.019+0000] {logging_mixin.py:188} INFO - [2025-11-18T15:57:13.019+0000] {dagbag.py:540} INFO - Filling up the DagBag from /opt/airflow/dags/sodai/__init__.py
[2025-11-18T15:57:13.031+0000] {processor.py:842} WARNING - No viable dags retrieved from /opt/airflow/dags/sodai/__init__.py
[2025-11-18T15:57:13.042+0000] {processor.py:183} INFO - Processing /opt/airflow/dags/sodai/__init__.py took 0.030 seconds
[2025-11-18T15:57:43.639+0000] {processor.py:161} INFO - Started process (PID=279) to work on /opt/airflow/dags/sodai/__init__.py
[2025-11-18T15:57:43.640+0000] {processor.py:830} INFO - Processing file /opt/airflow/dags/sodai/__init__.py for tasks to queue
[2025-11-18T15:57:43.642+0000] {logging_mixin.py:188} INFO - [2025-11-18T15:57:43.642+0000] {dagbag.py:540} INFO - Filling up the DagBag from /opt/airflow/dags/sodai/__init__.py
[2025-11-18T15:57:43.656+0000] {processor.py:842} WARNING - No viable dags retrieved from /opt/airflow/dags/sodai/__init__.py
[2025-11-18T15:57:43.667+0000] {processor.py:183} INFO - Processing /opt/airflow/dags/sodai/__init__.py took 0.033 seconds
[2025-11-18T15:58:14.192+0000] {processor.py:161} INFO - Started process (PID=289) to work on /opt/airflow/dags/sodai/__init__.py
[2025-11-18T15:58:14.193+0000] {processor.py:830} INFO - Processing file /opt/airflow/dags/sodai/__init__.py for tasks to queue
[2025-11-18T15:58:14.195+0000] {logging_mixin.py:188} INFO - [2025-11-18T15:58:14.194+0000] {dagbag.py:540} INFO - Filling up the DagBag from /opt/airflow/dags/sodai/__init__.py
[2025-11-18T15:58:14.208+0000] {processor.py:842} WARNING - No viable dags retrieved from /opt/airflow/dags/sodai/__init__.py
[2025-11-18T15:58:14.220+0000] {processor.py:183} INFO - Processing /opt/airflow/dags/sodai/__init__.py took 0.033 seconds
[2025-11-18T15:58:44.941+0000] {processor.py:161} INFO - Started process (PID=299) to work on /opt/airflow/dags/sodai/__init__.py
[2025-11-18T15:58:44.942+0000] {processor.py:830} INFO - Processing file /opt/airflow/dags/sodai/__init__.py for tasks to queue
[2025-11-18T15:58:44.944+0000] {logging_mixin.py:188} INFO - [2025-11-18T15:58:44.943+0000] {dagbag.py:540} INFO - Filling up the DagBag from /opt/airflow/dags/sodai/__init__.py
[2025-11-18T15:58:44.953+0000] {processor.py:842} WARNING - No viable dags retrieved from /opt/airflow/dags/sodai/__init__.py
[2025-11-18T15:58:44.964+0000] {processor.py:183} INFO - Processing /opt/airflow/dags/sodai/__init__.py took 0.028 seconds
[2025-11-18T15:59:15.590+0000] {processor.py:161} INFO - Started process (PID=309) to work on /opt/airflow/dags/sodai/__init__.py
[2025-11-18T15:59:15.592+0000] {processor.py:830} INFO - Processing file /opt/airflow/dags/sodai/__init__.py for tasks to queue
[2025-11-18T15:59:15.594+0000] {logging_mixin.py:188} INFO - [2025-11-18T15:59:15.594+0000] {dagbag.py:540} INFO - Filling up the DagBag from /opt/airflow/dags/sodai/__init__.py
[2025-11-18T15:59:15.626+0000] {processor.py:842} WARNING - No viable dags retrieved from /opt/airflow/dags/sodai/__init__.py
[2025-11-18T15:59:15.638+0000] {processor.py:183} INFO - Processing /opt/airflow/dags/sodai/__init__.py took 0.053 seconds
[2025-11-18T15:59:46.166+0000] {processor.py:161} INFO - Started process (PID=319) to work on /opt/airflow/dags/sodai/__init__.py
[2025-11-18T15:59:46.167+0000] {processor.py:830} INFO - Processing file /opt/airflow/dags/sodai/__init__.py for tasks to queue
[2025-11-18T15:59:46.169+0000] {logging_mixin.py:188} INFO - [2025-11-18T15:59:46.168+0000] {dagbag.py:540} INFO - Filling up the DagBag from /opt/airflow/dags/sodai/__init__.py
[2025-11-18T15:59:46.179+0000] {processor.py:842} WARNING - No viable dags retrieved from /opt/airflow/dags/sodai/__init__.py
[2025-11-18T15:59:46.189+0000] {processor.py:183} INFO - Processing /opt/airflow/dags/sodai/__init__.py took 0.027 seconds
[2025-11-18T16:00:16.695+0000] {processor.py:161} INFO - Started process (PID=329) to work on /opt/airflow/dags/sodai/__init__.py
[2025-11-18T16:00:16.696+0000] {processor.py:830} INFO - Processing file /opt/airflow/dags/sodai/__init__.py for tasks to queue
[2025-11-18T16:00:16.697+0000] {logging_mixin.py:188} INFO - [2025-11-18T16:00:16.697+0000] {dagbag.py:540} INFO - Filling up the DagBag from /opt/airflow/dags/sodai/__init__.py
[2025-11-18T16:00:16.708+0000] {processor.py:842} WARNING - No viable dags retrieved from /opt/airflow/dags/sodai/__init__.py
[2025-11-18T16:00:16.719+0000] {processor.py:183} INFO - Processing /opt/airflow/dags/sodai/__init__.py took 0.029 seconds
[2025-11-18T16:00:47.286+0000] {processor.py:161} INFO - Started process (PID=339) to work on /opt/airflow/dags/sodai/__init__.py
[2025-11-18T16:00:47.286+0000] {processor.py:830} INFO - Processing file /opt/airflow/dags/sodai/__init__.py for tasks to queue
[2025-11-18T16:00:47.288+0000] {logging_mixin.py:188} INFO - [2025-11-18T16:00:47.288+0000] {dagbag.py:540} INFO - Filling up the DagBag from /opt/airflow/dags/sodai/__init__.py
[2025-11-18T16:00:47.303+0000] {processor.py:842} WARNING - No viable dags retrieved from /opt/airflow/dags/sodai/__init__.py
[2025-11-18T16:00:47.314+0000] {processor.py:183} INFO - Processing /opt/airflow/dags/sodai/__init__.py took 0.033 seconds
[2025-11-18T16:01:17.804+0000] {processor.py:161} INFO - Started process (PID=349) to work on /opt/airflow/dags/sodai/__init__.py
[2025-11-18T16:01:17.806+0000] {processor.py:830} INFO - Processing file /opt/airflow/dags/sodai/__init__.py for tasks to queue
[2025-11-18T16:01:17.809+0000] {logging_mixin.py:188} INFO - [2025-11-18T16:01:17.809+0000] {dagbag.py:540} INFO - Filling up the DagBag from /opt/airflow/dags/sodai/__init__.py
[2025-11-18T16:01:17.834+0000] {processor.py:842} WARNING - No viable dags retrieved from /opt/airflow/dags/sodai/__init__.py
[2025-11-18T16:01:17.847+0000] {processor.py:183} INFO - Processing /opt/airflow/dags/sodai/__init__.py took 0.049 seconds
[2025-11-18T16:01:48.405+0000] {processor.py:161} INFO - Started process (PID=359) to work on /opt/airflow/dags/sodai/__init__.py
[2025-11-18T16:01:48.406+0000] {processor.py:830} INFO - Processing file /opt/airflow/dags/sodai/__init__.py for tasks to queue
[2025-11-18T16:01:48.408+0000] {logging_mixin.py:188} INFO - [2025-11-18T16:01:48.408+0000] {dagbag.py:540} INFO - Filling up the DagBag from /opt/airflow/dags/sodai/__init__.py
[2025-11-18T16:01:48.421+0000] {processor.py:842} WARNING - No viable dags retrieved from /opt/airflow/dags/sodai/__init__.py
[2025-11-18T16:01:48.431+0000] {processor.py:183} INFO - Processing /opt/airflow/dags/sodai/__init__.py took 0.031 seconds
[2025-11-18T16:02:18.961+0000] {processor.py:161} INFO - Started process (PID=369) to work on /opt/airflow/dags/sodai/__init__.py
[2025-11-18T16:02:18.963+0000] {processor.py:830} INFO - Processing file /opt/airflow/dags/sodai/__init__.py for tasks to queue
[2025-11-18T16:02:18.964+0000] {logging_mixin.py:188} INFO - [2025-11-18T16:02:18.964+0000] {dagbag.py:540} INFO - Filling up the DagBag from /opt/airflow/dags/sodai/__init__.py
[2025-11-18T16:02:18.978+0000] {processor.py:842} WARNING - No viable dags retrieved from /opt/airflow/dags/sodai/__init__.py
[2025-11-18T16:02:18.988+0000] {processor.py:183} INFO - Processing /opt/airflow/dags/sodai/__init__.py took 0.031 seconds
[2025-11-18T16:02:49.695+0000] {processor.py:161} INFO - Started process (PID=379) to work on /opt/airflow/dags/sodai/__init__.py
[2025-11-18T16:02:49.696+0000] {processor.py:830} INFO - Processing file /opt/airflow/dags/sodai/__init__.py for tasks to queue
[2025-11-18T16:02:49.698+0000] {logging_mixin.py:188} INFO - [2025-11-18T16:02:49.698+0000] {dagbag.py:540} INFO - Filling up the DagBag from /opt/airflow/dags/sodai/__init__.py
[2025-11-18T16:02:49.717+0000] {processor.py:842} WARNING - No viable dags retrieved from /opt/airflow/dags/sodai/__init__.py
[2025-11-18T16:02:49.728+0000] {processor.py:183} INFO - Processing /opt/airflow/dags/sodai/__init__.py took 0.038 seconds
[2025-11-18T16:03:20.221+0000] {processor.py:161} INFO - Started process (PID=392) to work on /opt/airflow/dags/sodai/__init__.py
[2025-11-18T16:03:20.222+0000] {processor.py:830} INFO - Processing file /opt/airflow/dags/sodai/__init__.py for tasks to queue
[2025-11-18T16:03:20.224+0000] {logging_mixin.py:188} INFO - [2025-11-18T16:03:20.224+0000] {dagbag.py:540} INFO - Filling up the DagBag from /opt/airflow/dags/sodai/__init__.py
[2025-11-18T16:03:20.233+0000] {processor.py:842} WARNING - No viable dags retrieved from /opt/airflow/dags/sodai/__init__.py
[2025-11-18T16:03:20.243+0000] {processor.py:183} INFO - Processing /opt/airflow/dags/sodai/__init__.py took 0.026 seconds
[2025-11-18T16:03:51.025+0000] {processor.py:161} INFO - Started process (PID=402) to work on /opt/airflow/dags/sodai/__init__.py
[2025-11-18T16:03:51.026+0000] {processor.py:830} INFO - Processing file /opt/airflow/dags/sodai/__init__.py for tasks to queue
[2025-11-18T16:03:51.028+0000] {logging_mixin.py:188} INFO - [2025-11-18T16:03:51.028+0000] {dagbag.py:540} INFO - Filling up the DagBag from /opt/airflow/dags/sodai/__init__.py
[2025-11-18T16:03:51.038+0000] {processor.py:842} WARNING - No viable dags retrieved from /opt/airflow/dags/sodai/__init__.py
[2025-11-18T16:03:51.048+0000] {processor.py:183} INFO - Processing /opt/airflow/dags/sodai/__init__.py took 0.027 seconds
[2025-11-18T16:04:21.584+0000] {processor.py:161} INFO - Started process (PID=412) to work on /opt/airflow/dags/sodai/__init__.py
[2025-11-18T16:04:21.585+0000] {processor.py:830} INFO - Processing file /opt/airflow/dags/sodai/__init__.py for tasks to queue
[2025-11-18T16:04:21.587+0000] {logging_mixin.py:188} INFO - [2025-11-18T16:04:21.587+0000] {dagbag.py:540} INFO - Filling up the DagBag from /opt/airflow/dags/sodai/__init__.py
[2025-11-18T16:04:21.600+0000] {processor.py:842} WARNING - No viable dags retrieved from /opt/airflow/dags/sodai/__init__.py
[2025-11-18T16:04:21.610+0000] {processor.py:183} INFO - Processing /opt/airflow/dags/sodai/__init__.py took 0.031 seconds
[2025-11-18T16:04:52.115+0000] {processor.py:161} INFO - Started process (PID=422) to work on /opt/airflow/dags/sodai/__init__.py
[2025-11-18T16:04:52.116+0000] {processor.py:830} INFO - Processing file /opt/airflow/dags/sodai/__init__.py for tasks to queue
[2025-11-18T16:04:52.117+0000] {logging_mixin.py:188} INFO - [2025-11-18T16:04:52.117+0000] {dagbag.py:540} INFO - Filling up the DagBag from /opt/airflow/dags/sodai/__init__.py
[2025-11-18T16:04:52.127+0000] {processor.py:842} WARNING - No viable dags retrieved from /opt/airflow/dags/sodai/__init__.py
[2025-11-18T16:04:52.137+0000] {processor.py:183} INFO - Processing /opt/airflow/dags/sodai/__init__.py took 0.026 seconds
[2025-11-18T16:05:22.666+0000] {processor.py:161} INFO - Started process (PID=432) to work on /opt/airflow/dags/sodai/__init__.py
[2025-11-18T16:05:22.667+0000] {processor.py:830} INFO - Processing file /opt/airflow/dags/sodai/__init__.py for tasks to queue
[2025-11-18T16:05:22.669+0000] {logging_mixin.py:188} INFO - [2025-11-18T16:05:22.669+0000] {dagbag.py:540} INFO - Filling up the DagBag from /opt/airflow/dags/sodai/__init__.py
[2025-11-18T16:05:22.677+0000] {processor.py:842} WARNING - No viable dags retrieved from /opt/airflow/dags/sodai/__init__.py
[2025-11-18T16:05:22.686+0000] {processor.py:183} INFO - Processing /opt/airflow/dags/sodai/__init__.py took 0.024 seconds
[2025-11-18T16:05:53.318+0000] {processor.py:161} INFO - Started process (PID=442) to work on /opt/airflow/dags/sodai/__init__.py
[2025-11-18T16:05:53.319+0000] {processor.py:830} INFO - Processing file /opt/airflow/dags/sodai/__init__.py for tasks to queue
[2025-11-18T16:05:53.320+0000] {logging_mixin.py:188} INFO - [2025-11-18T16:05:53.320+0000] {dagbag.py:540} INFO - Filling up the DagBag from /opt/airflow/dags/sodai/__init__.py
[2025-11-18T16:05:53.328+0000] {processor.py:842} WARNING - No viable dags retrieved from /opt/airflow/dags/sodai/__init__.py
[2025-11-18T16:05:53.337+0000] {processor.py:183} INFO - Processing /opt/airflow/dags/sodai/__init__.py took 0.022 seconds
[2025-11-18T16:06:23.948+0000] {processor.py:161} INFO - Started process (PID=452) to work on /opt/airflow/dags/sodai/__init__.py
[2025-11-18T16:06:23.949+0000] {processor.py:830} INFO - Processing file /opt/airflow/dags/sodai/__init__.py for tasks to queue
[2025-11-18T16:06:23.950+0000] {logging_mixin.py:188} INFO - [2025-11-18T16:06:23.950+0000] {dagbag.py:540} INFO - Filling up the DagBag from /opt/airflow/dags/sodai/__init__.py
[2025-11-18T16:06:23.959+0000] {processor.py:842} WARNING - No viable dags retrieved from /opt/airflow/dags/sodai/__init__.py
[2025-11-18T16:06:23.968+0000] {processor.py:183} INFO - Processing /opt/airflow/dags/sodai/__init__.py took 0.025 seconds
[2025-11-18T16:06:54.501+0000] {processor.py:161} INFO - Started process (PID=462) to work on /opt/airflow/dags/sodai/__init__.py
[2025-11-18T16:06:54.502+0000] {processor.py:830} INFO - Processing file /opt/airflow/dags/sodai/__init__.py for tasks to queue
[2025-11-18T16:06:54.503+0000] {logging_mixin.py:188} INFO - [2025-11-18T16:06:54.503+0000] {dagbag.py:540} INFO - Filling up the DagBag from /opt/airflow/dags/sodai/__init__.py
[2025-11-18T16:06:54.519+0000] {processor.py:842} WARNING - No viable dags retrieved from /opt/airflow/dags/sodai/__init__.py
[2025-11-18T16:06:54.529+0000] {processor.py:183} INFO - Processing /opt/airflow/dags/sodai/__init__.py took 0.033 seconds
[2025-11-18T16:07:25.081+0000] {processor.py:161} INFO - Started process (PID=472) to work on /opt/airflow/dags/sodai/__init__.py
[2025-11-18T16:07:25.082+0000] {processor.py:830} INFO - Processing file /opt/airflow/dags/sodai/__init__.py for tasks to queue
[2025-11-18T16:07:25.084+0000] {logging_mixin.py:188} INFO - [2025-11-18T16:07:25.084+0000] {dagbag.py:540} INFO - Filling up the DagBag from /opt/airflow/dags/sodai/__init__.py
[2025-11-18T16:07:25.098+0000] {processor.py:842} WARNING - No viable dags retrieved from /opt/airflow/dags/sodai/__init__.py
[2025-11-18T16:07:25.109+0000] {processor.py:183} INFO - Processing /opt/airflow/dags/sodai/__init__.py took 0.032 seconds
[2025-11-18T16:07:55.733+0000] {processor.py:161} INFO - Started process (PID=505) to work on /opt/airflow/dags/sodai/__init__.py
[2025-11-18T16:07:55.734+0000] {processor.py:830} INFO - Processing file /opt/airflow/dags/sodai/__init__.py for tasks to queue
[2025-11-18T16:07:55.735+0000] {logging_mixin.py:188} INFO - [2025-11-18T16:07:55.735+0000] {dagbag.py:540} INFO - Filling up the DagBag from /opt/airflow/dags/sodai/__init__.py
[2025-11-18T16:07:55.755+0000] {processor.py:842} WARNING - No viable dags retrieved from /opt/airflow/dags/sodai/__init__.py
[2025-11-18T16:07:55.764+0000] {processor.py:183} INFO - Processing /opt/airflow/dags/sodai/__init__.py took 0.036 seconds
[2025-11-18T16:08:26.181+0000] {processor.py:161} INFO - Started process (PID=560) to work on /opt/airflow/dags/sodai/__init__.py
[2025-11-18T16:08:26.181+0000] {processor.py:830} INFO - Processing file /opt/airflow/dags/sodai/__init__.py for tasks to queue
[2025-11-18T16:08:26.182+0000] {logging_mixin.py:188} INFO - [2025-11-18T16:08:26.182+0000] {dagbag.py:540} INFO - Filling up the DagBag from /opt/airflow/dags/sodai/__init__.py
[2025-11-18T16:08:26.193+0000] {processor.py:842} WARNING - No viable dags retrieved from /opt/airflow/dags/sodai/__init__.py
[2025-11-18T16:08:26.203+0000] {processor.py:183} INFO - Processing /opt/airflow/dags/sodai/__init__.py took 0.026 seconds
[2025-11-18T16:08:56.944+0000] {processor.py:161} INFO - Started process (PID=570) to work on /opt/airflow/dags/sodai/__init__.py
[2025-11-18T16:08:56.945+0000] {processor.py:830} INFO - Processing file /opt/airflow/dags/sodai/__init__.py for tasks to queue
[2025-11-18T16:08:56.949+0000] {logging_mixin.py:188} INFO - [2025-11-18T16:08:56.949+0000] {dagbag.py:540} INFO - Filling up the DagBag from /opt/airflow/dags/sodai/__init__.py
[2025-11-18T16:08:56.970+0000] {processor.py:842} WARNING - No viable dags retrieved from /opt/airflow/dags/sodai/__init__.py
[2025-11-18T16:08:56.980+0000] {processor.py:183} INFO - Processing /opt/airflow/dags/sodai/__init__.py took 0.041 seconds
[2025-11-18T16:09:27.485+0000] {processor.py:161} INFO - Started process (PID=580) to work on /opt/airflow/dags/sodai/__init__.py
[2025-11-18T16:09:27.486+0000] {processor.py:830} INFO - Processing file /opt/airflow/dags/sodai/__init__.py for tasks to queue
[2025-11-18T16:09:27.488+0000] {logging_mixin.py:188} INFO - [2025-11-18T16:09:27.487+0000] {dagbag.py:540} INFO - Filling up the DagBag from /opt/airflow/dags/sodai/__init__.py
[2025-11-18T16:09:27.504+0000] {processor.py:842} WARNING - No viable dags retrieved from /opt/airflow/dags/sodai/__init__.py
[2025-11-18T16:09:27.516+0000] {processor.py:183} INFO - Processing /opt/airflow/dags/sodai/__init__.py took 0.035 seconds
[2025-11-18T16:09:58.213+0000] {processor.py:161} INFO - Started process (PID=590) to work on /opt/airflow/dags/sodai/__init__.py
[2025-11-18T16:09:58.214+0000] {processor.py:830} INFO - Processing file /opt/airflow/dags/sodai/__init__.py for tasks to queue
[2025-11-18T16:09:58.217+0000] {logging_mixin.py:188} INFO - [2025-11-18T16:09:58.216+0000] {dagbag.py:540} INFO - Filling up the DagBag from /opt/airflow/dags/sodai/__init__.py
[2025-11-18T16:09:58.250+0000] {processor.py:842} WARNING - No viable dags retrieved from /opt/airflow/dags/sodai/__init__.py
[2025-11-18T16:09:58.263+0000] {processor.py:183} INFO - Processing /opt/airflow/dags/sodai/__init__.py took 0.056 seconds
[2025-11-18T16:10:28.741+0000] {processor.py:161} INFO - Started process (PID=600) to work on /opt/airflow/dags/sodai/__init__.py
[2025-11-18T16:10:28.742+0000] {processor.py:830} INFO - Processing file /opt/airflow/dags/sodai/__init__.py for tasks to queue
[2025-11-18T16:10:28.743+0000] {logging_mixin.py:188} INFO - [2025-11-18T16:10:28.743+0000] {dagbag.py:540} INFO - Filling up the DagBag from /opt/airflow/dags/sodai/__init__.py
[2025-11-18T16:10:28.756+0000] {processor.py:842} WARNING - No viable dags retrieved from /opt/airflow/dags/sodai/__init__.py
[2025-11-18T16:10:28.767+0000] {processor.py:183} INFO - Processing /opt/airflow/dags/sodai/__init__.py took 0.030 seconds
[2025-11-18T16:10:59.496+0000] {processor.py:161} INFO - Started process (PID=610) to work on /opt/airflow/dags/sodai/__init__.py
[2025-11-18T16:10:59.497+0000] {processor.py:830} INFO - Processing file /opt/airflow/dags/sodai/__init__.py for tasks to queue
[2025-11-18T16:10:59.499+0000] {logging_mixin.py:188} INFO - [2025-11-18T16:10:59.498+0000] {dagbag.py:540} INFO - Filling up the DagBag from /opt/airflow/dags/sodai/__init__.py
[2025-11-18T16:10:59.523+0000] {processor.py:842} WARNING - No viable dags retrieved from /opt/airflow/dags/sodai/__init__.py
[2025-11-18T16:10:59.536+0000] {processor.py:183} INFO - Processing /opt/airflow/dags/sodai/__init__.py took 0.045 seconds
[2025-11-18T16:11:30.102+0000] {processor.py:161} INFO - Started process (PID=620) to work on /opt/airflow/dags/sodai/__init__.py
[2025-11-18T16:11:30.103+0000] {processor.py:830} INFO - Processing file /opt/airflow/dags/sodai/__init__.py for tasks to queue
[2025-11-18T16:11:30.105+0000] {logging_mixin.py:188} INFO - [2025-11-18T16:11:30.105+0000] {dagbag.py:540} INFO - Filling up the DagBag from /opt/airflow/dags/sodai/__init__.py
[2025-11-18T16:11:30.125+0000] {processor.py:842} WARNING - No viable dags retrieved from /opt/airflow/dags/sodai/__init__.py
[2025-11-18T16:11:30.135+0000] {processor.py:183} INFO - Processing /opt/airflow/dags/sodai/__init__.py took 0.038 seconds
[2025-11-18T16:12:00.762+0000] {processor.py:161} INFO - Started process (PID=630) to work on /opt/airflow/dags/sodai/__init__.py
[2025-11-18T16:12:00.763+0000] {processor.py:830} INFO - Processing file /opt/airflow/dags/sodai/__init__.py for tasks to queue
[2025-11-18T16:12:00.764+0000] {logging_mixin.py:188} INFO - [2025-11-18T16:12:00.764+0000] {dagbag.py:540} INFO - Filling up the DagBag from /opt/airflow/dags/sodai/__init__.py
[2025-11-18T16:12:00.785+0000] {processor.py:842} WARNING - No viable dags retrieved from /opt/airflow/dags/sodai/__init__.py
[2025-11-18T16:12:00.802+0000] {processor.py:183} INFO - Processing /opt/airflow/dags/sodai/__init__.py took 0.045 seconds
[2025-11-18T16:12:31.334+0000] {processor.py:161} INFO - Started process (PID=640) to work on /opt/airflow/dags/sodai/__init__.py
[2025-11-18T16:12:31.335+0000] {processor.py:830} INFO - Processing file /opt/airflow/dags/sodai/__init__.py for tasks to queue
[2025-11-18T16:12:31.337+0000] {logging_mixin.py:188} INFO - [2025-11-18T16:12:31.337+0000] {dagbag.py:540} INFO - Filling up the DagBag from /opt/airflow/dags/sodai/__init__.py
[2025-11-18T16:12:31.358+0000] {processor.py:842} WARNING - No viable dags retrieved from /opt/airflow/dags/sodai/__init__.py
[2025-11-18T16:12:31.368+0000] {processor.py:183} INFO - Processing /opt/airflow/dags/sodai/__init__.py took 0.040 seconds
[2025-11-18T16:13:01.722+0000] {processor.py:161} INFO - Started process (PID=650) to work on /opt/airflow/dags/sodai/__init__.py
[2025-11-18T16:13:01.725+0000] {processor.py:830} INFO - Processing file /opt/airflow/dags/sodai/__init__.py for tasks to queue
[2025-11-18T16:13:01.732+0000] {logging_mixin.py:188} INFO - [2025-11-18T16:13:01.732+0000] {dagbag.py:540} INFO - Filling up the DagBag from /opt/airflow/dags/sodai/__init__.py
[2025-11-18T16:13:01.281+0000] {processor.py:842} WARNING - No viable dags retrieved from /opt/airflow/dags/sodai/__init__.py
[2025-11-18T16:13:01.291+0000] {processor.py:183} INFO - Processing /opt/airflow/dags/sodai/__init__.py took 0.170 seconds
[2025-11-18T16:13:31.802+0000] {processor.py:161} INFO - Started process (PID=660) to work on /opt/airflow/dags/sodai/__init__.py
[2025-11-18T16:13:31.803+0000] {processor.py:830} INFO - Processing file /opt/airflow/dags/sodai/__init__.py for tasks to queue
[2025-11-18T16:13:31.805+0000] {logging_mixin.py:188} INFO - [2025-11-18T16:13:31.805+0000] {dagbag.py:540} INFO - Filling up the DagBag from /opt/airflow/dags/sodai/__init__.py
[2025-11-18T16:13:31.829+0000] {processor.py:842} WARNING - No viable dags retrieved from /opt/airflow/dags/sodai/__init__.py
[2025-11-18T16:13:31.840+0000] {processor.py:183} INFO - Processing /opt/airflow/dags/sodai/__init__.py took 0.043 seconds
[2025-11-18T16:14:02.591+0000] {processor.py:161} INFO - Started process (PID=670) to work on /opt/airflow/dags/sodai/__init__.py
[2025-11-18T16:14:02.592+0000] {processor.py:830} INFO - Processing file /opt/airflow/dags/sodai/__init__.py for tasks to queue
[2025-11-18T16:14:02.594+0000] {logging_mixin.py:188} INFO - [2025-11-18T16:14:02.594+0000] {dagbag.py:540} INFO - Filling up the DagBag from /opt/airflow/dags/sodai/__init__.py
[2025-11-18T16:14:02.612+0000] {processor.py:842} WARNING - No viable dags retrieved from /opt/airflow/dags/sodai/__init__.py
[2025-11-18T16:14:02.623+0000] {processor.py:183} INFO - Processing /opt/airflow/dags/sodai/__init__.py took 0.037 seconds
[2025-11-18T16:14:33.144+0000] {processor.py:161} INFO - Started process (PID=680) to work on /opt/airflow/dags/sodai/__init__.py
[2025-11-18T16:14:33.145+0000] {processor.py:830} INFO - Processing file /opt/airflow/dags/sodai/__init__.py for tasks to queue
[2025-11-18T16:14:33.147+0000] {logging_mixin.py:188} INFO - [2025-11-18T16:14:33.146+0000] {dagbag.py:540} INFO - Filling up the DagBag from /opt/airflow/dags/sodai/__init__.py
[2025-11-18T16:14:33.162+0000] {processor.py:842} WARNING - No viable dags retrieved from /opt/airflow/dags/sodai/__init__.py
[2025-11-18T16:14:33.172+0000] {processor.py:183} INFO - Processing /opt/airflow/dags/sodai/__init__.py took 0.033 seconds
[2025-11-18T16:15:03.532+0000] {processor.py:161} INFO - Started process (PID=690) to work on /opt/airflow/dags/sodai/__init__.py
[2025-11-18T16:15:03.533+0000] {processor.py:830} INFO - Processing file /opt/airflow/dags/sodai/__init__.py for tasks to queue
[2025-11-18T16:15:03.534+0000] {logging_mixin.py:188} INFO - [2025-11-18T16:15:03.534+0000] {dagbag.py:540} INFO - Filling up the DagBag from /opt/airflow/dags/sodai/__init__.py
[2025-11-18T16:15:03.542+0000] {processor.py:842} WARNING - No viable dags retrieved from /opt/airflow/dags/sodai/__init__.py
[2025-11-18T16:15:03.553+0000] {processor.py:183} INFO - Processing /opt/airflow/dags/sodai/__init__.py took 0.025 seconds
[2025-11-18T16:15:34.093+0000] {processor.py:161} INFO - Started process (PID=723) to work on /opt/airflow/dags/sodai/__init__.py
[2025-11-18T16:15:34.095+0000] {processor.py:830} INFO - Processing file /opt/airflow/dags/sodai/__init__.py for tasks to queue
[2025-11-18T16:15:34.097+0000] {logging_mixin.py:188} INFO - [2025-11-18T16:15:34.096+0000] {dagbag.py:540} INFO - Filling up the DagBag from /opt/airflow/dags/sodai/__init__.py
[2025-11-18T16:15:34.116+0000] {processor.py:842} WARNING - No viable dags retrieved from /opt/airflow/dags/sodai/__init__.py
[2025-11-18T16:15:34.125+0000] {processor.py:183} INFO - Processing /opt/airflow/dags/sodai/__init__.py took 0.036 seconds
[2025-11-18T16:16:04.689+0000] {processor.py:161} INFO - Started process (PID=733) to work on /opt/airflow/dags/sodai/__init__.py
[2025-11-18T16:16:04.690+0000] {processor.py:830} INFO - Processing file /opt/airflow/dags/sodai/__init__.py for tasks to queue
[2025-11-18T16:16:04.692+0000] {logging_mixin.py:188} INFO - [2025-11-18T16:16:04.691+0000] {dagbag.py:540} INFO - Filling up the DagBag from /opt/airflow/dags/sodai/__init__.py
[2025-11-18T16:16:04.708+0000] {processor.py:842} WARNING - No viable dags retrieved from /opt/airflow/dags/sodai/__init__.py
[2025-11-18T16:16:04.718+0000] {processor.py:183} INFO - Processing /opt/airflow/dags/sodai/__init__.py took 0.033 seconds
[2025-11-18T16:16:35.264+0000] {processor.py:161} INFO - Started process (PID=743) to work on /opt/airflow/dags/sodai/__init__.py
[2025-11-18T16:16:35.265+0000] {processor.py:830} INFO - Processing file /opt/airflow/dags/sodai/__init__.py for tasks to queue
[2025-11-18T16:16:35.267+0000] {logging_mixin.py:188} INFO - [2025-11-18T16:16:35.266+0000] {dagbag.py:540} INFO - Filling up the DagBag from /opt/airflow/dags/sodai/__init__.py
[2025-11-18T16:16:35.277+0000] {processor.py:842} WARNING - No viable dags retrieved from /opt/airflow/dags/sodai/__init__.py
[2025-11-18T16:16:35.287+0000] {processor.py:183} INFO - Processing /opt/airflow/dags/sodai/__init__.py took 0.027 seconds
[2025-11-18T16:17:05.894+0000] {processor.py:161} INFO - Started process (PID=753) to work on /opt/airflow/dags/sodai/__init__.py
[2025-11-18T16:17:05.894+0000] {processor.py:830} INFO - Processing file /opt/airflow/dags/sodai/__init__.py for tasks to queue
[2025-11-18T16:17:05.896+0000] {logging_mixin.py:188} INFO - [2025-11-18T16:17:05.896+0000] {dagbag.py:540} INFO - Filling up the DagBag from /opt/airflow/dags/sodai/__init__.py
[2025-11-18T16:17:05.910+0000] {processor.py:842} WARNING - No viable dags retrieved from /opt/airflow/dags/sodai/__init__.py
[2025-11-18T16:17:05.922+0000] {processor.py:183} INFO - Processing /opt/airflow/dags/sodai/__init__.py took 0.033 seconds
[2025-11-18T16:17:36.665+0000] {processor.py:161} INFO - Started process (PID=763) to work on /opt/airflow/dags/sodai/__init__.py
[2025-11-18T16:17:36.666+0000] {processor.py:830} INFO - Processing file /opt/airflow/dags/sodai/__init__.py for tasks to queue
[2025-11-18T16:17:36.667+0000] {logging_mixin.py:188} INFO - [2025-11-18T16:17:36.667+0000] {dagbag.py:540} INFO - Filling up the DagBag from /opt/airflow/dags/sodai/__init__.py
[2025-11-18T16:17:36.682+0000] {processor.py:842} WARNING - No viable dags retrieved from /opt/airflow/dags/sodai/__init__.py
[2025-11-18T16:17:36.692+0000] {processor.py:183} INFO - Processing /opt/airflow/dags/sodai/__init__.py took 0.032 seconds
[2025-11-18T16:18:07.335+0000] {processor.py:161} INFO - Started process (PID=773) to work on /opt/airflow/dags/sodai/__init__.py
[2025-11-18T16:18:07.337+0000] {processor.py:830} INFO - Processing file /opt/airflow/dags/sodai/__init__.py for tasks to queue
[2025-11-18T16:18:07.339+0000] {logging_mixin.py:188} INFO - [2025-11-18T16:18:07.338+0000] {dagbag.py:540} INFO - Filling up the DagBag from /opt/airflow/dags/sodai/__init__.py
[2025-11-18T16:18:07.374+0000] {processor.py:842} WARNING - No viable dags retrieved from /opt/airflow/dags/sodai/__init__.py
[2025-11-18T16:18:07.385+0000] {processor.py:183} INFO - Processing /opt/airflow/dags/sodai/__init__.py took 0.055 seconds
[2025-11-18T16:18:37.974+0000] {processor.py:161} INFO - Started process (PID=783) to work on /opt/airflow/dags/sodai/__init__.py
[2025-11-18T16:18:37.974+0000] {processor.py:830} INFO - Processing file /opt/airflow/dags/sodai/__init__.py for tasks to queue
[2025-11-18T16:18:37.976+0000] {logging_mixin.py:188} INFO - [2025-11-18T16:18:37.976+0000] {dagbag.py:540} INFO - Filling up the DagBag from /opt/airflow/dags/sodai/__init__.py
[2025-11-18T16:18:37.989+0000] {processor.py:842} WARNING - No viable dags retrieved from /opt/airflow/dags/sodai/__init__.py
[2025-11-18T16:18:37.998+0000] {processor.py:183} INFO - Processing /opt/airflow/dags/sodai/__init__.py took 0.029 seconds
[2025-11-18T16:19:08.724+0000] {processor.py:161} INFO - Started process (PID=815) to work on /opt/airflow/dags/sodai/__init__.py
[2025-11-18T16:19:08.725+0000] {processor.py:830} INFO - Processing file /opt/airflow/dags/sodai/__init__.py for tasks to queue
[2025-11-18T16:19:08.727+0000] {logging_mixin.py:188} INFO - [2025-11-18T16:19:08.726+0000] {dagbag.py:540} INFO - Filling up the DagBag from /opt/airflow/dags/sodai/__init__.py
[2025-11-18T16:19:08.740+0000] {processor.py:842} WARNING - No viable dags retrieved from /opt/airflow/dags/sodai/__init__.py
[2025-11-18T16:19:08.750+0000] {processor.py:183} INFO - Processing /opt/airflow/dags/sodai/__init__.py took 0.030 seconds
[2025-11-18T16:19:39.214+0000] {processor.py:161} INFO - Started process (PID=825) to work on /opt/airflow/dags/sodai/__init__.py
[2025-11-18T16:19:39.214+0000] {processor.py:830} INFO - Processing file /opt/airflow/dags/sodai/__init__.py for tasks to queue
[2025-11-18T16:19:39.216+0000] {logging_mixin.py:188} INFO - [2025-11-18T16:19:39.216+0000] {dagbag.py:540} INFO - Filling up the DagBag from /opt/airflow/dags/sodai/__init__.py
[2025-11-18T16:19:39.237+0000] {processor.py:842} WARNING - No viable dags retrieved from /opt/airflow/dags/sodai/__init__.py
[2025-11-18T16:19:39.248+0000] {processor.py:183} INFO - Processing /opt/airflow/dags/sodai/__init__.py took 0.039 seconds
[2025-11-18T16:20:09.791+0000] {processor.py:161} INFO - Started process (PID=858) to work on /opt/airflow/dags/sodai/__init__.py
[2025-11-18T16:20:09.792+0000] {processor.py:830} INFO - Processing file /opt/airflow/dags/sodai/__init__.py for tasks to queue
[2025-11-18T16:20:09.793+0000] {logging_mixin.py:188} INFO - [2025-11-18T16:20:09.793+0000] {dagbag.py:540} INFO - Filling up the DagBag from /opt/airflow/dags/sodai/__init__.py
[2025-11-18T16:20:09.802+0000] {processor.py:842} WARNING - No viable dags retrieved from /opt/airflow/dags/sodai/__init__.py
[2025-11-18T16:20:09.812+0000] {processor.py:183} INFO - Processing /opt/airflow/dags/sodai/__init__.py took 0.025 seconds
[2025-11-18T16:20:40.549+0000] {processor.py:161} INFO - Started process (PID=868) to work on /opt/airflow/dags/sodai/__init__.py
[2025-11-18T16:20:40.550+0000] {processor.py:830} INFO - Processing file /opt/airflow/dags/sodai/__init__.py for tasks to queue
[2025-11-18T16:20:40.552+0000] {logging_mixin.py:188} INFO - [2025-11-18T16:20:40.552+0000] {dagbag.py:540} INFO - Filling up the DagBag from /opt/airflow/dags/sodai/__init__.py
[2025-11-18T16:20:40.568+0000] {processor.py:842} WARNING - No viable dags retrieved from /opt/airflow/dags/sodai/__init__.py
[2025-11-18T16:20:40.579+0000] {processor.py:183} INFO - Processing /opt/airflow/dags/sodai/__init__.py took 0.034 seconds
[2025-11-18T16:21:11.269+0000] {processor.py:161} INFO - Started process (PID=878) to work on /opt/airflow/dags/sodai/__init__.py
[2025-11-18T16:21:11.271+0000] {processor.py:830} INFO - Processing file /opt/airflow/dags/sodai/__init__.py for tasks to queue
[2025-11-18T16:21:11.272+0000] {logging_mixin.py:188} INFO - [2025-11-18T16:21:11.272+0000] {dagbag.py:540} INFO - Filling up the DagBag from /opt/airflow/dags/sodai/__init__.py
[2025-11-18T16:21:11.290+0000] {processor.py:842} WARNING - No viable dags retrieved from /opt/airflow/dags/sodai/__init__.py
[2025-11-18T16:21:11.301+0000] {processor.py:183} INFO - Processing /opt/airflow/dags/sodai/__init__.py took 0.035 seconds
[2025-11-18T16:21:41.986+0000] {processor.py:161} INFO - Started process (PID=888) to work on /opt/airflow/dags/sodai/__init__.py
[2025-11-18T16:21:41.988+0000] {processor.py:830} INFO - Processing file /opt/airflow/dags/sodai/__init__.py for tasks to queue
[2025-11-18T16:21:41.989+0000] {logging_mixin.py:188} INFO - [2025-11-18T16:21:41.989+0000] {dagbag.py:540} INFO - Filling up the DagBag from /opt/airflow/dags/sodai/__init__.py
[2025-11-18T16:21:42.005+0000] {processor.py:842} WARNING - No viable dags retrieved from /opt/airflow/dags/sodai/__init__.py
[2025-11-18T16:21:42.015+0000] {processor.py:183} INFO - Processing /opt/airflow/dags/sodai/__init__.py took 0.033 seconds
[2025-11-18T16:22:12.753+0000] {processor.py:161} INFO - Started process (PID=898) to work on /opt/airflow/dags/sodai/__init__.py
[2025-11-18T16:22:12.754+0000] {processor.py:830} INFO - Processing file /opt/airflow/dags/sodai/__init__.py for tasks to queue
[2025-11-18T16:22:12.756+0000] {logging_mixin.py:188} INFO - [2025-11-18T16:22:12.755+0000] {dagbag.py:540} INFO - Filling up the DagBag from /opt/airflow/dags/sodai/__init__.py
[2025-11-18T16:22:12.782+0000] {processor.py:842} WARNING - No viable dags retrieved from /opt/airflow/dags/sodai/__init__.py
[2025-11-18T16:22:12.793+0000] {processor.py:183} INFO - Processing /opt/airflow/dags/sodai/__init__.py took 0.045 seconds
[2025-11-18T16:22:43.193+0000] {processor.py:161} INFO - Started process (PID=930) to work on /opt/airflow/dags/sodai/__init__.py
[2025-11-18T16:22:43.194+0000] {processor.py:830} INFO - Processing file /opt/airflow/dags/sodai/__init__.py for tasks to queue
[2025-11-18T16:22:43.195+0000] {logging_mixin.py:188} INFO - [2025-11-18T16:22:43.195+0000] {dagbag.py:540} INFO - Filling up the DagBag from /opt/airflow/dags/sodai/__init__.py
[2025-11-18T16:22:43.216+0000] {processor.py:842} WARNING - No viable dags retrieved from /opt/airflow/dags/sodai/__init__.py
[2025-11-18T16:22:43.226+0000] {processor.py:183} INFO - Processing /opt/airflow/dags/sodai/__init__.py took 0.038 seconds
[2025-11-18T16:23:13.650+0000] {processor.py:161} INFO - Started process (PID=940) to work on /opt/airflow/dags/sodai/__init__.py
[2025-11-18T16:23:13.652+0000] {processor.py:830} INFO - Processing file /opt/airflow/dags/sodai/__init__.py for tasks to queue
[2025-11-18T16:23:13.653+0000] {logging_mixin.py:188} INFO - [2025-11-18T16:23:13.653+0000] {dagbag.py:540} INFO - Filling up the DagBag from /opt/airflow/dags/sodai/__init__.py
[2025-11-18T16:23:13.708+0000] {processor.py:842} WARNING - No viable dags retrieved from /opt/airflow/dags/sodai/__init__.py
[2025-11-18T16:23:13.719+0000] {processor.py:183} INFO - Processing /opt/airflow/dags/sodai/__init__.py took 0.074 seconds
[2025-11-18T16:23:44.102+0000] {processor.py:161} INFO - Started process (PID=950) to work on /opt/airflow/dags/sodai/__init__.py
[2025-11-18T16:23:44.102+0000] {processor.py:830} INFO - Processing file /opt/airflow/dags/sodai/__init__.py for tasks to queue
[2025-11-18T16:23:44.109+0000] {logging_mixin.py:188} INFO - [2025-11-18T16:23:44.108+0000] {dagbag.py:540} INFO - Filling up the DagBag from /opt/airflow/dags/sodai/__init__.py
[2025-11-18T16:23:44.126+0000] {processor.py:842} WARNING - No viable dags retrieved from /opt/airflow/dags/sodai/__init__.py
[2025-11-18T16:23:44.138+0000] {processor.py:183} INFO - Processing /opt/airflow/dags/sodai/__init__.py took 0.041 seconds
[2025-11-18T16:24:14.675+0000] {processor.py:161} INFO - Started process (PID=960) to work on /opt/airflow/dags/sodai/__init__.py
[2025-11-18T16:24:14.676+0000] {processor.py:830} INFO - Processing file /opt/airflow/dags/sodai/__init__.py for tasks to queue
[2025-11-18T16:24:14.677+0000] {logging_mixin.py:188} INFO - [2025-11-18T16:24:14.677+0000] {dagbag.py:540} INFO - Filling up the DagBag from /opt/airflow/dags/sodai/__init__.py
[2025-11-18T16:24:14.685+0000] {processor.py:842} WARNING - No viable dags retrieved from /opt/airflow/dags/sodai/__init__.py
[2025-11-18T16:24:14.695+0000] {processor.py:183} INFO - Processing /opt/airflow/dags/sodai/__init__.py took 0.024 seconds
[2025-11-18T16:24:45.475+0000] {processor.py:161} INFO - Started process (PID=970) to work on /opt/airflow/dags/sodai/__init__.py
[2025-11-18T16:24:45.476+0000] {processor.py:830} INFO - Processing file /opt/airflow/dags/sodai/__init__.py for tasks to queue
[2025-11-18T16:24:45.477+0000] {logging_mixin.py:188} INFO - [2025-11-18T16:24:45.477+0000] {dagbag.py:540} INFO - Filling up the DagBag from /opt/airflow/dags/sodai/__init__.py
[2025-11-18T16:24:45.490+0000] {processor.py:842} WARNING - No viable dags retrieved from /opt/airflow/dags/sodai/__init__.py
[2025-11-18T16:24:45.499+0000] {processor.py:183} INFO - Processing /opt/airflow/dags/sodai/__init__.py took 0.028 seconds
[2025-11-18T16:25:16.399+0000] {processor.py:161} INFO - Started process (PID=980) to work on /opt/airflow/dags/sodai/__init__.py
[2025-11-18T16:25:16.399+0000] {processor.py:830} INFO - Processing file /opt/airflow/dags/sodai/__init__.py for tasks to queue
[2025-11-18T16:25:16.401+0000] {logging_mixin.py:188} INFO - [2025-11-18T16:25:16.400+0000] {dagbag.py:540} INFO - Filling up the DagBag from /opt/airflow/dags/sodai/__init__.py
[2025-11-18T16:25:16.414+0000] {processor.py:842} WARNING - No viable dags retrieved from /opt/airflow/dags/sodai/__init__.py
[2025-11-18T16:25:16.424+0000] {processor.py:183} INFO - Processing /opt/airflow/dags/sodai/__init__.py took 0.029 seconds
[2025-11-18T16:25:47.267+0000] {processor.py:161} INFO - Started process (PID=990) to work on /opt/airflow/dags/sodai/__init__.py
[2025-11-18T16:25:47.268+0000] {processor.py:830} INFO - Processing file /opt/airflow/dags/sodai/__init__.py for tasks to queue
[2025-11-18T16:25:47.269+0000] {logging_mixin.py:188} INFO - [2025-11-18T16:25:47.269+0000] {dagbag.py:540} INFO - Filling up the DagBag from /opt/airflow/dags/sodai/__init__.py
[2025-11-18T16:25:47.285+0000] {processor.py:842} WARNING - No viable dags retrieved from /opt/airflow/dags/sodai/__init__.py
[2025-11-18T16:25:47.296+0000] {processor.py:183} INFO - Processing /opt/airflow/dags/sodai/__init__.py took 0.033 seconds
[2025-11-18T16:26:17.876+0000] {processor.py:161} INFO - Started process (PID=1000) to work on /opt/airflow/dags/sodai/__init__.py
[2025-11-18T16:26:17.877+0000] {processor.py:830} INFO - Processing file /opt/airflow/dags/sodai/__init__.py for tasks to queue
[2025-11-18T16:26:17.878+0000] {logging_mixin.py:188} INFO - [2025-11-18T16:26:17.878+0000] {dagbag.py:540} INFO - Filling up the DagBag from /opt/airflow/dags/sodai/__init__.py
[2025-11-18T16:26:17.889+0000] {processor.py:842} WARNING - No viable dags retrieved from /opt/airflow/dags/sodai/__init__.py
[2025-11-18T16:26:17.898+0000] {processor.py:183} INFO - Processing /opt/airflow/dags/sodai/__init__.py took 0.027 seconds
[2025-11-18T16:26:48.599+0000] {processor.py:161} INFO - Started process (PID=1010) to work on /opt/airflow/dags/sodai/__init__.py
[2025-11-18T16:26:48.600+0000] {processor.py:830} INFO - Processing file /opt/airflow/dags/sodai/__init__.py for tasks to queue
[2025-11-18T16:26:48.601+0000] {logging_mixin.py:188} INFO - [2025-11-18T16:26:48.601+0000] {dagbag.py:540} INFO - Filling up the DagBag from /opt/airflow/dags/sodai/__init__.py
[2025-11-18T16:26:48.628+0000] {processor.py:842} WARNING - No viable dags retrieved from /opt/airflow/dags/sodai/__init__.py
[2025-11-18T16:26:48.639+0000] {processor.py:183} INFO - Processing /opt/airflow/dags/sodai/__init__.py took 0.044 seconds
[2025-11-18T16:27:19.203+0000] {processor.py:161} INFO - Started process (PID=1020) to work on /opt/airflow/dags/sodai/__init__.py
[2025-11-18T16:27:19.204+0000] {processor.py:830} INFO - Processing file /opt/airflow/dags/sodai/__init__.py for tasks to queue
[2025-11-18T16:27:19.210+0000] {logging_mixin.py:188} INFO - [2025-11-18T16:27:19.209+0000] {dagbag.py:540} INFO - Filling up the DagBag from /opt/airflow/dags/sodai/__init__.py
[2025-11-18T16:27:19.229+0000] {processor.py:842} WARNING - No viable dags retrieved from /opt/airflow/dags/sodai/__init__.py
[2025-11-18T16:27:19.240+0000] {processor.py:183} INFO - Processing /opt/airflow/dags/sodai/__init__.py took 0.042 seconds
[2025-11-18T16:27:49.892+0000] {processor.py:161} INFO - Started process (PID=1030) to work on /opt/airflow/dags/sodai/__init__.py
[2025-11-18T16:27:49.893+0000] {processor.py:830} INFO - Processing file /opt/airflow/dags/sodai/__init__.py for tasks to queue
[2025-11-18T16:27:49.894+0000] {logging_mixin.py:188} INFO - [2025-11-18T16:27:49.894+0000] {dagbag.py:540} INFO - Filling up the DagBag from /opt/airflow/dags/sodai/__init__.py
[2025-11-18T16:27:49.915+0000] {processor.py:842} WARNING - No viable dags retrieved from /opt/airflow/dags/sodai/__init__.py
[2025-11-18T16:27:49.927+0000] {processor.py:183} INFO - Processing /opt/airflow/dags/sodai/__init__.py took 0.040 seconds
[2025-11-18T16:28:20.428+0000] {processor.py:161} INFO - Started process (PID=1040) to work on /opt/airflow/dags/sodai/__init__.py
[2025-11-18T16:28:20.429+0000] {processor.py:830} INFO - Processing file /opt/airflow/dags/sodai/__init__.py for tasks to queue
[2025-11-18T16:28:20.431+0000] {logging_mixin.py:188} INFO - [2025-11-18T16:28:20.430+0000] {dagbag.py:540} INFO - Filling up the DagBag from /opt/airflow/dags/sodai/__init__.py
[2025-11-18T16:28:20.442+0000] {processor.py:842} WARNING - No viable dags retrieved from /opt/airflow/dags/sodai/__init__.py
[2025-11-18T16:28:20.452+0000] {processor.py:183} INFO - Processing /opt/airflow/dags/sodai/__init__.py took 0.029 seconds
[2025-11-18T16:28:50.496+0000] {processor.py:161} INFO - Started process (PID=1047) to work on /opt/airflow/dags/sodai/__init__.py
[2025-11-18T16:28:50.497+0000] {processor.py:830} INFO - Processing file /opt/airflow/dags/sodai/__init__.py for tasks to queue
[2025-11-18T16:28:50.499+0000] {logging_mixin.py:188} INFO - [2025-11-18T16:28:50.498+0000] {dagbag.py:540} INFO - Filling up the DagBag from /opt/airflow/dags/sodai/__init__.py
[2025-11-18T16:28:50.510+0000] {processor.py:842} WARNING - No viable dags retrieved from /opt/airflow/dags/sodai/__init__.py
[2025-11-18T16:28:50.519+0000] {processor.py:183} INFO - Processing /opt/airflow/dags/sodai/__init__.py took 0.027 seconds
[2025-11-18T16:29:20.974+0000] {processor.py:161} INFO - Started process (PID=1060) to work on /opt/airflow/dags/sodai/__init__.py
[2025-11-18T16:29:20.975+0000] {processor.py:830} INFO - Processing file /opt/airflow/dags/sodai/__init__.py for tasks to queue
[2025-11-18T16:29:20.976+0000] {logging_mixin.py:188} INFO - [2025-11-18T16:29:20.976+0000] {dagbag.py:540} INFO - Filling up the DagBag from /opt/airflow/dags/sodai/__init__.py
[2025-11-18T16:29:20.997+0000] {processor.py:842} WARNING - No viable dags retrieved from /opt/airflow/dags/sodai/__init__.py
[2025-11-18T16:29:21.009+0000] {processor.py:183} INFO - Processing /opt/airflow/dags/sodai/__init__.py took 0.039 seconds
[2025-11-18T16:29:51.473+0000] {processor.py:161} INFO - Started process (PID=1070) to work on /opt/airflow/dags/sodai/__init__.py
[2025-11-18T16:29:51.473+0000] {processor.py:830} INFO - Processing file /opt/airflow/dags/sodai/__init__.py for tasks to queue
[2025-11-18T16:29:51.475+0000] {logging_mixin.py:188} INFO - [2025-11-18T16:29:51.475+0000] {dagbag.py:540} INFO - Filling up the DagBag from /opt/airflow/dags/sodai/__init__.py
[2025-11-18T16:29:51.505+0000] {processor.py:842} WARNING - No viable dags retrieved from /opt/airflow/dags/sodai/__init__.py
[2025-11-18T16:29:51.516+0000] {processor.py:183} INFO - Processing /opt/airflow/dags/sodai/__init__.py took 0.048 seconds
[2025-11-18T16:30:22.105+0000] {processor.py:161} INFO - Started process (PID=1080) to work on /opt/airflow/dags/sodai/__init__.py
[2025-11-18T16:30:22.106+0000] {processor.py:830} INFO - Processing file /opt/airflow/dags/sodai/__init__.py for tasks to queue
[2025-11-18T16:30:22.108+0000] {logging_mixin.py:188} INFO - [2025-11-18T16:30:22.107+0000] {dagbag.py:540} INFO - Filling up the DagBag from /opt/airflow/dags/sodai/__init__.py
[2025-11-18T16:30:22.124+0000] {processor.py:842} WARNING - No viable dags retrieved from /opt/airflow/dags/sodai/__init__.py
[2025-11-18T16:30:22.134+0000] {processor.py:183} INFO - Processing /opt/airflow/dags/sodai/__init__.py took 0.035 seconds
[2025-11-18T16:30:52.594+0000] {processor.py:161} INFO - Started process (PID=1090) to work on /opt/airflow/dags/sodai/__init__.py
[2025-11-18T16:30:52.595+0000] {processor.py:830} INFO - Processing file /opt/airflow/dags/sodai/__init__.py for tasks to queue
[2025-11-18T16:30:52.597+0000] {logging_mixin.py:188} INFO - [2025-11-18T16:30:52.596+0000] {dagbag.py:540} INFO - Filling up the DagBag from /opt/airflow/dags/sodai/__init__.py
[2025-11-18T16:30:52.612+0000] {processor.py:842} WARNING - No viable dags retrieved from /opt/airflow/dags/sodai/__init__.py
[2025-11-18T16:30:52.624+0000] {processor.py:183} INFO - Processing /opt/airflow/dags/sodai/__init__.py took 0.034 seconds
[2025-11-18T16:31:23.217+0000] {processor.py:161} INFO - Started process (PID=1100) to work on /opt/airflow/dags/sodai/__init__.py
[2025-11-18T16:31:23.218+0000] {processor.py:830} INFO - Processing file /opt/airflow/dags/sodai/__init__.py for tasks to queue
[2025-11-18T16:31:23.220+0000] {logging_mixin.py:188} INFO - [2025-11-18T16:31:23.219+0000] {dagbag.py:540} INFO - Filling up the DagBag from /opt/airflow/dags/sodai/__init__.py
[2025-11-18T16:31:23.235+0000] {processor.py:842} WARNING - No viable dags retrieved from /opt/airflow/dags/sodai/__init__.py
[2025-11-18T16:31:23.245+0000] {processor.py:183} INFO - Processing /opt/airflow/dags/sodai/__init__.py took 0.033 seconds
[2025-11-18T16:31:53.811+0000] {processor.py:161} INFO - Started process (PID=1110) to work on /opt/airflow/dags/sodai/__init__.py
[2025-11-18T16:31:53.812+0000] {processor.py:830} INFO - Processing file /opt/airflow/dags/sodai/__init__.py for tasks to queue
[2025-11-18T16:31:53.814+0000] {logging_mixin.py:188} INFO - [2025-11-18T16:31:53.813+0000] {dagbag.py:540} INFO - Filling up the DagBag from /opt/airflow/dags/sodai/__init__.py
[2025-11-18T16:31:53.826+0000] {processor.py:842} WARNING - No viable dags retrieved from /opt/airflow/dags/sodai/__init__.py
[2025-11-18T16:31:53.837+0000] {processor.py:183} INFO - Processing /opt/airflow/dags/sodai/__init__.py took 0.030 seconds
[2025-11-18T16:32:24.562+0000] {processor.py:161} INFO - Started process (PID=1120) to work on /opt/airflow/dags/sodai/__init__.py
[2025-11-18T16:32:24.563+0000] {processor.py:830} INFO - Processing file /opt/airflow/dags/sodai/__init__.py for tasks to queue
[2025-11-18T16:32:24.564+0000] {logging_mixin.py:188} INFO - [2025-11-18T16:32:24.564+0000] {dagbag.py:540} INFO - Filling up the DagBag from /opt/airflow/dags/sodai/__init__.py
[2025-11-18T16:32:24.580+0000] {processor.py:842} WARNING - No viable dags retrieved from /opt/airflow/dags/sodai/__init__.py
[2025-11-18T16:32:24.590+0000] {processor.py:183} INFO - Processing /opt/airflow/dags/sodai/__init__.py took 0.033 seconds
[2025-11-18T16:32:55.202+0000] {processor.py:161} INFO - Started process (PID=1130) to work on /opt/airflow/dags/sodai/__init__.py
[2025-11-18T16:32:55.203+0000] {processor.py:830} INFO - Processing file /opt/airflow/dags/sodai/__init__.py for tasks to queue
[2025-11-18T16:32:55.205+0000] {logging_mixin.py:188} INFO - [2025-11-18T16:32:55.205+0000] {dagbag.py:540} INFO - Filling up the DagBag from /opt/airflow/dags/sodai/__init__.py
[2025-11-18T16:32:55.216+0000] {processor.py:842} WARNING - No viable dags retrieved from /opt/airflow/dags/sodai/__init__.py
[2025-11-18T16:32:55.227+0000] {processor.py:183} INFO - Processing /opt/airflow/dags/sodai/__init__.py took 0.030 seconds
[2025-11-18T16:33:25.775+0000] {processor.py:161} INFO - Started process (PID=1140) to work on /opt/airflow/dags/sodai/__init__.py
[2025-11-18T16:33:25.775+0000] {processor.py:830} INFO - Processing file /opt/airflow/dags/sodai/__init__.py for tasks to queue
[2025-11-18T16:33:25.777+0000] {logging_mixin.py:188} INFO - [2025-11-18T16:33:25.777+0000] {dagbag.py:540} INFO - Filling up the DagBag from /opt/airflow/dags/sodai/__init__.py
[2025-11-18T16:33:25.789+0000] {processor.py:842} WARNING - No viable dags retrieved from /opt/airflow/dags/sodai/__init__.py
[2025-11-18T16:33:25.800+0000] {processor.py:183} INFO - Processing /opt/airflow/dags/sodai/__init__.py took 0.031 seconds
[2025-11-18T16:33:56.454+0000] {processor.py:161} INFO - Started process (PID=1150) to work on /opt/airflow/dags/sodai/__init__.py
[2025-11-18T16:33:56.455+0000] {processor.py:830} INFO - Processing file /opt/airflow/dags/sodai/__init__.py for tasks to queue
[2025-11-18T16:33:56.457+0000] {logging_mixin.py:188} INFO - [2025-11-18T16:33:56.457+0000] {dagbag.py:540} INFO - Filling up the DagBag from /opt/airflow/dags/sodai/__init__.py
[2025-11-18T16:33:56.471+0000] {processor.py:842} WARNING - No viable dags retrieved from /opt/airflow/dags/sodai/__init__.py
[2025-11-18T16:33:56.482+0000] {processor.py:183} INFO - Processing /opt/airflow/dags/sodai/__init__.py took 0.034 seconds
[2025-11-18T16:34:27.135+0000] {processor.py:161} INFO - Started process (PID=1160) to work on /opt/airflow/dags/sodai/__init__.py
[2025-11-18T16:34:27.136+0000] {processor.py:830} INFO - Processing file /opt/airflow/dags/sodai/__init__.py for tasks to queue
[2025-11-18T16:34:27.138+0000] {logging_mixin.py:188} INFO - [2025-11-18T16:34:27.138+0000] {dagbag.py:540} INFO - Filling up the DagBag from /opt/airflow/dags/sodai/__init__.py
[2025-11-18T16:34:27.153+0000] {processor.py:842} WARNING - No viable dags retrieved from /opt/airflow/dags/sodai/__init__.py
[2025-11-18T16:34:27.163+0000] {processor.py:183} INFO - Processing /opt/airflow/dags/sodai/__init__.py took 0.033 seconds
[2025-11-18T16:34:57.686+0000] {processor.py:161} INFO - Started process (PID=1170) to work on /opt/airflow/dags/sodai/__init__.py
[2025-11-18T16:34:57.686+0000] {processor.py:830} INFO - Processing file /opt/airflow/dags/sodai/__init__.py for tasks to queue
[2025-11-18T16:34:57.689+0000] {logging_mixin.py:188} INFO - [2025-11-18T16:34:57.689+0000] {dagbag.py:540} INFO - Filling up the DagBag from /opt/airflow/dags/sodai/__init__.py
[2025-11-18T16:34:57.706+0000] {processor.py:842} WARNING - No viable dags retrieved from /opt/airflow/dags/sodai/__init__.py
[2025-11-18T16:34:57.716+0000] {processor.py:183} INFO - Processing /opt/airflow/dags/sodai/__init__.py took 0.034 seconds
[2025-11-18T16:35:28.285+0000] {processor.py:161} INFO - Started process (PID=1180) to work on /opt/airflow/dags/sodai/__init__.py
[2025-11-18T16:35:28.286+0000] {processor.py:830} INFO - Processing file /opt/airflow/dags/sodai/__init__.py for tasks to queue
[2025-11-18T16:35:28.287+0000] {logging_mixin.py:188} INFO - [2025-11-18T16:35:28.287+0000] {dagbag.py:540} INFO - Filling up the DagBag from /opt/airflow/dags/sodai/__init__.py
[2025-11-18T16:35:28.305+0000] {processor.py:842} WARNING - No viable dags retrieved from /opt/airflow/dags/sodai/__init__.py
[2025-11-18T16:35:28.315+0000] {processor.py:183} INFO - Processing /opt/airflow/dags/sodai/__init__.py took 0.035 seconds
[2025-11-18T16:35:58.730+0000] {processor.py:161} INFO - Started process (PID=1190) to work on /opt/airflow/dags/sodai/__init__.py
[2025-11-18T16:35:58.731+0000] {processor.py:830} INFO - Processing file /opt/airflow/dags/sodai/__init__.py for tasks to queue
[2025-11-18T16:35:58.733+0000] {logging_mixin.py:188} INFO - [2025-11-18T16:35:58.733+0000] {dagbag.py:540} INFO - Filling up the DagBag from /opt/airflow/dags/sodai/__init__.py
[2025-11-18T16:35:58.741+0000] {processor.py:842} WARNING - No viable dags retrieved from /opt/airflow/dags/sodai/__init__.py
[2025-11-18T16:35:58.750+0000] {processor.py:183} INFO - Processing /opt/airflow/dags/sodai/__init__.py took 0.025 seconds
[2025-11-18T16:36:29.478+0000] {processor.py:161} INFO - Started process (PID=1200) to work on /opt/airflow/dags/sodai/__init__.py
[2025-11-18T16:36:29.480+0000] {processor.py:830} INFO - Processing file /opt/airflow/dags/sodai/__init__.py for tasks to queue
[2025-11-18T16:36:29.482+0000] {logging_mixin.py:188} INFO - [2025-11-18T16:36:29.482+0000] {dagbag.py:540} INFO - Filling up the DagBag from /opt/airflow/dags/sodai/__init__.py
[2025-11-18T16:36:29.517+0000] {processor.py:842} WARNING - No viable dags retrieved from /opt/airflow/dags/sodai/__init__.py
[2025-11-18T16:36:29.528+0000] {processor.py:183} INFO - Processing /opt/airflow/dags/sodai/__init__.py took 0.055 seconds
[2025-11-18T16:37:00.123+0000] {processor.py:161} INFO - Started process (PID=1210) to work on /opt/airflow/dags/sodai/__init__.py
[2025-11-18T16:37:00.125+0000] {processor.py:830} INFO - Processing file /opt/airflow/dags/sodai/__init__.py for tasks to queue
[2025-11-18T16:37:00.126+0000] {logging_mixin.py:188} INFO - [2025-11-18T16:37:00.126+0000] {dagbag.py:540} INFO - Filling up the DagBag from /opt/airflow/dags/sodai/__init__.py
[2025-11-18T16:37:00.135+0000] {processor.py:842} WARNING - No viable dags retrieved from /opt/airflow/dags/sodai/__init__.py
[2025-11-18T16:37:00.148+0000] {processor.py:183} INFO - Processing /opt/airflow/dags/sodai/__init__.py took 0.029 seconds
[2025-11-18T16:37:30.741+0000] {processor.py:161} INFO - Started process (PID=1220) to work on /opt/airflow/dags/sodai/__init__.py
[2025-11-18T16:37:30.742+0000] {processor.py:830} INFO - Processing file /opt/airflow/dags/sodai/__init__.py for tasks to queue
[2025-11-18T16:37:30.744+0000] {logging_mixin.py:188} INFO - [2025-11-18T16:37:30.744+0000] {dagbag.py:540} INFO - Filling up the DagBag from /opt/airflow/dags/sodai/__init__.py
[2025-11-18T16:37:30.779+0000] {processor.py:842} WARNING - No viable dags retrieved from /opt/airflow/dags/sodai/__init__.py
[2025-11-18T16:37:30.792+0000] {processor.py:183} INFO - Processing /opt/airflow/dags/sodai/__init__.py took 0.057 seconds
[2025-11-18T16:38:01.108+0000] {processor.py:161} INFO - Started process (PID=1230) to work on /opt/airflow/dags/sodai/__init__.py
[2025-11-18T16:38:01.109+0000] {processor.py:830} INFO - Processing file /opt/airflow/dags/sodai/__init__.py for tasks to queue
[2025-11-18T16:38:01.110+0000] {logging_mixin.py:188} INFO - [2025-11-18T16:38:01.110+0000] {dagbag.py:540} INFO - Filling up the DagBag from /opt/airflow/dags/sodai/__init__.py
[2025-11-18T16:38:01.124+0000] {processor.py:842} WARNING - No viable dags retrieved from /opt/airflow/dags/sodai/__init__.py
[2025-11-18T16:38:01.134+0000] {processor.py:183} INFO - Processing /opt/airflow/dags/sodai/__init__.py took 0.031 seconds
[2025-11-18T16:38:31.558+0000] {processor.py:161} INFO - Started process (PID=1240) to work on /opt/airflow/dags/sodai/__init__.py
[2025-11-18T16:38:31.560+0000] {processor.py:830} INFO - Processing file /opt/airflow/dags/sodai/__init__.py for tasks to queue
[2025-11-18T16:38:31.563+0000] {logging_mixin.py:188} INFO - [2025-11-18T16:38:31.563+0000] {dagbag.py:540} INFO - Filling up the DagBag from /opt/airflow/dags/sodai/__init__.py
[2025-11-18T16:38:31.582+0000] {processor.py:842} WARNING - No viable dags retrieved from /opt/airflow/dags/sodai/__init__.py
[2025-11-18T16:38:31.594+0000] {processor.py:183} INFO - Processing /opt/airflow/dags/sodai/__init__.py took 0.041 seconds
[2025-11-18T16:39:02.300+0000] {processor.py:161} INFO - Started process (PID=1250) to work on /opt/airflow/dags/sodai/__init__.py
[2025-11-18T16:39:02.301+0000] {processor.py:830} INFO - Processing file /opt/airflow/dags/sodai/__init__.py for tasks to queue
[2025-11-18T16:39:02.302+0000] {logging_mixin.py:188} INFO - [2025-11-18T16:39:02.302+0000] {dagbag.py:540} INFO - Filling up the DagBag from /opt/airflow/dags/sodai/__init__.py
[2025-11-18T16:39:02.315+0000] {processor.py:842} WARNING - No viable dags retrieved from /opt/airflow/dags/sodai/__init__.py
[2025-11-18T16:39:02.325+0000] {processor.py:183} INFO - Processing /opt/airflow/dags/sodai/__init__.py took 0.030 seconds
[2025-11-18T16:39:32.770+0000] {processor.py:161} INFO - Started process (PID=1260) to work on /opt/airflow/dags/sodai/__init__.py
[2025-11-18T16:39:32.771+0000] {processor.py:830} INFO - Processing file /opt/airflow/dags/sodai/__init__.py for tasks to queue
[2025-11-18T16:39:32.773+0000] {logging_mixin.py:188} INFO - [2025-11-18T16:39:32.773+0000] {dagbag.py:540} INFO - Filling up the DagBag from /opt/airflow/dags/sodai/__init__.py
[2025-11-18T16:39:32.798+0000] {processor.py:842} WARNING - No viable dags retrieved from /opt/airflow/dags/sodai/__init__.py
[2025-11-18T16:39:32.811+0000] {processor.py:183} INFO - Processing /opt/airflow/dags/sodai/__init__.py took 0.046 seconds
[2025-11-18T16:40:03.376+0000] {processor.py:161} INFO - Started process (PID=1270) to work on /opt/airflow/dags/sodai/__init__.py
[2025-11-18T16:40:03.377+0000] {processor.py:830} INFO - Processing file /opt/airflow/dags/sodai/__init__.py for tasks to queue
[2025-11-18T16:40:03.378+0000] {logging_mixin.py:188} INFO - [2025-11-18T16:40:03.378+0000] {dagbag.py:540} INFO - Filling up the DagBag from /opt/airflow/dags/sodai/__init__.py
[2025-11-18T16:40:03.390+0000] {processor.py:842} WARNING - No viable dags retrieved from /opt/airflow/dags/sodai/__init__.py
[2025-11-18T16:40:03.400+0000] {processor.py:183} INFO - Processing /opt/airflow/dags/sodai/__init__.py took 0.030 seconds
[2025-11-18T16:40:33.809+0000] {processor.py:161} INFO - Started process (PID=1280) to work on /opt/airflow/dags/sodai/__init__.py
[2025-11-18T16:40:33.814+0000] {processor.py:830} INFO - Processing file /opt/airflow/dags/sodai/__init__.py for tasks to queue
[2025-11-18T16:40:33.816+0000] {logging_mixin.py:188} INFO - [2025-11-18T16:40:33.816+0000] {dagbag.py:540} INFO - Filling up the DagBag from /opt/airflow/dags/sodai/__init__.py
[2025-11-18T16:40:33.834+0000] {processor.py:842} WARNING - No viable dags retrieved from /opt/airflow/dags/sodai/__init__.py
[2025-11-18T16:40:33.846+0000] {processor.py:183} INFO - Processing /opt/airflow/dags/sodai/__init__.py took 0.042 seconds
[2025-11-18T16:41:04.246+0000] {processor.py:161} INFO - Started process (PID=1290) to work on /opt/airflow/dags/sodai/__init__.py
[2025-11-18T16:41:04.247+0000] {processor.py:830} INFO - Processing file /opt/airflow/dags/sodai/__init__.py for tasks to queue
[2025-11-18T16:41:04.248+0000] {logging_mixin.py:188} INFO - [2025-11-18T16:41:04.248+0000] {dagbag.py:540} INFO - Filling up the DagBag from /opt/airflow/dags/sodai/__init__.py
[2025-11-18T16:41:04.261+0000] {processor.py:842} WARNING - No viable dags retrieved from /opt/airflow/dags/sodai/__init__.py
[2025-11-18T16:41:04.272+0000] {processor.py:183} INFO - Processing /opt/airflow/dags/sodai/__init__.py took 0.031 seconds
[2025-11-18T16:41:34.713+0000] {processor.py:161} INFO - Started process (PID=1300) to work on /opt/airflow/dags/sodai/__init__.py
[2025-11-18T16:41:34.713+0000] {processor.py:830} INFO - Processing file /opt/airflow/dags/sodai/__init__.py for tasks to queue
[2025-11-18T16:41:34.715+0000] {logging_mixin.py:188} INFO - [2025-11-18T16:41:34.715+0000] {dagbag.py:540} INFO - Filling up the DagBag from /opt/airflow/dags/sodai/__init__.py
[2025-11-18T16:41:34.729+0000] {processor.py:842} WARNING - No viable dags retrieved from /opt/airflow/dags/sodai/__init__.py
[2025-11-18T16:41:34.739+0000] {processor.py:183} INFO - Processing /opt/airflow/dags/sodai/__init__.py took 0.031 seconds
[2025-11-18T16:42:05.129+0000] {processor.py:161} INFO - Started process (PID=1310) to work on /opt/airflow/dags/sodai/__init__.py
[2025-11-18T16:42:05.130+0000] {processor.py:830} INFO - Processing file /opt/airflow/dags/sodai/__init__.py for tasks to queue
[2025-11-18T16:42:05.132+0000] {logging_mixin.py:188} INFO - [2025-11-18T16:42:05.132+0000] {dagbag.py:540} INFO - Filling up the DagBag from /opt/airflow/dags/sodai/__init__.py
[2025-11-18T16:42:05.145+0000] {processor.py:842} WARNING - No viable dags retrieved from /opt/airflow/dags/sodai/__init__.py
[2025-11-18T16:42:05.155+0000] {processor.py:183} INFO - Processing /opt/airflow/dags/sodai/__init__.py took 0.031 seconds
[2025-11-18T16:42:35.548+0000] {processor.py:161} INFO - Started process (PID=1320) to work on /opt/airflow/dags/sodai/__init__.py
[2025-11-18T16:42:35.550+0000] {processor.py:830} INFO - Processing file /opt/airflow/dags/sodai/__init__.py for tasks to queue
[2025-11-18T16:42:35.554+0000] {logging_mixin.py:188} INFO - [2025-11-18T16:42:35.554+0000] {dagbag.py:540} INFO - Filling up the DagBag from /opt/airflow/dags/sodai/__init__.py
[2025-11-18T16:42:35.567+0000] {processor.py:842} WARNING - No viable dags retrieved from /opt/airflow/dags/sodai/__init__.py
[2025-11-18T16:42:35.576+0000] {processor.py:183} INFO - Processing /opt/airflow/dags/sodai/__init__.py took 0.032 seconds
[2025-11-18T16:43:06.122+0000] {processor.py:161} INFO - Started process (PID=1330) to work on /opt/airflow/dags/sodai/__init__.py
[2025-11-18T16:43:06.123+0000] {processor.py:830} INFO - Processing file /opt/airflow/dags/sodai/__init__.py for tasks to queue
[2025-11-18T16:43:06.130+0000] {logging_mixin.py:188} INFO - [2025-11-18T16:43:06.130+0000] {dagbag.py:540} INFO - Filling up the DagBag from /opt/airflow/dags/sodai/__init__.py
[2025-11-18T16:43:06.152+0000] {processor.py:842} WARNING - No viable dags retrieved from /opt/airflow/dags/sodai/__init__.py
[2025-11-18T16:43:06.162+0000] {processor.py:183} INFO - Processing /opt/airflow/dags/sodai/__init__.py took 0.044 seconds
[2025-11-18T16:43:36.754+0000] {processor.py:161} INFO - Started process (PID=1340) to work on /opt/airflow/dags/sodai/__init__.py
[2025-11-18T16:43:36.756+0000] {processor.py:830} INFO - Processing file /opt/airflow/dags/sodai/__init__.py for tasks to queue
[2025-11-18T16:43:36.758+0000] {logging_mixin.py:188} INFO - [2025-11-18T16:43:36.757+0000] {dagbag.py:540} INFO - Filling up the DagBag from /opt/airflow/dags/sodai/__init__.py
[2025-11-18T16:43:36.785+0000] {processor.py:842} WARNING - No viable dags retrieved from /opt/airflow/dags/sodai/__init__.py
[2025-11-18T16:43:36.796+0000] {processor.py:183} INFO - Processing /opt/airflow/dags/sodai/__init__.py took 0.046 seconds
[2025-11-18T16:44:07.564+0000] {processor.py:161} INFO - Started process (PID=1350) to work on /opt/airflow/dags/sodai/__init__.py
[2025-11-18T16:44:07.569+0000] {processor.py:830} INFO - Processing file /opt/airflow/dags/sodai/__init__.py for tasks to queue
[2025-11-18T16:44:07.573+0000] {logging_mixin.py:188} INFO - [2025-11-18T16:44:07.572+0000] {dagbag.py:540} INFO - Filling up the DagBag from /opt/airflow/dags/sodai/__init__.py
[2025-11-18T16:44:07.589+0000] {processor.py:842} WARNING - No viable dags retrieved from /opt/airflow/dags/sodai/__init__.py
[2025-11-18T16:44:07.600+0000] {processor.py:183} INFO - Processing /opt/airflow/dags/sodai/__init__.py took 0.041 seconds
[2025-11-18T16:44:38.017+0000] {processor.py:161} INFO - Started process (PID=1360) to work on /opt/airflow/dags/sodai/__init__.py
[2025-11-18T16:44:38.020+0000] {processor.py:830} INFO - Processing file /opt/airflow/dags/sodai/__init__.py for tasks to queue
[2025-11-18T16:44:38.022+0000] {logging_mixin.py:188} INFO - [2025-11-18T16:44:38.021+0000] {dagbag.py:540} INFO - Filling up the DagBag from /opt/airflow/dags/sodai/__init__.py
[2025-11-18T16:44:38.030+0000] {processor.py:842} WARNING - No viable dags retrieved from /opt/airflow/dags/sodai/__init__.py
[2025-11-18T16:44:38.041+0000] {processor.py:183} INFO - Processing /opt/airflow/dags/sodai/__init__.py took 0.028 seconds
[2025-11-18T16:45:08.851+0000] {processor.py:161} INFO - Started process (PID=1370) to work on /opt/airflow/dags/sodai/__init__.py
[2025-11-18T16:45:08.852+0000] {processor.py:830} INFO - Processing file /opt/airflow/dags/sodai/__init__.py for tasks to queue
[2025-11-18T16:45:08.854+0000] {logging_mixin.py:188} INFO - [2025-11-18T16:45:08.854+0000] {dagbag.py:540} INFO - Filling up the DagBag from /opt/airflow/dags/sodai/__init__.py
[2025-11-18T16:45:08.864+0000] {processor.py:842} WARNING - No viable dags retrieved from /opt/airflow/dags/sodai/__init__.py
[2025-11-18T16:45:08.874+0000] {processor.py:183} INFO - Processing /opt/airflow/dags/sodai/__init__.py took 0.028 seconds
[2025-11-18T16:45:39.446+0000] {processor.py:161} INFO - Started process (PID=1380) to work on /opt/airflow/dags/sodai/__init__.py
[2025-11-18T16:45:39.447+0000] {processor.py:830} INFO - Processing file /opt/airflow/dags/sodai/__init__.py for tasks to queue
[2025-11-18T16:45:39.449+0000] {logging_mixin.py:188} INFO - [2025-11-18T16:45:39.449+0000] {dagbag.py:540} INFO - Filling up the DagBag from /opt/airflow/dags/sodai/__init__.py
[2025-11-18T16:45:39.473+0000] {processor.py:842} WARNING - No viable dags retrieved from /opt/airflow/dags/sodai/__init__.py
[2025-11-18T16:45:39.483+0000] {processor.py:183} INFO - Processing /opt/airflow/dags/sodai/__init__.py took 0.042 seconds
[2025-11-18T16:46:10.255+0000] {processor.py:161} INFO - Started process (PID=1390) to work on /opt/airflow/dags/sodai/__init__.py
[2025-11-18T16:46:10.255+0000] {processor.py:830} INFO - Processing file /opt/airflow/dags/sodai/__init__.py for tasks to queue
[2025-11-18T16:46:10.257+0000] {logging_mixin.py:188} INFO - [2025-11-18T16:46:10.257+0000] {dagbag.py:540} INFO - Filling up the DagBag from /opt/airflow/dags/sodai/__init__.py
[2025-11-18T16:46:10.353+0000] {processor.py:842} WARNING - No viable dags retrieved from /opt/airflow/dags/sodai/__init__.py
[2025-11-18T16:46:10.366+0000] {processor.py:183} INFO - Processing /opt/airflow/dags/sodai/__init__.py took 0.117 seconds
[2025-11-18T16:46:40.733+0000] {processor.py:161} INFO - Started process (PID=1400) to work on /opt/airflow/dags/sodai/__init__.py
[2025-11-18T16:46:40.734+0000] {processor.py:830} INFO - Processing file /opt/airflow/dags/sodai/__init__.py for tasks to queue
[2025-11-18T16:46:40.735+0000] {logging_mixin.py:188} INFO - [2025-11-18T16:46:40.735+0000] {dagbag.py:540} INFO - Filling up the DagBag from /opt/airflow/dags/sodai/__init__.py
[2025-11-18T16:46:40.752+0000] {processor.py:842} WARNING - No viable dags retrieved from /opt/airflow/dags/sodai/__init__.py
[2025-11-18T16:46:40.762+0000] {processor.py:183} INFO - Processing /opt/airflow/dags/sodai/__init__.py took 0.034 seconds
[2025-11-18T16:47:11.423+0000] {processor.py:161} INFO - Started process (PID=1410) to work on /opt/airflow/dags/sodai/__init__.py
[2025-11-18T16:47:11.424+0000] {processor.py:830} INFO - Processing file /opt/airflow/dags/sodai/__init__.py for tasks to queue
[2025-11-18T16:47:11.425+0000] {logging_mixin.py:188} INFO - [2025-11-18T16:47:11.425+0000] {dagbag.py:540} INFO - Filling up the DagBag from /opt/airflow/dags/sodai/__init__.py
[2025-11-18T16:47:11.436+0000] {processor.py:842} WARNING - No viable dags retrieved from /opt/airflow/dags/sodai/__init__.py
[2025-11-18T16:47:11.446+0000] {processor.py:183} INFO - Processing /opt/airflow/dags/sodai/__init__.py took 0.028 seconds
[2025-11-18T16:47:41.996+0000] {processor.py:161} INFO - Started process (PID=1420) to work on /opt/airflow/dags/sodai/__init__.py
[2025-11-18T16:47:41.998+0000] {processor.py:830} INFO - Processing file /opt/airflow/dags/sodai/__init__.py for tasks to queue
[2025-11-18T16:47:42.001+0000] {logging_mixin.py:188} INFO - [2025-11-18T16:47:42.000+0000] {dagbag.py:540} INFO - Filling up the DagBag from /opt/airflow/dags/sodai/__init__.py
[2025-11-18T16:47:42.019+0000] {processor.py:842} WARNING - No viable dags retrieved from /opt/airflow/dags/sodai/__init__.py
[2025-11-18T16:47:42.029+0000] {processor.py:183} INFO - Processing /opt/airflow/dags/sodai/__init__.py took 0.038 seconds
[2025-11-18T16:48:12.924+0000] {processor.py:161} INFO - Started process (PID=1430) to work on /opt/airflow/dags/sodai/__init__.py
[2025-11-18T16:48:12.925+0000] {processor.py:830} INFO - Processing file /opt/airflow/dags/sodai/__init__.py for tasks to queue
[2025-11-18T16:48:12.927+0000] {logging_mixin.py:188} INFO - [2025-11-18T16:48:12.927+0000] {dagbag.py:540} INFO - Filling up the DagBag from /opt/airflow/dags/sodai/__init__.py
[2025-11-18T16:48:12.946+0000] {processor.py:842} WARNING - No viable dags retrieved from /opt/airflow/dags/sodai/__init__.py
[2025-11-18T16:48:12.956+0000] {processor.py:183} INFO - Processing /opt/airflow/dags/sodai/__init__.py took 0.037 seconds
[2025-11-18T16:48:43.500+0000] {processor.py:161} INFO - Started process (PID=1440) to work on /opt/airflow/dags/sodai/__init__.py
[2025-11-18T16:48:43.502+0000] {processor.py:830} INFO - Processing file /opt/airflow/dags/sodai/__init__.py for tasks to queue
[2025-11-18T16:48:43.505+0000] {logging_mixin.py:188} INFO - [2025-11-18T16:48:43.504+0000] {dagbag.py:540} INFO - Filling up the DagBag from /opt/airflow/dags/sodai/__init__.py
[2025-11-18T16:48:43.512+0000] {processor.py:842} WARNING - No viable dags retrieved from /opt/airflow/dags/sodai/__init__.py
[2025-11-18T16:48:43.523+0000] {processor.py:183} INFO - Processing /opt/airflow/dags/sodai/__init__.py took 0.028 seconds
[2025-11-18T16:49:14.015+0000] {processor.py:161} INFO - Started process (PID=1450) to work on /opt/airflow/dags/sodai/__init__.py
[2025-11-18T16:49:14.016+0000] {processor.py:830} INFO - Processing file /opt/airflow/dags/sodai/__init__.py for tasks to queue
[2025-11-18T16:49:14.017+0000] {logging_mixin.py:188} INFO - [2025-11-18T16:49:14.017+0000] {dagbag.py:540} INFO - Filling up the DagBag from /opt/airflow/dags/sodai/__init__.py
[2025-11-18T16:49:14.030+0000] {processor.py:842} WARNING - No viable dags retrieved from /opt/airflow/dags/sodai/__init__.py
[2025-11-18T16:49:14.040+0000] {processor.py:183} INFO - Processing /opt/airflow/dags/sodai/__init__.py took 0.030 seconds
[2025-11-18T16:49:44.139+0000] {processor.py:161} INFO - Started process (PID=1460) to work on /opt/airflow/dags/sodai/__init__.py
[2025-11-18T16:49:44.144+0000] {processor.py:830} INFO - Processing file /opt/airflow/dags/sodai/__init__.py for tasks to queue
[2025-11-18T16:49:44.148+0000] {logging_mixin.py:188} INFO - [2025-11-18T16:49:44.147+0000] {dagbag.py:540} INFO - Filling up the DagBag from /opt/airflow/dags/sodai/__init__.py
[2025-11-18T16:49:44.171+0000] {processor.py:842} WARNING - No viable dags retrieved from /opt/airflow/dags/sodai/__init__.py
[2025-11-18T16:49:44.183+0000] {processor.py:183} INFO - Processing /opt/airflow/dags/sodai/__init__.py took 0.049 seconds
[2025-11-18T16:50:15.147+0000] {processor.py:161} INFO - Started process (PID=1470) to work on /opt/airflow/dags/sodai/__init__.py
[2025-11-18T16:50:15.148+0000] {processor.py:830} INFO - Processing file /opt/airflow/dags/sodai/__init__.py for tasks to queue
[2025-11-18T16:50:15.150+0000] {logging_mixin.py:188} INFO - [2025-11-18T16:50:15.150+0000] {dagbag.py:540} INFO - Filling up the DagBag from /opt/airflow/dags/sodai/__init__.py
[2025-11-18T16:50:15.164+0000] {processor.py:842} WARNING - No viable dags retrieved from /opt/airflow/dags/sodai/__init__.py
[2025-11-18T16:50:15.175+0000] {processor.py:183} INFO - Processing /opt/airflow/dags/sodai/__init__.py took 0.034 seconds
[2025-11-18T16:50:45.691+0000] {processor.py:161} INFO - Started process (PID=1480) to work on /opt/airflow/dags/sodai/__init__.py
[2025-11-18T16:50:45.692+0000] {processor.py:830} INFO - Processing file /opt/airflow/dags/sodai/__init__.py for tasks to queue
[2025-11-18T16:50:45.694+0000] {logging_mixin.py:188} INFO - [2025-11-18T16:50:45.693+0000] {dagbag.py:540} INFO - Filling up the DagBag from /opt/airflow/dags/sodai/__init__.py
[2025-11-18T16:50:45.725+0000] {processor.py:842} WARNING - No viable dags retrieved from /opt/airflow/dags/sodai/__init__.py
[2025-11-18T16:50:45.736+0000] {processor.py:183} INFO - Processing /opt/airflow/dags/sodai/__init__.py took 0.050 seconds
[2025-11-18T16:51:16.385+0000] {processor.py:161} INFO - Started process (PID=1490) to work on /opt/airflow/dags/sodai/__init__.py
[2025-11-18T16:51:16.386+0000] {processor.py:830} INFO - Processing file /opt/airflow/dags/sodai/__init__.py for tasks to queue
[2025-11-18T16:51:16.388+0000] {logging_mixin.py:188} INFO - [2025-11-18T16:51:16.388+0000] {dagbag.py:540} INFO - Filling up the DagBag from /opt/airflow/dags/sodai/__init__.py
[2025-11-18T16:51:16.401+0000] {processor.py:842} WARNING - No viable dags retrieved from /opt/airflow/dags/sodai/__init__.py
[2025-11-18T16:51:16.411+0000] {processor.py:183} INFO - Processing /opt/airflow/dags/sodai/__init__.py took 0.032 seconds
[2025-11-18T16:51:47.000+0000] {processor.py:161} INFO - Started process (PID=1500) to work on /opt/airflow/dags/sodai/__init__.py
[2025-11-18T16:51:47.001+0000] {processor.py:830} INFO - Processing file /opt/airflow/dags/sodai/__init__.py for tasks to queue
[2025-11-18T16:51:47.002+0000] {logging_mixin.py:188} INFO - [2025-11-18T16:51:47.002+0000] {dagbag.py:540} INFO - Filling up the DagBag from /opt/airflow/dags/sodai/__init__.py
[2025-11-18T16:51:47.024+0000] {processor.py:842} WARNING - No viable dags retrieved from /opt/airflow/dags/sodai/__init__.py
[2025-11-18T16:51:47.036+0000] {processor.py:183} INFO - Processing /opt/airflow/dags/sodai/__init__.py took 0.042 seconds
[2025-11-18T16:52:17.937+0000] {processor.py:161} INFO - Started process (PID=1510) to work on /opt/airflow/dags/sodai/__init__.py
[2025-11-18T16:52:17.938+0000] {processor.py:830} INFO - Processing file /opt/airflow/dags/sodai/__init__.py for tasks to queue
[2025-11-18T16:52:17.941+0000] {logging_mixin.py:188} INFO - [2025-11-18T16:52:17.941+0000] {dagbag.py:540} INFO - Filling up the DagBag from /opt/airflow/dags/sodai/__init__.py
[2025-11-18T16:52:17.967+0000] {processor.py:842} WARNING - No viable dags retrieved from /opt/airflow/dags/sodai/__init__.py
[2025-11-18T16:52:17.981+0000] {processor.py:183} INFO - Processing /opt/airflow/dags/sodai/__init__.py took 0.050 seconds
[2025-11-18T16:52:48.926+0000] {processor.py:161} INFO - Started process (PID=1520) to work on /opt/airflow/dags/sodai/__init__.py
[2025-11-18T16:52:48.927+0000] {processor.py:830} INFO - Processing file /opt/airflow/dags/sodai/__init__.py for tasks to queue
[2025-11-18T16:52:48.933+0000] {logging_mixin.py:188} INFO - [2025-11-18T16:52:48.933+0000] {dagbag.py:540} INFO - Filling up the DagBag from /opt/airflow/dags/sodai/__init__.py
[2025-11-18T16:52:49.035+0000] {processor.py:842} WARNING - No viable dags retrieved from /opt/airflow/dags/sodai/__init__.py
[2025-11-18T16:52:49.051+0000] {processor.py:183} INFO - Processing /opt/airflow/dags/sodai/__init__.py took 0.130 seconds
[2025-11-18T16:53:19.508+0000] {processor.py:161} INFO - Started process (PID=1530) to work on /opt/airflow/dags/sodai/__init__.py
[2025-11-18T16:53:19.509+0000] {processor.py:830} INFO - Processing file /opt/airflow/dags/sodai/__init__.py for tasks to queue
[2025-11-18T16:53:19.511+0000] {logging_mixin.py:188} INFO - [2025-11-18T16:53:19.510+0000] {dagbag.py:540} INFO - Filling up the DagBag from /opt/airflow/dags/sodai/__init__.py
[2025-11-18T16:53:19.523+0000] {processor.py:842} WARNING - No viable dags retrieved from /opt/airflow/dags/sodai/__init__.py
[2025-11-18T16:53:19.535+0000] {processor.py:183} INFO - Processing /opt/airflow/dags/sodai/__init__.py took 0.032 seconds
[2025-11-18T16:53:50.315+0000] {processor.py:161} INFO - Started process (PID=1540) to work on /opt/airflow/dags/sodai/__init__.py
[2025-11-18T16:53:50.316+0000] {processor.py:830} INFO - Processing file /opt/airflow/dags/sodai/__init__.py for tasks to queue
[2025-11-18T16:53:50.318+0000] {logging_mixin.py:188} INFO - [2025-11-18T16:53:50.318+0000] {dagbag.py:540} INFO - Filling up the DagBag from /opt/airflow/dags/sodai/__init__.py
[2025-11-18T16:53:50.365+0000] {processor.py:842} WARNING - No viable dags retrieved from /opt/airflow/dags/sodai/__init__.py
[2025-11-18T16:53:50.376+0000] {processor.py:183} INFO - Processing /opt/airflow/dags/sodai/__init__.py took 0.066 seconds
[2025-11-18T16:54:21.134+0000] {processor.py:161} INFO - Started process (PID=1550) to work on /opt/airflow/dags/sodai/__init__.py
[2025-11-18T16:54:21.134+0000] {processor.py:830} INFO - Processing file /opt/airflow/dags/sodai/__init__.py for tasks to queue
[2025-11-18T16:54:21.136+0000] {logging_mixin.py:188} INFO - [2025-11-18T16:54:21.136+0000] {dagbag.py:540} INFO - Filling up the DagBag from /opt/airflow/dags/sodai/__init__.py
[2025-11-18T16:54:21.150+0000] {processor.py:842} WARNING - No viable dags retrieved from /opt/airflow/dags/sodai/__init__.py
[2025-11-18T16:54:21.161+0000] {processor.py:183} INFO - Processing /opt/airflow/dags/sodai/__init__.py took 0.032 seconds
[2025-11-18T16:54:51.863+0000] {processor.py:161} INFO - Started process (PID=1560) to work on /opt/airflow/dags/sodai/__init__.py
[2025-11-18T16:54:51.864+0000] {processor.py:830} INFO - Processing file /opt/airflow/dags/sodai/__init__.py for tasks to queue
[2025-11-18T16:54:51.865+0000] {logging_mixin.py:188} INFO - [2025-11-18T16:54:51.865+0000] {dagbag.py:540} INFO - Filling up the DagBag from /opt/airflow/dags/sodai/__init__.py
[2025-11-18T16:54:51.875+0000] {processor.py:842} WARNING - No viable dags retrieved from /opt/airflow/dags/sodai/__init__.py
[2025-11-18T16:54:51.886+0000] {processor.py:183} INFO - Processing /opt/airflow/dags/sodai/__init__.py took 0.029 seconds
[2025-11-18T16:55:22.553+0000] {processor.py:161} INFO - Started process (PID=1570) to work on /opt/airflow/dags/sodai/__init__.py
[2025-11-18T16:55:22.554+0000] {processor.py:830} INFO - Processing file /opt/airflow/dags/sodai/__init__.py for tasks to queue
[2025-11-18T16:55:22.560+0000] {logging_mixin.py:188} INFO - [2025-11-18T16:55:22.560+0000] {dagbag.py:540} INFO - Filling up the DagBag from /opt/airflow/dags/sodai/__init__.py
[2025-11-18T16:55:22.610+0000] {processor.py:842} WARNING - No viable dags retrieved from /opt/airflow/dags/sodai/__init__.py
[2025-11-18T16:55:22.621+0000] {processor.py:183} INFO - Processing /opt/airflow/dags/sodai/__init__.py took 0.074 seconds
[2025-11-18T16:55:53.156+0000] {processor.py:161} INFO - Started process (PID=1580) to work on /opt/airflow/dags/sodai/__init__.py
[2025-11-18T16:55:53.157+0000] {processor.py:830} INFO - Processing file /opt/airflow/dags/sodai/__init__.py for tasks to queue
[2025-11-18T16:55:53.158+0000] {logging_mixin.py:188} INFO - [2025-11-18T16:55:53.158+0000] {dagbag.py:540} INFO - Filling up the DagBag from /opt/airflow/dags/sodai/__init__.py
[2025-11-18T16:55:53.180+0000] {processor.py:842} WARNING - No viable dags retrieved from /opt/airflow/dags/sodai/__init__.py
[2025-11-18T16:55:53.192+0000] {processor.py:183} INFO - Processing /opt/airflow/dags/sodai/__init__.py took 0.041 seconds
[2025-11-18T16:56:23.908+0000] {processor.py:161} INFO - Started process (PID=1590) to work on /opt/airflow/dags/sodai/__init__.py
[2025-11-18T16:56:23.911+0000] {processor.py:830} INFO - Processing file /opt/airflow/dags/sodai/__init__.py for tasks to queue
[2025-11-18T16:56:23.913+0000] {logging_mixin.py:188} INFO - [2025-11-18T16:56:23.912+0000] {dagbag.py:540} INFO - Filling up the DagBag from /opt/airflow/dags/sodai/__init__.py
[2025-11-18T16:56:23.926+0000] {processor.py:842} WARNING - No viable dags retrieved from /opt/airflow/dags/sodai/__init__.py
[2025-11-18T16:56:23.939+0000] {processor.py:183} INFO - Processing /opt/airflow/dags/sodai/__init__.py took 0.036 seconds
[2025-11-18T16:56:54.460+0000] {processor.py:161} INFO - Started process (PID=1600) to work on /opt/airflow/dags/sodai/__init__.py
[2025-11-18T16:56:54.461+0000] {processor.py:830} INFO - Processing file /opt/airflow/dags/sodai/__init__.py for tasks to queue
[2025-11-18T16:56:54.462+0000] {logging_mixin.py:188} INFO - [2025-11-18T16:56:54.462+0000] {dagbag.py:540} INFO - Filling up the DagBag from /opt/airflow/dags/sodai/__init__.py
[2025-11-18T16:56:54.478+0000] {processor.py:842} WARNING - No viable dags retrieved from /opt/airflow/dags/sodai/__init__.py
[2025-11-18T16:56:54.489+0000] {processor.py:183} INFO - Processing /opt/airflow/dags/sodai/__init__.py took 0.035 seconds
[2025-11-18T16:57:25.152+0000] {processor.py:161} INFO - Started process (PID=1610) to work on /opt/airflow/dags/sodai/__init__.py
[2025-11-18T16:57:25.153+0000] {processor.py:830} INFO - Processing file /opt/airflow/dags/sodai/__init__.py for tasks to queue
[2025-11-18T16:57:25.154+0000] {logging_mixin.py:188} INFO - [2025-11-18T16:57:25.154+0000] {dagbag.py:540} INFO - Filling up the DagBag from /opt/airflow/dags/sodai/__init__.py
[2025-11-18T16:57:25.163+0000] {processor.py:842} WARNING - No viable dags retrieved from /opt/airflow/dags/sodai/__init__.py
[2025-11-18T16:57:25.176+0000] {processor.py:183} INFO - Processing /opt/airflow/dags/sodai/__init__.py took 0.030 seconds
[2025-11-18T16:57:55.916+0000] {processor.py:161} INFO - Started process (PID=1620) to work on /opt/airflow/dags/sodai/__init__.py
[2025-11-18T16:57:55.916+0000] {processor.py:830} INFO - Processing file /opt/airflow/dags/sodai/__init__.py for tasks to queue
[2025-11-18T16:57:55.918+0000] {logging_mixin.py:188} INFO - [2025-11-18T16:57:55.918+0000] {dagbag.py:540} INFO - Filling up the DagBag from /opt/airflow/dags/sodai/__init__.py
[2025-11-18T16:57:55.931+0000] {processor.py:842} WARNING - No viable dags retrieved from /opt/airflow/dags/sodai/__init__.py
[2025-11-18T16:57:55.944+0000] {processor.py:183} INFO - Processing /opt/airflow/dags/sodai/__init__.py took 0.032 seconds
[2025-11-18T16:58:26.577+0000] {processor.py:161} INFO - Started process (PID=1630) to work on /opt/airflow/dags/sodai/__init__.py
[2025-11-18T16:58:26.578+0000] {processor.py:830} INFO - Processing file /opt/airflow/dags/sodai/__init__.py for tasks to queue
[2025-11-18T16:58:26.582+0000] {logging_mixin.py:188} INFO - [2025-11-18T16:58:26.581+0000] {dagbag.py:540} INFO - Filling up the DagBag from /opt/airflow/dags/sodai/__init__.py
[2025-11-18T16:58:26.598+0000] {processor.py:842} WARNING - No viable dags retrieved from /opt/airflow/dags/sodai/__init__.py
[2025-11-18T16:58:26.610+0000] {processor.py:183} INFO - Processing /opt/airflow/dags/sodai/__init__.py took 0.037 seconds
[2025-11-18T16:58:57.628+0000] {processor.py:161} INFO - Started process (PID=1640) to work on /opt/airflow/dags/sodai/__init__.py
[2025-11-18T16:58:57.630+0000] {processor.py:830} INFO - Processing file /opt/airflow/dags/sodai/__init__.py for tasks to queue
[2025-11-18T16:58:57.633+0000] {logging_mixin.py:188} INFO - [2025-11-18T16:58:57.633+0000] {dagbag.py:540} INFO - Filling up the DagBag from /opt/airflow/dags/sodai/__init__.py
[2025-11-18T16:58:57.668+0000] {processor.py:842} WARNING - No viable dags retrieved from /opt/airflow/dags/sodai/__init__.py
[2025-11-18T16:58:57.683+0000] {processor.py:183} INFO - Processing /opt/airflow/dags/sodai/__init__.py took 0.060 seconds
[2025-11-18T16:59:28.453+0000] {processor.py:161} INFO - Started process (PID=1650) to work on /opt/airflow/dags/sodai/__init__.py
[2025-11-18T16:59:28.455+0000] {processor.py:830} INFO - Processing file /opt/airflow/dags/sodai/__init__.py for tasks to queue
[2025-11-18T16:59:28.456+0000] {logging_mixin.py:188} INFO - [2025-11-18T16:59:28.456+0000] {dagbag.py:540} INFO - Filling up the DagBag from /opt/airflow/dags/sodai/__init__.py
[2025-11-18T16:59:28.481+0000] {processor.py:842} WARNING - No viable dags retrieved from /opt/airflow/dags/sodai/__init__.py
[2025-11-18T16:59:28.493+0000] {processor.py:183} INFO - Processing /opt/airflow/dags/sodai/__init__.py took 0.045 seconds
[2025-11-18T16:59:59.333+0000] {processor.py:161} INFO - Started process (PID=1660) to work on /opt/airflow/dags/sodai/__init__.py
[2025-11-18T16:59:59.336+0000] {processor.py:830} INFO - Processing file /opt/airflow/dags/sodai/__init__.py for tasks to queue
[2025-11-18T16:59:59.338+0000] {logging_mixin.py:188} INFO - [2025-11-18T16:59:59.337+0000] {dagbag.py:540} INFO - Filling up the DagBag from /opt/airflow/dags/sodai/__init__.py
[2025-11-18T16:59:59.358+0000] {processor.py:842} WARNING - No viable dags retrieved from /opt/airflow/dags/sodai/__init__.py
[2025-11-18T16:59:59.368+0000] {processor.py:183} INFO - Processing /opt/airflow/dags/sodai/__init__.py took 0.040 seconds
[2025-11-18T17:00:30.106+0000] {processor.py:161} INFO - Started process (PID=1670) to work on /opt/airflow/dags/sodai/__init__.py
[2025-11-18T17:00:30.110+0000] {processor.py:830} INFO - Processing file /opt/airflow/dags/sodai/__init__.py for tasks to queue
[2025-11-18T17:00:30.112+0000] {logging_mixin.py:188} INFO - [2025-11-18T17:00:30.112+0000] {dagbag.py:540} INFO - Filling up the DagBag from /opt/airflow/dags/sodai/__init__.py
[2025-11-18T17:00:30.121+0000] {processor.py:842} WARNING - No viable dags retrieved from /opt/airflow/dags/sodai/__init__.py
[2025-11-18T17:00:30.133+0000] {processor.py:183} INFO - Processing /opt/airflow/dags/sodai/__init__.py took 0.032 seconds
[2025-11-18T17:01:00.852+0000] {processor.py:161} INFO - Started process (PID=1680) to work on /opt/airflow/dags/sodai/__init__.py
[2025-11-18T17:01:00.853+0000] {processor.py:830} INFO - Processing file /opt/airflow/dags/sodai/__init__.py for tasks to queue
[2025-11-18T17:01:00.855+0000] {logging_mixin.py:188} INFO - [2025-11-18T17:01:00.854+0000] {dagbag.py:540} INFO - Filling up the DagBag from /opt/airflow/dags/sodai/__init__.py
[2025-11-18T17:01:00.875+0000] {processor.py:842} WARNING - No viable dags retrieved from /opt/airflow/dags/sodai/__init__.py
[2025-11-18T17:01:00.886+0000] {processor.py:183} INFO - Processing /opt/airflow/dags/sodai/__init__.py took 0.040 seconds
[2025-11-18T17:01:31.376+0000] {processor.py:161} INFO - Started process (PID=1690) to work on /opt/airflow/dags/sodai/__init__.py
[2025-11-18T17:01:31.376+0000] {processor.py:830} INFO - Processing file /opt/airflow/dags/sodai/__init__.py for tasks to queue
[2025-11-18T17:01:31.378+0000] {logging_mixin.py:188} INFO - [2025-11-18T17:01:31.378+0000] {dagbag.py:540} INFO - Filling up the DagBag from /opt/airflow/dags/sodai/__init__.py
[2025-11-18T17:01:31.387+0000] {processor.py:842} WARNING - No viable dags retrieved from /opt/airflow/dags/sodai/__init__.py
[2025-11-18T17:01:31.399+0000] {processor.py:183} INFO - Processing /opt/airflow/dags/sodai/__init__.py took 0.028 seconds
[2025-11-18T17:02:02.050+0000] {processor.py:161} INFO - Started process (PID=1700) to work on /opt/airflow/dags/sodai/__init__.py
[2025-11-18T17:02:02.052+0000] {processor.py:830} INFO - Processing file /opt/airflow/dags/sodai/__init__.py for tasks to queue
[2025-11-18T17:02:02.057+0000] {logging_mixin.py:188} INFO - [2025-11-18T17:02:02.057+0000] {dagbag.py:540} INFO - Filling up the DagBag from /opt/airflow/dags/sodai/__init__.py
[2025-11-18T17:02:02.153+0000] {processor.py:842} WARNING - No viable dags retrieved from /opt/airflow/dags/sodai/__init__.py
[2025-11-18T17:02:02.163+0000] {processor.py:183} INFO - Processing /opt/airflow/dags/sodai/__init__.py took 0.119 seconds
[2025-11-18T17:02:32.524+0000] {processor.py:161} INFO - Started process (PID=1710) to work on /opt/airflow/dags/sodai/__init__.py
[2025-11-18T17:02:32.524+0000] {processor.py:830} INFO - Processing file /opt/airflow/dags/sodai/__init__.py for tasks to queue
[2025-11-18T17:02:32.526+0000] {logging_mixin.py:188} INFO - [2025-11-18T17:02:32.526+0000] {dagbag.py:540} INFO - Filling up the DagBag from /opt/airflow/dags/sodai/__init__.py
[2025-11-18T17:02:32.534+0000] {processor.py:842} WARNING - No viable dags retrieved from /opt/airflow/dags/sodai/__init__.py
[2025-11-18T17:02:32.546+0000] {processor.py:183} INFO - Processing /opt/airflow/dags/sodai/__init__.py took 0.028 seconds
[2025-11-18T17:03:03.105+0000] {processor.py:161} INFO - Started process (PID=1720) to work on /opt/airflow/dags/sodai/__init__.py
[2025-11-18T17:03:03.106+0000] {processor.py:830} INFO - Processing file /opt/airflow/dags/sodai/__init__.py for tasks to queue
[2025-11-18T17:03:03.111+0000] {logging_mixin.py:188} INFO - [2025-11-18T17:03:03.110+0000] {dagbag.py:540} INFO - Filling up the DagBag from /opt/airflow/dags/sodai/__init__.py
[2025-11-18T17:03:03.163+0000] {processor.py:842} WARNING - No viable dags retrieved from /opt/airflow/dags/sodai/__init__.py
[2025-11-18T17:03:03.175+0000] {processor.py:183} INFO - Processing /opt/airflow/dags/sodai/__init__.py took 0.076 seconds
[2025-11-18T17:03:33.735+0000] {processor.py:161} INFO - Started process (PID=1730) to work on /opt/airflow/dags/sodai/__init__.py
[2025-11-18T17:03:33.736+0000] {processor.py:830} INFO - Processing file /opt/airflow/dags/sodai/__init__.py for tasks to queue
[2025-11-18T17:03:33.738+0000] {logging_mixin.py:188} INFO - [2025-11-18T17:03:33.737+0000] {dagbag.py:540} INFO - Filling up the DagBag from /opt/airflow/dags/sodai/__init__.py
[2025-11-18T17:03:33.761+0000] {processor.py:842} WARNING - No viable dags retrieved from /opt/airflow/dags/sodai/__init__.py
[2025-11-18T17:03:33.773+0000] {processor.py:183} INFO - Processing /opt/airflow/dags/sodai/__init__.py took 0.044 seconds
[2025-11-18T17:04:04.584+0000] {processor.py:161} INFO - Started process (PID=1740) to work on /opt/airflow/dags/sodai/__init__.py
[2025-11-18T17:04:04.585+0000] {processor.py:830} INFO - Processing file /opt/airflow/dags/sodai/__init__.py for tasks to queue
[2025-11-18T17:04:04.589+0000] {logging_mixin.py:188} INFO - [2025-11-18T17:04:04.589+0000] {dagbag.py:540} INFO - Filling up the DagBag from /opt/airflow/dags/sodai/__init__.py
[2025-11-18T17:04:04.633+0000] {processor.py:842} WARNING - No viable dags retrieved from /opt/airflow/dags/sodai/__init__.py
[2025-11-18T17:04:04.645+0000] {processor.py:183} INFO - Processing /opt/airflow/dags/sodai/__init__.py took 0.067 seconds
[2025-11-18T17:04:35.231+0000] {processor.py:161} INFO - Started process (PID=1750) to work on /opt/airflow/dags/sodai/__init__.py
[2025-11-18T17:04:35.231+0000] {processor.py:830} INFO - Processing file /opt/airflow/dags/sodai/__init__.py for tasks to queue
[2025-11-18T17:04:35.233+0000] {logging_mixin.py:188} INFO - [2025-11-18T17:04:35.233+0000] {dagbag.py:540} INFO - Filling up the DagBag from /opt/airflow/dags/sodai/__init__.py
[2025-11-18T17:04:35.242+0000] {processor.py:842} WARNING - No viable dags retrieved from /opt/airflow/dags/sodai/__init__.py
[2025-11-18T17:04:35.254+0000] {processor.py:183} INFO - Processing /opt/airflow/dags/sodai/__init__.py took 0.028 seconds
[2025-11-18T17:05:05.708+0000] {processor.py:161} INFO - Started process (PID=1760) to work on /opt/airflow/dags/sodai/__init__.py
[2025-11-18T17:05:05.708+0000] {processor.py:830} INFO - Processing file /opt/airflow/dags/sodai/__init__.py for tasks to queue
[2025-11-18T17:05:05.710+0000] {logging_mixin.py:188} INFO - [2025-11-18T17:05:05.710+0000] {dagbag.py:540} INFO - Filling up the DagBag from /opt/airflow/dags/sodai/__init__.py
[2025-11-18T17:05:05.720+0000] {processor.py:842} WARNING - No viable dags retrieved from /opt/airflow/dags/sodai/__init__.py
[2025-11-18T17:05:05.731+0000] {processor.py:183} INFO - Processing /opt/airflow/dags/sodai/__init__.py took 0.029 seconds
[2025-11-18T17:05:36.323+0000] {processor.py:161} INFO - Started process (PID=1770) to work on /opt/airflow/dags/sodai/__init__.py
[2025-11-18T17:05:36.324+0000] {processor.py:830} INFO - Processing file /opt/airflow/dags/sodai/__init__.py for tasks to queue
[2025-11-18T17:05:36.326+0000] {logging_mixin.py:188} INFO - [2025-11-18T17:05:36.325+0000] {dagbag.py:540} INFO - Filling up the DagBag from /opt/airflow/dags/sodai/__init__.py
[2025-11-18T17:05:36.336+0000] {processor.py:842} WARNING - No viable dags retrieved from /opt/airflow/dags/sodai/__init__.py
[2025-11-18T17:05:36.347+0000] {processor.py:183} INFO - Processing /opt/airflow/dags/sodai/__init__.py took 0.028 seconds
[2025-11-18T17:06:06.742+0000] {processor.py:161} INFO - Started process (PID=1780) to work on /opt/airflow/dags/sodai/__init__.py
[2025-11-18T17:06:06.743+0000] {processor.py:830} INFO - Processing file /opt/airflow/dags/sodai/__init__.py for tasks to queue
[2025-11-18T17:06:06.745+0000] {logging_mixin.py:188} INFO - [2025-11-18T17:06:06.744+0000] {dagbag.py:540} INFO - Filling up the DagBag from /opt/airflow/dags/sodai/__init__.py
[2025-11-18T17:06:06.757+0000] {processor.py:842} WARNING - No viable dags retrieved from /opt/airflow/dags/sodai/__init__.py
[2025-11-18T17:06:06.769+0000] {processor.py:183} INFO - Processing /opt/airflow/dags/sodai/__init__.py took 0.032 seconds
[2025-11-18T17:06:37.120+0000] {processor.py:161} INFO - Started process (PID=1790) to work on /opt/airflow/dags/sodai/__init__.py
[2025-11-18T17:06:37.120+0000] {processor.py:830} INFO - Processing file /opt/airflow/dags/sodai/__init__.py for tasks to queue
[2025-11-18T17:06:37.122+0000] {logging_mixin.py:188} INFO - [2025-11-18T17:06:37.122+0000] {dagbag.py:540} INFO - Filling up the DagBag from /opt/airflow/dags/sodai/__init__.py
[2025-11-18T17:06:37.137+0000] {processor.py:842} WARNING - No viable dags retrieved from /opt/airflow/dags/sodai/__init__.py
[2025-11-18T17:06:37.148+0000] {processor.py:183} INFO - Processing /opt/airflow/dags/sodai/__init__.py took 0.034 seconds
[2025-11-18T17:07:07.562+0000] {processor.py:161} INFO - Started process (PID=1800) to work on /opt/airflow/dags/sodai/__init__.py
[2025-11-18T17:07:07.563+0000] {processor.py:830} INFO - Processing file /opt/airflow/dags/sodai/__init__.py for tasks to queue
[2025-11-18T17:07:07.565+0000] {logging_mixin.py:188} INFO - [2025-11-18T17:07:07.564+0000] {dagbag.py:540} INFO - Filling up the DagBag from /opt/airflow/dags/sodai/__init__.py
[2025-11-18T17:07:07.583+0000] {processor.py:842} WARNING - No viable dags retrieved from /opt/airflow/dags/sodai/__init__.py
[2025-11-18T17:07:07.594+0000] {processor.py:183} INFO - Processing /opt/airflow/dags/sodai/__init__.py took 0.037 seconds
[2025-11-18T17:07:38.093+0000] {processor.py:161} INFO - Started process (PID=1810) to work on /opt/airflow/dags/sodai/__init__.py
[2025-11-18T17:07:38.094+0000] {processor.py:830} INFO - Processing file /opt/airflow/dags/sodai/__init__.py for tasks to queue
[2025-11-18T17:07:38.096+0000] {logging_mixin.py:188} INFO - [2025-11-18T17:07:38.096+0000] {dagbag.py:540} INFO - Filling up the DagBag from /opt/airflow/dags/sodai/__init__.py
[2025-11-18T17:07:38.106+0000] {processor.py:842} WARNING - No viable dags retrieved from /opt/airflow/dags/sodai/__init__.py
[2025-11-18T17:07:38.117+0000] {processor.py:183} INFO - Processing /opt/airflow/dags/sodai/__init__.py took 0.029 seconds
[2025-11-18T17:08:08.728+0000] {processor.py:161} INFO - Started process (PID=1820) to work on /opt/airflow/dags/sodai/__init__.py
[2025-11-18T17:08:08.730+0000] {processor.py:830} INFO - Processing file /opt/airflow/dags/sodai/__init__.py for tasks to queue
[2025-11-18T17:08:08.732+0000] {logging_mixin.py:188} INFO - [2025-11-18T17:08:08.732+0000] {dagbag.py:540} INFO - Filling up the DagBag from /opt/airflow/dags/sodai/__init__.py
[2025-11-18T17:08:08.751+0000] {processor.py:842} WARNING - No viable dags retrieved from /opt/airflow/dags/sodai/__init__.py
[2025-11-18T17:08:08.763+0000] {processor.py:183} INFO - Processing /opt/airflow/dags/sodai/__init__.py took 0.041 seconds
[2025-11-18T17:08:39.392+0000] {processor.py:161} INFO - Started process (PID=1830) to work on /opt/airflow/dags/sodai/__init__.py
[2025-11-18T17:08:39.392+0000] {processor.py:830} INFO - Processing file /opt/airflow/dags/sodai/__init__.py for tasks to queue
[2025-11-18T17:08:39.394+0000] {logging_mixin.py:188} INFO - [2025-11-18T17:08:39.394+0000] {dagbag.py:540} INFO - Filling up the DagBag from /opt/airflow/dags/sodai/__init__.py
[2025-11-18T17:08:39.403+0000] {processor.py:842} WARNING - No viable dags retrieved from /opt/airflow/dags/sodai/__init__.py
[2025-11-18T17:08:39.414+0000] {processor.py:183} INFO - Processing /opt/airflow/dags/sodai/__init__.py took 0.027 seconds
[2025-11-18T17:09:09.932+0000] {processor.py:161} INFO - Started process (PID=1840) to work on /opt/airflow/dags/sodai/__init__.py
[2025-11-18T17:09:09.933+0000] {processor.py:830} INFO - Processing file /opt/airflow/dags/sodai/__init__.py for tasks to queue
[2025-11-18T17:09:09.935+0000] {logging_mixin.py:188} INFO - [2025-11-18T17:09:09.934+0000] {dagbag.py:540} INFO - Filling up the DagBag from /opt/airflow/dags/sodai/__init__.py
[2025-11-18T17:09:09.950+0000] {processor.py:842} WARNING - No viable dags retrieved from /opt/airflow/dags/sodai/__init__.py
[2025-11-18T17:09:09.961+0000] {processor.py:183} INFO - Processing /opt/airflow/dags/sodai/__init__.py took 0.034 seconds
[2025-11-18T17:09:40.499+0000] {processor.py:161} INFO - Started process (PID=1850) to work on /opt/airflow/dags/sodai/__init__.py
[2025-11-18T17:09:40.500+0000] {processor.py:830} INFO - Processing file /opt/airflow/dags/sodai/__init__.py for tasks to queue
[2025-11-18T17:09:40.503+0000] {logging_mixin.py:188} INFO - [2025-11-18T17:09:40.503+0000] {dagbag.py:540} INFO - Filling up the DagBag from /opt/airflow/dags/sodai/__init__.py
[2025-11-18T17:09:40.512+0000] {processor.py:842} WARNING - No viable dags retrieved from /opt/airflow/dags/sodai/__init__.py
[2025-11-18T17:09:40.523+0000] {processor.py:183} INFO - Processing /opt/airflow/dags/sodai/__init__.py took 0.029 seconds
[2025-11-18T17:10:11.069+0000] {processor.py:161} INFO - Started process (PID=1860) to work on /opt/airflow/dags/sodai/__init__.py
[2025-11-18T17:10:11.069+0000] {processor.py:830} INFO - Processing file /opt/airflow/dags/sodai/__init__.py for tasks to queue
[2025-11-18T17:10:11.071+0000] {logging_mixin.py:188} INFO - [2025-11-18T17:10:11.071+0000] {dagbag.py:540} INFO - Filling up the DagBag from /opt/airflow/dags/sodai/__init__.py
[2025-11-18T17:10:11.085+0000] {processor.py:842} WARNING - No viable dags retrieved from /opt/airflow/dags/sodai/__init__.py
[2025-11-18T17:10:11.097+0000] {processor.py:183} INFO - Processing /opt/airflow/dags/sodai/__init__.py took 0.033 seconds
[2025-11-18T17:10:41.645+0000] {processor.py:161} INFO - Started process (PID=1870) to work on /opt/airflow/dags/sodai/__init__.py
[2025-11-18T17:10:41.646+0000] {processor.py:830} INFO - Processing file /opt/airflow/dags/sodai/__init__.py for tasks to queue
[2025-11-18T17:10:41.648+0000] {logging_mixin.py:188} INFO - [2025-11-18T17:10:41.648+0000] {dagbag.py:540} INFO - Filling up the DagBag from /opt/airflow/dags/sodai/__init__.py
[2025-11-18T17:10:41.662+0000] {processor.py:842} WARNING - No viable dags retrieved from /opt/airflow/dags/sodai/__init__.py
[2025-11-18T17:10:41.673+0000] {processor.py:183} INFO - Processing /opt/airflow/dags/sodai/__init__.py took 0.033 seconds
[2025-11-18T17:11:12.103+0000] {processor.py:161} INFO - Started process (PID=1880) to work on /opt/airflow/dags/sodai/__init__.py
[2025-11-18T17:11:12.104+0000] {processor.py:830} INFO - Processing file /opt/airflow/dags/sodai/__init__.py for tasks to queue
[2025-11-18T17:11:12.106+0000] {logging_mixin.py:188} INFO - [2025-11-18T17:11:12.105+0000] {dagbag.py:540} INFO - Filling up the DagBag from /opt/airflow/dags/sodai/__init__.py
[2025-11-18T17:11:12.114+0000] {processor.py:842} WARNING - No viable dags retrieved from /opt/airflow/dags/sodai/__init__.py
[2025-11-18T17:11:12.124+0000] {processor.py:183} INFO - Processing /opt/airflow/dags/sodai/__init__.py took 0.026 seconds
[2025-11-18T17:11:42.605+0000] {processor.py:161} INFO - Started process (PID=1890) to work on /opt/airflow/dags/sodai/__init__.py
[2025-11-18T17:11:42.606+0000] {processor.py:830} INFO - Processing file /opt/airflow/dags/sodai/__init__.py for tasks to queue
[2025-11-18T17:11:42.607+0000] {logging_mixin.py:188} INFO - [2025-11-18T17:11:42.607+0000] {dagbag.py:540} INFO - Filling up the DagBag from /opt/airflow/dags/sodai/__init__.py
[2025-11-18T17:11:42.615+0000] {processor.py:842} WARNING - No viable dags retrieved from /opt/airflow/dags/sodai/__init__.py
[2025-11-18T17:11:42.626+0000] {processor.py:183} INFO - Processing /opt/airflow/dags/sodai/__init__.py took 0.026 seconds
[2025-11-18T17:12:13.059+0000] {processor.py:161} INFO - Started process (PID=1900) to work on /opt/airflow/dags/sodai/__init__.py
[2025-11-18T17:12:13.060+0000] {processor.py:830} INFO - Processing file /opt/airflow/dags/sodai/__init__.py for tasks to queue
[2025-11-18T17:12:13.064+0000] {logging_mixin.py:188} INFO - [2025-11-18T17:12:13.063+0000] {dagbag.py:540} INFO - Filling up the DagBag from /opt/airflow/dags/sodai/__init__.py
[2025-11-18T17:12:13.073+0000] {processor.py:842} WARNING - No viable dags retrieved from /opt/airflow/dags/sodai/__init__.py
[2025-11-18T17:12:13.084+0000] {processor.py:183} INFO - Processing /opt/airflow/dags/sodai/__init__.py took 0.030 seconds
[2025-11-18T17:12:43.772+0000] {processor.py:161} INFO - Started process (PID=1910) to work on /opt/airflow/dags/sodai/__init__.py
[2025-11-18T17:12:43.774+0000] {processor.py:830} INFO - Processing file /opt/airflow/dags/sodai/__init__.py for tasks to queue
[2025-11-18T17:12:43.777+0000] {logging_mixin.py:188} INFO - [2025-11-18T17:12:43.777+0000] {dagbag.py:540} INFO - Filling up the DagBag from /opt/airflow/dags/sodai/__init__.py
[2025-11-18T17:12:43.804+0000] {processor.py:842} WARNING - No viable dags retrieved from /opt/airflow/dags/sodai/__init__.py
[2025-11-18T17:12:43.814+0000] {processor.py:183} INFO - Processing /opt/airflow/dags/sodai/__init__.py took 0.047 seconds
[2025-11-18T17:13:14.169+0000] {processor.py:161} INFO - Started process (PID=1920) to work on /opt/airflow/dags/sodai/__init__.py
[2025-11-18T17:13:14.173+0000] {processor.py:830} INFO - Processing file /opt/airflow/dags/sodai/__init__.py for tasks to queue
[2025-11-18T17:13:14.175+0000] {logging_mixin.py:188} INFO - [2025-11-18T17:13:14.174+0000] {dagbag.py:540} INFO - Filling up the DagBag from /opt/airflow/dags/sodai/__init__.py
[2025-11-18T17:13:14.218+0000] {processor.py:842} WARNING - No viable dags retrieved from /opt/airflow/dags/sodai/__init__.py
[2025-11-18T17:13:14.230+0000] {processor.py:183} INFO - Processing /opt/airflow/dags/sodai/__init__.py took 0.067 seconds
[2025-11-18T17:13:44.937+0000] {processor.py:161} INFO - Started process (PID=1930) to work on /opt/airflow/dags/sodai/__init__.py
[2025-11-18T17:13:44.938+0000] {processor.py:830} INFO - Processing file /opt/airflow/dags/sodai/__init__.py for tasks to queue
[2025-11-18T17:13:44.940+0000] {logging_mixin.py:188} INFO - [2025-11-18T17:13:44.940+0000] {dagbag.py:540} INFO - Filling up the DagBag from /opt/airflow/dags/sodai/__init__.py
[2025-11-18T17:13:44.950+0000] {processor.py:842} WARNING - No viable dags retrieved from /opt/airflow/dags/sodai/__init__.py
[2025-11-18T17:13:44.963+0000] {processor.py:183} INFO - Processing /opt/airflow/dags/sodai/__init__.py took 0.031 seconds
[2025-11-18T17:14:15.519+0000] {processor.py:161} INFO - Started process (PID=1940) to work on /opt/airflow/dags/sodai/__init__.py
[2025-11-18T17:14:15.521+0000] {processor.py:830} INFO - Processing file /opt/airflow/dags/sodai/__init__.py for tasks to queue
[2025-11-18T17:14:15.523+0000] {logging_mixin.py:188} INFO - [2025-11-18T17:14:15.523+0000] {dagbag.py:540} INFO - Filling up the DagBag from /opt/airflow/dags/sodai/__init__.py
[2025-11-18T17:14:15.531+0000] {processor.py:842} WARNING - No viable dags retrieved from /opt/airflow/dags/sodai/__init__.py
[2025-11-18T17:14:15.542+0000] {processor.py:183} INFO - Processing /opt/airflow/dags/sodai/__init__.py took 0.027 seconds
[2025-11-18T17:14:46.224+0000] {processor.py:161} INFO - Started process (PID=1950) to work on /opt/airflow/dags/sodai/__init__.py
[2025-11-18T17:14:46.228+0000] {processor.py:830} INFO - Processing file /opt/airflow/dags/sodai/__init__.py for tasks to queue
[2025-11-18T17:14:46.231+0000] {logging_mixin.py:188} INFO - [2025-11-18T17:14:46.231+0000] {dagbag.py:540} INFO - Filling up the DagBag from /opt/airflow/dags/sodai/__init__.py
[2025-11-18T17:14:46.311+0000] {processor.py:842} WARNING - No viable dags retrieved from /opt/airflow/dags/sodai/__init__.py
[2025-11-18T17:14:46.325+0000] {processor.py:183} INFO - Processing /opt/airflow/dags/sodai/__init__.py took 0.106 seconds
[2025-11-18T17:15:16.946+0000] {processor.py:161} INFO - Started process (PID=1960) to work on /opt/airflow/dags/sodai/__init__.py
[2025-11-18T17:15:16.948+0000] {processor.py:830} INFO - Processing file /opt/airflow/dags/sodai/__init__.py for tasks to queue
[2025-11-18T17:15:16.951+0000] {logging_mixin.py:188} INFO - [2025-11-18T17:15:16.951+0000] {dagbag.py:540} INFO - Filling up the DagBag from /opt/airflow/dags/sodai/__init__.py
[2025-11-18T17:15:16.968+0000] {processor.py:842} WARNING - No viable dags retrieved from /opt/airflow/dags/sodai/__init__.py
[2025-11-18T17:15:16.979+0000] {processor.py:183} INFO - Processing /opt/airflow/dags/sodai/__init__.py took 0.038 seconds
[2025-11-18T17:15:47.483+0000] {processor.py:161} INFO - Started process (PID=1970) to work on /opt/airflow/dags/sodai/__init__.py
[2025-11-18T17:15:47.484+0000] {processor.py:830} INFO - Processing file /opt/airflow/dags/sodai/__init__.py for tasks to queue
[2025-11-18T17:15:47.486+0000] {logging_mixin.py:188} INFO - [2025-11-18T17:15:47.486+0000] {dagbag.py:540} INFO - Filling up the DagBag from /opt/airflow/dags/sodai/__init__.py
[2025-11-18T17:15:47.503+0000] {processor.py:842} WARNING - No viable dags retrieved from /opt/airflow/dags/sodai/__init__.py
[2025-11-18T17:15:47.513+0000] {processor.py:183} INFO - Processing /opt/airflow/dags/sodai/__init__.py took 0.035 seconds
[2025-11-18T17:16:18.131+0000] {processor.py:161} INFO - Started process (PID=1980) to work on /opt/airflow/dags/sodai/__init__.py
[2025-11-18T17:16:18.136+0000] {processor.py:830} INFO - Processing file /opt/airflow/dags/sodai/__init__.py for tasks to queue
[2025-11-18T17:16:18.138+0000] {logging_mixin.py:188} INFO - [2025-11-18T17:16:18.137+0000] {dagbag.py:540} INFO - Filling up the DagBag from /opt/airflow/dags/sodai/__init__.py
[2025-11-18T17:16:18.151+0000] {processor.py:842} WARNING - No viable dags retrieved from /opt/airflow/dags/sodai/__init__.py
[2025-11-18T17:16:18.160+0000] {processor.py:183} INFO - Processing /opt/airflow/dags/sodai/__init__.py took 0.034 seconds
[2025-11-18T17:16:48.786+0000] {processor.py:161} INFO - Started process (PID=1990) to work on /opt/airflow/dags/sodai/__init__.py
[2025-11-18T17:16:48.789+0000] {processor.py:830} INFO - Processing file /opt/airflow/dags/sodai/__init__.py for tasks to queue
[2025-11-18T17:16:48.791+0000] {logging_mixin.py:188} INFO - [2025-11-18T17:16:48.791+0000] {dagbag.py:540} INFO - Filling up the DagBag from /opt/airflow/dags/sodai/__init__.py
[2025-11-18T17:16:48.814+0000] {processor.py:842} WARNING - No viable dags retrieved from /opt/airflow/dags/sodai/__init__.py
[2025-11-18T17:16:48.827+0000] {processor.py:183} INFO - Processing /opt/airflow/dags/sodai/__init__.py took 0.046 seconds
[2025-11-18T17:17:19.279+0000] {processor.py:161} INFO - Started process (PID=2000) to work on /opt/airflow/dags/sodai/__init__.py
[2025-11-18T17:17:19.282+0000] {processor.py:830} INFO - Processing file /opt/airflow/dags/sodai/__init__.py for tasks to queue
[2025-11-18T17:17:19.283+0000] {logging_mixin.py:188} INFO - [2025-11-18T17:17:19.283+0000] {dagbag.py:540} INFO - Filling up the DagBag from /opt/airflow/dags/sodai/__init__.py
[2025-11-18T17:17:19.298+0000] {processor.py:842} WARNING - No viable dags retrieved from /opt/airflow/dags/sodai/__init__.py
[2025-11-18T17:17:19.307+0000] {processor.py:183} INFO - Processing /opt/airflow/dags/sodai/__init__.py took 0.033 seconds
[2025-11-18T17:17:49.864+0000] {processor.py:161} INFO - Started process (PID=2010) to work on /opt/airflow/dags/sodai/__init__.py
[2025-11-18T17:17:49.866+0000] {processor.py:830} INFO - Processing file /opt/airflow/dags/sodai/__init__.py for tasks to queue
[2025-11-18T17:17:49.867+0000] {logging_mixin.py:188} INFO - [2025-11-18T17:17:49.867+0000] {dagbag.py:540} INFO - Filling up the DagBag from /opt/airflow/dags/sodai/__init__.py
[2025-11-18T17:17:49.883+0000] {processor.py:842} WARNING - No viable dags retrieved from /opt/airflow/dags/sodai/__init__.py
[2025-11-18T17:17:49.893+0000] {processor.py:183} INFO - Processing /opt/airflow/dags/sodai/__init__.py took 0.034 seconds
[2025-11-18T17:18:20.323+0000] {processor.py:161} INFO - Started process (PID=2020) to work on /opt/airflow/dags/sodai/__init__.py
[2025-11-18T17:18:20.323+0000] {processor.py:830} INFO - Processing file /opt/airflow/dags/sodai/__init__.py for tasks to queue
[2025-11-18T17:18:20.325+0000] {logging_mixin.py:188} INFO - [2025-11-18T17:18:20.325+0000] {dagbag.py:540} INFO - Filling up the DagBag from /opt/airflow/dags/sodai/__init__.py
[2025-11-18T17:18:20.338+0000] {processor.py:842} WARNING - No viable dags retrieved from /opt/airflow/dags/sodai/__init__.py
[2025-11-18T17:18:20.348+0000] {processor.py:183} INFO - Processing /opt/airflow/dags/sodai/__init__.py took 0.031 seconds
[2025-11-18T17:18:51.101+0000] {processor.py:161} INFO - Started process (PID=2030) to work on /opt/airflow/dags/sodai/__init__.py
[2025-11-18T17:18:51.102+0000] {processor.py:830} INFO - Processing file /opt/airflow/dags/sodai/__init__.py for tasks to queue
[2025-11-18T17:18:51.103+0000] {logging_mixin.py:188} INFO - [2025-11-18T17:18:51.103+0000] {dagbag.py:540} INFO - Filling up the DagBag from /opt/airflow/dags/sodai/__init__.py
[2025-11-18T17:18:51.116+0000] {processor.py:842} WARNING - No viable dags retrieved from /opt/airflow/dags/sodai/__init__.py
[2025-11-18T17:18:51.126+0000] {processor.py:183} INFO - Processing /opt/airflow/dags/sodai/__init__.py took 0.030 seconds
[2025-11-18T17:19:21.665+0000] {processor.py:161} INFO - Started process (PID=2040) to work on /opt/airflow/dags/sodai/__init__.py
[2025-11-18T17:19:21.666+0000] {processor.py:830} INFO - Processing file /opt/airflow/dags/sodai/__init__.py for tasks to queue
[2025-11-18T17:19:21.668+0000] {logging_mixin.py:188} INFO - [2025-11-18T17:19:21.668+0000] {dagbag.py:540} INFO - Filling up the DagBag from /opt/airflow/dags/sodai/__init__.py
[2025-11-18T17:19:21.687+0000] {processor.py:842} WARNING - No viable dags retrieved from /opt/airflow/dags/sodai/__init__.py
[2025-11-18T17:19:21.697+0000] {processor.py:183} INFO - Processing /opt/airflow/dags/sodai/__init__.py took 0.037 seconds
[2025-11-18T17:19:52.397+0000] {processor.py:161} INFO - Started process (PID=2050) to work on /opt/airflow/dags/sodai/__init__.py
[2025-11-18T17:19:52.397+0000] {processor.py:830} INFO - Processing file /opt/airflow/dags/sodai/__init__.py for tasks to queue
[2025-11-18T17:19:52.400+0000] {logging_mixin.py:188} INFO - [2025-11-18T17:19:52.400+0000] {dagbag.py:540} INFO - Filling up the DagBag from /opt/airflow/dags/sodai/__init__.py
[2025-11-18T17:19:52.410+0000] {processor.py:842} WARNING - No viable dags retrieved from /opt/airflow/dags/sodai/__init__.py
[2025-11-18T17:19:52.423+0000] {processor.py:183} INFO - Processing /opt/airflow/dags/sodai/__init__.py took 0.030 seconds
[2025-11-18T17:20:23.045+0000] {processor.py:161} INFO - Started process (PID=2060) to work on /opt/airflow/dags/sodai/__init__.py
[2025-11-18T17:20:23.046+0000] {processor.py:830} INFO - Processing file /opt/airflow/dags/sodai/__init__.py for tasks to queue
[2025-11-18T17:20:23.047+0000] {logging_mixin.py:188} INFO - [2025-11-18T17:20:23.047+0000] {dagbag.py:540} INFO - Filling up the DagBag from /opt/airflow/dags/sodai/__init__.py
[2025-11-18T17:20:23.066+0000] {processor.py:842} WARNING - No viable dags retrieved from /opt/airflow/dags/sodai/__init__.py
[2025-11-18T17:20:23.078+0000] {processor.py:183} INFO - Processing /opt/airflow/dags/sodai/__init__.py took 0.038 seconds
[2025-11-18T17:20:53.616+0000] {processor.py:161} INFO - Started process (PID=2070) to work on /opt/airflow/dags/sodai/__init__.py
[2025-11-18T17:20:53.618+0000] {processor.py:830} INFO - Processing file /opt/airflow/dags/sodai/__init__.py for tasks to queue
[2025-11-18T17:20:53.621+0000] {logging_mixin.py:188} INFO - [2025-11-18T17:20:53.620+0000] {dagbag.py:540} INFO - Filling up the DagBag from /opt/airflow/dags/sodai/__init__.py
[2025-11-18T17:20:53.640+0000] {processor.py:842} WARNING - No viable dags retrieved from /opt/airflow/dags/sodai/__init__.py
[2025-11-18T17:20:53.651+0000] {processor.py:183} INFO - Processing /opt/airflow/dags/sodai/__init__.py took 0.039 seconds
[2025-11-18T17:21:24.400+0000] {processor.py:161} INFO - Started process (PID=2080) to work on /opt/airflow/dags/sodai/__init__.py
[2025-11-18T17:21:24.401+0000] {processor.py:830} INFO - Processing file /opt/airflow/dags/sodai/__init__.py for tasks to queue
[2025-11-18T17:21:24.402+0000] {logging_mixin.py:188} INFO - [2025-11-18T17:21:24.402+0000] {dagbag.py:540} INFO - Filling up the DagBag from /opt/airflow/dags/sodai/__init__.py
[2025-11-18T17:21:24.421+0000] {processor.py:842} WARNING - No viable dags retrieved from /opt/airflow/dags/sodai/__init__.py
[2025-11-18T17:21:24.432+0000] {processor.py:183} INFO - Processing /opt/airflow/dags/sodai/__init__.py took 0.037 seconds
[2025-11-18T17:21:55.066+0000] {processor.py:161} INFO - Started process (PID=2090) to work on /opt/airflow/dags/sodai/__init__.py
[2025-11-18T17:21:55.067+0000] {processor.py:830} INFO - Processing file /opt/airflow/dags/sodai/__init__.py for tasks to queue
[2025-11-18T17:21:55.069+0000] {logging_mixin.py:188} INFO - [2025-11-18T17:21:55.068+0000] {dagbag.py:540} INFO - Filling up the DagBag from /opt/airflow/dags/sodai/__init__.py
[2025-11-18T17:21:55.087+0000] {processor.py:842} WARNING - No viable dags retrieved from /opt/airflow/dags/sodai/__init__.py
[2025-11-18T17:21:55.097+0000] {processor.py:183} INFO - Processing /opt/airflow/dags/sodai/__init__.py took 0.035 seconds
[2025-11-18T17:22:25.823+0000] {processor.py:161} INFO - Started process (PID=2100) to work on /opt/airflow/dags/sodai/__init__.py
[2025-11-18T17:22:25.824+0000] {processor.py:830} INFO - Processing file /opt/airflow/dags/sodai/__init__.py for tasks to queue
[2025-11-18T17:22:25.829+0000] {logging_mixin.py:188} INFO - [2025-11-18T17:22:25.829+0000] {dagbag.py:540} INFO - Filling up the DagBag from /opt/airflow/dags/sodai/__init__.py
[2025-11-18T17:22:25.871+0000] {processor.py:842} WARNING - No viable dags retrieved from /opt/airflow/dags/sodai/__init__.py
[2025-11-18T17:22:25.883+0000] {processor.py:183} INFO - Processing /opt/airflow/dags/sodai/__init__.py took 0.065 seconds
[2025-11-18T17:22:56.634+0000] {processor.py:161} INFO - Started process (PID=2110) to work on /opt/airflow/dags/sodai/__init__.py
[2025-11-18T17:22:56.634+0000] {processor.py:830} INFO - Processing file /opt/airflow/dags/sodai/__init__.py for tasks to queue
[2025-11-18T17:22:56.636+0000] {logging_mixin.py:188} INFO - [2025-11-18T17:22:56.635+0000] {dagbag.py:540} INFO - Filling up the DagBag from /opt/airflow/dags/sodai/__init__.py
[2025-11-18T17:22:56.645+0000] {processor.py:842} WARNING - No viable dags retrieved from /opt/airflow/dags/sodai/__init__.py
[2025-11-18T17:22:56.655+0000] {processor.py:183} INFO - Processing /opt/airflow/dags/sodai/__init__.py took 0.025 seconds
[2025-11-18T17:23:27.254+0000] {processor.py:161} INFO - Started process (PID=2120) to work on /opt/airflow/dags/sodai/__init__.py
[2025-11-18T17:23:27.255+0000] {processor.py:830} INFO - Processing file /opt/airflow/dags/sodai/__init__.py for tasks to queue
[2025-11-18T17:23:27.256+0000] {logging_mixin.py:188} INFO - [2025-11-18T17:23:27.256+0000] {dagbag.py:540} INFO - Filling up the DagBag from /opt/airflow/dags/sodai/__init__.py
[2025-11-18T17:23:27.268+0000] {processor.py:842} WARNING - No viable dags retrieved from /opt/airflow/dags/sodai/__init__.py
[2025-11-18T17:23:27.279+0000] {processor.py:183} INFO - Processing /opt/airflow/dags/sodai/__init__.py took 0.030 seconds
[2025-11-18T17:23:58.096+0000] {processor.py:161} INFO - Started process (PID=2130) to work on /opt/airflow/dags/sodai/__init__.py
[2025-11-18T17:23:58.100+0000] {processor.py:830} INFO - Processing file /opt/airflow/dags/sodai/__init__.py for tasks to queue
[2025-11-18T17:23:58.102+0000] {logging_mixin.py:188} INFO - [2025-11-18T17:23:58.102+0000] {dagbag.py:540} INFO - Filling up the DagBag from /opt/airflow/dags/sodai/__init__.py
[2025-11-18T17:23:58.110+0000] {processor.py:842} WARNING - No viable dags retrieved from /opt/airflow/dags/sodai/__init__.py
[2025-11-18T17:23:58.121+0000] {processor.py:183} INFO - Processing /opt/airflow/dags/sodai/__init__.py took 0.030 seconds
[2025-11-18T17:24:28.872+0000] {processor.py:161} INFO - Started process (PID=2140) to work on /opt/airflow/dags/sodai/__init__.py
[2025-11-18T17:24:28.873+0000] {processor.py:830} INFO - Processing file /opt/airflow/dags/sodai/__init__.py for tasks to queue
[2025-11-18T17:24:28.879+0000] {logging_mixin.py:188} INFO - [2025-11-18T17:24:28.878+0000] {dagbag.py:540} INFO - Filling up the DagBag from /opt/airflow/dags/sodai/__init__.py
[2025-11-18T17:24:28.924+0000] {processor.py:842} WARNING - No viable dags retrieved from /opt/airflow/dags/sodai/__init__.py
[2025-11-18T17:24:28.934+0000] {processor.py:183} INFO - Processing /opt/airflow/dags/sodai/__init__.py took 0.067 seconds
[2025-11-18T17:24:59.722+0000] {processor.py:161} INFO - Started process (PID=2150) to work on /opt/airflow/dags/sodai/__init__.py
[2025-11-18T17:24:59.725+0000] {processor.py:830} INFO - Processing file /opt/airflow/dags/sodai/__init__.py for tasks to queue
[2025-11-18T17:24:59.727+0000] {logging_mixin.py:188} INFO - [2025-11-18T17:24:59.727+0000] {dagbag.py:540} INFO - Filling up the DagBag from /opt/airflow/dags/sodai/__init__.py
[2025-11-18T17:24:59.778+0000] {processor.py:842} WARNING - No viable dags retrieved from /opt/airflow/dags/sodai/__init__.py
[2025-11-18T17:24:59.789+0000] {processor.py:183} INFO - Processing /opt/airflow/dags/sodai/__init__.py took 0.072 seconds
[2025-11-18T17:25:30.686+0000] {processor.py:161} INFO - Started process (PID=2160) to work on /opt/airflow/dags/sodai/__init__.py
[2025-11-18T17:25:30.688+0000] {processor.py:830} INFO - Processing file /opt/airflow/dags/sodai/__init__.py for tasks to queue
[2025-11-18T17:25:30.690+0000] {logging_mixin.py:188} INFO - [2025-11-18T17:25:30.690+0000] {dagbag.py:540} INFO - Filling up the DagBag from /opt/airflow/dags/sodai/__init__.py
[2025-11-18T17:25:30.791+0000] {processor.py:842} WARNING - No viable dags retrieved from /opt/airflow/dags/sodai/__init__.py
[2025-11-18T17:25:30.805+0000] {processor.py:183} INFO - Processing /opt/airflow/dags/sodai/__init__.py took 0.123 seconds
[2025-11-18T17:26:01.493+0000] {processor.py:161} INFO - Started process (PID=2170) to work on /opt/airflow/dags/sodai/__init__.py
[2025-11-18T17:26:01.495+0000] {processor.py:830} INFO - Processing file /opt/airflow/dags/sodai/__init__.py for tasks to queue
[2025-11-18T17:26:01.499+0000] {logging_mixin.py:188} INFO - [2025-11-18T17:26:01.498+0000] {dagbag.py:540} INFO - Filling up the DagBag from /opt/airflow/dags/sodai/__init__.py
[2025-11-18T17:26:01.531+0000] {processor.py:842} WARNING - No viable dags retrieved from /opt/airflow/dags/sodai/__init__.py
[2025-11-18T17:26:01.542+0000] {processor.py:183} INFO - Processing /opt/airflow/dags/sodai/__init__.py took 0.056 seconds
[2025-11-18T17:26:32.394+0000] {processor.py:161} INFO - Started process (PID=2180) to work on /opt/airflow/dags/sodai/__init__.py
[2025-11-18T17:26:32.396+0000] {processor.py:830} INFO - Processing file /opt/airflow/dags/sodai/__init__.py for tasks to queue
[2025-11-18T17:26:32.399+0000] {logging_mixin.py:188} INFO - [2025-11-18T17:26:32.398+0000] {dagbag.py:540} INFO - Filling up the DagBag from /opt/airflow/dags/sodai/__init__.py
[2025-11-18T17:26:32.475+0000] {processor.py:842} WARNING - No viable dags retrieved from /opt/airflow/dags/sodai/__init__.py
[2025-11-18T17:26:32.488+0000] {processor.py:183} INFO - Processing /opt/airflow/dags/sodai/__init__.py took 0.097 seconds
[2025-11-18T17:27:03.044+0000] {processor.py:161} INFO - Started process (PID=2190) to work on /opt/airflow/dags/sodai/__init__.py
[2025-11-18T17:27:03.046+0000] {processor.py:830} INFO - Processing file /opt/airflow/dags/sodai/__init__.py for tasks to queue
[2025-11-18T17:27:03.048+0000] {logging_mixin.py:188} INFO - [2025-11-18T17:27:03.048+0000] {dagbag.py:540} INFO - Filling up the DagBag from /opt/airflow/dags/sodai/__init__.py
[2025-11-18T17:27:03.105+0000] {processor.py:842} WARNING - No viable dags retrieved from /opt/airflow/dags/sodai/__init__.py
[2025-11-18T17:27:03.116+0000] {processor.py:183} INFO - Processing /opt/airflow/dags/sodai/__init__.py took 0.077 seconds
[2025-11-18T17:27:34.032+0000] {processor.py:161} INFO - Started process (PID=2200) to work on /opt/airflow/dags/sodai/__init__.py
[2025-11-18T17:27:34.034+0000] {processor.py:830} INFO - Processing file /opt/airflow/dags/sodai/__init__.py for tasks to queue
[2025-11-18T17:27:34.040+0000] {logging_mixin.py:188} INFO - [2025-11-18T17:27:34.040+0000] {dagbag.py:540} INFO - Filling up the DagBag from /opt/airflow/dags/sodai/__init__.py
[2025-11-18T17:27:34.112+0000] {processor.py:842} WARNING - No viable dags retrieved from /opt/airflow/dags/sodai/__init__.py
[2025-11-18T17:27:34.124+0000] {processor.py:183} INFO - Processing /opt/airflow/dags/sodai/__init__.py took 0.098 seconds
[2025-11-18T17:28:04.667+0000] {processor.py:161} INFO - Started process (PID=2210) to work on /opt/airflow/dags/sodai/__init__.py
[2025-11-18T17:28:04.667+0000] {processor.py:830} INFO - Processing file /opt/airflow/dags/sodai/__init__.py for tasks to queue
[2025-11-18T17:28:04.669+0000] {logging_mixin.py:188} INFO - [2025-11-18T17:28:04.669+0000] {dagbag.py:540} INFO - Filling up the DagBag from /opt/airflow/dags/sodai/__init__.py
[2025-11-18T17:28:04.704+0000] {processor.py:842} WARNING - No viable dags retrieved from /opt/airflow/dags/sodai/__init__.py
[2025-11-18T17:28:04.715+0000] {processor.py:183} INFO - Processing /opt/airflow/dags/sodai/__init__.py took 0.053 seconds
[2025-11-18T17:28:35.366+0000] {processor.py:161} INFO - Started process (PID=2220) to work on /opt/airflow/dags/sodai/__init__.py
[2025-11-18T17:28:35.367+0000] {processor.py:830} INFO - Processing file /opt/airflow/dags/sodai/__init__.py for tasks to queue
[2025-11-18T17:28:35.369+0000] {logging_mixin.py:188} INFO - [2025-11-18T17:28:35.368+0000] {dagbag.py:540} INFO - Filling up the DagBag from /opt/airflow/dags/sodai/__init__.py
[2025-11-18T17:28:35.390+0000] {processor.py:842} WARNING - No viable dags retrieved from /opt/airflow/dags/sodai/__init__.py
[2025-11-18T17:28:35.403+0000] {processor.py:183} INFO - Processing /opt/airflow/dags/sodai/__init__.py took 0.041 seconds
[2025-11-18T17:29:06.104+0000] {processor.py:161} INFO - Started process (PID=2230) to work on /opt/airflow/dags/sodai/__init__.py
[2025-11-18T17:29:06.105+0000] {processor.py:830} INFO - Processing file /opt/airflow/dags/sodai/__init__.py for tasks to queue
[2025-11-18T17:29:06.108+0000] {logging_mixin.py:188} INFO - [2025-11-18T17:29:06.108+0000] {dagbag.py:540} INFO - Filling up the DagBag from /opt/airflow/dags/sodai/__init__.py
[2025-11-18T17:29:06.129+0000] {processor.py:842} WARNING - No viable dags retrieved from /opt/airflow/dags/sodai/__init__.py
[2025-11-18T17:29:06.139+0000] {processor.py:183} INFO - Processing /opt/airflow/dags/sodai/__init__.py took 0.040 seconds
[2025-11-18T17:29:36.733+0000] {processor.py:161} INFO - Started process (PID=2240) to work on /opt/airflow/dags/sodai/__init__.py
[2025-11-18T17:29:36.734+0000] {processor.py:830} INFO - Processing file /opt/airflow/dags/sodai/__init__.py for tasks to queue
[2025-11-18T17:29:36.735+0000] {logging_mixin.py:188} INFO - [2025-11-18T17:29:36.735+0000] {dagbag.py:540} INFO - Filling up the DagBag from /opt/airflow/dags/sodai/__init__.py
[2025-11-18T17:29:36.748+0000] {processor.py:842} WARNING - No viable dags retrieved from /opt/airflow/dags/sodai/__init__.py
[2025-11-18T17:29:36.759+0000] {processor.py:183} INFO - Processing /opt/airflow/dags/sodai/__init__.py took 0.030 seconds
[2025-11-18T17:30:07.335+0000] {processor.py:161} INFO - Started process (PID=2250) to work on /opt/airflow/dags/sodai/__init__.py
[2025-11-18T17:30:07.336+0000] {processor.py:830} INFO - Processing file /opt/airflow/dags/sodai/__init__.py for tasks to queue
[2025-11-18T17:30:07.337+0000] {logging_mixin.py:188} INFO - [2025-11-18T17:30:07.337+0000] {dagbag.py:540} INFO - Filling up the DagBag from /opt/airflow/dags/sodai/__init__.py
[2025-11-18T17:30:07.347+0000] {processor.py:842} WARNING - No viable dags retrieved from /opt/airflow/dags/sodai/__init__.py
[2025-11-18T17:30:07.357+0000] {processor.py:183} INFO - Processing /opt/airflow/dags/sodai/__init__.py took 0.027 seconds
[2025-11-18T17:30:38.128+0000] {processor.py:161} INFO - Started process (PID=2260) to work on /opt/airflow/dags/sodai/__init__.py
[2025-11-18T17:30:38.130+0000] {processor.py:830} INFO - Processing file /opt/airflow/dags/sodai/__init__.py for tasks to queue
[2025-11-18T17:30:38.133+0000] {logging_mixin.py:188} INFO - [2025-11-18T17:30:38.132+0000] {dagbag.py:540} INFO - Filling up the DagBag from /opt/airflow/dags/sodai/__init__.py
[2025-11-18T17:30:38.156+0000] {processor.py:842} WARNING - No viable dags retrieved from /opt/airflow/dags/sodai/__init__.py
[2025-11-18T17:30:38.174+0000] {processor.py:183} INFO - Processing /opt/airflow/dags/sodai/__init__.py took 0.056 seconds
[2025-11-18T17:31:08.705+0000] {processor.py:161} INFO - Started process (PID=2270) to work on /opt/airflow/dags/sodai/__init__.py
[2025-11-18T17:31:08.706+0000] {processor.py:830} INFO - Processing file /opt/airflow/dags/sodai/__init__.py for tasks to queue
[2025-11-18T17:31:08.707+0000] {logging_mixin.py:188} INFO - [2025-11-18T17:31:08.707+0000] {dagbag.py:540} INFO - Filling up the DagBag from /opt/airflow/dags/sodai/__init__.py
[2025-11-18T17:31:08.720+0000] {processor.py:842} WARNING - No viable dags retrieved from /opt/airflow/dags/sodai/__init__.py
[2025-11-18T17:31:08.731+0000] {processor.py:183} INFO - Processing /opt/airflow/dags/sodai/__init__.py took 0.032 seconds
[2025-11-18T17:31:39.152+0000] {processor.py:161} INFO - Started process (PID=2280) to work on /opt/airflow/dags/sodai/__init__.py
[2025-11-18T17:31:39.153+0000] {processor.py:830} INFO - Processing file /opt/airflow/dags/sodai/__init__.py for tasks to queue
[2025-11-18T17:31:39.155+0000] {logging_mixin.py:188} INFO - [2025-11-18T17:31:39.154+0000] {dagbag.py:540} INFO - Filling up the DagBag from /opt/airflow/dags/sodai/__init__.py
[2025-11-18T17:31:39.167+0000] {processor.py:842} WARNING - No viable dags retrieved from /opt/airflow/dags/sodai/__init__.py
[2025-11-18T17:31:39.178+0000] {processor.py:183} INFO - Processing /opt/airflow/dags/sodai/__init__.py took 0.030 seconds
[2025-11-18T17:32:09.641+0000] {processor.py:161} INFO - Started process (PID=2290) to work on /opt/airflow/dags/sodai/__init__.py
[2025-11-18T17:32:09.642+0000] {processor.py:830} INFO - Processing file /opt/airflow/dags/sodai/__init__.py for tasks to queue
[2025-11-18T17:32:09.644+0000] {logging_mixin.py:188} INFO - [2025-11-18T17:32:09.644+0000] {dagbag.py:540} INFO - Filling up the DagBag from /opt/airflow/dags/sodai/__init__.py
[2025-11-18T17:32:09.659+0000] {processor.py:842} WARNING - No viable dags retrieved from /opt/airflow/dags/sodai/__init__.py
[2025-11-18T17:32:09.670+0000] {processor.py:183} INFO - Processing /opt/airflow/dags/sodai/__init__.py took 0.034 seconds
[2025-11-18T17:32:40.559+0000] {processor.py:161} INFO - Started process (PID=2300) to work on /opt/airflow/dags/sodai/__init__.py
[2025-11-18T17:32:40.561+0000] {processor.py:830} INFO - Processing file /opt/airflow/dags/sodai/__init__.py for tasks to queue
[2025-11-18T17:32:40.563+0000] {logging_mixin.py:188} INFO - [2025-11-18T17:32:40.562+0000] {dagbag.py:540} INFO - Filling up the DagBag from /opt/airflow/dags/sodai/__init__.py
[2025-11-18T17:32:40.625+0000] {processor.py:842} WARNING - No viable dags retrieved from /opt/airflow/dags/sodai/__init__.py
[2025-11-18T17:32:40.637+0000] {processor.py:183} INFO - Processing /opt/airflow/dags/sodai/__init__.py took 0.083 seconds
[2025-11-18T17:33:10.836+0000] {processor.py:161} INFO - Started process (PID=2310) to work on /opt/airflow/dags/sodai/__init__.py
[2025-11-18T17:33:10.838+0000] {processor.py:830} INFO - Processing file /opt/airflow/dags/sodai/__init__.py for tasks to queue
[2025-11-18T17:33:10.840+0000] {logging_mixin.py:188} INFO - [2025-11-18T17:33:10.839+0000] {dagbag.py:540} INFO - Filling up the DagBag from /opt/airflow/dags/sodai/__init__.py
[2025-11-18T17:33:10.850+0000] {processor.py:842} WARNING - No viable dags retrieved from /opt/airflow/dags/sodai/__init__.py
[2025-11-18T17:33:10.861+0000] {processor.py:183} INFO - Processing /opt/airflow/dags/sodai/__init__.py took 0.030 seconds
[2025-11-18T17:33:41.453+0000] {processor.py:161} INFO - Started process (PID=2320) to work on /opt/airflow/dags/sodai/__init__.py
[2025-11-18T17:33:41.454+0000] {processor.py:830} INFO - Processing file /opt/airflow/dags/sodai/__init__.py for tasks to queue
[2025-11-18T17:33:41.456+0000] {logging_mixin.py:188} INFO - [2025-11-18T17:33:41.455+0000] {dagbag.py:540} INFO - Filling up the DagBag from /opt/airflow/dags/sodai/__init__.py
[2025-11-18T17:33:41.479+0000] {processor.py:842} WARNING - No viable dags retrieved from /opt/airflow/dags/sodai/__init__.py
[2025-11-18T17:33:41.491+0000] {processor.py:183} INFO - Processing /opt/airflow/dags/sodai/__init__.py took 0.043 seconds
[2025-11-18T17:34:12.158+0000] {processor.py:161} INFO - Started process (PID=2330) to work on /opt/airflow/dags/sodai/__init__.py
[2025-11-18T17:34:12.159+0000] {processor.py:830} INFO - Processing file /opt/airflow/dags/sodai/__init__.py for tasks to queue
[2025-11-18T17:34:12.161+0000] {logging_mixin.py:188} INFO - [2025-11-18T17:34:12.161+0000] {dagbag.py:540} INFO - Filling up the DagBag from /opt/airflow/dags/sodai/__init__.py
[2025-11-18T17:34:12.177+0000] {processor.py:842} WARNING - No viable dags retrieved from /opt/airflow/dags/sodai/__init__.py
[2025-11-18T17:34:12.189+0000] {processor.py:183} INFO - Processing /opt/airflow/dags/sodai/__init__.py took 0.036 seconds
[2025-11-18T17:34:42.803+0000] {processor.py:161} INFO - Started process (PID=2340) to work on /opt/airflow/dags/sodai/__init__.py
[2025-11-18T17:34:42.810+0000] {processor.py:830} INFO - Processing file /opt/airflow/dags/sodai/__init__.py for tasks to queue
[2025-11-18T17:34:42.815+0000] {logging_mixin.py:188} INFO - [2025-11-18T17:34:42.814+0000] {dagbag.py:540} INFO - Filling up the DagBag from /opt/airflow/dags/sodai/__init__.py
[2025-11-18T17:34:42.837+0000] {processor.py:842} WARNING - No viable dags retrieved from /opt/airflow/dags/sodai/__init__.py
[2025-11-18T17:34:42.851+0000] {processor.py:183} INFO - Processing /opt/airflow/dags/sodai/__init__.py took 0.058 seconds
[2025-11-18T17:35:13.367+0000] {processor.py:161} INFO - Started process (PID=2350) to work on /opt/airflow/dags/sodai/__init__.py
[2025-11-18T17:35:13.368+0000] {processor.py:830} INFO - Processing file /opt/airflow/dags/sodai/__init__.py for tasks to queue
[2025-11-18T17:35:13.369+0000] {logging_mixin.py:188} INFO - [2025-11-18T17:35:13.369+0000] {dagbag.py:540} INFO - Filling up the DagBag from /opt/airflow/dags/sodai/__init__.py
[2025-11-18T17:35:13.382+0000] {processor.py:842} WARNING - No viable dags retrieved from /opt/airflow/dags/sodai/__init__.py
[2025-11-18T17:35:13.395+0000] {processor.py:183} INFO - Processing /opt/airflow/dags/sodai/__init__.py took 0.034 seconds
[2025-11-18T17:35:44.021+0000] {processor.py:161} INFO - Started process (PID=2360) to work on /opt/airflow/dags/sodai/__init__.py
[2025-11-18T17:35:44.022+0000] {processor.py:830} INFO - Processing file /opt/airflow/dags/sodai/__init__.py for tasks to queue
[2025-11-18T17:35:44.023+0000] {logging_mixin.py:188} INFO - [2025-11-18T17:35:44.023+0000] {dagbag.py:540} INFO - Filling up the DagBag from /opt/airflow/dags/sodai/__init__.py
[2025-11-18T17:35:44.039+0000] {processor.py:842} WARNING - No viable dags retrieved from /opt/airflow/dags/sodai/__init__.py
[2025-11-18T17:35:44.049+0000] {processor.py:183} INFO - Processing /opt/airflow/dags/sodai/__init__.py took 0.033 seconds
[2025-11-18T17:36:14.557+0000] {processor.py:161} INFO - Started process (PID=2370) to work on /opt/airflow/dags/sodai/__init__.py
[2025-11-18T17:36:14.558+0000] {processor.py:830} INFO - Processing file /opt/airflow/dags/sodai/__init__.py for tasks to queue
[2025-11-18T17:36:14.559+0000] {logging_mixin.py:188} INFO - [2025-11-18T17:36:14.559+0000] {dagbag.py:540} INFO - Filling up the DagBag from /opt/airflow/dags/sodai/__init__.py
[2025-11-18T17:36:14.575+0000] {processor.py:842} WARNING - No viable dags retrieved from /opt/airflow/dags/sodai/__init__.py
[2025-11-18T17:36:14.591+0000] {processor.py:183} INFO - Processing /opt/airflow/dags/sodai/__init__.py took 0.039 seconds
[2025-11-18T17:36:45.219+0000] {processor.py:161} INFO - Started process (PID=2380) to work on /opt/airflow/dags/sodai/__init__.py
[2025-11-18T17:36:45.220+0000] {processor.py:830} INFO - Processing file /opt/airflow/dags/sodai/__init__.py for tasks to queue
[2025-11-18T17:36:45.223+0000] {logging_mixin.py:188} INFO - [2025-11-18T17:36:45.222+0000] {dagbag.py:540} INFO - Filling up the DagBag from /opt/airflow/dags/sodai/__init__.py
[2025-11-18T17:36:45.239+0000] {processor.py:842} WARNING - No viable dags retrieved from /opt/airflow/dags/sodai/__init__.py
[2025-11-18T17:36:45.253+0000] {processor.py:183} INFO - Processing /opt/airflow/dags/sodai/__init__.py took 0.039 seconds
[2025-11-18T17:37:15.779+0000] {processor.py:161} INFO - Started process (PID=2390) to work on /opt/airflow/dags/sodai/__init__.py
[2025-11-18T17:37:15.781+0000] {processor.py:830} INFO - Processing file /opt/airflow/dags/sodai/__init__.py for tasks to queue
[2025-11-18T17:37:15.784+0000] {logging_mixin.py:188} INFO - [2025-11-18T17:37:15.783+0000] {dagbag.py:540} INFO - Filling up the DagBag from /opt/airflow/dags/sodai/__init__.py
[2025-11-18T17:37:15.818+0000] {processor.py:842} WARNING - No viable dags retrieved from /opt/airflow/dags/sodai/__init__.py
[2025-11-18T17:37:15.842+0000] {processor.py:183} INFO - Processing /opt/airflow/dags/sodai/__init__.py took 0.070 seconds
[2025-11-18T17:37:46.352+0000] {processor.py:161} INFO - Started process (PID=2400) to work on /opt/airflow/dags/sodai/__init__.py
[2025-11-18T17:37:46.352+0000] {processor.py:830} INFO - Processing file /opt/airflow/dags/sodai/__init__.py for tasks to queue
[2025-11-18T17:37:46.354+0000] {logging_mixin.py:188} INFO - [2025-11-18T17:37:46.354+0000] {dagbag.py:540} INFO - Filling up the DagBag from /opt/airflow/dags/sodai/__init__.py
[2025-11-18T17:37:46.373+0000] {processor.py:842} WARNING - No viable dags retrieved from /opt/airflow/dags/sodai/__init__.py
[2025-11-18T17:37:46.384+0000] {processor.py:183} INFO - Processing /opt/airflow/dags/sodai/__init__.py took 0.038 seconds
[2025-11-18T17:38:16.839+0000] {processor.py:161} INFO - Started process (PID=2410) to work on /opt/airflow/dags/sodai/__init__.py
[2025-11-18T17:38:16.840+0000] {processor.py:830} INFO - Processing file /opt/airflow/dags/sodai/__init__.py for tasks to queue
[2025-11-18T17:38:16.842+0000] {logging_mixin.py:188} INFO - [2025-11-18T17:38:16.842+0000] {dagbag.py:540} INFO - Filling up the DagBag from /opt/airflow/dags/sodai/__init__.py
[2025-11-18T17:38:16.860+0000] {processor.py:842} WARNING - No viable dags retrieved from /opt/airflow/dags/sodai/__init__.py
[2025-11-18T17:38:16.873+0000] {processor.py:183} INFO - Processing /opt/airflow/dags/sodai/__init__.py took 0.039 seconds
[2025-11-18T17:38:47.249+0000] {processor.py:161} INFO - Started process (PID=2420) to work on /opt/airflow/dags/sodai/__init__.py
[2025-11-18T17:38:47.250+0000] {processor.py:830} INFO - Processing file /opt/airflow/dags/sodai/__init__.py for tasks to queue
[2025-11-18T17:38:47.252+0000] {logging_mixin.py:188} INFO - [2025-11-18T17:38:47.251+0000] {dagbag.py:540} INFO - Filling up the DagBag from /opt/airflow/dags/sodai/__init__.py
[2025-11-18T17:38:47.265+0000] {processor.py:842} WARNING - No viable dags retrieved from /opt/airflow/dags/sodai/__init__.py
[2025-11-18T17:38:47.276+0000] {processor.py:183} INFO - Processing /opt/airflow/dags/sodai/__init__.py took 0.032 seconds
[2025-11-18T17:39:18.009+0000] {processor.py:161} INFO - Started process (PID=2430) to work on /opt/airflow/dags/sodai/__init__.py
[2025-11-18T17:39:18.010+0000] {processor.py:830} INFO - Processing file /opt/airflow/dags/sodai/__init__.py for tasks to queue
[2025-11-18T17:39:18.011+0000] {logging_mixin.py:188} INFO - [2025-11-18T17:39:18.011+0000] {dagbag.py:540} INFO - Filling up the DagBag from /opt/airflow/dags/sodai/__init__.py
[2025-11-18T17:39:18.068+0000] {processor.py:842} WARNING - No viable dags retrieved from /opt/airflow/dags/sodai/__init__.py
[2025-11-18T17:39:18.082+0000] {processor.py:183} INFO - Processing /opt/airflow/dags/sodai/__init__.py took 0.078 seconds
[2025-11-18T17:39:48.367+0000] {processor.py:161} INFO - Started process (PID=2440) to work on /opt/airflow/dags/sodai/__init__.py
[2025-11-18T17:39:48.368+0000] {processor.py:830} INFO - Processing file /opt/airflow/dags/sodai/__init__.py for tasks to queue
[2025-11-18T17:39:48.369+0000] {logging_mixin.py:188} INFO - [2025-11-18T17:39:48.369+0000] {dagbag.py:540} INFO - Filling up the DagBag from /opt/airflow/dags/sodai/__init__.py
[2025-11-18T17:39:48.380+0000] {processor.py:842} WARNING - No viable dags retrieved from /opt/airflow/dags/sodai/__init__.py
[2025-11-18T17:39:48.392+0000] {processor.py:183} INFO - Processing /opt/airflow/dags/sodai/__init__.py took 0.029 seconds
[2025-11-18T17:40:18.819+0000] {processor.py:161} INFO - Started process (PID=2450) to work on /opt/airflow/dags/sodai/__init__.py
[2025-11-18T17:40:18.820+0000] {processor.py:830} INFO - Processing file /opt/airflow/dags/sodai/__init__.py for tasks to queue
[2025-11-18T17:40:18.823+0000] {logging_mixin.py:188} INFO - [2025-11-18T17:40:18.823+0000] {dagbag.py:540} INFO - Filling up the DagBag from /opt/airflow/dags/sodai/__init__.py
[2025-11-18T17:40:18.841+0000] {processor.py:842} WARNING - No viable dags retrieved from /opt/airflow/dags/sodai/__init__.py
[2025-11-18T17:40:18.853+0000] {processor.py:183} INFO - Processing /opt/airflow/dags/sodai/__init__.py took 0.039 seconds
[2025-11-18T17:40:49.282+0000] {processor.py:161} INFO - Started process (PID=2460) to work on /opt/airflow/dags/sodai/__init__.py
[2025-11-18T17:40:49.283+0000] {processor.py:830} INFO - Processing file /opt/airflow/dags/sodai/__init__.py for tasks to queue
[2025-11-18T17:40:49.284+0000] {logging_mixin.py:188} INFO - [2025-11-18T17:40:49.284+0000] {dagbag.py:540} INFO - Filling up the DagBag from /opt/airflow/dags/sodai/__init__.py
[2025-11-18T17:40:49.299+0000] {processor.py:842} WARNING - No viable dags retrieved from /opt/airflow/dags/sodai/__init__.py
[2025-11-18T17:40:49.311+0000] {processor.py:183} INFO - Processing /opt/airflow/dags/sodai/__init__.py took 0.034 seconds
[2025-11-18T17:41:19.776+0000] {processor.py:161} INFO - Started process (PID=2470) to work on /opt/airflow/dags/sodai/__init__.py
[2025-11-18T17:41:19.777+0000] {processor.py:830} INFO - Processing file /opt/airflow/dags/sodai/__init__.py for tasks to queue
[2025-11-18T17:41:19.782+0000] {logging_mixin.py:188} INFO - [2025-11-18T17:41:19.782+0000] {dagbag.py:540} INFO - Filling up the DagBag from /opt/airflow/dags/sodai/__init__.py
[2025-11-18T17:41:19.799+0000] {processor.py:842} WARNING - No viable dags retrieved from /opt/airflow/dags/sodai/__init__.py
[2025-11-18T17:41:19.812+0000] {processor.py:183} INFO - Processing /opt/airflow/dags/sodai/__init__.py took 0.041 seconds
[2025-11-18T17:41:50.179+0000] {processor.py:161} INFO - Started process (PID=2480) to work on /opt/airflow/dags/sodai/__init__.py
[2025-11-18T17:41:50.181+0000] {processor.py:830} INFO - Processing file /opt/airflow/dags/sodai/__init__.py for tasks to queue
[2025-11-18T17:41:50.182+0000] {logging_mixin.py:188} INFO - [2025-11-18T17:41:50.182+0000] {dagbag.py:540} INFO - Filling up the DagBag from /opt/airflow/dags/sodai/__init__.py
[2025-11-18T17:41:50.197+0000] {processor.py:842} WARNING - No viable dags retrieved from /opt/airflow/dags/sodai/__init__.py
[2025-11-18T17:41:50.209+0000] {processor.py:183} INFO - Processing /opt/airflow/dags/sodai/__init__.py took 0.035 seconds
[2025-11-18T17:42:20.677+0000] {processor.py:161} INFO - Started process (PID=2490) to work on /opt/airflow/dags/sodai/__init__.py
[2025-11-18T17:42:20.678+0000] {processor.py:830} INFO - Processing file /opt/airflow/dags/sodai/__init__.py for tasks to queue
[2025-11-18T17:42:20.681+0000] {logging_mixin.py:188} INFO - [2025-11-18T17:42:20.681+0000] {dagbag.py:540} INFO - Filling up the DagBag from /opt/airflow/dags/sodai/__init__.py
[2025-11-18T17:42:20.697+0000] {processor.py:842} WARNING - No viable dags retrieved from /opt/airflow/dags/sodai/__init__.py
[2025-11-18T17:42:20.709+0000] {processor.py:183} INFO - Processing /opt/airflow/dags/sodai/__init__.py took 0.038 seconds
[2025-11-18T17:42:51.242+0000] {processor.py:161} INFO - Started process (PID=2500) to work on /opt/airflow/dags/sodai/__init__.py
[2025-11-18T17:42:51.243+0000] {processor.py:830} INFO - Processing file /opt/airflow/dags/sodai/__init__.py for tasks to queue
[2025-11-18T17:42:51.245+0000] {logging_mixin.py:188} INFO - [2025-11-18T17:42:51.245+0000] {dagbag.py:540} INFO - Filling up the DagBag from /opt/airflow/dags/sodai/__init__.py
[2025-11-18T17:42:51.262+0000] {processor.py:842} WARNING - No viable dags retrieved from /opt/airflow/dags/sodai/__init__.py
[2025-11-18T17:42:51.274+0000] {processor.py:183} INFO - Processing /opt/airflow/dags/sodai/__init__.py took 0.037 seconds
[2025-11-18T17:43:21.732+0000] {processor.py:161} INFO - Started process (PID=2510) to work on /opt/airflow/dags/sodai/__init__.py
[2025-11-18T17:43:21.733+0000] {processor.py:830} INFO - Processing file /opt/airflow/dags/sodai/__init__.py for tasks to queue
[2025-11-18T17:43:21.735+0000] {logging_mixin.py:188} INFO - [2025-11-18T17:43:21.735+0000] {dagbag.py:540} INFO - Filling up the DagBag from /opt/airflow/dags/sodai/__init__.py
[2025-11-18T17:43:21.755+0000] {processor.py:842} WARNING - No viable dags retrieved from /opt/airflow/dags/sodai/__init__.py
[2025-11-18T17:43:21.767+0000] {processor.py:183} INFO - Processing /opt/airflow/dags/sodai/__init__.py took 0.040 seconds
[2025-11-18T17:43:52.717+0000] {processor.py:161} INFO - Started process (PID=2520) to work on /opt/airflow/dags/sodai/__init__.py
[2025-11-18T17:43:52.718+0000] {processor.py:830} INFO - Processing file /opt/airflow/dags/sodai/__init__.py for tasks to queue
[2025-11-18T17:43:52.720+0000] {logging_mixin.py:188} INFO - [2025-11-18T17:43:52.720+0000] {dagbag.py:540} INFO - Filling up the DagBag from /opt/airflow/dags/sodai/__init__.py
[2025-11-18T17:43:52.734+0000] {processor.py:842} WARNING - No viable dags retrieved from /opt/airflow/dags/sodai/__init__.py
[2025-11-18T17:43:52.748+0000] {processor.py:183} INFO - Processing /opt/airflow/dags/sodai/__init__.py took 0.036 seconds
[2025-11-18T17:44:23.291+0000] {processor.py:161} INFO - Started process (PID=2530) to work on /opt/airflow/dags/sodai/__init__.py
[2025-11-18T17:44:23.292+0000] {processor.py:830} INFO - Processing file /opt/airflow/dags/sodai/__init__.py for tasks to queue
[2025-11-18T17:44:23.294+0000] {logging_mixin.py:188} INFO - [2025-11-18T17:44:23.294+0000] {dagbag.py:540} INFO - Filling up the DagBag from /opt/airflow/dags/sodai/__init__.py
[2025-11-18T17:44:23.310+0000] {processor.py:842} WARNING - No viable dags retrieved from /opt/airflow/dags/sodai/__init__.py
[2025-11-18T17:44:23.321+0000] {processor.py:183} INFO - Processing /opt/airflow/dags/sodai/__init__.py took 0.036 seconds
[2025-11-18T17:44:54.153+0000] {processor.py:161} INFO - Started process (PID=2540) to work on /opt/airflow/dags/sodai/__init__.py
[2025-11-18T17:44:54.154+0000] {processor.py:830} INFO - Processing file /opt/airflow/dags/sodai/__init__.py for tasks to queue
[2025-11-18T17:44:54.156+0000] {logging_mixin.py:188} INFO - [2025-11-18T17:44:54.155+0000] {dagbag.py:540} INFO - Filling up the DagBag from /opt/airflow/dags/sodai/__init__.py
[2025-11-18T17:44:54.171+0000] {processor.py:842} WARNING - No viable dags retrieved from /opt/airflow/dags/sodai/__init__.py
[2025-11-18T17:44:54.184+0000] {processor.py:183} INFO - Processing /opt/airflow/dags/sodai/__init__.py took 0.037 seconds
[2025-11-18T17:45:24.836+0000] {processor.py:161} INFO - Started process (PID=2550) to work on /opt/airflow/dags/sodai/__init__.py
[2025-11-18T17:45:24.838+0000] {processor.py:830} INFO - Processing file /opt/airflow/dags/sodai/__init__.py for tasks to queue
[2025-11-18T17:45:24.840+0000] {logging_mixin.py:188} INFO - [2025-11-18T17:45:24.840+0000] {dagbag.py:540} INFO - Filling up the DagBag from /opt/airflow/dags/sodai/__init__.py
[2025-11-18T17:45:24.856+0000] {processor.py:842} WARNING - No viable dags retrieved from /opt/airflow/dags/sodai/__init__.py
[2025-11-18T17:45:24.867+0000] {processor.py:183} INFO - Processing /opt/airflow/dags/sodai/__init__.py took 0.037 seconds
[2025-11-18T17:45:55.632+0000] {processor.py:161} INFO - Started process (PID=2560) to work on /opt/airflow/dags/sodai/__init__.py
[2025-11-18T17:45:55.633+0000] {processor.py:830} INFO - Processing file /opt/airflow/dags/sodai/__init__.py for tasks to queue
[2025-11-18T17:45:55.635+0000] {logging_mixin.py:188} INFO - [2025-11-18T17:45:55.635+0000] {dagbag.py:540} INFO - Filling up the DagBag from /opt/airflow/dags/sodai/__init__.py
[2025-11-18T17:45:55.654+0000] {processor.py:842} WARNING - No viable dags retrieved from /opt/airflow/dags/sodai/__init__.py
[2025-11-18T17:45:55.667+0000] {processor.py:183} INFO - Processing /opt/airflow/dags/sodai/__init__.py took 0.040 seconds
[2025-11-18T17:46:26.358+0000] {processor.py:161} INFO - Started process (PID=2570) to work on /opt/airflow/dags/sodai/__init__.py
[2025-11-18T17:46:26.359+0000] {processor.py:830} INFO - Processing file /opt/airflow/dags/sodai/__init__.py for tasks to queue
[2025-11-18T17:46:26.361+0000] {logging_mixin.py:188} INFO - [2025-11-18T17:46:26.360+0000] {dagbag.py:540} INFO - Filling up the DagBag from /opt/airflow/dags/sodai/__init__.py
[2025-11-18T17:46:26.382+0000] {processor.py:842} WARNING - No viable dags retrieved from /opt/airflow/dags/sodai/__init__.py
[2025-11-18T17:46:26.393+0000] {processor.py:183} INFO - Processing /opt/airflow/dags/sodai/__init__.py took 0.042 seconds
[2025-11-18T17:46:56.823+0000] {processor.py:161} INFO - Started process (PID=2580) to work on /opt/airflow/dags/sodai/__init__.py
[2025-11-18T17:46:56.824+0000] {processor.py:830} INFO - Processing file /opt/airflow/dags/sodai/__init__.py for tasks to queue
[2025-11-18T17:46:56.826+0000] {logging_mixin.py:188} INFO - [2025-11-18T17:46:56.826+0000] {dagbag.py:540} INFO - Filling up the DagBag from /opt/airflow/dags/sodai/__init__.py
[2025-11-18T17:46:56.841+0000] {processor.py:842} WARNING - No viable dags retrieved from /opt/airflow/dags/sodai/__init__.py
[2025-11-18T17:46:56.852+0000] {processor.py:183} INFO - Processing /opt/airflow/dags/sodai/__init__.py took 0.035 seconds
[2025-11-18T17:47:27.346+0000] {processor.py:161} INFO - Started process (PID=2590) to work on /opt/airflow/dags/sodai/__init__.py
[2025-11-18T17:47:27.347+0000] {processor.py:830} INFO - Processing file /opt/airflow/dags/sodai/__init__.py for tasks to queue
[2025-11-18T17:47:27.349+0000] {logging_mixin.py:188} INFO - [2025-11-18T17:47:27.349+0000] {dagbag.py:540} INFO - Filling up the DagBag from /opt/airflow/dags/sodai/__init__.py
[2025-11-18T17:47:27.368+0000] {processor.py:842} WARNING - No viable dags retrieved from /opt/airflow/dags/sodai/__init__.py
[2025-11-18T17:47:27.381+0000] {processor.py:183} INFO - Processing /opt/airflow/dags/sodai/__init__.py took 0.041 seconds
[2025-11-18T17:47:57.903+0000] {processor.py:161} INFO - Started process (PID=2600) to work on /opt/airflow/dags/sodai/__init__.py
[2025-11-18T17:47:57.903+0000] {processor.py:830} INFO - Processing file /opt/airflow/dags/sodai/__init__.py for tasks to queue
[2025-11-18T17:47:57.905+0000] {logging_mixin.py:188} INFO - [2025-11-18T17:47:57.905+0000] {dagbag.py:540} INFO - Filling up the DagBag from /opt/airflow/dags/sodai/__init__.py
[2025-11-18T17:47:57.920+0000] {processor.py:842} WARNING - No viable dags retrieved from /opt/airflow/dags/sodai/__init__.py
[2025-11-18T17:47:57.932+0000] {processor.py:183} INFO - Processing /opt/airflow/dags/sodai/__init__.py took 0.034 seconds
[2025-11-18T17:48:28.290+0000] {processor.py:161} INFO - Started process (PID=2610) to work on /opt/airflow/dags/sodai/__init__.py
[2025-11-18T17:48:28.291+0000] {processor.py:830} INFO - Processing file /opt/airflow/dags/sodai/__init__.py for tasks to queue
[2025-11-18T17:48:28.293+0000] {logging_mixin.py:188} INFO - [2025-11-18T17:48:28.293+0000] {dagbag.py:540} INFO - Filling up the DagBag from /opt/airflow/dags/sodai/__init__.py
[2025-11-18T17:48:28.308+0000] {processor.py:842} WARNING - No viable dags retrieved from /opt/airflow/dags/sodai/__init__.py
[2025-11-18T17:48:28.319+0000] {processor.py:183} INFO - Processing /opt/airflow/dags/sodai/__init__.py took 0.035 seconds
[2025-11-18T17:48:58.908+0000] {processor.py:161} INFO - Started process (PID=2620) to work on /opt/airflow/dags/sodai/__init__.py
[2025-11-18T17:48:58.911+0000] {processor.py:830} INFO - Processing file /opt/airflow/dags/sodai/__init__.py for tasks to queue
[2025-11-18T17:48:58.913+0000] {logging_mixin.py:188} INFO - [2025-11-18T17:48:58.913+0000] {dagbag.py:540} INFO - Filling up the DagBag from /opt/airflow/dags/sodai/__init__.py
[2025-11-18T17:48:58.930+0000] {processor.py:842} WARNING - No viable dags retrieved from /opt/airflow/dags/sodai/__init__.py
[2025-11-18T17:48:58.943+0000] {processor.py:183} INFO - Processing /opt/airflow/dags/sodai/__init__.py took 0.041 seconds
[2025-11-18T17:49:29.375+0000] {processor.py:161} INFO - Started process (PID=2630) to work on /opt/airflow/dags/sodai/__init__.py
[2025-11-18T17:49:29.376+0000] {processor.py:830} INFO - Processing file /opt/airflow/dags/sodai/__init__.py for tasks to queue
[2025-11-18T17:49:29.379+0000] {logging_mixin.py:188} INFO - [2025-11-18T17:49:29.378+0000] {dagbag.py:540} INFO - Filling up the DagBag from /opt/airflow/dags/sodai/__init__.py
[2025-11-18T17:49:29.398+0000] {processor.py:842} WARNING - No viable dags retrieved from /opt/airflow/dags/sodai/__init__.py
[2025-11-18T17:49:29.410+0000] {processor.py:183} INFO - Processing /opt/airflow/dags/sodai/__init__.py took 0.041 seconds
[2025-11-18T17:49:59.867+0000] {processor.py:161} INFO - Started process (PID=2640) to work on /opt/airflow/dags/sodai/__init__.py
[2025-11-18T17:49:59.868+0000] {processor.py:830} INFO - Processing file /opt/airflow/dags/sodai/__init__.py for tasks to queue
[2025-11-18T17:49:59.869+0000] {logging_mixin.py:188} INFO - [2025-11-18T17:49:59.869+0000] {dagbag.py:540} INFO - Filling up the DagBag from /opt/airflow/dags/sodai/__init__.py
[2025-11-18T17:49:59.886+0000] {processor.py:842} WARNING - No viable dags retrieved from /opt/airflow/dags/sodai/__init__.py
[2025-11-18T17:49:59.898+0000] {processor.py:183} INFO - Processing /opt/airflow/dags/sodai/__init__.py took 0.037 seconds
[2025-11-18T17:50:30.308+0000] {processor.py:161} INFO - Started process (PID=2650) to work on /opt/airflow/dags/sodai/__init__.py
[2025-11-18T17:50:30.309+0000] {processor.py:830} INFO - Processing file /opt/airflow/dags/sodai/__init__.py for tasks to queue
[2025-11-18T17:50:30.311+0000] {logging_mixin.py:188} INFO - [2025-11-18T17:50:30.311+0000] {dagbag.py:540} INFO - Filling up the DagBag from /opt/airflow/dags/sodai/__init__.py
[2025-11-18T17:50:30.327+0000] {processor.py:842} WARNING - No viable dags retrieved from /opt/airflow/dags/sodai/__init__.py
[2025-11-18T17:50:30.340+0000] {processor.py:183} INFO - Processing /opt/airflow/dags/sodai/__init__.py took 0.037 seconds
[2025-11-18T17:51:00.970+0000] {processor.py:161} INFO - Started process (PID=2660) to work on /opt/airflow/dags/sodai/__init__.py
[2025-11-18T17:51:00.974+0000] {processor.py:830} INFO - Processing file /opt/airflow/dags/sodai/__init__.py for tasks to queue
[2025-11-18T17:51:00.978+0000] {logging_mixin.py:188} INFO - [2025-11-18T17:51:00.977+0000] {dagbag.py:540} INFO - Filling up the DagBag from /opt/airflow/dags/sodai/__init__.py
[2025-11-18T17:51:01.012+0000] {processor.py:842} WARNING - No viable dags retrieved from /opt/airflow/dags/sodai/__init__.py
[2025-11-18T17:51:01.024+0000] {processor.py:183} INFO - Processing /opt/airflow/dags/sodai/__init__.py took 0.059 seconds
[2025-11-18T17:51:31.464+0000] {processor.py:161} INFO - Started process (PID=2670) to work on /opt/airflow/dags/sodai/__init__.py
[2025-11-18T17:51:31.465+0000] {processor.py:830} INFO - Processing file /opt/airflow/dags/sodai/__init__.py for tasks to queue
[2025-11-18T17:51:31.467+0000] {logging_mixin.py:188} INFO - [2025-11-18T17:51:31.467+0000] {dagbag.py:540} INFO - Filling up the DagBag from /opt/airflow/dags/sodai/__init__.py
[2025-11-18T17:51:31.493+0000] {processor.py:842} WARNING - No viable dags retrieved from /opt/airflow/dags/sodai/__init__.py
[2025-11-18T17:51:31.505+0000] {processor.py:183} INFO - Processing /opt/airflow/dags/sodai/__init__.py took 0.046 seconds
[2025-11-18T17:52:02.330+0000] {processor.py:161} INFO - Started process (PID=2680) to work on /opt/airflow/dags/sodai/__init__.py
[2025-11-18T17:52:02.331+0000] {processor.py:830} INFO - Processing file /opt/airflow/dags/sodai/__init__.py for tasks to queue
[2025-11-18T17:52:02.334+0000] {logging_mixin.py:188} INFO - [2025-11-18T17:52:02.333+0000] {dagbag.py:540} INFO - Filling up the DagBag from /opt/airflow/dags/sodai/__init__.py
[2025-11-18T17:52:02.351+0000] {processor.py:842} WARNING - No viable dags retrieved from /opt/airflow/dags/sodai/__init__.py
[2025-11-18T17:52:02.363+0000] {processor.py:183} INFO - Processing /opt/airflow/dags/sodai/__init__.py took 0.040 seconds
[2025-11-18T17:52:32.890+0000] {processor.py:161} INFO - Started process (PID=2690) to work on /opt/airflow/dags/sodai/__init__.py
[2025-11-18T17:52:32.892+0000] {processor.py:830} INFO - Processing file /opt/airflow/dags/sodai/__init__.py for tasks to queue
[2025-11-18T17:52:32.893+0000] {logging_mixin.py:188} INFO - [2025-11-18T17:52:32.893+0000] {dagbag.py:540} INFO - Filling up the DagBag from /opt/airflow/dags/sodai/__init__.py
[2025-11-18T17:52:32.908+0000] {processor.py:842} WARNING - No viable dags retrieved from /opt/airflow/dags/sodai/__init__.py
[2025-11-18T17:52:32.919+0000] {processor.py:183} INFO - Processing /opt/airflow/dags/sodai/__init__.py took 0.035 seconds
[2025-11-18T17:53:03.364+0000] {processor.py:161} INFO - Started process (PID=2700) to work on /opt/airflow/dags/sodai/__init__.py
[2025-11-18T17:53:03.365+0000] {processor.py:830} INFO - Processing file /opt/airflow/dags/sodai/__init__.py for tasks to queue
[2025-11-18T17:53:03.367+0000] {logging_mixin.py:188} INFO - [2025-11-18T17:53:03.367+0000] {dagbag.py:540} INFO - Filling up the DagBag from /opt/airflow/dags/sodai/__init__.py
[2025-11-18T17:53:03.384+0000] {processor.py:842} WARNING - No viable dags retrieved from /opt/airflow/dags/sodai/__init__.py
[2025-11-18T17:53:03.396+0000] {processor.py:183} INFO - Processing /opt/airflow/dags/sodai/__init__.py took 0.039 seconds
[2025-11-18T17:53:33.918+0000] {processor.py:161} INFO - Started process (PID=2710) to work on /opt/airflow/dags/sodai/__init__.py
[2025-11-18T17:53:33.919+0000] {processor.py:830} INFO - Processing file /opt/airflow/dags/sodai/__init__.py for tasks to queue
[2025-11-18T17:53:33.921+0000] {logging_mixin.py:188} INFO - [2025-11-18T17:53:33.920+0000] {dagbag.py:540} INFO - Filling up the DagBag from /opt/airflow/dags/sodai/__init__.py
[2025-11-18T17:53:33.937+0000] {processor.py:842} WARNING - No viable dags retrieved from /opt/airflow/dags/sodai/__init__.py
[2025-11-18T17:53:33.949+0000] {processor.py:183} INFO - Processing /opt/airflow/dags/sodai/__init__.py took 0.036 seconds
[2025-11-18T17:54:04.606+0000] {processor.py:161} INFO - Started process (PID=2720) to work on /opt/airflow/dags/sodai/__init__.py
[2025-11-18T17:54:04.607+0000] {processor.py:830} INFO - Processing file /opt/airflow/dags/sodai/__init__.py for tasks to queue
[2025-11-18T17:54:04.609+0000] {logging_mixin.py:188} INFO - [2025-11-18T17:54:04.608+0000] {dagbag.py:540} INFO - Filling up the DagBag from /opt/airflow/dags/sodai/__init__.py
[2025-11-18T17:54:04.626+0000] {processor.py:842} WARNING - No viable dags retrieved from /opt/airflow/dags/sodai/__init__.py
[2025-11-18T17:54:04.639+0000] {processor.py:183} INFO - Processing /opt/airflow/dags/sodai/__init__.py took 0.038 seconds
[2025-11-18T17:54:34.992+0000] {processor.py:161} INFO - Started process (PID=2730) to work on /opt/airflow/dags/sodai/__init__.py
[2025-11-18T17:54:34.993+0000] {processor.py:830} INFO - Processing file /opt/airflow/dags/sodai/__init__.py for tasks to queue
[2025-11-18T17:54:34.994+0000] {logging_mixin.py:188} INFO - [2025-11-18T17:54:34.994+0000] {dagbag.py:540} INFO - Filling up the DagBag from /opt/airflow/dags/sodai/__init__.py
[2025-11-18T17:54:35.011+0000] {processor.py:842} WARNING - No viable dags retrieved from /opt/airflow/dags/sodai/__init__.py
[2025-11-18T17:54:35.024+0000] {processor.py:183} INFO - Processing /opt/airflow/dags/sodai/__init__.py took 0.037 seconds
[2025-11-18T17:55:05.430+0000] {processor.py:161} INFO - Started process (PID=2740) to work on /opt/airflow/dags/sodai/__init__.py
[2025-11-18T17:55:05.434+0000] {processor.py:830} INFO - Processing file /opt/airflow/dags/sodai/__init__.py for tasks to queue
[2025-11-18T17:55:05.437+0000] {logging_mixin.py:188} INFO - [2025-11-18T17:55:05.437+0000] {dagbag.py:540} INFO - Filling up the DagBag from /opt/airflow/dags/sodai/__init__.py
[2025-11-18T17:55:05.462+0000] {processor.py:842} WARNING - No viable dags retrieved from /opt/airflow/dags/sodai/__init__.py
[2025-11-18T17:55:05.474+0000] {processor.py:183} INFO - Processing /opt/airflow/dags/sodai/__init__.py took 0.051 seconds
[2025-11-18T17:55:35.791+0000] {processor.py:161} INFO - Started process (PID=2750) to work on /opt/airflow/dags/sodai/__init__.py
[2025-11-18T17:55:35.793+0000] {processor.py:830} INFO - Processing file /opt/airflow/dags/sodai/__init__.py for tasks to queue
[2025-11-18T17:55:35.794+0000] {logging_mixin.py:188} INFO - [2025-11-18T17:55:35.794+0000] {dagbag.py:540} INFO - Filling up the DagBag from /opt/airflow/dags/sodai/__init__.py
[2025-11-18T17:55:35.815+0000] {processor.py:842} WARNING - No viable dags retrieved from /opt/airflow/dags/sodai/__init__.py
[2025-11-18T17:55:35.827+0000] {processor.py:183} INFO - Processing /opt/airflow/dags/sodai/__init__.py took 0.042 seconds
[2025-11-18T17:56:06.169+0000] {processor.py:161} INFO - Started process (PID=2760) to work on /opt/airflow/dags/sodai/__init__.py
[2025-11-18T17:56:06.170+0000] {processor.py:830} INFO - Processing file /opt/airflow/dags/sodai/__init__.py for tasks to queue
[2025-11-18T17:56:06.172+0000] {logging_mixin.py:188} INFO - [2025-11-18T17:56:06.171+0000] {dagbag.py:540} INFO - Filling up the DagBag from /opt/airflow/dags/sodai/__init__.py
[2025-11-18T17:56:06.195+0000] {processor.py:842} WARNING - No viable dags retrieved from /opt/airflow/dags/sodai/__init__.py
[2025-11-18T17:56:06.208+0000] {processor.py:183} INFO - Processing /opt/airflow/dags/sodai/__init__.py took 0.046 seconds
[2025-11-18T17:56:36.619+0000] {processor.py:161} INFO - Started process (PID=2770) to work on /opt/airflow/dags/sodai/__init__.py
[2025-11-18T17:56:36.619+0000] {processor.py:830} INFO - Processing file /opt/airflow/dags/sodai/__init__.py for tasks to queue
[2025-11-18T17:56:36.622+0000] {logging_mixin.py:188} INFO - [2025-11-18T17:56:36.621+0000] {dagbag.py:540} INFO - Filling up the DagBag from /opt/airflow/dags/sodai/__init__.py
[2025-11-18T17:56:36.638+0000] {processor.py:842} WARNING - No viable dags retrieved from /opt/airflow/dags/sodai/__init__.py
[2025-11-18T17:56:36.650+0000] {processor.py:183} INFO - Processing /opt/airflow/dags/sodai/__init__.py took 0.036 seconds
[2025-11-18T17:57:07.148+0000] {processor.py:161} INFO - Started process (PID=2780) to work on /opt/airflow/dags/sodai/__init__.py
[2025-11-18T17:57:07.149+0000] {processor.py:830} INFO - Processing file /opt/airflow/dags/sodai/__init__.py for tasks to queue
[2025-11-18T17:57:07.151+0000] {logging_mixin.py:188} INFO - [2025-11-18T17:57:07.151+0000] {dagbag.py:540} INFO - Filling up the DagBag from /opt/airflow/dags/sodai/__init__.py
[2025-11-18T17:57:07.166+0000] {processor.py:842} WARNING - No viable dags retrieved from /opt/airflow/dags/sodai/__init__.py
[2025-11-18T17:57:07.178+0000] {processor.py:183} INFO - Processing /opt/airflow/dags/sodai/__init__.py took 0.035 seconds
[2025-11-18T17:57:37.618+0000] {processor.py:161} INFO - Started process (PID=2790) to work on /opt/airflow/dags/sodai/__init__.py
[2025-11-18T17:57:37.619+0000] {processor.py:830} INFO - Processing file /opt/airflow/dags/sodai/__init__.py for tasks to queue
[2025-11-18T17:57:37.621+0000] {logging_mixin.py:188} INFO - [2025-11-18T17:57:37.621+0000] {dagbag.py:540} INFO - Filling up the DagBag from /opt/airflow/dags/sodai/__init__.py
[2025-11-18T17:57:37.640+0000] {processor.py:842} WARNING - No viable dags retrieved from /opt/airflow/dags/sodai/__init__.py
[2025-11-18T17:57:37.651+0000] {processor.py:183} INFO - Processing /opt/airflow/dags/sodai/__init__.py took 0.038 seconds
[2025-11-18T17:58:07.993+0000] {processor.py:161} INFO - Started process (PID=2800) to work on /opt/airflow/dags/sodai/__init__.py
[2025-11-18T17:58:07.994+0000] {processor.py:830} INFO - Processing file /opt/airflow/dags/sodai/__init__.py for tasks to queue
[2025-11-18T17:58:07.996+0000] {logging_mixin.py:188} INFO - [2025-11-18T17:58:07.996+0000] {dagbag.py:540} INFO - Filling up the DagBag from /opt/airflow/dags/sodai/__init__.py
[2025-11-18T17:58:08.012+0000] {processor.py:842} WARNING - No viable dags retrieved from /opt/airflow/dags/sodai/__init__.py
[2025-11-18T17:58:08.023+0000] {processor.py:183} INFO - Processing /opt/airflow/dags/sodai/__init__.py took 0.035 seconds
[2025-11-18T17:58:38.389+0000] {processor.py:161} INFO - Started process (PID=2810) to work on /opt/airflow/dags/sodai/__init__.py
[2025-11-18T17:58:38.390+0000] {processor.py:830} INFO - Processing file /opt/airflow/dags/sodai/__init__.py for tasks to queue
[2025-11-18T17:58:38.392+0000] {logging_mixin.py:188} INFO - [2025-11-18T17:58:38.392+0000] {dagbag.py:540} INFO - Filling up the DagBag from /opt/airflow/dags/sodai/__init__.py
[2025-11-18T17:58:38.412+0000] {processor.py:842} WARNING - No viable dags retrieved from /opt/airflow/dags/sodai/__init__.py
[2025-11-18T17:58:38.423+0000] {processor.py:183} INFO - Processing /opt/airflow/dags/sodai/__init__.py took 0.039 seconds
[2025-11-18T17:59:09.034+0000] {processor.py:161} INFO - Started process (PID=2820) to work on /opt/airflow/dags/sodai/__init__.py
[2025-11-18T17:59:09.035+0000] {processor.py:830} INFO - Processing file /opt/airflow/dags/sodai/__init__.py for tasks to queue
[2025-11-18T17:59:09.038+0000] {logging_mixin.py:188} INFO - [2025-11-18T17:59:09.038+0000] {dagbag.py:540} INFO - Filling up the DagBag from /opt/airflow/dags/sodai/__init__.py
[2025-11-18T17:59:09.050+0000] {processor.py:842} WARNING - No viable dags retrieved from /opt/airflow/dags/sodai/__init__.py
[2025-11-18T17:59:09.062+0000] {processor.py:183} INFO - Processing /opt/airflow/dags/sodai/__init__.py took 0.034 seconds
[2025-11-18T17:59:39.463+0000] {processor.py:161} INFO - Started process (PID=2830) to work on /opt/airflow/dags/sodai/__init__.py
[2025-11-18T17:59:39.464+0000] {processor.py:830} INFO - Processing file /opt/airflow/dags/sodai/__init__.py for tasks to queue
[2025-11-18T17:59:39.466+0000] {logging_mixin.py:188} INFO - [2025-11-18T17:59:39.466+0000] {dagbag.py:540} INFO - Filling up the DagBag from /opt/airflow/dags/sodai/__init__.py
[2025-11-18T17:59:39.481+0000] {processor.py:842} WARNING - No viable dags retrieved from /opt/airflow/dags/sodai/__init__.py
[2025-11-18T17:59:39.494+0000] {processor.py:183} INFO - Processing /opt/airflow/dags/sodai/__init__.py took 0.036 seconds
[2025-11-18T18:00:09.992+0000] {processor.py:161} INFO - Started process (PID=2840) to work on /opt/airflow/dags/sodai/__init__.py
[2025-11-18T18:00:09.993+0000] {processor.py:830} INFO - Processing file /opt/airflow/dags/sodai/__init__.py for tasks to queue
[2025-11-18T18:00:09.994+0000] {logging_mixin.py:188} INFO - [2025-11-18T18:00:09.994+0000] {dagbag.py:540} INFO - Filling up the DagBag from /opt/airflow/dags/sodai/__init__.py
[2025-11-18T18:00:10.016+0000] {processor.py:842} WARNING - No viable dags retrieved from /opt/airflow/dags/sodai/__init__.py
[2025-11-18T18:00:10.027+0000] {processor.py:183} INFO - Processing /opt/airflow/dags/sodai/__init__.py took 0.042 seconds
[2025-11-18T18:00:40.470+0000] {processor.py:161} INFO - Started process (PID=2850) to work on /opt/airflow/dags/sodai/__init__.py
[2025-11-18T18:00:40.470+0000] {processor.py:830} INFO - Processing file /opt/airflow/dags/sodai/__init__.py for tasks to queue
[2025-11-18T18:00:40.472+0000] {logging_mixin.py:188} INFO - [2025-11-18T18:00:40.472+0000] {dagbag.py:540} INFO - Filling up the DagBag from /opt/airflow/dags/sodai/__init__.py
[2025-11-18T18:00:40.491+0000] {processor.py:842} WARNING - No viable dags retrieved from /opt/airflow/dags/sodai/__init__.py
[2025-11-18T18:00:40.504+0000] {processor.py:183} INFO - Processing /opt/airflow/dags/sodai/__init__.py took 0.040 seconds
[2025-11-18T18:01:11.017+0000] {processor.py:161} INFO - Started process (PID=2860) to work on /opt/airflow/dags/sodai/__init__.py
[2025-11-18T18:01:11.018+0000] {processor.py:830} INFO - Processing file /opt/airflow/dags/sodai/__init__.py for tasks to queue
[2025-11-18T18:01:11.020+0000] {logging_mixin.py:188} INFO - [2025-11-18T18:01:11.020+0000] {dagbag.py:540} INFO - Filling up the DagBag from /opt/airflow/dags/sodai/__init__.py
[2025-11-18T18:01:11.035+0000] {processor.py:842} WARNING - No viable dags retrieved from /opt/airflow/dags/sodai/__init__.py
[2025-11-18T18:01:11.048+0000] {processor.py:183} INFO - Processing /opt/airflow/dags/sodai/__init__.py took 0.036 seconds
[2025-11-18T18:01:41.474+0000] {processor.py:161} INFO - Started process (PID=2870) to work on /opt/airflow/dags/sodai/__init__.py
[2025-11-18T18:01:41.475+0000] {processor.py:830} INFO - Processing file /opt/airflow/dags/sodai/__init__.py for tasks to queue
[2025-11-18T18:01:41.477+0000] {logging_mixin.py:188} INFO - [2025-11-18T18:01:41.477+0000] {dagbag.py:540} INFO - Filling up the DagBag from /opt/airflow/dags/sodai/__init__.py
[2025-11-18T18:01:41.494+0000] {processor.py:842} WARNING - No viable dags retrieved from /opt/airflow/dags/sodai/__init__.py
[2025-11-18T18:01:41.506+0000] {processor.py:183} INFO - Processing /opt/airflow/dags/sodai/__init__.py took 0.038 seconds
[2025-11-18T18:02:11.881+0000] {processor.py:161} INFO - Started process (PID=2880) to work on /opt/airflow/dags/sodai/__init__.py
[2025-11-18T18:02:11.882+0000] {processor.py:830} INFO - Processing file /opt/airflow/dags/sodai/__init__.py for tasks to queue
[2025-11-18T18:02:11.884+0000] {logging_mixin.py:188} INFO - [2025-11-18T18:02:11.884+0000] {dagbag.py:540} INFO - Filling up the DagBag from /opt/airflow/dags/sodai/__init__.py
[2025-11-18T18:02:11.901+0000] {processor.py:842} WARNING - No viable dags retrieved from /opt/airflow/dags/sodai/__init__.py
[2025-11-18T18:02:11.915+0000] {processor.py:183} INFO - Processing /opt/airflow/dags/sodai/__init__.py took 0.039 seconds
[2025-11-18T18:02:42.363+0000] {processor.py:161} INFO - Started process (PID=2890) to work on /opt/airflow/dags/sodai/__init__.py
[2025-11-18T18:02:42.364+0000] {processor.py:830} INFO - Processing file /opt/airflow/dags/sodai/__init__.py for tasks to queue
[2025-11-18T18:02:42.369+0000] {logging_mixin.py:188} INFO - [2025-11-18T18:02:42.368+0000] {dagbag.py:540} INFO - Filling up the DagBag from /opt/airflow/dags/sodai/__init__.py
[2025-11-18T18:02:42.394+0000] {processor.py:842} WARNING - No viable dags retrieved from /opt/airflow/dags/sodai/__init__.py
[2025-11-18T18:02:42.406+0000] {processor.py:183} INFO - Processing /opt/airflow/dags/sodai/__init__.py took 0.049 seconds
[2025-11-18T18:03:12.823+0000] {processor.py:161} INFO - Started process (PID=2900) to work on /opt/airflow/dags/sodai/__init__.py
[2025-11-18T18:03:12.824+0000] {processor.py:830} INFO - Processing file /opt/airflow/dags/sodai/__init__.py for tasks to queue
[2025-11-18T18:03:12.826+0000] {logging_mixin.py:188} INFO - [2025-11-18T18:03:12.826+0000] {dagbag.py:540} INFO - Filling up the DagBag from /opt/airflow/dags/sodai/__init__.py
[2025-11-18T18:03:12.845+0000] {processor.py:842} WARNING - No viable dags retrieved from /opt/airflow/dags/sodai/__init__.py
[2025-11-18T18:03:12.859+0000] {processor.py:183} INFO - Processing /opt/airflow/dags/sodai/__init__.py took 0.042 seconds
[2025-11-18T18:03:43.340+0000] {processor.py:161} INFO - Started process (PID=2910) to work on /opt/airflow/dags/sodai/__init__.py
[2025-11-18T18:03:43.341+0000] {processor.py:830} INFO - Processing file /opt/airflow/dags/sodai/__init__.py for tasks to queue
[2025-11-18T18:03:43.343+0000] {logging_mixin.py:188} INFO - [2025-11-18T18:03:43.343+0000] {dagbag.py:540} INFO - Filling up the DagBag from /opt/airflow/dags/sodai/__init__.py
[2025-11-18T18:03:43.373+0000] {processor.py:842} WARNING - No viable dags retrieved from /opt/airflow/dags/sodai/__init__.py
[2025-11-18T18:03:43.386+0000] {processor.py:183} INFO - Processing /opt/airflow/dags/sodai/__init__.py took 0.053 seconds
[2025-11-18T18:04:13.946+0000] {processor.py:161} INFO - Started process (PID=2920) to work on /opt/airflow/dags/sodai/__init__.py
[2025-11-18T18:04:13.947+0000] {processor.py:830} INFO - Processing file /opt/airflow/dags/sodai/__init__.py for tasks to queue
[2025-11-18T18:04:13.949+0000] {logging_mixin.py:188} INFO - [2025-11-18T18:04:13.949+0000] {dagbag.py:540} INFO - Filling up the DagBag from /opt/airflow/dags/sodai/__init__.py
[2025-11-18T18:04:13.965+0000] {processor.py:842} WARNING - No viable dags retrieved from /opt/airflow/dags/sodai/__init__.py
[2025-11-18T18:04:13.976+0000] {processor.py:183} INFO - Processing /opt/airflow/dags/sodai/__init__.py took 0.037 seconds
[2025-11-18T18:04:44.475+0000] {processor.py:161} INFO - Started process (PID=2930) to work on /opt/airflow/dags/sodai/__init__.py
[2025-11-18T18:04:44.476+0000] {processor.py:830} INFO - Processing file /opt/airflow/dags/sodai/__init__.py for tasks to queue
[2025-11-18T18:04:44.478+0000] {logging_mixin.py:188} INFO - [2025-11-18T18:04:44.478+0000] {dagbag.py:540} INFO - Filling up the DagBag from /opt/airflow/dags/sodai/__init__.py
[2025-11-18T18:04:44.493+0000] {processor.py:842} WARNING - No viable dags retrieved from /opt/airflow/dags/sodai/__init__.py
[2025-11-18T18:04:44.505+0000] {processor.py:183} INFO - Processing /opt/airflow/dags/sodai/__init__.py took 0.036 seconds
[2025-11-18T18:05:14.842+0000] {processor.py:161} INFO - Started process (PID=2940) to work on /opt/airflow/dags/sodai/__init__.py
[2025-11-18T18:05:14.843+0000] {processor.py:830} INFO - Processing file /opt/airflow/dags/sodai/__init__.py for tasks to queue
[2025-11-18T18:05:14.845+0000] {logging_mixin.py:188} INFO - [2025-11-18T18:05:14.845+0000] {dagbag.py:540} INFO - Filling up the DagBag from /opt/airflow/dags/sodai/__init__.py
[2025-11-18T18:05:14.861+0000] {processor.py:842} WARNING - No viable dags retrieved from /opt/airflow/dags/sodai/__init__.py
[2025-11-18T18:05:14.874+0000] {processor.py:183} INFO - Processing /opt/airflow/dags/sodai/__init__.py took 0.036 seconds
[2025-11-18T18:05:45.313+0000] {processor.py:161} INFO - Started process (PID=2950) to work on /opt/airflow/dags/sodai/__init__.py
[2025-11-18T18:05:45.314+0000] {processor.py:830} INFO - Processing file /opt/airflow/dags/sodai/__init__.py for tasks to queue
[2025-11-18T18:05:45.316+0000] {logging_mixin.py:188} INFO - [2025-11-18T18:05:45.316+0000] {dagbag.py:540} INFO - Filling up the DagBag from /opt/airflow/dags/sodai/__init__.py
[2025-11-18T18:05:45.331+0000] {processor.py:842} WARNING - No viable dags retrieved from /opt/airflow/dags/sodai/__init__.py
[2025-11-18T18:05:45.345+0000] {processor.py:183} INFO - Processing /opt/airflow/dags/sodai/__init__.py took 0.038 seconds
[2025-11-18T18:06:15.750+0000] {processor.py:161} INFO - Started process (PID=2960) to work on /opt/airflow/dags/sodai/__init__.py
[2025-11-18T18:06:15.751+0000] {processor.py:830} INFO - Processing file /opt/airflow/dags/sodai/__init__.py for tasks to queue
[2025-11-18T18:06:15.753+0000] {logging_mixin.py:188} INFO - [2025-11-18T18:06:15.752+0000] {dagbag.py:540} INFO - Filling up the DagBag from /opt/airflow/dags/sodai/__init__.py
[2025-11-18T18:06:15.769+0000] {processor.py:842} WARNING - No viable dags retrieved from /opt/airflow/dags/sodai/__init__.py
[2025-11-18T18:06:15.781+0000] {processor.py:183} INFO - Processing /opt/airflow/dags/sodai/__init__.py took 0.037 seconds
[2025-11-18T18:06:46.197+0000] {processor.py:161} INFO - Started process (PID=2970) to work on /opt/airflow/dags/sodai/__init__.py
[2025-11-18T18:06:46.198+0000] {processor.py:830} INFO - Processing file /opt/airflow/dags/sodai/__init__.py for tasks to queue
[2025-11-18T18:06:46.200+0000] {logging_mixin.py:188} INFO - [2025-11-18T18:06:46.200+0000] {dagbag.py:540} INFO - Filling up the DagBag from /opt/airflow/dags/sodai/__init__.py
[2025-11-18T18:06:46.217+0000] {processor.py:842} WARNING - No viable dags retrieved from /opt/airflow/dags/sodai/__init__.py
[2025-11-18T18:06:46.230+0000] {processor.py:183} INFO - Processing /opt/airflow/dags/sodai/__init__.py took 0.038 seconds
[2025-11-18T18:07:16.680+0000] {processor.py:161} INFO - Started process (PID=2980) to work on /opt/airflow/dags/sodai/__init__.py
[2025-11-18T18:07:16.681+0000] {processor.py:830} INFO - Processing file /opt/airflow/dags/sodai/__init__.py for tasks to queue
[2025-11-18T18:07:16.683+0000] {logging_mixin.py:188} INFO - [2025-11-18T18:07:16.682+0000] {dagbag.py:540} INFO - Filling up the DagBag from /opt/airflow/dags/sodai/__init__.py
[2025-11-18T18:07:16.697+0000] {processor.py:842} WARNING - No viable dags retrieved from /opt/airflow/dags/sodai/__init__.py
[2025-11-18T18:07:16.711+0000] {processor.py:183} INFO - Processing /opt/airflow/dags/sodai/__init__.py took 0.037 seconds
[2025-11-18T18:07:47.264+0000] {processor.py:161} INFO - Started process (PID=2990) to work on /opt/airflow/dags/sodai/__init__.py
[2025-11-18T18:07:47.265+0000] {processor.py:830} INFO - Processing file /opt/airflow/dags/sodai/__init__.py for tasks to queue
[2025-11-18T18:07:47.267+0000] {logging_mixin.py:188} INFO - [2025-11-18T18:07:47.266+0000] {dagbag.py:540} INFO - Filling up the DagBag from /opt/airflow/dags/sodai/__init__.py
[2025-11-18T18:07:47.282+0000] {processor.py:842} WARNING - No viable dags retrieved from /opt/airflow/dags/sodai/__init__.py
[2025-11-18T18:07:47.295+0000] {processor.py:183} INFO - Processing /opt/airflow/dags/sodai/__init__.py took 0.036 seconds
[2025-11-18T18:08:17.767+0000] {processor.py:161} INFO - Started process (PID=3000) to work on /opt/airflow/dags/sodai/__init__.py
[2025-11-18T18:08:17.768+0000] {processor.py:830} INFO - Processing file /opt/airflow/dags/sodai/__init__.py for tasks to queue
[2025-11-18T18:08:17.771+0000] {logging_mixin.py:188} INFO - [2025-11-18T18:08:17.771+0000] {dagbag.py:540} INFO - Filling up the DagBag from /opt/airflow/dags/sodai/__init__.py
[2025-11-18T18:08:17.787+0000] {processor.py:842} WARNING - No viable dags retrieved from /opt/airflow/dags/sodai/__init__.py
[2025-11-18T18:08:17.798+0000] {processor.py:183} INFO - Processing /opt/airflow/dags/sodai/__init__.py took 0.037 seconds
[2025-11-18T18:08:48.508+0000] {processor.py:161} INFO - Started process (PID=3010) to work on /opt/airflow/dags/sodai/__init__.py
[2025-11-18T18:08:48.509+0000] {processor.py:830} INFO - Processing file /opt/airflow/dags/sodai/__init__.py for tasks to queue
[2025-11-18T18:08:48.510+0000] {logging_mixin.py:188} INFO - [2025-11-18T18:08:48.510+0000] {dagbag.py:540} INFO - Filling up the DagBag from /opt/airflow/dags/sodai/__init__.py
[2025-11-18T18:08:48.525+0000] {processor.py:842} WARNING - No viable dags retrieved from /opt/airflow/dags/sodai/__init__.py
[2025-11-18T18:08:48.539+0000] {processor.py:183} INFO - Processing /opt/airflow/dags/sodai/__init__.py took 0.036 seconds
[2025-11-18T18:09:19.252+0000] {processor.py:161} INFO - Started process (PID=3020) to work on /opt/airflow/dags/sodai/__init__.py
[2025-11-18T18:09:19.253+0000] {processor.py:830} INFO - Processing file /opt/airflow/dags/sodai/__init__.py for tasks to queue
[2025-11-18T18:09:19.256+0000] {logging_mixin.py:188} INFO - [2025-11-18T18:09:19.255+0000] {dagbag.py:540} INFO - Filling up the DagBag from /opt/airflow/dags/sodai/__init__.py
[2025-11-18T18:09:19.272+0000] {processor.py:842} WARNING - No viable dags retrieved from /opt/airflow/dags/sodai/__init__.py
[2025-11-18T18:09:19.283+0000] {processor.py:183} INFO - Processing /opt/airflow/dags/sodai/__init__.py took 0.037 seconds
[2025-11-18T18:09:49.784+0000] {processor.py:161} INFO - Started process (PID=3030) to work on /opt/airflow/dags/sodai/__init__.py
[2025-11-18T18:09:49.787+0000] {processor.py:830} INFO - Processing file /opt/airflow/dags/sodai/__init__.py for tasks to queue
[2025-11-18T18:09:49.790+0000] {logging_mixin.py:188} INFO - [2025-11-18T18:09:49.790+0000] {dagbag.py:540} INFO - Filling up the DagBag from /opt/airflow/dags/sodai/__init__.py
[2025-11-18T18:09:49.806+0000] {processor.py:842} WARNING - No viable dags retrieved from /opt/airflow/dags/sodai/__init__.py
[2025-11-18T18:09:49.817+0000] {processor.py:183} INFO - Processing /opt/airflow/dags/sodai/__init__.py took 0.039 seconds
[2025-11-18T18:10:20.336+0000] {processor.py:161} INFO - Started process (PID=3040) to work on /opt/airflow/dags/sodai/__init__.py
[2025-11-18T18:10:20.337+0000] {processor.py:830} INFO - Processing file /opt/airflow/dags/sodai/__init__.py for tasks to queue
[2025-11-18T18:10:20.339+0000] {logging_mixin.py:188} INFO - [2025-11-18T18:10:20.338+0000] {dagbag.py:540} INFO - Filling up the DagBag from /opt/airflow/dags/sodai/__init__.py
[2025-11-18T18:10:20.351+0000] {processor.py:842} WARNING - No viable dags retrieved from /opt/airflow/dags/sodai/__init__.py
[2025-11-18T18:10:20.366+0000] {processor.py:183} INFO - Processing /opt/airflow/dags/sodai/__init__.py took 0.035 seconds
[2025-11-18T18:10:50.778+0000] {processor.py:161} INFO - Started process (PID=3050) to work on /opt/airflow/dags/sodai/__init__.py
[2025-11-18T18:10:50.779+0000] {processor.py:830} INFO - Processing file /opt/airflow/dags/sodai/__init__.py for tasks to queue
[2025-11-18T18:10:50.781+0000] {logging_mixin.py:188} INFO - [2025-11-18T18:10:50.780+0000] {dagbag.py:540} INFO - Filling up the DagBag from /opt/airflow/dags/sodai/__init__.py
[2025-11-18T18:10:50.802+0000] {processor.py:842} WARNING - No viable dags retrieved from /opt/airflow/dags/sodai/__init__.py
[2025-11-18T18:10:50.814+0000] {processor.py:183} INFO - Processing /opt/airflow/dags/sodai/__init__.py took 0.042 seconds
[2025-11-18T18:11:21.267+0000] {processor.py:161} INFO - Started process (PID=3060) to work on /opt/airflow/dags/sodai/__init__.py
[2025-11-18T18:11:21.268+0000] {processor.py:830} INFO - Processing file /opt/airflow/dags/sodai/__init__.py for tasks to queue
[2025-11-18T18:11:21.270+0000] {logging_mixin.py:188} INFO - [2025-11-18T18:11:21.270+0000] {dagbag.py:540} INFO - Filling up the DagBag from /opt/airflow/dags/sodai/__init__.py
[2025-11-18T18:11:21.287+0000] {processor.py:842} WARNING - No viable dags retrieved from /opt/airflow/dags/sodai/__init__.py
[2025-11-18T18:11:21.298+0000] {processor.py:183} INFO - Processing /opt/airflow/dags/sodai/__init__.py took 0.037 seconds
[2025-11-18T18:11:52.000+0000] {processor.py:161} INFO - Started process (PID=3070) to work on /opt/airflow/dags/sodai/__init__.py
[2025-11-18T18:11:52.001+0000] {processor.py:830} INFO - Processing file /opt/airflow/dags/sodai/__init__.py for tasks to queue
[2025-11-18T18:11:52.003+0000] {logging_mixin.py:188} INFO - [2025-11-18T18:11:52.003+0000] {dagbag.py:540} INFO - Filling up the DagBag from /opt/airflow/dags/sodai/__init__.py
[2025-11-18T18:11:52.019+0000] {processor.py:842} WARNING - No viable dags retrieved from /opt/airflow/dags/sodai/__init__.py
[2025-11-18T18:11:52.034+0000] {processor.py:183} INFO - Processing /opt/airflow/dags/sodai/__init__.py took 0.040 seconds
[2025-11-18T18:12:22.617+0000] {processor.py:161} INFO - Started process (PID=3080) to work on /opt/airflow/dags/sodai/__init__.py
[2025-11-18T18:12:22.618+0000] {processor.py:830} INFO - Processing file /opt/airflow/dags/sodai/__init__.py for tasks to queue
[2025-11-18T18:12:22.619+0000] {logging_mixin.py:188} INFO - [2025-11-18T18:12:22.619+0000] {dagbag.py:540} INFO - Filling up the DagBag from /opt/airflow/dags/sodai/__init__.py
[2025-11-18T18:12:22.631+0000] {processor.py:842} WARNING - No viable dags retrieved from /opt/airflow/dags/sodai/__init__.py
[2025-11-18T18:12:22.643+0000] {processor.py:183} INFO - Processing /opt/airflow/dags/sodai/__init__.py took 0.031 seconds
[2025-11-18T18:12:53.261+0000] {processor.py:161} INFO - Started process (PID=3090) to work on /opt/airflow/dags/sodai/__init__.py
[2025-11-18T18:12:53.262+0000] {processor.py:830} INFO - Processing file /opt/airflow/dags/sodai/__init__.py for tasks to queue
[2025-11-18T18:12:53.263+0000] {logging_mixin.py:188} INFO - [2025-11-18T18:12:53.263+0000] {dagbag.py:540} INFO - Filling up the DagBag from /opt/airflow/dags/sodai/__init__.py
[2025-11-18T18:12:53.272+0000] {processor.py:842} WARNING - No viable dags retrieved from /opt/airflow/dags/sodai/__init__.py
[2025-11-18T18:12:53.282+0000] {processor.py:183} INFO - Processing /opt/airflow/dags/sodai/__init__.py took 0.026 seconds
[2025-11-18T18:13:23.847+0000] {processor.py:161} INFO - Started process (PID=3100) to work on /opt/airflow/dags/sodai/__init__.py
[2025-11-18T18:13:23.847+0000] {processor.py:830} INFO - Processing file /opt/airflow/dags/sodai/__init__.py for tasks to queue
[2025-11-18T18:13:23.850+0000] {logging_mixin.py:188} INFO - [2025-11-18T18:13:23.849+0000] {dagbag.py:540} INFO - Filling up the DagBag from /opt/airflow/dags/sodai/__init__.py
[2025-11-18T18:13:23.863+0000] {processor.py:842} WARNING - No viable dags retrieved from /opt/airflow/dags/sodai/__init__.py
[2025-11-18T18:13:23.873+0000] {processor.py:183} INFO - Processing /opt/airflow/dags/sodai/__init__.py took 0.031 seconds
[2025-11-18T18:13:54.481+0000] {processor.py:161} INFO - Started process (PID=3110) to work on /opt/airflow/dags/sodai/__init__.py
[2025-11-18T18:13:54.482+0000] {processor.py:830} INFO - Processing file /opt/airflow/dags/sodai/__init__.py for tasks to queue
[2025-11-18T18:13:54.483+0000] {logging_mixin.py:188} INFO - [2025-11-18T18:13:54.483+0000] {dagbag.py:540} INFO - Filling up the DagBag from /opt/airflow/dags/sodai/__init__.py
[2025-11-18T18:13:54.492+0000] {processor.py:842} WARNING - No viable dags retrieved from /opt/airflow/dags/sodai/__init__.py
[2025-11-18T18:13:54.503+0000] {processor.py:183} INFO - Processing /opt/airflow/dags/sodai/__init__.py took 0.027 seconds
[2025-11-18T18:14:25.071+0000] {processor.py:161} INFO - Started process (PID=3120) to work on /opt/airflow/dags/sodai/__init__.py
[2025-11-18T18:14:25.072+0000] {processor.py:830} INFO - Processing file /opt/airflow/dags/sodai/__init__.py for tasks to queue
[2025-11-18T18:14:25.074+0000] {logging_mixin.py:188} INFO - [2025-11-18T18:14:25.074+0000] {dagbag.py:540} INFO - Filling up the DagBag from /opt/airflow/dags/sodai/__init__.py
[2025-11-18T18:14:25.083+0000] {processor.py:842} WARNING - No viable dags retrieved from /opt/airflow/dags/sodai/__init__.py
[2025-11-18T18:14:25.094+0000] {processor.py:183} INFO - Processing /opt/airflow/dags/sodai/__init__.py took 0.027 seconds
[2025-11-18T18:14:55.527+0000] {processor.py:161} INFO - Started process (PID=3130) to work on /opt/airflow/dags/sodai/__init__.py
[2025-11-18T18:14:55.528+0000] {processor.py:830} INFO - Processing file /opt/airflow/dags/sodai/__init__.py for tasks to queue
[2025-11-18T18:14:55.529+0000] {logging_mixin.py:188} INFO - [2025-11-18T18:14:55.529+0000] {dagbag.py:540} INFO - Filling up the DagBag from /opt/airflow/dags/sodai/__init__.py
[2025-11-18T18:14:55.538+0000] {processor.py:842} WARNING - No viable dags retrieved from /opt/airflow/dags/sodai/__init__.py
[2025-11-18T18:14:55.546+0000] {processor.py:183} INFO - Processing /opt/airflow/dags/sodai/__init__.py took 0.024 seconds
[2025-11-18T18:15:26.277+0000] {processor.py:161} INFO - Started process (PID=3140) to work on /opt/airflow/dags/sodai/__init__.py
[2025-11-18T18:15:26.278+0000] {processor.py:830} INFO - Processing file /opt/airflow/dags/sodai/__init__.py for tasks to queue
[2025-11-18T18:15:26.280+0000] {logging_mixin.py:188} INFO - [2025-11-18T18:15:26.280+0000] {dagbag.py:540} INFO - Filling up the DagBag from /opt/airflow/dags/sodai/__init__.py
[2025-11-18T18:15:26.289+0000] {processor.py:842} WARNING - No viable dags retrieved from /opt/airflow/dags/sodai/__init__.py
[2025-11-18T18:15:26.300+0000] {processor.py:183} INFO - Processing /opt/airflow/dags/sodai/__init__.py took 0.026 seconds
[2025-11-18T18:15:56.883+0000] {processor.py:161} INFO - Started process (PID=3150) to work on /opt/airflow/dags/sodai/__init__.py
[2025-11-18T18:15:56.888+0000] {processor.py:830} INFO - Processing file /opt/airflow/dags/sodai/__init__.py for tasks to queue
[2025-11-18T18:15:56.889+0000] {logging_mixin.py:188} INFO - [2025-11-18T18:15:56.889+0000] {dagbag.py:540} INFO - Filling up the DagBag from /opt/airflow/dags/sodai/__init__.py
[2025-11-18T18:15:56.914+0000] {processor.py:842} WARNING - No viable dags retrieved from /opt/airflow/dags/sodai/__init__.py
[2025-11-18T18:15:56.924+0000] {processor.py:183} INFO - Processing /opt/airflow/dags/sodai/__init__.py took 0.045 seconds
[2025-11-18T18:16:27.389+0000] {processor.py:161} INFO - Started process (PID=3160) to work on /opt/airflow/dags/sodai/__init__.py
[2025-11-18T18:16:27.390+0000] {processor.py:830} INFO - Processing file /opt/airflow/dags/sodai/__init__.py for tasks to queue
[2025-11-18T18:16:27.391+0000] {logging_mixin.py:188} INFO - [2025-11-18T18:16:27.391+0000] {dagbag.py:540} INFO - Filling up the DagBag from /opt/airflow/dags/sodai/__init__.py
[2025-11-18T18:16:27.407+0000] {processor.py:842} WARNING - No viable dags retrieved from /opt/airflow/dags/sodai/__init__.py
[2025-11-18T18:16:27.418+0000] {processor.py:183} INFO - Processing /opt/airflow/dags/sodai/__init__.py took 0.034 seconds
[2025-11-18T18:16:57.940+0000] {processor.py:161} INFO - Started process (PID=3170) to work on /opt/airflow/dags/sodai/__init__.py
[2025-11-18T18:16:57.941+0000] {processor.py:830} INFO - Processing file /opt/airflow/dags/sodai/__init__.py for tasks to queue
[2025-11-18T18:16:57.943+0000] {logging_mixin.py:188} INFO - [2025-11-18T18:16:57.943+0000] {dagbag.py:540} INFO - Filling up the DagBag from /opt/airflow/dags/sodai/__init__.py
[2025-11-18T18:16:57.955+0000] {processor.py:842} WARNING - No viable dags retrieved from /opt/airflow/dags/sodai/__init__.py
[2025-11-18T18:16:57.968+0000] {processor.py:183} INFO - Processing /opt/airflow/dags/sodai/__init__.py took 0.032 seconds
[2025-11-18T18:17:28.505+0000] {processor.py:161} INFO - Started process (PID=3180) to work on /opt/airflow/dags/sodai/__init__.py
[2025-11-18T18:17:28.506+0000] {processor.py:830} INFO - Processing file /opt/airflow/dags/sodai/__init__.py for tasks to queue
[2025-11-18T18:17:28.507+0000] {logging_mixin.py:188} INFO - [2025-11-18T18:17:28.507+0000] {dagbag.py:540} INFO - Filling up the DagBag from /opt/airflow/dags/sodai/__init__.py
[2025-11-18T18:17:28.526+0000] {processor.py:842} WARNING - No viable dags retrieved from /opt/airflow/dags/sodai/__init__.py
[2025-11-18T18:17:28.536+0000] {processor.py:183} INFO - Processing /opt/airflow/dags/sodai/__init__.py took 0.035 seconds
[2025-11-18T18:17:58.953+0000] {processor.py:161} INFO - Started process (PID=3190) to work on /opt/airflow/dags/sodai/__init__.py
[2025-11-18T18:17:58.954+0000] {processor.py:830} INFO - Processing file /opt/airflow/dags/sodai/__init__.py for tasks to queue
[2025-11-18T18:17:58.955+0000] {logging_mixin.py:188} INFO - [2025-11-18T18:17:58.955+0000] {dagbag.py:540} INFO - Filling up the DagBag from /opt/airflow/dags/sodai/__init__.py
[2025-11-18T18:17:58.967+0000] {processor.py:842} WARNING - No viable dags retrieved from /opt/airflow/dags/sodai/__init__.py
[2025-11-18T18:17:58.978+0000] {processor.py:183} INFO - Processing /opt/airflow/dags/sodai/__init__.py took 0.029 seconds
[2025-11-18T18:18:29.678+0000] {processor.py:161} INFO - Started process (PID=3200) to work on /opt/airflow/dags/sodai/__init__.py
[2025-11-18T18:18:29.681+0000] {processor.py:830} INFO - Processing file /opt/airflow/dags/sodai/__init__.py for tasks to queue
[2025-11-18T18:18:29.685+0000] {logging_mixin.py:188} INFO - [2025-11-18T18:18:29.685+0000] {dagbag.py:540} INFO - Filling up the DagBag from /opt/airflow/dags/sodai/__init__.py
[2025-11-18T18:18:29.695+0000] {processor.py:842} WARNING - No viable dags retrieved from /opt/airflow/dags/sodai/__init__.py
[2025-11-18T18:18:29.708+0000] {processor.py:183} INFO - Processing /opt/airflow/dags/sodai/__init__.py took 0.035 seconds
[2025-11-18T18:19:00.437+0000] {processor.py:161} INFO - Started process (PID=3210) to work on /opt/airflow/dags/sodai/__init__.py
[2025-11-18T18:19:00.438+0000] {processor.py:830} INFO - Processing file /opt/airflow/dags/sodai/__init__.py for tasks to queue
[2025-11-18T18:19:00.439+0000] {logging_mixin.py:188} INFO - [2025-11-18T18:19:00.439+0000] {dagbag.py:540} INFO - Filling up the DagBag from /opt/airflow/dags/sodai/__init__.py
[2025-11-18T18:19:00.454+0000] {processor.py:842} WARNING - No viable dags retrieved from /opt/airflow/dags/sodai/__init__.py
[2025-11-18T18:19:00.465+0000] {processor.py:183} INFO - Processing /opt/airflow/dags/sodai/__init__.py took 0.032 seconds
[2025-11-18T18:19:31.047+0000] {processor.py:161} INFO - Started process (PID=3220) to work on /opt/airflow/dags/sodai/__init__.py
[2025-11-18T18:19:31.048+0000] {processor.py:830} INFO - Processing file /opt/airflow/dags/sodai/__init__.py for tasks to queue
[2025-11-18T18:19:31.052+0000] {logging_mixin.py:188} INFO - [2025-11-18T18:19:31.051+0000] {dagbag.py:540} INFO - Filling up the DagBag from /opt/airflow/dags/sodai/__init__.py
[2025-11-18T18:19:31.067+0000] {processor.py:842} WARNING - No viable dags retrieved from /opt/airflow/dags/sodai/__init__.py
[2025-11-18T18:19:31.078+0000] {processor.py:183} INFO - Processing /opt/airflow/dags/sodai/__init__.py took 0.036 seconds
[2025-11-18T18:20:01.753+0000] {processor.py:161} INFO - Started process (PID=3230) to work on /opt/airflow/dags/sodai/__init__.py
[2025-11-18T18:20:01.754+0000] {processor.py:830} INFO - Processing file /opt/airflow/dags/sodai/__init__.py for tasks to queue
[2025-11-18T18:20:01.755+0000] {logging_mixin.py:188} INFO - [2025-11-18T18:20:01.755+0000] {dagbag.py:540} INFO - Filling up the DagBag from /opt/airflow/dags/sodai/__init__.py
[2025-11-18T18:20:01.767+0000] {processor.py:842} WARNING - No viable dags retrieved from /opt/airflow/dags/sodai/__init__.py
[2025-11-18T18:20:01.778+0000] {processor.py:183} INFO - Processing /opt/airflow/dags/sodai/__init__.py took 0.030 seconds
[2025-11-18T18:20:32.391+0000] {processor.py:161} INFO - Started process (PID=3240) to work on /opt/airflow/dags/sodai/__init__.py
[2025-11-18T18:20:32.392+0000] {processor.py:830} INFO - Processing file /opt/airflow/dags/sodai/__init__.py for tasks to queue
[2025-11-18T18:20:32.394+0000] {logging_mixin.py:188} INFO - [2025-11-18T18:20:32.393+0000] {dagbag.py:540} INFO - Filling up the DagBag from /opt/airflow/dags/sodai/__init__.py
[2025-11-18T18:20:32.403+0000] {processor.py:842} WARNING - No viable dags retrieved from /opt/airflow/dags/sodai/__init__.py
[2025-11-18T18:20:32.414+0000] {processor.py:183} INFO - Processing /opt/airflow/dags/sodai/__init__.py took 0.028 seconds
[2025-11-18T18:21:02.919+0000] {processor.py:161} INFO - Started process (PID=3250) to work on /opt/airflow/dags/sodai/__init__.py
[2025-11-18T18:21:02.920+0000] {processor.py:830} INFO - Processing file /opt/airflow/dags/sodai/__init__.py for tasks to queue
[2025-11-18T18:21:02.921+0000] {logging_mixin.py:188} INFO - [2025-11-18T18:21:02.921+0000] {dagbag.py:540} INFO - Filling up the DagBag from /opt/airflow/dags/sodai/__init__.py
[2025-11-18T18:21:02.938+0000] {processor.py:842} WARNING - No viable dags retrieved from /opt/airflow/dags/sodai/__init__.py
[2025-11-18T18:21:02.947+0000] {processor.py:183} INFO - Processing /opt/airflow/dags/sodai/__init__.py took 0.033 seconds
[2025-11-18T18:21:33.452+0000] {processor.py:161} INFO - Started process (PID=3260) to work on /opt/airflow/dags/sodai/__init__.py
[2025-11-18T18:21:33.453+0000] {processor.py:830} INFO - Processing file /opt/airflow/dags/sodai/__init__.py for tasks to queue
[2025-11-18T18:21:33.455+0000] {logging_mixin.py:188} INFO - [2025-11-18T18:21:33.454+0000] {dagbag.py:540} INFO - Filling up the DagBag from /opt/airflow/dags/sodai/__init__.py
[2025-11-18T18:21:33.464+0000] {processor.py:842} WARNING - No viable dags retrieved from /opt/airflow/dags/sodai/__init__.py
[2025-11-18T18:21:33.473+0000] {processor.py:183} INFO - Processing /opt/airflow/dags/sodai/__init__.py took 0.025 seconds
[2025-11-18T18:22:04.075+0000] {processor.py:161} INFO - Started process (PID=3270) to work on /opt/airflow/dags/sodai/__init__.py
[2025-11-18T18:22:04.076+0000] {processor.py:830} INFO - Processing file /opt/airflow/dags/sodai/__init__.py for tasks to queue
[2025-11-18T18:22:04.078+0000] {logging_mixin.py:188} INFO - [2025-11-18T18:22:04.078+0000] {dagbag.py:540} INFO - Filling up the DagBag from /opt/airflow/dags/sodai/__init__.py
[2025-11-18T18:22:04.121+0000] {processor.py:842} WARNING - No viable dags retrieved from /opt/airflow/dags/sodai/__init__.py
[2025-11-18T18:22:04.133+0000] {processor.py:183} INFO - Processing /opt/airflow/dags/sodai/__init__.py took 0.063 seconds
[2025-11-18T18:22:34.856+0000] {processor.py:161} INFO - Started process (PID=3280) to work on /opt/airflow/dags/sodai/__init__.py
[2025-11-18T18:22:34.859+0000] {processor.py:830} INFO - Processing file /opt/airflow/dags/sodai/__init__.py for tasks to queue
[2025-11-18T18:22:34.862+0000] {logging_mixin.py:188} INFO - [2025-11-18T18:22:34.862+0000] {dagbag.py:540} INFO - Filling up the DagBag from /opt/airflow/dags/sodai/__init__.py
[2025-11-18T18:22:34.940+0000] {processor.py:842} WARNING - No viable dags retrieved from /opt/airflow/dags/sodai/__init__.py
[2025-11-18T18:22:34.951+0000] {processor.py:183} INFO - Processing /opt/airflow/dags/sodai/__init__.py took 0.099 seconds
[2025-11-18T18:23:05.224+0000] {processor.py:161} INFO - Started process (PID=3290) to work on /opt/airflow/dags/sodai/__init__.py
[2025-11-18T18:23:05.226+0000] {processor.py:830} INFO - Processing file /opt/airflow/dags/sodai/__init__.py for tasks to queue
[2025-11-18T18:23:05.227+0000] {logging_mixin.py:188} INFO - [2025-11-18T18:23:05.227+0000] {dagbag.py:540} INFO - Filling up the DagBag from /opt/airflow/dags/sodai/__init__.py
[2025-11-18T18:23:05.236+0000] {processor.py:842} WARNING - No viable dags retrieved from /opt/airflow/dags/sodai/__init__.py
[2025-11-18T18:23:05.247+0000] {processor.py:183} INFO - Processing /opt/airflow/dags/sodai/__init__.py took 0.027 seconds
[2025-11-18T18:23:36.027+0000] {processor.py:161} INFO - Started process (PID=3300) to work on /opt/airflow/dags/sodai/__init__.py
[2025-11-18T18:23:36.028+0000] {processor.py:830} INFO - Processing file /opt/airflow/dags/sodai/__init__.py for tasks to queue
[2025-11-18T18:23:36.030+0000] {logging_mixin.py:188} INFO - [2025-11-18T18:23:36.030+0000] {dagbag.py:540} INFO - Filling up the DagBag from /opt/airflow/dags/sodai/__init__.py
[2025-11-18T18:23:36.092+0000] {processor.py:842} WARNING - No viable dags retrieved from /opt/airflow/dags/sodai/__init__.py
[2025-11-18T18:23:36.104+0000] {processor.py:183} INFO - Processing /opt/airflow/dags/sodai/__init__.py took 0.082 seconds
[2025-11-18T18:24:06.635+0000] {processor.py:161} INFO - Started process (PID=3310) to work on /opt/airflow/dags/sodai/__init__.py
[2025-11-18T18:24:06.636+0000] {processor.py:830} INFO - Processing file /opt/airflow/dags/sodai/__init__.py for tasks to queue
[2025-11-18T18:24:06.637+0000] {logging_mixin.py:188} INFO - [2025-11-18T18:24:06.637+0000] {dagbag.py:540} INFO - Filling up the DagBag from /opt/airflow/dags/sodai/__init__.py
[2025-11-18T18:24:06.670+0000] {processor.py:842} WARNING - No viable dags retrieved from /opt/airflow/dags/sodai/__init__.py
[2025-11-18T18:24:06.681+0000] {processor.py:183} INFO - Processing /opt/airflow/dags/sodai/__init__.py took 0.051 seconds
[2025-11-18T18:24:37.453+0000] {processor.py:161} INFO - Started process (PID=3320) to work on /opt/airflow/dags/sodai/__init__.py
[2025-11-18T18:24:37.454+0000] {processor.py:830} INFO - Processing file /opt/airflow/dags/sodai/__init__.py for tasks to queue
[2025-11-18T18:24:37.456+0000] {logging_mixin.py:188} INFO - [2025-11-18T18:24:37.455+0000] {dagbag.py:540} INFO - Filling up the DagBag from /opt/airflow/dags/sodai/__init__.py
[2025-11-18T18:24:37.473+0000] {processor.py:842} WARNING - No viable dags retrieved from /opt/airflow/dags/sodai/__init__.py
[2025-11-18T18:24:37.482+0000] {processor.py:183} INFO - Processing /opt/airflow/dags/sodai/__init__.py took 0.033 seconds
[2025-11-18T18:25:08.253+0000] {processor.py:161} INFO - Started process (PID=3330) to work on /opt/airflow/dags/sodai/__init__.py
[2025-11-18T18:25:08.254+0000] {processor.py:830} INFO - Processing file /opt/airflow/dags/sodai/__init__.py for tasks to queue
[2025-11-18T18:25:08.256+0000] {logging_mixin.py:188} INFO - [2025-11-18T18:25:08.256+0000] {dagbag.py:540} INFO - Filling up the DagBag from /opt/airflow/dags/sodai/__init__.py
[2025-11-18T18:25:08.274+0000] {processor.py:842} WARNING - No viable dags retrieved from /opt/airflow/dags/sodai/__init__.py
[2025-11-18T18:25:08.284+0000] {processor.py:183} INFO - Processing /opt/airflow/dags/sodai/__init__.py took 0.035 seconds
[2025-11-18T18:25:39.086+0000] {processor.py:161} INFO - Started process (PID=3340) to work on /opt/airflow/dags/sodai/__init__.py
[2025-11-18T18:25:39.089+0000] {processor.py:830} INFO - Processing file /opt/airflow/dags/sodai/__init__.py for tasks to queue
[2025-11-18T18:25:39.090+0000] {logging_mixin.py:188} INFO - [2025-11-18T18:25:39.090+0000] {dagbag.py:540} INFO - Filling up the DagBag from /opt/airflow/dags/sodai/__init__.py
[2025-11-18T18:25:39.099+0000] {processor.py:842} WARNING - No viable dags retrieved from /opt/airflow/dags/sodai/__init__.py
[2025-11-18T18:25:39.109+0000] {processor.py:183} INFO - Processing /opt/airflow/dags/sodai/__init__.py took 0.028 seconds
[2025-11-18T18:26:09.723+0000] {processor.py:161} INFO - Started process (PID=3350) to work on /opt/airflow/dags/sodai/__init__.py
[2025-11-18T18:26:09.726+0000] {processor.py:830} INFO - Processing file /opt/airflow/dags/sodai/__init__.py for tasks to queue
[2025-11-18T18:26:09.728+0000] {logging_mixin.py:188} INFO - [2025-11-18T18:26:09.727+0000] {dagbag.py:540} INFO - Filling up the DagBag from /opt/airflow/dags/sodai/__init__.py
[2025-11-18T18:26:09.736+0000] {processor.py:842} WARNING - No viable dags retrieved from /opt/airflow/dags/sodai/__init__.py
[2025-11-18T18:26:09.747+0000] {processor.py:183} INFO - Processing /opt/airflow/dags/sodai/__init__.py took 0.029 seconds
[2025-11-18T18:26:40.380+0000] {processor.py:161} INFO - Started process (PID=3360) to work on /opt/airflow/dags/sodai/__init__.py
[2025-11-18T18:26:40.381+0000] {processor.py:830} INFO - Processing file /opt/airflow/dags/sodai/__init__.py for tasks to queue
[2025-11-18T18:26:40.382+0000] {logging_mixin.py:188} INFO - [2025-11-18T18:26:40.382+0000] {dagbag.py:540} INFO - Filling up the DagBag from /opt/airflow/dags/sodai/__init__.py
[2025-11-18T18:26:40.390+0000] {processor.py:842} WARNING - No viable dags retrieved from /opt/airflow/dags/sodai/__init__.py
[2025-11-18T18:26:40.401+0000] {processor.py:183} INFO - Processing /opt/airflow/dags/sodai/__init__.py took 0.026 seconds
[2025-11-18T18:27:11.245+0000] {processor.py:161} INFO - Started process (PID=3370) to work on /opt/airflow/dags/sodai/__init__.py
[2025-11-18T18:27:11.246+0000] {processor.py:830} INFO - Processing file /opt/airflow/dags/sodai/__init__.py for tasks to queue
[2025-11-18T18:27:11.247+0000] {logging_mixin.py:188} INFO - [2025-11-18T18:27:11.247+0000] {dagbag.py:540} INFO - Filling up the DagBag from /opt/airflow/dags/sodai/__init__.py
[2025-11-18T18:27:11.256+0000] {processor.py:842} WARNING - No viable dags retrieved from /opt/airflow/dags/sodai/__init__.py
[2025-11-18T18:27:11.265+0000] {processor.py:183} INFO - Processing /opt/airflow/dags/sodai/__init__.py took 0.025 seconds
[2025-11-18T18:27:42.042+0000] {processor.py:161} INFO - Started process (PID=3380) to work on /opt/airflow/dags/sodai/__init__.py
[2025-11-18T18:27:42.043+0000] {processor.py:830} INFO - Processing file /opt/airflow/dags/sodai/__init__.py for tasks to queue
[2025-11-18T18:27:42.045+0000] {logging_mixin.py:188} INFO - [2025-11-18T18:27:42.045+0000] {dagbag.py:540} INFO - Filling up the DagBag from /opt/airflow/dags/sodai/__init__.py
[2025-11-18T18:27:42.053+0000] {processor.py:842} WARNING - No viable dags retrieved from /opt/airflow/dags/sodai/__init__.py
[2025-11-18T18:27:42.063+0000] {processor.py:183} INFO - Processing /opt/airflow/dags/sodai/__init__.py took 0.027 seconds
[2025-11-18T18:28:12.795+0000] {processor.py:161} INFO - Started process (PID=3390) to work on /opt/airflow/dags/sodai/__init__.py
[2025-11-18T18:28:12.796+0000] {processor.py:830} INFO - Processing file /opt/airflow/dags/sodai/__init__.py for tasks to queue
[2025-11-18T18:28:12.799+0000] {logging_mixin.py:188} INFO - [2025-11-18T18:28:12.799+0000] {dagbag.py:540} INFO - Filling up the DagBag from /opt/airflow/dags/sodai/__init__.py
[2025-11-18T18:28:12.810+0000] {processor.py:842} WARNING - No viable dags retrieved from /opt/airflow/dags/sodai/__init__.py
[2025-11-18T18:28:12.822+0000] {processor.py:183} INFO - Processing /opt/airflow/dags/sodai/__init__.py took 0.031 seconds
[2025-11-18T18:28:43.559+0000] {processor.py:161} INFO - Started process (PID=3400) to work on /opt/airflow/dags/sodai/__init__.py
[2025-11-18T18:28:43.559+0000] {processor.py:830} INFO - Processing file /opt/airflow/dags/sodai/__init__.py for tasks to queue
[2025-11-18T18:28:43.561+0000] {logging_mixin.py:188} INFO - [2025-11-18T18:28:43.560+0000] {dagbag.py:540} INFO - Filling up the DagBag from /opt/airflow/dags/sodai/__init__.py
[2025-11-18T18:28:43.570+0000] {processor.py:842} WARNING - No viable dags retrieved from /opt/airflow/dags/sodai/__init__.py
[2025-11-18T18:28:43.579+0000] {processor.py:183} INFO - Processing /opt/airflow/dags/sodai/__init__.py took 0.024 seconds
[2025-11-18T18:29:14.318+0000] {processor.py:161} INFO - Started process (PID=3410) to work on /opt/airflow/dags/sodai/__init__.py
[2025-11-18T18:29:14.319+0000] {processor.py:830} INFO - Processing file /opt/airflow/dags/sodai/__init__.py for tasks to queue
[2025-11-18T18:29:14.323+0000] {logging_mixin.py:188} INFO - [2025-11-18T18:29:14.323+0000] {dagbag.py:540} INFO - Filling up the DagBag from /opt/airflow/dags/sodai/__init__.py
[2025-11-18T18:29:14.333+0000] {processor.py:842} WARNING - No viable dags retrieved from /opt/airflow/dags/sodai/__init__.py
[2025-11-18T18:29:14.351+0000] {processor.py:183} INFO - Processing /opt/airflow/dags/sodai/__init__.py took 0.039 seconds
[2025-11-18T18:29:44.826+0000] {processor.py:161} INFO - Started process (PID=3420) to work on /opt/airflow/dags/sodai/__init__.py
[2025-11-18T18:29:44.830+0000] {processor.py:830} INFO - Processing file /opt/airflow/dags/sodai/__init__.py for tasks to queue
[2025-11-18T18:29:44.833+0000] {logging_mixin.py:188} INFO - [2025-11-18T18:29:44.832+0000] {dagbag.py:540} INFO - Filling up the DagBag from /opt/airflow/dags/sodai/__init__.py
[2025-11-18T18:29:44.849+0000] {processor.py:842} WARNING - No viable dags retrieved from /opt/airflow/dags/sodai/__init__.py
[2025-11-18T18:29:44.868+0000] {processor.py:183} INFO - Processing /opt/airflow/dags/sodai/__init__.py took 0.049 seconds
[2025-11-18T18:30:15.623+0000] {processor.py:161} INFO - Started process (PID=3430) to work on /opt/airflow/dags/sodai/__init__.py
[2025-11-18T18:30:15.628+0000] {processor.py:830} INFO - Processing file /opt/airflow/dags/sodai/__init__.py for tasks to queue
[2025-11-18T18:30:15.631+0000] {logging_mixin.py:188} INFO - [2025-11-18T18:30:15.631+0000] {dagbag.py:540} INFO - Filling up the DagBag from /opt/airflow/dags/sodai/__init__.py
[2025-11-18T18:30:15.659+0000] {processor.py:842} WARNING - No viable dags retrieved from /opt/airflow/dags/sodai/__init__.py
[2025-11-18T18:30:15.673+0000] {processor.py:183} INFO - Processing /opt/airflow/dags/sodai/__init__.py took 0.058 seconds
[2025-11-18T18:30:46.232+0000] {processor.py:161} INFO - Started process (PID=3440) to work on /opt/airflow/dags/sodai/__init__.py
[2025-11-18T18:30:46.233+0000] {processor.py:830} INFO - Processing file /opt/airflow/dags/sodai/__init__.py for tasks to queue
[2025-11-18T18:30:46.234+0000] {logging_mixin.py:188} INFO - [2025-11-18T18:30:46.234+0000] {dagbag.py:540} INFO - Filling up the DagBag from /opt/airflow/dags/sodai/__init__.py
[2025-11-18T18:30:46.243+0000] {processor.py:842} WARNING - No viable dags retrieved from /opt/airflow/dags/sodai/__init__.py
[2025-11-18T18:30:46.253+0000] {processor.py:183} INFO - Processing /opt/airflow/dags/sodai/__init__.py took 0.026 seconds
[2025-11-18T18:31:16.878+0000] {processor.py:161} INFO - Started process (PID=3450) to work on /opt/airflow/dags/sodai/__init__.py
[2025-11-18T18:31:16.879+0000] {processor.py:830} INFO - Processing file /opt/airflow/dags/sodai/__init__.py for tasks to queue
[2025-11-18T18:31:16.881+0000] {logging_mixin.py:188} INFO - [2025-11-18T18:31:16.880+0000] {dagbag.py:540} INFO - Filling up the DagBag from /opt/airflow/dags/sodai/__init__.py
[2025-11-18T18:31:16.897+0000] {processor.py:842} WARNING - No viable dags retrieved from /opt/airflow/dags/sodai/__init__.py
[2025-11-18T18:31:16.910+0000] {processor.py:183} INFO - Processing /opt/airflow/dags/sodai/__init__.py took 0.036 seconds
[2025-11-18T18:31:47.470+0000] {processor.py:161} INFO - Started process (PID=3460) to work on /opt/airflow/dags/sodai/__init__.py
[2025-11-18T18:31:47.471+0000] {processor.py:830} INFO - Processing file /opt/airflow/dags/sodai/__init__.py for tasks to queue
[2025-11-18T18:31:47.473+0000] {logging_mixin.py:188} INFO - [2025-11-18T18:31:47.472+0000] {dagbag.py:540} INFO - Filling up the DagBag from /opt/airflow/dags/sodai/__init__.py
[2025-11-18T18:31:47.482+0000] {processor.py:842} WARNING - No viable dags retrieved from /opt/airflow/dags/sodai/__init__.py
[2025-11-18T18:31:47.494+0000] {processor.py:183} INFO - Processing /opt/airflow/dags/sodai/__init__.py took 0.028 seconds
[2025-11-18T18:32:18.178+0000] {processor.py:161} INFO - Started process (PID=3470) to work on /opt/airflow/dags/sodai/__init__.py
[2025-11-18T18:32:18.179+0000] {processor.py:830} INFO - Processing file /opt/airflow/dags/sodai/__init__.py for tasks to queue
[2025-11-18T18:32:18.181+0000] {logging_mixin.py:188} INFO - [2025-11-18T18:32:18.180+0000] {dagbag.py:540} INFO - Filling up the DagBag from /opt/airflow/dags/sodai/__init__.py
[2025-11-18T18:32:18.194+0000] {processor.py:842} WARNING - No viable dags retrieved from /opt/airflow/dags/sodai/__init__.py
[2025-11-18T18:32:18.204+0000] {processor.py:183} INFO - Processing /opt/airflow/dags/sodai/__init__.py took 0.030 seconds
[2025-11-18T18:32:48.661+0000] {processor.py:161} INFO - Started process (PID=3480) to work on /opt/airflow/dags/sodai/__init__.py
[2025-11-18T18:32:48.662+0000] {processor.py:830} INFO - Processing file /opt/airflow/dags/sodai/__init__.py for tasks to queue
[2025-11-18T18:32:48.663+0000] {logging_mixin.py:188} INFO - [2025-11-18T18:32:48.663+0000] {dagbag.py:540} INFO - Filling up the DagBag from /opt/airflow/dags/sodai/__init__.py
[2025-11-18T18:32:48.706+0000] {processor.py:842} WARNING - No viable dags retrieved from /opt/airflow/dags/sodai/__init__.py
[2025-11-18T18:32:48.718+0000] {processor.py:183} INFO - Processing /opt/airflow/dags/sodai/__init__.py took 0.062 seconds
[2025-11-18T18:33:19.386+0000] {processor.py:161} INFO - Started process (PID=3490) to work on /opt/airflow/dags/sodai/__init__.py
[2025-11-18T18:33:19.386+0000] {processor.py:830} INFO - Processing file /opt/airflow/dags/sodai/__init__.py for tasks to queue
[2025-11-18T18:33:19.388+0000] {logging_mixin.py:188} INFO - [2025-11-18T18:33:19.387+0000] {dagbag.py:540} INFO - Filling up the DagBag from /opt/airflow/dags/sodai/__init__.py
[2025-11-18T18:33:19.404+0000] {processor.py:842} WARNING - No viable dags retrieved from /opt/airflow/dags/sodai/__init__.py
[2025-11-18T18:33:19.415+0000] {processor.py:183} INFO - Processing /opt/airflow/dags/sodai/__init__.py took 0.033 seconds
[2025-11-18T18:33:50.199+0000] {processor.py:161} INFO - Started process (PID=3500) to work on /opt/airflow/dags/sodai/__init__.py
[2025-11-18T18:33:50.202+0000] {processor.py:830} INFO - Processing file /opt/airflow/dags/sodai/__init__.py for tasks to queue
[2025-11-18T18:33:50.203+0000] {logging_mixin.py:188} INFO - [2025-11-18T18:33:50.203+0000] {dagbag.py:540} INFO - Filling up the DagBag from /opt/airflow/dags/sodai/__init__.py
[2025-11-18T18:33:50.234+0000] {processor.py:842} WARNING - No viable dags retrieved from /opt/airflow/dags/sodai/__init__.py
[2025-11-18T18:33:50.245+0000] {processor.py:183} INFO - Processing /opt/airflow/dags/sodai/__init__.py took 0.051 seconds
[2025-11-18T18:34:21.018+0000] {processor.py:161} INFO - Started process (PID=3510) to work on /opt/airflow/dags/sodai/__init__.py
[2025-11-18T18:34:21.021+0000] {processor.py:830} INFO - Processing file /opt/airflow/dags/sodai/__init__.py for tasks to queue
[2025-11-18T18:34:21.024+0000] {logging_mixin.py:188} INFO - [2025-11-18T18:34:21.023+0000] {dagbag.py:540} INFO - Filling up the DagBag from /opt/airflow/dags/sodai/__init__.py
[2025-11-18T18:34:21.087+0000] {processor.py:842} WARNING - No viable dags retrieved from /opt/airflow/dags/sodai/__init__.py
[2025-11-18T18:34:21.097+0000] {processor.py:183} INFO - Processing /opt/airflow/dags/sodai/__init__.py took 0.084 seconds
[2025-11-18T18:34:51.715+0000] {processor.py:161} INFO - Started process (PID=3520) to work on /opt/airflow/dags/sodai/__init__.py
[2025-11-18T18:34:51.716+0000] {processor.py:830} INFO - Processing file /opt/airflow/dags/sodai/__init__.py for tasks to queue
[2025-11-18T18:34:51.718+0000] {logging_mixin.py:188} INFO - [2025-11-18T18:34:51.717+0000] {dagbag.py:540} INFO - Filling up the DagBag from /opt/airflow/dags/sodai/__init__.py
[2025-11-18T18:34:51.726+0000] {processor.py:842} WARNING - No viable dags retrieved from /opt/airflow/dags/sodai/__init__.py
[2025-11-18T18:34:51.736+0000] {processor.py:183} INFO - Processing /opt/airflow/dags/sodai/__init__.py took 0.025 seconds
[2025-11-18T18:35:22.262+0000] {processor.py:161} INFO - Started process (PID=3530) to work on /opt/airflow/dags/sodai/__init__.py
[2025-11-18T18:35:22.263+0000] {processor.py:830} INFO - Processing file /opt/airflow/dags/sodai/__init__.py for tasks to queue
[2025-11-18T18:35:22.264+0000] {logging_mixin.py:188} INFO - [2025-11-18T18:35:22.264+0000] {dagbag.py:540} INFO - Filling up the DagBag from /opt/airflow/dags/sodai/__init__.py
[2025-11-18T18:35:22.315+0000] {processor.py:842} WARNING - No viable dags retrieved from /opt/airflow/dags/sodai/__init__.py
[2025-11-18T18:35:22.330+0000] {processor.py:183} INFO - Processing /opt/airflow/dags/sodai/__init__.py took 0.073 seconds
[2025-11-18T18:35:52.743+0000] {processor.py:161} INFO - Started process (PID=3540) to work on /opt/airflow/dags/sodai/__init__.py
[2025-11-18T18:35:52.744+0000] {processor.py:830} INFO - Processing file /opt/airflow/dags/sodai/__init__.py for tasks to queue
[2025-11-18T18:35:52.745+0000] {logging_mixin.py:188} INFO - [2025-11-18T18:35:52.745+0000] {dagbag.py:540} INFO - Filling up the DagBag from /opt/airflow/dags/sodai/__init__.py
[2025-11-18T18:35:52.757+0000] {processor.py:842} WARNING - No viable dags retrieved from /opt/airflow/dags/sodai/__init__.py
[2025-11-18T18:35:52.767+0000] {processor.py:183} INFO - Processing /opt/airflow/dags/sodai/__init__.py took 0.029 seconds
[2025-11-18T18:36:23.681+0000] {processor.py:161} INFO - Started process (PID=3550) to work on /opt/airflow/dags/sodai/__init__.py
[2025-11-18T18:36:23.681+0000] {processor.py:830} INFO - Processing file /opt/airflow/dags/sodai/__init__.py for tasks to queue
[2025-11-18T18:36:23.683+0000] {logging_mixin.py:188} INFO - [2025-11-18T18:36:23.682+0000] {dagbag.py:540} INFO - Filling up the DagBag from /opt/airflow/dags/sodai/__init__.py
[2025-11-18T18:36:23.690+0000] {processor.py:842} WARNING - No viable dags retrieved from /opt/airflow/dags/sodai/__init__.py
[2025-11-18T18:36:23.702+0000] {processor.py:183} INFO - Processing /opt/airflow/dags/sodai/__init__.py took 0.025 seconds
[2025-11-18T18:36:54.619+0000] {processor.py:161} INFO - Started process (PID=3560) to work on /opt/airflow/dags/sodai/__init__.py
[2025-11-18T18:36:54.620+0000] {processor.py:830} INFO - Processing file /opt/airflow/dags/sodai/__init__.py for tasks to queue
[2025-11-18T18:36:54.621+0000] {logging_mixin.py:188} INFO - [2025-11-18T18:36:54.621+0000] {dagbag.py:540} INFO - Filling up the DagBag from /opt/airflow/dags/sodai/__init__.py
[2025-11-18T18:36:54.630+0000] {processor.py:842} WARNING - No viable dags retrieved from /opt/airflow/dags/sodai/__init__.py
[2025-11-18T18:36:54.640+0000] {processor.py:183} INFO - Processing /opt/airflow/dags/sodai/__init__.py took 0.025 seconds
[2025-11-18T18:37:25.462+0000] {processor.py:161} INFO - Started process (PID=3570) to work on /opt/airflow/dags/sodai/__init__.py
[2025-11-18T18:37:25.463+0000] {processor.py:830} INFO - Processing file /opt/airflow/dags/sodai/__init__.py for tasks to queue
[2025-11-18T18:37:25.465+0000] {logging_mixin.py:188} INFO - [2025-11-18T18:37:25.465+0000] {dagbag.py:540} INFO - Filling up the DagBag from /opt/airflow/dags/sodai/__init__.py
[2025-11-18T18:37:25.497+0000] {processor.py:842} WARNING - No viable dags retrieved from /opt/airflow/dags/sodai/__init__.py
[2025-11-18T18:37:25.509+0000] {processor.py:183} INFO - Processing /opt/airflow/dags/sodai/__init__.py took 0.052 seconds
[2025-11-18T18:37:55.980+0000] {processor.py:161} INFO - Started process (PID=3580) to work on /opt/airflow/dags/sodai/__init__.py
[2025-11-18T18:37:55.981+0000] {processor.py:830} INFO - Processing file /opt/airflow/dags/sodai/__init__.py for tasks to queue
[2025-11-18T18:37:55.982+0000] {logging_mixin.py:188} INFO - [2025-11-18T18:37:55.982+0000] {dagbag.py:540} INFO - Filling up the DagBag from /opt/airflow/dags/sodai/__init__.py
[2025-11-18T18:37:55.990+0000] {processor.py:842} WARNING - No viable dags retrieved from /opt/airflow/dags/sodai/__init__.py
[2025-11-18T18:37:56.001+0000] {processor.py:183} INFO - Processing /opt/airflow/dags/sodai/__init__.py took 0.026 seconds
[2025-11-18T18:38:26.597+0000] {processor.py:161} INFO - Started process (PID=3590) to work on /opt/airflow/dags/sodai/__init__.py
[2025-11-18T18:38:26.598+0000] {processor.py:830} INFO - Processing file /opt/airflow/dags/sodai/__init__.py for tasks to queue
[2025-11-18T18:38:26.599+0000] {logging_mixin.py:188} INFO - [2025-11-18T18:38:26.599+0000] {dagbag.py:540} INFO - Filling up the DagBag from /opt/airflow/dags/sodai/__init__.py
[2025-11-18T18:38:26.608+0000] {processor.py:842} WARNING - No viable dags retrieved from /opt/airflow/dags/sodai/__init__.py
[2025-11-18T18:38:26.618+0000] {processor.py:183} INFO - Processing /opt/airflow/dags/sodai/__init__.py took 0.025 seconds
[2025-11-18T18:38:57.228+0000] {processor.py:161} INFO - Started process (PID=3600) to work on /opt/airflow/dags/sodai/__init__.py
[2025-11-18T18:38:57.228+0000] {processor.py:830} INFO - Processing file /opt/airflow/dags/sodai/__init__.py for tasks to queue
[2025-11-18T18:38:57.230+0000] {logging_mixin.py:188} INFO - [2025-11-18T18:38:57.229+0000] {dagbag.py:540} INFO - Filling up the DagBag from /opt/airflow/dags/sodai/__init__.py
[2025-11-18T18:38:57.241+0000] {processor.py:842} WARNING - No viable dags retrieved from /opt/airflow/dags/sodai/__init__.py
[2025-11-18T18:38:57.250+0000] {processor.py:183} INFO - Processing /opt/airflow/dags/sodai/__init__.py took 0.026 seconds
[2025-11-18T18:39:27.842+0000] {processor.py:161} INFO - Started process (PID=3610) to work on /opt/airflow/dags/sodai/__init__.py
[2025-11-18T18:39:27.843+0000] {processor.py:830} INFO - Processing file /opt/airflow/dags/sodai/__init__.py for tasks to queue
[2025-11-18T18:39:27.845+0000] {logging_mixin.py:188} INFO - [2025-11-18T18:39:27.845+0000] {dagbag.py:540} INFO - Filling up the DagBag from /opt/airflow/dags/sodai/__init__.py
[2025-11-18T18:39:27.867+0000] {processor.py:842} WARNING - No viable dags retrieved from /opt/airflow/dags/sodai/__init__.py
[2025-11-18T18:39:27.876+0000] {processor.py:183} INFO - Processing /opt/airflow/dags/sodai/__init__.py took 0.038 seconds
[2025-11-18T18:39:58.649+0000] {processor.py:161} INFO - Started process (PID=3620) to work on /opt/airflow/dags/sodai/__init__.py
[2025-11-18T18:39:58.649+0000] {processor.py:830} INFO - Processing file /opt/airflow/dags/sodai/__init__.py for tasks to queue
[2025-11-18T18:39:58.651+0000] {logging_mixin.py:188} INFO - [2025-11-18T18:39:58.651+0000] {dagbag.py:540} INFO - Filling up the DagBag from /opt/airflow/dags/sodai/__init__.py
[2025-11-18T18:39:58.665+0000] {processor.py:842} WARNING - No viable dags retrieved from /opt/airflow/dags/sodai/__init__.py
[2025-11-18T18:39:58.675+0000] {processor.py:183} INFO - Processing /opt/airflow/dags/sodai/__init__.py took 0.031 seconds
[2025-11-18T18:40:29.583+0000] {processor.py:161} INFO - Started process (PID=3630) to work on /opt/airflow/dags/sodai/__init__.py
[2025-11-18T18:40:29.584+0000] {processor.py:830} INFO - Processing file /opt/airflow/dags/sodai/__init__.py for tasks to queue
[2025-11-18T18:40:29.586+0000] {logging_mixin.py:188} INFO - [2025-11-18T18:40:29.585+0000] {dagbag.py:540} INFO - Filling up the DagBag from /opt/airflow/dags/sodai/__init__.py
[2025-11-18T18:40:29.594+0000] {processor.py:842} WARNING - No viable dags retrieved from /opt/airflow/dags/sodai/__init__.py
[2025-11-18T18:40:29.604+0000] {processor.py:183} INFO - Processing /opt/airflow/dags/sodai/__init__.py took 0.025 seconds
[2025-11-18T18:41:00.450+0000] {processor.py:161} INFO - Started process (PID=3640) to work on /opt/airflow/dags/sodai/__init__.py
[2025-11-18T18:41:00.450+0000] {processor.py:830} INFO - Processing file /opt/airflow/dags/sodai/__init__.py for tasks to queue
[2025-11-18T18:41:00.452+0000] {logging_mixin.py:188} INFO - [2025-11-18T18:41:00.452+0000] {dagbag.py:540} INFO - Filling up the DagBag from /opt/airflow/dags/sodai/__init__.py
[2025-11-18T18:41:00.460+0000] {processor.py:842} WARNING - No viable dags retrieved from /opt/airflow/dags/sodai/__init__.py
[2025-11-18T18:41:00.471+0000] {processor.py:183} INFO - Processing /opt/airflow/dags/sodai/__init__.py took 0.026 seconds
[2025-11-18T18:41:30.977+0000] {processor.py:161} INFO - Started process (PID=3650) to work on /opt/airflow/dags/sodai/__init__.py
[2025-11-18T18:41:30.979+0000] {processor.py:830} INFO - Processing file /opt/airflow/dags/sodai/__init__.py for tasks to queue
[2025-11-18T18:41:30.981+0000] {logging_mixin.py:188} INFO - [2025-11-18T18:41:30.980+0000] {dagbag.py:540} INFO - Filling up the DagBag from /opt/airflow/dags/sodai/__init__.py
[2025-11-18T18:41:30.995+0000] {processor.py:842} WARNING - No viable dags retrieved from /opt/airflow/dags/sodai/__init__.py
[2025-11-18T18:41:31.006+0000] {processor.py:183} INFO - Processing /opt/airflow/dags/sodai/__init__.py took 0.033 seconds
[2025-11-18T18:42:01.520+0000] {processor.py:161} INFO - Started process (PID=3660) to work on /opt/airflow/dags/sodai/__init__.py
[2025-11-18T18:42:01.521+0000] {processor.py:830} INFO - Processing file /opt/airflow/dags/sodai/__init__.py for tasks to queue
[2025-11-18T18:42:01.523+0000] {logging_mixin.py:188} INFO - [2025-11-18T18:42:01.523+0000] {dagbag.py:540} INFO - Filling up the DagBag from /opt/airflow/dags/sodai/__init__.py
[2025-11-18T18:42:01.532+0000] {processor.py:842} WARNING - No viable dags retrieved from /opt/airflow/dags/sodai/__init__.py
[2025-11-18T18:42:01.542+0000] {processor.py:183} INFO - Processing /opt/airflow/dags/sodai/__init__.py took 0.026 seconds
[2025-11-18T18:42:32.106+0000] {processor.py:161} INFO - Started process (PID=3670) to work on /opt/airflow/dags/sodai/__init__.py
[2025-11-18T18:42:32.107+0000] {processor.py:830} INFO - Processing file /opt/airflow/dags/sodai/__init__.py for tasks to queue
[2025-11-18T18:42:32.108+0000] {logging_mixin.py:188} INFO - [2025-11-18T18:42:32.108+0000] {dagbag.py:540} INFO - Filling up the DagBag from /opt/airflow/dags/sodai/__init__.py
[2025-11-18T18:42:32.117+0000] {processor.py:842} WARNING - No viable dags retrieved from /opt/airflow/dags/sodai/__init__.py
[2025-11-18T18:42:32.126+0000] {processor.py:183} INFO - Processing /opt/airflow/dags/sodai/__init__.py took 0.025 seconds
[2025-11-18T18:43:02.814+0000] {processor.py:161} INFO - Started process (PID=3680) to work on /opt/airflow/dags/sodai/__init__.py
[2025-11-18T18:43:02.814+0000] {processor.py:830} INFO - Processing file /opt/airflow/dags/sodai/__init__.py for tasks to queue
[2025-11-18T18:43:02.816+0000] {logging_mixin.py:188} INFO - [2025-11-18T18:43:02.816+0000] {dagbag.py:540} INFO - Filling up the DagBag from /opt/airflow/dags/sodai/__init__.py
[2025-11-18T18:43:02.825+0000] {processor.py:842} WARNING - No viable dags retrieved from /opt/airflow/dags/sodai/__init__.py
[2025-11-18T18:43:02.833+0000] {processor.py:183} INFO - Processing /opt/airflow/dags/sodai/__init__.py took 0.025 seconds
[2025-11-18T18:43:33.528+0000] {processor.py:161} INFO - Started process (PID=3690) to work on /opt/airflow/dags/sodai/__init__.py
[2025-11-18T18:43:33.529+0000] {processor.py:830} INFO - Processing file /opt/airflow/dags/sodai/__init__.py for tasks to queue
[2025-11-18T18:43:33.530+0000] {logging_mixin.py:188} INFO - [2025-11-18T18:43:33.530+0000] {dagbag.py:540} INFO - Filling up the DagBag from /opt/airflow/dags/sodai/__init__.py
[2025-11-18T18:43:33.546+0000] {processor.py:842} WARNING - No viable dags retrieved from /opt/airflow/dags/sodai/__init__.py
[2025-11-18T18:43:33.557+0000] {processor.py:183} INFO - Processing /opt/airflow/dags/sodai/__init__.py took 0.034 seconds
[2025-11-18T18:44:03.793+0000] {processor.py:161} INFO - Started process (PID=3700) to work on /opt/airflow/dags/sodai/__init__.py
[2025-11-18T18:44:03.793+0000] {processor.py:830} INFO - Processing file /opt/airflow/dags/sodai/__init__.py for tasks to queue
[2025-11-18T18:44:03.795+0000] {logging_mixin.py:188} INFO - [2025-11-18T18:44:03.795+0000] {dagbag.py:540} INFO - Filling up the DagBag from /opt/airflow/dags/sodai/__init__.py
[2025-11-18T18:44:03.802+0000] {processor.py:842} WARNING - No viable dags retrieved from /opt/airflow/dags/sodai/__init__.py
[2025-11-18T18:44:03.812+0000] {processor.py:183} INFO - Processing /opt/airflow/dags/sodai/__init__.py took 0.024 seconds
[2025-11-18T18:44:34.326+0000] {processor.py:161} INFO - Started process (PID=3710) to work on /opt/airflow/dags/sodai/__init__.py
[2025-11-18T18:44:34.327+0000] {processor.py:830} INFO - Processing file /opt/airflow/dags/sodai/__init__.py for tasks to queue
[2025-11-18T18:44:34.329+0000] {logging_mixin.py:188} INFO - [2025-11-18T18:44:34.328+0000] {dagbag.py:540} INFO - Filling up the DagBag from /opt/airflow/dags/sodai/__init__.py
[2025-11-18T18:44:34.336+0000] {processor.py:842} WARNING - No viable dags retrieved from /opt/airflow/dags/sodai/__init__.py
[2025-11-18T18:44:34.345+0000] {processor.py:183} INFO - Processing /opt/airflow/dags/sodai/__init__.py took 0.024 seconds
[2025-11-18T18:45:04.780+0000] {processor.py:161} INFO - Started process (PID=3720) to work on /opt/airflow/dags/sodai/__init__.py
[2025-11-18T18:45:04.780+0000] {processor.py:830} INFO - Processing file /opt/airflow/dags/sodai/__init__.py for tasks to queue
[2025-11-18T18:45:04.782+0000] {logging_mixin.py:188} INFO - [2025-11-18T18:45:04.781+0000] {dagbag.py:540} INFO - Filling up the DagBag from /opt/airflow/dags/sodai/__init__.py
[2025-11-18T18:45:04.799+0000] {processor.py:842} WARNING - No viable dags retrieved from /opt/airflow/dags/sodai/__init__.py
[2025-11-18T18:45:04.808+0000] {processor.py:183} INFO - Processing /opt/airflow/dags/sodai/__init__.py took 0.033 seconds
[2025-11-18T18:45:35.283+0000] {processor.py:161} INFO - Started process (PID=3730) to work on /opt/airflow/dags/sodai/__init__.py
[2025-11-18T18:45:35.284+0000] {processor.py:830} INFO - Processing file /opt/airflow/dags/sodai/__init__.py for tasks to queue
[2025-11-18T18:45:35.285+0000] {logging_mixin.py:188} INFO - [2025-11-18T18:45:35.285+0000] {dagbag.py:540} INFO - Filling up the DagBag from /opt/airflow/dags/sodai/__init__.py
[2025-11-18T18:45:35.300+0000] {processor.py:842} WARNING - No viable dags retrieved from /opt/airflow/dags/sodai/__init__.py
[2025-11-18T18:45:35.310+0000] {processor.py:183} INFO - Processing /opt/airflow/dags/sodai/__init__.py took 0.032 seconds
[2025-11-18T18:46:05.885+0000] {processor.py:161} INFO - Started process (PID=3740) to work on /opt/airflow/dags/sodai/__init__.py
[2025-11-18T18:46:05.886+0000] {processor.py:830} INFO - Processing file /opt/airflow/dags/sodai/__init__.py for tasks to queue
[2025-11-18T18:46:05.888+0000] {logging_mixin.py:188} INFO - [2025-11-18T18:46:05.888+0000] {dagbag.py:540} INFO - Filling up the DagBag from /opt/airflow/dags/sodai/__init__.py
[2025-11-18T18:46:05.914+0000] {processor.py:842} WARNING - No viable dags retrieved from /opt/airflow/dags/sodai/__init__.py
[2025-11-18T18:46:05.928+0000] {processor.py:183} INFO - Processing /opt/airflow/dags/sodai/__init__.py took 0.047 seconds
[2025-11-18T18:46:36.839+0000] {processor.py:161} INFO - Started process (PID=3750) to work on /opt/airflow/dags/sodai/__init__.py
[2025-11-18T18:46:36.840+0000] {processor.py:830} INFO - Processing file /opt/airflow/dags/sodai/__init__.py for tasks to queue
[2025-11-18T18:46:36.845+0000] {logging_mixin.py:188} INFO - [2025-11-18T18:46:36.845+0000] {dagbag.py:540} INFO - Filling up the DagBag from /opt/airflow/dags/sodai/__init__.py
[2025-11-18T18:46:36.882+0000] {processor.py:842} WARNING - No viable dags retrieved from /opt/airflow/dags/sodai/__init__.py
[2025-11-18T18:46:36.891+0000] {processor.py:183} INFO - Processing /opt/airflow/dags/sodai/__init__.py took 0.057 seconds
[2025-11-18T18:47:07.614+0000] {processor.py:161} INFO - Started process (PID=3760) to work on /opt/airflow/dags/sodai/__init__.py
[2025-11-18T18:47:07.616+0000] {processor.py:830} INFO - Processing file /opt/airflow/dags/sodai/__init__.py for tasks to queue
[2025-11-18T18:47:07.619+0000] {logging_mixin.py:188} INFO - [2025-11-18T18:47:07.618+0000] {dagbag.py:540} INFO - Filling up the DagBag from /opt/airflow/dags/sodai/__init__.py
[2025-11-18T18:47:07.685+0000] {processor.py:842} WARNING - No viable dags retrieved from /opt/airflow/dags/sodai/__init__.py
[2025-11-18T18:47:07.699+0000] {processor.py:183} INFO - Processing /opt/airflow/dags/sodai/__init__.py took 0.091 seconds
[2025-11-18T18:47:38.233+0000] {processor.py:161} INFO - Started process (PID=3770) to work on /opt/airflow/dags/sodai/__init__.py
[2025-11-18T18:47:38.234+0000] {processor.py:830} INFO - Processing file /opt/airflow/dags/sodai/__init__.py for tasks to queue
[2025-11-18T18:47:38.236+0000] {logging_mixin.py:188} INFO - [2025-11-18T18:47:38.235+0000] {dagbag.py:540} INFO - Filling up the DagBag from /opt/airflow/dags/sodai/__init__.py
[2025-11-18T18:47:38.249+0000] {processor.py:842} WARNING - No viable dags retrieved from /opt/airflow/dags/sodai/__init__.py
[2025-11-18T18:47:38.258+0000] {processor.py:183} INFO - Processing /opt/airflow/dags/sodai/__init__.py took 0.029 seconds
[2025-11-18T18:48:09.034+0000] {processor.py:161} INFO - Started process (PID=3780) to work on /opt/airflow/dags/sodai/__init__.py
[2025-11-18T18:48:09.035+0000] {processor.py:830} INFO - Processing file /opt/airflow/dags/sodai/__init__.py for tasks to queue
[2025-11-18T18:48:09.036+0000] {logging_mixin.py:188} INFO - [2025-11-18T18:48:09.036+0000] {dagbag.py:540} INFO - Filling up the DagBag from /opt/airflow/dags/sodai/__init__.py
[2025-11-18T18:48:09.046+0000] {processor.py:842} WARNING - No viable dags retrieved from /opt/airflow/dags/sodai/__init__.py
[2025-11-18T18:48:09.055+0000] {processor.py:183} INFO - Processing /opt/airflow/dags/sodai/__init__.py took 0.026 seconds
[2025-11-18T18:48:39.950+0000] {processor.py:161} INFO - Started process (PID=3790) to work on /opt/airflow/dags/sodai/__init__.py
[2025-11-18T18:48:39.950+0000] {processor.py:830} INFO - Processing file /opt/airflow/dags/sodai/__init__.py for tasks to queue
[2025-11-18T18:48:39.952+0000] {logging_mixin.py:188} INFO - [2025-11-18T18:48:39.951+0000] {dagbag.py:540} INFO - Filling up the DagBag from /opt/airflow/dags/sodai/__init__.py
[2025-11-18T18:48:39.961+0000] {processor.py:842} WARNING - No viable dags retrieved from /opt/airflow/dags/sodai/__init__.py
[2025-11-18T18:48:39.970+0000] {processor.py:183} INFO - Processing /opt/airflow/dags/sodai/__init__.py took 0.025 seconds
[2025-11-18T18:49:10.744+0000] {processor.py:161} INFO - Started process (PID=3800) to work on /opt/airflow/dags/sodai/__init__.py
[2025-11-18T18:49:10.744+0000] {processor.py:830} INFO - Processing file /opt/airflow/dags/sodai/__init__.py for tasks to queue
[2025-11-18T18:49:10.746+0000] {logging_mixin.py:188} INFO - [2025-11-18T18:49:10.746+0000] {dagbag.py:540} INFO - Filling up the DagBag from /opt/airflow/dags/sodai/__init__.py
[2025-11-18T18:49:10.754+0000] {processor.py:842} WARNING - No viable dags retrieved from /opt/airflow/dags/sodai/__init__.py
[2025-11-18T18:49:10.763+0000] {processor.py:183} INFO - Processing /opt/airflow/dags/sodai/__init__.py took 0.024 seconds
[2025-11-18T18:49:41.520+0000] {processor.py:161} INFO - Started process (PID=3810) to work on /opt/airflow/dags/sodai/__init__.py
[2025-11-18T18:49:41.521+0000] {processor.py:830} INFO - Processing file /opt/airflow/dags/sodai/__init__.py for tasks to queue
[2025-11-18T18:49:41.523+0000] {logging_mixin.py:188} INFO - [2025-11-18T18:49:41.522+0000] {dagbag.py:540} INFO - Filling up the DagBag from /opt/airflow/dags/sodai/__init__.py
[2025-11-18T18:49:41.531+0000] {processor.py:842} WARNING - No viable dags retrieved from /opt/airflow/dags/sodai/__init__.py
[2025-11-18T18:49:41.540+0000] {processor.py:183} INFO - Processing /opt/airflow/dags/sodai/__init__.py took 0.024 seconds
[2025-11-18T18:50:12.278+0000] {processor.py:161} INFO - Started process (PID=3820) to work on /opt/airflow/dags/sodai/__init__.py
[2025-11-18T18:50:12.279+0000] {processor.py:830} INFO - Processing file /opt/airflow/dags/sodai/__init__.py for tasks to queue
[2025-11-18T18:50:12.281+0000] {logging_mixin.py:188} INFO - [2025-11-18T18:50:12.280+0000] {dagbag.py:540} INFO - Filling up the DagBag from /opt/airflow/dags/sodai/__init__.py
[2025-11-18T18:50:12.288+0000] {processor.py:842} WARNING - No viable dags retrieved from /opt/airflow/dags/sodai/__init__.py
[2025-11-18T18:50:12.298+0000] {processor.py:183} INFO - Processing /opt/airflow/dags/sodai/__init__.py took 0.025 seconds
[2025-11-18T18:50:43.162+0000] {processor.py:161} INFO - Started process (PID=3830) to work on /opt/airflow/dags/sodai/__init__.py
[2025-11-18T18:50:43.163+0000] {processor.py:830} INFO - Processing file /opt/airflow/dags/sodai/__init__.py for tasks to queue
[2025-11-18T18:50:43.164+0000] {logging_mixin.py:188} INFO - [2025-11-18T18:50:43.164+0000] {dagbag.py:540} INFO - Filling up the DagBag from /opt/airflow/dags/sodai/__init__.py
[2025-11-18T18:50:43.179+0000] {processor.py:842} WARNING - No viable dags retrieved from /opt/airflow/dags/sodai/__init__.py
[2025-11-18T18:50:43.189+0000] {processor.py:183} INFO - Processing /opt/airflow/dags/sodai/__init__.py took 0.032 seconds
[2025-11-18T18:51:13.826+0000] {processor.py:161} INFO - Started process (PID=3840) to work on /opt/airflow/dags/sodai/__init__.py
[2025-11-18T18:51:13.827+0000] {processor.py:830} INFO - Processing file /opt/airflow/dags/sodai/__init__.py for tasks to queue
[2025-11-18T18:51:13.828+0000] {logging_mixin.py:188} INFO - [2025-11-18T18:51:13.828+0000] {dagbag.py:540} INFO - Filling up the DagBag from /opt/airflow/dags/sodai/__init__.py
[2025-11-18T18:51:13.836+0000] {processor.py:842} WARNING - No viable dags retrieved from /opt/airflow/dags/sodai/__init__.py
[2025-11-18T18:51:13.847+0000] {processor.py:183} INFO - Processing /opt/airflow/dags/sodai/__init__.py took 0.025 seconds
[2025-11-18T18:51:44.539+0000] {processor.py:161} INFO - Started process (PID=3850) to work on /opt/airflow/dags/sodai/__init__.py
[2025-11-18T18:51:44.540+0000] {processor.py:830} INFO - Processing file /opt/airflow/dags/sodai/__init__.py for tasks to queue
[2025-11-18T18:51:44.541+0000] {logging_mixin.py:188} INFO - [2025-11-18T18:51:44.541+0000] {dagbag.py:540} INFO - Filling up the DagBag from /opt/airflow/dags/sodai/__init__.py
[2025-11-18T18:51:44.549+0000] {processor.py:842} WARNING - No viable dags retrieved from /opt/airflow/dags/sodai/__init__.py
[2025-11-18T18:51:44.560+0000] {processor.py:183} INFO - Processing /opt/airflow/dags/sodai/__init__.py took 0.025 seconds
[2025-11-18T18:52:15.163+0000] {processor.py:161} INFO - Started process (PID=3860) to work on /opt/airflow/dags/sodai/__init__.py
[2025-11-18T18:52:15.166+0000] {processor.py:830} INFO - Processing file /opt/airflow/dags/sodai/__init__.py for tasks to queue
[2025-11-18T18:52:15.169+0000] {logging_mixin.py:188} INFO - [2025-11-18T18:52:15.168+0000] {dagbag.py:540} INFO - Filling up the DagBag from /opt/airflow/dags/sodai/__init__.py
[2025-11-18T18:52:15.178+0000] {processor.py:842} WARNING - No viable dags retrieved from /opt/airflow/dags/sodai/__init__.py
[2025-11-18T18:52:15.189+0000] {processor.py:183} INFO - Processing /opt/airflow/dags/sodai/__init__.py took 0.031 seconds
[2025-11-18T18:52:45.942+0000] {processor.py:161} INFO - Started process (PID=3870) to work on /opt/airflow/dags/sodai/__init__.py
[2025-11-18T18:52:45.943+0000] {processor.py:830} INFO - Processing file /opt/airflow/dags/sodai/__init__.py for tasks to queue
[2025-11-18T18:52:45.946+0000] {logging_mixin.py:188} INFO - [2025-11-18T18:52:45.945+0000] {dagbag.py:540} INFO - Filling up the DagBag from /opt/airflow/dags/sodai/__init__.py
[2025-11-18T18:52:45.968+0000] {processor.py:842} WARNING - No viable dags retrieved from /opt/airflow/dags/sodai/__init__.py
[2025-11-18T18:52:45.979+0000] {processor.py:183} INFO - Processing /opt/airflow/dags/sodai/__init__.py took 0.042 seconds
[2025-11-18T18:53:16.705+0000] {processor.py:161} INFO - Started process (PID=3880) to work on /opt/airflow/dags/sodai/__init__.py
[2025-11-18T18:53:16.706+0000] {processor.py:830} INFO - Processing file /opt/airflow/dags/sodai/__init__.py for tasks to queue
[2025-11-18T18:53:16.707+0000] {logging_mixin.py:188} INFO - [2025-11-18T18:53:16.707+0000] {dagbag.py:540} INFO - Filling up the DagBag from /opt/airflow/dags/sodai/__init__.py
[2025-11-18T18:53:16.739+0000] {processor.py:842} WARNING - No viable dags retrieved from /opt/airflow/dags/sodai/__init__.py
[2025-11-18T18:53:16.751+0000] {processor.py:183} INFO - Processing /opt/airflow/dags/sodai/__init__.py took 0.052 seconds
[2025-11-18T18:53:47.542+0000] {processor.py:161} INFO - Started process (PID=3890) to work on /opt/airflow/dags/sodai/__init__.py
[2025-11-18T18:53:47.546+0000] {processor.py:830} INFO - Processing file /opt/airflow/dags/sodai/__init__.py for tasks to queue
[2025-11-18T18:53:47.547+0000] {logging_mixin.py:188} INFO - [2025-11-18T18:53:47.547+0000] {dagbag.py:540} INFO - Filling up the DagBag from /opt/airflow/dags/sodai/__init__.py
[2025-11-18T18:53:47.559+0000] {processor.py:842} WARNING - No viable dags retrieved from /opt/airflow/dags/sodai/__init__.py
[2025-11-18T18:53:47.570+0000] {processor.py:183} INFO - Processing /opt/airflow/dags/sodai/__init__.py took 0.032 seconds
[2025-11-18T18:54:17.666+0000] {processor.py:161} INFO - Started process (PID=3900) to work on /opt/airflow/dags/sodai/__init__.py
[2025-11-18T18:54:17.669+0000] {processor.py:830} INFO - Processing file /opt/airflow/dags/sodai/__init__.py for tasks to queue
[2025-11-18T18:54:17.671+0000] {logging_mixin.py:188} INFO - [2025-11-18T18:54:17.671+0000] {dagbag.py:540} INFO - Filling up the DagBag from /opt/airflow/dags/sodai/__init__.py
[2025-11-18T18:54:17.709+0000] {processor.py:842} WARNING - No viable dags retrieved from /opt/airflow/dags/sodai/__init__.py
[2025-11-18T18:54:17.719+0000] {processor.py:183} INFO - Processing /opt/airflow/dags/sodai/__init__.py took 0.057 seconds
[2025-11-18T18:54:48.397+0000] {processor.py:161} INFO - Started process (PID=3910) to work on /opt/airflow/dags/sodai/__init__.py
[2025-11-18T18:54:48.398+0000] {processor.py:830} INFO - Processing file /opt/airflow/dags/sodai/__init__.py for tasks to queue
[2025-11-18T18:54:48.400+0000] {logging_mixin.py:188} INFO - [2025-11-18T18:54:48.399+0000] {dagbag.py:540} INFO - Filling up the DagBag from /opt/airflow/dags/sodai/__init__.py
[2025-11-18T18:54:48.408+0000] {processor.py:842} WARNING - No viable dags retrieved from /opt/airflow/dags/sodai/__init__.py
[2025-11-18T18:54:48.417+0000] {processor.py:183} INFO - Processing /opt/airflow/dags/sodai/__init__.py took 0.025 seconds
[2025-11-18T18:55:19.087+0000] {processor.py:161} INFO - Started process (PID=3920) to work on /opt/airflow/dags/sodai/__init__.py
[2025-11-18T18:55:19.088+0000] {processor.py:830} INFO - Processing file /opt/airflow/dags/sodai/__init__.py for tasks to queue
[2025-11-18T18:55:19.090+0000] {logging_mixin.py:188} INFO - [2025-11-18T18:55:19.090+0000] {dagbag.py:540} INFO - Filling up the DagBag from /opt/airflow/dags/sodai/__init__.py
[2025-11-18T18:55:19.098+0000] {processor.py:842} WARNING - No viable dags retrieved from /opt/airflow/dags/sodai/__init__.py
[2025-11-18T18:55:19.108+0000] {processor.py:183} INFO - Processing /opt/airflow/dags/sodai/__init__.py took 0.025 seconds
[2025-11-18T18:55:49.882+0000] {processor.py:161} INFO - Started process (PID=3930) to work on /opt/airflow/dags/sodai/__init__.py
[2025-11-18T18:55:49.884+0000] {processor.py:830} INFO - Processing file /opt/airflow/dags/sodai/__init__.py for tasks to queue
[2025-11-18T18:55:49.888+0000] {logging_mixin.py:188} INFO - [2025-11-18T18:55:49.888+0000] {dagbag.py:540} INFO - Filling up the DagBag from /opt/airflow/dags/sodai/__init__.py
[2025-11-18T18:55:49.898+0000] {processor.py:842} WARNING - No viable dags retrieved from /opt/airflow/dags/sodai/__init__.py
[2025-11-18T18:55:49.908+0000] {processor.py:183} INFO - Processing /opt/airflow/dags/sodai/__init__.py took 0.030 seconds
[2025-11-18T18:56:20.636+0000] {processor.py:161} INFO - Started process (PID=3940) to work on /opt/airflow/dags/sodai/__init__.py
[2025-11-18T18:56:20.637+0000] {processor.py:830} INFO - Processing file /opt/airflow/dags/sodai/__init__.py for tasks to queue
[2025-11-18T18:56:20.639+0000] {logging_mixin.py:188} INFO - [2025-11-18T18:56:20.639+0000] {dagbag.py:540} INFO - Filling up the DagBag from /opt/airflow/dags/sodai/__init__.py
[2025-11-18T18:56:20.649+0000] {processor.py:842} WARNING - No viable dags retrieved from /opt/airflow/dags/sodai/__init__.py
[2025-11-18T18:56:20.659+0000] {processor.py:183} INFO - Processing /opt/airflow/dags/sodai/__init__.py took 0.028 seconds
[2025-11-18T18:56:51.440+0000] {processor.py:161} INFO - Started process (PID=3950) to work on /opt/airflow/dags/sodai/__init__.py
[2025-11-18T18:56:51.441+0000] {processor.py:830} INFO - Processing file /opt/airflow/dags/sodai/__init__.py for tasks to queue
[2025-11-18T18:56:51.443+0000] {logging_mixin.py:188} INFO - [2025-11-18T18:56:51.442+0000] {dagbag.py:540} INFO - Filling up the DagBag from /opt/airflow/dags/sodai/__init__.py
[2025-11-18T18:56:51.453+0000] {processor.py:842} WARNING - No viable dags retrieved from /opt/airflow/dags/sodai/__init__.py
[2025-11-18T18:56:51.464+0000] {processor.py:183} INFO - Processing /opt/airflow/dags/sodai/__init__.py took 0.028 seconds
[2025-11-18T18:57:22.020+0000] {processor.py:161} INFO - Started process (PID=3960) to work on /opt/airflow/dags/sodai/__init__.py
[2025-11-18T18:57:22.020+0000] {processor.py:830} INFO - Processing file /opt/airflow/dags/sodai/__init__.py for tasks to queue
[2025-11-18T18:57:22.022+0000] {logging_mixin.py:188} INFO - [2025-11-18T18:57:22.022+0000] {dagbag.py:540} INFO - Filling up the DagBag from /opt/airflow/dags/sodai/__init__.py
[2025-11-18T18:57:22.030+0000] {processor.py:842} WARNING - No viable dags retrieved from /opt/airflow/dags/sodai/__init__.py
[2025-11-18T18:57:22.040+0000] {processor.py:183} INFO - Processing /opt/airflow/dags/sodai/__init__.py took 0.025 seconds
[2025-11-18T18:57:52.776+0000] {processor.py:161} INFO - Started process (PID=3970) to work on /opt/airflow/dags/sodai/__init__.py
[2025-11-18T18:57:52.777+0000] {processor.py:830} INFO - Processing file /opt/airflow/dags/sodai/__init__.py for tasks to queue
[2025-11-18T18:57:52.778+0000] {logging_mixin.py:188} INFO - [2025-11-18T18:57:52.778+0000] {dagbag.py:540} INFO - Filling up the DagBag from /opt/airflow/dags/sodai/__init__.py
[2025-11-18T18:57:52.789+0000] {processor.py:842} WARNING - No viable dags retrieved from /opt/airflow/dags/sodai/__init__.py
[2025-11-18T18:57:52.800+0000] {processor.py:183} INFO - Processing /opt/airflow/dags/sodai/__init__.py took 0.029 seconds
[2025-11-18T18:58:23.461+0000] {processor.py:161} INFO - Started process (PID=3980) to work on /opt/airflow/dags/sodai/__init__.py
[2025-11-18T18:58:23.461+0000] {processor.py:830} INFO - Processing file /opt/airflow/dags/sodai/__init__.py for tasks to queue
[2025-11-18T18:58:23.463+0000] {logging_mixin.py:188} INFO - [2025-11-18T18:58:23.463+0000] {dagbag.py:540} INFO - Filling up the DagBag from /opt/airflow/dags/sodai/__init__.py
[2025-11-18T18:58:23.472+0000] {processor.py:842} WARNING - No viable dags retrieved from /opt/airflow/dags/sodai/__init__.py
[2025-11-18T18:58:23.481+0000] {processor.py:183} INFO - Processing /opt/airflow/dags/sodai/__init__.py took 0.025 seconds
[2025-11-18T18:58:54.423+0000] {processor.py:161} INFO - Started process (PID=3990) to work on /opt/airflow/dags/sodai/__init__.py
[2025-11-18T18:58:54.424+0000] {processor.py:830} INFO - Processing file /opt/airflow/dags/sodai/__init__.py for tasks to queue
[2025-11-18T18:58:54.428+0000] {logging_mixin.py:188} INFO - [2025-11-18T18:58:54.428+0000] {dagbag.py:540} INFO - Filling up the DagBag from /opt/airflow/dags/sodai/__init__.py
[2025-11-18T18:58:54.442+0000] {processor.py:842} WARNING - No viable dags retrieved from /opt/airflow/dags/sodai/__init__.py
[2025-11-18T18:58:54.451+0000] {processor.py:183} INFO - Processing /opt/airflow/dags/sodai/__init__.py took 0.032 seconds
[2025-11-18T18:59:25.167+0000] {processor.py:161} INFO - Started process (PID=4000) to work on /opt/airflow/dags/sodai/__init__.py
[2025-11-18T18:59:25.167+0000] {processor.py:830} INFO - Processing file /opt/airflow/dags/sodai/__init__.py for tasks to queue
[2025-11-18T18:59:25.169+0000] {logging_mixin.py:188} INFO - [2025-11-18T18:59:25.169+0000] {dagbag.py:540} INFO - Filling up the DagBag from /opt/airflow/dags/sodai/__init__.py
[2025-11-18T18:59:25.181+0000] {processor.py:842} WARNING - No viable dags retrieved from /opt/airflow/dags/sodai/__init__.py
[2025-11-18T18:59:25.191+0000] {processor.py:183} INFO - Processing /opt/airflow/dags/sodai/__init__.py took 0.029 seconds
[2025-11-18T18:59:55.987+0000] {processor.py:161} INFO - Started process (PID=4010) to work on /opt/airflow/dags/sodai/__init__.py
[2025-11-18T18:59:55.989+0000] {processor.py:830} INFO - Processing file /opt/airflow/dags/sodai/__init__.py for tasks to queue
[2025-11-18T18:59:55.992+0000] {logging_mixin.py:188} INFO - [2025-11-18T18:59:55.991+0000] {dagbag.py:540} INFO - Filling up the DagBag from /opt/airflow/dags/sodai/__init__.py
[2025-11-18T18:59:56.079+0000] {processor.py:842} WARNING - No viable dags retrieved from /opt/airflow/dags/sodai/__init__.py
[2025-11-18T18:59:56.090+0000] {processor.py:183} INFO - Processing /opt/airflow/dags/sodai/__init__.py took 0.107 seconds
[2025-11-18T19:00:26.749+0000] {processor.py:161} INFO - Started process (PID=4020) to work on /opt/airflow/dags/sodai/__init__.py
[2025-11-18T19:00:26.750+0000] {processor.py:830} INFO - Processing file /opt/airflow/dags/sodai/__init__.py for tasks to queue
[2025-11-18T19:00:26.752+0000] {logging_mixin.py:188} INFO - [2025-11-18T19:00:26.751+0000] {dagbag.py:540} INFO - Filling up the DagBag from /opt/airflow/dags/sodai/__init__.py
[2025-11-18T19:00:26.764+0000] {processor.py:842} WARNING - No viable dags retrieved from /opt/airflow/dags/sodai/__init__.py
[2025-11-18T19:00:26.774+0000] {processor.py:183} INFO - Processing /opt/airflow/dags/sodai/__init__.py took 0.030 seconds
[2025-11-18T19:00:57.440+0000] {processor.py:161} INFO - Started process (PID=4030) to work on /opt/airflow/dags/sodai/__init__.py
[2025-11-18T19:00:57.440+0000] {processor.py:830} INFO - Processing file /opt/airflow/dags/sodai/__init__.py for tasks to queue
[2025-11-18T19:00:57.442+0000] {logging_mixin.py:188} INFO - [2025-11-18T19:00:57.442+0000] {dagbag.py:540} INFO - Filling up the DagBag from /opt/airflow/dags/sodai/__init__.py
[2025-11-18T19:00:57.487+0000] {processor.py:842} WARNING - No viable dags retrieved from /opt/airflow/dags/sodai/__init__.py
[2025-11-18T19:00:57.497+0000] {processor.py:183} INFO - Processing /opt/airflow/dags/sodai/__init__.py took 0.062 seconds
[2025-11-18T19:01:28.267+0000] {processor.py:161} INFO - Started process (PID=4040) to work on /opt/airflow/dags/sodai/__init__.py
[2025-11-18T19:01:28.267+0000] {processor.py:830} INFO - Processing file /opt/airflow/dags/sodai/__init__.py for tasks to queue
[2025-11-18T19:01:28.269+0000] {logging_mixin.py:188} INFO - [2025-11-18T19:01:28.269+0000] {dagbag.py:540} INFO - Filling up the DagBag from /opt/airflow/dags/sodai/__init__.py
[2025-11-18T19:01:28.277+0000] {processor.py:842} WARNING - No viable dags retrieved from /opt/airflow/dags/sodai/__init__.py
[2025-11-18T19:01:28.288+0000] {processor.py:183} INFO - Processing /opt/airflow/dags/sodai/__init__.py took 0.026 seconds
[2025-11-18T19:01:58.775+0000] {processor.py:161} INFO - Started process (PID=4050) to work on /opt/airflow/dags/sodai/__init__.py
[2025-11-18T19:01:58.776+0000] {processor.py:830} INFO - Processing file /opt/airflow/dags/sodai/__init__.py for tasks to queue
[2025-11-18T19:01:58.778+0000] {logging_mixin.py:188} INFO - [2025-11-18T19:01:58.778+0000] {dagbag.py:540} INFO - Filling up the DagBag from /opt/airflow/dags/sodai/__init__.py
[2025-11-18T19:01:58.790+0000] {processor.py:842} WARNING - No viable dags retrieved from /opt/airflow/dags/sodai/__init__.py
[2025-11-18T19:01:58.800+0000] {processor.py:183} INFO - Processing /opt/airflow/dags/sodai/__init__.py took 0.030 seconds
[2025-11-18T19:02:29.393+0000] {processor.py:161} INFO - Started process (PID=4060) to work on /opt/airflow/dags/sodai/__init__.py
[2025-11-18T19:02:29.394+0000] {processor.py:830} INFO - Processing file /opt/airflow/dags/sodai/__init__.py for tasks to queue
[2025-11-18T19:02:29.395+0000] {logging_mixin.py:188} INFO - [2025-11-18T19:02:29.395+0000] {dagbag.py:540} INFO - Filling up the DagBag from /opt/airflow/dags/sodai/__init__.py
[2025-11-18T19:02:29.418+0000] {processor.py:842} WARNING - No viable dags retrieved from /opt/airflow/dags/sodai/__init__.py
[2025-11-18T19:02:29.428+0000] {processor.py:183} INFO - Processing /opt/airflow/dags/sodai/__init__.py took 0.040 seconds
[2025-11-18T19:02:59.958+0000] {processor.py:161} INFO - Started process (PID=4070) to work on /opt/airflow/dags/sodai/__init__.py
[2025-11-18T19:02:59.959+0000] {processor.py:830} INFO - Processing file /opt/airflow/dags/sodai/__init__.py for tasks to queue
[2025-11-18T19:02:59.960+0000] {logging_mixin.py:188} INFO - [2025-11-18T19:02:59.960+0000] {dagbag.py:540} INFO - Filling up the DagBag from /opt/airflow/dags/sodai/__init__.py
[2025-11-18T19:02:59.968+0000] {processor.py:842} WARNING - No viable dags retrieved from /opt/airflow/dags/sodai/__init__.py
[2025-11-18T19:02:59.979+0000] {processor.py:183} INFO - Processing /opt/airflow/dags/sodai/__init__.py took 0.025 seconds
[2025-11-18T19:03:30.788+0000] {processor.py:161} INFO - Started process (PID=4080) to work on /opt/airflow/dags/sodai/__init__.py
[2025-11-18T19:03:30.789+0000] {processor.py:830} INFO - Processing file /opt/airflow/dags/sodai/__init__.py for tasks to queue
[2025-11-18T19:03:30.791+0000] {logging_mixin.py:188} INFO - [2025-11-18T19:03:30.790+0000] {dagbag.py:540} INFO - Filling up the DagBag from /opt/airflow/dags/sodai/__init__.py
[2025-11-18T19:03:30.801+0000] {processor.py:842} WARNING - No viable dags retrieved from /opt/airflow/dags/sodai/__init__.py
[2025-11-18T19:03:30.810+0000] {processor.py:183} INFO - Processing /opt/airflow/dags/sodai/__init__.py took 0.026 seconds
[2025-11-18T19:04:01.453+0000] {processor.py:161} INFO - Started process (PID=4090) to work on /opt/airflow/dags/sodai/__init__.py
[2025-11-18T19:04:01.455+0000] {processor.py:830} INFO - Processing file /opt/airflow/dags/sodai/__init__.py for tasks to queue
[2025-11-18T19:04:01.457+0000] {logging_mixin.py:188} INFO - [2025-11-18T19:04:01.456+0000] {dagbag.py:540} INFO - Filling up the DagBag from /opt/airflow/dags/sodai/__init__.py
[2025-11-18T19:04:01.471+0000] {processor.py:842} WARNING - No viable dags retrieved from /opt/airflow/dags/sodai/__init__.py
[2025-11-18T19:04:01.481+0000] {processor.py:183} INFO - Processing /opt/airflow/dags/sodai/__init__.py took 0.033 seconds
[2025-11-18T19:04:32.002+0000] {processor.py:161} INFO - Started process (PID=4100) to work on /opt/airflow/dags/sodai/__init__.py
[2025-11-18T19:04:32.002+0000] {processor.py:830} INFO - Processing file /opt/airflow/dags/sodai/__init__.py for tasks to queue
[2025-11-18T19:04:32.004+0000] {logging_mixin.py:188} INFO - [2025-11-18T19:04:32.004+0000] {dagbag.py:540} INFO - Filling up the DagBag from /opt/airflow/dags/sodai/__init__.py
[2025-11-18T19:04:32.011+0000] {processor.py:842} WARNING - No viable dags retrieved from /opt/airflow/dags/sodai/__init__.py
[2025-11-18T19:04:32.022+0000] {processor.py:183} INFO - Processing /opt/airflow/dags/sodai/__init__.py took 0.024 seconds
[2025-11-18T19:05:02.553+0000] {processor.py:161} INFO - Started process (PID=4110) to work on /opt/airflow/dags/sodai/__init__.py
[2025-11-18T19:05:02.554+0000] {processor.py:830} INFO - Processing file /opt/airflow/dags/sodai/__init__.py for tasks to queue
[2025-11-18T19:05:02.556+0000] {logging_mixin.py:188} INFO - [2025-11-18T19:05:02.555+0000] {dagbag.py:540} INFO - Filling up the DagBag from /opt/airflow/dags/sodai/__init__.py
[2025-11-18T19:05:02.563+0000] {processor.py:842} WARNING - No viable dags retrieved from /opt/airflow/dags/sodai/__init__.py
[2025-11-18T19:05:02.574+0000] {processor.py:183} INFO - Processing /opt/airflow/dags/sodai/__init__.py took 0.025 seconds
[2025-11-18T19:05:33.295+0000] {processor.py:161} INFO - Started process (PID=4120) to work on /opt/airflow/dags/sodai/__init__.py
[2025-11-18T19:05:33.295+0000] {processor.py:830} INFO - Processing file /opt/airflow/dags/sodai/__init__.py for tasks to queue
[2025-11-18T19:05:33.297+0000] {logging_mixin.py:188} INFO - [2025-11-18T19:05:33.296+0000] {dagbag.py:540} INFO - Filling up the DagBag from /opt/airflow/dags/sodai/__init__.py
[2025-11-18T19:05:33.313+0000] {processor.py:842} WARNING - No viable dags retrieved from /opt/airflow/dags/sodai/__init__.py
[2025-11-18T19:05:33.324+0000] {processor.py:183} INFO - Processing /opt/airflow/dags/sodai/__init__.py took 0.034 seconds
[2025-11-18T19:06:03.929+0000] {processor.py:161} INFO - Started process (PID=4130) to work on /opt/airflow/dags/sodai/__init__.py
[2025-11-18T19:06:03.930+0000] {processor.py:830} INFO - Processing file /opt/airflow/dags/sodai/__init__.py for tasks to queue
[2025-11-18T19:06:03.933+0000] {logging_mixin.py:188} INFO - [2025-11-18T19:06:03.933+0000] {dagbag.py:540} INFO - Filling up the DagBag from /opt/airflow/dags/sodai/__init__.py
[2025-11-18T19:06:03.990+0000] {processor.py:842} WARNING - No viable dags retrieved from /opt/airflow/dags/sodai/__init__.py
[2025-11-18T19:06:04.001+0000] {processor.py:183} INFO - Processing /opt/airflow/dags/sodai/__init__.py took 0.077 seconds
[2025-11-18T19:06:34.675+0000] {processor.py:161} INFO - Started process (PID=4140) to work on /opt/airflow/dags/sodai/__init__.py
[2025-11-18T19:06:34.676+0000] {processor.py:830} INFO - Processing file /opt/airflow/dags/sodai/__init__.py for tasks to queue
[2025-11-18T19:06:34.678+0000] {logging_mixin.py:188} INFO - [2025-11-18T19:06:34.678+0000] {dagbag.py:540} INFO - Filling up the DagBag from /opt/airflow/dags/sodai/__init__.py
[2025-11-18T19:06:34.697+0000] {processor.py:842} WARNING - No viable dags retrieved from /opt/airflow/dags/sodai/__init__.py
[2025-11-18T19:06:34.707+0000] {processor.py:183} INFO - Processing /opt/airflow/dags/sodai/__init__.py took 0.036 seconds
[2025-11-18T19:07:05.287+0000] {processor.py:161} INFO - Started process (PID=4150) to work on /opt/airflow/dags/sodai/__init__.py
[2025-11-18T19:07:05.289+0000] {processor.py:830} INFO - Processing file /opt/airflow/dags/sodai/__init__.py for tasks to queue
[2025-11-18T19:07:05.291+0000] {logging_mixin.py:188} INFO - [2025-11-18T19:07:05.290+0000] {dagbag.py:540} INFO - Filling up the DagBag from /opt/airflow/dags/sodai/__init__.py
[2025-11-18T19:07:05.300+0000] {processor.py:842} WARNING - No viable dags retrieved from /opt/airflow/dags/sodai/__init__.py
[2025-11-18T19:07:05.311+0000] {processor.py:183} INFO - Processing /opt/airflow/dags/sodai/__init__.py took 0.029 seconds
[2025-11-18T19:07:35.941+0000] {processor.py:161} INFO - Started process (PID=4160) to work on /opt/airflow/dags/sodai/__init__.py
[2025-11-18T19:07:35.942+0000] {processor.py:830} INFO - Processing file /opt/airflow/dags/sodai/__init__.py for tasks to queue
[2025-11-18T19:07:35.943+0000] {logging_mixin.py:188} INFO - [2025-11-18T19:07:35.943+0000] {dagbag.py:540} INFO - Filling up the DagBag from /opt/airflow/dags/sodai/__init__.py
[2025-11-18T19:07:35.951+0000] {processor.py:842} WARNING - No viable dags retrieved from /opt/airflow/dags/sodai/__init__.py
[2025-11-18T19:07:35.960+0000] {processor.py:183} INFO - Processing /opt/airflow/dags/sodai/__init__.py took 0.024 seconds
[2025-11-18T19:08:06.477+0000] {processor.py:161} INFO - Started process (PID=4170) to work on /opt/airflow/dags/sodai/__init__.py
[2025-11-18T19:08:06.481+0000] {processor.py:830} INFO - Processing file /opt/airflow/dags/sodai/__init__.py for tasks to queue
[2025-11-18T19:08:06.483+0000] {logging_mixin.py:188} INFO - [2025-11-18T19:08:06.483+0000] {dagbag.py:540} INFO - Filling up the DagBag from /opt/airflow/dags/sodai/__init__.py
[2025-11-18T19:08:06.491+0000] {processor.py:842} WARNING - No viable dags retrieved from /opt/airflow/dags/sodai/__init__.py
[2025-11-18T19:08:06.503+0000] {processor.py:183} INFO - Processing /opt/airflow/dags/sodai/__init__.py took 0.030 seconds
[2025-11-18T19:08:37.126+0000] {processor.py:161} INFO - Started process (PID=4180) to work on /opt/airflow/dags/sodai/__init__.py
[2025-11-18T19:08:37.131+0000] {processor.py:830} INFO - Processing file /opt/airflow/dags/sodai/__init__.py for tasks to queue
[2025-11-18T19:08:37.135+0000] {logging_mixin.py:188} INFO - [2025-11-18T19:08:37.134+0000] {dagbag.py:540} INFO - Filling up the DagBag from /opt/airflow/dags/sodai/__init__.py
[2025-11-18T19:08:37.166+0000] {processor.py:842} WARNING - No viable dags retrieved from /opt/airflow/dags/sodai/__init__.py
[2025-11-18T19:08:37.178+0000] {processor.py:183} INFO - Processing /opt/airflow/dags/sodai/__init__.py took 0.058 seconds
[2025-11-18T19:09:08.235+0000] {processor.py:161} INFO - Started process (PID=4190) to work on /opt/airflow/dags/sodai/__init__.py
[2025-11-18T19:09:08.236+0000] {processor.py:830} INFO - Processing file /opt/airflow/dags/sodai/__init__.py for tasks to queue
[2025-11-18T19:09:08.238+0000] {logging_mixin.py:188} INFO - [2025-11-18T19:09:08.237+0000] {dagbag.py:540} INFO - Filling up the DagBag from /opt/airflow/dags/sodai/__init__.py
[2025-11-18T19:09:08.253+0000] {processor.py:842} WARNING - No viable dags retrieved from /opt/airflow/dags/sodai/__init__.py
[2025-11-18T19:09:08.264+0000] {processor.py:183} INFO - Processing /opt/airflow/dags/sodai/__init__.py took 0.034 seconds
[2025-11-18T19:09:38.789+0000] {processor.py:161} INFO - Started process (PID=4200) to work on /opt/airflow/dags/sodai/__init__.py
[2025-11-18T19:09:38.790+0000] {processor.py:830} INFO - Processing file /opt/airflow/dags/sodai/__init__.py for tasks to queue
[2025-11-18T19:09:38.792+0000] {logging_mixin.py:188} INFO - [2025-11-18T19:09:38.792+0000] {dagbag.py:540} INFO - Filling up the DagBag from /opt/airflow/dags/sodai/__init__.py
[2025-11-18T19:09:38.800+0000] {processor.py:842} WARNING - No viable dags retrieved from /opt/airflow/dags/sodai/__init__.py
[2025-11-18T19:09:38.809+0000] {processor.py:183} INFO - Processing /opt/airflow/dags/sodai/__init__.py took 0.024 seconds
[2025-11-18T19:10:09.644+0000] {processor.py:161} INFO - Started process (PID=4210) to work on /opt/airflow/dags/sodai/__init__.py
[2025-11-18T19:10:09.644+0000] {processor.py:830} INFO - Processing file /opt/airflow/dags/sodai/__init__.py for tasks to queue
[2025-11-18T19:10:09.646+0000] {logging_mixin.py:188} INFO - [2025-11-18T19:10:09.646+0000] {dagbag.py:540} INFO - Filling up the DagBag from /opt/airflow/dags/sodai/__init__.py
[2025-11-18T19:10:09.654+0000] {processor.py:842} WARNING - No viable dags retrieved from /opt/airflow/dags/sodai/__init__.py
[2025-11-18T19:10:09.664+0000] {processor.py:183} INFO - Processing /opt/airflow/dags/sodai/__init__.py took 0.026 seconds
[2025-11-18T19:10:40.191+0000] {processor.py:161} INFO - Started process (PID=4220) to work on /opt/airflow/dags/sodai/__init__.py
[2025-11-18T19:10:40.191+0000] {processor.py:830} INFO - Processing file /opt/airflow/dags/sodai/__init__.py for tasks to queue
[2025-11-18T19:10:40.193+0000] {logging_mixin.py:188} INFO - [2025-11-18T19:10:40.193+0000] {dagbag.py:540} INFO - Filling up the DagBag from /opt/airflow/dags/sodai/__init__.py
[2025-11-18T19:10:40.201+0000] {processor.py:842} WARNING - No viable dags retrieved from /opt/airflow/dags/sodai/__init__.py
[2025-11-18T19:10:40.212+0000] {processor.py:183} INFO - Processing /opt/airflow/dags/sodai/__init__.py took 0.026 seconds
[2025-11-18T19:11:10.721+0000] {processor.py:161} INFO - Started process (PID=4230) to work on /opt/airflow/dags/sodai/__init__.py
[2025-11-18T19:11:10.722+0000] {processor.py:830} INFO - Processing file /opt/airflow/dags/sodai/__init__.py for tasks to queue
[2025-11-18T19:11:10.723+0000] {logging_mixin.py:188} INFO - [2025-11-18T19:11:10.723+0000] {dagbag.py:540} INFO - Filling up the DagBag from /opt/airflow/dags/sodai/__init__.py
[2025-11-18T19:11:10.731+0000] {processor.py:842} WARNING - No viable dags retrieved from /opt/airflow/dags/sodai/__init__.py
[2025-11-18T19:11:10.741+0000] {processor.py:183} INFO - Processing /opt/airflow/dags/sodai/__init__.py took 0.025 seconds
[2025-11-18T19:11:41.311+0000] {processor.py:161} INFO - Started process (PID=4240) to work on /opt/airflow/dags/sodai/__init__.py
[2025-11-18T19:11:41.312+0000] {processor.py:830} INFO - Processing file /opt/airflow/dags/sodai/__init__.py for tasks to queue
[2025-11-18T19:11:41.314+0000] {logging_mixin.py:188} INFO - [2025-11-18T19:11:41.314+0000] {dagbag.py:540} INFO - Filling up the DagBag from /opt/airflow/dags/sodai/__init__.py
[2025-11-18T19:11:41.378+0000] {processor.py:842} WARNING - No viable dags retrieved from /opt/airflow/dags/sodai/__init__.py
[2025-11-18T19:11:41.390+0000] {processor.py:183} INFO - Processing /opt/airflow/dags/sodai/__init__.py took 0.084 seconds
[2025-11-18T19:12:12.284+0000] {processor.py:161} INFO - Started process (PID=4250) to work on /opt/airflow/dags/sodai/__init__.py
[2025-11-18T19:12:12.285+0000] {processor.py:830} INFO - Processing file /opt/airflow/dags/sodai/__init__.py for tasks to queue
[2025-11-18T19:12:12.286+0000] {logging_mixin.py:188} INFO - [2025-11-18T19:12:12.286+0000] {dagbag.py:540} INFO - Filling up the DagBag from /opt/airflow/dags/sodai/__init__.py
[2025-11-18T19:12:12.297+0000] {processor.py:842} WARNING - No viable dags retrieved from /opt/airflow/dags/sodai/__init__.py
[2025-11-18T19:12:12.307+0000] {processor.py:183} INFO - Processing /opt/airflow/dags/sodai/__init__.py took 0.028 seconds
[2025-11-18T19:12:42.954+0000] {processor.py:161} INFO - Started process (PID=4260) to work on /opt/airflow/dags/sodai/__init__.py
[2025-11-18T19:12:42.955+0000] {processor.py:830} INFO - Processing file /opt/airflow/dags/sodai/__init__.py for tasks to queue
[2025-11-18T19:12:42.957+0000] {logging_mixin.py:188} INFO - [2025-11-18T19:12:42.956+0000] {dagbag.py:540} INFO - Filling up the DagBag from /opt/airflow/dags/sodai/__init__.py
[2025-11-18T19:12:42.965+0000] {processor.py:842} WARNING - No viable dags retrieved from /opt/airflow/dags/sodai/__init__.py
[2025-11-18T19:12:42.976+0000] {processor.py:183} INFO - Processing /opt/airflow/dags/sodai/__init__.py took 0.027 seconds
[2025-11-18T19:13:13.738+0000] {processor.py:161} INFO - Started process (PID=4270) to work on /opt/airflow/dags/sodai/__init__.py
[2025-11-18T19:13:13.739+0000] {processor.py:830} INFO - Processing file /opt/airflow/dags/sodai/__init__.py for tasks to queue
[2025-11-18T19:13:13.741+0000] {logging_mixin.py:188} INFO - [2025-11-18T19:13:13.741+0000] {dagbag.py:540} INFO - Filling up the DagBag from /opt/airflow/dags/sodai/__init__.py
[2025-11-18T19:13:13.748+0000] {processor.py:842} WARNING - No viable dags retrieved from /opt/airflow/dags/sodai/__init__.py
[2025-11-18T19:13:13.758+0000] {processor.py:183} INFO - Processing /opt/airflow/dags/sodai/__init__.py took 0.025 seconds
[2025-11-18T19:13:44.515+0000] {processor.py:161} INFO - Started process (PID=4280) to work on /opt/airflow/dags/sodai/__init__.py
[2025-11-18T19:13:44.516+0000] {processor.py:830} INFO - Processing file /opt/airflow/dags/sodai/__init__.py for tasks to queue
[2025-11-18T19:13:44.518+0000] {logging_mixin.py:188} INFO - [2025-11-18T19:13:44.517+0000] {dagbag.py:540} INFO - Filling up the DagBag from /opt/airflow/dags/sodai/__init__.py
[2025-11-18T19:13:44.617+0000] {processor.py:842} WARNING - No viable dags retrieved from /opt/airflow/dags/sodai/__init__.py
[2025-11-18T19:13:44.627+0000] {processor.py:183} INFO - Processing /opt/airflow/dags/sodai/__init__.py took 0.118 seconds
[2025-11-18T19:14:15.499+0000] {processor.py:161} INFO - Started process (PID=4290) to work on /opt/airflow/dags/sodai/__init__.py
[2025-11-18T19:14:15.500+0000] {processor.py:830} INFO - Processing file /opt/airflow/dags/sodai/__init__.py for tasks to queue
[2025-11-18T19:14:15.501+0000] {logging_mixin.py:188} INFO - [2025-11-18T19:14:15.501+0000] {dagbag.py:540} INFO - Filling up the DagBag from /opt/airflow/dags/sodai/__init__.py
[2025-11-18T19:14:15.510+0000] {processor.py:842} WARNING - No viable dags retrieved from /opt/airflow/dags/sodai/__init__.py
[2025-11-18T19:14:15.519+0000] {processor.py:183} INFO - Processing /opt/airflow/dags/sodai/__init__.py took 0.025 seconds
[2025-11-18T19:14:46.150+0000] {processor.py:161} INFO - Started process (PID=4300) to work on /opt/airflow/dags/sodai/__init__.py
[2025-11-18T19:14:46.151+0000] {processor.py:830} INFO - Processing file /opt/airflow/dags/sodai/__init__.py for tasks to queue
[2025-11-18T19:14:46.153+0000] {logging_mixin.py:188} INFO - [2025-11-18T19:14:46.153+0000] {dagbag.py:540} INFO - Filling up the DagBag from /opt/airflow/dags/sodai/__init__.py
[2025-11-18T19:14:46.162+0000] {processor.py:842} WARNING - No viable dags retrieved from /opt/airflow/dags/sodai/__init__.py
[2025-11-18T19:14:46.172+0000] {processor.py:183} INFO - Processing /opt/airflow/dags/sodai/__init__.py took 0.027 seconds
[2025-11-18T19:15:16.665+0000] {processor.py:161} INFO - Started process (PID=4310) to work on /opt/airflow/dags/sodai/__init__.py
[2025-11-18T19:15:16.666+0000] {processor.py:830} INFO - Processing file /opt/airflow/dags/sodai/__init__.py for tasks to queue
[2025-11-18T19:15:16.668+0000] {logging_mixin.py:188} INFO - [2025-11-18T19:15:16.667+0000] {dagbag.py:540} INFO - Filling up the DagBag from /opt/airflow/dags/sodai/__init__.py
[2025-11-18T19:15:16.675+0000] {processor.py:842} WARNING - No viable dags retrieved from /opt/airflow/dags/sodai/__init__.py
[2025-11-18T19:15:16.686+0000] {processor.py:183} INFO - Processing /opt/airflow/dags/sodai/__init__.py took 0.026 seconds
[2025-11-18T19:15:47.250+0000] {processor.py:161} INFO - Started process (PID=4320) to work on /opt/airflow/dags/sodai/__init__.py
[2025-11-18T19:15:47.251+0000] {processor.py:830} INFO - Processing file /opt/airflow/dags/sodai/__init__.py for tasks to queue
[2025-11-18T19:15:47.252+0000] {logging_mixin.py:188} INFO - [2025-11-18T19:15:47.252+0000] {dagbag.py:540} INFO - Filling up the DagBag from /opt/airflow/dags/sodai/__init__.py
[2025-11-18T19:15:47.260+0000] {processor.py:842} WARNING - No viable dags retrieved from /opt/airflow/dags/sodai/__init__.py
[2025-11-18T19:15:47.270+0000] {processor.py:183} INFO - Processing /opt/airflow/dags/sodai/__init__.py took 0.025 seconds
[2025-11-18T19:16:17.873+0000] {processor.py:161} INFO - Started process (PID=4330) to work on /opt/airflow/dags/sodai/__init__.py
[2025-11-18T19:16:17.874+0000] {processor.py:830} INFO - Processing file /opt/airflow/dags/sodai/__init__.py for tasks to queue
[2025-11-18T19:16:17.876+0000] {logging_mixin.py:188} INFO - [2025-11-18T19:16:17.875+0000] {dagbag.py:540} INFO - Filling up the DagBag from /opt/airflow/dags/sodai/__init__.py
[2025-11-18T19:16:17.893+0000] {processor.py:842} WARNING - No viable dags retrieved from /opt/airflow/dags/sodai/__init__.py
[2025-11-18T19:16:17.903+0000] {processor.py:183} INFO - Processing /opt/airflow/dags/sodai/__init__.py took 0.034 seconds
[2025-11-18T19:16:48.430+0000] {processor.py:161} INFO - Started process (PID=4340) to work on /opt/airflow/dags/sodai/__init__.py
[2025-11-18T19:16:48.431+0000] {processor.py:830} INFO - Processing file /opt/airflow/dags/sodai/__init__.py for tasks to queue
[2025-11-18T19:16:48.432+0000] {logging_mixin.py:188} INFO - [2025-11-18T19:16:48.432+0000] {dagbag.py:540} INFO - Filling up the DagBag from /opt/airflow/dags/sodai/__init__.py
[2025-11-18T19:16:48.441+0000] {processor.py:842} WARNING - No viable dags retrieved from /opt/airflow/dags/sodai/__init__.py
[2025-11-18T19:16:48.451+0000] {processor.py:183} INFO - Processing /opt/airflow/dags/sodai/__init__.py took 0.026 seconds
[2025-11-18T19:17:19.069+0000] {processor.py:161} INFO - Started process (PID=4350) to work on /opt/airflow/dags/sodai/__init__.py
[2025-11-18T19:17:19.070+0000] {processor.py:830} INFO - Processing file /opt/airflow/dags/sodai/__init__.py for tasks to queue
[2025-11-18T19:17:19.071+0000] {logging_mixin.py:188} INFO - [2025-11-18T19:17:19.071+0000] {dagbag.py:540} INFO - Filling up the DagBag from /opt/airflow/dags/sodai/__init__.py
[2025-11-18T19:17:19.085+0000] {processor.py:842} WARNING - No viable dags retrieved from /opt/airflow/dags/sodai/__init__.py
[2025-11-18T19:17:19.095+0000] {processor.py:183} INFO - Processing /opt/airflow/dags/sodai/__init__.py took 0.029 seconds
[2025-11-18T19:17:49.750+0000] {processor.py:161} INFO - Started process (PID=4360) to work on /opt/airflow/dags/sodai/__init__.py
[2025-11-18T19:17:49.750+0000] {processor.py:830} INFO - Processing file /opt/airflow/dags/sodai/__init__.py for tasks to queue
[2025-11-18T19:17:49.752+0000] {logging_mixin.py:188} INFO - [2025-11-18T19:17:49.752+0000] {dagbag.py:540} INFO - Filling up the DagBag from /opt/airflow/dags/sodai/__init__.py
[2025-11-18T19:17:49.761+0000] {processor.py:842} WARNING - No viable dags retrieved from /opt/airflow/dags/sodai/__init__.py
[2025-11-18T19:17:49.770+0000] {processor.py:183} INFO - Processing /opt/airflow/dags/sodai/__init__.py took 0.025 seconds
[2025-11-18T19:18:20.557+0000] {processor.py:161} INFO - Started process (PID=4370) to work on /opt/airflow/dags/sodai/__init__.py
[2025-11-18T19:18:20.558+0000] {processor.py:830} INFO - Processing file /opt/airflow/dags/sodai/__init__.py for tasks to queue
[2025-11-18T19:18:20.559+0000] {logging_mixin.py:188} INFO - [2025-11-18T19:18:20.559+0000] {dagbag.py:540} INFO - Filling up the DagBag from /opt/airflow/dags/sodai/__init__.py
[2025-11-18T19:18:20.567+0000] {processor.py:842} WARNING - No viable dags retrieved from /opt/airflow/dags/sodai/__init__.py
[2025-11-18T19:18:20.577+0000] {processor.py:183} INFO - Processing /opt/airflow/dags/sodai/__init__.py took 0.025 seconds
[2025-11-18T19:18:51.097+0000] {processor.py:161} INFO - Started process (PID=4380) to work on /opt/airflow/dags/sodai/__init__.py
[2025-11-18T19:18:51.098+0000] {processor.py:830} INFO - Processing file /opt/airflow/dags/sodai/__init__.py for tasks to queue
[2025-11-18T19:18:51.100+0000] {logging_mixin.py:188} INFO - [2025-11-18T19:18:51.100+0000] {dagbag.py:540} INFO - Filling up the DagBag from /opt/airflow/dags/sodai/__init__.py
[2025-11-18T19:18:51.117+0000] {processor.py:842} WARNING - No viable dags retrieved from /opt/airflow/dags/sodai/__init__.py
[2025-11-18T19:18:51.126+0000] {processor.py:183} INFO - Processing /opt/airflow/dags/sodai/__init__.py took 0.033 seconds
[2025-11-18T19:19:21.808+0000] {processor.py:161} INFO - Started process (PID=4390) to work on /opt/airflow/dags/sodai/__init__.py
[2025-11-18T19:19:21.809+0000] {processor.py:830} INFO - Processing file /opt/airflow/dags/sodai/__init__.py for tasks to queue
[2025-11-18T19:19:21.810+0000] {logging_mixin.py:188} INFO - [2025-11-18T19:19:21.810+0000] {dagbag.py:540} INFO - Filling up the DagBag from /opt/airflow/dags/sodai/__init__.py
[2025-11-18T19:19:21.818+0000] {processor.py:842} WARNING - No viable dags retrieved from /opt/airflow/dags/sodai/__init__.py
[2025-11-18T19:19:21.828+0000] {processor.py:183} INFO - Processing /opt/airflow/dags/sodai/__init__.py took 0.025 seconds
[2025-11-18T19:19:52.390+0000] {processor.py:161} INFO - Started process (PID=4400) to work on /opt/airflow/dags/sodai/__init__.py
[2025-11-18T19:19:52.391+0000] {processor.py:830} INFO - Processing file /opt/airflow/dags/sodai/__init__.py for tasks to queue
[2025-11-18T19:19:52.393+0000] {logging_mixin.py:188} INFO - [2025-11-18T19:19:52.392+0000] {dagbag.py:540} INFO - Filling up the DagBag from /opt/airflow/dags/sodai/__init__.py
[2025-11-18T19:19:52.400+0000] {processor.py:842} WARNING - No viable dags retrieved from /opt/airflow/dags/sodai/__init__.py
[2025-11-18T19:19:52.411+0000] {processor.py:183} INFO - Processing /opt/airflow/dags/sodai/__init__.py took 0.025 seconds
[2025-11-18T19:20:22.995+0000] {processor.py:161} INFO - Started process (PID=4410) to work on /opt/airflow/dags/sodai/__init__.py
[2025-11-18T19:20:22.996+0000] {processor.py:830} INFO - Processing file /opt/airflow/dags/sodai/__init__.py for tasks to queue
[2025-11-18T19:20:22.999+0000] {logging_mixin.py:188} INFO - [2025-11-18T19:20:22.998+0000] {dagbag.py:540} INFO - Filling up the DagBag from /opt/airflow/dags/sodai/__init__.py
[2025-11-18T19:20:23.009+0000] {processor.py:842} WARNING - No viable dags retrieved from /opt/airflow/dags/sodai/__init__.py
[2025-11-18T19:20:23.019+0000] {processor.py:183} INFO - Processing /opt/airflow/dags/sodai/__init__.py took 0.029 seconds
[2025-11-18T19:20:53.777+0000] {processor.py:161} INFO - Started process (PID=4420) to work on /opt/airflow/dags/sodai/__init__.py
[2025-11-18T19:20:53.777+0000] {processor.py:830} INFO - Processing file /opt/airflow/dags/sodai/__init__.py for tasks to queue
[2025-11-18T19:20:53.779+0000] {logging_mixin.py:188} INFO - [2025-11-18T19:20:53.778+0000] {dagbag.py:540} INFO - Filling up the DagBag from /opt/airflow/dags/sodai/__init__.py
[2025-11-18T19:20:53.786+0000] {processor.py:842} WARNING - No viable dags retrieved from /opt/airflow/dags/sodai/__init__.py
[2025-11-18T19:20:53.798+0000] {processor.py:183} INFO - Processing /opt/airflow/dags/sodai/__init__.py took 0.025 seconds
[2025-11-18T19:21:24.714+0000] {processor.py:161} INFO - Started process (PID=4430) to work on /opt/airflow/dags/sodai/__init__.py
[2025-11-18T19:21:24.717+0000] {processor.py:830} INFO - Processing file /opt/airflow/dags/sodai/__init__.py for tasks to queue
[2025-11-18T19:21:24.719+0000] {logging_mixin.py:188} INFO - [2025-11-18T19:21:24.718+0000] {dagbag.py:540} INFO - Filling up the DagBag from /opt/airflow/dags/sodai/__init__.py
[2025-11-18T19:21:24.736+0000] {processor.py:842} WARNING - No viable dags retrieved from /opt/airflow/dags/sodai/__init__.py
[2025-11-18T19:21:24.746+0000] {processor.py:183} INFO - Processing /opt/airflow/dags/sodai/__init__.py took 0.036 seconds
[2025-11-18T19:21:55.467+0000] {processor.py:161} INFO - Started process (PID=4440) to work on /opt/airflow/dags/sodai/__init__.py
[2025-11-18T19:21:55.467+0000] {processor.py:830} INFO - Processing file /opt/airflow/dags/sodai/__init__.py for tasks to queue
[2025-11-18T19:21:55.469+0000] {logging_mixin.py:188} INFO - [2025-11-18T19:21:55.469+0000] {dagbag.py:540} INFO - Filling up the DagBag from /opt/airflow/dags/sodai/__init__.py
[2025-11-18T19:21:55.477+0000] {processor.py:842} WARNING - No viable dags retrieved from /opt/airflow/dags/sodai/__init__.py
[2025-11-18T19:21:55.486+0000] {processor.py:183} INFO - Processing /opt/airflow/dags/sodai/__init__.py took 0.024 seconds
[2025-11-18T19:22:26.233+0000] {processor.py:161} INFO - Started process (PID=4450) to work on /opt/airflow/dags/sodai/__init__.py
[2025-11-18T19:22:26.234+0000] {processor.py:830} INFO - Processing file /opt/airflow/dags/sodai/__init__.py for tasks to queue
[2025-11-18T19:22:26.235+0000] {logging_mixin.py:188} INFO - [2025-11-18T19:22:26.235+0000] {dagbag.py:540} INFO - Filling up the DagBag from /opt/airflow/dags/sodai/__init__.py
[2025-11-18T19:22:26.250+0000] {processor.py:842} WARNING - No viable dags retrieved from /opt/airflow/dags/sodai/__init__.py
[2025-11-18T19:22:26.260+0000] {processor.py:183} INFO - Processing /opt/airflow/dags/sodai/__init__.py took 0.032 seconds
[2025-11-18T19:22:57.018+0000] {processor.py:161} INFO - Started process (PID=4460) to work on /opt/airflow/dags/sodai/__init__.py
[2025-11-18T19:22:57.019+0000] {processor.py:830} INFO - Processing file /opt/airflow/dags/sodai/__init__.py for tasks to queue
[2025-11-18T19:22:57.020+0000] {logging_mixin.py:188} INFO - [2025-11-18T19:22:57.020+0000] {dagbag.py:540} INFO - Filling up the DagBag from /opt/airflow/dags/sodai/__init__.py
[2025-11-18T19:22:57.036+0000] {processor.py:842} WARNING - No viable dags retrieved from /opt/airflow/dags/sodai/__init__.py
[2025-11-18T19:22:57.045+0000] {processor.py:183} INFO - Processing /opt/airflow/dags/sodai/__init__.py took 0.032 seconds
[2025-11-18T19:23:27.828+0000] {processor.py:161} INFO - Started process (PID=4470) to work on /opt/airflow/dags/sodai/__init__.py
[2025-11-18T19:23:27.830+0000] {processor.py:830} INFO - Processing file /opt/airflow/dags/sodai/__init__.py for tasks to queue
[2025-11-18T19:23:27.832+0000] {logging_mixin.py:188} INFO - [2025-11-18T19:23:27.832+0000] {dagbag.py:540} INFO - Filling up the DagBag from /opt/airflow/dags/sodai/__init__.py
[2025-11-18T19:23:27.901+0000] {processor.py:842} WARNING - No viable dags retrieved from /opt/airflow/dags/sodai/__init__.py
[2025-11-18T19:23:27.913+0000] {processor.py:183} INFO - Processing /opt/airflow/dags/sodai/__init__.py took 0.091 seconds
[2025-11-18T19:23:58.683+0000] {processor.py:161} INFO - Started process (PID=4480) to work on /opt/airflow/dags/sodai/__init__.py
[2025-11-18T19:23:58.684+0000] {processor.py:830} INFO - Processing file /opt/airflow/dags/sodai/__init__.py for tasks to queue
[2025-11-18T19:23:58.686+0000] {logging_mixin.py:188} INFO - [2025-11-18T19:23:58.685+0000] {dagbag.py:540} INFO - Filling up the DagBag from /opt/airflow/dags/sodai/__init__.py
[2025-11-18T19:23:58.694+0000] {processor.py:842} WARNING - No viable dags retrieved from /opt/airflow/dags/sodai/__init__.py
[2025-11-18T19:23:58.703+0000] {processor.py:183} INFO - Processing /opt/airflow/dags/sodai/__init__.py took 0.026 seconds
[2025-11-18T19:24:29.516+0000] {processor.py:161} INFO - Started process (PID=4490) to work on /opt/airflow/dags/sodai/__init__.py
[2025-11-18T19:24:29.517+0000] {processor.py:830} INFO - Processing file /opt/airflow/dags/sodai/__init__.py for tasks to queue
[2025-11-18T19:24:29.518+0000] {logging_mixin.py:188} INFO - [2025-11-18T19:24:29.518+0000] {dagbag.py:540} INFO - Filling up the DagBag from /opt/airflow/dags/sodai/__init__.py
[2025-11-18T19:24:29.535+0000] {processor.py:842} WARNING - No viable dags retrieved from /opt/airflow/dags/sodai/__init__.py
[2025-11-18T19:24:29.544+0000] {processor.py:183} INFO - Processing /opt/airflow/dags/sodai/__init__.py took 0.033 seconds
[2025-11-18T19:25:00.302+0000] {processor.py:161} INFO - Started process (PID=4500) to work on /opt/airflow/dags/sodai/__init__.py
[2025-11-18T19:25:00.302+0000] {processor.py:830} INFO - Processing file /opt/airflow/dags/sodai/__init__.py for tasks to queue
[2025-11-18T19:25:00.304+0000] {logging_mixin.py:188} INFO - [2025-11-18T19:25:00.304+0000] {dagbag.py:540} INFO - Filling up the DagBag from /opt/airflow/dags/sodai/__init__.py
[2025-11-18T19:25:00.315+0000] {processor.py:842} WARNING - No viable dags retrieved from /opt/airflow/dags/sodai/__init__.py
[2025-11-18T19:25:00.326+0000] {processor.py:183} INFO - Processing /opt/airflow/dags/sodai/__init__.py took 0.029 seconds
[2025-11-18T19:25:31.010+0000] {processor.py:161} INFO - Started process (PID=4510) to work on /opt/airflow/dags/sodai/__init__.py
[2025-11-18T19:25:31.010+0000] {processor.py:830} INFO - Processing file /opt/airflow/dags/sodai/__init__.py for tasks to queue
[2025-11-18T19:25:31.012+0000] {logging_mixin.py:188} INFO - [2025-11-18T19:25:31.012+0000] {dagbag.py:540} INFO - Filling up the DagBag from /opt/airflow/dags/sodai/__init__.py
[2025-11-18T19:25:31.024+0000] {processor.py:842} WARNING - No viable dags retrieved from /opt/airflow/dags/sodai/__init__.py
[2025-11-18T19:25:31.034+0000] {processor.py:183} INFO - Processing /opt/airflow/dags/sodai/__init__.py took 0.029 seconds
[2025-11-18T19:26:01.788+0000] {processor.py:161} INFO - Started process (PID=4520) to work on /opt/airflow/dags/sodai/__init__.py
[2025-11-18T19:26:01.789+0000] {processor.py:830} INFO - Processing file /opt/airflow/dags/sodai/__init__.py for tasks to queue
[2025-11-18T19:26:01.791+0000] {logging_mixin.py:188} INFO - [2025-11-18T19:26:01.791+0000] {dagbag.py:540} INFO - Filling up the DagBag from /opt/airflow/dags/sodai/__init__.py
[2025-11-18T19:26:01.799+0000] {processor.py:842} WARNING - No viable dags retrieved from /opt/airflow/dags/sodai/__init__.py
[2025-11-18T19:26:01.809+0000] {processor.py:183} INFO - Processing /opt/airflow/dags/sodai/__init__.py took 0.026 seconds
[2025-11-18T19:26:32.418+0000] {processor.py:161} INFO - Started process (PID=4530) to work on /opt/airflow/dags/sodai/__init__.py
[2025-11-18T19:26:32.419+0000] {processor.py:830} INFO - Processing file /opt/airflow/dags/sodai/__init__.py for tasks to queue
[2025-11-18T19:26:32.421+0000] {logging_mixin.py:188} INFO - [2025-11-18T19:26:32.420+0000] {dagbag.py:540} INFO - Filling up the DagBag from /opt/airflow/dags/sodai/__init__.py
[2025-11-18T19:26:32.429+0000] {processor.py:842} WARNING - No viable dags retrieved from /opt/airflow/dags/sodai/__init__.py
[2025-11-18T19:26:32.439+0000] {processor.py:183} INFO - Processing /opt/airflow/dags/sodai/__init__.py took 0.025 seconds
[2025-11-18T19:27:03.187+0000] {processor.py:161} INFO - Started process (PID=4540) to work on /opt/airflow/dags/sodai/__init__.py
[2025-11-18T19:27:03.188+0000] {processor.py:830} INFO - Processing file /opt/airflow/dags/sodai/__init__.py for tasks to queue
[2025-11-18T19:27:03.189+0000] {logging_mixin.py:188} INFO - [2025-11-18T19:27:03.189+0000] {dagbag.py:540} INFO - Filling up the DagBag from /opt/airflow/dags/sodai/__init__.py
[2025-11-18T19:27:03.197+0000] {processor.py:842} WARNING - No viable dags retrieved from /opt/airflow/dags/sodai/__init__.py
[2025-11-18T19:27:03.209+0000] {processor.py:183} INFO - Processing /opt/airflow/dags/sodai/__init__.py took 0.026 seconds
[2025-11-18T19:27:34.105+0000] {processor.py:161} INFO - Started process (PID=4550) to work on /opt/airflow/dags/sodai/__init__.py
[2025-11-18T19:27:34.106+0000] {processor.py:830} INFO - Processing file /opt/airflow/dags/sodai/__init__.py for tasks to queue
[2025-11-18T19:27:34.108+0000] {logging_mixin.py:188} INFO - [2025-11-18T19:27:34.107+0000] {dagbag.py:540} INFO - Filling up the DagBag from /opt/airflow/dags/sodai/__init__.py
[2025-11-18T19:27:34.116+0000] {processor.py:842} WARNING - No viable dags retrieved from /opt/airflow/dags/sodai/__init__.py
[2025-11-18T19:27:34.126+0000] {processor.py:183} INFO - Processing /opt/airflow/dags/sodai/__init__.py took 0.027 seconds
[2025-11-18T19:28:04.791+0000] {processor.py:161} INFO - Started process (PID=4560) to work on /opt/airflow/dags/sodai/__init__.py
[2025-11-18T19:28:04.792+0000] {processor.py:830} INFO - Processing file /opt/airflow/dags/sodai/__init__.py for tasks to queue
[2025-11-18T19:28:04.793+0000] {logging_mixin.py:188} INFO - [2025-11-18T19:28:04.793+0000] {dagbag.py:540} INFO - Filling up the DagBag from /opt/airflow/dags/sodai/__init__.py
[2025-11-18T19:28:04.810+0000] {processor.py:842} WARNING - No viable dags retrieved from /opt/airflow/dags/sodai/__init__.py
[2025-11-18T19:28:04.820+0000] {processor.py:183} INFO - Processing /opt/airflow/dags/sodai/__init__.py took 0.035 seconds
[2025-11-18T19:28:35.478+0000] {processor.py:161} INFO - Started process (PID=4570) to work on /opt/airflow/dags/sodai/__init__.py
[2025-11-18T19:28:35.479+0000] {processor.py:830} INFO - Processing file /opt/airflow/dags/sodai/__init__.py for tasks to queue
[2025-11-18T19:28:35.481+0000] {logging_mixin.py:188} INFO - [2025-11-18T19:28:35.480+0000] {dagbag.py:540} INFO - Filling up the DagBag from /opt/airflow/dags/sodai/__init__.py
[2025-11-18T19:28:35.494+0000] {processor.py:842} WARNING - No viable dags retrieved from /opt/airflow/dags/sodai/__init__.py
[2025-11-18T19:28:35.505+0000] {processor.py:183} INFO - Processing /opt/airflow/dags/sodai/__init__.py took 0.032 seconds
[2025-11-18T19:29:05.624+0000] {processor.py:161} INFO - Started process (PID=4580) to work on /opt/airflow/dags/sodai/__init__.py
[2025-11-18T19:29:05.625+0000] {processor.py:830} INFO - Processing file /opt/airflow/dags/sodai/__init__.py for tasks to queue
[2025-11-18T19:29:05.627+0000] {logging_mixin.py:188} INFO - [2025-11-18T19:29:05.627+0000] {dagbag.py:540} INFO - Filling up the DagBag from /opt/airflow/dags/sodai/__init__.py
[2025-11-18T19:29:05.638+0000] {processor.py:842} WARNING - No viable dags retrieved from /opt/airflow/dags/sodai/__init__.py
[2025-11-18T19:29:05.650+0000] {processor.py:183} INFO - Processing /opt/airflow/dags/sodai/__init__.py took 0.031 seconds
[2025-11-18T19:29:36.306+0000] {processor.py:161} INFO - Started process (PID=4590) to work on /opt/airflow/dags/sodai/__init__.py
[2025-11-18T19:29:36.307+0000] {processor.py:830} INFO - Processing file /opt/airflow/dags/sodai/__init__.py for tasks to queue
[2025-11-18T19:29:36.309+0000] {logging_mixin.py:188} INFO - [2025-11-18T19:29:36.309+0000] {dagbag.py:540} INFO - Filling up the DagBag from /opt/airflow/dags/sodai/__init__.py
[2025-11-18T19:29:36.319+0000] {processor.py:842} WARNING - No viable dags retrieved from /opt/airflow/dags/sodai/__init__.py
[2025-11-18T19:29:36.329+0000] {processor.py:183} INFO - Processing /opt/airflow/dags/sodai/__init__.py took 0.027 seconds
[2025-11-18T19:30:06.942+0000] {processor.py:161} INFO - Started process (PID=4622) to work on /opt/airflow/dags/sodai/__init__.py
[2025-11-18T19:30:06.943+0000] {processor.py:830} INFO - Processing file /opt/airflow/dags/sodai/__init__.py for tasks to queue
[2025-11-18T19:30:06.944+0000] {logging_mixin.py:188} INFO - [2025-11-18T19:30:06.944+0000] {dagbag.py:540} INFO - Filling up the DagBag from /opt/airflow/dags/sodai/__init__.py
[2025-11-18T19:30:06.952+0000] {processor.py:842} WARNING - No viable dags retrieved from /opt/airflow/dags/sodai/__init__.py
[2025-11-18T19:30:06.963+0000] {processor.py:183} INFO - Processing /opt/airflow/dags/sodai/__init__.py took 0.025 seconds
[2025-11-18T19:30:37.629+0000] {processor.py:161} INFO - Started process (PID=4632) to work on /opt/airflow/dags/sodai/__init__.py
[2025-11-18T19:30:37.630+0000] {processor.py:830} INFO - Processing file /opt/airflow/dags/sodai/__init__.py for tasks to queue
[2025-11-18T19:30:37.631+0000] {logging_mixin.py:188} INFO - [2025-11-18T19:30:37.631+0000] {dagbag.py:540} INFO - Filling up the DagBag from /opt/airflow/dags/sodai/__init__.py
[2025-11-18T19:30:37.644+0000] {processor.py:842} WARNING - No viable dags retrieved from /opt/airflow/dags/sodai/__init__.py
[2025-11-18T19:30:37.656+0000] {processor.py:183} INFO - Processing /opt/airflow/dags/sodai/__init__.py took 0.031 seconds
[2025-11-18T19:31:08.209+0000] {processor.py:161} INFO - Started process (PID=4642) to work on /opt/airflow/dags/sodai/__init__.py
[2025-11-18T19:31:08.210+0000] {processor.py:830} INFO - Processing file /opt/airflow/dags/sodai/__init__.py for tasks to queue
[2025-11-18T19:31:08.212+0000] {logging_mixin.py:188} INFO - [2025-11-18T19:31:08.212+0000] {dagbag.py:540} INFO - Filling up the DagBag from /opt/airflow/dags/sodai/__init__.py
[2025-11-18T19:31:08.226+0000] {processor.py:842} WARNING - No viable dags retrieved from /opt/airflow/dags/sodai/__init__.py
[2025-11-18T19:31:08.235+0000] {processor.py:183} INFO - Processing /opt/airflow/dags/sodai/__init__.py took 0.030 seconds
[2025-11-18T19:31:38.730+0000] {processor.py:161} INFO - Started process (PID=4652) to work on /opt/airflow/dags/sodai/__init__.py
[2025-11-18T19:31:38.730+0000] {processor.py:830} INFO - Processing file /opt/airflow/dags/sodai/__init__.py for tasks to queue
[2025-11-18T19:31:38.732+0000] {logging_mixin.py:188} INFO - [2025-11-18T19:31:38.731+0000] {dagbag.py:540} INFO - Filling up the DagBag from /opt/airflow/dags/sodai/__init__.py
[2025-11-18T19:31:38.739+0000] {processor.py:842} WARNING - No viable dags retrieved from /opt/airflow/dags/sodai/__init__.py
[2025-11-18T19:31:38.750+0000] {processor.py:183} INFO - Processing /opt/airflow/dags/sodai/__init__.py took 0.024 seconds
[2025-11-18T19:32:09.369+0000] {processor.py:161} INFO - Started process (PID=4662) to work on /opt/airflow/dags/sodai/__init__.py
[2025-11-18T19:32:09.370+0000] {processor.py:830} INFO - Processing file /opt/airflow/dags/sodai/__init__.py for tasks to queue
[2025-11-18T19:32:09.371+0000] {logging_mixin.py:188} INFO - [2025-11-18T19:32:09.371+0000] {dagbag.py:540} INFO - Filling up the DagBag from /opt/airflow/dags/sodai/__init__.py
[2025-11-18T19:32:09.379+0000] {processor.py:842} WARNING - No viable dags retrieved from /opt/airflow/dags/sodai/__init__.py
[2025-11-18T19:32:09.390+0000] {processor.py:183} INFO - Processing /opt/airflow/dags/sodai/__init__.py took 0.024 seconds
[2025-11-18T19:32:40.103+0000] {processor.py:161} INFO - Started process (PID=4672) to work on /opt/airflow/dags/sodai/__init__.py
[2025-11-18T19:32:40.105+0000] {processor.py:830} INFO - Processing file /opt/airflow/dags/sodai/__init__.py for tasks to queue
[2025-11-18T19:32:40.106+0000] {logging_mixin.py:188} INFO - [2025-11-18T19:32:40.106+0000] {dagbag.py:540} INFO - Filling up the DagBag from /opt/airflow/dags/sodai/__init__.py
[2025-11-18T19:32:40.151+0000] {processor.py:842} WARNING - No viable dags retrieved from /opt/airflow/dags/sodai/__init__.py
[2025-11-18T19:32:40.161+0000] {processor.py:183} INFO - Processing /opt/airflow/dags/sodai/__init__.py took 0.062 seconds
[2025-11-18T19:33:10.930+0000] {processor.py:161} INFO - Started process (PID=4682) to work on /opt/airflow/dags/sodai/__init__.py
[2025-11-18T19:33:10.931+0000] {processor.py:830} INFO - Processing file /opt/airflow/dags/sodai/__init__.py for tasks to queue
[2025-11-18T19:33:10.932+0000] {logging_mixin.py:188} INFO - [2025-11-18T19:33:10.932+0000] {dagbag.py:540} INFO - Filling up the DagBag from /opt/airflow/dags/sodai/__init__.py
[2025-11-18T19:33:10.941+0000] {processor.py:842} WARNING - No viable dags retrieved from /opt/airflow/dags/sodai/__init__.py
[2025-11-18T19:33:10.951+0000] {processor.py:183} INFO - Processing /opt/airflow/dags/sodai/__init__.py took 0.025 seconds
[2025-11-18T19:33:41.716+0000] {processor.py:161} INFO - Started process (PID=4692) to work on /opt/airflow/dags/sodai/__init__.py
[2025-11-18T19:33:41.716+0000] {processor.py:830} INFO - Processing file /opt/airflow/dags/sodai/__init__.py for tasks to queue
[2025-11-18T19:33:41.718+0000] {logging_mixin.py:188} INFO - [2025-11-18T19:33:41.717+0000] {dagbag.py:540} INFO - Filling up the DagBag from /opt/airflow/dags/sodai/__init__.py
[2025-11-18T19:33:41.735+0000] {processor.py:842} WARNING - No viable dags retrieved from /opt/airflow/dags/sodai/__init__.py
[2025-11-18T19:33:41.743+0000] {processor.py:183} INFO - Processing /opt/airflow/dags/sodai/__init__.py took 0.031 seconds
[2025-11-18T19:34:12.575+0000] {processor.py:161} INFO - Started process (PID=4702) to work on /opt/airflow/dags/sodai/__init__.py
[2025-11-18T19:34:12.577+0000] {processor.py:830} INFO - Processing file /opt/airflow/dags/sodai/__init__.py for tasks to queue
[2025-11-18T19:34:12.578+0000] {logging_mixin.py:188} INFO - [2025-11-18T19:34:12.578+0000] {dagbag.py:540} INFO - Filling up the DagBag from /opt/airflow/dags/sodai/__init__.py
[2025-11-18T19:34:12.587+0000] {processor.py:842} WARNING - No viable dags retrieved from /opt/airflow/dags/sodai/__init__.py
[2025-11-18T19:34:12.598+0000] {processor.py:183} INFO - Processing /opt/airflow/dags/sodai/__init__.py took 0.027 seconds
[2025-11-18T19:34:43.238+0000] {processor.py:161} INFO - Started process (PID=4712) to work on /opt/airflow/dags/sodai/__init__.py
[2025-11-18T19:34:43.239+0000] {processor.py:830} INFO - Processing file /opt/airflow/dags/sodai/__init__.py for tasks to queue
[2025-11-18T19:34:43.240+0000] {logging_mixin.py:188} INFO - [2025-11-18T19:34:43.240+0000] {dagbag.py:540} INFO - Filling up the DagBag from /opt/airflow/dags/sodai/__init__.py
[2025-11-18T19:34:43.249+0000] {processor.py:842} WARNING - No viable dags retrieved from /opt/airflow/dags/sodai/__init__.py
[2025-11-18T19:34:43.258+0000] {processor.py:183} INFO - Processing /opt/airflow/dags/sodai/__init__.py took 0.025 seconds
[2025-11-18T19:35:13.865+0000] {processor.py:161} INFO - Started process (PID=4722) to work on /opt/airflow/dags/sodai/__init__.py
[2025-11-18T19:35:13.866+0000] {processor.py:830} INFO - Processing file /opt/airflow/dags/sodai/__init__.py for tasks to queue
[2025-11-18T19:35:13.868+0000] {logging_mixin.py:188} INFO - [2025-11-18T19:35:13.868+0000] {dagbag.py:540} INFO - Filling up the DagBag from /opt/airflow/dags/sodai/__init__.py
[2025-11-18T19:35:13.915+0000] {processor.py:842} WARNING - No viable dags retrieved from /opt/airflow/dags/sodai/__init__.py
[2025-11-18T19:35:13.929+0000] {processor.py:183} INFO - Processing /opt/airflow/dags/sodai/__init__.py took 0.069 seconds
[2025-11-18T19:35:44.635+0000] {processor.py:161} INFO - Started process (PID=4732) to work on /opt/airflow/dags/sodai/__init__.py
[2025-11-18T19:35:44.636+0000] {processor.py:830} INFO - Processing file /opt/airflow/dags/sodai/__init__.py for tasks to queue
[2025-11-18T19:35:44.638+0000] {logging_mixin.py:188} INFO - [2025-11-18T19:35:44.638+0000] {dagbag.py:540} INFO - Filling up the DagBag from /opt/airflow/dags/sodai/__init__.py
[2025-11-18T19:35:44.647+0000] {processor.py:842} WARNING - No viable dags retrieved from /opt/airflow/dags/sodai/__init__.py
[2025-11-18T19:35:44.656+0000] {processor.py:183} INFO - Processing /opt/airflow/dags/sodai/__init__.py took 0.025 seconds
[2025-11-18T19:36:15.443+0000] {processor.py:161} INFO - Started process (PID=4742) to work on /opt/airflow/dags/sodai/__init__.py
[2025-11-18T19:36:15.444+0000] {processor.py:830} INFO - Processing file /opt/airflow/dags/sodai/__init__.py for tasks to queue
[2025-11-18T19:36:15.453+0000] {logging_mixin.py:188} INFO - [2025-11-18T19:36:15.452+0000] {dagbag.py:540} INFO - Filling up the DagBag from /opt/airflow/dags/sodai/__init__.py
[2025-11-18T19:36:15.487+0000] {processor.py:842} WARNING - No viable dags retrieved from /opt/airflow/dags/sodai/__init__.py
[2025-11-18T19:36:15.497+0000] {processor.py:183} INFO - Processing /opt/airflow/dags/sodai/__init__.py took 0.058 seconds
[2025-11-18T19:36:46.350+0000] {processor.py:161} INFO - Started process (PID=4752) to work on /opt/airflow/dags/sodai/__init__.py
[2025-11-18T19:36:46.351+0000] {processor.py:830} INFO - Processing file /opt/airflow/dags/sodai/__init__.py for tasks to queue
[2025-11-18T19:36:46.353+0000] {logging_mixin.py:188} INFO - [2025-11-18T19:36:46.353+0000] {dagbag.py:540} INFO - Filling up the DagBag from /opt/airflow/dags/sodai/__init__.py
[2025-11-18T19:36:46.363+0000] {processor.py:842} WARNING - No viable dags retrieved from /opt/airflow/dags/sodai/__init__.py
[2025-11-18T19:36:46.375+0000] {processor.py:183} INFO - Processing /opt/airflow/dags/sodai/__init__.py took 0.029 seconds
[2025-11-18T19:37:17.385+0000] {processor.py:161} INFO - Started process (PID=4762) to work on /opt/airflow/dags/sodai/__init__.py
[2025-11-18T19:37:17.388+0000] {processor.py:830} INFO - Processing file /opt/airflow/dags/sodai/__init__.py for tasks to queue
[2025-11-18T19:37:17.391+0000] {logging_mixin.py:188} INFO - [2025-11-18T19:37:17.390+0000] {dagbag.py:540} INFO - Filling up the DagBag from /opt/airflow/dags/sodai/__init__.py
[2025-11-18T19:37:17.403+0000] {processor.py:842} WARNING - No viable dags retrieved from /opt/airflow/dags/sodai/__init__.py
[2025-11-18T19:37:17.414+0000] {processor.py:183} INFO - Processing /opt/airflow/dags/sodai/__init__.py took 0.034 seconds
[2025-11-18T19:37:48.353+0000] {processor.py:161} INFO - Started process (PID=4772) to work on /opt/airflow/dags/sodai/__init__.py
[2025-11-18T19:37:48.355+0000] {processor.py:830} INFO - Processing file /opt/airflow/dags/sodai/__init__.py for tasks to queue
[2025-11-18T19:37:48.360+0000] {logging_mixin.py:188} INFO - [2025-11-18T19:37:48.360+0000] {dagbag.py:540} INFO - Filling up the DagBag from /opt/airflow/dags/sodai/__init__.py
[2025-11-18T19:37:48.372+0000] {processor.py:842} WARNING - No viable dags retrieved from /opt/airflow/dags/sodai/__init__.py
[2025-11-18T19:37:48.382+0000] {processor.py:183} INFO - Processing /opt/airflow/dags/sodai/__init__.py took 0.034 seconds
[2025-11-18T19:38:19.135+0000] {processor.py:161} INFO - Started process (PID=4782) to work on /opt/airflow/dags/sodai/__init__.py
[2025-11-18T19:38:19.136+0000] {processor.py:830} INFO - Processing file /opt/airflow/dags/sodai/__init__.py for tasks to queue
[2025-11-18T19:38:19.138+0000] {logging_mixin.py:188} INFO - [2025-11-18T19:38:19.137+0000] {dagbag.py:540} INFO - Filling up the DagBag from /opt/airflow/dags/sodai/__init__.py
[2025-11-18T19:38:19.145+0000] {processor.py:842} WARNING - No viable dags retrieved from /opt/airflow/dags/sodai/__init__.py
[2025-11-18T19:38:19.156+0000] {processor.py:183} INFO - Processing /opt/airflow/dags/sodai/__init__.py took 0.025 seconds
[2025-11-18T19:38:50.064+0000] {processor.py:161} INFO - Started process (PID=4792) to work on /opt/airflow/dags/sodai/__init__.py
[2025-11-18T19:38:50.065+0000] {processor.py:830} INFO - Processing file /opt/airflow/dags/sodai/__init__.py for tasks to queue
[2025-11-18T19:38:50.066+0000] {logging_mixin.py:188} INFO - [2025-11-18T19:38:50.066+0000] {dagbag.py:540} INFO - Filling up the DagBag from /opt/airflow/dags/sodai/__init__.py
[2025-11-18T19:38:50.081+0000] {processor.py:842} WARNING - No viable dags retrieved from /opt/airflow/dags/sodai/__init__.py
[2025-11-18T19:38:50.092+0000] {processor.py:183} INFO - Processing /opt/airflow/dags/sodai/__init__.py took 0.033 seconds
[2025-11-18T19:39:20.804+0000] {processor.py:161} INFO - Started process (PID=4802) to work on /opt/airflow/dags/sodai/__init__.py
[2025-11-18T19:39:20.805+0000] {processor.py:830} INFO - Processing file /opt/airflow/dags/sodai/__init__.py for tasks to queue
[2025-11-18T19:39:20.806+0000] {logging_mixin.py:188} INFO - [2025-11-18T19:39:20.806+0000] {dagbag.py:540} INFO - Filling up the DagBag from /opt/airflow/dags/sodai/__init__.py
[2025-11-18T19:39:20.824+0000] {processor.py:842} WARNING - No viable dags retrieved from /opt/airflow/dags/sodai/__init__.py
[2025-11-18T19:39:20.834+0000] {processor.py:183} INFO - Processing /opt/airflow/dags/sodai/__init__.py took 0.035 seconds
[2025-11-18T19:39:51.520+0000] {processor.py:161} INFO - Started process (PID=4812) to work on /opt/airflow/dags/sodai/__init__.py
[2025-11-18T19:39:51.521+0000] {processor.py:830} INFO - Processing file /opt/airflow/dags/sodai/__init__.py for tasks to queue
[2025-11-18T19:39:51.523+0000] {logging_mixin.py:188} INFO - [2025-11-18T19:39:51.522+0000] {dagbag.py:540} INFO - Filling up the DagBag from /opt/airflow/dags/sodai/__init__.py
[2025-11-18T19:39:51.535+0000] {processor.py:842} WARNING - No viable dags retrieved from /opt/airflow/dags/sodai/__init__.py
[2025-11-18T19:39:51.546+0000] {processor.py:183} INFO - Processing /opt/airflow/dags/sodai/__init__.py took 0.032 seconds
[2025-11-18T19:40:22.253+0000] {processor.py:161} INFO - Started process (PID=4822) to work on /opt/airflow/dags/sodai/__init__.py
[2025-11-18T19:40:22.254+0000] {processor.py:830} INFO - Processing file /opt/airflow/dags/sodai/__init__.py for tasks to queue
[2025-11-18T19:40:22.255+0000] {logging_mixin.py:188} INFO - [2025-11-18T19:40:22.255+0000] {dagbag.py:540} INFO - Filling up the DagBag from /opt/airflow/dags/sodai/__init__.py
[2025-11-18T19:40:22.267+0000] {processor.py:842} WARNING - No viable dags retrieved from /opt/airflow/dags/sodai/__init__.py
[2025-11-18T19:40:22.278+0000] {processor.py:183} INFO - Processing /opt/airflow/dags/sodai/__init__.py took 0.030 seconds
[2025-11-18T19:40:53.202+0000] {processor.py:161} INFO - Started process (PID=4832) to work on /opt/airflow/dags/sodai/__init__.py
[2025-11-18T19:40:53.203+0000] {processor.py:830} INFO - Processing file /opt/airflow/dags/sodai/__init__.py for tasks to queue
[2025-11-18T19:40:53.205+0000] {logging_mixin.py:188} INFO - [2025-11-18T19:40:53.205+0000] {dagbag.py:540} INFO - Filling up the DagBag from /opt/airflow/dags/sodai/__init__.py
[2025-11-18T19:40:53.219+0000] {processor.py:842} WARNING - No viable dags retrieved from /opt/airflow/dags/sodai/__init__.py
[2025-11-18T19:40:53.229+0000] {processor.py:183} INFO - Processing /opt/airflow/dags/sodai/__init__.py took 0.032 seconds
[2025-11-18T19:41:23.826+0000] {processor.py:161} INFO - Started process (PID=4842) to work on /opt/airflow/dags/sodai/__init__.py
[2025-11-18T19:41:23.827+0000] {processor.py:830} INFO - Processing file /opt/airflow/dags/sodai/__init__.py for tasks to queue
[2025-11-18T19:41:23.830+0000] {logging_mixin.py:188} INFO - [2025-11-18T19:41:23.830+0000] {dagbag.py:540} INFO - Filling up the DagBag from /opt/airflow/dags/sodai/__init__.py
[2025-11-18T19:41:23.840+0000] {processor.py:842} WARNING - No viable dags retrieved from /opt/airflow/dags/sodai/__init__.py
[2025-11-18T19:41:23.851+0000] {processor.py:183} INFO - Processing /opt/airflow/dags/sodai/__init__.py took 0.030 seconds
[2025-11-18T19:41:54.343+0000] {processor.py:161} INFO - Started process (PID=4852) to work on /opt/airflow/dags/sodai/__init__.py
[2025-11-18T19:41:54.344+0000] {processor.py:830} INFO - Processing file /opt/airflow/dags/sodai/__init__.py for tasks to queue
[2025-11-18T19:41:54.345+0000] {logging_mixin.py:188} INFO - [2025-11-18T19:41:54.345+0000] {dagbag.py:540} INFO - Filling up the DagBag from /opt/airflow/dags/sodai/__init__.py
[2025-11-18T19:41:54.360+0000] {processor.py:842} WARNING - No viable dags retrieved from /opt/airflow/dags/sodai/__init__.py
[2025-11-18T19:41:54.371+0000] {processor.py:183} INFO - Processing /opt/airflow/dags/sodai/__init__.py took 0.033 seconds
[2025-11-18T19:42:24.924+0000] {processor.py:161} INFO - Started process (PID=4862) to work on /opt/airflow/dags/sodai/__init__.py
[2025-11-18T19:42:24.924+0000] {processor.py:830} INFO - Processing file /opt/airflow/dags/sodai/__init__.py for tasks to queue
[2025-11-18T19:42:24.926+0000] {logging_mixin.py:188} INFO - [2025-11-18T19:42:24.926+0000] {dagbag.py:540} INFO - Filling up the DagBag from /opt/airflow/dags/sodai/__init__.py
[2025-11-18T19:42:24.935+0000] {processor.py:842} WARNING - No viable dags retrieved from /opt/airflow/dags/sodai/__init__.py
[2025-11-18T19:42:24.944+0000] {processor.py:183} INFO - Processing /opt/airflow/dags/sodai/__init__.py took 0.025 seconds
[2025-11-18T19:42:55.635+0000] {processor.py:161} INFO - Started process (PID=4872) to work on /opt/airflow/dags/sodai/__init__.py
[2025-11-18T19:42:55.636+0000] {processor.py:830} INFO - Processing file /opt/airflow/dags/sodai/__init__.py for tasks to queue
[2025-11-18T19:42:55.637+0000] {logging_mixin.py:188} INFO - [2025-11-18T19:42:55.637+0000] {dagbag.py:540} INFO - Filling up the DagBag from /opt/airflow/dags/sodai/__init__.py
[2025-11-18T19:42:55.645+0000] {processor.py:842} WARNING - No viable dags retrieved from /opt/airflow/dags/sodai/__init__.py
[2025-11-18T19:42:55.657+0000] {processor.py:183} INFO - Processing /opt/airflow/dags/sodai/__init__.py took 0.026 seconds
[2025-11-18T19:43:26.263+0000] {processor.py:161} INFO - Started process (PID=4882) to work on /opt/airflow/dags/sodai/__init__.py
[2025-11-18T19:43:26.264+0000] {processor.py:830} INFO - Processing file /opt/airflow/dags/sodai/__init__.py for tasks to queue
[2025-11-18T19:43:26.266+0000] {logging_mixin.py:188} INFO - [2025-11-18T19:43:26.266+0000] {dagbag.py:540} INFO - Filling up the DagBag from /opt/airflow/dags/sodai/__init__.py
[2025-11-18T19:43:26.275+0000] {processor.py:842} WARNING - No viable dags retrieved from /opt/airflow/dags/sodai/__init__.py
[2025-11-18T19:43:26.286+0000] {processor.py:183} INFO - Processing /opt/airflow/dags/sodai/__init__.py took 0.027 seconds
[2025-11-18T19:43:56.980+0000] {processor.py:161} INFO - Started process (PID=4892) to work on /opt/airflow/dags/sodai/__init__.py
[2025-11-18T19:43:56.983+0000] {processor.py:830} INFO - Processing file /opt/airflow/dags/sodai/__init__.py for tasks to queue
[2025-11-18T19:43:56.985+0000] {logging_mixin.py:188} INFO - [2025-11-18T19:43:56.985+0000] {dagbag.py:540} INFO - Filling up the DagBag from /opt/airflow/dags/sodai/__init__.py
[2025-11-18T19:43:56.994+0000] {processor.py:842} WARNING - No viable dags retrieved from /opt/airflow/dags/sodai/__init__.py
[2025-11-18T19:43:57.004+0000] {processor.py:183} INFO - Processing /opt/airflow/dags/sodai/__init__.py took 0.029 seconds
[2025-11-18T19:44:27.895+0000] {processor.py:161} INFO - Started process (PID=4902) to work on /opt/airflow/dags/sodai/__init__.py
[2025-11-18T19:44:27.896+0000] {processor.py:830} INFO - Processing file /opt/airflow/dags/sodai/__init__.py for tasks to queue
[2025-11-18T19:44:27.898+0000] {logging_mixin.py:188} INFO - [2025-11-18T19:44:27.898+0000] {dagbag.py:540} INFO - Filling up the DagBag from /opt/airflow/dags/sodai/__init__.py
[2025-11-18T19:44:27.911+0000] {processor.py:842} WARNING - No viable dags retrieved from /opt/airflow/dags/sodai/__init__.py
[2025-11-18T19:44:27.921+0000] {processor.py:183} INFO - Processing /opt/airflow/dags/sodai/__init__.py took 0.031 seconds
[2025-11-18T19:44:58.560+0000] {processor.py:161} INFO - Started process (PID=4912) to work on /opt/airflow/dags/sodai/__init__.py
[2025-11-18T19:44:58.561+0000] {processor.py:830} INFO - Processing file /opt/airflow/dags/sodai/__init__.py for tasks to queue
[2025-11-18T19:44:58.563+0000] {logging_mixin.py:188} INFO - [2025-11-18T19:44:58.562+0000] {dagbag.py:540} INFO - Filling up the DagBag from /opt/airflow/dags/sodai/__init__.py
[2025-11-18T19:44:58.572+0000] {processor.py:842} WARNING - No viable dags retrieved from /opt/airflow/dags/sodai/__init__.py
[2025-11-18T19:44:58.584+0000] {processor.py:183} INFO - Processing /opt/airflow/dags/sodai/__init__.py took 0.028 seconds
[2025-11-18T19:45:29.452+0000] {processor.py:161} INFO - Started process (PID=4922) to work on /opt/airflow/dags/sodai/__init__.py
[2025-11-18T19:45:29.454+0000] {processor.py:830} INFO - Processing file /opt/airflow/dags/sodai/__init__.py for tasks to queue
[2025-11-18T19:45:29.456+0000] {logging_mixin.py:188} INFO - [2025-11-18T19:45:29.455+0000] {dagbag.py:540} INFO - Filling up the DagBag from /opt/airflow/dags/sodai/__init__.py
[2025-11-18T19:45:29.472+0000] {processor.py:842} WARNING - No viable dags retrieved from /opt/airflow/dags/sodai/__init__.py
[2025-11-18T19:45:29.484+0000] {processor.py:183} INFO - Processing /opt/airflow/dags/sodai/__init__.py took 0.037 seconds
[2025-11-18T19:46:00.290+0000] {processor.py:161} INFO - Started process (PID=4932) to work on /opt/airflow/dags/sodai/__init__.py
[2025-11-18T19:46:00.291+0000] {processor.py:830} INFO - Processing file /opt/airflow/dags/sodai/__init__.py for tasks to queue
[2025-11-18T19:46:00.293+0000] {logging_mixin.py:188} INFO - [2025-11-18T19:46:00.292+0000] {dagbag.py:540} INFO - Filling up the DagBag from /opt/airflow/dags/sodai/__init__.py
[2025-11-18T19:46:00.302+0000] {processor.py:842} WARNING - No viable dags retrieved from /opt/airflow/dags/sodai/__init__.py
[2025-11-18T19:46:00.312+0000] {processor.py:183} INFO - Processing /opt/airflow/dags/sodai/__init__.py took 0.028 seconds
[2025-11-18T19:46:30.562+0000] {processor.py:161} INFO - Started process (PID=4984) to work on /opt/airflow/dags/sodai/__init__.py
[2025-11-18T19:46:30.563+0000] {processor.py:830} INFO - Processing file /opt/airflow/dags/sodai/__init__.py for tasks to queue
[2025-11-18T19:46:30.565+0000] {logging_mixin.py:188} INFO - [2025-11-18T19:46:30.565+0000] {dagbag.py:540} INFO - Filling up the DagBag from /opt/airflow/dags/sodai/__init__.py
[2025-11-18T19:46:30.582+0000] {processor.py:842} WARNING - No viable dags retrieved from /opt/airflow/dags/sodai/__init__.py
[2025-11-18T19:46:30.594+0000] {processor.py:183} INFO - Processing /opt/airflow/dags/sodai/__init__.py took 0.037 seconds
[2025-11-18T19:47:01.451+0000] {processor.py:161} INFO - Started process (PID=4994) to work on /opt/airflow/dags/sodai/__init__.py
[2025-11-18T19:47:01.452+0000] {processor.py:830} INFO - Processing file /opt/airflow/dags/sodai/__init__.py for tasks to queue
[2025-11-18T19:47:01.454+0000] {logging_mixin.py:188} INFO - [2025-11-18T19:47:01.453+0000] {dagbag.py:540} INFO - Filling up the DagBag from /opt/airflow/dags/sodai/__init__.py
[2025-11-18T19:47:01.478+0000] {processor.py:842} WARNING - No viable dags retrieved from /opt/airflow/dags/sodai/__init__.py
[2025-11-18T19:47:01.489+0000] {processor.py:183} INFO - Processing /opt/airflow/dags/sodai/__init__.py took 0.043 seconds
[2025-11-18T19:47:32.128+0000] {processor.py:161} INFO - Started process (PID=5004) to work on /opt/airflow/dags/sodai/__init__.py
[2025-11-18T19:47:32.131+0000] {processor.py:830} INFO - Processing file /opt/airflow/dags/sodai/__init__.py for tasks to queue
[2025-11-18T19:47:32.134+0000] {logging_mixin.py:188} INFO - [2025-11-18T19:47:32.134+0000] {dagbag.py:540} INFO - Filling up the DagBag from /opt/airflow/dags/sodai/__init__.py
[2025-11-18T19:47:32.144+0000] {processor.py:842} WARNING - No viable dags retrieved from /opt/airflow/dags/sodai/__init__.py
[2025-11-18T19:47:32.153+0000] {processor.py:183} INFO - Processing /opt/airflow/dags/sodai/__init__.py took 0.030 seconds
[2025-11-18T19:48:02.672+0000] {processor.py:161} INFO - Started process (PID=5014) to work on /opt/airflow/dags/sodai/__init__.py
[2025-11-18T19:48:02.673+0000] {processor.py:830} INFO - Processing file /opt/airflow/dags/sodai/__init__.py for tasks to queue
[2025-11-18T19:48:02.674+0000] {logging_mixin.py:188} INFO - [2025-11-18T19:48:02.674+0000] {dagbag.py:540} INFO - Filling up the DagBag from /opt/airflow/dags/sodai/__init__.py
[2025-11-18T19:48:02.683+0000] {processor.py:842} WARNING - No viable dags retrieved from /opt/airflow/dags/sodai/__init__.py
[2025-11-18T19:48:02.693+0000] {processor.py:183} INFO - Processing /opt/airflow/dags/sodai/__init__.py took 0.025 seconds
[2025-11-18T19:48:33.302+0000] {processor.py:161} INFO - Started process (PID=5024) to work on /opt/airflow/dags/sodai/__init__.py
[2025-11-18T19:48:33.303+0000] {processor.py:830} INFO - Processing file /opt/airflow/dags/sodai/__init__.py for tasks to queue
[2025-11-18T19:48:33.305+0000] {logging_mixin.py:188} INFO - [2025-11-18T19:48:33.305+0000] {dagbag.py:540} INFO - Filling up the DagBag from /opt/airflow/dags/sodai/__init__.py
[2025-11-18T19:48:33.318+0000] {processor.py:842} WARNING - No viable dags retrieved from /opt/airflow/dags/sodai/__init__.py
[2025-11-18T19:48:33.329+0000] {processor.py:183} INFO - Processing /opt/airflow/dags/sodai/__init__.py took 0.032 seconds
[2025-11-18T19:49:04.192+0000] {processor.py:161} INFO - Started process (PID=5034) to work on /opt/airflow/dags/sodai/__init__.py
[2025-11-18T19:49:04.193+0000] {processor.py:830} INFO - Processing file /opt/airflow/dags/sodai/__init__.py for tasks to queue
[2025-11-18T19:49:04.194+0000] {logging_mixin.py:188} INFO - [2025-11-18T19:49:04.194+0000] {dagbag.py:540} INFO - Filling up the DagBag from /opt/airflow/dags/sodai/__init__.py
[2025-11-18T19:49:04.203+0000] {processor.py:842} WARNING - No viable dags retrieved from /opt/airflow/dags/sodai/__init__.py
[2025-11-18T19:49:04.213+0000] {processor.py:183} INFO - Processing /opt/airflow/dags/sodai/__init__.py took 0.025 seconds
[2025-11-18T19:49:34.842+0000] {processor.py:161} INFO - Started process (PID=5044) to work on /opt/airflow/dags/sodai/__init__.py
[2025-11-18T19:49:34.843+0000] {processor.py:830} INFO - Processing file /opt/airflow/dags/sodai/__init__.py for tasks to queue
[2025-11-18T19:49:34.844+0000] {logging_mixin.py:188} INFO - [2025-11-18T19:49:34.844+0000] {dagbag.py:540} INFO - Filling up the DagBag from /opt/airflow/dags/sodai/__init__.py
[2025-11-18T19:49:34.852+0000] {processor.py:842} WARNING - No viable dags retrieved from /opt/airflow/dags/sodai/__init__.py
[2025-11-18T19:49:34.861+0000] {processor.py:183} INFO - Processing /opt/airflow/dags/sodai/__init__.py took 0.023 seconds
[2025-11-18T19:50:05.580+0000] {processor.py:161} INFO - Started process (PID=5054) to work on /opt/airflow/dags/sodai/__init__.py
[2025-11-18T19:50:05.582+0000] {processor.py:830} INFO - Processing file /opt/airflow/dags/sodai/__init__.py for tasks to queue
[2025-11-18T19:50:05.583+0000] {logging_mixin.py:188} INFO - [2025-11-18T19:50:05.583+0000] {dagbag.py:540} INFO - Filling up the DagBag from /opt/airflow/dags/sodai/__init__.py
[2025-11-18T19:50:05.598+0000] {processor.py:842} WARNING - No viable dags retrieved from /opt/airflow/dags/sodai/__init__.py
[2025-11-18T19:50:05.607+0000] {processor.py:183} INFO - Processing /opt/airflow/dags/sodai/__init__.py took 0.031 seconds
[2025-11-18T19:50:36.318+0000] {processor.py:161} INFO - Started process (PID=5064) to work on /opt/airflow/dags/sodai/__init__.py
[2025-11-18T19:50:36.319+0000] {processor.py:830} INFO - Processing file /opt/airflow/dags/sodai/__init__.py for tasks to queue
[2025-11-18T19:50:36.320+0000] {logging_mixin.py:188} INFO - [2025-11-18T19:50:36.320+0000] {dagbag.py:540} INFO - Filling up the DagBag from /opt/airflow/dags/sodai/__init__.py
[2025-11-18T19:50:36.331+0000] {processor.py:842} WARNING - No viable dags retrieved from /opt/airflow/dags/sodai/__init__.py
[2025-11-18T19:50:36.342+0000] {processor.py:183} INFO - Processing /opt/airflow/dags/sodai/__init__.py took 0.029 seconds
[2025-11-18T19:51:07.099+0000] {processor.py:161} INFO - Started process (PID=5074) to work on /opt/airflow/dags/sodai/__init__.py
[2025-11-18T19:51:07.100+0000] {processor.py:830} INFO - Processing file /opt/airflow/dags/sodai/__init__.py for tasks to queue
[2025-11-18T19:51:07.102+0000] {logging_mixin.py:188} INFO - [2025-11-18T19:51:07.102+0000] {dagbag.py:540} INFO - Filling up the DagBag from /opt/airflow/dags/sodai/__init__.py
[2025-11-18T19:51:07.121+0000] {processor.py:842} WARNING - No viable dags retrieved from /opt/airflow/dags/sodai/__init__.py
[2025-11-18T19:51:07.135+0000] {processor.py:183} INFO - Processing /opt/airflow/dags/sodai/__init__.py took 0.049 seconds
[2025-11-18T19:51:37.685+0000] {processor.py:161} INFO - Started process (PID=5084) to work on /opt/airflow/dags/sodai/__init__.py
[2025-11-18T19:51:37.686+0000] {processor.py:830} INFO - Processing file /opt/airflow/dags/sodai/__init__.py for tasks to queue
[2025-11-18T19:51:37.688+0000] {logging_mixin.py:188} INFO - [2025-11-18T19:51:37.687+0000] {dagbag.py:540} INFO - Filling up the DagBag from /opt/airflow/dags/sodai/__init__.py
[2025-11-18T19:51:37.700+0000] {processor.py:842} WARNING - No viable dags retrieved from /opt/airflow/dags/sodai/__init__.py
[2025-11-18T19:51:37.711+0000] {processor.py:183} INFO - Processing /opt/airflow/dags/sodai/__init__.py took 0.031 seconds
[2025-11-18T19:52:08.340+0000] {processor.py:161} INFO - Started process (PID=5094) to work on /opt/airflow/dags/sodai/__init__.py
[2025-11-18T19:52:08.341+0000] {processor.py:830} INFO - Processing file /opt/airflow/dags/sodai/__init__.py for tasks to queue
[2025-11-18T19:52:08.342+0000] {logging_mixin.py:188} INFO - [2025-11-18T19:52:08.342+0000] {dagbag.py:540} INFO - Filling up the DagBag from /opt/airflow/dags/sodai/__init__.py
[2025-11-18T19:52:08.356+0000] {processor.py:842} WARNING - No viable dags retrieved from /opt/airflow/dags/sodai/__init__.py
[2025-11-18T19:52:08.367+0000] {processor.py:183} INFO - Processing /opt/airflow/dags/sodai/__init__.py took 0.031 seconds
[2025-11-18T19:52:38.410+0000] {processor.py:161} INFO - Started process (PID=5104) to work on /opt/airflow/dags/sodai/__init__.py
[2025-11-18T19:52:38.411+0000] {processor.py:830} INFO - Processing file /opt/airflow/dags/sodai/__init__.py for tasks to queue
[2025-11-18T19:52:38.413+0000] {logging_mixin.py:188} INFO - [2025-11-18T19:52:38.413+0000] {dagbag.py:540} INFO - Filling up the DagBag from /opt/airflow/dags/sodai/__init__.py
[2025-11-18T19:52:38.431+0000] {processor.py:842} WARNING - No viable dags retrieved from /opt/airflow/dags/sodai/__init__.py
[2025-11-18T19:52:38.442+0000] {processor.py:183} INFO - Processing /opt/airflow/dags/sodai/__init__.py took 0.037 seconds
[2025-11-18T19:53:09.432+0000] {processor.py:161} INFO - Started process (PID=5114) to work on /opt/airflow/dags/sodai/__init__.py
[2025-11-18T19:53:09.433+0000] {processor.py:830} INFO - Processing file /opt/airflow/dags/sodai/__init__.py for tasks to queue
[2025-11-18T19:53:09.435+0000] {logging_mixin.py:188} INFO - [2025-11-18T19:53:09.434+0000] {dagbag.py:540} INFO - Filling up the DagBag from /opt/airflow/dags/sodai/__init__.py
[2025-11-18T19:53:09.445+0000] {processor.py:842} WARNING - No viable dags retrieved from /opt/airflow/dags/sodai/__init__.py
[2025-11-18T19:53:09.455+0000] {processor.py:183} INFO - Processing /opt/airflow/dags/sodai/__init__.py took 0.029 seconds
[2025-11-18T19:53:40.277+0000] {processor.py:161} INFO - Started process (PID=5142) to work on /opt/airflow/dags/sodai/__init__.py
[2025-11-18T19:53:40.278+0000] {processor.py:830} INFO - Processing file /opt/airflow/dags/sodai/__init__.py for tasks to queue
[2025-11-18T19:53:40.279+0000] {logging_mixin.py:188} INFO - [2025-11-18T19:53:40.279+0000] {dagbag.py:540} INFO - Filling up the DagBag from /opt/airflow/dags/sodai/__init__.py
[2025-11-18T19:53:40.313+0000] {processor.py:842} WARNING - No viable dags retrieved from /opt/airflow/dags/sodai/__init__.py
[2025-11-18T19:53:40.325+0000] {processor.py:183} INFO - Processing /opt/airflow/dags/sodai/__init__.py took 0.053 seconds
[2025-11-18T19:54:10.722+0000] {processor.py:161} INFO - Started process (PID=5179) to work on /opt/airflow/dags/sodai/__init__.py
[2025-11-18T19:54:10.723+0000] {processor.py:830} INFO - Processing file /opt/airflow/dags/sodai/__init__.py for tasks to queue
[2025-11-18T19:54:10.725+0000] {logging_mixin.py:188} INFO - [2025-11-18T19:54:10.725+0000] {dagbag.py:540} INFO - Filling up the DagBag from /opt/airflow/dags/sodai/__init__.py
[2025-11-18T19:54:10.741+0000] {processor.py:842} WARNING - No viable dags retrieved from /opt/airflow/dags/sodai/__init__.py
[2025-11-18T19:54:10.751+0000] {processor.py:183} INFO - Processing /opt/airflow/dags/sodai/__init__.py took 0.033 seconds
[2025-11-18T19:54:41.667+0000] {processor.py:161} INFO - Started process (PID=5189) to work on /opt/airflow/dags/sodai/__init__.py
[2025-11-18T19:54:41.669+0000] {processor.py:830} INFO - Processing file /opt/airflow/dags/sodai/__init__.py for tasks to queue
[2025-11-18T19:54:41.670+0000] {logging_mixin.py:188} INFO - [2025-11-18T19:54:41.670+0000] {dagbag.py:540} INFO - Filling up the DagBag from /opt/airflow/dags/sodai/__init__.py
[2025-11-18T19:54:41.685+0000] {processor.py:842} WARNING - No viable dags retrieved from /opt/airflow/dags/sodai/__init__.py
[2025-11-18T19:54:41.696+0000] {processor.py:183} INFO - Processing /opt/airflow/dags/sodai/__init__.py took 0.034 seconds
[2025-11-18T19:55:24.284+0000] {processor.py:161} INFO - Started process (PID=196) to work on /opt/airflow/dags/sodai/__init__.py
[2025-11-18T19:55:24.285+0000] {processor.py:830} INFO - Processing file /opt/airflow/dags/sodai/__init__.py for tasks to queue
[2025-11-18T19:55:24.288+0000] {logging_mixin.py:188} INFO - [2025-11-18T19:55:24.287+0000] {dagbag.py:540} INFO - Filling up the DagBag from /opt/airflow/dags/sodai/__init__.py
[2025-11-18T19:55:24.304+0000] {processor.py:842} WARNING - No viable dags retrieved from /opt/airflow/dags/sodai/__init__.py
[2025-11-18T19:55:24.318+0000] {processor.py:183} INFO - Processing /opt/airflow/dags/sodai/__init__.py took 0.040 seconds
[2025-11-18T19:55:54.454+0000] {processor.py:161} INFO - Started process (PID=206) to work on /opt/airflow/dags/sodai/__init__.py
[2025-11-18T19:55:54.455+0000] {processor.py:830} INFO - Processing file /opt/airflow/dags/sodai/__init__.py for tasks to queue
[2025-11-18T19:55:54.456+0000] {logging_mixin.py:188} INFO - [2025-11-18T19:55:54.456+0000] {dagbag.py:540} INFO - Filling up the DagBag from /opt/airflow/dags/sodai/__init__.py
[2025-11-18T19:55:54.471+0000] {processor.py:842} WARNING - No viable dags retrieved from /opt/airflow/dags/sodai/__init__.py
[2025-11-18T19:55:54.483+0000] {processor.py:183} INFO - Processing /opt/airflow/dags/sodai/__init__.py took 0.033 seconds
[2025-11-18T19:56:25.454+0000] {processor.py:161} INFO - Started process (PID=216) to work on /opt/airflow/dags/sodai/__init__.py
[2025-11-18T19:56:25.455+0000] {processor.py:830} INFO - Processing file /opt/airflow/dags/sodai/__init__.py for tasks to queue
[2025-11-18T19:56:25.456+0000] {logging_mixin.py:188} INFO - [2025-11-18T19:56:25.456+0000] {dagbag.py:540} INFO - Filling up the DagBag from /opt/airflow/dags/sodai/__init__.py
[2025-11-18T19:56:25.468+0000] {processor.py:842} WARNING - No viable dags retrieved from /opt/airflow/dags/sodai/__init__.py
[2025-11-18T19:56:25.479+0000] {processor.py:183} INFO - Processing /opt/airflow/dags/sodai/__init__.py took 0.030 seconds
[2025-11-18T19:56:56.459+0000] {processor.py:161} INFO - Started process (PID=226) to work on /opt/airflow/dags/sodai/__init__.py
[2025-11-18T19:56:56.460+0000] {processor.py:830} INFO - Processing file /opt/airflow/dags/sodai/__init__.py for tasks to queue
[2025-11-18T19:56:56.461+0000] {logging_mixin.py:188} INFO - [2025-11-18T19:56:56.461+0000] {dagbag.py:540} INFO - Filling up the DagBag from /opt/airflow/dags/sodai/__init__.py
[2025-11-18T19:56:56.474+0000] {processor.py:842} WARNING - No viable dags retrieved from /opt/airflow/dags/sodai/__init__.py
[2025-11-18T19:56:56.484+0000] {processor.py:183} INFO - Processing /opt/airflow/dags/sodai/__init__.py took 0.030 seconds
[2025-11-18T19:57:27.481+0000] {processor.py:161} INFO - Started process (PID=236) to work on /opt/airflow/dags/sodai/__init__.py
[2025-11-18T19:57:27.482+0000] {processor.py:830} INFO - Processing file /opt/airflow/dags/sodai/__init__.py for tasks to queue
[2025-11-18T19:57:27.484+0000] {logging_mixin.py:188} INFO - [2025-11-18T19:57:27.483+0000] {dagbag.py:540} INFO - Filling up the DagBag from /opt/airflow/dags/sodai/__init__.py
[2025-11-18T19:57:27.503+0000] {processor.py:842} WARNING - No viable dags retrieved from /opt/airflow/dags/sodai/__init__.py
[2025-11-18T19:57:27.515+0000] {processor.py:183} INFO - Processing /opt/airflow/dags/sodai/__init__.py took 0.038 seconds
[2025-11-18T19:57:57.562+0000] {processor.py:161} INFO - Started process (PID=243) to work on /opt/airflow/dags/sodai/__init__.py
[2025-11-18T19:57:57.562+0000] {processor.py:830} INFO - Processing file /opt/airflow/dags/sodai/__init__.py for tasks to queue
[2025-11-18T19:57:57.564+0000] {logging_mixin.py:188} INFO - [2025-11-18T19:57:57.564+0000] {dagbag.py:540} INFO - Filling up the DagBag from /opt/airflow/dags/sodai/__init__.py
[2025-11-18T19:57:57.575+0000] {processor.py:842} WARNING - No viable dags retrieved from /opt/airflow/dags/sodai/__init__.py
[2025-11-18T19:57:57.584+0000] {processor.py:183} INFO - Processing /opt/airflow/dags/sodai/__init__.py took 0.027 seconds
[2025-11-18T19:58:27.637+0000] {processor.py:161} INFO - Started process (PID=253) to work on /opt/airflow/dags/sodai/__init__.py
[2025-11-18T19:58:27.638+0000] {processor.py:830} INFO - Processing file /opt/airflow/dags/sodai/__init__.py for tasks to queue
[2025-11-18T19:58:27.639+0000] {logging_mixin.py:188} INFO - [2025-11-18T19:58:27.639+0000] {dagbag.py:540} INFO - Filling up the DagBag from /opt/airflow/dags/sodai/__init__.py
[2025-11-18T19:58:27.649+0000] {processor.py:842} WARNING - No viable dags retrieved from /opt/airflow/dags/sodai/__init__.py
[2025-11-18T19:58:27.659+0000] {processor.py:183} INFO - Processing /opt/airflow/dags/sodai/__init__.py took 0.026 seconds
[2025-11-18T19:58:57.895+0000] {processor.py:161} INFO - Started process (PID=263) to work on /opt/airflow/dags/sodai/__init__.py
[2025-11-18T19:58:57.896+0000] {processor.py:830} INFO - Processing file /opt/airflow/dags/sodai/__init__.py for tasks to queue
[2025-11-18T19:58:57.898+0000] {logging_mixin.py:188} INFO - [2025-11-18T19:58:57.898+0000] {dagbag.py:540} INFO - Filling up the DagBag from /opt/airflow/dags/sodai/__init__.py
[2025-11-18T19:58:57.908+0000] {processor.py:842} WARNING - No viable dags retrieved from /opt/airflow/dags/sodai/__init__.py
[2025-11-18T19:58:57.920+0000] {processor.py:183} INFO - Processing /opt/airflow/dags/sodai/__init__.py took 0.029 seconds
[2025-11-18T19:59:27.962+0000] {processor.py:161} INFO - Started process (PID=273) to work on /opt/airflow/dags/sodai/__init__.py
[2025-11-18T19:59:27.963+0000] {processor.py:830} INFO - Processing file /opt/airflow/dags/sodai/__init__.py for tasks to queue
[2025-11-18T19:59:27.965+0000] {logging_mixin.py:188} INFO - [2025-11-18T19:59:27.965+0000] {dagbag.py:540} INFO - Filling up the DagBag from /opt/airflow/dags/sodai/__init__.py
[2025-11-18T19:59:27.979+0000] {processor.py:842} WARNING - No viable dags retrieved from /opt/airflow/dags/sodai/__init__.py
[2025-11-18T19:59:27.991+0000] {processor.py:183} INFO - Processing /opt/airflow/dags/sodai/__init__.py took 0.033 seconds
[2025-11-18T19:59:58.045+0000] {processor.py:161} INFO - Started process (PID=283) to work on /opt/airflow/dags/sodai/__init__.py
[2025-11-18T19:59:58.046+0000] {processor.py:830} INFO - Processing file /opt/airflow/dags/sodai/__init__.py for tasks to queue
[2025-11-18T19:59:58.048+0000] {logging_mixin.py:188} INFO - [2025-11-18T19:59:58.047+0000] {dagbag.py:540} INFO - Filling up the DagBag from /opt/airflow/dags/sodai/__init__.py
[2025-11-18T19:59:58.058+0000] {processor.py:842} WARNING - No viable dags retrieved from /opt/airflow/dags/sodai/__init__.py
[2025-11-18T19:59:58.067+0000] {processor.py:183} INFO - Processing /opt/airflow/dags/sodai/__init__.py took 0.027 seconds
[2025-11-18T20:00:28.211+0000] {processor.py:161} INFO - Started process (PID=293) to work on /opt/airflow/dags/sodai/__init__.py
[2025-11-18T20:00:28.212+0000] {processor.py:830} INFO - Processing file /opt/airflow/dags/sodai/__init__.py for tasks to queue
[2025-11-18T20:00:28.213+0000] {logging_mixin.py:188} INFO - [2025-11-18T20:00:28.213+0000] {dagbag.py:540} INFO - Filling up the DagBag from /opt/airflow/dags/sodai/__init__.py
[2025-11-18T20:00:28.223+0000] {processor.py:842} WARNING - No viable dags retrieved from /opt/airflow/dags/sodai/__init__.py
[2025-11-18T20:00:28.233+0000] {processor.py:183} INFO - Processing /opt/airflow/dags/sodai/__init__.py took 0.026 seconds
[2025-11-18T20:00:58.325+0000] {processor.py:161} INFO - Started process (PID=303) to work on /opt/airflow/dags/sodai/__init__.py
[2025-11-18T20:00:58.328+0000] {processor.py:830} INFO - Processing file /opt/airflow/dags/sodai/__init__.py for tasks to queue
[2025-11-18T20:00:58.334+0000] {logging_mixin.py:188} INFO - [2025-11-18T20:00:58.334+0000] {dagbag.py:540} INFO - Filling up the DagBag from /opt/airflow/dags/sodai/__init__.py
[2025-11-18T20:00:58.376+0000] {processor.py:842} WARNING - No viable dags retrieved from /opt/airflow/dags/sodai/__init__.py
[2025-11-18T20:00:58.390+0000] {processor.py:183} INFO - Processing /opt/airflow/dags/sodai/__init__.py took 0.070 seconds
[2025-11-18T20:01:28.527+0000] {processor.py:161} INFO - Started process (PID=313) to work on /opt/airflow/dags/sodai/__init__.py
[2025-11-18T20:01:28.528+0000] {processor.py:830} INFO - Processing file /opt/airflow/dags/sodai/__init__.py for tasks to queue
[2025-11-18T20:01:28.530+0000] {logging_mixin.py:188} INFO - [2025-11-18T20:01:28.530+0000] {dagbag.py:540} INFO - Filling up the DagBag from /opt/airflow/dags/sodai/__init__.py
[2025-11-18T20:01:28.585+0000] {processor.py:842} WARNING - No viable dags retrieved from /opt/airflow/dags/sodai/__init__.py
[2025-11-18T20:01:28.595+0000] {processor.py:183} INFO - Processing /opt/airflow/dags/sodai/__init__.py took 0.073 seconds
[2025-11-18T20:01:58.667+0000] {processor.py:161} INFO - Started process (PID=323) to work on /opt/airflow/dags/sodai/__init__.py
[2025-11-18T20:01:58.671+0000] {processor.py:830} INFO - Processing file /opt/airflow/dags/sodai/__init__.py for tasks to queue
[2025-11-18T20:01:58.672+0000] {logging_mixin.py:188} INFO - [2025-11-18T20:01:58.672+0000] {dagbag.py:540} INFO - Filling up the DagBag from /opt/airflow/dags/sodai/__init__.py
[2025-11-18T20:01:58.683+0000] {processor.py:842} WARNING - No viable dags retrieved from /opt/airflow/dags/sodai/__init__.py
[2025-11-18T20:01:58.694+0000] {processor.py:183} INFO - Processing /opt/airflow/dags/sodai/__init__.py took 0.032 seconds
[2025-11-18T20:02:28.797+0000] {processor.py:161} INFO - Started process (PID=333) to work on /opt/airflow/dags/sodai/__init__.py
[2025-11-18T20:02:28.798+0000] {processor.py:830} INFO - Processing file /opt/airflow/dags/sodai/__init__.py for tasks to queue
[2025-11-18T20:02:28.799+0000] {logging_mixin.py:188} INFO - [2025-11-18T20:02:28.799+0000] {dagbag.py:540} INFO - Filling up the DagBag from /opt/airflow/dags/sodai/__init__.py
[2025-11-18T20:02:28.807+0000] {processor.py:842} WARNING - No viable dags retrieved from /opt/airflow/dags/sodai/__init__.py
[2025-11-18T20:02:28.817+0000] {processor.py:183} INFO - Processing /opt/airflow/dags/sodai/__init__.py took 0.025 seconds
[2025-11-18T20:02:59.820+0000] {processor.py:161} INFO - Started process (PID=343) to work on /opt/airflow/dags/sodai/__init__.py
[2025-11-18T20:02:59.821+0000] {processor.py:830} INFO - Processing file /opt/airflow/dags/sodai/__init__.py for tasks to queue
[2025-11-18T20:02:59.822+0000] {logging_mixin.py:188} INFO - [2025-11-18T20:02:59.822+0000] {dagbag.py:540} INFO - Filling up the DagBag from /opt/airflow/dags/sodai/__init__.py
[2025-11-18T20:02:59.831+0000] {processor.py:842} WARNING - No viable dags retrieved from /opt/airflow/dags/sodai/__init__.py
[2025-11-18T20:02:59.841+0000] {processor.py:183} INFO - Processing /opt/airflow/dags/sodai/__init__.py took 0.025 seconds
[2025-11-18T20:03:29.903+0000] {processor.py:161} INFO - Started process (PID=353) to work on /opt/airflow/dags/sodai/__init__.py
[2025-11-18T20:03:29.906+0000] {processor.py:830} INFO - Processing file /opt/airflow/dags/sodai/__init__.py for tasks to queue
[2025-11-18T20:03:29.912+0000] {logging_mixin.py:188} INFO - [2025-11-18T20:03:29.912+0000] {dagbag.py:540} INFO - Filling up the DagBag from /opt/airflow/dags/sodai/__init__.py
[2025-11-18T20:03:29.923+0000] {processor.py:842} WARNING - No viable dags retrieved from /opt/airflow/dags/sodai/__init__.py
[2025-11-18T20:03:29.933+0000] {processor.py:183} INFO - Processing /opt/airflow/dags/sodai/__init__.py took 0.035 seconds
[2025-11-18T20:03:59.983+0000] {processor.py:161} INFO - Started process (PID=363) to work on /opt/airflow/dags/sodai/__init__.py
[2025-11-18T20:03:59.984+0000] {processor.py:830} INFO - Processing file /opt/airflow/dags/sodai/__init__.py for tasks to queue
[2025-11-18T20:03:59.986+0000] {logging_mixin.py:188} INFO - [2025-11-18T20:03:59.986+0000] {dagbag.py:540} INFO - Filling up the DagBag from /opt/airflow/dags/sodai/__init__.py
[2025-11-18T20:03:59.997+0000] {processor.py:842} WARNING - No viable dags retrieved from /opt/airflow/dags/sodai/__init__.py
[2025-11-18T20:04:00.011+0000] {processor.py:183} INFO - Processing /opt/airflow/dags/sodai/__init__.py took 0.033 seconds
[2025-11-18T20:04:30.122+0000] {processor.py:161} INFO - Started process (PID=373) to work on /opt/airflow/dags/sodai/__init__.py
[2025-11-18T20:04:30.123+0000] {processor.py:830} INFO - Processing file /opt/airflow/dags/sodai/__init__.py for tasks to queue
[2025-11-18T20:04:30.125+0000] {logging_mixin.py:188} INFO - [2025-11-18T20:04:30.124+0000] {dagbag.py:540} INFO - Filling up the DagBag from /opt/airflow/dags/sodai/__init__.py
[2025-11-18T20:04:30.136+0000] {processor.py:842} WARNING - No viable dags retrieved from /opt/airflow/dags/sodai/__init__.py
[2025-11-18T20:04:30.147+0000] {processor.py:183} INFO - Processing /opt/airflow/dags/sodai/__init__.py took 0.029 seconds
[2025-11-18T20:05:00.195+0000] {processor.py:161} INFO - Started process (PID=383) to work on /opt/airflow/dags/sodai/__init__.py
[2025-11-18T20:05:00.196+0000] {processor.py:830} INFO - Processing file /opt/airflow/dags/sodai/__init__.py for tasks to queue
[2025-11-18T20:05:00.198+0000] {logging_mixin.py:188} INFO - [2025-11-18T20:05:00.197+0000] {dagbag.py:540} INFO - Filling up the DagBag from /opt/airflow/dags/sodai/__init__.py
[2025-11-18T20:05:00.207+0000] {processor.py:842} WARNING - No viable dags retrieved from /opt/airflow/dags/sodai/__init__.py
[2025-11-18T20:05:00.219+0000] {processor.py:183} INFO - Processing /opt/airflow/dags/sodai/__init__.py took 0.029 seconds
[2025-11-18T20:05:30.415+0000] {processor.py:161} INFO - Started process (PID=393) to work on /opt/airflow/dags/sodai/__init__.py
[2025-11-18T20:05:30.416+0000] {processor.py:830} INFO - Processing file /opt/airflow/dags/sodai/__init__.py for tasks to queue
[2025-11-18T20:05:30.418+0000] {logging_mixin.py:188} INFO - [2025-11-18T20:05:30.417+0000] {dagbag.py:540} INFO - Filling up the DagBag from /opt/airflow/dags/sodai/__init__.py
[2025-11-18T20:05:30.426+0000] {processor.py:842} WARNING - No viable dags retrieved from /opt/airflow/dags/sodai/__init__.py
[2025-11-18T20:05:30.437+0000] {processor.py:183} INFO - Processing /opt/airflow/dags/sodai/__init__.py took 0.026 seconds
[2025-11-18T20:06:01.452+0000] {processor.py:161} INFO - Started process (PID=403) to work on /opt/airflow/dags/sodai/__init__.py
[2025-11-18T20:06:01.453+0000] {processor.py:830} INFO - Processing file /opt/airflow/dags/sodai/__init__.py for tasks to queue
[2025-11-18T20:06:01.455+0000] {logging_mixin.py:188} INFO - [2025-11-18T20:06:01.454+0000] {dagbag.py:540} INFO - Filling up the DagBag from /opt/airflow/dags/sodai/__init__.py
[2025-11-18T20:06:01.462+0000] {processor.py:842} WARNING - No viable dags retrieved from /opt/airflow/dags/sodai/__init__.py
[2025-11-18T20:06:01.471+0000] {processor.py:183} INFO - Processing /opt/airflow/dags/sodai/__init__.py took 0.023 seconds
[2025-11-18T20:06:31.582+0000] {processor.py:161} INFO - Started process (PID=413) to work on /opt/airflow/dags/sodai/__init__.py
[2025-11-18T20:06:31.583+0000] {processor.py:830} INFO - Processing file /opt/airflow/dags/sodai/__init__.py for tasks to queue
[2025-11-18T20:06:31.584+0000] {logging_mixin.py:188} INFO - [2025-11-18T20:06:31.584+0000] {dagbag.py:540} INFO - Filling up the DagBag from /opt/airflow/dags/sodai/__init__.py
[2025-11-18T20:06:31.592+0000] {processor.py:842} WARNING - No viable dags retrieved from /opt/airflow/dags/sodai/__init__.py
[2025-11-18T20:06:31.601+0000] {processor.py:183} INFO - Processing /opt/airflow/dags/sodai/__init__.py took 0.023 seconds
[2025-11-18T20:07:02.615+0000] {processor.py:161} INFO - Started process (PID=423) to work on /opt/airflow/dags/sodai/__init__.py
[2025-11-18T20:07:02.617+0000] {processor.py:830} INFO - Processing file /opt/airflow/dags/sodai/__init__.py for tasks to queue
[2025-11-18T20:07:02.619+0000] {logging_mixin.py:188} INFO - [2025-11-18T20:07:02.618+0000] {dagbag.py:540} INFO - Filling up the DagBag from /opt/airflow/dags/sodai/__init__.py
[2025-11-18T20:07:02.626+0000] {processor.py:842} WARNING - No viable dags retrieved from /opt/airflow/dags/sodai/__init__.py
[2025-11-18T20:07:02.635+0000] {processor.py:183} INFO - Processing /opt/airflow/dags/sodai/__init__.py took 0.025 seconds
[2025-11-18T20:07:32.865+0000] {processor.py:161} INFO - Started process (PID=433) to work on /opt/airflow/dags/sodai/__init__.py
[2025-11-18T20:07:32.869+0000] {processor.py:830} INFO - Processing file /opt/airflow/dags/sodai/__init__.py for tasks to queue
[2025-11-18T20:07:32.872+0000] {logging_mixin.py:188} INFO - [2025-11-18T20:07:32.872+0000] {dagbag.py:540} INFO - Filling up the DagBag from /opt/airflow/dags/sodai/__init__.py
[2025-11-18T20:07:32.882+0000] {processor.py:842} WARNING - No viable dags retrieved from /opt/airflow/dags/sodai/__init__.py
[2025-11-18T20:07:32.891+0000] {processor.py:183} INFO - Processing /opt/airflow/dags/sodai/__init__.py took 0.030 seconds
[2025-11-18T20:08:03.053+0000] {processor.py:161} INFO - Started process (PID=443) to work on /opt/airflow/dags/sodai/__init__.py
[2025-11-18T20:08:03.054+0000] {processor.py:830} INFO - Processing file /opt/airflow/dags/sodai/__init__.py for tasks to queue
[2025-11-18T20:08:03.055+0000] {logging_mixin.py:188} INFO - [2025-11-18T20:08:03.055+0000] {dagbag.py:540} INFO - Filling up the DagBag from /opt/airflow/dags/sodai/__init__.py
[2025-11-18T20:08:03.062+0000] {processor.py:842} WARNING - No viable dags retrieved from /opt/airflow/dags/sodai/__init__.py
[2025-11-18T20:08:03.072+0000] {processor.py:183} INFO - Processing /opt/airflow/dags/sodai/__init__.py took 0.024 seconds
[2025-11-18T20:08:33.232+0000] {processor.py:161} INFO - Started process (PID=453) to work on /opt/airflow/dags/sodai/__init__.py
[2025-11-18T20:08:33.234+0000] {processor.py:830} INFO - Processing file /opt/airflow/dags/sodai/__init__.py for tasks to queue
[2025-11-18T20:08:33.236+0000] {logging_mixin.py:188} INFO - [2025-11-18T20:08:33.236+0000] {dagbag.py:540} INFO - Filling up the DagBag from /opt/airflow/dags/sodai/__init__.py
[2025-11-18T20:08:33.260+0000] {processor.py:842} WARNING - No viable dags retrieved from /opt/airflow/dags/sodai/__init__.py
[2025-11-18T20:08:33.270+0000] {processor.py:183} INFO - Processing /opt/airflow/dags/sodai/__init__.py took 0.042 seconds
[2025-11-18T20:09:03.423+0000] {processor.py:161} INFO - Started process (PID=463) to work on /opt/airflow/dags/sodai/__init__.py
[2025-11-18T20:09:03.424+0000] {processor.py:830} INFO - Processing file /opt/airflow/dags/sodai/__init__.py for tasks to queue
[2025-11-18T20:09:03.426+0000] {logging_mixin.py:188} INFO - [2025-11-18T20:09:03.426+0000] {dagbag.py:540} INFO - Filling up the DagBag from /opt/airflow/dags/sodai/__init__.py
[2025-11-18T20:09:03.459+0000] {processor.py:842} WARNING - No viable dags retrieved from /opt/airflow/dags/sodai/__init__.py
[2025-11-18T20:09:03.470+0000] {processor.py:183} INFO - Processing /opt/airflow/dags/sodai/__init__.py took 0.051 seconds
[2025-11-18T20:09:33.541+0000] {processor.py:161} INFO - Started process (PID=473) to work on /opt/airflow/dags/sodai/__init__.py
[2025-11-18T20:09:33.542+0000] {processor.py:830} INFO - Processing file /opt/airflow/dags/sodai/__init__.py for tasks to queue
[2025-11-18T20:09:33.543+0000] {logging_mixin.py:188} INFO - [2025-11-18T20:09:33.543+0000] {dagbag.py:540} INFO - Filling up the DagBag from /opt/airflow/dags/sodai/__init__.py
[2025-11-18T20:09:33.567+0000] {processor.py:842} WARNING - No viable dags retrieved from /opt/airflow/dags/sodai/__init__.py
[2025-11-18T20:09:33.578+0000] {processor.py:183} INFO - Processing /opt/airflow/dags/sodai/__init__.py took 0.041 seconds
[2025-11-18T20:10:03.866+0000] {processor.py:161} INFO - Started process (PID=483) to work on /opt/airflow/dags/sodai/__init__.py
[2025-11-18T20:10:03.866+0000] {processor.py:830} INFO - Processing file /opt/airflow/dags/sodai/__init__.py for tasks to queue
[2025-11-18T20:10:03.868+0000] {logging_mixin.py:188} INFO - [2025-11-18T20:10:03.868+0000] {dagbag.py:540} INFO - Filling up the DagBag from /opt/airflow/dags/sodai/__init__.py
[2025-11-18T20:10:03.879+0000] {processor.py:842} WARNING - No viable dags retrieved from /opt/airflow/dags/sodai/__init__.py
[2025-11-18T20:10:03.890+0000] {processor.py:183} INFO - Processing /opt/airflow/dags/sodai/__init__.py took 0.029 seconds
[2025-11-18T20:10:34.024+0000] {processor.py:161} INFO - Started process (PID=493) to work on /opt/airflow/dags/sodai/__init__.py
[2025-11-18T20:10:34.025+0000] {processor.py:830} INFO - Processing file /opt/airflow/dags/sodai/__init__.py for tasks to queue
[2025-11-18T20:10:34.026+0000] {logging_mixin.py:188} INFO - [2025-11-18T20:10:34.026+0000] {dagbag.py:540} INFO - Filling up the DagBag from /opt/airflow/dags/sodai/__init__.py
[2025-11-18T20:10:34.034+0000] {processor.py:842} WARNING - No viable dags retrieved from /opt/airflow/dags/sodai/__init__.py
[2025-11-18T20:10:34.044+0000] {processor.py:183} INFO - Processing /opt/airflow/dags/sodai/__init__.py took 0.024 seconds
[2025-11-18T20:11:04.103+0000] {processor.py:161} INFO - Started process (PID=503) to work on /opt/airflow/dags/sodai/__init__.py
[2025-11-18T20:11:04.104+0000] {processor.py:830} INFO - Processing file /opt/airflow/dags/sodai/__init__.py for tasks to queue
[2025-11-18T20:11:04.105+0000] {logging_mixin.py:188} INFO - [2025-11-18T20:11:04.105+0000] {dagbag.py:540} INFO - Filling up the DagBag from /opt/airflow/dags/sodai/__init__.py
[2025-11-18T20:11:04.115+0000] {processor.py:842} WARNING - No viable dags retrieved from /opt/airflow/dags/sodai/__init__.py
[2025-11-18T20:11:04.127+0000] {processor.py:183} INFO - Processing /opt/airflow/dags/sodai/__init__.py took 0.029 seconds
[2025-11-18T20:11:34.160+0000] {processor.py:161} INFO - Started process (PID=513) to work on /opt/airflow/dags/sodai/__init__.py
[2025-11-18T20:11:34.161+0000] {processor.py:830} INFO - Processing file /opt/airflow/dags/sodai/__init__.py for tasks to queue
[2025-11-18T20:11:34.162+0000] {logging_mixin.py:188} INFO - [2025-11-18T20:11:34.162+0000] {dagbag.py:540} INFO - Filling up the DagBag from /opt/airflow/dags/sodai/__init__.py
[2025-11-18T20:11:34.171+0000] {processor.py:842} WARNING - No viable dags retrieved from /opt/airflow/dags/sodai/__init__.py
[2025-11-18T20:11:34.181+0000] {processor.py:183} INFO - Processing /opt/airflow/dags/sodai/__init__.py took 0.025 seconds
[2025-11-18T20:12:05.243+0000] {processor.py:161} INFO - Started process (PID=523) to work on /opt/airflow/dags/sodai/__init__.py
[2025-11-18T20:12:05.244+0000] {processor.py:830} INFO - Processing file /opt/airflow/dags/sodai/__init__.py for tasks to queue
[2025-11-18T20:12:05.246+0000] {logging_mixin.py:188} INFO - [2025-11-18T20:12:05.245+0000] {dagbag.py:540} INFO - Filling up the DagBag from /opt/airflow/dags/sodai/__init__.py
[2025-11-18T20:12:05.260+0000] {processor.py:842} WARNING - No viable dags retrieved from /opt/airflow/dags/sodai/__init__.py
[2025-11-18T20:12:05.270+0000] {processor.py:183} INFO - Processing /opt/airflow/dags/sodai/__init__.py took 0.031 seconds
[2025-11-18T20:12:35.409+0000] {processor.py:161} INFO - Started process (PID=533) to work on /opt/airflow/dags/sodai/__init__.py
[2025-11-18T20:12:35.410+0000] {processor.py:830} INFO - Processing file /opt/airflow/dags/sodai/__init__.py for tasks to queue
[2025-11-18T20:12:35.411+0000] {logging_mixin.py:188} INFO - [2025-11-18T20:12:35.411+0000] {dagbag.py:540} INFO - Filling up the DagBag from /opt/airflow/dags/sodai/__init__.py
[2025-11-18T20:12:35.436+0000] {processor.py:842} WARNING - No viable dags retrieved from /opt/airflow/dags/sodai/__init__.py
[2025-11-18T20:12:35.447+0000] {processor.py:183} INFO - Processing /opt/airflow/dags/sodai/__init__.py took 0.043 seconds
[2025-11-18T20:13:05.558+0000] {processor.py:161} INFO - Started process (PID=543) to work on /opt/airflow/dags/sodai/__init__.py
[2025-11-18T20:13:05.559+0000] {processor.py:830} INFO - Processing file /opt/airflow/dags/sodai/__init__.py for tasks to queue
[2025-11-18T20:13:05.561+0000] {logging_mixin.py:188} INFO - [2025-11-18T20:13:05.561+0000] {dagbag.py:540} INFO - Filling up the DagBag from /opt/airflow/dags/sodai/__init__.py
[2025-11-18T20:13:05.578+0000] {processor.py:842} WARNING - No viable dags retrieved from /opt/airflow/dags/sodai/__init__.py
[2025-11-18T20:13:05.589+0000] {processor.py:183} INFO - Processing /opt/airflow/dags/sodai/__init__.py took 0.036 seconds
[2025-11-18T20:13:36.612+0000] {processor.py:161} INFO - Started process (PID=553) to work on /opt/airflow/dags/sodai/__init__.py
[2025-11-18T20:13:36.613+0000] {processor.py:830} INFO - Processing file /opt/airflow/dags/sodai/__init__.py for tasks to queue
[2025-11-18T20:13:36.614+0000] {logging_mixin.py:188} INFO - [2025-11-18T20:13:36.614+0000] {dagbag.py:540} INFO - Filling up the DagBag from /opt/airflow/dags/sodai/__init__.py
[2025-11-18T20:13:36.630+0000] {processor.py:842} WARNING - No viable dags retrieved from /opt/airflow/dags/sodai/__init__.py
[2025-11-18T20:13:36.642+0000] {processor.py:183} INFO - Processing /opt/airflow/dags/sodai/__init__.py took 0.035 seconds
[2025-11-18T20:14:06.746+0000] {processor.py:161} INFO - Started process (PID=563) to work on /opt/airflow/dags/sodai/__init__.py
[2025-11-18T20:14:06.747+0000] {processor.py:830} INFO - Processing file /opt/airflow/dags/sodai/__init__.py for tasks to queue
[2025-11-18T20:14:06.749+0000] {logging_mixin.py:188} INFO - [2025-11-18T20:14:06.749+0000] {dagbag.py:540} INFO - Filling up the DagBag from /opt/airflow/dags/sodai/__init__.py
[2025-11-18T20:14:06.758+0000] {processor.py:842} WARNING - No viable dags retrieved from /opt/airflow/dags/sodai/__init__.py
[2025-11-18T20:14:06.769+0000] {processor.py:183} INFO - Processing /opt/airflow/dags/sodai/__init__.py took 0.027 seconds
[2025-11-18T20:14:36.912+0000] {processor.py:161} INFO - Started process (PID=573) to work on /opt/airflow/dags/sodai/__init__.py
[2025-11-18T20:14:36.913+0000] {processor.py:830} INFO - Processing file /opt/airflow/dags/sodai/__init__.py for tasks to queue
[2025-11-18T20:14:36.915+0000] {logging_mixin.py:188} INFO - [2025-11-18T20:14:36.915+0000] {dagbag.py:540} INFO - Filling up the DagBag from /opt/airflow/dags/sodai/__init__.py
[2025-11-18T20:14:36.926+0000] {processor.py:842} WARNING - No viable dags retrieved from /opt/airflow/dags/sodai/__init__.py
[2025-11-18T20:14:36.940+0000] {processor.py:183} INFO - Processing /opt/airflow/dags/sodai/__init__.py took 0.034 seconds
[2025-11-18T20:15:07.818+0000] {processor.py:161} INFO - Started process (PID=583) to work on /opt/airflow/dags/sodai/__init__.py
[2025-11-18T20:15:07.819+0000] {processor.py:830} INFO - Processing file /opt/airflow/dags/sodai/__init__.py for tasks to queue
[2025-11-18T20:15:07.821+0000] {logging_mixin.py:188} INFO - [2025-11-18T20:15:07.820+0000] {dagbag.py:540} INFO - Filling up the DagBag from /opt/airflow/dags/sodai/__init__.py
[2025-11-18T20:15:07.830+0000] {processor.py:842} WARNING - No viable dags retrieved from /opt/airflow/dags/sodai/__init__.py
[2025-11-18T20:15:07.840+0000] {processor.py:183} INFO - Processing /opt/airflow/dags/sodai/__init__.py took 0.026 seconds
[2025-11-18T20:15:38.021+0000] {processor.py:161} INFO - Started process (PID=593) to work on /opt/airflow/dags/sodai/__init__.py
[2025-11-18T20:15:38.022+0000] {processor.py:830} INFO - Processing file /opt/airflow/dags/sodai/__init__.py for tasks to queue
[2025-11-18T20:15:38.024+0000] {logging_mixin.py:188} INFO - [2025-11-18T20:15:38.023+0000] {dagbag.py:540} INFO - Filling up the DagBag from /opt/airflow/dags/sodai/__init__.py
[2025-11-18T20:15:38.050+0000] {processor.py:842} WARNING - No viable dags retrieved from /opt/airflow/dags/sodai/__init__.py
[2025-11-18T20:15:38.060+0000] {processor.py:183} INFO - Processing /opt/airflow/dags/sodai/__init__.py took 0.043 seconds
[2025-11-18T20:16:08.239+0000] {processor.py:161} INFO - Started process (PID=603) to work on /opt/airflow/dags/sodai/__init__.py
[2025-11-18T20:16:08.241+0000] {processor.py:830} INFO - Processing file /opt/airflow/dags/sodai/__init__.py for tasks to queue
[2025-11-18T20:16:08.243+0000] {logging_mixin.py:188} INFO - [2025-11-18T20:16:08.243+0000] {dagbag.py:540} INFO - Filling up the DagBag from /opt/airflow/dags/sodai/__init__.py
[2025-11-18T20:16:08.264+0000] {processor.py:842} WARNING - No viable dags retrieved from /opt/airflow/dags/sodai/__init__.py
[2025-11-18T20:16:08.276+0000] {processor.py:183} INFO - Processing /opt/airflow/dags/sodai/__init__.py took 0.042 seconds
[2025-11-18T20:16:38.320+0000] {processor.py:161} INFO - Started process (PID=613) to work on /opt/airflow/dags/sodai/__init__.py
[2025-11-18T20:16:38.321+0000] {processor.py:830} INFO - Processing file /opt/airflow/dags/sodai/__init__.py for tasks to queue
[2025-11-18T20:16:38.322+0000] {logging_mixin.py:188} INFO - [2025-11-18T20:16:38.322+0000] {dagbag.py:540} INFO - Filling up the DagBag from /opt/airflow/dags/sodai/__init__.py
[2025-11-18T20:16:38.330+0000] {processor.py:842} WARNING - No viable dags retrieved from /opt/airflow/dags/sodai/__init__.py
[2025-11-18T20:16:38.340+0000] {processor.py:183} INFO - Processing /opt/airflow/dags/sodai/__init__.py took 0.024 seconds
[2025-11-18T20:17:08.400+0000] {processor.py:161} INFO - Started process (PID=623) to work on /opt/airflow/dags/sodai/__init__.py
[2025-11-18T20:17:08.401+0000] {processor.py:830} INFO - Processing file /opt/airflow/dags/sodai/__init__.py for tasks to queue
[2025-11-18T20:17:08.402+0000] {logging_mixin.py:188} INFO - [2025-11-18T20:17:08.402+0000] {dagbag.py:540} INFO - Filling up the DagBag from /opt/airflow/dags/sodai/__init__.py
[2025-11-18T20:17:08.411+0000] {processor.py:842} WARNING - No viable dags retrieved from /opt/airflow/dags/sodai/__init__.py
[2025-11-18T20:17:08.420+0000] {processor.py:183} INFO - Processing /opt/airflow/dags/sodai/__init__.py took 0.024 seconds
[2025-11-18T20:17:38.492+0000] {processor.py:161} INFO - Started process (PID=633) to work on /opt/airflow/dags/sodai/__init__.py
[2025-11-18T20:17:38.493+0000] {processor.py:830} INFO - Processing file /opt/airflow/dags/sodai/__init__.py for tasks to queue
[2025-11-18T20:17:38.494+0000] {logging_mixin.py:188} INFO - [2025-11-18T20:17:38.494+0000] {dagbag.py:540} INFO - Filling up the DagBag from /opt/airflow/dags/sodai/__init__.py
[2025-11-18T20:17:38.503+0000] {processor.py:842} WARNING - No viable dags retrieved from /opt/airflow/dags/sodai/__init__.py
[2025-11-18T20:17:38.512+0000] {processor.py:183} INFO - Processing /opt/airflow/dags/sodai/__init__.py took 0.025 seconds
[2025-11-18T20:18:09.513+0000] {processor.py:161} INFO - Started process (PID=643) to work on /opt/airflow/dags/sodai/__init__.py
[2025-11-18T20:18:09.514+0000] {processor.py:830} INFO - Processing file /opt/airflow/dags/sodai/__init__.py for tasks to queue
[2025-11-18T20:18:09.515+0000] {logging_mixin.py:188} INFO - [2025-11-18T20:18:09.515+0000] {dagbag.py:540} INFO - Filling up the DagBag from /opt/airflow/dags/sodai/__init__.py
[2025-11-18T20:18:09.523+0000] {processor.py:842} WARNING - No viable dags retrieved from /opt/airflow/dags/sodai/__init__.py
[2025-11-18T20:18:09.533+0000] {processor.py:183} INFO - Processing /opt/airflow/dags/sodai/__init__.py took 0.025 seconds
[2025-11-18T20:18:39.566+0000] {processor.py:161} INFO - Started process (PID=653) to work on /opt/airflow/dags/sodai/__init__.py
[2025-11-18T20:18:39.568+0000] {processor.py:830} INFO - Processing file /opt/airflow/dags/sodai/__init__.py for tasks to queue
[2025-11-18T20:18:39.570+0000] {logging_mixin.py:188} INFO - [2025-11-18T20:18:39.570+0000] {dagbag.py:540} INFO - Filling up the DagBag from /opt/airflow/dags/sodai/__init__.py
[2025-11-18T20:18:39.578+0000] {processor.py:842} WARNING - No viable dags retrieved from /opt/airflow/dags/sodai/__init__.py
[2025-11-18T20:18:39.588+0000] {processor.py:183} INFO - Processing /opt/airflow/dags/sodai/__init__.py took 0.026 seconds
[2025-11-18T20:19:09.799+0000] {processor.py:161} INFO - Started process (PID=663) to work on /opt/airflow/dags/sodai/__init__.py
[2025-11-18T20:19:09.800+0000] {processor.py:830} INFO - Processing file /opt/airflow/dags/sodai/__init__.py for tasks to queue
[2025-11-18T20:19:09.801+0000] {logging_mixin.py:188} INFO - [2025-11-18T20:19:09.801+0000] {dagbag.py:540} INFO - Filling up the DagBag from /opt/airflow/dags/sodai/__init__.py
[2025-11-18T20:19:09.813+0000] {processor.py:842} WARNING - No viable dags retrieved from /opt/airflow/dags/sodai/__init__.py
[2025-11-18T20:19:09.823+0000] {processor.py:183} INFO - Processing /opt/airflow/dags/sodai/__init__.py took 0.029 seconds
[2025-11-18T20:19:40.016+0000] {processor.py:161} INFO - Started process (PID=673) to work on /opt/airflow/dags/sodai/__init__.py
[2025-11-18T20:19:40.018+0000] {processor.py:830} INFO - Processing file /opt/airflow/dags/sodai/__init__.py for tasks to queue
[2025-11-18T20:19:40.022+0000] {logging_mixin.py:188} INFO - [2025-11-18T20:19:40.022+0000] {dagbag.py:540} INFO - Filling up the DagBag from /opt/airflow/dags/sodai/__init__.py
[2025-11-18T20:19:40.056+0000] {processor.py:842} WARNING - No viable dags retrieved from /opt/airflow/dags/sodai/__init__.py
[2025-11-18T20:19:40.068+0000] {processor.py:183} INFO - Processing /opt/airflow/dags/sodai/__init__.py took 0.057 seconds
[2025-11-18T20:20:10.233+0000] {processor.py:161} INFO - Started process (PID=683) to work on /opt/airflow/dags/sodai/__init__.py
[2025-11-18T20:20:10.233+0000] {processor.py:830} INFO - Processing file /opt/airflow/dags/sodai/__init__.py for tasks to queue
[2025-11-18T20:20:10.235+0000] {logging_mixin.py:188} INFO - [2025-11-18T20:20:10.235+0000] {dagbag.py:540} INFO - Filling up the DagBag from /opt/airflow/dags/sodai/__init__.py
[2025-11-18T20:20:10.248+0000] {processor.py:842} WARNING - No viable dags retrieved from /opt/airflow/dags/sodai/__init__.py
[2025-11-18T20:20:10.258+0000] {processor.py:183} INFO - Processing /opt/airflow/dags/sodai/__init__.py took 0.030 seconds
[2025-11-18T20:20:40.553+0000] {processor.py:161} INFO - Started process (PID=693) to work on /opt/airflow/dags/sodai/__init__.py
[2025-11-18T20:20:40.554+0000] {processor.py:830} INFO - Processing file /opt/airflow/dags/sodai/__init__.py for tasks to queue
[2025-11-18T20:20:40.556+0000] {logging_mixin.py:188} INFO - [2025-11-18T20:20:40.555+0000] {dagbag.py:540} INFO - Filling up the DagBag from /opt/airflow/dags/sodai/__init__.py
[2025-11-18T20:20:40.564+0000] {processor.py:842} WARNING - No viable dags retrieved from /opt/airflow/dags/sodai/__init__.py
[2025-11-18T20:20:40.575+0000] {processor.py:183} INFO - Processing /opt/airflow/dags/sodai/__init__.py took 0.026 seconds
[2025-11-18T20:21:10.678+0000] {processor.py:161} INFO - Started process (PID=703) to work on /opt/airflow/dags/sodai/__init__.py
[2025-11-18T20:21:10.679+0000] {processor.py:830} INFO - Processing file /opt/airflow/dags/sodai/__init__.py for tasks to queue
[2025-11-18T20:21:10.681+0000] {logging_mixin.py:188} INFO - [2025-11-18T20:21:10.680+0000] {dagbag.py:540} INFO - Filling up the DagBag from /opt/airflow/dags/sodai/__init__.py
[2025-11-18T20:21:10.690+0000] {processor.py:842} WARNING - No viable dags retrieved from /opt/airflow/dags/sodai/__init__.py
[2025-11-18T20:21:10.699+0000] {processor.py:183} INFO - Processing /opt/airflow/dags/sodai/__init__.py took 0.025 seconds
[2025-11-18T20:21:40.908+0000] {processor.py:161} INFO - Started process (PID=713) to work on /opt/airflow/dags/sodai/__init__.py
[2025-11-18T20:21:40.909+0000] {processor.py:830} INFO - Processing file /opt/airflow/dags/sodai/__init__.py for tasks to queue
[2025-11-18T20:21:40.911+0000] {logging_mixin.py:188} INFO - [2025-11-18T20:21:40.911+0000] {dagbag.py:540} INFO - Filling up the DagBag from /opt/airflow/dags/sodai/__init__.py
[2025-11-18T20:21:40.927+0000] {processor.py:842} WARNING - No viable dags retrieved from /opt/airflow/dags/sodai/__init__.py
[2025-11-18T20:21:40.938+0000] {processor.py:183} INFO - Processing /opt/airflow/dags/sodai/__init__.py took 0.034 seconds
[2025-11-18T20:22:11.004+0000] {processor.py:161} INFO - Started process (PID=723) to work on /opt/airflow/dags/sodai/__init__.py
[2025-11-18T20:22:11.005+0000] {processor.py:830} INFO - Processing file /opt/airflow/dags/sodai/__init__.py for tasks to queue
[2025-11-18T20:22:11.007+0000] {logging_mixin.py:188} INFO - [2025-11-18T20:22:11.006+0000] {dagbag.py:540} INFO - Filling up the DagBag from /opt/airflow/dags/sodai/__init__.py
[2025-11-18T20:22:11.016+0000] {processor.py:842} WARNING - No viable dags retrieved from /opt/airflow/dags/sodai/__init__.py
[2025-11-18T20:22:11.026+0000] {processor.py:183} INFO - Processing /opt/airflow/dags/sodai/__init__.py took 0.027 seconds
[2025-11-18T20:22:41.135+0000] {processor.py:161} INFO - Started process (PID=733) to work on /opt/airflow/dags/sodai/__init__.py
[2025-11-18T20:22:41.136+0000] {processor.py:830} INFO - Processing file /opt/airflow/dags/sodai/__init__.py for tasks to queue
[2025-11-18T20:22:41.138+0000] {logging_mixin.py:188} INFO - [2025-11-18T20:22:41.137+0000] {dagbag.py:540} INFO - Filling up the DagBag from /opt/airflow/dags/sodai/__init__.py
[2025-11-18T20:22:41.148+0000] {processor.py:842} WARNING - No viable dags retrieved from /opt/airflow/dags/sodai/__init__.py
[2025-11-18T20:22:41.158+0000] {processor.py:183} INFO - Processing /opt/airflow/dags/sodai/__init__.py took 0.028 seconds
[2025-11-18T20:23:11.223+0000] {processor.py:161} INFO - Started process (PID=743) to work on /opt/airflow/dags/sodai/__init__.py
[2025-11-18T20:23:11.223+0000] {processor.py:830} INFO - Processing file /opt/airflow/dags/sodai/__init__.py for tasks to queue
[2025-11-18T20:23:11.225+0000] {logging_mixin.py:188} INFO - [2025-11-18T20:23:11.225+0000] {dagbag.py:540} INFO - Filling up the DagBag from /opt/airflow/dags/sodai/__init__.py
[2025-11-18T20:23:11.239+0000] {processor.py:842} WARNING - No viable dags retrieved from /opt/airflow/dags/sodai/__init__.py
[2025-11-18T20:23:11.249+0000] {processor.py:183} INFO - Processing /opt/airflow/dags/sodai/__init__.py took 0.031 seconds
[2025-11-18T20:23:41.350+0000] {processor.py:161} INFO - Started process (PID=753) to work on /opt/airflow/dags/sodai/__init__.py
[2025-11-18T20:23:41.352+0000] {processor.py:830} INFO - Processing file /opt/airflow/dags/sodai/__init__.py for tasks to queue
[2025-11-18T20:23:41.355+0000] {logging_mixin.py:188} INFO - [2025-11-18T20:23:41.355+0000] {dagbag.py:540} INFO - Filling up the DagBag from /opt/airflow/dags/sodai/__init__.py
[2025-11-18T20:23:41.378+0000] {processor.py:842} WARNING - No viable dags retrieved from /opt/airflow/dags/sodai/__init__.py
[2025-11-18T20:23:41.390+0000] {processor.py:183} INFO - Processing /opt/airflow/dags/sodai/__init__.py took 0.045 seconds
[2025-11-18T20:24:11.469+0000] {processor.py:161} INFO - Started process (PID=763) to work on /opt/airflow/dags/sodai/__init__.py
[2025-11-18T20:24:11.470+0000] {processor.py:830} INFO - Processing file /opt/airflow/dags/sodai/__init__.py for tasks to queue
[2025-11-18T20:24:11.472+0000] {logging_mixin.py:188} INFO - [2025-11-18T20:24:11.471+0000] {dagbag.py:540} INFO - Filling up the DagBag from /opt/airflow/dags/sodai/__init__.py
[2025-11-18T20:24:11.481+0000] {processor.py:842} WARNING - No viable dags retrieved from /opt/airflow/dags/sodai/__init__.py
[2025-11-18T20:24:11.490+0000] {processor.py:183} INFO - Processing /opt/airflow/dags/sodai/__init__.py took 0.025 seconds
[2025-11-18T20:24:41.792+0000] {processor.py:161} INFO - Started process (PID=773) to work on /opt/airflow/dags/sodai/__init__.py
[2025-11-18T20:24:41.793+0000] {processor.py:830} INFO - Processing file /opt/airflow/dags/sodai/__init__.py for tasks to queue
[2025-11-18T20:24:41.795+0000] {logging_mixin.py:188} INFO - [2025-11-18T20:24:41.795+0000] {dagbag.py:540} INFO - Filling up the DagBag from /opt/airflow/dags/sodai/__init__.py
[2025-11-18T20:24:41.814+0000] {processor.py:842} WARNING - No viable dags retrieved from /opt/airflow/dags/sodai/__init__.py
[2025-11-18T20:24:41.824+0000] {processor.py:183} INFO - Processing /opt/airflow/dags/sodai/__init__.py took 0.036 seconds
[2025-11-18T20:25:11.927+0000] {processor.py:161} INFO - Started process (PID=783) to work on /opt/airflow/dags/sodai/__init__.py
[2025-11-18T20:25:11.927+0000] {processor.py:830} INFO - Processing file /opt/airflow/dags/sodai/__init__.py for tasks to queue
[2025-11-18T20:25:11.929+0000] {logging_mixin.py:188} INFO - [2025-11-18T20:25:11.929+0000] {dagbag.py:540} INFO - Filling up the DagBag from /opt/airflow/dags/sodai/__init__.py
[2025-11-18T20:25:11.939+0000] {processor.py:842} WARNING - No viable dags retrieved from /opt/airflow/dags/sodai/__init__.py
[2025-11-18T20:25:11.949+0000] {processor.py:183} INFO - Processing /opt/airflow/dags/sodai/__init__.py took 0.027 seconds
[2025-11-18T20:25:42.105+0000] {processor.py:161} INFO - Started process (PID=793) to work on /opt/airflow/dags/sodai/__init__.py
[2025-11-18T20:25:42.106+0000] {processor.py:830} INFO - Processing file /opt/airflow/dags/sodai/__init__.py for tasks to queue
[2025-11-18T20:25:42.107+0000] {logging_mixin.py:188} INFO - [2025-11-18T20:25:42.107+0000] {dagbag.py:540} INFO - Filling up the DagBag from /opt/airflow/dags/sodai/__init__.py
[2025-11-18T20:25:42.115+0000] {processor.py:842} WARNING - No viable dags retrieved from /opt/airflow/dags/sodai/__init__.py
[2025-11-18T20:25:42.125+0000] {processor.py:183} INFO - Processing /opt/airflow/dags/sodai/__init__.py took 0.024 seconds
[2025-11-18T20:26:12.261+0000] {processor.py:161} INFO - Started process (PID=803) to work on /opt/airflow/dags/sodai/__init__.py
[2025-11-18T20:26:12.262+0000] {processor.py:830} INFO - Processing file /opt/airflow/dags/sodai/__init__.py for tasks to queue
[2025-11-18T20:26:12.264+0000] {logging_mixin.py:188} INFO - [2025-11-18T20:26:12.264+0000] {dagbag.py:540} INFO - Filling up the DagBag from /opt/airflow/dags/sodai/__init__.py
[2025-11-18T20:26:12.276+0000] {processor.py:842} WARNING - No viable dags retrieved from /opt/airflow/dags/sodai/__init__.py
[2025-11-18T20:26:12.287+0000] {processor.py:183} INFO - Processing /opt/airflow/dags/sodai/__init__.py took 0.032 seconds
[2025-11-18T20:26:42.360+0000] {processor.py:161} INFO - Started process (PID=813) to work on /opt/airflow/dags/sodai/__init__.py
[2025-11-18T20:26:42.361+0000] {processor.py:830} INFO - Processing file /opt/airflow/dags/sodai/__init__.py for tasks to queue
[2025-11-18T20:26:42.363+0000] {logging_mixin.py:188} INFO - [2025-11-18T20:26:42.363+0000] {dagbag.py:540} INFO - Filling up the DagBag from /opt/airflow/dags/sodai/__init__.py
[2025-11-18T20:26:42.375+0000] {processor.py:842} WARNING - No viable dags retrieved from /opt/airflow/dags/sodai/__init__.py
[2025-11-18T20:26:42.385+0000] {processor.py:183} INFO - Processing /opt/airflow/dags/sodai/__init__.py took 0.030 seconds
[2025-11-18T20:27:12.458+0000] {processor.py:161} INFO - Started process (PID=823) to work on /opt/airflow/dags/sodai/__init__.py
[2025-11-18T20:27:12.459+0000] {processor.py:830} INFO - Processing file /opt/airflow/dags/sodai/__init__.py for tasks to queue
[2025-11-18T20:27:12.460+0000] {logging_mixin.py:188} INFO - [2025-11-18T20:27:12.460+0000] {dagbag.py:540} INFO - Filling up the DagBag from /opt/airflow/dags/sodai/__init__.py
[2025-11-18T20:27:12.473+0000] {processor.py:842} WARNING - No viable dags retrieved from /opt/airflow/dags/sodai/__init__.py
[2025-11-18T20:27:12.483+0000] {processor.py:183} INFO - Processing /opt/airflow/dags/sodai/__init__.py took 0.029 seconds
[2025-11-18T20:27:42.568+0000] {processor.py:161} INFO - Started process (PID=833) to work on /opt/airflow/dags/sodai/__init__.py
[2025-11-18T20:27:42.569+0000] {processor.py:830} INFO - Processing file /opt/airflow/dags/sodai/__init__.py for tasks to queue
[2025-11-18T20:27:42.571+0000] {logging_mixin.py:188} INFO - [2025-11-18T20:27:42.570+0000] {dagbag.py:540} INFO - Filling up the DagBag from /opt/airflow/dags/sodai/__init__.py
[2025-11-18T20:27:42.579+0000] {processor.py:842} WARNING - No viable dags retrieved from /opt/airflow/dags/sodai/__init__.py
[2025-11-18T20:27:42.588+0000] {processor.py:183} INFO - Processing /opt/airflow/dags/sodai/__init__.py took 0.025 seconds
[2025-11-18T20:28:12.651+0000] {processor.py:161} INFO - Started process (PID=843) to work on /opt/airflow/dags/sodai/__init__.py
[2025-11-18T20:28:12.652+0000] {processor.py:830} INFO - Processing file /opt/airflow/dags/sodai/__init__.py for tasks to queue
[2025-11-18T20:28:12.653+0000] {logging_mixin.py:188} INFO - [2025-11-18T20:28:12.653+0000] {dagbag.py:540} INFO - Filling up the DagBag from /opt/airflow/dags/sodai/__init__.py
[2025-11-18T20:28:12.662+0000] {processor.py:842} WARNING - No viable dags retrieved from /opt/airflow/dags/sodai/__init__.py
[2025-11-18T20:28:12.671+0000] {processor.py:183} INFO - Processing /opt/airflow/dags/sodai/__init__.py took 0.025 seconds
[2025-11-18T20:28:42.731+0000] {processor.py:161} INFO - Started process (PID=853) to work on /opt/airflow/dags/sodai/__init__.py
[2025-11-18T20:28:42.732+0000] {processor.py:830} INFO - Processing file /opt/airflow/dags/sodai/__init__.py for tasks to queue
[2025-11-18T20:28:42.737+0000] {logging_mixin.py:188} INFO - [2025-11-18T20:28:42.737+0000] {dagbag.py:540} INFO - Filling up the DagBag from /opt/airflow/dags/sodai/__init__.py
[2025-11-18T20:28:42.749+0000] {processor.py:842} WARNING - No viable dags retrieved from /opt/airflow/dags/sodai/__init__.py
[2025-11-18T20:28:42.763+0000] {processor.py:183} INFO - Processing /opt/airflow/dags/sodai/__init__.py took 0.038 seconds
[2025-11-18T20:29:12.913+0000] {processor.py:161} INFO - Started process (PID=863) to work on /opt/airflow/dags/sodai/__init__.py
[2025-11-18T20:29:12.915+0000] {processor.py:830} INFO - Processing file /opt/airflow/dags/sodai/__init__.py for tasks to queue
[2025-11-18T20:29:12.917+0000] {logging_mixin.py:188} INFO - [2025-11-18T20:29:12.916+0000] {dagbag.py:540} INFO - Filling up the DagBag from /opt/airflow/dags/sodai/__init__.py
[2025-11-18T20:29:12.932+0000] {processor.py:842} WARNING - No viable dags retrieved from /opt/airflow/dags/sodai/__init__.py
[2025-11-18T20:29:12.944+0000] {processor.py:183} INFO - Processing /opt/airflow/dags/sodai/__init__.py took 0.038 seconds
[2025-11-18T20:29:43.103+0000] {processor.py:161} INFO - Started process (PID=873) to work on /opt/airflow/dags/sodai/__init__.py
[2025-11-18T20:29:43.104+0000] {processor.py:830} INFO - Processing file /opt/airflow/dags/sodai/__init__.py for tasks to queue
[2025-11-18T20:29:43.105+0000] {logging_mixin.py:188} INFO - [2025-11-18T20:29:43.105+0000] {dagbag.py:540} INFO - Filling up the DagBag from /opt/airflow/dags/sodai/__init__.py
[2025-11-18T20:29:43.117+0000] {processor.py:842} WARNING - No viable dags retrieved from /opt/airflow/dags/sodai/__init__.py
[2025-11-18T20:29:43.126+0000] {processor.py:183} INFO - Processing /opt/airflow/dags/sodai/__init__.py took 0.028 seconds
[2025-11-18T20:30:13.197+0000] {processor.py:161} INFO - Started process (PID=883) to work on /opt/airflow/dags/sodai/__init__.py
[2025-11-18T20:30:13.199+0000] {processor.py:830} INFO - Processing file /opt/airflow/dags/sodai/__init__.py for tasks to queue
[2025-11-18T20:30:13.200+0000] {logging_mixin.py:188} INFO - [2025-11-18T20:30:13.200+0000] {dagbag.py:540} INFO - Filling up the DagBag from /opt/airflow/dags/sodai/__init__.py
[2025-11-18T20:30:13.208+0000] {processor.py:842} WARNING - No viable dags retrieved from /opt/airflow/dags/sodai/__init__.py
[2025-11-18T20:30:13.218+0000] {processor.py:183} INFO - Processing /opt/airflow/dags/sodai/__init__.py took 0.025 seconds
[2025-11-18T20:30:43.321+0000] {processor.py:161} INFO - Started process (PID=893) to work on /opt/airflow/dags/sodai/__init__.py
[2025-11-18T20:30:43.322+0000] {processor.py:830} INFO - Processing file /opt/airflow/dags/sodai/__init__.py for tasks to queue
[2025-11-18T20:30:43.323+0000] {logging_mixin.py:188} INFO - [2025-11-18T20:30:43.323+0000] {dagbag.py:540} INFO - Filling up the DagBag from /opt/airflow/dags/sodai/__init__.py
[2025-11-18T20:30:43.331+0000] {processor.py:842} WARNING - No viable dags retrieved from /opt/airflow/dags/sodai/__init__.py
[2025-11-18T20:30:43.340+0000] {processor.py:183} INFO - Processing /opt/airflow/dags/sodai/__init__.py took 0.023 seconds
[2025-11-18T20:31:13.610+0000] {processor.py:161} INFO - Started process (PID=903) to work on /opt/airflow/dags/sodai/__init__.py
[2025-11-18T20:31:13.612+0000] {processor.py:830} INFO - Processing file /opt/airflow/dags/sodai/__init__.py for tasks to queue
[2025-11-18T20:31:13.615+0000] {logging_mixin.py:188} INFO - [2025-11-18T20:31:13.615+0000] {dagbag.py:540} INFO - Filling up the DagBag from /opt/airflow/dags/sodai/__init__.py
[2025-11-18T20:31:13.664+0000] {processor.py:842} WARNING - No viable dags retrieved from /opt/airflow/dags/sodai/__init__.py
[2025-11-18T20:31:13.674+0000] {processor.py:183} INFO - Processing /opt/airflow/dags/sodai/__init__.py took 0.068 seconds
[2025-11-18T20:31:43.846+0000] {processor.py:161} INFO - Started process (PID=913) to work on /opt/airflow/dags/sodai/__init__.py
[2025-11-18T20:31:43.847+0000] {processor.py:830} INFO - Processing file /opt/airflow/dags/sodai/__init__.py for tasks to queue
[2025-11-18T20:31:43.848+0000] {logging_mixin.py:188} INFO - [2025-11-18T20:31:43.848+0000] {dagbag.py:540} INFO - Filling up the DagBag from /opt/airflow/dags/sodai/__init__.py
[2025-11-18T20:31:43.856+0000] {processor.py:842} WARNING - No viable dags retrieved from /opt/airflow/dags/sodai/__init__.py
[2025-11-18T20:31:43.866+0000] {processor.py:183} INFO - Processing /opt/airflow/dags/sodai/__init__.py took 0.025 seconds
[2025-11-18T20:32:13.920+0000] {processor.py:161} INFO - Started process (PID=923) to work on /opt/airflow/dags/sodai/__init__.py
[2025-11-18T20:32:13.921+0000] {processor.py:830} INFO - Processing file /opt/airflow/dags/sodai/__init__.py for tasks to queue
[2025-11-18T20:32:13.922+0000] {logging_mixin.py:188} INFO - [2025-11-18T20:32:13.922+0000] {dagbag.py:540} INFO - Filling up the DagBag from /opt/airflow/dags/sodai/__init__.py
[2025-11-18T20:32:13.930+0000] {processor.py:842} WARNING - No viable dags retrieved from /opt/airflow/dags/sodai/__init__.py
[2025-11-18T20:32:13.941+0000] {processor.py:183} INFO - Processing /opt/airflow/dags/sodai/__init__.py took 0.025 seconds
[2025-11-18T20:32:44.013+0000] {processor.py:161} INFO - Started process (PID=933) to work on /opt/airflow/dags/sodai/__init__.py
[2025-11-18T20:32:44.014+0000] {processor.py:830} INFO - Processing file /opt/airflow/dags/sodai/__init__.py for tasks to queue
[2025-11-18T20:32:44.015+0000] {logging_mixin.py:188} INFO - [2025-11-18T20:32:44.015+0000] {dagbag.py:540} INFO - Filling up the DagBag from /opt/airflow/dags/sodai/__init__.py
[2025-11-18T20:32:44.029+0000] {processor.py:842} WARNING - No viable dags retrieved from /opt/airflow/dags/sodai/__init__.py
[2025-11-18T20:32:44.039+0000] {processor.py:183} INFO - Processing /opt/airflow/dags/sodai/__init__.py took 0.030 seconds
[2025-11-18T20:33:14.241+0000] {processor.py:161} INFO - Started process (PID=943) to work on /opt/airflow/dags/sodai/__init__.py
[2025-11-18T20:33:14.246+0000] {processor.py:830} INFO - Processing file /opt/airflow/dags/sodai/__init__.py for tasks to queue
[2025-11-18T20:33:14.248+0000] {logging_mixin.py:188} INFO - [2025-11-18T20:33:14.248+0000] {dagbag.py:540} INFO - Filling up the DagBag from /opt/airflow/dags/sodai/__init__.py
[2025-11-18T20:33:14.256+0000] {processor.py:842} WARNING - No viable dags retrieved from /opt/airflow/dags/sodai/__init__.py
[2025-11-18T20:33:14.265+0000] {processor.py:183} INFO - Processing /opt/airflow/dags/sodai/__init__.py took 0.028 seconds
[2025-11-18T20:33:44.392+0000] {processor.py:161} INFO - Started process (PID=1021) to work on /opt/airflow/dags/sodai/__init__.py
[2025-11-18T20:33:44.393+0000] {processor.py:830} INFO - Processing file /opt/airflow/dags/sodai/__init__.py for tasks to queue
[2025-11-18T20:33:44.395+0000] {logging_mixin.py:188} INFO - [2025-11-18T20:33:44.394+0000] {dagbag.py:540} INFO - Filling up the DagBag from /opt/airflow/dags/sodai/__init__.py
[2025-11-18T20:33:44.410+0000] {processor.py:842} WARNING - No viable dags retrieved from /opt/airflow/dags/sodai/__init__.py
[2025-11-18T20:33:44.422+0000] {processor.py:183} INFO - Processing /opt/airflow/dags/sodai/__init__.py took 0.037 seconds
[2025-11-18T20:34:14.555+0000] {processor.py:161} INFO - Started process (PID=1098) to work on /opt/airflow/dags/sodai/__init__.py
[2025-11-18T20:34:14.556+0000] {processor.py:830} INFO - Processing file /opt/airflow/dags/sodai/__init__.py for tasks to queue
[2025-11-18T20:34:14.557+0000] {logging_mixin.py:188} INFO - [2025-11-18T20:34:14.557+0000] {dagbag.py:540} INFO - Filling up the DagBag from /opt/airflow/dags/sodai/__init__.py
[2025-11-18T20:34:14.575+0000] {processor.py:842} WARNING - No viable dags retrieved from /opt/airflow/dags/sodai/__init__.py
[2025-11-18T20:34:14.587+0000] {processor.py:183} INFO - Processing /opt/airflow/dags/sodai/__init__.py took 0.038 seconds
[2025-11-18T20:34:44.766+0000] {processor.py:161} INFO - Started process (PID=1108) to work on /opt/airflow/dags/sodai/__init__.py
[2025-11-18T20:34:44.768+0000] {processor.py:830} INFO - Processing file /opt/airflow/dags/sodai/__init__.py for tasks to queue
[2025-11-18T20:34:44.772+0000] {logging_mixin.py:188} INFO - [2025-11-18T20:34:44.772+0000] {dagbag.py:540} INFO - Filling up the DagBag from /opt/airflow/dags/sodai/__init__.py
[2025-11-18T20:34:44.818+0000] {processor.py:842} WARNING - No viable dags retrieved from /opt/airflow/dags/sodai/__init__.py
[2025-11-18T20:34:44.828+0000] {processor.py:183} INFO - Processing /opt/airflow/dags/sodai/__init__.py took 0.067 seconds
[2025-11-18T20:35:14.860+0000] {processor.py:161} INFO - Started process (PID=1118) to work on /opt/airflow/dags/sodai/__init__.py
[2025-11-18T20:35:14.861+0000] {processor.py:830} INFO - Processing file /opt/airflow/dags/sodai/__init__.py for tasks to queue
[2025-11-18T20:35:14.862+0000] {logging_mixin.py:188} INFO - [2025-11-18T20:35:14.862+0000] {dagbag.py:540} INFO - Filling up the DagBag from /opt/airflow/dags/sodai/__init__.py
[2025-11-18T20:35:14.873+0000] {processor.py:842} WARNING - No viable dags retrieved from /opt/airflow/dags/sodai/__init__.py
[2025-11-18T20:35:14.883+0000] {processor.py:183} INFO - Processing /opt/airflow/dags/sodai/__init__.py took 0.027 seconds
[2025-11-18T20:35:45.324+0000] {processor.py:161} INFO - Started process (PID=1128) to work on /opt/airflow/dags/sodai/__init__.py
[2025-11-18T20:35:45.325+0000] {processor.py:830} INFO - Processing file /opt/airflow/dags/sodai/__init__.py for tasks to queue
[2025-11-18T20:35:45.327+0000] {logging_mixin.py:188} INFO - [2025-11-18T20:35:45.327+0000] {dagbag.py:540} INFO - Filling up the DagBag from /opt/airflow/dags/sodai/__init__.py
[2025-11-18T20:35:45.336+0000] {processor.py:842} WARNING - No viable dags retrieved from /opt/airflow/dags/sodai/__init__.py
[2025-11-18T20:35:45.346+0000] {processor.py:183} INFO - Processing /opt/airflow/dags/sodai/__init__.py took 0.025 seconds
[2025-11-18T20:36:15.426+0000] {processor.py:161} INFO - Started process (PID=1138) to work on /opt/airflow/dags/sodai/__init__.py
[2025-11-18T20:36:15.427+0000] {processor.py:830} INFO - Processing file /opt/airflow/dags/sodai/__init__.py for tasks to queue
[2025-11-18T20:36:15.429+0000] {logging_mixin.py:188} INFO - [2025-11-18T20:36:15.429+0000] {dagbag.py:540} INFO - Filling up the DagBag from /opt/airflow/dags/sodai/__init__.py
[2025-11-18T20:36:15.437+0000] {processor.py:842} WARNING - No viable dags retrieved from /opt/airflow/dags/sodai/__init__.py
[2025-11-18T20:36:15.447+0000] {processor.py:183} INFO - Processing /opt/airflow/dags/sodai/__init__.py took 0.025 seconds
[2025-11-18T20:36:45.594+0000] {processor.py:161} INFO - Started process (PID=1148) to work on /opt/airflow/dags/sodai/__init__.py
[2025-11-18T20:36:45.596+0000] {processor.py:830} INFO - Processing file /opt/airflow/dags/sodai/__init__.py for tasks to queue
[2025-11-18T20:36:45.598+0000] {logging_mixin.py:188} INFO - [2025-11-18T20:36:45.598+0000] {dagbag.py:540} INFO - Filling up the DagBag from /opt/airflow/dags/sodai/__init__.py
[2025-11-18T20:36:45.611+0000] {processor.py:842} WARNING - No viable dags retrieved from /opt/airflow/dags/sodai/__init__.py
[2025-11-18T20:36:45.621+0000] {processor.py:183} INFO - Processing /opt/airflow/dags/sodai/__init__.py took 0.032 seconds
[2025-11-18T20:37:15.762+0000] {processor.py:161} INFO - Started process (PID=1158) to work on /opt/airflow/dags/sodai/__init__.py
[2025-11-18T20:37:15.763+0000] {processor.py:830} INFO - Processing file /opt/airflow/dags/sodai/__init__.py for tasks to queue
[2025-11-18T20:37:15.768+0000] {logging_mixin.py:188} INFO - [2025-11-18T20:37:15.767+0000] {dagbag.py:540} INFO - Filling up the DagBag from /opt/airflow/dags/sodai/__init__.py
[2025-11-18T20:37:15.834+0000] {processor.py:842} WARNING - No viable dags retrieved from /opt/airflow/dags/sodai/__init__.py
[2025-11-18T20:37:15.843+0000] {processor.py:183} INFO - Processing /opt/airflow/dags/sodai/__init__.py took 0.086 seconds
[2025-11-18T20:37:46.041+0000] {processor.py:161} INFO - Started process (PID=1168) to work on /opt/airflow/dags/sodai/__init__.py
[2025-11-18T20:37:46.042+0000] {processor.py:830} INFO - Processing file /opt/airflow/dags/sodai/__init__.py for tasks to queue
[2025-11-18T20:37:46.044+0000] {logging_mixin.py:188} INFO - [2025-11-18T20:37:46.044+0000] {dagbag.py:540} INFO - Filling up the DagBag from /opt/airflow/dags/sodai/__init__.py
[2025-11-18T20:37:46.069+0000] {processor.py:842} WARNING - No viable dags retrieved from /opt/airflow/dags/sodai/__init__.py
[2025-11-18T20:37:46.081+0000] {processor.py:183} INFO - Processing /opt/airflow/dags/sodai/__init__.py took 0.045 seconds
[2025-11-18T20:38:16.193+0000] {processor.py:161} INFO - Started process (PID=1178) to work on /opt/airflow/dags/sodai/__init__.py
[2025-11-18T20:38:16.194+0000] {processor.py:830} INFO - Processing file /opt/airflow/dags/sodai/__init__.py for tasks to queue
[2025-11-18T20:38:16.197+0000] {logging_mixin.py:188} INFO - [2025-11-18T20:38:16.196+0000] {dagbag.py:540} INFO - Filling up the DagBag from /opt/airflow/dags/sodai/__init__.py
[2025-11-18T20:38:16.204+0000] {processor.py:842} WARNING - No viable dags retrieved from /opt/airflow/dags/sodai/__init__.py
[2025-11-18T20:38:16.214+0000] {processor.py:183} INFO - Processing /opt/airflow/dags/sodai/__init__.py took 0.025 seconds
[2025-11-18T20:38:46.343+0000] {processor.py:161} INFO - Started process (PID=1188) to work on /opt/airflow/dags/sodai/__init__.py
[2025-11-18T20:38:46.344+0000] {processor.py:830} INFO - Processing file /opt/airflow/dags/sodai/__init__.py for tasks to queue
[2025-11-18T20:38:46.346+0000] {logging_mixin.py:188} INFO - [2025-11-18T20:38:46.345+0000] {dagbag.py:540} INFO - Filling up the DagBag from /opt/airflow/dags/sodai/__init__.py
[2025-11-18T20:38:46.359+0000] {processor.py:842} WARNING - No viable dags retrieved from /opt/airflow/dags/sodai/__init__.py
[2025-11-18T20:38:46.370+0000] {processor.py:183} INFO - Processing /opt/airflow/dags/sodai/__init__.py took 0.032 seconds
[2025-11-18T20:39:16.440+0000] {processor.py:161} INFO - Started process (PID=1198) to work on /opt/airflow/dags/sodai/__init__.py
[2025-11-18T20:39:16.441+0000] {processor.py:830} INFO - Processing file /opt/airflow/dags/sodai/__init__.py for tasks to queue
[2025-11-18T20:39:16.443+0000] {logging_mixin.py:188} INFO - [2025-11-18T20:39:16.443+0000] {dagbag.py:540} INFO - Filling up the DagBag from /opt/airflow/dags/sodai/__init__.py
[2025-11-18T20:39:16.450+0000] {processor.py:842} WARNING - No viable dags retrieved from /opt/airflow/dags/sodai/__init__.py
[2025-11-18T20:39:16.460+0000] {processor.py:183} INFO - Processing /opt/airflow/dags/sodai/__init__.py took 0.024 seconds
[2025-11-18T20:39:46.646+0000] {processor.py:161} INFO - Started process (PID=1208) to work on /opt/airflow/dags/sodai/__init__.py
[2025-11-18T20:39:46.648+0000] {processor.py:830} INFO - Processing file /opt/airflow/dags/sodai/__init__.py for tasks to queue
[2025-11-18T20:39:46.651+0000] {logging_mixin.py:188} INFO - [2025-11-18T20:39:46.651+0000] {dagbag.py:540} INFO - Filling up the DagBag from /opt/airflow/dags/sodai/__init__.py
[2025-11-18T20:39:46.685+0000] {processor.py:842} WARNING - No viable dags retrieved from /opt/airflow/dags/sodai/__init__.py
[2025-11-18T20:39:46.697+0000] {processor.py:183} INFO - Processing /opt/airflow/dags/sodai/__init__.py took 0.055 seconds
[2025-11-18T20:40:16.815+0000] {processor.py:161} INFO - Started process (PID=1218) to work on /opt/airflow/dags/sodai/__init__.py
[2025-11-18T20:40:16.816+0000] {processor.py:830} INFO - Processing file /opt/airflow/dags/sodai/__init__.py for tasks to queue
[2025-11-18T20:40:16.818+0000] {logging_mixin.py:188} INFO - [2025-11-18T20:40:16.818+0000] {dagbag.py:540} INFO - Filling up the DagBag from /opt/airflow/dags/sodai/__init__.py
[2025-11-18T20:40:16.827+0000] {processor.py:842} WARNING - No viable dags retrieved from /opt/airflow/dags/sodai/__init__.py
[2025-11-18T20:40:16.836+0000] {processor.py:183} INFO - Processing /opt/airflow/dags/sodai/__init__.py took 0.025 seconds
[2025-11-18T20:40:47.136+0000] {processor.py:161} INFO - Started process (PID=1228) to work on /opt/airflow/dags/sodai/__init__.py
[2025-11-18T20:40:47.137+0000] {processor.py:830} INFO - Processing file /opt/airflow/dags/sodai/__init__.py for tasks to queue
[2025-11-18T20:40:47.138+0000] {logging_mixin.py:188} INFO - [2025-11-18T20:40:47.138+0000] {dagbag.py:540} INFO - Filling up the DagBag from /opt/airflow/dags/sodai/__init__.py
[2025-11-18T20:40:47.148+0000] {processor.py:842} WARNING - No viable dags retrieved from /opt/airflow/dags/sodai/__init__.py
[2025-11-18T20:40:47.158+0000] {processor.py:183} INFO - Processing /opt/airflow/dags/sodai/__init__.py took 0.026 seconds
[2025-11-18T20:41:17.295+0000] {processor.py:161} INFO - Started process (PID=1238) to work on /opt/airflow/dags/sodai/__init__.py
[2025-11-18T20:41:17.296+0000] {processor.py:830} INFO - Processing file /opt/airflow/dags/sodai/__init__.py for tasks to queue
[2025-11-18T20:41:17.298+0000] {logging_mixin.py:188} INFO - [2025-11-18T20:41:17.297+0000] {dagbag.py:540} INFO - Filling up the DagBag from /opt/airflow/dags/sodai/__init__.py
[2025-11-18T20:41:17.305+0000] {processor.py:842} WARNING - No viable dags retrieved from /opt/airflow/dags/sodai/__init__.py
[2025-11-18T20:41:17.315+0000] {processor.py:183} INFO - Processing /opt/airflow/dags/sodai/__init__.py took 0.023 seconds
[2025-11-18T20:41:47.414+0000] {processor.py:161} INFO - Started process (PID=1248) to work on /opt/airflow/dags/sodai/__init__.py
[2025-11-18T20:41:47.415+0000] {processor.py:830} INFO - Processing file /opt/airflow/dags/sodai/__init__.py for tasks to queue
[2025-11-18T20:41:47.416+0000] {logging_mixin.py:188} INFO - [2025-11-18T20:41:47.416+0000] {dagbag.py:540} INFO - Filling up the DagBag from /opt/airflow/dags/sodai/__init__.py
[2025-11-18T20:41:47.424+0000] {processor.py:842} WARNING - No viable dags retrieved from /opt/airflow/dags/sodai/__init__.py
[2025-11-18T20:41:47.434+0000] {processor.py:183} INFO - Processing /opt/airflow/dags/sodai/__init__.py took 0.025 seconds
[2025-11-18T20:42:17.542+0000] {processor.py:161} INFO - Started process (PID=1258) to work on /opt/airflow/dags/sodai/__init__.py
[2025-11-18T20:42:17.543+0000] {processor.py:830} INFO - Processing file /opt/airflow/dags/sodai/__init__.py for tasks to queue
[2025-11-18T20:42:17.545+0000] {logging_mixin.py:188} INFO - [2025-11-18T20:42:17.544+0000] {dagbag.py:540} INFO - Filling up the DagBag from /opt/airflow/dags/sodai/__init__.py
[2025-11-18T20:42:17.554+0000] {processor.py:842} WARNING - No viable dags retrieved from /opt/airflow/dags/sodai/__init__.py
[2025-11-18T20:42:17.564+0000] {processor.py:183} INFO - Processing /opt/airflow/dags/sodai/__init__.py took 0.027 seconds
[2025-11-18T20:42:47.631+0000] {processor.py:161} INFO - Started process (PID=1268) to work on /opt/airflow/dags/sodai/__init__.py
[2025-11-18T20:42:47.632+0000] {processor.py:830} INFO - Processing file /opt/airflow/dags/sodai/__init__.py for tasks to queue
[2025-11-18T20:42:47.634+0000] {logging_mixin.py:188} INFO - [2025-11-18T20:42:47.633+0000] {dagbag.py:540} INFO - Filling up the DagBag from /opt/airflow/dags/sodai/__init__.py
[2025-11-18T20:42:47.646+0000] {processor.py:842} WARNING - No viable dags retrieved from /opt/airflow/dags/sodai/__init__.py
[2025-11-18T20:42:47.656+0000] {processor.py:183} INFO - Processing /opt/airflow/dags/sodai/__init__.py took 0.030 seconds
[2025-11-18T20:43:17.722+0000] {processor.py:161} INFO - Started process (PID=1278) to work on /opt/airflow/dags/sodai/__init__.py
[2025-11-18T20:43:17.723+0000] {processor.py:830} INFO - Processing file /opt/airflow/dags/sodai/__init__.py for tasks to queue
[2025-11-18T20:43:17.725+0000] {logging_mixin.py:188} INFO - [2025-11-18T20:43:17.724+0000] {dagbag.py:540} INFO - Filling up the DagBag from /opt/airflow/dags/sodai/__init__.py
[2025-11-18T20:43:17.738+0000] {processor.py:842} WARNING - No viable dags retrieved from /opt/airflow/dags/sodai/__init__.py
[2025-11-18T20:43:17.748+0000] {processor.py:183} INFO - Processing /opt/airflow/dags/sodai/__init__.py took 0.030 seconds
[2025-11-18T20:43:47.975+0000] {processor.py:161} INFO - Started process (PID=1288) to work on /opt/airflow/dags/sodai/__init__.py
[2025-11-18T20:43:47.976+0000] {processor.py:830} INFO - Processing file /opt/airflow/dags/sodai/__init__.py for tasks to queue
[2025-11-18T20:43:47.977+0000] {logging_mixin.py:188} INFO - [2025-11-18T20:43:47.977+0000] {dagbag.py:540} INFO - Filling up the DagBag from /opt/airflow/dags/sodai/__init__.py
[2025-11-18T20:43:47.989+0000] {processor.py:842} WARNING - No viable dags retrieved from /opt/airflow/dags/sodai/__init__.py
[2025-11-18T20:43:47.999+0000] {processor.py:183} INFO - Processing /opt/airflow/dags/sodai/__init__.py took 0.030 seconds
[2025-11-18T20:44:18.083+0000] {processor.py:161} INFO - Started process (PID=1298) to work on /opt/airflow/dags/sodai/__init__.py
[2025-11-18T20:44:18.084+0000] {processor.py:830} INFO - Processing file /opt/airflow/dags/sodai/__init__.py for tasks to queue
[2025-11-18T20:44:18.086+0000] {logging_mixin.py:188} INFO - [2025-11-18T20:44:18.085+0000] {dagbag.py:540} INFO - Filling up the DagBag from /opt/airflow/dags/sodai/__init__.py
[2025-11-18T20:44:18.096+0000] {processor.py:842} WARNING - No viable dags retrieved from /opt/airflow/dags/sodai/__init__.py
[2025-11-18T20:44:18.106+0000] {processor.py:183} INFO - Processing /opt/airflow/dags/sodai/__init__.py took 0.027 seconds
[2025-11-18T20:44:48.199+0000] {processor.py:161} INFO - Started process (PID=1308) to work on /opt/airflow/dags/sodai/__init__.py
[2025-11-18T20:44:48.199+0000] {processor.py:830} INFO - Processing file /opt/airflow/dags/sodai/__init__.py for tasks to queue
[2025-11-18T20:44:48.201+0000] {logging_mixin.py:188} INFO - [2025-11-18T20:44:48.201+0000] {dagbag.py:540} INFO - Filling up the DagBag from /opt/airflow/dags/sodai/__init__.py
[2025-11-18T20:44:48.210+0000] {processor.py:842} WARNING - No viable dags retrieved from /opt/airflow/dags/sodai/__init__.py
[2025-11-18T20:44:48.220+0000] {processor.py:183} INFO - Processing /opt/airflow/dags/sodai/__init__.py took 0.025 seconds
[2025-11-18T20:45:18.254+0000] {processor.py:161} INFO - Started process (PID=1318) to work on /opt/airflow/dags/sodai/__init__.py
[2025-11-18T20:45:18.255+0000] {processor.py:830} INFO - Processing file /opt/airflow/dags/sodai/__init__.py for tasks to queue
[2025-11-18T20:45:18.256+0000] {logging_mixin.py:188} INFO - [2025-11-18T20:45:18.256+0000] {dagbag.py:540} INFO - Filling up the DagBag from /opt/airflow/dags/sodai/__init__.py
[2025-11-18T20:45:18.265+0000] {processor.py:842} WARNING - No viable dags retrieved from /opt/airflow/dags/sodai/__init__.py
[2025-11-18T20:45:18.275+0000] {processor.py:183} INFO - Processing /opt/airflow/dags/sodai/__init__.py took 0.025 seconds
[2025-11-18T20:45:48.481+0000] {processor.py:161} INFO - Started process (PID=1328) to work on /opt/airflow/dags/sodai/__init__.py
[2025-11-18T20:45:48.481+0000] {processor.py:830} INFO - Processing file /opt/airflow/dags/sodai/__init__.py for tasks to queue
[2025-11-18T20:45:48.483+0000] {logging_mixin.py:188} INFO - [2025-11-18T20:45:48.483+0000] {dagbag.py:540} INFO - Filling up the DagBag from /opt/airflow/dags/sodai/__init__.py
[2025-11-18T20:45:48.494+0000] {processor.py:842} WARNING - No viable dags retrieved from /opt/airflow/dags/sodai/__init__.py
[2025-11-18T20:45:48.505+0000] {processor.py:183} INFO - Processing /opt/airflow/dags/sodai/__init__.py took 0.029 seconds
[2025-11-18T20:46:18.711+0000] {processor.py:161} INFO - Started process (PID=1367) to work on /opt/airflow/dags/sodai/__init__.py
[2025-11-18T20:46:18.714+0000] {processor.py:830} INFO - Processing file /opt/airflow/dags/sodai/__init__.py for tasks to queue
[2025-11-18T20:46:18.718+0000] {logging_mixin.py:188} INFO - [2025-11-18T20:46:18.718+0000] {dagbag.py:540} INFO - Filling up the DagBag from /opt/airflow/dags/sodai/__init__.py
[2025-11-18T20:46:18.783+0000] {processor.py:842} WARNING - No viable dags retrieved from /opt/airflow/dags/sodai/__init__.py
[2025-11-18T20:46:18.797+0000] {processor.py:183} INFO - Processing /opt/airflow/dags/sodai/__init__.py took 0.093 seconds
[2025-11-18T20:46:49.760+0000] {processor.py:161} INFO - Started process (PID=1377) to work on /opt/airflow/dags/sodai/__init__.py
[2025-11-18T20:46:49.762+0000] {processor.py:830} INFO - Processing file /opt/airflow/dags/sodai/__init__.py for tasks to queue
[2025-11-18T20:46:49.763+0000] {logging_mixin.py:188} INFO - [2025-11-18T20:46:49.763+0000] {dagbag.py:540} INFO - Filling up the DagBag from /opt/airflow/dags/sodai/__init__.py
[2025-11-18T20:46:49.782+0000] {processor.py:842} WARNING - No viable dags retrieved from /opt/airflow/dags/sodai/__init__.py
[2025-11-18T20:46:49.793+0000] {processor.py:183} INFO - Processing /opt/airflow/dags/sodai/__init__.py took 0.038 seconds
[2025-11-18T20:47:19.954+0000] {processor.py:161} INFO - Started process (PID=1387) to work on /opt/airflow/dags/sodai/__init__.py
[2025-11-18T20:47:19.955+0000] {processor.py:830} INFO - Processing file /opt/airflow/dags/sodai/__init__.py for tasks to queue
[2025-11-18T20:47:19.957+0000] {logging_mixin.py:188} INFO - [2025-11-18T20:47:19.957+0000] {dagbag.py:540} INFO - Filling up the DagBag from /opt/airflow/dags/sodai/__init__.py
[2025-11-18T20:47:19.988+0000] {processor.py:842} WARNING - No viable dags retrieved from /opt/airflow/dags/sodai/__init__.py
[2025-11-18T20:47:19.999+0000] {processor.py:183} INFO - Processing /opt/airflow/dags/sodai/__init__.py took 0.050 seconds
[2025-11-18T20:47:50.189+0000] {processor.py:161} INFO - Started process (PID=1397) to work on /opt/airflow/dags/sodai/__init__.py
[2025-11-18T20:47:50.190+0000] {processor.py:830} INFO - Processing file /opt/airflow/dags/sodai/__init__.py for tasks to queue
[2025-11-18T20:47:50.192+0000] {logging_mixin.py:188} INFO - [2025-11-18T20:47:50.192+0000] {dagbag.py:540} INFO - Filling up the DagBag from /opt/airflow/dags/sodai/__init__.py
[2025-11-18T20:47:50.204+0000] {processor.py:842} WARNING - No viable dags retrieved from /opt/airflow/dags/sodai/__init__.py
[2025-11-18T20:47:50.213+0000] {processor.py:183} INFO - Processing /opt/airflow/dags/sodai/__init__.py took 0.029 seconds
[2025-11-18T20:48:20.262+0000] {processor.py:161} INFO - Started process (PID=1407) to work on /opt/airflow/dags/sodai/__init__.py
[2025-11-18T20:48:20.262+0000] {processor.py:830} INFO - Processing file /opt/airflow/dags/sodai/__init__.py for tasks to queue
[2025-11-18T20:48:20.264+0000] {logging_mixin.py:188} INFO - [2025-11-18T20:48:20.264+0000] {dagbag.py:540} INFO - Filling up the DagBag from /opt/airflow/dags/sodai/__init__.py
[2025-11-18T20:48:20.282+0000] {processor.py:842} WARNING - No viable dags retrieved from /opt/airflow/dags/sodai/__init__.py
[2025-11-18T20:48:20.293+0000] {processor.py:183} INFO - Processing /opt/airflow/dags/sodai/__init__.py took 0.036 seconds
[2025-11-18T20:48:50.446+0000] {processor.py:161} INFO - Started process (PID=1417) to work on /opt/airflow/dags/sodai/__init__.py
[2025-11-18T20:48:50.449+0000] {processor.py:830} INFO - Processing file /opt/airflow/dags/sodai/__init__.py for tasks to queue
[2025-11-18T20:48:50.452+0000] {logging_mixin.py:188} INFO - [2025-11-18T20:48:50.451+0000] {dagbag.py:540} INFO - Filling up the DagBag from /opt/airflow/dags/sodai/__init__.py
[2025-11-18T20:48:50.469+0000] {processor.py:842} WARNING - No viable dags retrieved from /opt/airflow/dags/sodai/__init__.py
[2025-11-18T20:48:50.480+0000] {processor.py:183} INFO - Processing /opt/airflow/dags/sodai/__init__.py took 0.038 seconds
[2025-11-18T20:49:20.586+0000] {processor.py:161} INFO - Started process (PID=1427) to work on /opt/airflow/dags/sodai/__init__.py
[2025-11-18T20:49:20.587+0000] {processor.py:830} INFO - Processing file /opt/airflow/dags/sodai/__init__.py for tasks to queue
[2025-11-18T20:49:20.588+0000] {logging_mixin.py:188} INFO - [2025-11-18T20:49:20.588+0000] {dagbag.py:540} INFO - Filling up the DagBag from /opt/airflow/dags/sodai/__init__.py
[2025-11-18T20:49:20.607+0000] {processor.py:842} WARNING - No viable dags retrieved from /opt/airflow/dags/sodai/__init__.py
[2025-11-18T20:49:20.618+0000] {processor.py:183} INFO - Processing /opt/airflow/dags/sodai/__init__.py took 0.037 seconds
[2025-11-18T20:49:50.766+0000] {processor.py:161} INFO - Started process (PID=1437) to work on /opt/airflow/dags/sodai/__init__.py
[2025-11-18T20:49:50.767+0000] {processor.py:830} INFO - Processing file /opt/airflow/dags/sodai/__init__.py for tasks to queue
[2025-11-18T20:49:50.769+0000] {logging_mixin.py:188} INFO - [2025-11-18T20:49:50.768+0000] {dagbag.py:540} INFO - Filling up the DagBag from /opt/airflow/dags/sodai/__init__.py
[2025-11-18T20:49:50.779+0000] {processor.py:842} WARNING - No viable dags retrieved from /opt/airflow/dags/sodai/__init__.py
[2025-11-18T20:49:50.788+0000] {processor.py:183} INFO - Processing /opt/airflow/dags/sodai/__init__.py took 0.026 seconds
[2025-11-18T20:50:21.693+0000] {processor.py:161} INFO - Started process (PID=1447) to work on /opt/airflow/dags/sodai/__init__.py
[2025-11-18T20:50:21.694+0000] {processor.py:830} INFO - Processing file /opt/airflow/dags/sodai/__init__.py for tasks to queue
[2025-11-18T20:50:21.696+0000] {logging_mixin.py:188} INFO - [2025-11-18T20:50:21.696+0000] {dagbag.py:540} INFO - Filling up the DagBag from /opt/airflow/dags/sodai/__init__.py
[2025-11-18T20:50:21.705+0000] {processor.py:842} WARNING - No viable dags retrieved from /opt/airflow/dags/sodai/__init__.py
[2025-11-18T20:50:21.714+0000] {processor.py:183} INFO - Processing /opt/airflow/dags/sodai/__init__.py took 0.025 seconds
[2025-11-18T20:50:52.108+0000] {processor.py:161} INFO - Started process (PID=1457) to work on /opt/airflow/dags/sodai/__init__.py
[2025-11-18T20:50:52.109+0000] {processor.py:830} INFO - Processing file /opt/airflow/dags/sodai/__init__.py for tasks to queue
[2025-11-18T20:50:52.111+0000] {logging_mixin.py:188} INFO - [2025-11-18T20:50:52.110+0000] {dagbag.py:540} INFO - Filling up the DagBag from /opt/airflow/dags/sodai/__init__.py
[2025-11-18T20:50:52.122+0000] {processor.py:842} WARNING - No viable dags retrieved from /opt/airflow/dags/sodai/__init__.py
[2025-11-18T20:50:52.133+0000] {processor.py:183} INFO - Processing /opt/airflow/dags/sodai/__init__.py took 0.029 seconds
[2025-11-18T20:51:22.261+0000] {processor.py:161} INFO - Started process (PID=1467) to work on /opt/airflow/dags/sodai/__init__.py
[2025-11-18T20:51:22.262+0000] {processor.py:830} INFO - Processing file /opt/airflow/dags/sodai/__init__.py for tasks to queue
[2025-11-18T20:51:22.264+0000] {logging_mixin.py:188} INFO - [2025-11-18T20:51:22.263+0000] {dagbag.py:540} INFO - Filling up the DagBag from /opt/airflow/dags/sodai/__init__.py
[2025-11-18T20:51:22.309+0000] {processor.py:842} WARNING - No viable dags retrieved from /opt/airflow/dags/sodai/__init__.py
[2025-11-18T20:51:22.319+0000] {processor.py:183} INFO - Processing /opt/airflow/dags/sodai/__init__.py took 0.063 seconds
[2025-11-18T20:51:52.436+0000] {processor.py:161} INFO - Started process (PID=1477) to work on /opt/airflow/dags/sodai/__init__.py
[2025-11-18T20:51:52.437+0000] {processor.py:830} INFO - Processing file /opt/airflow/dags/sodai/__init__.py for tasks to queue
[2025-11-18T20:51:52.438+0000] {logging_mixin.py:188} INFO - [2025-11-18T20:51:52.438+0000] {dagbag.py:540} INFO - Filling up the DagBag from /opt/airflow/dags/sodai/__init__.py
[2025-11-18T20:51:52.464+0000] {processor.py:842} WARNING - No viable dags retrieved from /opt/airflow/dags/sodai/__init__.py
[2025-11-18T20:51:52.477+0000] {processor.py:183} INFO - Processing /opt/airflow/dags/sodai/__init__.py took 0.046 seconds
[2025-11-18T20:52:22.561+0000] {processor.py:161} INFO - Started process (PID=1487) to work on /opt/airflow/dags/sodai/__init__.py
[2025-11-18T20:52:22.562+0000] {processor.py:830} INFO - Processing file /opt/airflow/dags/sodai/__init__.py for tasks to queue
[2025-11-18T20:52:22.563+0000] {logging_mixin.py:188} INFO - [2025-11-18T20:52:22.563+0000] {dagbag.py:540} INFO - Filling up the DagBag from /opt/airflow/dags/sodai/__init__.py
[2025-11-18T20:52:22.571+0000] {processor.py:842} WARNING - No viable dags retrieved from /opt/airflow/dags/sodai/__init__.py
[2025-11-18T20:52:22.581+0000] {processor.py:183} INFO - Processing /opt/airflow/dags/sodai/__init__.py took 0.025 seconds
[2025-11-18T20:52:52.838+0000] {processor.py:161} INFO - Started process (PID=1497) to work on /opt/airflow/dags/sodai/__init__.py
[2025-11-18T20:52:52.839+0000] {processor.py:830} INFO - Processing file /opt/airflow/dags/sodai/__init__.py for tasks to queue
[2025-11-18T20:52:52.840+0000] {logging_mixin.py:188} INFO - [2025-11-18T20:52:52.840+0000] {dagbag.py:540} INFO - Filling up the DagBag from /opt/airflow/dags/sodai/__init__.py
[2025-11-18T20:52:52.848+0000] {processor.py:842} WARNING - No viable dags retrieved from /opt/airflow/dags/sodai/__init__.py
[2025-11-18T20:52:52.856+0000] {processor.py:183} INFO - Processing /opt/airflow/dags/sodai/__init__.py took 0.022 seconds
[2025-11-18T20:53:23.048+0000] {processor.py:161} INFO - Started process (PID=1507) to work on /opt/airflow/dags/sodai/__init__.py
[2025-11-18T20:53:23.049+0000] {processor.py:830} INFO - Processing file /opt/airflow/dags/sodai/__init__.py for tasks to queue
[2025-11-18T20:53:23.051+0000] {logging_mixin.py:188} INFO - [2025-11-18T20:53:23.051+0000] {dagbag.py:540} INFO - Filling up the DagBag from /opt/airflow/dags/sodai/__init__.py
[2025-11-18T20:53:23.072+0000] {processor.py:842} WARNING - No viable dags retrieved from /opt/airflow/dags/sodai/__init__.py
[2025-11-18T20:53:23.081+0000] {processor.py:183} INFO - Processing /opt/airflow/dags/sodai/__init__.py took 0.038 seconds
[2025-11-18T20:53:53.289+0000] {processor.py:161} INFO - Started process (PID=1517) to work on /opt/airflow/dags/sodai/__init__.py
[2025-11-18T20:53:53.291+0000] {processor.py:830} INFO - Processing file /opt/airflow/dags/sodai/__init__.py for tasks to queue
[2025-11-18T20:53:53.293+0000] {logging_mixin.py:188} INFO - [2025-11-18T20:53:53.293+0000] {dagbag.py:540} INFO - Filling up the DagBag from /opt/airflow/dags/sodai/__init__.py
[2025-11-18T20:53:53.440+0000] {processor.py:842} WARNING - No viable dags retrieved from /opt/airflow/dags/sodai/__init__.py
[2025-11-18T20:53:53.450+0000] {processor.py:183} INFO - Processing /opt/airflow/dags/sodai/__init__.py took 0.165 seconds
[2025-11-18T20:54:24.046+0000] {processor.py:161} INFO - Started process (PID=1527) to work on /opt/airflow/dags/sodai/__init__.py
[2025-11-18T20:54:24.050+0000] {processor.py:830} INFO - Processing file /opt/airflow/dags/sodai/__init__.py for tasks to queue
[2025-11-18T20:54:24.058+0000] {logging_mixin.py:188} INFO - [2025-11-18T20:54:24.058+0000] {dagbag.py:540} INFO - Filling up the DagBag from /opt/airflow/dags/sodai/__init__.py
[2025-11-18T20:54:24.128+0000] {processor.py:842} WARNING - No viable dags retrieved from /opt/airflow/dags/sodai/__init__.py
[2025-11-18T20:54:24.138+0000] {processor.py:183} INFO - Processing /opt/airflow/dags/sodai/__init__.py took 0.096 seconds
[2025-11-18T20:54:54.206+0000] {processor.py:161} INFO - Started process (PID=1582) to work on /opt/airflow/dags/sodai/__init__.py
[2025-11-18T20:54:54.208+0000] {processor.py:830} INFO - Processing file /opt/airflow/dags/sodai/__init__.py for tasks to queue
[2025-11-18T20:54:54.211+0000] {logging_mixin.py:188} INFO - [2025-11-18T20:54:54.210+0000] {dagbag.py:540} INFO - Filling up the DagBag from /opt/airflow/dags/sodai/__init__.py
[2025-11-18T20:54:54.243+0000] {processor.py:842} WARNING - No viable dags retrieved from /opt/airflow/dags/sodai/__init__.py
[2025-11-18T20:54:54.258+0000] {processor.py:183} INFO - Processing /opt/airflow/dags/sodai/__init__.py took 0.058 seconds
[2025-11-18T20:55:24.425+0000] {processor.py:161} INFO - Started process (PID=1597) to work on /opt/airflow/dags/sodai/__init__.py
[2025-11-18T20:55:24.426+0000] {processor.py:830} INFO - Processing file /opt/airflow/dags/sodai/__init__.py for tasks to queue
[2025-11-18T20:55:24.427+0000] {logging_mixin.py:188} INFO - [2025-11-18T20:55:24.427+0000] {dagbag.py:540} INFO - Filling up the DagBag from /opt/airflow/dags/sodai/__init__.py
[2025-11-18T20:55:24.436+0000] {processor.py:842} WARNING - No viable dags retrieved from /opt/airflow/dags/sodai/__init__.py
[2025-11-18T20:55:24.452+0000] {processor.py:183} INFO - Processing /opt/airflow/dags/sodai/__init__.py took 0.032 seconds
[2025-11-18T20:55:54.661+0000] {processor.py:161} INFO - Started process (PID=1607) to work on /opt/airflow/dags/sodai/__init__.py
[2025-11-18T20:55:54.662+0000] {processor.py:830} INFO - Processing file /opt/airflow/dags/sodai/__init__.py for tasks to queue
[2025-11-18T20:55:54.663+0000] {logging_mixin.py:188} INFO - [2025-11-18T20:55:54.663+0000] {dagbag.py:540} INFO - Filling up the DagBag from /opt/airflow/dags/sodai/__init__.py
[2025-11-18T20:55:54.679+0000] {processor.py:842} WARNING - No viable dags retrieved from /opt/airflow/dags/sodai/__init__.py
[2025-11-18T20:55:54.688+0000] {processor.py:183} INFO - Processing /opt/airflow/dags/sodai/__init__.py took 0.031 seconds
[2025-11-18T20:56:24.871+0000] {processor.py:161} INFO - Started process (PID=1617) to work on /opt/airflow/dags/sodai/__init__.py
[2025-11-18T20:56:24.873+0000] {processor.py:830} INFO - Processing file /opt/airflow/dags/sodai/__init__.py for tasks to queue
[2025-11-18T20:56:24.874+0000] {logging_mixin.py:188} INFO - [2025-11-18T20:56:24.874+0000] {dagbag.py:540} INFO - Filling up the DagBag from /opt/airflow/dags/sodai/__init__.py
[2025-11-18T20:56:24.886+0000] {processor.py:842} WARNING - No viable dags retrieved from /opt/airflow/dags/sodai/__init__.py
[2025-11-18T20:56:24.896+0000] {processor.py:183} INFO - Processing /opt/airflow/dags/sodai/__init__.py took 0.029 seconds
[2025-11-18T20:56:54.938+0000] {processor.py:161} INFO - Started process (PID=1627) to work on /opt/airflow/dags/sodai/__init__.py
[2025-11-18T20:56:54.939+0000] {processor.py:830} INFO - Processing file /opt/airflow/dags/sodai/__init__.py for tasks to queue
[2025-11-18T20:56:54.941+0000] {logging_mixin.py:188} INFO - [2025-11-18T20:56:54.940+0000] {dagbag.py:540} INFO - Filling up the DagBag from /opt/airflow/dags/sodai/__init__.py
[2025-11-18T20:56:54.952+0000] {processor.py:842} WARNING - No viable dags retrieved from /opt/airflow/dags/sodai/__init__.py
[2025-11-18T20:56:54.962+0000] {processor.py:183} INFO - Processing /opt/airflow/dags/sodai/__init__.py took 0.028 seconds
[2025-11-18T20:57:25.113+0000] {processor.py:161} INFO - Started process (PID=1637) to work on /opt/airflow/dags/sodai/__init__.py
[2025-11-18T20:57:25.114+0000] {processor.py:830} INFO - Processing file /opt/airflow/dags/sodai/__init__.py for tasks to queue
[2025-11-18T20:57:25.115+0000] {logging_mixin.py:188} INFO - [2025-11-18T20:57:25.115+0000] {dagbag.py:540} INFO - Filling up the DagBag from /opt/airflow/dags/sodai/__init__.py
[2025-11-18T20:57:25.127+0000] {processor.py:842} WARNING - No viable dags retrieved from /opt/airflow/dags/sodai/__init__.py
[2025-11-18T20:57:25.137+0000] {processor.py:183} INFO - Processing /opt/airflow/dags/sodai/__init__.py took 0.028 seconds
[2025-11-18T20:57:55.293+0000] {processor.py:161} INFO - Started process (PID=1647) to work on /opt/airflow/dags/sodai/__init__.py
[2025-11-18T20:57:55.294+0000] {processor.py:830} INFO - Processing file /opt/airflow/dags/sodai/__init__.py for tasks to queue
[2025-11-18T20:57:55.295+0000] {logging_mixin.py:188} INFO - [2025-11-18T20:57:55.295+0000] {dagbag.py:540} INFO - Filling up the DagBag from /opt/airflow/dags/sodai/__init__.py
[2025-11-18T20:57:55.308+0000] {processor.py:842} WARNING - No viable dags retrieved from /opt/airflow/dags/sodai/__init__.py
[2025-11-18T20:57:55.318+0000] {processor.py:183} INFO - Processing /opt/airflow/dags/sodai/__init__.py took 0.030 seconds
[2025-11-18T20:58:25.549+0000] {processor.py:161} INFO - Started process (PID=1657) to work on /opt/airflow/dags/sodai/__init__.py
[2025-11-18T20:58:25.550+0000] {processor.py:830} INFO - Processing file /opt/airflow/dags/sodai/__init__.py for tasks to queue
[2025-11-18T20:58:25.552+0000] {logging_mixin.py:188} INFO - [2025-11-18T20:58:25.551+0000] {dagbag.py:540} INFO - Filling up the DagBag from /opt/airflow/dags/sodai/__init__.py
[2025-11-18T20:58:25.605+0000] {processor.py:842} WARNING - No viable dags retrieved from /opt/airflow/dags/sodai/__init__.py
[2025-11-18T20:58:25.618+0000] {processor.py:183} INFO - Processing /opt/airflow/dags/sodai/__init__.py took 0.074 seconds
[2025-11-18T20:58:55.942+0000] {processor.py:161} INFO - Started process (PID=1667) to work on /opt/airflow/dags/sodai/__init__.py
[2025-11-18T20:58:55.945+0000] {processor.py:830} INFO - Processing file /opt/airflow/dags/sodai/__init__.py for tasks to queue
[2025-11-18T20:58:55.947+0000] {logging_mixin.py:188} INFO - [2025-11-18T20:58:55.947+0000] {dagbag.py:540} INFO - Filling up the DagBag from /opt/airflow/dags/sodai/__init__.py
[2025-11-18T20:58:55.955+0000] {processor.py:842} WARNING - No viable dags retrieved from /opt/airflow/dags/sodai/__init__.py
[2025-11-18T20:58:55.966+0000] {processor.py:183} INFO - Processing /opt/airflow/dags/sodai/__init__.py took 0.029 seconds
[2025-11-18T20:59:26.212+0000] {processor.py:161} INFO - Started process (PID=1677) to work on /opt/airflow/dags/sodai/__init__.py
[2025-11-18T20:59:26.217+0000] {processor.py:830} INFO - Processing file /opt/airflow/dags/sodai/__init__.py for tasks to queue
[2025-11-18T20:59:26.224+0000] {logging_mixin.py:188} INFO - [2025-11-18T20:59:26.223+0000] {dagbag.py:540} INFO - Filling up the DagBag from /opt/airflow/dags/sodai/__init__.py
[2025-11-18T20:59:26.386+0000] {processor.py:842} WARNING - No viable dags retrieved from /opt/airflow/dags/sodai/__init__.py
[2025-11-18T20:59:26.397+0000] {processor.py:183} INFO - Processing /opt/airflow/dags/sodai/__init__.py took 0.190 seconds
[2025-11-18T20:59:56.492+0000] {processor.py:161} INFO - Started process (PID=1687) to work on /opt/airflow/dags/sodai/__init__.py
[2025-11-18T20:59:56.494+0000] {processor.py:830} INFO - Processing file /opt/airflow/dags/sodai/__init__.py for tasks to queue
[2025-11-18T20:59:56.495+0000] {logging_mixin.py:188} INFO - [2025-11-18T20:59:56.495+0000] {dagbag.py:540} INFO - Filling up the DagBag from /opt/airflow/dags/sodai/__init__.py
[2025-11-18T20:59:56.503+0000] {processor.py:842} WARNING - No viable dags retrieved from /opt/airflow/dags/sodai/__init__.py
[2025-11-18T20:59:56.514+0000] {processor.py:183} INFO - Processing /opt/airflow/dags/sodai/__init__.py took 0.026 seconds
[2025-11-18T21:00:26.729+0000] {processor.py:161} INFO - Started process (PID=1697) to work on /opt/airflow/dags/sodai/__init__.py
[2025-11-18T21:00:26.736+0000] {processor.py:830} INFO - Processing file /opt/airflow/dags/sodai/__init__.py for tasks to queue
[2025-11-18T21:00:26.738+0000] {logging_mixin.py:188} INFO - [2025-11-18T21:00:26.737+0000] {dagbag.py:540} INFO - Filling up the DagBag from /opt/airflow/dags/sodai/__init__.py
[2025-11-18T21:00:26.751+0000] {processor.py:842} WARNING - No viable dags retrieved from /opt/airflow/dags/sodai/__init__.py
[2025-11-18T21:00:26.762+0000] {processor.py:183} INFO - Processing /opt/airflow/dags/sodai/__init__.py took 0.038 seconds
[2025-11-18T21:00:57.231+0000] {processor.py:161} INFO - Started process (PID=1707) to work on /opt/airflow/dags/sodai/__init__.py
[2025-11-18T21:00:57.232+0000] {processor.py:830} INFO - Processing file /opt/airflow/dags/sodai/__init__.py for tasks to queue
[2025-11-18T21:00:57.234+0000] {logging_mixin.py:188} INFO - [2025-11-18T21:00:57.234+0000] {dagbag.py:540} INFO - Filling up the DagBag from /opt/airflow/dags/sodai/__init__.py
[2025-11-18T21:00:57.249+0000] {processor.py:842} WARNING - No viable dags retrieved from /opt/airflow/dags/sodai/__init__.py
[2025-11-18T21:00:57.260+0000] {processor.py:183} INFO - Processing /opt/airflow/dags/sodai/__init__.py took 0.035 seconds
[2025-11-18T21:01:27.438+0000] {processor.py:161} INFO - Started process (PID=1717) to work on /opt/airflow/dags/sodai/__init__.py
[2025-11-18T21:01:27.439+0000] {processor.py:830} INFO - Processing file /opt/airflow/dags/sodai/__init__.py for tasks to queue
[2025-11-18T21:01:27.442+0000] {logging_mixin.py:188} INFO - [2025-11-18T21:01:27.442+0000] {dagbag.py:540} INFO - Filling up the DagBag from /opt/airflow/dags/sodai/__init__.py
[2025-11-18T21:01:27.521+0000] {processor.py:842} WARNING - No viable dags retrieved from /opt/airflow/dags/sodai/__init__.py
[2025-11-18T21:01:27.534+0000] {processor.py:183} INFO - Processing /opt/airflow/dags/sodai/__init__.py took 0.102 seconds
[2025-11-18T21:01:57.801+0000] {processor.py:161} INFO - Started process (PID=1727) to work on /opt/airflow/dags/sodai/__init__.py
[2025-11-18T21:01:57.802+0000] {processor.py:830} INFO - Processing file /opt/airflow/dags/sodai/__init__.py for tasks to queue
[2025-11-18T21:01:57.804+0000] {logging_mixin.py:188} INFO - [2025-11-18T21:01:57.804+0000] {dagbag.py:540} INFO - Filling up the DagBag from /opt/airflow/dags/sodai/__init__.py
[2025-11-18T21:01:57.812+0000] {processor.py:842} WARNING - No viable dags retrieved from /opt/airflow/dags/sodai/__init__.py
[2025-11-18T21:01:57.821+0000] {processor.py:183} INFO - Processing /opt/airflow/dags/sodai/__init__.py took 0.023 seconds
[2025-11-18T21:02:27.975+0000] {processor.py:161} INFO - Started process (PID=1737) to work on /opt/airflow/dags/sodai/__init__.py
[2025-11-18T21:02:27.976+0000] {processor.py:830} INFO - Processing file /opt/airflow/dags/sodai/__init__.py for tasks to queue
[2025-11-18T21:02:27.979+0000] {logging_mixin.py:188} INFO - [2025-11-18T21:02:27.978+0000] {dagbag.py:540} INFO - Filling up the DagBag from /opt/airflow/dags/sodai/__init__.py
[2025-11-18T21:02:27.987+0000] {processor.py:842} WARNING - No viable dags retrieved from /opt/airflow/dags/sodai/__init__.py
[2025-11-18T21:02:27.997+0000] {processor.py:183} INFO - Processing /opt/airflow/dags/sodai/__init__.py took 0.026 seconds
[2025-11-18T21:02:58.154+0000] {processor.py:161} INFO - Started process (PID=1747) to work on /opt/airflow/dags/sodai/__init__.py
[2025-11-18T21:02:58.155+0000] {processor.py:830} INFO - Processing file /opt/airflow/dags/sodai/__init__.py for tasks to queue
[2025-11-18T21:02:58.157+0000] {logging_mixin.py:188} INFO - [2025-11-18T21:02:58.157+0000] {dagbag.py:540} INFO - Filling up the DagBag from /opt/airflow/dags/sodai/__init__.py
[2025-11-18T21:02:58.165+0000] {processor.py:842} WARNING - No viable dags retrieved from /opt/airflow/dags/sodai/__init__.py
[2025-11-18T21:02:58.177+0000] {processor.py:183} INFO - Processing /opt/airflow/dags/sodai/__init__.py took 0.027 seconds
[2025-11-18T21:03:28.258+0000] {processor.py:161} INFO - Started process (PID=1757) to work on /opt/airflow/dags/sodai/__init__.py
[2025-11-18T21:03:28.258+0000] {processor.py:830} INFO - Processing file /opt/airflow/dags/sodai/__init__.py for tasks to queue
[2025-11-18T21:03:28.260+0000] {logging_mixin.py:188} INFO - [2025-11-18T21:03:28.260+0000] {dagbag.py:540} INFO - Filling up the DagBag from /opt/airflow/dags/sodai/__init__.py
[2025-11-18T21:03:28.272+0000] {processor.py:842} WARNING - No viable dags retrieved from /opt/airflow/dags/sodai/__init__.py
[2025-11-18T21:03:28.282+0000] {processor.py:183} INFO - Processing /opt/airflow/dags/sodai/__init__.py took 0.029 seconds
[2025-11-18T21:03:58.438+0000] {processor.py:161} INFO - Started process (PID=1767) to work on /opt/airflow/dags/sodai/__init__.py
[2025-11-18T21:03:58.438+0000] {processor.py:830} INFO - Processing file /opt/airflow/dags/sodai/__init__.py for tasks to queue
[2025-11-18T21:03:58.440+0000] {logging_mixin.py:188} INFO - [2025-11-18T21:03:58.440+0000] {dagbag.py:540} INFO - Filling up the DagBag from /opt/airflow/dags/sodai/__init__.py
[2025-11-18T21:03:58.450+0000] {processor.py:842} WARNING - No viable dags retrieved from /opt/airflow/dags/sodai/__init__.py
[2025-11-18T21:03:58.461+0000] {processor.py:183} INFO - Processing /opt/airflow/dags/sodai/__init__.py took 0.028 seconds
[2025-11-18T21:04:28.593+0000] {processor.py:161} INFO - Started process (PID=1777) to work on /opt/airflow/dags/sodai/__init__.py
[2025-11-18T21:04:28.594+0000] {processor.py:830} INFO - Processing file /opt/airflow/dags/sodai/__init__.py for tasks to queue
[2025-11-18T21:04:28.597+0000] {logging_mixin.py:188} INFO - [2025-11-18T21:04:28.596+0000] {dagbag.py:540} INFO - Filling up the DagBag from /opt/airflow/dags/sodai/__init__.py
[2025-11-18T21:04:28.613+0000] {processor.py:842} WARNING - No viable dags retrieved from /opt/airflow/dags/sodai/__init__.py
[2025-11-18T21:04:28.623+0000] {processor.py:183} INFO - Processing /opt/airflow/dags/sodai/__init__.py took 0.034 seconds
[2025-11-18T21:04:58.798+0000] {processor.py:161} INFO - Started process (PID=1787) to work on /opt/airflow/dags/sodai/__init__.py
[2025-11-18T21:04:58.799+0000] {processor.py:830} INFO - Processing file /opt/airflow/dags/sodai/__init__.py for tasks to queue
[2025-11-18T21:04:58.802+0000] {logging_mixin.py:188} INFO - [2025-11-18T21:04:58.802+0000] {dagbag.py:540} INFO - Filling up the DagBag from /opt/airflow/dags/sodai/__init__.py
[2025-11-18T21:04:58.813+0000] {processor.py:842} WARNING - No viable dags retrieved from /opt/airflow/dags/sodai/__init__.py
[2025-11-18T21:04:58.824+0000] {processor.py:183} INFO - Processing /opt/airflow/dags/sodai/__init__.py took 0.031 seconds
[2025-11-18T21:05:29.049+0000] {processor.py:161} INFO - Started process (PID=1797) to work on /opt/airflow/dags/sodai/__init__.py
[2025-11-18T21:05:29.050+0000] {processor.py:830} INFO - Processing file /opt/airflow/dags/sodai/__init__.py for tasks to queue
[2025-11-18T21:05:29.052+0000] {logging_mixin.py:188} INFO - [2025-11-18T21:05:29.052+0000] {dagbag.py:540} INFO - Filling up the DagBag from /opt/airflow/dags/sodai/__init__.py
[2025-11-18T21:05:29.094+0000] {processor.py:842} WARNING - No viable dags retrieved from /opt/airflow/dags/sodai/__init__.py
[2025-11-18T21:05:29.103+0000] {processor.py:183} INFO - Processing /opt/airflow/dags/sodai/__init__.py took 0.058 seconds
[2025-11-18T21:05:59.300+0000] {processor.py:161} INFO - Started process (PID=1807) to work on /opt/airflow/dags/sodai/__init__.py
[2025-11-18T21:05:59.301+0000] {processor.py:830} INFO - Processing file /opt/airflow/dags/sodai/__init__.py for tasks to queue
[2025-11-18T21:05:59.302+0000] {logging_mixin.py:188} INFO - [2025-11-18T21:05:59.302+0000] {dagbag.py:540} INFO - Filling up the DagBag from /opt/airflow/dags/sodai/__init__.py
[2025-11-18T21:05:59.311+0000] {processor.py:842} WARNING - No viable dags retrieved from /opt/airflow/dags/sodai/__init__.py
[2025-11-18T21:05:59.323+0000] {processor.py:183} INFO - Processing /opt/airflow/dags/sodai/__init__.py took 0.028 seconds
[2025-11-18T21:06:29.387+0000] {processor.py:161} INFO - Started process (PID=1817) to work on /opt/airflow/dags/sodai/__init__.py
[2025-11-18T21:06:29.388+0000] {processor.py:830} INFO - Processing file /opt/airflow/dags/sodai/__init__.py for tasks to queue
[2025-11-18T21:06:29.390+0000] {logging_mixin.py:188} INFO - [2025-11-18T21:06:29.390+0000] {dagbag.py:540} INFO - Filling up the DagBag from /opt/airflow/dags/sodai/__init__.py
[2025-11-18T21:06:29.399+0000] {processor.py:842} WARNING - No viable dags retrieved from /opt/airflow/dags/sodai/__init__.py
[2025-11-18T21:06:29.411+0000] {processor.py:183} INFO - Processing /opt/airflow/dags/sodai/__init__.py took 0.028 seconds
[2025-11-18T21:06:59.677+0000] {processor.py:161} INFO - Started process (PID=1827) to work on /opt/airflow/dags/sodai/__init__.py
[2025-11-18T21:06:59.678+0000] {processor.py:830} INFO - Processing file /opt/airflow/dags/sodai/__init__.py for tasks to queue
[2025-11-18T21:06:59.680+0000] {logging_mixin.py:188} INFO - [2025-11-18T21:06:59.679+0000] {dagbag.py:540} INFO - Filling up the DagBag from /opt/airflow/dags/sodai/__init__.py
[2025-11-18T21:06:59.695+0000] {processor.py:842} WARNING - No viable dags retrieved from /opt/airflow/dags/sodai/__init__.py
[2025-11-18T21:06:59.705+0000] {processor.py:183} INFO - Processing /opt/airflow/dags/sodai/__init__.py took 0.033 seconds
[2025-11-18T21:07:29.838+0000] {processor.py:161} INFO - Started process (PID=1837) to work on /opt/airflow/dags/sodai/__init__.py
[2025-11-18T21:07:29.840+0000] {processor.py:830} INFO - Processing file /opt/airflow/dags/sodai/__init__.py for tasks to queue
[2025-11-18T21:07:29.842+0000] {logging_mixin.py:188} INFO - [2025-11-18T21:07:29.841+0000] {dagbag.py:540} INFO - Filling up the DagBag from /opt/airflow/dags/sodai/__init__.py
[2025-11-18T21:07:29.859+0000] {processor.py:842} WARNING - No viable dags retrieved from /opt/airflow/dags/sodai/__init__.py
[2025-11-18T21:07:29.869+0000] {processor.py:183} INFO - Processing /opt/airflow/dags/sodai/__init__.py took 0.035 seconds
[2025-11-18T21:08:00.056+0000] {processor.py:161} INFO - Started process (PID=1847) to work on /opt/airflow/dags/sodai/__init__.py
[2025-11-18T21:08:00.057+0000] {processor.py:830} INFO - Processing file /opt/airflow/dags/sodai/__init__.py for tasks to queue
[2025-11-18T21:08:00.059+0000] {logging_mixin.py:188} INFO - [2025-11-18T21:08:00.058+0000] {dagbag.py:540} INFO - Filling up the DagBag from /opt/airflow/dags/sodai/__init__.py
[2025-11-18T21:08:00.068+0000] {processor.py:842} WARNING - No viable dags retrieved from /opt/airflow/dags/sodai/__init__.py
[2025-11-18T21:08:00.079+0000] {processor.py:183} INFO - Processing /opt/airflow/dags/sodai/__init__.py took 0.028 seconds
[2025-11-18T21:08:30.181+0000] {processor.py:161} INFO - Started process (PID=1857) to work on /opt/airflow/dags/sodai/__init__.py
[2025-11-18T21:08:30.181+0000] {processor.py:830} INFO - Processing file /opt/airflow/dags/sodai/__init__.py for tasks to queue
[2025-11-18T21:08:30.183+0000] {logging_mixin.py:188} INFO - [2025-11-18T21:08:30.182+0000] {dagbag.py:540} INFO - Filling up the DagBag from /opt/airflow/dags/sodai/__init__.py
[2025-11-18T21:08:30.193+0000] {processor.py:842} WARNING - No viable dags retrieved from /opt/airflow/dags/sodai/__init__.py
[2025-11-18T21:08:30.203+0000] {processor.py:183} INFO - Processing /opt/airflow/dags/sodai/__init__.py took 0.027 seconds
[2025-11-18T21:09:00.358+0000] {processor.py:161} INFO - Started process (PID=1867) to work on /opt/airflow/dags/sodai/__init__.py
[2025-11-18T21:09:00.361+0000] {processor.py:830} INFO - Processing file /opt/airflow/dags/sodai/__init__.py for tasks to queue
[2025-11-18T21:09:00.363+0000] {logging_mixin.py:188} INFO - [2025-11-18T21:09:00.363+0000] {dagbag.py:540} INFO - Filling up the DagBag from /opt/airflow/dags/sodai/__init__.py
[2025-11-18T21:09:00.400+0000] {processor.py:842} WARNING - No viable dags retrieved from /opt/airflow/dags/sodai/__init__.py
[2025-11-18T21:09:00.411+0000] {processor.py:183} INFO - Processing /opt/airflow/dags/sodai/__init__.py took 0.057 seconds
[2025-11-18T21:09:30.570+0000] {processor.py:161} INFO - Started process (PID=1877) to work on /opt/airflow/dags/sodai/__init__.py
[2025-11-18T21:09:30.571+0000] {processor.py:830} INFO - Processing file /opt/airflow/dags/sodai/__init__.py for tasks to queue
[2025-11-18T21:09:30.573+0000] {logging_mixin.py:188} INFO - [2025-11-18T21:09:30.573+0000] {dagbag.py:540} INFO - Filling up the DagBag from /opt/airflow/dags/sodai/__init__.py
[2025-11-18T21:09:30.592+0000] {processor.py:842} WARNING - No viable dags retrieved from /opt/airflow/dags/sodai/__init__.py
[2025-11-18T21:09:30.603+0000] {processor.py:183} INFO - Processing /opt/airflow/dags/sodai/__init__.py took 0.037 seconds
[2025-11-18T21:10:00.713+0000] {processor.py:161} INFO - Started process (PID=1887) to work on /opt/airflow/dags/sodai/__init__.py
[2025-11-18T21:10:00.714+0000] {processor.py:830} INFO - Processing file /opt/airflow/dags/sodai/__init__.py for tasks to queue
[2025-11-18T21:10:00.716+0000] {logging_mixin.py:188} INFO - [2025-11-18T21:10:00.715+0000] {dagbag.py:540} INFO - Filling up the DagBag from /opt/airflow/dags/sodai/__init__.py
[2025-11-18T21:10:00.734+0000] {processor.py:842} WARNING - No viable dags retrieved from /opt/airflow/dags/sodai/__init__.py
[2025-11-18T21:10:00.744+0000] {processor.py:183} INFO - Processing /opt/airflow/dags/sodai/__init__.py took 0.036 seconds
[2025-11-18T21:10:31.053+0000] {processor.py:161} INFO - Started process (PID=1897) to work on /opt/airflow/dags/sodai/__init__.py
[2025-11-18T21:10:31.054+0000] {processor.py:830} INFO - Processing file /opt/airflow/dags/sodai/__init__.py for tasks to queue
[2025-11-18T21:10:31.055+0000] {logging_mixin.py:188} INFO - [2025-11-18T21:10:31.055+0000] {dagbag.py:540} INFO - Filling up the DagBag from /opt/airflow/dags/sodai/__init__.py
[2025-11-18T21:10:31.075+0000] {processor.py:842} WARNING - No viable dags retrieved from /opt/airflow/dags/sodai/__init__.py
[2025-11-18T21:10:31.086+0000] {processor.py:183} INFO - Processing /opt/airflow/dags/sodai/__init__.py took 0.038 seconds
[2025-11-18T21:11:01.165+0000] {processor.py:161} INFO - Started process (PID=1907) to work on /opt/airflow/dags/sodai/__init__.py
[2025-11-18T21:11:01.166+0000] {processor.py:830} INFO - Processing file /opt/airflow/dags/sodai/__init__.py for tasks to queue
[2025-11-18T21:11:01.168+0000] {logging_mixin.py:188} INFO - [2025-11-18T21:11:01.168+0000] {dagbag.py:540} INFO - Filling up the DagBag from /opt/airflow/dags/sodai/__init__.py
[2025-11-18T21:11:01.176+0000] {processor.py:842} WARNING - No viable dags retrieved from /opt/airflow/dags/sodai/__init__.py
[2025-11-18T21:11:01.187+0000] {processor.py:183} INFO - Processing /opt/airflow/dags/sodai/__init__.py took 0.027 seconds
[2025-11-18T21:11:31.279+0000] {processor.py:161} INFO - Started process (PID=1917) to work on /opt/airflow/dags/sodai/__init__.py
[2025-11-18T21:11:31.280+0000] {processor.py:830} INFO - Processing file /opt/airflow/dags/sodai/__init__.py for tasks to queue
[2025-11-18T21:11:31.281+0000] {logging_mixin.py:188} INFO - [2025-11-18T21:11:31.281+0000] {dagbag.py:540} INFO - Filling up the DagBag from /opt/airflow/dags/sodai/__init__.py
[2025-11-18T21:11:31.289+0000] {processor.py:842} WARNING - No viable dags retrieved from /opt/airflow/dags/sodai/__init__.py
[2025-11-18T21:11:31.298+0000] {processor.py:183} INFO - Processing /opt/airflow/dags/sodai/__init__.py took 0.024 seconds
[2025-11-18T21:12:01.377+0000] {processor.py:161} INFO - Started process (PID=1927) to work on /opt/airflow/dags/sodai/__init__.py
[2025-11-18T21:12:01.378+0000] {processor.py:830} INFO - Processing file /opt/airflow/dags/sodai/__init__.py for tasks to queue
[2025-11-18T21:12:01.379+0000] {logging_mixin.py:188} INFO - [2025-11-18T21:12:01.379+0000] {dagbag.py:540} INFO - Filling up the DagBag from /opt/airflow/dags/sodai/__init__.py
[2025-11-18T21:12:01.394+0000] {processor.py:842} WARNING - No viable dags retrieved from /opt/airflow/dags/sodai/__init__.py
[2025-11-18T21:12:01.404+0000] {processor.py:183} INFO - Processing /opt/airflow/dags/sodai/__init__.py took 0.032 seconds
[2025-11-18T21:12:31.555+0000] {processor.py:161} INFO - Started process (PID=1937) to work on /opt/airflow/dags/sodai/__init__.py
[2025-11-18T21:12:31.556+0000] {processor.py:830} INFO - Processing file /opt/airflow/dags/sodai/__init__.py for tasks to queue
[2025-11-18T21:12:31.558+0000] {logging_mixin.py:188} INFO - [2025-11-18T21:12:31.557+0000] {dagbag.py:540} INFO - Filling up the DagBag from /opt/airflow/dags/sodai/__init__.py
[2025-11-18T21:12:31.565+0000] {processor.py:842} WARNING - No viable dags retrieved from /opt/airflow/dags/sodai/__init__.py
[2025-11-18T21:12:31.574+0000] {processor.py:183} INFO - Processing /opt/airflow/dags/sodai/__init__.py took 0.023 seconds
[2025-11-18T21:13:01.707+0000] {processor.py:161} INFO - Started process (PID=1947) to work on /opt/airflow/dags/sodai/__init__.py
[2025-11-18T21:13:01.708+0000] {processor.py:830} INFO - Processing file /opt/airflow/dags/sodai/__init__.py for tasks to queue
[2025-11-18T21:13:01.709+0000] {logging_mixin.py:188} INFO - [2025-11-18T21:13:01.709+0000] {dagbag.py:540} INFO - Filling up the DagBag from /opt/airflow/dags/sodai/__init__.py
[2025-11-18T21:13:01.724+0000] {processor.py:842} WARNING - No viable dags retrieved from /opt/airflow/dags/sodai/__init__.py
[2025-11-18T21:13:01.735+0000] {processor.py:183} INFO - Processing /opt/airflow/dags/sodai/__init__.py took 0.033 seconds
[2025-11-18T21:13:31.886+0000] {processor.py:161} INFO - Started process (PID=1957) to work on /opt/airflow/dags/sodai/__init__.py
[2025-11-18T21:13:31.887+0000] {processor.py:830} INFO - Processing file /opt/airflow/dags/sodai/__init__.py for tasks to queue
[2025-11-18T21:13:31.889+0000] {logging_mixin.py:188} INFO - [2025-11-18T21:13:31.889+0000] {dagbag.py:540} INFO - Filling up the DagBag from /opt/airflow/dags/sodai/__init__.py
[2025-11-18T21:13:31.897+0000] {processor.py:842} WARNING - No viable dags retrieved from /opt/airflow/dags/sodai/__init__.py
[2025-11-18T21:13:31.907+0000] {processor.py:183} INFO - Processing /opt/airflow/dags/sodai/__init__.py took 0.025 seconds
[2025-11-18T21:14:02.051+0000] {processor.py:161} INFO - Started process (PID=1967) to work on /opt/airflow/dags/sodai/__init__.py
[2025-11-18T21:14:02.053+0000] {processor.py:830} INFO - Processing file /opt/airflow/dags/sodai/__init__.py for tasks to queue
[2025-11-18T21:14:02.055+0000] {logging_mixin.py:188} INFO - [2025-11-18T21:14:02.055+0000] {dagbag.py:540} INFO - Filling up the DagBag from /opt/airflow/dags/sodai/__init__.py
[2025-11-18T21:14:02.063+0000] {processor.py:842} WARNING - No viable dags retrieved from /opt/airflow/dags/sodai/__init__.py
[2025-11-18T21:14:02.072+0000] {processor.py:183} INFO - Processing /opt/airflow/dags/sodai/__init__.py took 0.026 seconds
[2025-11-18T21:14:32.284+0000] {processor.py:161} INFO - Started process (PID=1977) to work on /opt/airflow/dags/sodai/__init__.py
[2025-11-18T21:14:32.284+0000] {processor.py:830} INFO - Processing file /opt/airflow/dags/sodai/__init__.py for tasks to queue
[2025-11-18T21:14:32.286+0000] {logging_mixin.py:188} INFO - [2025-11-18T21:14:32.286+0000] {dagbag.py:540} INFO - Filling up the DagBag from /opt/airflow/dags/sodai/__init__.py
[2025-11-18T21:14:32.299+0000] {processor.py:842} WARNING - No viable dags retrieved from /opt/airflow/dags/sodai/__init__.py
[2025-11-18T21:14:32.309+0000] {processor.py:183} INFO - Processing /opt/airflow/dags/sodai/__init__.py took 0.029 seconds
[2025-11-18T21:15:02.450+0000] {processor.py:161} INFO - Started process (PID=1987) to work on /opt/airflow/dags/sodai/__init__.py
[2025-11-18T21:15:02.451+0000] {processor.py:830} INFO - Processing file /opt/airflow/dags/sodai/__init__.py for tasks to queue
[2025-11-18T21:15:02.452+0000] {logging_mixin.py:188} INFO - [2025-11-18T21:15:02.452+0000] {dagbag.py:540} INFO - Filling up the DagBag from /opt/airflow/dags/sodai/__init__.py
[2025-11-18T21:15:02.466+0000] {processor.py:842} WARNING - No viable dags retrieved from /opt/airflow/dags/sodai/__init__.py
[2025-11-18T21:15:02.476+0000] {processor.py:183} INFO - Processing /opt/airflow/dags/sodai/__init__.py took 0.031 seconds
[2025-11-18T21:15:32.732+0000] {processor.py:161} INFO - Started process (PID=1997) to work on /opt/airflow/dags/sodai/__init__.py
[2025-11-18T21:15:32.733+0000] {processor.py:830} INFO - Processing file /opt/airflow/dags/sodai/__init__.py for tasks to queue
[2025-11-18T21:15:32.735+0000] {logging_mixin.py:188} INFO - [2025-11-18T21:15:32.734+0000] {dagbag.py:540} INFO - Filling up the DagBag from /opt/airflow/dags/sodai/__init__.py
[2025-11-18T21:15:32.745+0000] {processor.py:842} WARNING - No viable dags retrieved from /opt/airflow/dags/sodai/__init__.py
[2025-11-18T21:15:32.754+0000] {processor.py:183} INFO - Processing /opt/airflow/dags/sodai/__init__.py took 0.026 seconds
[2025-11-18T21:16:02.830+0000] {processor.py:161} INFO - Started process (PID=2007) to work on /opt/airflow/dags/sodai/__init__.py
[2025-11-18T21:16:02.831+0000] {processor.py:830} INFO - Processing file /opt/airflow/dags/sodai/__init__.py for tasks to queue
[2025-11-18T21:16:02.832+0000] {logging_mixin.py:188} INFO - [2025-11-18T21:16:02.832+0000] {dagbag.py:540} INFO - Filling up the DagBag from /opt/airflow/dags/sodai/__init__.py
[2025-11-18T21:16:02.841+0000] {processor.py:842} WARNING - No viable dags retrieved from /opt/airflow/dags/sodai/__init__.py
[2025-11-18T21:16:02.854+0000] {processor.py:183} INFO - Processing /opt/airflow/dags/sodai/__init__.py took 0.029 seconds
[2025-11-18T21:16:33.042+0000] {processor.py:161} INFO - Started process (PID=2017) to work on /opt/airflow/dags/sodai/__init__.py
[2025-11-18T21:16:33.043+0000] {processor.py:830} INFO - Processing file /opt/airflow/dags/sodai/__init__.py for tasks to queue
[2025-11-18T21:16:33.047+0000] {logging_mixin.py:188} INFO - [2025-11-18T21:16:33.046+0000] {dagbag.py:540} INFO - Filling up the DagBag from /opt/airflow/dags/sodai/__init__.py
[2025-11-18T21:16:33.069+0000] {processor.py:842} WARNING - No viable dags retrieved from /opt/airflow/dags/sodai/__init__.py
[2025-11-18T21:16:33.081+0000] {processor.py:183} INFO - Processing /opt/airflow/dags/sodai/__init__.py took 0.044 seconds
[2025-11-18T21:17:03.251+0000] {processor.py:161} INFO - Started process (PID=2027) to work on /opt/airflow/dags/sodai/__init__.py
[2025-11-18T21:17:03.252+0000] {processor.py:830} INFO - Processing file /opt/airflow/dags/sodai/__init__.py for tasks to queue
[2025-11-18T21:17:03.254+0000] {logging_mixin.py:188} INFO - [2025-11-18T21:17:03.254+0000] {dagbag.py:540} INFO - Filling up the DagBag from /opt/airflow/dags/sodai/__init__.py
[2025-11-18T21:17:03.264+0000] {processor.py:842} WARNING - No viable dags retrieved from /opt/airflow/dags/sodai/__init__.py
[2025-11-18T21:17:03.273+0000] {processor.py:183} INFO - Processing /opt/airflow/dags/sodai/__init__.py took 0.027 seconds
[2025-11-18T21:17:33.428+0000] {processor.py:161} INFO - Started process (PID=2037) to work on /opt/airflow/dags/sodai/__init__.py
[2025-11-18T21:17:33.429+0000] {processor.py:830} INFO - Processing file /opt/airflow/dags/sodai/__init__.py for tasks to queue
[2025-11-18T21:17:33.430+0000] {logging_mixin.py:188} INFO - [2025-11-18T21:17:33.430+0000] {dagbag.py:540} INFO - Filling up the DagBag from /opt/airflow/dags/sodai/__init__.py
[2025-11-18T21:17:33.442+0000] {processor.py:842} WARNING - No viable dags retrieved from /opt/airflow/dags/sodai/__init__.py
[2025-11-18T21:17:33.451+0000] {processor.py:183} INFO - Processing /opt/airflow/dags/sodai/__init__.py took 0.028 seconds
[2025-11-18T21:18:03.697+0000] {processor.py:161} INFO - Started process (PID=2047) to work on /opt/airflow/dags/sodai/__init__.py
[2025-11-18T21:18:03.700+0000] {processor.py:830} INFO - Processing file /opt/airflow/dags/sodai/__init__.py for tasks to queue
[2025-11-18T21:18:03.706+0000] {logging_mixin.py:188} INFO - [2025-11-18T21:18:03.706+0000] {dagbag.py:540} INFO - Filling up the DagBag from /opt/airflow/dags/sodai/__init__.py
[2025-11-18T21:18:03.734+0000] {processor.py:842} WARNING - No viable dags retrieved from /opt/airflow/dags/sodai/__init__.py
[2025-11-18T21:18:03.744+0000] {processor.py:183} INFO - Processing /opt/airflow/dags/sodai/__init__.py took 0.051 seconds
[2025-11-18T21:18:34.780+0000] {processor.py:161} INFO - Started process (PID=2057) to work on /opt/airflow/dags/sodai/__init__.py
[2025-11-18T21:18:34.780+0000] {processor.py:830} INFO - Processing file /opt/airflow/dags/sodai/__init__.py for tasks to queue
[2025-11-18T21:18:34.782+0000] {logging_mixin.py:188} INFO - [2025-11-18T21:18:34.782+0000] {dagbag.py:540} INFO - Filling up the DagBag from /opt/airflow/dags/sodai/__init__.py
[2025-11-18T21:18:34.790+0000] {processor.py:842} WARNING - No viable dags retrieved from /opt/airflow/dags/sodai/__init__.py
[2025-11-18T21:18:34.799+0000] {processor.py:183} INFO - Processing /opt/airflow/dags/sodai/__init__.py took 0.024 seconds
[2025-11-18T21:19:04.925+0000] {processor.py:161} INFO - Started process (PID=2067) to work on /opt/airflow/dags/sodai/__init__.py
[2025-11-18T21:19:04.926+0000] {processor.py:830} INFO - Processing file /opt/airflow/dags/sodai/__init__.py for tasks to queue
[2025-11-18T21:19:04.927+0000] {logging_mixin.py:188} INFO - [2025-11-18T21:19:04.927+0000] {dagbag.py:540} INFO - Filling up the DagBag from /opt/airflow/dags/sodai/__init__.py
[2025-11-18T21:19:04.936+0000] {processor.py:842} WARNING - No viable dags retrieved from /opt/airflow/dags/sodai/__init__.py
[2025-11-18T21:19:04.946+0000] {processor.py:183} INFO - Processing /opt/airflow/dags/sodai/__init__.py took 0.026 seconds
[2025-11-18T21:19:35.144+0000] {processor.py:161} INFO - Started process (PID=2077) to work on /opt/airflow/dags/sodai/__init__.py
[2025-11-18T21:19:35.145+0000] {processor.py:830} INFO - Processing file /opt/airflow/dags/sodai/__init__.py for tasks to queue
[2025-11-18T21:19:35.147+0000] {logging_mixin.py:188} INFO - [2025-11-18T21:19:35.146+0000] {dagbag.py:540} INFO - Filling up the DagBag from /opt/airflow/dags/sodai/__init__.py
[2025-11-18T21:19:35.155+0000] {processor.py:842} WARNING - No viable dags retrieved from /opt/airflow/dags/sodai/__init__.py
[2025-11-18T21:19:35.165+0000] {processor.py:183} INFO - Processing /opt/airflow/dags/sodai/__init__.py took 0.026 seconds
[2025-11-18T21:20:05.365+0000] {processor.py:161} INFO - Started process (PID=2087) to work on /opt/airflow/dags/sodai/__init__.py
[2025-11-18T21:20:05.366+0000] {processor.py:830} INFO - Processing file /opt/airflow/dags/sodai/__init__.py for tasks to queue
[2025-11-18T21:20:05.367+0000] {logging_mixin.py:188} INFO - [2025-11-18T21:20:05.367+0000] {dagbag.py:540} INFO - Filling up the DagBag from /opt/airflow/dags/sodai/__init__.py
[2025-11-18T21:20:05.376+0000] {processor.py:842} WARNING - No viable dags retrieved from /opt/airflow/dags/sodai/__init__.py
[2025-11-18T21:20:05.386+0000] {processor.py:183} INFO - Processing /opt/airflow/dags/sodai/__init__.py took 0.026 seconds
[2025-11-18T21:20:35.634+0000] {processor.py:161} INFO - Started process (PID=2097) to work on /opt/airflow/dags/sodai/__init__.py
[2025-11-18T21:20:35.635+0000] {processor.py:830} INFO - Processing file /opt/airflow/dags/sodai/__init__.py for tasks to queue
[2025-11-18T21:20:35.636+0000] {logging_mixin.py:188} INFO - [2025-11-18T21:20:35.636+0000] {dagbag.py:540} INFO - Filling up the DagBag from /opt/airflow/dags/sodai/__init__.py
[2025-11-18T21:20:35.644+0000] {processor.py:842} WARNING - No viable dags retrieved from /opt/airflow/dags/sodai/__init__.py
[2025-11-18T21:20:35.655+0000] {processor.py:183} INFO - Processing /opt/airflow/dags/sodai/__init__.py took 0.025 seconds
[2025-11-18T21:21:05.864+0000] {processor.py:161} INFO - Started process (PID=2107) to work on /opt/airflow/dags/sodai/__init__.py
[2025-11-18T21:21:05.865+0000] {processor.py:830} INFO - Processing file /opt/airflow/dags/sodai/__init__.py for tasks to queue
[2025-11-18T21:21:05.866+0000] {logging_mixin.py:188} INFO - [2025-11-18T21:21:05.866+0000] {dagbag.py:540} INFO - Filling up the DagBag from /opt/airflow/dags/sodai/__init__.py
[2025-11-18T21:21:05.877+0000] {processor.py:842} WARNING - No viable dags retrieved from /opt/airflow/dags/sodai/__init__.py
[2025-11-18T21:21:05.889+0000] {processor.py:183} INFO - Processing /opt/airflow/dags/sodai/__init__.py took 0.030 seconds
[2025-11-18T21:21:36.002+0000] {processor.py:161} INFO - Started process (PID=2117) to work on /opt/airflow/dags/sodai/__init__.py
[2025-11-18T21:21:36.003+0000] {processor.py:830} INFO - Processing file /opt/airflow/dags/sodai/__init__.py for tasks to queue
[2025-11-18T21:21:36.004+0000] {logging_mixin.py:188} INFO - [2025-11-18T21:21:36.004+0000] {dagbag.py:540} INFO - Filling up the DagBag from /opt/airflow/dags/sodai/__init__.py
[2025-11-18T21:21:36.014+0000] {processor.py:842} WARNING - No viable dags retrieved from /opt/airflow/dags/sodai/__init__.py
[2025-11-18T21:21:36.025+0000] {processor.py:183} INFO - Processing /opt/airflow/dags/sodai/__init__.py took 0.027 seconds
[2025-11-18T21:22:06.274+0000] {processor.py:161} INFO - Started process (PID=2127) to work on /opt/airflow/dags/sodai/__init__.py
[2025-11-18T21:22:06.276+0000] {processor.py:830} INFO - Processing file /opt/airflow/dags/sodai/__init__.py for tasks to queue
[2025-11-18T21:22:06.278+0000] {logging_mixin.py:188} INFO - [2025-11-18T21:22:06.277+0000] {dagbag.py:540} INFO - Filling up the DagBag from /opt/airflow/dags/sodai/__init__.py
[2025-11-18T21:22:06.286+0000] {processor.py:842} WARNING - No viable dags retrieved from /opt/airflow/dags/sodai/__init__.py
[2025-11-18T21:22:06.297+0000] {processor.py:183} INFO - Processing /opt/airflow/dags/sodai/__init__.py took 0.027 seconds
[2025-11-18T21:22:36.394+0000] {processor.py:161} INFO - Started process (PID=2137) to work on /opt/airflow/dags/sodai/__init__.py
[2025-11-18T21:22:36.395+0000] {processor.py:830} INFO - Processing file /opt/airflow/dags/sodai/__init__.py for tasks to queue
[2025-11-18T21:22:36.396+0000] {logging_mixin.py:188} INFO - [2025-11-18T21:22:36.396+0000] {dagbag.py:540} INFO - Filling up the DagBag from /opt/airflow/dags/sodai/__init__.py
[2025-11-18T21:22:36.408+0000] {processor.py:842} WARNING - No viable dags retrieved from /opt/airflow/dags/sodai/__init__.py
[2025-11-18T21:22:36.418+0000] {processor.py:183} INFO - Processing /opt/airflow/dags/sodai/__init__.py took 0.029 seconds
[2025-11-18T21:23:06.581+0000] {processor.py:161} INFO - Started process (PID=2147) to work on /opt/airflow/dags/sodai/__init__.py
[2025-11-18T21:23:06.582+0000] {processor.py:830} INFO - Processing file /opt/airflow/dags/sodai/__init__.py for tasks to queue
[2025-11-18T21:23:06.584+0000] {logging_mixin.py:188} INFO - [2025-11-18T21:23:06.583+0000] {dagbag.py:540} INFO - Filling up the DagBag from /opt/airflow/dags/sodai/__init__.py
[2025-11-18T21:23:06.593+0000] {processor.py:842} WARNING - No viable dags retrieved from /opt/airflow/dags/sodai/__init__.py
[2025-11-18T21:23:06.604+0000] {processor.py:183} INFO - Processing /opt/airflow/dags/sodai/__init__.py took 0.028 seconds
[2025-11-18T21:23:36.881+0000] {processor.py:161} INFO - Started process (PID=2157) to work on /opt/airflow/dags/sodai/__init__.py
[2025-11-18T21:23:36.884+0000] {processor.py:830} INFO - Processing file /opt/airflow/dags/sodai/__init__.py for tasks to queue
[2025-11-18T21:23:36.892+0000] {logging_mixin.py:188} INFO - [2025-11-18T21:23:36.892+0000] {dagbag.py:540} INFO - Filling up the DagBag from /opt/airflow/dags/sodai/__init__.py
[2025-11-18T21:23:36.902+0000] {processor.py:842} WARNING - No viable dags retrieved from /opt/airflow/dags/sodai/__init__.py
[2025-11-18T21:23:36.912+0000] {processor.py:183} INFO - Processing /opt/airflow/dags/sodai/__init__.py took 0.035 seconds
[2025-11-18T21:24:06.815+0000] {processor.py:161} INFO - Started process (PID=2167) to work on /opt/airflow/dags/sodai/__init__.py
[2025-11-18T21:24:06.816+0000] {processor.py:830} INFO - Processing file /opt/airflow/dags/sodai/__init__.py for tasks to queue
[2025-11-18T21:24:06.818+0000] {logging_mixin.py:188} INFO - [2025-11-18T21:24:06.818+0000] {dagbag.py:540} INFO - Filling up the DagBag from /opt/airflow/dags/sodai/__init__.py
[2025-11-18T21:24:06.844+0000] {processor.py:842} WARNING - No viable dags retrieved from /opt/airflow/dags/sodai/__init__.py
[2025-11-18T21:24:06.856+0000] {processor.py:183} INFO - Processing /opt/airflow/dags/sodai/__init__.py took 0.048 seconds
[2025-11-18T21:24:36.900+0000] {processor.py:161} INFO - Started process (PID=2177) to work on /opt/airflow/dags/sodai/__init__.py
[2025-11-18T21:24:36.901+0000] {processor.py:830} INFO - Processing file /opt/airflow/dags/sodai/__init__.py for tasks to queue
[2025-11-18T21:24:36.902+0000] {logging_mixin.py:188} INFO - [2025-11-18T21:24:36.902+0000] {dagbag.py:540} INFO - Filling up the DagBag from /opt/airflow/dags/sodai/__init__.py
[2025-11-18T21:24:36.911+0000] {processor.py:842} WARNING - No viable dags retrieved from /opt/airflow/dags/sodai/__init__.py
[2025-11-18T21:24:36.921+0000] {processor.py:183} INFO - Processing /opt/airflow/dags/sodai/__init__.py took 0.025 seconds
[2025-11-18T21:25:07.110+0000] {processor.py:161} INFO - Started process (PID=2187) to work on /opt/airflow/dags/sodai/__init__.py
[2025-11-18T21:25:07.111+0000] {processor.py:830} INFO - Processing file /opt/airflow/dags/sodai/__init__.py for tasks to queue
[2025-11-18T21:25:07.113+0000] {logging_mixin.py:188} INFO - [2025-11-18T21:25:07.113+0000] {dagbag.py:540} INFO - Filling up the DagBag from /opt/airflow/dags/sodai/__init__.py
[2025-11-18T21:25:07.122+0000] {processor.py:842} WARNING - No viable dags retrieved from /opt/airflow/dags/sodai/__init__.py
[2025-11-18T21:25:07.132+0000] {processor.py:183} INFO - Processing /opt/airflow/dags/sodai/__init__.py took 0.026 seconds
[2025-11-18T21:25:37.319+0000] {processor.py:161} INFO - Started process (PID=2197) to work on /opt/airflow/dags/sodai/__init__.py
[2025-11-18T21:25:37.322+0000] {processor.py:830} INFO - Processing file /opt/airflow/dags/sodai/__init__.py for tasks to queue
[2025-11-18T21:25:37.324+0000] {logging_mixin.py:188} INFO - [2025-11-18T21:25:37.323+0000] {dagbag.py:540} INFO - Filling up the DagBag from /opt/airflow/dags/sodai/__init__.py
[2025-11-18T21:25:37.333+0000] {processor.py:842} WARNING - No viable dags retrieved from /opt/airflow/dags/sodai/__init__.py
[2025-11-18T21:25:37.343+0000] {processor.py:183} INFO - Processing /opt/airflow/dags/sodai/__init__.py took 0.029 seconds
[2025-11-18T21:26:07.452+0000] {processor.py:161} INFO - Started process (PID=2207) to work on /opt/airflow/dags/sodai/__init__.py
[2025-11-18T21:26:07.453+0000] {processor.py:830} INFO - Processing file /opt/airflow/dags/sodai/__init__.py for tasks to queue
[2025-11-18T21:26:07.454+0000] {logging_mixin.py:188} INFO - [2025-11-18T21:26:07.454+0000] {dagbag.py:540} INFO - Filling up the DagBag from /opt/airflow/dags/sodai/__init__.py
[2025-11-18T21:26:07.463+0000] {processor.py:842} WARNING - No viable dags retrieved from /opt/airflow/dags/sodai/__init__.py
[2025-11-18T21:26:07.472+0000] {processor.py:183} INFO - Processing /opt/airflow/dags/sodai/__init__.py took 0.025 seconds
[2025-11-18T21:26:37.689+0000] {processor.py:161} INFO - Started process (PID=2217) to work on /opt/airflow/dags/sodai/__init__.py
[2025-11-18T21:26:37.690+0000] {processor.py:830} INFO - Processing file /opt/airflow/dags/sodai/__init__.py for tasks to queue
[2025-11-18T21:26:37.698+0000] {logging_mixin.py:188} INFO - [2025-11-18T21:26:37.697+0000] {dagbag.py:540} INFO - Filling up the DagBag from /opt/airflow/dags/sodai/__init__.py
[2025-11-18T21:26:37.719+0000] {processor.py:842} WARNING - No viable dags retrieved from /opt/airflow/dags/sodai/__init__.py
[2025-11-18T21:26:37.728+0000] {processor.py:183} INFO - Processing /opt/airflow/dags/sodai/__init__.py took 0.044 seconds
[2025-11-18T21:27:07.919+0000] {processor.py:161} INFO - Started process (PID=2227) to work on /opt/airflow/dags/sodai/__init__.py
[2025-11-18T21:27:07.923+0000] {processor.py:830} INFO - Processing file /opt/airflow/dags/sodai/__init__.py for tasks to queue
[2025-11-18T21:27:07.925+0000] {logging_mixin.py:188} INFO - [2025-11-18T21:27:07.925+0000] {dagbag.py:540} INFO - Filling up the DagBag from /opt/airflow/dags/sodai/__init__.py
[2025-11-18T21:27:07.960+0000] {processor.py:842} WARNING - No viable dags retrieved from /opt/airflow/dags/sodai/__init__.py
[2025-11-18T21:27:07.970+0000] {processor.py:183} INFO - Processing /opt/airflow/dags/sodai/__init__.py took 0.055 seconds
[2025-11-18T21:27:38.083+0000] {processor.py:161} INFO - Started process (PID=2237) to work on /opt/airflow/dags/sodai/__init__.py
[2025-11-18T21:27:38.084+0000] {processor.py:830} INFO - Processing file /opt/airflow/dags/sodai/__init__.py for tasks to queue
[2025-11-18T21:27:38.085+0000] {logging_mixin.py:188} INFO - [2025-11-18T21:27:38.085+0000] {dagbag.py:540} INFO - Filling up the DagBag from /opt/airflow/dags/sodai/__init__.py
[2025-11-18T21:27:38.096+0000] {processor.py:842} WARNING - No viable dags retrieved from /opt/airflow/dags/sodai/__init__.py
[2025-11-18T21:27:38.105+0000] {processor.py:183} INFO - Processing /opt/airflow/dags/sodai/__init__.py took 0.027 seconds
[2025-11-18T21:28:08.240+0000] {processor.py:161} INFO - Started process (PID=2247) to work on /opt/airflow/dags/sodai/__init__.py
[2025-11-18T21:28:08.244+0000] {processor.py:830} INFO - Processing file /opt/airflow/dags/sodai/__init__.py for tasks to queue
[2025-11-18T21:28:08.245+0000] {logging_mixin.py:188} INFO - [2025-11-18T21:28:08.245+0000] {dagbag.py:540} INFO - Filling up the DagBag from /opt/airflow/dags/sodai/__init__.py
[2025-11-18T21:28:08.255+0000] {processor.py:842} WARNING - No viable dags retrieved from /opt/airflow/dags/sodai/__init__.py
[2025-11-18T21:28:08.264+0000] {processor.py:183} INFO - Processing /opt/airflow/dags/sodai/__init__.py took 0.029 seconds
[2025-11-18T21:28:38.609+0000] {processor.py:161} INFO - Started process (PID=2257) to work on /opt/airflow/dags/sodai/__init__.py
[2025-11-18T21:28:38.611+0000] {processor.py:830} INFO - Processing file /opt/airflow/dags/sodai/__init__.py for tasks to queue
[2025-11-18T21:28:38.616+0000] {logging_mixin.py:188} INFO - [2025-11-18T21:28:38.616+0000] {dagbag.py:540} INFO - Filling up the DagBag from /opt/airflow/dags/sodai/__init__.py
[2025-11-18T21:28:38.639+0000] {processor.py:842} WARNING - No viable dags retrieved from /opt/airflow/dags/sodai/__init__.py
[2025-11-18T21:28:38.649+0000] {processor.py:183} INFO - Processing /opt/airflow/dags/sodai/__init__.py took 0.043 seconds
[2025-11-18T21:29:08.683+0000] {processor.py:161} INFO - Started process (PID=2267) to work on /opt/airflow/dags/sodai/__init__.py
[2025-11-18T21:29:08.684+0000] {processor.py:830} INFO - Processing file /opt/airflow/dags/sodai/__init__.py for tasks to queue
[2025-11-18T21:29:08.685+0000] {logging_mixin.py:188} INFO - [2025-11-18T21:29:08.685+0000] {dagbag.py:540} INFO - Filling up the DagBag from /opt/airflow/dags/sodai/__init__.py
[2025-11-18T21:29:08.704+0000] {processor.py:842} WARNING - No viable dags retrieved from /opt/airflow/dags/sodai/__init__.py
[2025-11-18T21:29:08.716+0000] {processor.py:183} INFO - Processing /opt/airflow/dags/sodai/__init__.py took 0.037 seconds
[2025-11-18T21:29:38.834+0000] {processor.py:161} INFO - Started process (PID=2277) to work on /opt/airflow/dags/sodai/__init__.py
[2025-11-18T21:29:38.834+0000] {processor.py:830} INFO - Processing file /opt/airflow/dags/sodai/__init__.py for tasks to queue
[2025-11-18T21:29:38.836+0000] {logging_mixin.py:188} INFO - [2025-11-18T21:29:38.836+0000] {dagbag.py:540} INFO - Filling up the DagBag from /opt/airflow/dags/sodai/__init__.py
[2025-11-18T21:29:38.844+0000] {processor.py:842} WARNING - No viable dags retrieved from /opt/airflow/dags/sodai/__init__.py
[2025-11-18T21:29:38.853+0000] {processor.py:183} INFO - Processing /opt/airflow/dags/sodai/__init__.py took 0.024 seconds
[2025-11-18T21:30:09.059+0000] {processor.py:161} INFO - Started process (PID=2287) to work on /opt/airflow/dags/sodai/__init__.py
[2025-11-18T21:30:09.060+0000] {processor.py:830} INFO - Processing file /opt/airflow/dags/sodai/__init__.py for tasks to queue
[2025-11-18T21:30:09.062+0000] {logging_mixin.py:188} INFO - [2025-11-18T21:30:09.061+0000] {dagbag.py:540} INFO - Filling up the DagBag from /opt/airflow/dags/sodai/__init__.py
[2025-11-18T21:30:09.092+0000] {processor.py:842} WARNING - No viable dags retrieved from /opt/airflow/dags/sodai/__init__.py
[2025-11-18T21:30:09.104+0000] {processor.py:183} INFO - Processing /opt/airflow/dags/sodai/__init__.py took 0.050 seconds
[2025-11-18T21:30:39.406+0000] {processor.py:161} INFO - Started process (PID=2297) to work on /opt/airflow/dags/sodai/__init__.py
[2025-11-18T21:30:39.411+0000] {processor.py:830} INFO - Processing file /opt/airflow/dags/sodai/__init__.py for tasks to queue
[2025-11-18T21:30:39.416+0000] {logging_mixin.py:188} INFO - [2025-11-18T21:30:39.415+0000] {dagbag.py:540} INFO - Filling up the DagBag from /opt/airflow/dags/sodai/__init__.py
[2025-11-18T21:30:39.424+0000] {processor.py:842} WARNING - No viable dags retrieved from /opt/airflow/dags/sodai/__init__.py
[2025-11-18T21:30:39.432+0000] {processor.py:183} INFO - Processing /opt/airflow/dags/sodai/__init__.py took 0.030 seconds
[2025-11-18T21:31:09.591+0000] {processor.py:161} INFO - Started process (PID=2307) to work on /opt/airflow/dags/sodai/__init__.py
[2025-11-18T21:31:09.592+0000] {processor.py:830} INFO - Processing file /opt/airflow/dags/sodai/__init__.py for tasks to queue
[2025-11-18T21:31:09.593+0000] {logging_mixin.py:188} INFO - [2025-11-18T21:31:09.593+0000] {dagbag.py:540} INFO - Filling up the DagBag from /opt/airflow/dags/sodai/__init__.py
[2025-11-18T21:31:09.602+0000] {processor.py:842} WARNING - No viable dags retrieved from /opt/airflow/dags/sodai/__init__.py
[2025-11-18T21:31:09.612+0000] {processor.py:183} INFO - Processing /opt/airflow/dags/sodai/__init__.py took 0.026 seconds
[2025-11-18T21:31:39.842+0000] {processor.py:161} INFO - Started process (PID=2317) to work on /opt/airflow/dags/sodai/__init__.py
[2025-11-18T21:31:39.843+0000] {processor.py:830} INFO - Processing file /opt/airflow/dags/sodai/__init__.py for tasks to queue
[2025-11-18T21:31:39.845+0000] {logging_mixin.py:188} INFO - [2025-11-18T21:31:39.845+0000] {dagbag.py:540} INFO - Filling up the DagBag from /opt/airflow/dags/sodai/__init__.py
[2025-11-18T21:31:39.895+0000] {processor.py:842} WARNING - No viable dags retrieved from /opt/airflow/dags/sodai/__init__.py
[2025-11-18T21:31:39.909+0000] {processor.py:183} INFO - Processing /opt/airflow/dags/sodai/__init__.py took 0.071 seconds
[2025-11-18T21:32:10.062+0000] {processor.py:161} INFO - Started process (PID=2327) to work on /opt/airflow/dags/sodai/__init__.py
[2025-11-18T21:32:10.062+0000] {processor.py:830} INFO - Processing file /opt/airflow/dags/sodai/__init__.py for tasks to queue
[2025-11-18T21:32:10.064+0000] {logging_mixin.py:188} INFO - [2025-11-18T21:32:10.063+0000] {dagbag.py:540} INFO - Filling up the DagBag from /opt/airflow/dags/sodai/__init__.py
[2025-11-18T21:32:10.075+0000] {processor.py:842} WARNING - No viable dags retrieved from /opt/airflow/dags/sodai/__init__.py
[2025-11-18T21:32:10.087+0000] {processor.py:183} INFO - Processing /opt/airflow/dags/sodai/__init__.py took 0.030 seconds
[2025-11-18T21:32:40.229+0000] {processor.py:161} INFO - Started process (PID=2337) to work on /opt/airflow/dags/sodai/__init__.py
[2025-11-18T21:32:40.230+0000] {processor.py:830} INFO - Processing file /opt/airflow/dags/sodai/__init__.py for tasks to queue
[2025-11-18T21:32:40.232+0000] {logging_mixin.py:188} INFO - [2025-11-18T21:32:40.232+0000] {dagbag.py:540} INFO - Filling up the DagBag from /opt/airflow/dags/sodai/__init__.py
[2025-11-18T21:32:40.258+0000] {processor.py:842} WARNING - No viable dags retrieved from /opt/airflow/dags/sodai/__init__.py
[2025-11-18T21:32:40.268+0000] {processor.py:183} INFO - Processing /opt/airflow/dags/sodai/__init__.py took 0.043 seconds
[2025-11-18T21:33:10.392+0000] {processor.py:161} INFO - Started process (PID=2347) to work on /opt/airflow/dags/sodai/__init__.py
[2025-11-18T21:33:10.393+0000] {processor.py:830} INFO - Processing file /opt/airflow/dags/sodai/__init__.py for tasks to queue
[2025-11-18T21:33:10.394+0000] {logging_mixin.py:188} INFO - [2025-11-18T21:33:10.394+0000] {dagbag.py:540} INFO - Filling up the DagBag from /opt/airflow/dags/sodai/__init__.py
[2025-11-18T21:33:10.404+0000] {processor.py:842} WARNING - No viable dags retrieved from /opt/airflow/dags/sodai/__init__.py
[2025-11-18T21:33:10.414+0000] {processor.py:183} INFO - Processing /opt/airflow/dags/sodai/__init__.py took 0.028 seconds
[2025-11-18T21:33:40.683+0000] {processor.py:161} INFO - Started process (PID=2357) to work on /opt/airflow/dags/sodai/__init__.py
[2025-11-18T21:33:40.688+0000] {processor.py:830} INFO - Processing file /opt/airflow/dags/sodai/__init__.py for tasks to queue
[2025-11-18T21:33:40.696+0000] {logging_mixin.py:188} INFO - [2025-11-18T21:33:40.696+0000] {dagbag.py:540} INFO - Filling up the DagBag from /opt/airflow/dags/sodai/__init__.py
[2025-11-18T21:33:40.734+0000] {processor.py:842} WARNING - No viable dags retrieved from /opt/airflow/dags/sodai/__init__.py
[2025-11-18T21:33:40.745+0000] {processor.py:183} INFO - Processing /opt/airflow/dags/sodai/__init__.py took 0.066 seconds
[2025-11-18T21:34:10.871+0000] {processor.py:161} INFO - Started process (PID=2367) to work on /opt/airflow/dags/sodai/__init__.py
[2025-11-18T21:34:10.878+0000] {processor.py:830} INFO - Processing file /opt/airflow/dags/sodai/__init__.py for tasks to queue
[2025-11-18T21:34:10.884+0000] {logging_mixin.py:188} INFO - [2025-11-18T21:34:10.884+0000] {dagbag.py:540} INFO - Filling up the DagBag from /opt/airflow/dags/sodai/__init__.py
[2025-11-18T21:34:10.995+0000] {processor.py:842} WARNING - No viable dags retrieved from /opt/airflow/dags/sodai/__init__.py
[2025-11-18T21:34:11.010+0000] {processor.py:183} INFO - Processing /opt/airflow/dags/sodai/__init__.py took 0.144 seconds
[2025-11-18T21:34:41.228+0000] {processor.py:161} INFO - Started process (PID=2377) to work on /opt/airflow/dags/sodai/__init__.py
[2025-11-18T21:34:41.232+0000] {processor.py:830} INFO - Processing file /opt/airflow/dags/sodai/__init__.py for tasks to queue
[2025-11-18T21:34:41.234+0000] {logging_mixin.py:188} INFO - [2025-11-18T21:34:41.233+0000] {dagbag.py:540} INFO - Filling up the DagBag from /opt/airflow/dags/sodai/__init__.py
[2025-11-18T21:34:41.242+0000] {processor.py:842} WARNING - No viable dags retrieved from /opt/airflow/dags/sodai/__init__.py
[2025-11-18T21:34:41.254+0000] {processor.py:183} INFO - Processing /opt/airflow/dags/sodai/__init__.py took 0.031 seconds
[2025-11-18T21:35:11.492+0000] {processor.py:161} INFO - Started process (PID=2387) to work on /opt/airflow/dags/sodai/__init__.py
[2025-11-18T21:35:11.493+0000] {processor.py:830} INFO - Processing file /opt/airflow/dags/sodai/__init__.py for tasks to queue
[2025-11-18T21:35:11.495+0000] {logging_mixin.py:188} INFO - [2025-11-18T21:35:11.495+0000] {dagbag.py:540} INFO - Filling up the DagBag from /opt/airflow/dags/sodai/__init__.py
[2025-11-18T21:35:11.503+0000] {processor.py:842} WARNING - No viable dags retrieved from /opt/airflow/dags/sodai/__init__.py
[2025-11-18T21:35:11.513+0000] {processor.py:183} INFO - Processing /opt/airflow/dags/sodai/__init__.py took 0.025 seconds
[2025-11-18T21:35:41.829+0000] {processor.py:161} INFO - Started process (PID=2397) to work on /opt/airflow/dags/sodai/__init__.py
[2025-11-18T21:35:41.831+0000] {processor.py:830} INFO - Processing file /opt/airflow/dags/sodai/__init__.py for tasks to queue
[2025-11-18T21:35:41.833+0000] {logging_mixin.py:188} INFO - [2025-11-18T21:35:41.833+0000] {dagbag.py:540} INFO - Filling up the DagBag from /opt/airflow/dags/sodai/__init__.py
[2025-11-18T21:35:41.841+0000] {processor.py:842} WARNING - No viable dags retrieved from /opt/airflow/dags/sodai/__init__.py
[2025-11-18T21:35:41.850+0000] {processor.py:183} INFO - Processing /opt/airflow/dags/sodai/__init__.py took 0.026 seconds
[2025-11-18T21:36:12.071+0000] {processor.py:161} INFO - Started process (PID=2407) to work on /opt/airflow/dags/sodai/__init__.py
[2025-11-18T21:36:12.073+0000] {processor.py:830} INFO - Processing file /opt/airflow/dags/sodai/__init__.py for tasks to queue
[2025-11-18T21:36:12.075+0000] {logging_mixin.py:188} INFO - [2025-11-18T21:36:12.075+0000] {dagbag.py:540} INFO - Filling up the DagBag from /opt/airflow/dags/sodai/__init__.py
[2025-11-18T21:36:12.128+0000] {processor.py:842} WARNING - No viable dags retrieved from /opt/airflow/dags/sodai/__init__.py
[2025-11-18T21:36:12.141+0000] {processor.py:183} INFO - Processing /opt/airflow/dags/sodai/__init__.py took 0.076 seconds
[2025-11-18T21:36:42.242+0000] {processor.py:161} INFO - Started process (PID=2417) to work on /opt/airflow/dags/sodai/__init__.py
[2025-11-18T21:36:42.243+0000] {processor.py:830} INFO - Processing file /opt/airflow/dags/sodai/__init__.py for tasks to queue
[2025-11-18T21:36:42.245+0000] {logging_mixin.py:188} INFO - [2025-11-18T21:36:42.245+0000] {dagbag.py:540} INFO - Filling up the DagBag from /opt/airflow/dags/sodai/__init__.py
[2025-11-18T21:36:42.253+0000] {processor.py:842} WARNING - No viable dags retrieved from /opt/airflow/dags/sodai/__init__.py
[2025-11-18T21:36:42.264+0000] {processor.py:183} INFO - Processing /opt/airflow/dags/sodai/__init__.py took 0.026 seconds
[2025-11-18T21:37:13.141+0000] {processor.py:161} INFO - Started process (PID=2427) to work on /opt/airflow/dags/sodai/__init__.py
[2025-11-18T21:37:13.142+0000] {processor.py:830} INFO - Processing file /opt/airflow/dags/sodai/__init__.py for tasks to queue
[2025-11-18T21:37:13.143+0000] {logging_mixin.py:188} INFO - [2025-11-18T21:37:13.143+0000] {dagbag.py:540} INFO - Filling up the DagBag from /opt/airflow/dags/sodai/__init__.py
[2025-11-18T21:37:13.233+0000] {processor.py:842} WARNING - No viable dags retrieved from /opt/airflow/dags/sodai/__init__.py
[2025-11-18T21:37:13.250+0000] {processor.py:183} INFO - Processing /opt/airflow/dags/sodai/__init__.py took 0.114 seconds
[2025-11-18T21:37:43.623+0000] {processor.py:161} INFO - Started process (PID=2437) to work on /opt/airflow/dags/sodai/__init__.py
[2025-11-18T21:37:43.624+0000] {processor.py:830} INFO - Processing file /opt/airflow/dags/sodai/__init__.py for tasks to queue
[2025-11-18T21:37:43.626+0000] {logging_mixin.py:188} INFO - [2025-11-18T21:37:43.626+0000] {dagbag.py:540} INFO - Filling up the DagBag from /opt/airflow/dags/sodai/__init__.py
[2025-11-18T21:37:43.646+0000] {processor.py:842} WARNING - No viable dags retrieved from /opt/airflow/dags/sodai/__init__.py
[2025-11-18T21:37:43.657+0000] {processor.py:183} INFO - Processing /opt/airflow/dags/sodai/__init__.py took 0.039 seconds
[2025-11-18T21:38:14.109+0000] {processor.py:161} INFO - Started process (PID=2447) to work on /opt/airflow/dags/sodai/__init__.py
[2025-11-18T21:38:14.111+0000] {processor.py:830} INFO - Processing file /opt/airflow/dags/sodai/__init__.py for tasks to queue
[2025-11-18T21:38:14.113+0000] {logging_mixin.py:188} INFO - [2025-11-18T21:38:14.112+0000] {dagbag.py:540} INFO - Filling up the DagBag from /opt/airflow/dags/sodai/__init__.py
[2025-11-18T21:38:14.121+0000] {processor.py:842} WARNING - No viable dags retrieved from /opt/airflow/dags/sodai/__init__.py
[2025-11-18T21:38:14.130+0000] {processor.py:183} INFO - Processing /opt/airflow/dags/sodai/__init__.py took 0.026 seconds
[2025-11-18T21:38:44.199+0000] {processor.py:161} INFO - Started process (PID=2457) to work on /opt/airflow/dags/sodai/__init__.py
[2025-11-18T21:38:44.200+0000] {processor.py:830} INFO - Processing file /opt/airflow/dags/sodai/__init__.py for tasks to queue
[2025-11-18T21:38:44.201+0000] {logging_mixin.py:188} INFO - [2025-11-18T21:38:44.201+0000] {dagbag.py:540} INFO - Filling up the DagBag from /opt/airflow/dags/sodai/__init__.py
[2025-11-18T21:38:44.209+0000] {processor.py:842} WARNING - No viable dags retrieved from /opt/airflow/dags/sodai/__init__.py
[2025-11-18T21:38:44.219+0000] {processor.py:183} INFO - Processing /opt/airflow/dags/sodai/__init__.py took 0.024 seconds
[2025-11-18T21:39:14.401+0000] {processor.py:161} INFO - Started process (PID=2467) to work on /opt/airflow/dags/sodai/__init__.py
[2025-11-18T21:39:14.404+0000] {processor.py:830} INFO - Processing file /opt/airflow/dags/sodai/__init__.py for tasks to queue
[2025-11-18T21:39:14.406+0000] {logging_mixin.py:188} INFO - [2025-11-18T21:39:14.406+0000] {dagbag.py:540} INFO - Filling up the DagBag from /opt/airflow/dags/sodai/__init__.py
[2025-11-18T21:39:14.485+0000] {processor.py:842} WARNING - No viable dags retrieved from /opt/airflow/dags/sodai/__init__.py
[2025-11-18T21:39:14.496+0000] {processor.py:183} INFO - Processing /opt/airflow/dags/sodai/__init__.py took 0.099 seconds
[2025-11-18T21:39:44.571+0000] {processor.py:161} INFO - Started process (PID=2477) to work on /opt/airflow/dags/sodai/__init__.py
[2025-11-18T21:39:44.572+0000] {processor.py:830} INFO - Processing file /opt/airflow/dags/sodai/__init__.py for tasks to queue
[2025-11-18T21:39:44.575+0000] {logging_mixin.py:188} INFO - [2025-11-18T21:39:44.575+0000] {dagbag.py:540} INFO - Filling up the DagBag from /opt/airflow/dags/sodai/__init__.py
[2025-11-18T21:39:44.583+0000] {processor.py:842} WARNING - No viable dags retrieved from /opt/airflow/dags/sodai/__init__.py
[2025-11-18T21:39:44.593+0000] {processor.py:183} INFO - Processing /opt/airflow/dags/sodai/__init__.py took 0.026 seconds
[2025-11-18T21:40:14.786+0000] {processor.py:161} INFO - Started process (PID=2487) to work on /opt/airflow/dags/sodai/__init__.py
[2025-11-18T21:40:14.786+0000] {processor.py:830} INFO - Processing file /opt/airflow/dags/sodai/__init__.py for tasks to queue
[2025-11-18T21:40:14.788+0000] {logging_mixin.py:188} INFO - [2025-11-18T21:40:14.788+0000] {dagbag.py:540} INFO - Filling up the DagBag from /opt/airflow/dags/sodai/__init__.py
[2025-11-18T21:40:14.810+0000] {processor.py:842} WARNING - No viable dags retrieved from /opt/airflow/dags/sodai/__init__.py
[2025-11-18T21:40:14.821+0000] {processor.py:183} INFO - Processing /opt/airflow/dags/sodai/__init__.py took 0.041 seconds
[2025-11-18T21:40:45.081+0000] {processor.py:161} INFO - Started process (PID=2497) to work on /opt/airflow/dags/sodai/__init__.py
[2025-11-18T21:40:45.082+0000] {processor.py:830} INFO - Processing file /opt/airflow/dags/sodai/__init__.py for tasks to queue
[2025-11-18T21:40:45.084+0000] {logging_mixin.py:188} INFO - [2025-11-18T21:40:45.084+0000] {dagbag.py:540} INFO - Filling up the DagBag from /opt/airflow/dags/sodai/__init__.py
[2025-11-18T21:40:45.099+0000] {processor.py:842} WARNING - No viable dags retrieved from /opt/airflow/dags/sodai/__init__.py
[2025-11-18T21:40:45.109+0000] {processor.py:183} INFO - Processing /opt/airflow/dags/sodai/__init__.py took 0.032 seconds
[2025-11-18T21:41:15.183+0000] {processor.py:161} INFO - Started process (PID=2507) to work on /opt/airflow/dags/sodai/__init__.py
[2025-11-18T21:41:15.184+0000] {processor.py:830} INFO - Processing file /opt/airflow/dags/sodai/__init__.py for tasks to queue
[2025-11-18T21:41:15.186+0000] {logging_mixin.py:188} INFO - [2025-11-18T21:41:15.185+0000] {dagbag.py:540} INFO - Filling up the DagBag from /opt/airflow/dags/sodai/__init__.py
[2025-11-18T21:41:15.195+0000] {processor.py:842} WARNING - No viable dags retrieved from /opt/airflow/dags/sodai/__init__.py
[2025-11-18T21:41:15.206+0000] {processor.py:183} INFO - Processing /opt/airflow/dags/sodai/__init__.py took 0.028 seconds
[2025-11-18T21:41:45.312+0000] {processor.py:161} INFO - Started process (PID=2517) to work on /opt/airflow/dags/sodai/__init__.py
[2025-11-18T21:41:45.313+0000] {processor.py:830} INFO - Processing file /opt/airflow/dags/sodai/__init__.py for tasks to queue
[2025-11-18T21:41:45.314+0000] {logging_mixin.py:188} INFO - [2025-11-18T21:41:45.314+0000] {dagbag.py:540} INFO - Filling up the DagBag from /opt/airflow/dags/sodai/__init__.py
[2025-11-18T21:41:45.334+0000] {processor.py:842} WARNING - No viable dags retrieved from /opt/airflow/dags/sodai/__init__.py
[2025-11-18T21:41:45.346+0000] {processor.py:183} INFO - Processing /opt/airflow/dags/sodai/__init__.py took 0.039 seconds
[2025-11-18T21:42:15.525+0000] {processor.py:161} INFO - Started process (PID=2527) to work on /opt/airflow/dags/sodai/__init__.py
[2025-11-18T21:42:15.526+0000] {processor.py:830} INFO - Processing file /opt/airflow/dags/sodai/__init__.py for tasks to queue
[2025-11-18T21:42:15.527+0000] {logging_mixin.py:188} INFO - [2025-11-18T21:42:15.527+0000] {dagbag.py:540} INFO - Filling up the DagBag from /opt/airflow/dags/sodai/__init__.py
[2025-11-18T21:42:15.540+0000] {processor.py:842} WARNING - No viable dags retrieved from /opt/airflow/dags/sodai/__init__.py
[2025-11-18T21:42:15.551+0000] {processor.py:183} INFO - Processing /opt/airflow/dags/sodai/__init__.py took 0.031 seconds
[2025-11-18T21:42:45.618+0000] {processor.py:161} INFO - Started process (PID=2537) to work on /opt/airflow/dags/sodai/__init__.py
[2025-11-18T21:42:45.618+0000] {processor.py:830} INFO - Processing file /opt/airflow/dags/sodai/__init__.py for tasks to queue
[2025-11-18T21:42:45.620+0000] {logging_mixin.py:188} INFO - [2025-11-18T21:42:45.620+0000] {dagbag.py:540} INFO - Filling up the DagBag from /opt/airflow/dags/sodai/__init__.py
[2025-11-18T21:42:45.629+0000] {processor.py:842} WARNING - No viable dags retrieved from /opt/airflow/dags/sodai/__init__.py
[2025-11-18T21:42:45.639+0000] {processor.py:183} INFO - Processing /opt/airflow/dags/sodai/__init__.py took 0.027 seconds
[2025-11-18T21:43:15.812+0000] {processor.py:161} INFO - Started process (PID=2547) to work on /opt/airflow/dags/sodai/__init__.py
[2025-11-18T21:43:15.813+0000] {processor.py:830} INFO - Processing file /opt/airflow/dags/sodai/__init__.py for tasks to queue
[2025-11-18T21:43:15.814+0000] {logging_mixin.py:188} INFO - [2025-11-18T21:43:15.814+0000] {dagbag.py:540} INFO - Filling up the DagBag from /opt/airflow/dags/sodai/__init__.py
[2025-11-18T21:43:15.827+0000] {processor.py:842} WARNING - No viable dags retrieved from /opt/airflow/dags/sodai/__init__.py
[2025-11-18T21:43:15.837+0000] {processor.py:183} INFO - Processing /opt/airflow/dags/sodai/__init__.py took 0.030 seconds
[2025-11-18T21:43:46.024+0000] {processor.py:161} INFO - Started process (PID=2557) to work on /opt/airflow/dags/sodai/__init__.py
[2025-11-18T21:43:46.025+0000] {processor.py:830} INFO - Processing file /opt/airflow/dags/sodai/__init__.py for tasks to queue
[2025-11-18T21:43:46.026+0000] {logging_mixin.py:188} INFO - [2025-11-18T21:43:46.026+0000] {dagbag.py:540} INFO - Filling up the DagBag from /opt/airflow/dags/sodai/__init__.py
[2025-11-18T21:43:46.034+0000] {processor.py:842} WARNING - No viable dags retrieved from /opt/airflow/dags/sodai/__init__.py
[2025-11-18T21:43:46.044+0000] {processor.py:183} INFO - Processing /opt/airflow/dags/sodai/__init__.py took 0.025 seconds
[2025-11-18T21:44:16.153+0000] {processor.py:161} INFO - Started process (PID=2567) to work on /opt/airflow/dags/sodai/__init__.py
[2025-11-18T21:44:16.154+0000] {processor.py:830} INFO - Processing file /opt/airflow/dags/sodai/__init__.py for tasks to queue
[2025-11-18T21:44:16.156+0000] {logging_mixin.py:188} INFO - [2025-11-18T21:44:16.156+0000] {dagbag.py:540} INFO - Filling up the DagBag from /opt/airflow/dags/sodai/__init__.py
[2025-11-18T21:44:16.165+0000] {processor.py:842} WARNING - No viable dags retrieved from /opt/airflow/dags/sodai/__init__.py
[2025-11-18T21:44:16.175+0000] {processor.py:183} INFO - Processing /opt/airflow/dags/sodai/__init__.py took 0.027 seconds
[2025-11-18T21:44:46.231+0000] {processor.py:161} INFO - Started process (PID=2577) to work on /opt/airflow/dags/sodai/__init__.py
[2025-11-18T21:44:46.232+0000] {processor.py:830} INFO - Processing file /opt/airflow/dags/sodai/__init__.py for tasks to queue
[2025-11-18T21:44:46.233+0000] {logging_mixin.py:188} INFO - [2025-11-18T21:44:46.233+0000] {dagbag.py:540} INFO - Filling up the DagBag from /opt/airflow/dags/sodai/__init__.py
[2025-11-18T21:44:46.241+0000] {processor.py:842} WARNING - No viable dags retrieved from /opt/airflow/dags/sodai/__init__.py
[2025-11-18T21:44:46.251+0000] {processor.py:183} INFO - Processing /opt/airflow/dags/sodai/__init__.py took 0.025 seconds
[2025-11-18T21:45:16.422+0000] {processor.py:161} INFO - Started process (PID=2587) to work on /opt/airflow/dags/sodai/__init__.py
[2025-11-18T21:45:16.423+0000] {processor.py:830} INFO - Processing file /opt/airflow/dags/sodai/__init__.py for tasks to queue
[2025-11-18T21:45:16.424+0000] {logging_mixin.py:188} INFO - [2025-11-18T21:45:16.424+0000] {dagbag.py:540} INFO - Filling up the DagBag from /opt/airflow/dags/sodai/__init__.py
[2025-11-18T21:45:16.433+0000] {processor.py:842} WARNING - No viable dags retrieved from /opt/airflow/dags/sodai/__init__.py
[2025-11-18T21:45:16.443+0000] {processor.py:183} INFO - Processing /opt/airflow/dags/sodai/__init__.py took 0.026 seconds
[2025-11-18T21:45:46.758+0000] {processor.py:161} INFO - Started process (PID=2597) to work on /opt/airflow/dags/sodai/__init__.py
[2025-11-18T21:45:46.759+0000] {processor.py:830} INFO - Processing file /opt/airflow/dags/sodai/__init__.py for tasks to queue
[2025-11-18T21:45:46.760+0000] {logging_mixin.py:188} INFO - [2025-11-18T21:45:46.760+0000] {dagbag.py:540} INFO - Filling up the DagBag from /opt/airflow/dags/sodai/__init__.py
[2025-11-18T21:45:46.781+0000] {processor.py:842} WARNING - No viable dags retrieved from /opt/airflow/dags/sodai/__init__.py
[2025-11-18T21:45:46.791+0000] {processor.py:183} INFO - Processing /opt/airflow/dags/sodai/__init__.py took 0.037 seconds
[2025-11-18T21:46:16.999+0000] {processor.py:161} INFO - Started process (PID=2607) to work on /opt/airflow/dags/sodai/__init__.py
[2025-11-18T21:46:17.000+0000] {processor.py:830} INFO - Processing file /opt/airflow/dags/sodai/__init__.py for tasks to queue
[2025-11-18T21:46:17.001+0000] {logging_mixin.py:188} INFO - [2025-11-18T21:46:17.001+0000] {dagbag.py:540} INFO - Filling up the DagBag from /opt/airflow/dags/sodai/__init__.py
[2025-11-18T21:46:17.010+0000] {processor.py:842} WARNING - No viable dags retrieved from /opt/airflow/dags/sodai/__init__.py
[2025-11-18T21:46:17.020+0000] {processor.py:183} INFO - Processing /opt/airflow/dags/sodai/__init__.py took 0.025 seconds
[2025-11-18T21:46:47.187+0000] {processor.py:161} INFO - Started process (PID=2617) to work on /opt/airflow/dags/sodai/__init__.py
[2025-11-18T21:46:47.187+0000] {processor.py:830} INFO - Processing file /opt/airflow/dags/sodai/__init__.py for tasks to queue
[2025-11-18T21:46:47.189+0000] {logging_mixin.py:188} INFO - [2025-11-18T21:46:47.188+0000] {dagbag.py:540} INFO - Filling up the DagBag from /opt/airflow/dags/sodai/__init__.py
[2025-11-18T21:46:47.197+0000] {processor.py:842} WARNING - No viable dags retrieved from /opt/airflow/dags/sodai/__init__.py
[2025-11-18T21:46:47.208+0000] {processor.py:183} INFO - Processing /opt/airflow/dags/sodai/__init__.py took 0.026 seconds
[2025-11-18T21:47:17.309+0000] {processor.py:161} INFO - Started process (PID=2627) to work on /opt/airflow/dags/sodai/__init__.py
[2025-11-18T21:47:17.310+0000] {processor.py:830} INFO - Processing file /opt/airflow/dags/sodai/__init__.py for tasks to queue
[2025-11-18T21:47:17.312+0000] {logging_mixin.py:188} INFO - [2025-11-18T21:47:17.311+0000] {dagbag.py:540} INFO - Filling up the DagBag from /opt/airflow/dags/sodai/__init__.py
[2025-11-18T21:47:17.321+0000] {processor.py:842} WARNING - No viable dags retrieved from /opt/airflow/dags/sodai/__init__.py
[2025-11-18T21:47:17.332+0000] {processor.py:183} INFO - Processing /opt/airflow/dags/sodai/__init__.py took 0.028 seconds
[2025-11-18T21:47:47.369+0000] {processor.py:161} INFO - Started process (PID=2635) to work on /opt/airflow/dags/sodai/__init__.py
[2025-11-18T21:47:47.370+0000] {processor.py:830} INFO - Processing file /opt/airflow/dags/sodai/__init__.py for tasks to queue
[2025-11-18T21:47:47.372+0000] {logging_mixin.py:188} INFO - [2025-11-18T21:47:47.372+0000] {dagbag.py:540} INFO - Filling up the DagBag from /opt/airflow/dags/sodai/__init__.py
[2025-11-18T21:47:47.395+0000] {processor.py:842} WARNING - No viable dags retrieved from /opt/airflow/dags/sodai/__init__.py
[2025-11-18T21:47:47.408+0000] {processor.py:183} INFO - Processing /opt/airflow/dags/sodai/__init__.py took 0.045 seconds
[2025-11-18T21:48:17.461+0000] {processor.py:161} INFO - Started process (PID=2642) to work on /opt/airflow/dags/sodai/__init__.py
[2025-11-18T21:48:17.461+0000] {processor.py:830} INFO - Processing file /opt/airflow/dags/sodai/__init__.py for tasks to queue
[2025-11-18T21:48:17.463+0000] {logging_mixin.py:188} INFO - [2025-11-18T21:48:17.463+0000] {dagbag.py:540} INFO - Filling up the DagBag from /opt/airflow/dags/sodai/__init__.py
[2025-11-18T21:48:17.474+0000] {processor.py:842} WARNING - No viable dags retrieved from /opt/airflow/dags/sodai/__init__.py
[2025-11-18T21:48:17.484+0000] {processor.py:183} INFO - Processing /opt/airflow/dags/sodai/__init__.py took 0.028 seconds
[2025-11-18T21:48:47.737+0000] {processor.py:161} INFO - Started process (PID=2655) to work on /opt/airflow/dags/sodai/__init__.py
[2025-11-18T21:48:47.738+0000] {processor.py:830} INFO - Processing file /opt/airflow/dags/sodai/__init__.py for tasks to queue
[2025-11-18T21:48:47.741+0000] {logging_mixin.py:188} INFO - [2025-11-18T21:48:47.740+0000] {dagbag.py:540} INFO - Filling up the DagBag from /opt/airflow/dags/sodai/__init__.py
[2025-11-18T21:48:47.753+0000] {processor.py:842} WARNING - No viable dags retrieved from /opt/airflow/dags/sodai/__init__.py
[2025-11-18T21:48:47.764+0000] {processor.py:183} INFO - Processing /opt/airflow/dags/sodai/__init__.py took 0.032 seconds
[2025-11-18T21:49:18.005+0000] {processor.py:161} INFO - Started process (PID=2665) to work on /opt/airflow/dags/sodai/__init__.py
[2025-11-18T21:49:18.006+0000] {processor.py:830} INFO - Processing file /opt/airflow/dags/sodai/__init__.py for tasks to queue
[2025-11-18T21:49:18.008+0000] {logging_mixin.py:188} INFO - [2025-11-18T21:49:18.008+0000] {dagbag.py:540} INFO - Filling up the DagBag from /opt/airflow/dags/sodai/__init__.py
[2025-11-18T21:49:18.018+0000] {processor.py:842} WARNING - No viable dags retrieved from /opt/airflow/dags/sodai/__init__.py
[2025-11-18T21:49:18.028+0000] {processor.py:183} INFO - Processing /opt/airflow/dags/sodai/__init__.py took 0.027 seconds
[2025-11-18T21:49:48.170+0000] {processor.py:161} INFO - Started process (PID=2675) to work on /opt/airflow/dags/sodai/__init__.py
[2025-11-18T21:49:48.171+0000] {processor.py:830} INFO - Processing file /opt/airflow/dags/sodai/__init__.py for tasks to queue
[2025-11-18T21:49:48.172+0000] {logging_mixin.py:188} INFO - [2025-11-18T21:49:48.172+0000] {dagbag.py:540} INFO - Filling up the DagBag from /opt/airflow/dags/sodai/__init__.py
[2025-11-18T21:49:48.182+0000] {processor.py:842} WARNING - No viable dags retrieved from /opt/airflow/dags/sodai/__init__.py
[2025-11-18T21:49:48.193+0000] {processor.py:183} INFO - Processing /opt/airflow/dags/sodai/__init__.py took 0.027 seconds
[2025-11-18T21:50:18.280+0000] {processor.py:161} INFO - Started process (PID=2685) to work on /opt/airflow/dags/sodai/__init__.py
[2025-11-18T21:50:18.281+0000] {processor.py:830} INFO - Processing file /opt/airflow/dags/sodai/__init__.py for tasks to queue
[2025-11-18T21:50:18.283+0000] {logging_mixin.py:188} INFO - [2025-11-18T21:50:18.282+0000] {dagbag.py:540} INFO - Filling up the DagBag from /opt/airflow/dags/sodai/__init__.py
[2025-11-18T21:50:18.292+0000] {processor.py:842} WARNING - No viable dags retrieved from /opt/airflow/dags/sodai/__init__.py
[2025-11-18T21:50:18.301+0000] {processor.py:183} INFO - Processing /opt/airflow/dags/sodai/__init__.py took 0.026 seconds
[2025-11-18T21:50:48.474+0000] {processor.py:161} INFO - Started process (PID=2695) to work on /opt/airflow/dags/sodai/__init__.py
[2025-11-18T21:50:48.475+0000] {processor.py:830} INFO - Processing file /opt/airflow/dags/sodai/__init__.py for tasks to queue
[2025-11-18T21:50:48.476+0000] {logging_mixin.py:188} INFO - [2025-11-18T21:50:48.476+0000] {dagbag.py:540} INFO - Filling up the DagBag from /opt/airflow/dags/sodai/__init__.py
[2025-11-18T21:50:48.487+0000] {processor.py:842} WARNING - No viable dags retrieved from /opt/airflow/dags/sodai/__init__.py
[2025-11-18T21:50:48.497+0000] {processor.py:183} INFO - Processing /opt/airflow/dags/sodai/__init__.py took 0.028 seconds
[2025-11-18T21:51:18.674+0000] {processor.py:161} INFO - Started process (PID=2705) to work on /opt/airflow/dags/sodai/__init__.py
[2025-11-18T21:51:18.675+0000] {processor.py:830} INFO - Processing file /opt/airflow/dags/sodai/__init__.py for tasks to queue
[2025-11-18T21:51:18.677+0000] {logging_mixin.py:188} INFO - [2025-11-18T21:51:18.677+0000] {dagbag.py:540} INFO - Filling up the DagBag from /opt/airflow/dags/sodai/__init__.py
[2025-11-18T21:51:18.687+0000] {processor.py:842} WARNING - No viable dags retrieved from /opt/airflow/dags/sodai/__init__.py
[2025-11-18T21:51:18.698+0000] {processor.py:183} INFO - Processing /opt/airflow/dags/sodai/__init__.py took 0.029 seconds
[2025-11-18T21:51:48.850+0000] {processor.py:161} INFO - Started process (PID=2715) to work on /opt/airflow/dags/sodai/__init__.py
[2025-11-18T21:51:48.851+0000] {processor.py:830} INFO - Processing file /opt/airflow/dags/sodai/__init__.py for tasks to queue
[2025-11-18T21:51:48.853+0000] {logging_mixin.py:188} INFO - [2025-11-18T21:51:48.853+0000] {dagbag.py:540} INFO - Filling up the DagBag from /opt/airflow/dags/sodai/__init__.py
[2025-11-18T21:51:48.865+0000] {processor.py:842} WARNING - No viable dags retrieved from /opt/airflow/dags/sodai/__init__.py
[2025-11-18T21:51:48.876+0000] {processor.py:183} INFO - Processing /opt/airflow/dags/sodai/__init__.py took 0.031 seconds
[2025-11-18T21:52:18.983+0000] {processor.py:161} INFO - Started process (PID=2725) to work on /opt/airflow/dags/sodai/__init__.py
[2025-11-18T21:52:18.984+0000] {processor.py:830} INFO - Processing file /opt/airflow/dags/sodai/__init__.py for tasks to queue
[2025-11-18T21:52:18.985+0000] {logging_mixin.py:188} INFO - [2025-11-18T21:52:18.985+0000] {dagbag.py:540} INFO - Filling up the DagBag from /opt/airflow/dags/sodai/__init__.py
[2025-11-18T21:52:18.995+0000] {processor.py:842} WARNING - No viable dags retrieved from /opt/airflow/dags/sodai/__init__.py
[2025-11-18T21:52:19.006+0000] {processor.py:183} INFO - Processing /opt/airflow/dags/sodai/__init__.py took 0.028 seconds
[2025-11-18T21:52:49.091+0000] {processor.py:161} INFO - Started process (PID=2735) to work on /opt/airflow/dags/sodai/__init__.py
[2025-11-18T21:52:49.091+0000] {processor.py:830} INFO - Processing file /opt/airflow/dags/sodai/__init__.py for tasks to queue
[2025-11-18T21:52:49.093+0000] {logging_mixin.py:188} INFO - [2025-11-18T21:52:49.093+0000] {dagbag.py:540} INFO - Filling up the DagBag from /opt/airflow/dags/sodai/__init__.py
[2025-11-18T21:52:49.104+0000] {processor.py:842} WARNING - No viable dags retrieved from /opt/airflow/dags/sodai/__init__.py
[2025-11-18T21:52:49.114+0000] {processor.py:183} INFO - Processing /opt/airflow/dags/sodai/__init__.py took 0.029 seconds
[2025-11-18T21:53:19.283+0000] {processor.py:161} INFO - Started process (PID=2745) to work on /opt/airflow/dags/sodai/__init__.py
[2025-11-18T21:53:19.284+0000] {processor.py:830} INFO - Processing file /opt/airflow/dags/sodai/__init__.py for tasks to queue
[2025-11-18T21:53:19.286+0000] {logging_mixin.py:188} INFO - [2025-11-18T21:53:19.285+0000] {dagbag.py:540} INFO - Filling up the DagBag from /opt/airflow/dags/sodai/__init__.py
[2025-11-18T21:53:19.297+0000] {processor.py:842} WARNING - No viable dags retrieved from /opt/airflow/dags/sodai/__init__.py
[2025-11-18T21:53:19.307+0000] {processor.py:183} INFO - Processing /opt/airflow/dags/sodai/__init__.py took 0.029 seconds
[2025-11-18T21:53:49.424+0000] {processor.py:161} INFO - Started process (PID=2755) to work on /opt/airflow/dags/sodai/__init__.py
[2025-11-18T21:53:49.425+0000] {processor.py:830} INFO - Processing file /opt/airflow/dags/sodai/__init__.py for tasks to queue
[2025-11-18T21:53:49.427+0000] {logging_mixin.py:188} INFO - [2025-11-18T21:53:49.426+0000] {dagbag.py:540} INFO - Filling up the DagBag from /opt/airflow/dags/sodai/__init__.py
[2025-11-18T21:53:49.440+0000] {processor.py:842} WARNING - No viable dags retrieved from /opt/airflow/dags/sodai/__init__.py
[2025-11-18T21:53:49.451+0000] {processor.py:183} INFO - Processing /opt/airflow/dags/sodai/__init__.py took 0.032 seconds
[2025-11-18T21:54:19.596+0000] {processor.py:161} INFO - Started process (PID=2765) to work on /opt/airflow/dags/sodai/__init__.py
[2025-11-18T21:54:19.596+0000] {processor.py:830} INFO - Processing file /opt/airflow/dags/sodai/__init__.py for tasks to queue
[2025-11-18T21:54:19.598+0000] {logging_mixin.py:188} INFO - [2025-11-18T21:54:19.597+0000] {dagbag.py:540} INFO - Filling up the DagBag from /opt/airflow/dags/sodai/__init__.py
[2025-11-18T21:54:19.606+0000] {processor.py:842} WARNING - No viable dags retrieved from /opt/airflow/dags/sodai/__init__.py
[2025-11-18T21:54:19.616+0000] {processor.py:183} INFO - Processing /opt/airflow/dags/sodai/__init__.py took 0.025 seconds
[2025-11-18T21:54:49.720+0000] {processor.py:161} INFO - Started process (PID=2775) to work on /opt/airflow/dags/sodai/__init__.py
[2025-11-18T21:54:49.721+0000] {processor.py:830} INFO - Processing file /opt/airflow/dags/sodai/__init__.py for tasks to queue
[2025-11-18T21:54:49.723+0000] {logging_mixin.py:188} INFO - [2025-11-18T21:54:49.723+0000] {dagbag.py:540} INFO - Filling up the DagBag from /opt/airflow/dags/sodai/__init__.py
[2025-11-18T21:54:49.734+0000] {processor.py:842} WARNING - No viable dags retrieved from /opt/airflow/dags/sodai/__init__.py
[2025-11-18T21:54:49.744+0000] {processor.py:183} INFO - Processing /opt/airflow/dags/sodai/__init__.py took 0.028 seconds
[2025-11-18T21:55:19.858+0000] {processor.py:161} INFO - Started process (PID=2785) to work on /opt/airflow/dags/sodai/__init__.py
[2025-11-18T21:55:19.859+0000] {processor.py:830} INFO - Processing file /opt/airflow/dags/sodai/__init__.py for tasks to queue
[2025-11-18T21:55:19.860+0000] {logging_mixin.py:188} INFO - [2025-11-18T21:55:19.860+0000] {dagbag.py:540} INFO - Filling up the DagBag from /opt/airflow/dags/sodai/__init__.py
[2025-11-18T21:55:19.872+0000] {processor.py:842} WARNING - No viable dags retrieved from /opt/airflow/dags/sodai/__init__.py
[2025-11-18T21:55:19.883+0000] {processor.py:183} INFO - Processing /opt/airflow/dags/sodai/__init__.py took 0.031 seconds
[2025-11-18T21:55:50.274+0000] {processor.py:161} INFO - Started process (PID=2795) to work on /opt/airflow/dags/sodai/__init__.py
[2025-11-18T21:55:50.280+0000] {processor.py:830} INFO - Processing file /opt/airflow/dags/sodai/__init__.py for tasks to queue
[2025-11-18T21:55:50.286+0000] {logging_mixin.py:188} INFO - [2025-11-18T21:55:50.286+0000] {dagbag.py:540} INFO - Filling up the DagBag from /opt/airflow/dags/sodai/__init__.py
[2025-11-18T21:55:50.313+0000] {processor.py:842} WARNING - No viable dags retrieved from /opt/airflow/dags/sodai/__init__.py
[2025-11-18T21:55:50.326+0000] {processor.py:183} INFO - Processing /opt/airflow/dags/sodai/__init__.py took 0.057 seconds
[2025-11-18T21:56:20.490+0000] {processor.py:161} INFO - Started process (PID=2805) to work on /opt/airflow/dags/sodai/__init__.py
[2025-11-18T21:56:20.492+0000] {processor.py:830} INFO - Processing file /opt/airflow/dags/sodai/__init__.py for tasks to queue
[2025-11-18T21:56:20.494+0000] {logging_mixin.py:188} INFO - [2025-11-18T21:56:20.493+0000] {dagbag.py:540} INFO - Filling up the DagBag from /opt/airflow/dags/sodai/__init__.py
[2025-11-18T21:56:20.521+0000] {processor.py:842} WARNING - No viable dags retrieved from /opt/airflow/dags/sodai/__init__.py
[2025-11-18T21:56:20.534+0000] {processor.py:183} INFO - Processing /opt/airflow/dags/sodai/__init__.py took 0.050 seconds
[2025-11-18T21:56:50.656+0000] {processor.py:161} INFO - Started process (PID=2815) to work on /opt/airflow/dags/sodai/__init__.py
[2025-11-18T21:56:50.657+0000] {processor.py:830} INFO - Processing file /opt/airflow/dags/sodai/__init__.py for tasks to queue
[2025-11-18T21:56:50.659+0000] {logging_mixin.py:188} INFO - [2025-11-18T21:56:50.658+0000] {dagbag.py:540} INFO - Filling up the DagBag from /opt/airflow/dags/sodai/__init__.py
[2025-11-18T21:56:50.668+0000] {processor.py:842} WARNING - No viable dags retrieved from /opt/airflow/dags/sodai/__init__.py
[2025-11-18T21:56:50.681+0000] {processor.py:183} INFO - Processing /opt/airflow/dags/sodai/__init__.py took 0.029 seconds
[2025-11-18T21:57:20.953+0000] {processor.py:161} INFO - Started process (PID=2825) to work on /opt/airflow/dags/sodai/__init__.py
[2025-11-18T21:57:20.954+0000] {processor.py:830} INFO - Processing file /opt/airflow/dags/sodai/__init__.py for tasks to queue
[2025-11-18T21:57:20.956+0000] {logging_mixin.py:188} INFO - [2025-11-18T21:57:20.955+0000] {dagbag.py:540} INFO - Filling up the DagBag from /opt/airflow/dags/sodai/__init__.py
[2025-11-18T21:57:20.967+0000] {processor.py:842} WARNING - No viable dags retrieved from /opt/airflow/dags/sodai/__init__.py
[2025-11-18T21:57:20.978+0000] {processor.py:183} INFO - Processing /opt/airflow/dags/sodai/__init__.py took 0.029 seconds
[2025-11-18T21:57:51.114+0000] {processor.py:161} INFO - Started process (PID=2835) to work on /opt/airflow/dags/sodai/__init__.py
[2025-11-18T21:57:51.114+0000] {processor.py:830} INFO - Processing file /opt/airflow/dags/sodai/__init__.py for tasks to queue
[2025-11-18T21:57:51.116+0000] {logging_mixin.py:188} INFO - [2025-11-18T21:57:51.116+0000] {dagbag.py:540} INFO - Filling up the DagBag from /opt/airflow/dags/sodai/__init__.py
[2025-11-18T21:57:51.126+0000] {processor.py:842} WARNING - No viable dags retrieved from /opt/airflow/dags/sodai/__init__.py
[2025-11-18T21:57:51.135+0000] {processor.py:183} INFO - Processing /opt/airflow/dags/sodai/__init__.py took 0.027 seconds
[2025-11-18T21:58:21.228+0000] {processor.py:161} INFO - Started process (PID=2845) to work on /opt/airflow/dags/sodai/__init__.py
[2025-11-18T21:58:21.229+0000] {processor.py:830} INFO - Processing file /opt/airflow/dags/sodai/__init__.py for tasks to queue
[2025-11-18T21:58:21.232+0000] {logging_mixin.py:188} INFO - [2025-11-18T21:58:21.231+0000] {dagbag.py:540} INFO - Filling up the DagBag from /opt/airflow/dags/sodai/__init__.py
[2025-11-18T21:58:21.296+0000] {processor.py:842} WARNING - No viable dags retrieved from /opt/airflow/dags/sodai/__init__.py
[2025-11-18T21:58:21.308+0000] {processor.py:183} INFO - Processing /opt/airflow/dags/sodai/__init__.py took 0.084 seconds
[2025-11-18T21:58:51.440+0000] {processor.py:161} INFO - Started process (PID=2855) to work on /opt/airflow/dags/sodai/__init__.py
[2025-11-18T21:58:51.441+0000] {processor.py:830} INFO - Processing file /opt/airflow/dags/sodai/__init__.py for tasks to queue
[2025-11-18T21:58:51.443+0000] {logging_mixin.py:188} INFO - [2025-11-18T21:58:51.443+0000] {dagbag.py:540} INFO - Filling up the DagBag from /opt/airflow/dags/sodai/__init__.py
[2025-11-18T21:58:51.452+0000] {processor.py:842} WARNING - No viable dags retrieved from /opt/airflow/dags/sodai/__init__.py
[2025-11-18T21:58:51.462+0000] {processor.py:183} INFO - Processing /opt/airflow/dags/sodai/__init__.py took 0.026 seconds
[2025-11-18T21:59:21.628+0000] {processor.py:161} INFO - Started process (PID=2862) to work on /opt/airflow/dags/sodai/__init__.py
[2025-11-18T21:59:21.629+0000] {processor.py:830} INFO - Processing file /opt/airflow/dags/sodai/__init__.py for tasks to queue
[2025-11-18T21:59:21.631+0000] {logging_mixin.py:188} INFO - [2025-11-18T21:59:21.630+0000] {dagbag.py:540} INFO - Filling up the DagBag from /opt/airflow/dags/sodai/__init__.py
[2025-11-18T21:59:21.645+0000] {processor.py:842} WARNING - No viable dags retrieved from /opt/airflow/dags/sodai/__init__.py
[2025-11-18T21:59:21.656+0000] {processor.py:183} INFO - Processing /opt/airflow/dags/sodai/__init__.py took 0.032 seconds
[2025-11-18T21:59:51.779+0000] {processor.py:161} INFO - Started process (PID=2875) to work on /opt/airflow/dags/sodai/__init__.py
[2025-11-18T21:59:51.781+0000] {processor.py:830} INFO - Processing file /opt/airflow/dags/sodai/__init__.py for tasks to queue
[2025-11-18T21:59:51.782+0000] {logging_mixin.py:188} INFO - [2025-11-18T21:59:51.782+0000] {dagbag.py:540} INFO - Filling up the DagBag from /opt/airflow/dags/sodai/__init__.py
[2025-11-18T21:59:51.792+0000] {processor.py:842} WARNING - No viable dags retrieved from /opt/airflow/dags/sodai/__init__.py
[2025-11-18T21:59:51.803+0000] {processor.py:183} INFO - Processing /opt/airflow/dags/sodai/__init__.py took 0.028 seconds
[2025-11-18T22:00:21.993+0000] {processor.py:161} INFO - Started process (PID=2885) to work on /opt/airflow/dags/sodai/__init__.py
[2025-11-18T22:00:21.994+0000] {processor.py:830} INFO - Processing file /opt/airflow/dags/sodai/__init__.py for tasks to queue
[2025-11-18T22:00:21.995+0000] {logging_mixin.py:188} INFO - [2025-11-18T22:00:21.995+0000] {dagbag.py:540} INFO - Filling up the DagBag from /opt/airflow/dags/sodai/__init__.py
[2025-11-18T22:00:22.006+0000] {processor.py:842} WARNING - No viable dags retrieved from /opt/airflow/dags/sodai/__init__.py
[2025-11-18T22:00:22.018+0000] {processor.py:183} INFO - Processing /opt/airflow/dags/sodai/__init__.py took 0.030 seconds
[2025-11-18T22:00:52.376+0000] {processor.py:161} INFO - Started process (PID=2895) to work on /opt/airflow/dags/sodai/__init__.py
[2025-11-18T22:00:52.376+0000] {processor.py:830} INFO - Processing file /opt/airflow/dags/sodai/__init__.py for tasks to queue
[2025-11-18T22:00:52.378+0000] {logging_mixin.py:188} INFO - [2025-11-18T22:00:52.378+0000] {dagbag.py:540} INFO - Filling up the DagBag from /opt/airflow/dags/sodai/__init__.py
[2025-11-18T22:00:52.392+0000] {processor.py:842} WARNING - No viable dags retrieved from /opt/airflow/dags/sodai/__init__.py
[2025-11-18T22:00:52.404+0000] {processor.py:183} INFO - Processing /opt/airflow/dags/sodai/__init__.py took 0.034 seconds
[2025-11-18T22:01:22.617+0000] {processor.py:161} INFO - Started process (PID=2905) to work on /opt/airflow/dags/sodai/__init__.py
[2025-11-18T22:01:22.619+0000] {processor.py:830} INFO - Processing file /opt/airflow/dags/sodai/__init__.py for tasks to queue
[2025-11-18T22:01:22.624+0000] {logging_mixin.py:188} INFO - [2025-11-18T22:01:22.624+0000] {dagbag.py:540} INFO - Filling up the DagBag from /opt/airflow/dags/sodai/__init__.py
[2025-11-18T22:01:22.648+0000] {processor.py:842} WARNING - No viable dags retrieved from /opt/airflow/dags/sodai/__init__.py
[2025-11-18T22:01:22.665+0000] {processor.py:183} INFO - Processing /opt/airflow/dags/sodai/__init__.py took 0.055 seconds
[2025-11-18T22:01:52.894+0000] {processor.py:161} INFO - Started process (PID=2915) to work on /opt/airflow/dags/sodai/__init__.py
[2025-11-18T22:01:52.896+0000] {processor.py:830} INFO - Processing file /opt/airflow/dags/sodai/__init__.py for tasks to queue
[2025-11-18T22:01:52.900+0000] {logging_mixin.py:188} INFO - [2025-11-18T22:01:52.899+0000] {dagbag.py:540} INFO - Filling up the DagBag from /opt/airflow/dags/sodai/__init__.py
[2025-11-18T22:01:52.938+0000] {processor.py:842} WARNING - No viable dags retrieved from /opt/airflow/dags/sodai/__init__.py
[2025-11-18T22:01:52.951+0000] {processor.py:183} INFO - Processing /opt/airflow/dags/sodai/__init__.py took 0.062 seconds
[2025-11-18T22:02:24.011+0000] {processor.py:161} INFO - Started process (PID=2925) to work on /opt/airflow/dags/sodai/__init__.py
[2025-11-18T22:02:24.012+0000] {processor.py:830} INFO - Processing file /opt/airflow/dags/sodai/__init__.py for tasks to queue
[2025-11-18T22:02:24.014+0000] {logging_mixin.py:188} INFO - [2025-11-18T22:02:24.014+0000] {dagbag.py:540} INFO - Filling up the DagBag from /opt/airflow/dags/sodai/__init__.py
[2025-11-18T22:02:24.028+0000] {processor.py:842} WARNING - No viable dags retrieved from /opt/airflow/dags/sodai/__init__.py
[2025-11-18T22:02:24.039+0000] {processor.py:183} INFO - Processing /opt/airflow/dags/sodai/__init__.py took 0.033 seconds
[2025-11-18T22:02:54.234+0000] {processor.py:161} INFO - Started process (PID=2935) to work on /opt/airflow/dags/sodai/__init__.py
[2025-11-18T22:02:54.234+0000] {processor.py:830} INFO - Processing file /opt/airflow/dags/sodai/__init__.py for tasks to queue
[2025-11-18T22:02:54.236+0000] {logging_mixin.py:188} INFO - [2025-11-18T22:02:54.236+0000] {dagbag.py:540} INFO - Filling up the DagBag from /opt/airflow/dags/sodai/__init__.py
[2025-11-18T22:02:54.247+0000] {processor.py:842} WARNING - No viable dags retrieved from /opt/airflow/dags/sodai/__init__.py
[2025-11-18T22:02:54.258+0000] {processor.py:183} INFO - Processing /opt/airflow/dags/sodai/__init__.py took 0.029 seconds
[2025-11-18T22:03:24.505+0000] {processor.py:161} INFO - Started process (PID=2945) to work on /opt/airflow/dags/sodai/__init__.py
[2025-11-18T22:03:24.505+0000] {processor.py:830} INFO - Processing file /opt/airflow/dags/sodai/__init__.py for tasks to queue
[2025-11-18T22:03:24.507+0000] {logging_mixin.py:188} INFO - [2025-11-18T22:03:24.507+0000] {dagbag.py:540} INFO - Filling up the DagBag from /opt/airflow/dags/sodai/__init__.py
[2025-11-18T22:03:24.515+0000] {processor.py:842} WARNING - No viable dags retrieved from /opt/airflow/dags/sodai/__init__.py
[2025-11-18T22:03:24.527+0000] {processor.py:183} INFO - Processing /opt/airflow/dags/sodai/__init__.py took 0.026 seconds
[2025-11-18T22:03:54.772+0000] {processor.py:161} INFO - Started process (PID=2955) to work on /opt/airflow/dags/sodai/__init__.py
[2025-11-18T22:03:54.773+0000] {processor.py:830} INFO - Processing file /opt/airflow/dags/sodai/__init__.py for tasks to queue
[2025-11-18T22:03:54.775+0000] {logging_mixin.py:188} INFO - [2025-11-18T22:03:54.774+0000] {dagbag.py:540} INFO - Filling up the DagBag from /opt/airflow/dags/sodai/__init__.py
[2025-11-18T22:03:54.788+0000] {processor.py:842} WARNING - No viable dags retrieved from /opt/airflow/dags/sodai/__init__.py
[2025-11-18T22:03:54.797+0000] {processor.py:183} INFO - Processing /opt/airflow/dags/sodai/__init__.py took 0.030 seconds
[2025-11-18T22:04:25.030+0000] {processor.py:161} INFO - Started process (PID=2965) to work on /opt/airflow/dags/sodai/__init__.py
[2025-11-18T22:04:25.034+0000] {processor.py:830} INFO - Processing file /opt/airflow/dags/sodai/__init__.py for tasks to queue
[2025-11-18T22:04:25.038+0000] {logging_mixin.py:188} INFO - [2025-11-18T22:04:25.038+0000] {dagbag.py:540} INFO - Filling up the DagBag from /opt/airflow/dags/sodai/__init__.py
[2025-11-18T22:04:25.060+0000] {processor.py:842} WARNING - No viable dags retrieved from /opt/airflow/dags/sodai/__init__.py
[2025-11-18T22:04:25.072+0000] {processor.py:183} INFO - Processing /opt/airflow/dags/sodai/__init__.py took 0.046 seconds
[2025-11-18T22:04:55.295+0000] {processor.py:161} INFO - Started process (PID=2975) to work on /opt/airflow/dags/sodai/__init__.py
[2025-11-18T22:04:55.296+0000] {processor.py:830} INFO - Processing file /opt/airflow/dags/sodai/__init__.py for tasks to queue
[2025-11-18T22:04:55.297+0000] {logging_mixin.py:188} INFO - [2025-11-18T22:04:55.297+0000] {dagbag.py:540} INFO - Filling up the DagBag from /opt/airflow/dags/sodai/__init__.py
[2025-11-18T22:04:55.310+0000] {processor.py:842} WARNING - No viable dags retrieved from /opt/airflow/dags/sodai/__init__.py
[2025-11-18T22:04:55.320+0000] {processor.py:183} INFO - Processing /opt/airflow/dags/sodai/__init__.py took 0.031 seconds
[2025-11-18T22:05:25.470+0000] {processor.py:161} INFO - Started process (PID=2985) to work on /opt/airflow/dags/sodai/__init__.py
[2025-11-18T22:05:25.471+0000] {processor.py:830} INFO - Processing file /opt/airflow/dags/sodai/__init__.py for tasks to queue
[2025-11-18T22:05:25.473+0000] {logging_mixin.py:188} INFO - [2025-11-18T22:05:25.472+0000] {dagbag.py:540} INFO - Filling up the DagBag from /opt/airflow/dags/sodai/__init__.py
[2025-11-18T22:05:25.484+0000] {processor.py:842} WARNING - No viable dags retrieved from /opt/airflow/dags/sodai/__init__.py
[2025-11-18T22:05:25.495+0000] {processor.py:183} INFO - Processing /opt/airflow/dags/sodai/__init__.py took 0.029 seconds
[2025-11-18T22:05:55.772+0000] {processor.py:161} INFO - Started process (PID=2995) to work on /opt/airflow/dags/sodai/__init__.py
[2025-11-18T22:05:55.773+0000] {processor.py:830} INFO - Processing file /opt/airflow/dags/sodai/__init__.py for tasks to queue
[2025-11-18T22:05:55.774+0000] {logging_mixin.py:188} INFO - [2025-11-18T22:05:55.774+0000] {dagbag.py:540} INFO - Filling up the DagBag from /opt/airflow/dags/sodai/__init__.py
[2025-11-18T22:05:55.784+0000] {processor.py:842} WARNING - No viable dags retrieved from /opt/airflow/dags/sodai/__init__.py
[2025-11-18T22:05:55.794+0000] {processor.py:183} INFO - Processing /opt/airflow/dags/sodai/__init__.py took 0.026 seconds
[2025-11-18T22:06:25.961+0000] {processor.py:161} INFO - Started process (PID=3005) to work on /opt/airflow/dags/sodai/__init__.py
[2025-11-18T22:06:25.961+0000] {processor.py:830} INFO - Processing file /opt/airflow/dags/sodai/__init__.py for tasks to queue
[2025-11-18T22:06:25.963+0000] {logging_mixin.py:188} INFO - [2025-11-18T22:06:25.963+0000] {dagbag.py:540} INFO - Filling up the DagBag from /opt/airflow/dags/sodai/__init__.py
[2025-11-18T22:06:25.972+0000] {processor.py:842} WARNING - No viable dags retrieved from /opt/airflow/dags/sodai/__init__.py
[2025-11-18T22:06:25.982+0000] {processor.py:183} INFO - Processing /opt/airflow/dags/sodai/__init__.py took 0.026 seconds
[2025-11-18T22:06:56.195+0000] {processor.py:161} INFO - Started process (PID=3015) to work on /opt/airflow/dags/sodai/__init__.py
[2025-11-18T22:06:56.196+0000] {processor.py:830} INFO - Processing file /opt/airflow/dags/sodai/__init__.py for tasks to queue
[2025-11-18T22:06:56.197+0000] {logging_mixin.py:188} INFO - [2025-11-18T22:06:56.197+0000] {dagbag.py:540} INFO - Filling up the DagBag from /opt/airflow/dags/sodai/__init__.py
[2025-11-18T22:06:56.278+0000] {processor.py:842} WARNING - No viable dags retrieved from /opt/airflow/dags/sodai/__init__.py
[2025-11-18T22:06:56.295+0000] {processor.py:183} INFO - Processing /opt/airflow/dags/sodai/__init__.py took 0.105 seconds
[2025-11-18T22:07:26.451+0000] {processor.py:161} INFO - Started process (PID=3025) to work on /opt/airflow/dags/sodai/__init__.py
[2025-11-18T22:07:26.452+0000] {processor.py:830} INFO - Processing file /opt/airflow/dags/sodai/__init__.py for tasks to queue
[2025-11-18T22:07:26.454+0000] {logging_mixin.py:188} INFO - [2025-11-18T22:07:26.453+0000] {dagbag.py:540} INFO - Filling up the DagBag from /opt/airflow/dags/sodai/__init__.py
[2025-11-18T22:07:26.466+0000] {processor.py:842} WARNING - No viable dags retrieved from /opt/airflow/dags/sodai/__init__.py
[2025-11-18T22:07:26.477+0000] {processor.py:183} INFO - Processing /opt/airflow/dags/sodai/__init__.py took 0.031 seconds
[2025-11-18T22:07:56.628+0000] {processor.py:161} INFO - Started process (PID=3035) to work on /opt/airflow/dags/sodai/__init__.py
[2025-11-18T22:07:56.629+0000] {processor.py:830} INFO - Processing file /opt/airflow/dags/sodai/__init__.py for tasks to queue
[2025-11-18T22:07:56.630+0000] {logging_mixin.py:188} INFO - [2025-11-18T22:07:56.630+0000] {dagbag.py:540} INFO - Filling up the DagBag from /opt/airflow/dags/sodai/__init__.py
[2025-11-18T22:07:56.639+0000] {processor.py:842} WARNING - No viable dags retrieved from /opt/airflow/dags/sodai/__init__.py
[2025-11-18T22:07:56.651+0000] {processor.py:183} INFO - Processing /opt/airflow/dags/sodai/__init__.py took 0.028 seconds
[2025-11-18T22:08:26.841+0000] {processor.py:161} INFO - Started process (PID=3045) to work on /opt/airflow/dags/sodai/__init__.py
[2025-11-18T22:08:26.842+0000] {processor.py:830} INFO - Processing file /opt/airflow/dags/sodai/__init__.py for tasks to queue
[2025-11-18T22:08:26.843+0000] {logging_mixin.py:188} INFO - [2025-11-18T22:08:26.843+0000] {dagbag.py:540} INFO - Filling up the DagBag from /opt/airflow/dags/sodai/__init__.py
[2025-11-18T22:08:26.855+0000] {processor.py:842} WARNING - No viable dags retrieved from /opt/airflow/dags/sodai/__init__.py
[2025-11-18T22:08:26.867+0000] {processor.py:183} INFO - Processing /opt/airflow/dags/sodai/__init__.py took 0.031 seconds
[2025-11-18T22:08:57.080+0000] {processor.py:161} INFO - Started process (PID=3055) to work on /opt/airflow/dags/sodai/__init__.py
[2025-11-18T22:08:57.083+0000] {processor.py:830} INFO - Processing file /opt/airflow/dags/sodai/__init__.py for tasks to queue
[2025-11-18T22:08:57.084+0000] {logging_mixin.py:188} INFO - [2025-11-18T22:08:57.084+0000] {dagbag.py:540} INFO - Filling up the DagBag from /opt/airflow/dags/sodai/__init__.py
[2025-11-18T22:08:57.095+0000] {processor.py:842} WARNING - No viable dags retrieved from /opt/airflow/dags/sodai/__init__.py
[2025-11-18T22:08:57.105+0000] {processor.py:183} INFO - Processing /opt/airflow/dags/sodai/__init__.py took 0.030 seconds
[2025-11-18T22:09:27.285+0000] {processor.py:161} INFO - Started process (PID=3065) to work on /opt/airflow/dags/sodai/__init__.py
[2025-11-18T22:09:27.286+0000] {processor.py:830} INFO - Processing file /opt/airflow/dags/sodai/__init__.py for tasks to queue
[2025-11-18T22:09:27.287+0000] {logging_mixin.py:188} INFO - [2025-11-18T22:09:27.287+0000] {dagbag.py:540} INFO - Filling up the DagBag from /opt/airflow/dags/sodai/__init__.py
[2025-11-18T22:09:27.309+0000] {processor.py:842} WARNING - No viable dags retrieved from /opt/airflow/dags/sodai/__init__.py
[2025-11-18T22:09:27.320+0000] {processor.py:183} INFO - Processing /opt/airflow/dags/sodai/__init__.py took 0.040 seconds
[2025-11-18T22:09:57.653+0000] {processor.py:161} INFO - Started process (PID=3075) to work on /opt/airflow/dags/sodai/__init__.py
[2025-11-18T22:09:57.654+0000] {processor.py:830} INFO - Processing file /opt/airflow/dags/sodai/__init__.py for tasks to queue
[2025-11-18T22:09:57.655+0000] {logging_mixin.py:188} INFO - [2025-11-18T22:09:57.655+0000] {dagbag.py:540} INFO - Filling up the DagBag from /opt/airflow/dags/sodai/__init__.py
[2025-11-18T22:09:57.674+0000] {processor.py:842} WARNING - No viable dags retrieved from /opt/airflow/dags/sodai/__init__.py
[2025-11-18T22:09:57.685+0000] {processor.py:183} INFO - Processing /opt/airflow/dags/sodai/__init__.py took 0.037 seconds
[2025-11-18T22:10:27.959+0000] {processor.py:161} INFO - Started process (PID=3085) to work on /opt/airflow/dags/sodai/__init__.py
[2025-11-18T22:10:27.960+0000] {processor.py:830} INFO - Processing file /opt/airflow/dags/sodai/__init__.py for tasks to queue
[2025-11-18T22:10:27.962+0000] {logging_mixin.py:188} INFO - [2025-11-18T22:10:27.962+0000] {dagbag.py:540} INFO - Filling up the DagBag from /opt/airflow/dags/sodai/__init__.py
[2025-11-18T22:10:28.018+0000] {processor.py:842} WARNING - No viable dags retrieved from /opt/airflow/dags/sodai/__init__.py
[2025-11-18T22:10:28.030+0000] {processor.py:183} INFO - Processing /opt/airflow/dags/sodai/__init__.py took 0.077 seconds
[2025-11-18T22:10:58.244+0000] {processor.py:161} INFO - Started process (PID=3095) to work on /opt/airflow/dags/sodai/__init__.py
[2025-11-18T22:10:58.245+0000] {processor.py:830} INFO - Processing file /opt/airflow/dags/sodai/__init__.py for tasks to queue
[2025-11-18T22:10:58.246+0000] {logging_mixin.py:188} INFO - [2025-11-18T22:10:58.246+0000] {dagbag.py:540} INFO - Filling up the DagBag from /opt/airflow/dags/sodai/__init__.py
[2025-11-18T22:10:58.258+0000] {processor.py:842} WARNING - No viable dags retrieved from /opt/airflow/dags/sodai/__init__.py
[2025-11-18T22:10:58.269+0000] {processor.py:183} INFO - Processing /opt/airflow/dags/sodai/__init__.py took 0.030 seconds
[2025-11-18T22:11:28.405+0000] {processor.py:161} INFO - Started process (PID=3316) to work on /opt/airflow/dags/sodai/__init__.py
[2025-11-18T22:11:28.406+0000] {processor.py:830} INFO - Processing file /opt/airflow/dags/sodai/__init__.py for tasks to queue
[2025-11-18T22:11:28.410+0000] {logging_mixin.py:188} INFO - [2025-11-18T22:11:28.410+0000] {dagbag.py:540} INFO - Filling up the DagBag from /opt/airflow/dags/sodai/__init__.py
[2025-11-18T22:11:28.454+0000] {processor.py:842} WARNING - No viable dags retrieved from /opt/airflow/dags/sodai/__init__.py
[2025-11-18T22:11:28.468+0000] {processor.py:183} INFO - Processing /opt/airflow/dags/sodai/__init__.py took 0.068 seconds
[2025-11-18T22:11:58.692+0000] {processor.py:161} INFO - Started process (PID=3326) to work on /opt/airflow/dags/sodai/__init__.py
[2025-11-18T22:11:58.693+0000] {processor.py:830} INFO - Processing file /opt/airflow/dags/sodai/__init__.py for tasks to queue
[2025-11-18T22:11:58.696+0000] {logging_mixin.py:188} INFO - [2025-11-18T22:11:58.696+0000] {dagbag.py:540} INFO - Filling up the DagBag from /opt/airflow/dags/sodai/__init__.py
[2025-11-18T22:11:58.731+0000] {processor.py:842} WARNING - No viable dags retrieved from /opt/airflow/dags/sodai/__init__.py
[2025-11-18T22:11:58.742+0000] {processor.py:183} INFO - Processing /opt/airflow/dags/sodai/__init__.py took 0.055 seconds
[2025-11-18T22:12:28.896+0000] {processor.py:161} INFO - Started process (PID=3336) to work on /opt/airflow/dags/sodai/__init__.py
[2025-11-18T22:12:28.897+0000] {processor.py:830} INFO - Processing file /opt/airflow/dags/sodai/__init__.py for tasks to queue
[2025-11-18T22:12:28.898+0000] {logging_mixin.py:188} INFO - [2025-11-18T22:12:28.898+0000] {dagbag.py:540} INFO - Filling up the DagBag from /opt/airflow/dags/sodai/__init__.py
[2025-11-18T22:12:28.911+0000] {processor.py:842} WARNING - No viable dags retrieved from /opt/airflow/dags/sodai/__init__.py
[2025-11-18T22:12:28.923+0000] {processor.py:183} INFO - Processing /opt/airflow/dags/sodai/__init__.py took 0.031 seconds
[2025-11-18T22:12:59.049+0000] {processor.py:161} INFO - Started process (PID=3346) to work on /opt/airflow/dags/sodai/__init__.py
[2025-11-18T22:12:59.050+0000] {processor.py:830} INFO - Processing file /opt/airflow/dags/sodai/__init__.py for tasks to queue
[2025-11-18T22:12:59.051+0000] {logging_mixin.py:188} INFO - [2025-11-18T22:12:59.051+0000] {dagbag.py:540} INFO - Filling up the DagBag from /opt/airflow/dags/sodai/__init__.py
[2025-11-18T22:12:59.059+0000] {processor.py:842} WARNING - No viable dags retrieved from /opt/airflow/dags/sodai/__init__.py
[2025-11-18T22:12:59.068+0000] {processor.py:183} INFO - Processing /opt/airflow/dags/sodai/__init__.py took 0.023 seconds
[2025-11-18T22:13:29.371+0000] {processor.py:161} INFO - Started process (PID=3356) to work on /opt/airflow/dags/sodai/__init__.py
[2025-11-18T22:13:29.372+0000] {processor.py:830} INFO - Processing file /opt/airflow/dags/sodai/__init__.py for tasks to queue
[2025-11-18T22:13:29.374+0000] {logging_mixin.py:188} INFO - [2025-11-18T22:13:29.374+0000] {dagbag.py:540} INFO - Filling up the DagBag from /opt/airflow/dags/sodai/__init__.py
[2025-11-18T22:13:29.394+0000] {processor.py:842} WARNING - No viable dags retrieved from /opt/airflow/dags/sodai/__init__.py
[2025-11-18T22:13:29.406+0000] {processor.py:183} INFO - Processing /opt/airflow/dags/sodai/__init__.py took 0.040 seconds
[2025-11-18T22:13:59.668+0000] {processor.py:161} INFO - Started process (PID=3366) to work on /opt/airflow/dags/sodai/__init__.py
[2025-11-18T22:13:59.669+0000] {processor.py:830} INFO - Processing file /opt/airflow/dags/sodai/__init__.py for tasks to queue
[2025-11-18T22:13:59.670+0000] {logging_mixin.py:188} INFO - [2025-11-18T22:13:59.670+0000] {dagbag.py:540} INFO - Filling up the DagBag from /opt/airflow/dags/sodai/__init__.py
[2025-11-18T22:13:59.680+0000] {processor.py:842} WARNING - No viable dags retrieved from /opt/airflow/dags/sodai/__init__.py
[2025-11-18T22:13:59.691+0000] {processor.py:183} INFO - Processing /opt/airflow/dags/sodai/__init__.py took 0.027 seconds
[2025-11-18T22:14:29.903+0000] {processor.py:161} INFO - Started process (PID=3376) to work on /opt/airflow/dags/sodai/__init__.py
[2025-11-18T22:14:29.904+0000] {processor.py:830} INFO - Processing file /opt/airflow/dags/sodai/__init__.py for tasks to queue
[2025-11-18T22:14:29.906+0000] {logging_mixin.py:188} INFO - [2025-11-18T22:14:29.906+0000] {dagbag.py:540} INFO - Filling up the DagBag from /opt/airflow/dags/sodai/__init__.py
[2025-11-18T22:14:29.925+0000] {processor.py:842} WARNING - No viable dags retrieved from /opt/airflow/dags/sodai/__init__.py
[2025-11-18T22:14:29.936+0000] {processor.py:183} INFO - Processing /opt/airflow/dags/sodai/__init__.py took 0.038 seconds
[2025-11-18T22:15:00.286+0000] {processor.py:161} INFO - Started process (PID=3386) to work on /opt/airflow/dags/sodai/__init__.py
[2025-11-18T22:15:00.288+0000] {processor.py:830} INFO - Processing file /opt/airflow/dags/sodai/__init__.py for tasks to queue
[2025-11-18T22:15:00.290+0000] {logging_mixin.py:188} INFO - [2025-11-18T22:15:00.290+0000] {dagbag.py:540} INFO - Filling up the DagBag from /opt/airflow/dags/sodai/__init__.py
[2025-11-18T22:15:00.311+0000] {processor.py:842} WARNING - No viable dags retrieved from /opt/airflow/dags/sodai/__init__.py
[2025-11-18T22:15:00.322+0000] {processor.py:183} INFO - Processing /opt/airflow/dags/sodai/__init__.py took 0.041 seconds
[2025-11-18T22:15:30.523+0000] {processor.py:161} INFO - Started process (PID=3396) to work on /opt/airflow/dags/sodai/__init__.py
[2025-11-18T22:15:30.528+0000] {processor.py:830} INFO - Processing file /opt/airflow/dags/sodai/__init__.py for tasks to queue
[2025-11-18T22:15:30.530+0000] {logging_mixin.py:188} INFO - [2025-11-18T22:15:30.529+0000] {dagbag.py:540} INFO - Filling up the DagBag from /opt/airflow/dags/sodai/__init__.py
[2025-11-18T22:15:30.631+0000] {processor.py:842} WARNING - No viable dags retrieved from /opt/airflow/dags/sodai/__init__.py
[2025-11-18T22:15:30.644+0000] {processor.py:183} INFO - Processing /opt/airflow/dags/sodai/__init__.py took 0.126 seconds
[2025-11-18T22:16:01.065+0000] {processor.py:161} INFO - Started process (PID=3568) to work on /opt/airflow/dags/sodai/__init__.py
[2025-11-18T22:16:01.066+0000] {processor.py:830} INFO - Processing file /opt/airflow/dags/sodai/__init__.py for tasks to queue
[2025-11-18T22:16:01.067+0000] {logging_mixin.py:188} INFO - [2025-11-18T22:16:01.067+0000] {dagbag.py:540} INFO - Filling up the DagBag from /opt/airflow/dags/sodai/__init__.py
[2025-11-18T22:16:01.085+0000] {processor.py:842} WARNING - No viable dags retrieved from /opt/airflow/dags/sodai/__init__.py
[2025-11-18T22:16:01.096+0000] {processor.py:183} INFO - Processing /opt/airflow/dags/sodai/__init__.py took 0.036 seconds
[2025-11-18T22:16:31.359+0000] {processor.py:161} INFO - Started process (PID=3626) to work on /opt/airflow/dags/sodai/__init__.py
[2025-11-18T22:16:31.361+0000] {processor.py:830} INFO - Processing file /opt/airflow/dags/sodai/__init__.py for tasks to queue
[2025-11-18T22:16:31.363+0000] {logging_mixin.py:188} INFO - [2025-11-18T22:16:31.363+0000] {dagbag.py:540} INFO - Filling up the DagBag from /opt/airflow/dags/sodai/__init__.py
[2025-11-18T22:16:31.396+0000] {processor.py:842} WARNING - No viable dags retrieved from /opt/airflow/dags/sodai/__init__.py
[2025-11-18T22:16:31.409+0000] {processor.py:183} INFO - Processing /opt/airflow/dags/sodai/__init__.py took 0.055 seconds
[2025-11-18T22:17:01.570+0000] {processor.py:161} INFO - Started process (PID=3636) to work on /opt/airflow/dags/sodai/__init__.py
[2025-11-18T22:17:01.570+0000] {processor.py:830} INFO - Processing file /opt/airflow/dags/sodai/__init__.py for tasks to queue
[2025-11-18T22:17:01.572+0000] {logging_mixin.py:188} INFO - [2025-11-18T22:17:01.572+0000] {dagbag.py:540} INFO - Filling up the DagBag from /opt/airflow/dags/sodai/__init__.py
[2025-11-18T22:17:01.582+0000] {processor.py:842} WARNING - No viable dags retrieved from /opt/airflow/dags/sodai/__init__.py
[2025-11-18T22:17:01.593+0000] {processor.py:183} INFO - Processing /opt/airflow/dags/sodai/__init__.py took 0.028 seconds
[2025-11-18T22:17:31.812+0000] {processor.py:161} INFO - Started process (PID=3646) to work on /opt/airflow/dags/sodai/__init__.py
[2025-11-18T22:17:31.813+0000] {processor.py:830} INFO - Processing file /opt/airflow/dags/sodai/__init__.py for tasks to queue
[2025-11-18T22:17:31.815+0000] {logging_mixin.py:188} INFO - [2025-11-18T22:17:31.814+0000] {dagbag.py:540} INFO - Filling up the DagBag from /opt/airflow/dags/sodai/__init__.py
[2025-11-18T22:17:31.823+0000] {processor.py:842} WARNING - No viable dags retrieved from /opt/airflow/dags/sodai/__init__.py
[2025-11-18T22:17:31.833+0000] {processor.py:183} INFO - Processing /opt/airflow/dags/sodai/__init__.py took 0.025 seconds
[2025-11-18T22:18:02.115+0000] {processor.py:161} INFO - Started process (PID=3656) to work on /opt/airflow/dags/sodai/__init__.py
[2025-11-18T22:18:02.116+0000] {processor.py:830} INFO - Processing file /opt/airflow/dags/sodai/__init__.py for tasks to queue
[2025-11-18T22:18:02.117+0000] {logging_mixin.py:188} INFO - [2025-11-18T22:18:02.117+0000] {dagbag.py:540} INFO - Filling up the DagBag from /opt/airflow/dags/sodai/__init__.py
[2025-11-18T22:18:02.140+0000] {processor.py:842} WARNING - No viable dags retrieved from /opt/airflow/dags/sodai/__init__.py
[2025-11-18T22:18:02.152+0000] {processor.py:183} INFO - Processing /opt/airflow/dags/sodai/__init__.py took 0.041 seconds
[2025-11-18T22:18:32.332+0000] {processor.py:161} INFO - Started process (PID=3666) to work on /opt/airflow/dags/sodai/__init__.py
[2025-11-18T22:18:32.333+0000] {processor.py:830} INFO - Processing file /opt/airflow/dags/sodai/__init__.py for tasks to queue
[2025-11-18T22:18:32.335+0000] {logging_mixin.py:188} INFO - [2025-11-18T22:18:32.334+0000] {dagbag.py:540} INFO - Filling up the DagBag from /opt/airflow/dags/sodai/__init__.py
[2025-11-18T22:18:32.348+0000] {processor.py:842} WARNING - No viable dags retrieved from /opt/airflow/dags/sodai/__init__.py
[2025-11-18T22:18:32.358+0000] {processor.py:183} INFO - Processing /opt/airflow/dags/sodai/__init__.py took 0.031 seconds
[2025-11-18T22:19:02.774+0000] {processor.py:161} INFO - Started process (PID=3676) to work on /opt/airflow/dags/sodai/__init__.py
[2025-11-18T22:19:02.775+0000] {processor.py:830} INFO - Processing file /opt/airflow/dags/sodai/__init__.py for tasks to queue
[2025-11-18T22:19:02.777+0000] {logging_mixin.py:188} INFO - [2025-11-18T22:19:02.776+0000] {dagbag.py:540} INFO - Filling up the DagBag from /opt/airflow/dags/sodai/__init__.py
[2025-11-18T22:19:02.815+0000] {processor.py:842} WARNING - No viable dags retrieved from /opt/airflow/dags/sodai/__init__.py
[2025-11-18T22:19:02.826+0000] {processor.py:183} INFO - Processing /opt/airflow/dags/sodai/__init__.py took 0.056 seconds
[2025-11-18T22:19:33.071+0000] {processor.py:161} INFO - Started process (PID=3686) to work on /opt/airflow/dags/sodai/__init__.py
[2025-11-18T22:19:33.072+0000] {processor.py:830} INFO - Processing file /opt/airflow/dags/sodai/__init__.py for tasks to queue
[2025-11-18T22:19:33.074+0000] {logging_mixin.py:188} INFO - [2025-11-18T22:19:33.074+0000] {dagbag.py:540} INFO - Filling up the DagBag from /opt/airflow/dags/sodai/__init__.py
[2025-11-18T22:19:33.094+0000] {processor.py:842} WARNING - No viable dags retrieved from /opt/airflow/dags/sodai/__init__.py
[2025-11-18T22:19:33.105+0000] {processor.py:183} INFO - Processing /opt/airflow/dags/sodai/__init__.py took 0.038 seconds
[2025-11-18T22:20:03.364+0000] {processor.py:161} INFO - Started process (PID=3696) to work on /opt/airflow/dags/sodai/__init__.py
[2025-11-18T22:20:03.365+0000] {processor.py:830} INFO - Processing file /opt/airflow/dags/sodai/__init__.py for tasks to queue
[2025-11-18T22:20:03.366+0000] {logging_mixin.py:188} INFO - [2025-11-18T22:20:03.366+0000] {dagbag.py:540} INFO - Filling up the DagBag from /opt/airflow/dags/sodai/__init__.py
[2025-11-18T22:20:03.378+0000] {processor.py:842} WARNING - No viable dags retrieved from /opt/airflow/dags/sodai/__init__.py
[2025-11-18T22:20:03.388+0000] {processor.py:183} INFO - Processing /opt/airflow/dags/sodai/__init__.py took 0.029 seconds
[2025-11-18T22:20:33.686+0000] {processor.py:161} INFO - Started process (PID=3706) to work on /opt/airflow/dags/sodai/__init__.py
[2025-11-18T22:20:33.687+0000] {processor.py:830} INFO - Processing file /opt/airflow/dags/sodai/__init__.py for tasks to queue
[2025-11-18T22:20:33.688+0000] {logging_mixin.py:188} INFO - [2025-11-18T22:20:33.688+0000] {dagbag.py:540} INFO - Filling up the DagBag from /opt/airflow/dags/sodai/__init__.py
[2025-11-18T22:20:33.698+0000] {processor.py:842} WARNING - No viable dags retrieved from /opt/airflow/dags/sodai/__init__.py
[2025-11-18T22:20:33.709+0000] {processor.py:183} INFO - Processing /opt/airflow/dags/sodai/__init__.py took 0.027 seconds
[2025-11-18T22:21:04.104+0000] {processor.py:161} INFO - Started process (PID=3716) to work on /opt/airflow/dags/sodai/__init__.py
[2025-11-18T22:21:04.105+0000] {processor.py:830} INFO - Processing file /opt/airflow/dags/sodai/__init__.py for tasks to queue
[2025-11-18T22:21:04.107+0000] {logging_mixin.py:188} INFO - [2025-11-18T22:21:04.106+0000] {dagbag.py:540} INFO - Filling up the DagBag from /opt/airflow/dags/sodai/__init__.py
[2025-11-18T22:21:04.122+0000] {processor.py:842} WARNING - No viable dags retrieved from /opt/airflow/dags/sodai/__init__.py
[2025-11-18T22:21:04.133+0000] {processor.py:183} INFO - Processing /opt/airflow/dags/sodai/__init__.py took 0.034 seconds
[2025-11-18T22:21:34.354+0000] {processor.py:161} INFO - Started process (PID=3726) to work on /opt/airflow/dags/sodai/__init__.py
[2025-11-18T22:21:34.355+0000] {processor.py:830} INFO - Processing file /opt/airflow/dags/sodai/__init__.py for tasks to queue
[2025-11-18T22:21:34.357+0000] {logging_mixin.py:188} INFO - [2025-11-18T22:21:34.357+0000] {dagbag.py:540} INFO - Filling up the DagBag from /opt/airflow/dags/sodai/__init__.py
[2025-11-18T22:21:34.376+0000] {processor.py:842} WARNING - No viable dags retrieved from /opt/airflow/dags/sodai/__init__.py
[2025-11-18T22:21:34.387+0000] {processor.py:183} INFO - Processing /opt/airflow/dags/sodai/__init__.py took 0.038 seconds
[2025-11-18T22:22:04.765+0000] {processor.py:161} INFO - Started process (PID=3736) to work on /opt/airflow/dags/sodai/__init__.py
[2025-11-18T22:22:04.766+0000] {processor.py:830} INFO - Processing file /opt/airflow/dags/sodai/__init__.py for tasks to queue
[2025-11-18T22:22:04.767+0000] {logging_mixin.py:188} INFO - [2025-11-18T22:22:04.767+0000] {dagbag.py:540} INFO - Filling up the DagBag from /opt/airflow/dags/sodai/__init__.py
[2025-11-18T22:22:04.783+0000] {processor.py:842} WARNING - No viable dags retrieved from /opt/airflow/dags/sodai/__init__.py
[2025-11-18T22:22:04.796+0000] {processor.py:183} INFO - Processing /opt/airflow/dags/sodai/__init__.py took 0.035 seconds
[2025-11-18T22:22:35.018+0000] {processor.py:161} INFO - Started process (PID=3746) to work on /opt/airflow/dags/sodai/__init__.py
[2025-11-18T22:22:35.020+0000] {processor.py:830} INFO - Processing file /opt/airflow/dags/sodai/__init__.py for tasks to queue
[2025-11-18T22:22:35.022+0000] {logging_mixin.py:188} INFO - [2025-11-18T22:22:35.021+0000] {dagbag.py:540} INFO - Filling up the DagBag from /opt/airflow/dags/sodai/__init__.py
[2025-11-18T22:22:35.040+0000] {processor.py:842} WARNING - No viable dags retrieved from /opt/airflow/dags/sodai/__init__.py
[2025-11-18T22:22:35.053+0000] {processor.py:183} INFO - Processing /opt/airflow/dags/sodai/__init__.py took 0.040 seconds
[2025-11-18T22:23:05.244+0000] {processor.py:161} INFO - Started process (PID=3756) to work on /opt/airflow/dags/sodai/__init__.py
[2025-11-18T22:23:05.245+0000] {processor.py:830} INFO - Processing file /opt/airflow/dags/sodai/__init__.py for tasks to queue
[2025-11-18T22:23:05.248+0000] {logging_mixin.py:188} INFO - [2025-11-18T22:23:05.247+0000] {dagbag.py:540} INFO - Filling up the DagBag from /opt/airflow/dags/sodai/__init__.py
[2025-11-18T22:23:05.267+0000] {processor.py:842} WARNING - No viable dags retrieved from /opt/airflow/dags/sodai/__init__.py
[2025-11-18T22:23:05.279+0000] {processor.py:183} INFO - Processing /opt/airflow/dags/sodai/__init__.py took 0.040 seconds
[2025-11-18T22:23:35.517+0000] {processor.py:161} INFO - Started process (PID=3766) to work on /opt/airflow/dags/sodai/__init__.py
[2025-11-18T22:23:35.518+0000] {processor.py:830} INFO - Processing file /opt/airflow/dags/sodai/__init__.py for tasks to queue
[2025-11-18T22:23:35.520+0000] {logging_mixin.py:188} INFO - [2025-11-18T22:23:35.519+0000] {dagbag.py:540} INFO - Filling up the DagBag from /opt/airflow/dags/sodai/__init__.py
[2025-11-18T22:23:35.541+0000] {processor.py:842} WARNING - No viable dags retrieved from /opt/airflow/dags/sodai/__init__.py
[2025-11-18T22:23:35.554+0000] {processor.py:183} INFO - Processing /opt/airflow/dags/sodai/__init__.py took 0.042 seconds
[2025-11-18T22:24:05.776+0000] {processor.py:161} INFO - Started process (PID=3776) to work on /opt/airflow/dags/sodai/__init__.py
[2025-11-18T22:24:05.777+0000] {processor.py:830} INFO - Processing file /opt/airflow/dags/sodai/__init__.py for tasks to queue
[2025-11-18T22:24:05.779+0000] {logging_mixin.py:188} INFO - [2025-11-18T22:24:05.779+0000] {dagbag.py:540} INFO - Filling up the DagBag from /opt/airflow/dags/sodai/__init__.py
[2025-11-18T22:24:05.796+0000] {processor.py:842} WARNING - No viable dags retrieved from /opt/airflow/dags/sodai/__init__.py
[2025-11-18T22:24:05.807+0000] {processor.py:183} INFO - Processing /opt/airflow/dags/sodai/__init__.py took 0.035 seconds
[2025-11-18T22:24:36.018+0000] {processor.py:161} INFO - Started process (PID=3786) to work on /opt/airflow/dags/sodai/__init__.py
[2025-11-18T22:24:36.019+0000] {processor.py:830} INFO - Processing file /opt/airflow/dags/sodai/__init__.py for tasks to queue
[2025-11-18T22:24:36.021+0000] {logging_mixin.py:188} INFO - [2025-11-18T22:24:36.020+0000] {dagbag.py:540} INFO - Filling up the DagBag from /opt/airflow/dags/sodai/__init__.py
[2025-11-18T22:24:36.036+0000] {processor.py:842} WARNING - No viable dags retrieved from /opt/airflow/dags/sodai/__init__.py
[2025-11-18T22:24:36.047+0000] {processor.py:183} INFO - Processing /opt/airflow/dags/sodai/__init__.py took 0.034 seconds
[2025-11-18T22:25:06.307+0000] {processor.py:161} INFO - Started process (PID=3796) to work on /opt/airflow/dags/sodai/__init__.py
[2025-11-18T22:25:06.308+0000] {processor.py:830} INFO - Processing file /opt/airflow/dags/sodai/__init__.py for tasks to queue
[2025-11-18T22:25:06.309+0000] {logging_mixin.py:188} INFO - [2025-11-18T22:25:06.309+0000] {dagbag.py:540} INFO - Filling up the DagBag from /opt/airflow/dags/sodai/__init__.py
[2025-11-18T22:25:06.322+0000] {processor.py:842} WARNING - No viable dags retrieved from /opt/airflow/dags/sodai/__init__.py
[2025-11-18T22:25:06.333+0000] {processor.py:183} INFO - Processing /opt/airflow/dags/sodai/__init__.py took 0.030 seconds
[2025-11-18T22:25:36.539+0000] {processor.py:161} INFO - Started process (PID=3806) to work on /opt/airflow/dags/sodai/__init__.py
[2025-11-18T22:25:36.541+0000] {processor.py:830} INFO - Processing file /opt/airflow/dags/sodai/__init__.py for tasks to queue
[2025-11-18T22:25:36.542+0000] {logging_mixin.py:188} INFO - [2025-11-18T22:25:36.542+0000] {dagbag.py:540} INFO - Filling up the DagBag from /opt/airflow/dags/sodai/__init__.py
[2025-11-18T22:25:36.550+0000] {processor.py:842} WARNING - No viable dags retrieved from /opt/airflow/dags/sodai/__init__.py
[2025-11-18T22:25:36.561+0000] {processor.py:183} INFO - Processing /opt/airflow/dags/sodai/__init__.py took 0.027 seconds
[2025-11-18T22:26:06.730+0000] {processor.py:161} INFO - Started process (PID=3816) to work on /opt/airflow/dags/sodai/__init__.py
[2025-11-18T22:26:06.731+0000] {processor.py:830} INFO - Processing file /opt/airflow/dags/sodai/__init__.py for tasks to queue
[2025-11-18T22:26:06.732+0000] {logging_mixin.py:188} INFO - [2025-11-18T22:26:06.732+0000] {dagbag.py:540} INFO - Filling up the DagBag from /opt/airflow/dags/sodai/__init__.py
[2025-11-18T22:26:06.742+0000] {processor.py:842} WARNING - No viable dags retrieved from /opt/airflow/dags/sodai/__init__.py
[2025-11-18T22:26:06.752+0000] {processor.py:183} INFO - Processing /opt/airflow/dags/sodai/__init__.py took 0.026 seconds
[2025-11-18T22:26:37.004+0000] {processor.py:161} INFO - Started process (PID=3826) to work on /opt/airflow/dags/sodai/__init__.py
[2025-11-18T22:26:37.005+0000] {processor.py:830} INFO - Processing file /opt/airflow/dags/sodai/__init__.py for tasks to queue
[2025-11-18T22:26:37.007+0000] {logging_mixin.py:188} INFO - [2025-11-18T22:26:37.006+0000] {dagbag.py:540} INFO - Filling up the DagBag from /opt/airflow/dags/sodai/__init__.py
[2025-11-18T22:26:37.018+0000] {processor.py:842} WARNING - No viable dags retrieved from /opt/airflow/dags/sodai/__init__.py
[2025-11-18T22:26:37.029+0000] {processor.py:183} INFO - Processing /opt/airflow/dags/sodai/__init__.py took 0.029 seconds
[2025-11-18T22:27:07.186+0000] {processor.py:161} INFO - Started process (PID=3836) to work on /opt/airflow/dags/sodai/__init__.py
[2025-11-18T22:27:07.187+0000] {processor.py:830} INFO - Processing file /opt/airflow/dags/sodai/__init__.py for tasks to queue
[2025-11-18T22:27:07.189+0000] {logging_mixin.py:188} INFO - [2025-11-18T22:27:07.189+0000] {dagbag.py:540} INFO - Filling up the DagBag from /opt/airflow/dags/sodai/__init__.py
[2025-11-18T22:27:07.198+0000] {processor.py:842} WARNING - No viable dags retrieved from /opt/airflow/dags/sodai/__init__.py
[2025-11-18T22:27:07.208+0000] {processor.py:183} INFO - Processing /opt/airflow/dags/sodai/__init__.py took 0.026 seconds
[2025-11-18T22:27:37.393+0000] {processor.py:161} INFO - Started process (PID=3846) to work on /opt/airflow/dags/sodai/__init__.py
[2025-11-18T22:27:37.393+0000] {processor.py:830} INFO - Processing file /opt/airflow/dags/sodai/__init__.py for tasks to queue
[2025-11-18T22:27:37.395+0000] {logging_mixin.py:188} INFO - [2025-11-18T22:27:37.395+0000] {dagbag.py:540} INFO - Filling up the DagBag from /opt/airflow/dags/sodai/__init__.py
[2025-11-18T22:27:37.404+0000] {processor.py:842} WARNING - No viable dags retrieved from /opt/airflow/dags/sodai/__init__.py
[2025-11-18T22:27:37.414+0000] {processor.py:183} INFO - Processing /opt/airflow/dags/sodai/__init__.py took 0.027 seconds
[2025-11-18T22:28:07.558+0000] {processor.py:161} INFO - Started process (PID=3856) to work on /opt/airflow/dags/sodai/__init__.py
[2025-11-18T22:28:07.559+0000] {processor.py:830} INFO - Processing file /opt/airflow/dags/sodai/__init__.py for tasks to queue
[2025-11-18T22:28:07.560+0000] {logging_mixin.py:188} INFO - [2025-11-18T22:28:07.560+0000] {dagbag.py:540} INFO - Filling up the DagBag from /opt/airflow/dags/sodai/__init__.py
[2025-11-18T22:28:07.569+0000] {processor.py:842} WARNING - No viable dags retrieved from /opt/airflow/dags/sodai/__init__.py
[2025-11-18T22:28:07.581+0000] {processor.py:183} INFO - Processing /opt/airflow/dags/sodai/__init__.py took 0.027 seconds
[2025-11-18T22:28:37.779+0000] {processor.py:161} INFO - Started process (PID=3866) to work on /opt/airflow/dags/sodai/__init__.py
[2025-11-18T22:28:37.780+0000] {processor.py:830} INFO - Processing file /opt/airflow/dags/sodai/__init__.py for tasks to queue
[2025-11-18T22:28:37.782+0000] {logging_mixin.py:188} INFO - [2025-11-18T22:28:37.781+0000] {dagbag.py:540} INFO - Filling up the DagBag from /opt/airflow/dags/sodai/__init__.py
[2025-11-18T22:28:37.793+0000] {processor.py:842} WARNING - No viable dags retrieved from /opt/airflow/dags/sodai/__init__.py
[2025-11-18T22:28:37.803+0000] {processor.py:183} INFO - Processing /opt/airflow/dags/sodai/__init__.py took 0.030 seconds
[2025-11-18T22:29:07.913+0000] {processor.py:161} INFO - Started process (PID=3876) to work on /opt/airflow/dags/sodai/__init__.py
[2025-11-18T22:29:07.914+0000] {processor.py:830} INFO - Processing file /opt/airflow/dags/sodai/__init__.py for tasks to queue
[2025-11-18T22:29:07.916+0000] {logging_mixin.py:188} INFO - [2025-11-18T22:29:07.915+0000] {dagbag.py:540} INFO - Filling up the DagBag from /opt/airflow/dags/sodai/__init__.py
[2025-11-18T22:29:07.934+0000] {processor.py:842} WARNING - No viable dags retrieved from /opt/airflow/dags/sodai/__init__.py
[2025-11-18T22:29:07.947+0000] {processor.py:183} INFO - Processing /opt/airflow/dags/sodai/__init__.py took 0.038 seconds
[2025-11-18T22:29:38.039+0000] {processor.py:161} INFO - Started process (PID=3886) to work on /opt/airflow/dags/sodai/__init__.py
[2025-11-18T22:29:38.040+0000] {processor.py:830} INFO - Processing file /opt/airflow/dags/sodai/__init__.py for tasks to queue
[2025-11-18T22:29:38.041+0000] {logging_mixin.py:188} INFO - [2025-11-18T22:29:38.041+0000] {dagbag.py:540} INFO - Filling up the DagBag from /opt/airflow/dags/sodai/__init__.py
[2025-11-18T22:29:38.050+0000] {processor.py:842} WARNING - No viable dags retrieved from /opt/airflow/dags/sodai/__init__.py
[2025-11-18T22:29:38.061+0000] {processor.py:183} INFO - Processing /opt/airflow/dags/sodai/__init__.py took 0.027 seconds
[2025-11-18T22:30:08.291+0000] {processor.py:161} INFO - Started process (PID=3896) to work on /opt/airflow/dags/sodai/__init__.py
[2025-11-18T22:30:08.291+0000] {processor.py:830} INFO - Processing file /opt/airflow/dags/sodai/__init__.py for tasks to queue
[2025-11-18T22:30:08.294+0000] {logging_mixin.py:188} INFO - [2025-11-18T22:30:08.293+0000] {dagbag.py:540} INFO - Filling up the DagBag from /opt/airflow/dags/sodai/__init__.py
[2025-11-18T22:30:08.303+0000] {processor.py:842} WARNING - No viable dags retrieved from /opt/airflow/dags/sodai/__init__.py
[2025-11-18T22:30:08.313+0000] {processor.py:183} INFO - Processing /opt/airflow/dags/sodai/__init__.py took 0.026 seconds
[2025-11-18T22:30:38.467+0000] {processor.py:161} INFO - Started process (PID=3906) to work on /opt/airflow/dags/sodai/__init__.py
[2025-11-18T22:30:38.469+0000] {processor.py:830} INFO - Processing file /opt/airflow/dags/sodai/__init__.py for tasks to queue
[2025-11-18T22:30:38.470+0000] {logging_mixin.py:188} INFO - [2025-11-18T22:30:38.470+0000] {dagbag.py:540} INFO - Filling up the DagBag from /opt/airflow/dags/sodai/__init__.py
[2025-11-18T22:30:38.495+0000] {processor.py:842} WARNING - No viable dags retrieved from /opt/airflow/dags/sodai/__init__.py
[2025-11-18T22:30:38.507+0000] {processor.py:183} INFO - Processing /opt/airflow/dags/sodai/__init__.py took 0.045 seconds
[2025-11-18T22:31:08.687+0000] {processor.py:161} INFO - Started process (PID=3916) to work on /opt/airflow/dags/sodai/__init__.py
[2025-11-18T22:31:08.688+0000] {processor.py:830} INFO - Processing file /opt/airflow/dags/sodai/__init__.py for tasks to queue
[2025-11-18T22:31:08.690+0000] {logging_mixin.py:188} INFO - [2025-11-18T22:31:08.690+0000] {dagbag.py:540} INFO - Filling up the DagBag from /opt/airflow/dags/sodai/__init__.py
[2025-11-18T22:31:08.700+0000] {processor.py:842} WARNING - No viable dags retrieved from /opt/airflow/dags/sodai/__init__.py
[2025-11-18T22:31:08.710+0000] {processor.py:183} INFO - Processing /opt/airflow/dags/sodai/__init__.py took 0.028 seconds
[2025-11-18T22:31:39.077+0000] {processor.py:161} INFO - Started process (PID=3926) to work on /opt/airflow/dags/sodai/__init__.py
[2025-11-18T22:31:39.078+0000] {processor.py:830} INFO - Processing file /opt/airflow/dags/sodai/__init__.py for tasks to queue
[2025-11-18T22:31:39.080+0000] {logging_mixin.py:188} INFO - [2025-11-18T22:31:39.079+0000] {dagbag.py:540} INFO - Filling up the DagBag from /opt/airflow/dags/sodai/__init__.py
[2025-11-18T22:31:39.094+0000] {processor.py:842} WARNING - No viable dags retrieved from /opt/airflow/dags/sodai/__init__.py
[2025-11-18T22:31:39.107+0000] {processor.py:183} INFO - Processing /opt/airflow/dags/sodai/__init__.py took 0.035 seconds
[2025-11-18T22:32:09.363+0000] {processor.py:161} INFO - Started process (PID=3936) to work on /opt/airflow/dags/sodai/__init__.py
[2025-11-18T22:32:09.364+0000] {processor.py:830} INFO - Processing file /opt/airflow/dags/sodai/__init__.py for tasks to queue
[2025-11-18T22:32:09.367+0000] {logging_mixin.py:188} INFO - [2025-11-18T22:32:09.367+0000] {dagbag.py:540} INFO - Filling up the DagBag from /opt/airflow/dags/sodai/__init__.py
[2025-11-18T22:32:09.421+0000] {processor.py:842} WARNING - No viable dags retrieved from /opt/airflow/dags/sodai/__init__.py
[2025-11-18T22:32:09.432+0000] {processor.py:183} INFO - Processing /opt/airflow/dags/sodai/__init__.py took 0.074 seconds
[2025-11-18T22:32:39.748+0000] {processor.py:161} INFO - Started process (PID=3946) to work on /opt/airflow/dags/sodai/__init__.py
[2025-11-18T22:32:39.749+0000] {processor.py:830} INFO - Processing file /opt/airflow/dags/sodai/__init__.py for tasks to queue
[2025-11-18T22:32:39.750+0000] {logging_mixin.py:188} INFO - [2025-11-18T22:32:39.750+0000] {dagbag.py:540} INFO - Filling up the DagBag from /opt/airflow/dags/sodai/__init__.py
[2025-11-18T22:32:39.768+0000] {processor.py:842} WARNING - No viable dags retrieved from /opt/airflow/dags/sodai/__init__.py
[2025-11-18T22:32:39.779+0000] {processor.py:183} INFO - Processing /opt/airflow/dags/sodai/__init__.py took 0.036 seconds
[2025-11-18T22:33:09.983+0000] {processor.py:161} INFO - Started process (PID=3956) to work on /opt/airflow/dags/sodai/__init__.py
[2025-11-18T22:33:09.985+0000] {processor.py:830} INFO - Processing file /opt/airflow/dags/sodai/__init__.py for tasks to queue
[2025-11-18T22:33:09.987+0000] {logging_mixin.py:188} INFO - [2025-11-18T22:33:09.987+0000] {dagbag.py:540} INFO - Filling up the DagBag from /opt/airflow/dags/sodai/__init__.py
[2025-11-18T22:33:10.060+0000] {processor.py:842} WARNING - No viable dags retrieved from /opt/airflow/dags/sodai/__init__.py
[2025-11-18T22:33:10.072+0000] {processor.py:183} INFO - Processing /opt/airflow/dags/sodai/__init__.py took 0.094 seconds
[2025-11-18T22:33:40.558+0000] {processor.py:161} INFO - Started process (PID=3966) to work on /opt/airflow/dags/sodai/__init__.py
[2025-11-18T22:33:40.560+0000] {processor.py:830} INFO - Processing file /opt/airflow/dags/sodai/__init__.py for tasks to queue
[2025-11-18T22:33:40.563+0000] {logging_mixin.py:188} INFO - [2025-11-18T22:33:40.562+0000] {dagbag.py:540} INFO - Filling up the DagBag from /opt/airflow/dags/sodai/__init__.py
[2025-11-18T22:33:40.596+0000] {processor.py:842} WARNING - No viable dags retrieved from /opt/airflow/dags/sodai/__init__.py
[2025-11-18T22:33:40.608+0000] {processor.py:183} INFO - Processing /opt/airflow/dags/sodai/__init__.py took 0.055 seconds
[2025-11-18T22:34:10.863+0000] {processor.py:161} INFO - Started process (PID=3976) to work on /opt/airflow/dags/sodai/__init__.py
[2025-11-18T22:34:10.864+0000] {processor.py:830} INFO - Processing file /opt/airflow/dags/sodai/__init__.py for tasks to queue
[2025-11-18T22:34:10.865+0000] {logging_mixin.py:188} INFO - [2025-11-18T22:34:10.865+0000] {dagbag.py:540} INFO - Filling up the DagBag from /opt/airflow/dags/sodai/__init__.py
[2025-11-18T22:34:10.875+0000] {processor.py:842} WARNING - No viable dags retrieved from /opt/airflow/dags/sodai/__init__.py
[2025-11-18T22:34:10.885+0000] {processor.py:183} INFO - Processing /opt/airflow/dags/sodai/__init__.py took 0.026 seconds
[2025-11-18T22:34:41.062+0000] {processor.py:161} INFO - Started process (PID=3986) to work on /opt/airflow/dags/sodai/__init__.py
[2025-11-18T22:34:41.063+0000] {processor.py:830} INFO - Processing file /opt/airflow/dags/sodai/__init__.py for tasks to queue
[2025-11-18T22:34:41.064+0000] {logging_mixin.py:188} INFO - [2025-11-18T22:34:41.064+0000] {dagbag.py:540} INFO - Filling up the DagBag from /opt/airflow/dags/sodai/__init__.py
[2025-11-18T22:34:41.071+0000] {processor.py:842} WARNING - No viable dags retrieved from /opt/airflow/dags/sodai/__init__.py
[2025-11-18T22:34:41.082+0000] {processor.py:183} INFO - Processing /opt/airflow/dags/sodai/__init__.py took 0.025 seconds
[2025-11-18T22:35:11.345+0000] {processor.py:161} INFO - Started process (PID=3996) to work on /opt/airflow/dags/sodai/__init__.py
[2025-11-18T22:35:11.347+0000] {processor.py:830} INFO - Processing file /opt/airflow/dags/sodai/__init__.py for tasks to queue
[2025-11-18T22:35:11.350+0000] {logging_mixin.py:188} INFO - [2025-11-18T22:35:11.349+0000] {dagbag.py:540} INFO - Filling up the DagBag from /opt/airflow/dags/sodai/__init__.py
[2025-11-18T22:35:11.390+0000] {processor.py:842} WARNING - No viable dags retrieved from /opt/airflow/dags/sodai/__init__.py
[2025-11-18T22:35:11.401+0000] {processor.py:183} INFO - Processing /opt/airflow/dags/sodai/__init__.py took 0.060 seconds
[2025-11-18T22:35:41.842+0000] {processor.py:161} INFO - Started process (PID=4006) to work on /opt/airflow/dags/sodai/__init__.py
[2025-11-18T22:35:41.843+0000] {processor.py:830} INFO - Processing file /opt/airflow/dags/sodai/__init__.py for tasks to queue
[2025-11-18T22:35:41.845+0000] {logging_mixin.py:188} INFO - [2025-11-18T22:35:41.844+0000] {dagbag.py:540} INFO - Filling up the DagBag from /opt/airflow/dags/sodai/__init__.py
[2025-11-18T22:35:41.863+0000] {processor.py:842} WARNING - No viable dags retrieved from /opt/airflow/dags/sodai/__init__.py
[2025-11-18T22:35:41.875+0000] {processor.py:183} INFO - Processing /opt/airflow/dags/sodai/__init__.py took 0.038 seconds
[2025-11-18T22:36:12.210+0000] {processor.py:161} INFO - Started process (PID=4016) to work on /opt/airflow/dags/sodai/__init__.py
[2025-11-18T22:36:12.211+0000] {processor.py:830} INFO - Processing file /opt/airflow/dags/sodai/__init__.py for tasks to queue
[2025-11-18T22:36:12.213+0000] {logging_mixin.py:188} INFO - [2025-11-18T22:36:12.213+0000] {dagbag.py:540} INFO - Filling up the DagBag from /opt/airflow/dags/sodai/__init__.py
[2025-11-18T22:36:12.245+0000] {processor.py:842} WARNING - No viable dags retrieved from /opt/airflow/dags/sodai/__init__.py
[2025-11-18T22:36:12.256+0000] {processor.py:183} INFO - Processing /opt/airflow/dags/sodai/__init__.py took 0.050 seconds
[2025-11-18T22:36:42.385+0000] {processor.py:161} INFO - Started process (PID=4026) to work on /opt/airflow/dags/sodai/__init__.py
[2025-11-18T22:36:42.386+0000] {processor.py:830} INFO - Processing file /opt/airflow/dags/sodai/__init__.py for tasks to queue
[2025-11-18T22:36:42.387+0000] {logging_mixin.py:188} INFO - [2025-11-18T22:36:42.387+0000] {dagbag.py:540} INFO - Filling up the DagBag from /opt/airflow/dags/sodai/__init__.py
[2025-11-18T22:36:42.399+0000] {processor.py:842} WARNING - No viable dags retrieved from /opt/airflow/dags/sodai/__init__.py
[2025-11-18T22:36:42.410+0000] {processor.py:183} INFO - Processing /opt/airflow/dags/sodai/__init__.py took 0.030 seconds
[2025-11-18T22:37:12.618+0000] {processor.py:161} INFO - Started process (PID=4036) to work on /opt/airflow/dags/sodai/__init__.py
[2025-11-18T22:37:12.631+0000] {processor.py:830} INFO - Processing file /opt/airflow/dags/sodai/__init__.py for tasks to queue
[2025-11-18T22:37:12.634+0000] {logging_mixin.py:188} INFO - [2025-11-18T22:37:12.634+0000] {dagbag.py:540} INFO - Filling up the DagBag from /opt/airflow/dags/sodai/__init__.py
[2025-11-18T22:37:12.650+0000] {processor.py:842} WARNING - No viable dags retrieved from /opt/airflow/dags/sodai/__init__.py
[2025-11-18T22:37:12.661+0000] {processor.py:183} INFO - Processing /opt/airflow/dags/sodai/__init__.py took 0.047 seconds
[2025-11-18T22:37:42.806+0000] {processor.py:161} INFO - Started process (PID=4046) to work on /opt/airflow/dags/sodai/__init__.py
[2025-11-18T22:37:42.807+0000] {processor.py:830} INFO - Processing file /opt/airflow/dags/sodai/__init__.py for tasks to queue
[2025-11-18T22:37:42.808+0000] {logging_mixin.py:188} INFO - [2025-11-18T22:37:42.808+0000] {dagbag.py:540} INFO - Filling up the DagBag from /opt/airflow/dags/sodai/__init__.py
[2025-11-18T22:37:42.826+0000] {processor.py:842} WARNING - No viable dags retrieved from /opt/airflow/dags/sodai/__init__.py
[2025-11-18T22:37:42.836+0000] {processor.py:183} INFO - Processing /opt/airflow/dags/sodai/__init__.py took 0.034 seconds
[2025-11-18T22:38:13.052+0000] {processor.py:161} INFO - Started process (PID=4056) to work on /opt/airflow/dags/sodai/__init__.py
[2025-11-18T22:38:13.053+0000] {processor.py:830} INFO - Processing file /opt/airflow/dags/sodai/__init__.py for tasks to queue
[2025-11-18T22:38:13.055+0000] {logging_mixin.py:188} INFO - [2025-11-18T22:38:13.055+0000] {dagbag.py:540} INFO - Filling up the DagBag from /opt/airflow/dags/sodai/__init__.py
[2025-11-18T22:38:13.064+0000] {processor.py:842} WARNING - No viable dags retrieved from /opt/airflow/dags/sodai/__init__.py
[2025-11-18T22:38:13.075+0000] {processor.py:183} INFO - Processing /opt/airflow/dags/sodai/__init__.py took 0.027 seconds
[2025-11-18T22:38:43.248+0000] {processor.py:161} INFO - Started process (PID=4066) to work on /opt/airflow/dags/sodai/__init__.py
[2025-11-18T22:38:43.250+0000] {processor.py:830} INFO - Processing file /opt/airflow/dags/sodai/__init__.py for tasks to queue
[2025-11-18T22:38:43.251+0000] {logging_mixin.py:188} INFO - [2025-11-18T22:38:43.251+0000] {dagbag.py:540} INFO - Filling up the DagBag from /opt/airflow/dags/sodai/__init__.py
[2025-11-18T22:38:43.258+0000] {processor.py:842} WARNING - No viable dags retrieved from /opt/airflow/dags/sodai/__init__.py
[2025-11-18T22:38:43.269+0000] {processor.py:183} INFO - Processing /opt/airflow/dags/sodai/__init__.py took 0.025 seconds
[2025-11-18T22:39:13.526+0000] {processor.py:161} INFO - Started process (PID=4076) to work on /opt/airflow/dags/sodai/__init__.py
[2025-11-18T22:39:13.527+0000] {processor.py:830} INFO - Processing file /opt/airflow/dags/sodai/__init__.py for tasks to queue
[2025-11-18T22:39:13.528+0000] {logging_mixin.py:188} INFO - [2025-11-18T22:39:13.528+0000] {dagbag.py:540} INFO - Filling up the DagBag from /opt/airflow/dags/sodai/__init__.py
[2025-11-18T22:39:13.543+0000] {processor.py:842} WARNING - No viable dags retrieved from /opt/airflow/dags/sodai/__init__.py
[2025-11-18T22:39:13.553+0000] {processor.py:183} INFO - Processing /opt/airflow/dags/sodai/__init__.py took 0.032 seconds
[2025-11-18T22:39:43.656+0000] {processor.py:161} INFO - Started process (PID=4086) to work on /opt/airflow/dags/sodai/__init__.py
[2025-11-18T22:39:43.657+0000] {processor.py:830} INFO - Processing file /opt/airflow/dags/sodai/__init__.py for tasks to queue
[2025-11-18T22:39:43.658+0000] {logging_mixin.py:188} INFO - [2025-11-18T22:39:43.658+0000] {dagbag.py:540} INFO - Filling up the DagBag from /opt/airflow/dags/sodai/__init__.py
[2025-11-18T22:39:43.674+0000] {processor.py:842} WARNING - No viable dags retrieved from /opt/airflow/dags/sodai/__init__.py
[2025-11-18T22:39:43.684+0000] {processor.py:183} INFO - Processing /opt/airflow/dags/sodai/__init__.py took 0.032 seconds
[2025-11-18T22:40:13.883+0000] {processor.py:161} INFO - Started process (PID=4096) to work on /opt/airflow/dags/sodai/__init__.py
[2025-11-18T22:40:13.886+0000] {processor.py:830} INFO - Processing file /opt/airflow/dags/sodai/__init__.py for tasks to queue
[2025-11-18T22:40:13.888+0000] {logging_mixin.py:188} INFO - [2025-11-18T22:40:13.888+0000] {dagbag.py:540} INFO - Filling up the DagBag from /opt/airflow/dags/sodai/__init__.py
[2025-11-18T22:40:13.903+0000] {processor.py:842} WARNING - No viable dags retrieved from /opt/airflow/dags/sodai/__init__.py
[2025-11-18T22:40:13.916+0000] {processor.py:183} INFO - Processing /opt/airflow/dags/sodai/__init__.py took 0.038 seconds
[2025-11-18T22:40:44.139+0000] {processor.py:161} INFO - Started process (PID=4106) to work on /opt/airflow/dags/sodai/__init__.py
[2025-11-18T22:40:44.139+0000] {processor.py:830} INFO - Processing file /opt/airflow/dags/sodai/__init__.py for tasks to queue
[2025-11-18T22:40:44.141+0000] {logging_mixin.py:188} INFO - [2025-11-18T22:40:44.140+0000] {dagbag.py:540} INFO - Filling up the DagBag from /opt/airflow/dags/sodai/__init__.py
[2025-11-18T22:40:44.148+0000] {processor.py:842} WARNING - No viable dags retrieved from /opt/airflow/dags/sodai/__init__.py
[2025-11-18T22:40:44.157+0000] {processor.py:183} INFO - Processing /opt/airflow/dags/sodai/__init__.py took 0.024 seconds
[2025-11-18T22:41:14.232+0000] {processor.py:161} INFO - Started process (PID=4116) to work on /opt/airflow/dags/sodai/__init__.py
[2025-11-18T22:41:14.233+0000] {processor.py:830} INFO - Processing file /opt/airflow/dags/sodai/__init__.py for tasks to queue
[2025-11-18T22:41:14.234+0000] {logging_mixin.py:188} INFO - [2025-11-18T22:41:14.234+0000] {dagbag.py:540} INFO - Filling up the DagBag from /opt/airflow/dags/sodai/__init__.py
[2025-11-18T22:41:14.247+0000] {processor.py:842} WARNING - No viable dags retrieved from /opt/airflow/dags/sodai/__init__.py
[2025-11-18T22:41:14.256+0000] {processor.py:183} INFO - Processing /opt/airflow/dags/sodai/__init__.py took 0.028 seconds
[2025-11-18T22:41:44.477+0000] {processor.py:161} INFO - Started process (PID=4126) to work on /opt/airflow/dags/sodai/__init__.py
[2025-11-18T22:41:44.478+0000] {processor.py:830} INFO - Processing file /opt/airflow/dags/sodai/__init__.py for tasks to queue
[2025-11-18T22:41:44.479+0000] {logging_mixin.py:188} INFO - [2025-11-18T22:41:44.479+0000] {dagbag.py:540} INFO - Filling up the DagBag from /opt/airflow/dags/sodai/__init__.py
[2025-11-18T22:41:44.495+0000] {processor.py:842} WARNING - No viable dags retrieved from /opt/airflow/dags/sodai/__init__.py
[2025-11-18T22:41:44.506+0000] {processor.py:183} INFO - Processing /opt/airflow/dags/sodai/__init__.py took 0.033 seconds
[2025-11-18T22:42:14.739+0000] {processor.py:161} INFO - Started process (PID=4136) to work on /opt/airflow/dags/sodai/__init__.py
[2025-11-18T22:42:14.740+0000] {processor.py:830} INFO - Processing file /opt/airflow/dags/sodai/__init__.py for tasks to queue
[2025-11-18T22:42:14.741+0000] {logging_mixin.py:188} INFO - [2025-11-18T22:42:14.741+0000] {dagbag.py:540} INFO - Filling up the DagBag from /opt/airflow/dags/sodai/__init__.py
[2025-11-18T22:42:14.757+0000] {processor.py:842} WARNING - No viable dags retrieved from /opt/airflow/dags/sodai/__init__.py
[2025-11-18T22:42:14.768+0000] {processor.py:183} INFO - Processing /opt/airflow/dags/sodai/__init__.py took 0.034 seconds
[2025-11-18T22:42:44.913+0000] {processor.py:161} INFO - Started process (PID=4146) to work on /opt/airflow/dags/sodai/__init__.py
[2025-11-18T22:42:44.914+0000] {processor.py:830} INFO - Processing file /opt/airflow/dags/sodai/__init__.py for tasks to queue
[2025-11-18T22:42:44.916+0000] {logging_mixin.py:188} INFO - [2025-11-18T22:42:44.915+0000] {dagbag.py:540} INFO - Filling up the DagBag from /opt/airflow/dags/sodai/__init__.py
[2025-11-18T22:42:44.926+0000] {processor.py:842} WARNING - No viable dags retrieved from /opt/airflow/dags/sodai/__init__.py
[2025-11-18T22:42:44.938+0000] {processor.py:183} INFO - Processing /opt/airflow/dags/sodai/__init__.py took 0.028 seconds
[2025-11-18T22:43:15.181+0000] {processor.py:161} INFO - Started process (PID=4156) to work on /opt/airflow/dags/sodai/__init__.py
[2025-11-18T22:43:15.183+0000] {processor.py:830} INFO - Processing file /opt/airflow/dags/sodai/__init__.py for tasks to queue
[2025-11-18T22:43:15.184+0000] {logging_mixin.py:188} INFO - [2025-11-18T22:43:15.184+0000] {dagbag.py:540} INFO - Filling up the DagBag from /opt/airflow/dags/sodai/__init__.py
[2025-11-18T22:43:15.198+0000] {processor.py:842} WARNING - No viable dags retrieved from /opt/airflow/dags/sodai/__init__.py
[2025-11-18T22:43:15.209+0000] {processor.py:183} INFO - Processing /opt/airflow/dags/sodai/__init__.py took 0.031 seconds
[2025-11-18T22:43:45.693+0000] {processor.py:161} INFO - Started process (PID=4166) to work on /opt/airflow/dags/sodai/__init__.py
[2025-11-18T22:43:45.694+0000] {processor.py:830} INFO - Processing file /opt/airflow/dags/sodai/__init__.py for tasks to queue
[2025-11-18T22:43:45.695+0000] {logging_mixin.py:188} INFO - [2025-11-18T22:43:45.695+0000] {dagbag.py:540} INFO - Filling up the DagBag from /opt/airflow/dags/sodai/__init__.py
[2025-11-18T22:43:45.710+0000] {processor.py:842} WARNING - No viable dags retrieved from /opt/airflow/dags/sodai/__init__.py
[2025-11-18T22:43:45.721+0000] {processor.py:183} INFO - Processing /opt/airflow/dags/sodai/__init__.py took 0.033 seconds
[2025-11-18T22:44:15.887+0000] {processor.py:161} INFO - Started process (PID=4176) to work on /opt/airflow/dags/sodai/__init__.py
[2025-11-18T22:44:15.890+0000] {processor.py:830} INFO - Processing file /opt/airflow/dags/sodai/__init__.py for tasks to queue
[2025-11-18T22:44:15.893+0000] {logging_mixin.py:188} INFO - [2025-11-18T22:44:15.893+0000] {dagbag.py:540} INFO - Filling up the DagBag from /opt/airflow/dags/sodai/__init__.py
[2025-11-18T22:44:15.901+0000] {processor.py:842} WARNING - No viable dags retrieved from /opt/airflow/dags/sodai/__init__.py
[2025-11-18T22:44:15.912+0000] {processor.py:183} INFO - Processing /opt/airflow/dags/sodai/__init__.py took 0.029 seconds
[2025-11-18T22:44:46.121+0000] {processor.py:161} INFO - Started process (PID=4186) to work on /opt/airflow/dags/sodai/__init__.py
[2025-11-18T22:44:46.122+0000] {processor.py:830} INFO - Processing file /opt/airflow/dags/sodai/__init__.py for tasks to queue
[2025-11-18T22:44:46.123+0000] {logging_mixin.py:188} INFO - [2025-11-18T22:44:46.123+0000] {dagbag.py:540} INFO - Filling up the DagBag from /opt/airflow/dags/sodai/__init__.py
[2025-11-18T22:44:46.131+0000] {processor.py:842} WARNING - No viable dags retrieved from /opt/airflow/dags/sodai/__init__.py
[2025-11-18T22:44:46.144+0000] {processor.py:183} INFO - Processing /opt/airflow/dags/sodai/__init__.py took 0.027 seconds
[2025-11-18T22:45:16.381+0000] {processor.py:161} INFO - Started process (PID=4196) to work on /opt/airflow/dags/sodai/__init__.py
[2025-11-18T22:45:16.382+0000] {processor.py:830} INFO - Processing file /opt/airflow/dags/sodai/__init__.py for tasks to queue
[2025-11-18T22:45:16.390+0000] {logging_mixin.py:188} INFO - [2025-11-18T22:45:16.390+0000] {dagbag.py:540} INFO - Filling up the DagBag from /opt/airflow/dags/sodai/__init__.py
[2025-11-18T22:45:16.406+0000] {processor.py:842} WARNING - No viable dags retrieved from /opt/airflow/dags/sodai/__init__.py
[2025-11-18T22:45:16.417+0000] {processor.py:183} INFO - Processing /opt/airflow/dags/sodai/__init__.py took 0.040 seconds
[2025-11-18T22:45:46.793+0000] {processor.py:161} INFO - Started process (PID=4206) to work on /opt/airflow/dags/sodai/__init__.py
[2025-11-18T22:45:46.794+0000] {processor.py:830} INFO - Processing file /opt/airflow/dags/sodai/__init__.py for tasks to queue
[2025-11-18T22:45:46.796+0000] {logging_mixin.py:188} INFO - [2025-11-18T22:45:46.796+0000] {dagbag.py:540} INFO - Filling up the DagBag from /opt/airflow/dags/sodai/__init__.py
[2025-11-18T22:45:46.813+0000] {processor.py:842} WARNING - No viable dags retrieved from /opt/airflow/dags/sodai/__init__.py
[2025-11-18T22:45:46.826+0000] {processor.py:183} INFO - Processing /opt/airflow/dags/sodai/__init__.py took 0.038 seconds
[2025-11-18T22:46:16.904+0000] {processor.py:161} INFO - Started process (PID=4216) to work on /opt/airflow/dags/sodai/__init__.py
[2025-11-18T22:46:16.905+0000] {processor.py:830} INFO - Processing file /opt/airflow/dags/sodai/__init__.py for tasks to queue
[2025-11-18T22:46:16.907+0000] {logging_mixin.py:188} INFO - [2025-11-18T22:46:16.906+0000] {dagbag.py:540} INFO - Filling up the DagBag from /opt/airflow/dags/sodai/__init__.py
[2025-11-18T22:46:16.915+0000] {processor.py:842} WARNING - No viable dags retrieved from /opt/airflow/dags/sodai/__init__.py
[2025-11-18T22:46:16.925+0000] {processor.py:183} INFO - Processing /opt/airflow/dags/sodai/__init__.py took 0.025 seconds
[2025-11-18T22:46:47.139+0000] {processor.py:161} INFO - Started process (PID=4226) to work on /opt/airflow/dags/sodai/__init__.py
[2025-11-18T22:46:47.139+0000] {processor.py:830} INFO - Processing file /opt/airflow/dags/sodai/__init__.py for tasks to queue
[2025-11-18T22:46:47.141+0000] {logging_mixin.py:188} INFO - [2025-11-18T22:46:47.140+0000] {dagbag.py:540} INFO - Filling up the DagBag from /opt/airflow/dags/sodai/__init__.py
[2025-11-18T22:46:47.157+0000] {processor.py:842} WARNING - No viable dags retrieved from /opt/airflow/dags/sodai/__init__.py
[2025-11-18T22:46:47.168+0000] {processor.py:183} INFO - Processing /opt/airflow/dags/sodai/__init__.py took 0.034 seconds
[2025-11-18T22:47:17.315+0000] {processor.py:161} INFO - Started process (PID=4236) to work on /opt/airflow/dags/sodai/__init__.py
[2025-11-18T22:47:17.316+0000] {processor.py:830} INFO - Processing file /opt/airflow/dags/sodai/__init__.py for tasks to queue
[2025-11-18T22:47:17.318+0000] {logging_mixin.py:188} INFO - [2025-11-18T22:47:17.317+0000] {dagbag.py:540} INFO - Filling up the DagBag from /opt/airflow/dags/sodai/__init__.py
[2025-11-18T22:47:17.340+0000] {processor.py:842} WARNING - No viable dags retrieved from /opt/airflow/dags/sodai/__init__.py
[2025-11-18T22:47:17.351+0000] {processor.py:183} INFO - Processing /opt/airflow/dags/sodai/__init__.py took 0.040 seconds
[2025-11-18T22:47:47.530+0000] {processor.py:161} INFO - Started process (PID=4246) to work on /opt/airflow/dags/sodai/__init__.py
[2025-11-18T22:47:47.531+0000] {processor.py:830} INFO - Processing file /opt/airflow/dags/sodai/__init__.py for tasks to queue
[2025-11-18T22:47:47.532+0000] {logging_mixin.py:188} INFO - [2025-11-18T22:47:47.532+0000] {dagbag.py:540} INFO - Filling up the DagBag from /opt/airflow/dags/sodai/__init__.py
[2025-11-18T22:47:47.545+0000] {processor.py:842} WARNING - No viable dags retrieved from /opt/airflow/dags/sodai/__init__.py
[2025-11-18T22:47:47.555+0000] {processor.py:183} INFO - Processing /opt/airflow/dags/sodai/__init__.py took 0.029 seconds
[2025-11-18T22:48:17.691+0000] {processor.py:161} INFO - Started process (PID=4256) to work on /opt/airflow/dags/sodai/__init__.py
[2025-11-18T22:48:17.691+0000] {processor.py:830} INFO - Processing file /opt/airflow/dags/sodai/__init__.py for tasks to queue
[2025-11-18T22:48:17.693+0000] {logging_mixin.py:188} INFO - [2025-11-18T22:48:17.692+0000] {dagbag.py:540} INFO - Filling up the DagBag from /opt/airflow/dags/sodai/__init__.py
[2025-11-18T22:48:17.701+0000] {processor.py:842} WARNING - No viable dags retrieved from /opt/airflow/dags/sodai/__init__.py
[2025-11-18T22:48:17.711+0000] {processor.py:183} INFO - Processing /opt/airflow/dags/sodai/__init__.py took 0.024 seconds
[2025-11-18T22:48:47.988+0000] {processor.py:161} INFO - Started process (PID=4266) to work on /opt/airflow/dags/sodai/__init__.py
[2025-11-18T22:48:47.989+0000] {processor.py:830} INFO - Processing file /opt/airflow/dags/sodai/__init__.py for tasks to queue
[2025-11-18T22:48:47.992+0000] {logging_mixin.py:188} INFO - [2025-11-18T22:48:47.992+0000] {dagbag.py:540} INFO - Filling up the DagBag from /opt/airflow/dags/sodai/__init__.py
[2025-11-18T22:48:48.051+0000] {processor.py:842} WARNING - No viable dags retrieved from /opt/airflow/dags/sodai/__init__.py
[2025-11-18T22:48:48.061+0000] {processor.py:183} INFO - Processing /opt/airflow/dags/sodai/__init__.py took 0.078 seconds
[2025-11-18T22:49:18.142+0000] {processor.py:161} INFO - Started process (PID=4276) to work on /opt/airflow/dags/sodai/__init__.py
[2025-11-18T22:49:18.142+0000] {processor.py:830} INFO - Processing file /opt/airflow/dags/sodai/__init__.py for tasks to queue
[2025-11-18T22:49:18.144+0000] {logging_mixin.py:188} INFO - [2025-11-18T22:49:18.144+0000] {dagbag.py:540} INFO - Filling up the DagBag from /opt/airflow/dags/sodai/__init__.py
[2025-11-18T22:49:18.157+0000] {processor.py:842} WARNING - No viable dags retrieved from /opt/airflow/dags/sodai/__init__.py
[2025-11-18T22:49:18.168+0000] {processor.py:183} INFO - Processing /opt/airflow/dags/sodai/__init__.py took 0.030 seconds
[2025-11-18T22:49:48.313+0000] {processor.py:161} INFO - Started process (PID=4286) to work on /opt/airflow/dags/sodai/__init__.py
[2025-11-18T22:49:48.314+0000] {processor.py:830} INFO - Processing file /opt/airflow/dags/sodai/__init__.py for tasks to queue
[2025-11-18T22:49:48.316+0000] {logging_mixin.py:188} INFO - [2025-11-18T22:49:48.316+0000] {dagbag.py:540} INFO - Filling up the DagBag from /opt/airflow/dags/sodai/__init__.py
[2025-11-18T22:49:48.332+0000] {processor.py:842} WARNING - No viable dags retrieved from /opt/airflow/dags/sodai/__init__.py
[2025-11-18T22:49:48.343+0000] {processor.py:183} INFO - Processing /opt/airflow/dags/sodai/__init__.py took 0.035 seconds
[2025-11-18T22:50:18.670+0000] {processor.py:161} INFO - Started process (PID=4296) to work on /opt/airflow/dags/sodai/__init__.py
[2025-11-18T22:50:18.671+0000] {processor.py:830} INFO - Processing file /opt/airflow/dags/sodai/__init__.py for tasks to queue
[2025-11-18T22:50:18.673+0000] {logging_mixin.py:188} INFO - [2025-11-18T22:50:18.672+0000] {dagbag.py:540} INFO - Filling up the DagBag from /opt/airflow/dags/sodai/__init__.py
[2025-11-18T22:50:18.682+0000] {processor.py:842} WARNING - No viable dags retrieved from /opt/airflow/dags/sodai/__init__.py
[2025-11-18T22:50:18.693+0000] {processor.py:183} INFO - Processing /opt/airflow/dags/sodai/__init__.py took 0.029 seconds
[2025-11-18T22:50:48.979+0000] {processor.py:161} INFO - Started process (PID=4306) to work on /opt/airflow/dags/sodai/__init__.py
[2025-11-18T22:50:48.981+0000] {processor.py:830} INFO - Processing file /opt/airflow/dags/sodai/__init__.py for tasks to queue
[2025-11-18T22:50:48.982+0000] {logging_mixin.py:188} INFO - [2025-11-18T22:50:48.982+0000] {dagbag.py:540} INFO - Filling up the DagBag from /opt/airflow/dags/sodai/__init__.py
[2025-11-18T22:50:48.991+0000] {processor.py:842} WARNING - No viable dags retrieved from /opt/airflow/dags/sodai/__init__.py
[2025-11-18T22:50:49.002+0000] {processor.py:183} INFO - Processing /opt/airflow/dags/sodai/__init__.py took 0.028 seconds
[2025-11-18T22:51:19.322+0000] {processor.py:161} INFO - Started process (PID=4316) to work on /opt/airflow/dags/sodai/__init__.py
[2025-11-18T22:51:19.324+0000] {processor.py:830} INFO - Processing file /opt/airflow/dags/sodai/__init__.py for tasks to queue
[2025-11-18T22:51:19.325+0000] {logging_mixin.py:188} INFO - [2025-11-18T22:51:19.325+0000] {dagbag.py:540} INFO - Filling up the DagBag from /opt/airflow/dags/sodai/__init__.py
[2025-11-18T22:51:19.333+0000] {processor.py:842} WARNING - No viable dags retrieved from /opt/airflow/dags/sodai/__init__.py
[2025-11-18T22:51:19.344+0000] {processor.py:183} INFO - Processing /opt/airflow/dags/sodai/__init__.py took 0.026 seconds
[2025-11-18T22:51:50.285+0000] {processor.py:161} INFO - Started process (PID=4326) to work on /opt/airflow/dags/sodai/__init__.py
[2025-11-18T22:51:50.286+0000] {processor.py:830} INFO - Processing file /opt/airflow/dags/sodai/__init__.py for tasks to queue
[2025-11-18T22:51:50.287+0000] {logging_mixin.py:188} INFO - [2025-11-18T22:51:50.287+0000] {dagbag.py:540} INFO - Filling up the DagBag from /opt/airflow/dags/sodai/__init__.py
[2025-11-18T22:51:50.295+0000] {processor.py:842} WARNING - No viable dags retrieved from /opt/airflow/dags/sodai/__init__.py
[2025-11-18T22:51:50.306+0000] {processor.py:183} INFO - Processing /opt/airflow/dags/sodai/__init__.py took 0.025 seconds
[2025-11-18T22:52:20.436+0000] {processor.py:161} INFO - Started process (PID=4336) to work on /opt/airflow/dags/sodai/__init__.py
[2025-11-18T22:52:20.438+0000] {processor.py:830} INFO - Processing file /opt/airflow/dags/sodai/__init__.py for tasks to queue
[2025-11-18T22:52:20.441+0000] {logging_mixin.py:188} INFO - [2025-11-18T22:52:20.441+0000] {dagbag.py:540} INFO - Filling up the DagBag from /opt/airflow/dags/sodai/__init__.py
[2025-11-18T22:52:20.449+0000] {processor.py:842} WARNING - No viable dags retrieved from /opt/airflow/dags/sodai/__init__.py
[2025-11-18T22:52:20.461+0000] {processor.py:183} INFO - Processing /opt/airflow/dags/sodai/__init__.py took 0.030 seconds
[2025-11-18T22:52:50.729+0000] {processor.py:161} INFO - Started process (PID=4346) to work on /opt/airflow/dags/sodai/__init__.py
[2025-11-18T22:52:50.730+0000] {processor.py:830} INFO - Processing file /opt/airflow/dags/sodai/__init__.py for tasks to queue
[2025-11-18T22:52:50.737+0000] {logging_mixin.py:188} INFO - [2025-11-18T22:52:50.736+0000] {dagbag.py:540} INFO - Filling up the DagBag from /opt/airflow/dags/sodai/__init__.py
[2025-11-18T22:52:50.746+0000] {processor.py:842} WARNING - No viable dags retrieved from /opt/airflow/dags/sodai/__init__.py
[2025-11-18T22:52:50.757+0000] {processor.py:183} INFO - Processing /opt/airflow/dags/sodai/__init__.py took 0.032 seconds
[2025-11-18T22:53:21.019+0000] {processor.py:161} INFO - Started process (PID=4356) to work on /opt/airflow/dags/sodai/__init__.py
[2025-11-18T22:53:21.020+0000] {processor.py:830} INFO - Processing file /opt/airflow/dags/sodai/__init__.py for tasks to queue
[2025-11-18T22:53:21.022+0000] {logging_mixin.py:188} INFO - [2025-11-18T22:53:21.022+0000] {dagbag.py:540} INFO - Filling up the DagBag from /opt/airflow/dags/sodai/__init__.py
[2025-11-18T22:53:21.037+0000] {processor.py:842} WARNING - No viable dags retrieved from /opt/airflow/dags/sodai/__init__.py
[2025-11-18T22:53:21.048+0000] {processor.py:183} INFO - Processing /opt/airflow/dags/sodai/__init__.py took 0.033 seconds
[2025-11-18T22:53:51.395+0000] {processor.py:161} INFO - Started process (PID=4366) to work on /opt/airflow/dags/sodai/__init__.py
[2025-11-18T22:53:51.395+0000] {processor.py:830} INFO - Processing file /opt/airflow/dags/sodai/__init__.py for tasks to queue
[2025-11-18T22:53:51.397+0000] {logging_mixin.py:188} INFO - [2025-11-18T22:53:51.396+0000] {dagbag.py:540} INFO - Filling up the DagBag from /opt/airflow/dags/sodai/__init__.py
[2025-11-18T22:53:51.404+0000] {processor.py:842} WARNING - No viable dags retrieved from /opt/airflow/dags/sodai/__init__.py
[2025-11-18T22:53:51.417+0000] {processor.py:183} INFO - Processing /opt/airflow/dags/sodai/__init__.py took 0.026 seconds
[2025-11-18T22:54:21.572+0000] {processor.py:161} INFO - Started process (PID=4373) to work on /opt/airflow/dags/sodai/__init__.py
[2025-11-18T22:54:21.573+0000] {processor.py:830} INFO - Processing file /opt/airflow/dags/sodai/__init__.py for tasks to queue
[2025-11-18T22:54:21.574+0000] {logging_mixin.py:188} INFO - [2025-11-18T22:54:21.574+0000] {dagbag.py:540} INFO - Filling up the DagBag from /opt/airflow/dags/sodai/__init__.py
[2025-11-18T22:54:21.603+0000] {processor.py:842} WARNING - No viable dags retrieved from /opt/airflow/dags/sodai/__init__.py
[2025-11-18T22:54:21.614+0000] {processor.py:183} INFO - Processing /opt/airflow/dags/sodai/__init__.py took 0.047 seconds
[2025-11-18T22:54:51.860+0000] {processor.py:161} INFO - Started process (PID=4386) to work on /opt/airflow/dags/sodai/__init__.py
[2025-11-18T22:54:51.861+0000] {processor.py:830} INFO - Processing file /opt/airflow/dags/sodai/__init__.py for tasks to queue
[2025-11-18T22:54:51.862+0000] {logging_mixin.py:188} INFO - [2025-11-18T22:54:51.862+0000] {dagbag.py:540} INFO - Filling up the DagBag from /opt/airflow/dags/sodai/__init__.py
[2025-11-18T22:54:51.870+0000] {processor.py:842} WARNING - No viable dags retrieved from /opt/airflow/dags/sodai/__init__.py
[2025-11-18T22:54:51.881+0000] {processor.py:183} INFO - Processing /opt/airflow/dags/sodai/__init__.py took 0.024 seconds
[2025-11-18T22:55:22.151+0000] {processor.py:161} INFO - Started process (PID=4396) to work on /opt/airflow/dags/sodai/__init__.py
[2025-11-18T22:55:22.153+0000] {processor.py:830} INFO - Processing file /opt/airflow/dags/sodai/__init__.py for tasks to queue
[2025-11-18T22:55:22.156+0000] {logging_mixin.py:188} INFO - [2025-11-18T22:55:22.156+0000] {dagbag.py:540} INFO - Filling up the DagBag from /opt/airflow/dags/sodai/__init__.py
[2025-11-18T22:55:22.164+0000] {processor.py:842} WARNING - No viable dags retrieved from /opt/airflow/dags/sodai/__init__.py
[2025-11-18T22:55:22.174+0000] {processor.py:183} INFO - Processing /opt/airflow/dags/sodai/__init__.py took 0.027 seconds
[2025-11-18T22:55:52.323+0000] {processor.py:161} INFO - Started process (PID=4406) to work on /opt/airflow/dags/sodai/__init__.py
[2025-11-18T22:55:52.324+0000] {processor.py:830} INFO - Processing file /opt/airflow/dags/sodai/__init__.py for tasks to queue
[2025-11-18T22:55:52.325+0000] {logging_mixin.py:188} INFO - [2025-11-18T22:55:52.325+0000] {dagbag.py:540} INFO - Filling up the DagBag from /opt/airflow/dags/sodai/__init__.py
[2025-11-18T22:55:52.333+0000] {processor.py:842} WARNING - No viable dags retrieved from /opt/airflow/dags/sodai/__init__.py
[2025-11-18T22:55:52.342+0000] {processor.py:183} INFO - Processing /opt/airflow/dags/sodai/__init__.py took 0.023 seconds
[2025-11-18T22:56:22.578+0000] {processor.py:161} INFO - Started process (PID=4416) to work on /opt/airflow/dags/sodai/__init__.py
[2025-11-18T22:56:22.578+0000] {processor.py:830} INFO - Processing file /opt/airflow/dags/sodai/__init__.py for tasks to queue
[2025-11-18T22:56:22.580+0000] {logging_mixin.py:188} INFO - [2025-11-18T22:56:22.580+0000] {dagbag.py:540} INFO - Filling up the DagBag from /opt/airflow/dags/sodai/__init__.py
[2025-11-18T22:56:22.590+0000] {processor.py:842} WARNING - No viable dags retrieved from /opt/airflow/dags/sodai/__init__.py
[2025-11-18T22:56:22.601+0000] {processor.py:183} INFO - Processing /opt/airflow/dags/sodai/__init__.py took 0.027 seconds
[2025-11-18T22:56:52.831+0000] {processor.py:161} INFO - Started process (PID=4426) to work on /opt/airflow/dags/sodai/__init__.py
[2025-11-18T22:56:52.831+0000] {processor.py:830} INFO - Processing file /opt/airflow/dags/sodai/__init__.py for tasks to queue
[2025-11-18T22:56:52.832+0000] {logging_mixin.py:188} INFO - [2025-11-18T22:56:52.832+0000] {dagbag.py:540} INFO - Filling up the DagBag from /opt/airflow/dags/sodai/__init__.py
[2025-11-18T22:56:52.841+0000] {processor.py:842} WARNING - No viable dags retrieved from /opt/airflow/dags/sodai/__init__.py
[2025-11-18T22:56:52.850+0000] {processor.py:183} INFO - Processing /opt/airflow/dags/sodai/__init__.py took 0.024 seconds
[2025-11-18T22:57:23.143+0000] {processor.py:161} INFO - Started process (PID=4436) to work on /opt/airflow/dags/sodai/__init__.py
[2025-11-18T22:57:23.145+0000] {processor.py:830} INFO - Processing file /opt/airflow/dags/sodai/__init__.py for tasks to queue
[2025-11-18T22:57:23.151+0000] {logging_mixin.py:188} INFO - [2025-11-18T22:57:23.151+0000] {dagbag.py:540} INFO - Filling up the DagBag from /opt/airflow/dags/sodai/__init__.py
[2025-11-18T22:57:23.243+0000] {processor.py:842} WARNING - No viable dags retrieved from /opt/airflow/dags/sodai/__init__.py
[2025-11-18T22:57:23.254+0000] {processor.py:183} INFO - Processing /opt/airflow/dags/sodai/__init__.py took 0.116 seconds
[2025-11-18T22:57:53.453+0000] {processor.py:161} INFO - Started process (PID=4446) to work on /opt/airflow/dags/sodai/__init__.py
[2025-11-18T22:57:53.454+0000] {processor.py:830} INFO - Processing file /opt/airflow/dags/sodai/__init__.py for tasks to queue
[2025-11-18T22:57:53.456+0000] {logging_mixin.py:188} INFO - [2025-11-18T22:57:53.456+0000] {dagbag.py:540} INFO - Filling up the DagBag from /opt/airflow/dags/sodai/__init__.py
[2025-11-18T22:57:53.481+0000] {processor.py:842} WARNING - No viable dags retrieved from /opt/airflow/dags/sodai/__init__.py
[2025-11-18T22:57:53.494+0000] {processor.py:183} INFO - Processing /opt/airflow/dags/sodai/__init__.py took 0.045 seconds
[2025-11-18T22:58:23.618+0000] {processor.py:161} INFO - Started process (PID=4456) to work on /opt/airflow/dags/sodai/__init__.py
[2025-11-18T22:58:23.619+0000] {processor.py:830} INFO - Processing file /opt/airflow/dags/sodai/__init__.py for tasks to queue
[2025-11-18T22:58:23.620+0000] {logging_mixin.py:188} INFO - [2025-11-18T22:58:23.620+0000] {dagbag.py:540} INFO - Filling up the DagBag from /opt/airflow/dags/sodai/__init__.py
[2025-11-18T22:58:23.642+0000] {processor.py:842} WARNING - No viable dags retrieved from /opt/airflow/dags/sodai/__init__.py
[2025-11-18T22:58:23.655+0000] {processor.py:183} INFO - Processing /opt/airflow/dags/sodai/__init__.py took 0.042 seconds
[2025-11-18T22:58:53.815+0000] {processor.py:161} INFO - Started process (PID=4466) to work on /opt/airflow/dags/sodai/__init__.py
[2025-11-18T22:58:53.816+0000] {processor.py:830} INFO - Processing file /opt/airflow/dags/sodai/__init__.py for tasks to queue
[2025-11-18T22:58:53.817+0000] {logging_mixin.py:188} INFO - [2025-11-18T22:58:53.817+0000] {dagbag.py:540} INFO - Filling up the DagBag from /opt/airflow/dags/sodai/__init__.py
[2025-11-18T22:58:53.828+0000] {processor.py:842} WARNING - No viable dags retrieved from /opt/airflow/dags/sodai/__init__.py
[2025-11-18T22:58:53.838+0000] {processor.py:183} INFO - Processing /opt/airflow/dags/sodai/__init__.py took 0.027 seconds
[2025-11-18T22:59:24.025+0000] {processor.py:161} INFO - Started process (PID=4476) to work on /opt/airflow/dags/sodai/__init__.py
[2025-11-18T22:59:24.026+0000] {processor.py:830} INFO - Processing file /opt/airflow/dags/sodai/__init__.py for tasks to queue
[2025-11-18T22:59:24.027+0000] {logging_mixin.py:188} INFO - [2025-11-18T22:59:24.027+0000] {dagbag.py:540} INFO - Filling up the DagBag from /opt/airflow/dags/sodai/__init__.py
[2025-11-18T22:59:24.044+0000] {processor.py:842} WARNING - No viable dags retrieved from /opt/airflow/dags/sodai/__init__.py
[2025-11-18T22:59:24.055+0000] {processor.py:183} INFO - Processing /opt/airflow/dags/sodai/__init__.py took 0.035 seconds
[2025-11-18T22:59:54.205+0000] {processor.py:161} INFO - Started process (PID=4486) to work on /opt/airflow/dags/sodai/__init__.py
[2025-11-18T22:59:54.206+0000] {processor.py:830} INFO - Processing file /opt/airflow/dags/sodai/__init__.py for tasks to queue
[2025-11-18T22:59:54.207+0000] {logging_mixin.py:188} INFO - [2025-11-18T22:59:54.207+0000] {dagbag.py:540} INFO - Filling up the DagBag from /opt/airflow/dags/sodai/__init__.py
[2025-11-18T22:59:54.215+0000] {processor.py:842} WARNING - No viable dags retrieved from /opt/airflow/dags/sodai/__init__.py
[2025-11-18T22:59:54.226+0000] {processor.py:183} INFO - Processing /opt/airflow/dags/sodai/__init__.py took 0.024 seconds
