[2025-11-19T16:24:53.543+0000] {processor.py:161} INFO - Started process (PID=191) to work on /opt/airflow/dags/sodai_pipeline_dag.py
[2025-11-19T16:24:53.544+0000] {processor.py:830} INFO - Processing file /opt/airflow/dags/sodai_pipeline_dag.py for tasks to queue
[2025-11-19T16:24:53.547+0000] {logging_mixin.py:188} INFO - [2025-11-19T16:24:53.546+0000] {dagbag.py:540} INFO - Filling up the DagBag from /opt/airflow/dags/sodai_pipeline_dag.py
[2025-11-19T16:24:53.597+0000] {processor.py:840} INFO - DAG(s) 'sodai_training_and_scoring' retrieved from /opt/airflow/dags/sodai_pipeline_dag.py
[2025-11-19T16:24:53.881+0000] {logging_mixin.py:188} INFO - [2025-11-19T16:24:53.879+0000] {override.py:1829} INFO - Created Permission View: can read on DAG:sodai_training_and_scoring
[2025-11-19T16:24:53.894+0000] {logging_mixin.py:188} INFO - [2025-11-19T16:24:53.894+0000] {override.py:1829} INFO - Created Permission View: can edit on DAG:sodai_training_and_scoring
[2025-11-19T16:24:53.907+0000] {logging_mixin.py:188} INFO - [2025-11-19T16:24:53.906+0000] {override.py:1829} INFO - Created Permission View: can delete on DAG:sodai_training_and_scoring
[2025-11-19T16:24:53.908+0000] {logging_mixin.py:188} INFO - [2025-11-19T16:24:53.907+0000] {dag.py:3096} INFO - Sync 1 DAGs
[2025-11-19T16:24:53.925+0000] {logging_mixin.py:188} INFO - [2025-11-19T16:24:53.924+0000] {dag.py:3118} INFO - Creating ORM DAG for sodai_training_and_scoring
[2025-11-19T16:24:53.927+0000] {logging_mixin.py:188} INFO - [2025-11-19T16:24:53.926+0000] {dag.py:3954} INFO - Setting next_dagrun for sodai_training_and_scoring to None, run_after=None
[2025-11-19T16:24:53.961+0000] {processor.py:183} INFO - Processing /opt/airflow/dags/sodai_pipeline_dag.py took 0.428 seconds
[2025-11-19T16:25:24.930+0000] {processor.py:161} INFO - Started process (PID=201) to work on /opt/airflow/dags/sodai_pipeline_dag.py
[2025-11-19T16:25:24.931+0000] {processor.py:830} INFO - Processing file /opt/airflow/dags/sodai_pipeline_dag.py for tasks to queue
[2025-11-19T16:25:24.934+0000] {logging_mixin.py:188} INFO - [2025-11-19T16:25:24.934+0000] {dagbag.py:540} INFO - Filling up the DagBag from /opt/airflow/dags/sodai_pipeline_dag.py
[2025-11-19T16:25:24.956+0000] {processor.py:840} INFO - DAG(s) 'sodai_training_and_scoring' retrieved from /opt/airflow/dags/sodai_pipeline_dag.py
[2025-11-19T16:25:24.989+0000] {logging_mixin.py:188} INFO - [2025-11-19T16:25:24.989+0000] {dag.py:3096} INFO - Sync 1 DAGs
[2025-11-19T16:25:25.003+0000] {logging_mixin.py:188} INFO - [2025-11-19T16:25:25.002+0000] {dag.py:3954} INFO - Setting next_dagrun for sodai_training_and_scoring to None, run_after=None
[2025-11-19T16:25:25.027+0000] {processor.py:183} INFO - Processing /opt/airflow/dags/sodai_pipeline_dag.py took 0.104 seconds
[2025-11-19T16:25:57.269+0000] {processor.py:161} INFO - Started process (PID=211) to work on /opt/airflow/dags/sodai_pipeline_dag.py
[2025-11-19T16:25:57.271+0000] {processor.py:830} INFO - Processing file /opt/airflow/dags/sodai_pipeline_dag.py for tasks to queue
[2025-11-19T16:25:57.275+0000] {logging_mixin.py:188} INFO - [2025-11-19T16:25:57.274+0000] {dagbag.py:540} INFO - Filling up the DagBag from /opt/airflow/dags/sodai_pipeline_dag.py
[2025-11-19T16:25:57.297+0000] {processor.py:840} INFO - DAG(s) 'sodai_training_and_scoring' retrieved from /opt/airflow/dags/sodai_pipeline_dag.py
[2025-11-19T16:25:57.325+0000] {logging_mixin.py:188} INFO - [2025-11-19T16:25:57.325+0000] {dag.py:3096} INFO - Sync 1 DAGs
[2025-11-19T16:25:57.339+0000] {logging_mixin.py:188} INFO - [2025-11-19T16:25:57.338+0000] {dag.py:3954} INFO - Setting next_dagrun for sodai_training_and_scoring to None, run_after=None
[2025-11-19T16:25:57.370+0000] {processor.py:183} INFO - Processing /opt/airflow/dags/sodai_pipeline_dag.py took 0.108 seconds
[2025-11-19T16:26:29.695+0000] {processor.py:161} INFO - Started process (PID=221) to work on /opt/airflow/dags/sodai_pipeline_dag.py
[2025-11-19T16:26:29.696+0000] {processor.py:830} INFO - Processing file /opt/airflow/dags/sodai_pipeline_dag.py for tasks to queue
[2025-11-19T16:26:29.698+0000] {logging_mixin.py:188} INFO - [2025-11-19T16:26:29.698+0000] {dagbag.py:540} INFO - Filling up the DagBag from /opt/airflow/dags/sodai_pipeline_dag.py
[2025-11-19T16:26:29.718+0000] {processor.py:840} INFO - DAG(s) 'sodai_training_and_scoring' retrieved from /opt/airflow/dags/sodai_pipeline_dag.py
[2025-11-19T16:26:29.751+0000] {logging_mixin.py:188} INFO - [2025-11-19T16:26:29.750+0000] {dag.py:3096} INFO - Sync 1 DAGs
[2025-11-19T16:26:29.764+0000] {logging_mixin.py:188} INFO - [2025-11-19T16:26:29.763+0000] {dag.py:3954} INFO - Setting next_dagrun for sodai_training_and_scoring to None, run_after=None
[2025-11-19T16:26:29.792+0000] {processor.py:183} INFO - Processing /opt/airflow/dags/sodai_pipeline_dag.py took 0.104 seconds
[2025-11-19T16:27:01.108+0000] {processor.py:161} INFO - Started process (PID=231) to work on /opt/airflow/dags/sodai_pipeline_dag.py
[2025-11-19T16:27:01.110+0000] {processor.py:830} INFO - Processing file /opt/airflow/dags/sodai_pipeline_dag.py for tasks to queue
[2025-11-19T16:27:01.112+0000] {logging_mixin.py:188} INFO - [2025-11-19T16:27:01.112+0000] {dagbag.py:540} INFO - Filling up the DagBag from /opt/airflow/dags/sodai_pipeline_dag.py
[2025-11-19T16:27:01.130+0000] {processor.py:840} INFO - DAG(s) 'sodai_training_and_scoring' retrieved from /opt/airflow/dags/sodai_pipeline_dag.py
[2025-11-19T16:27:01.156+0000] {logging_mixin.py:188} INFO - [2025-11-19T16:27:01.156+0000] {dag.py:3096} INFO - Sync 1 DAGs
[2025-11-19T16:27:01.166+0000] {logging_mixin.py:188} INFO - [2025-11-19T16:27:01.166+0000] {dag.py:3954} INFO - Setting next_dagrun for sodai_training_and_scoring to None, run_after=None
[2025-11-19T16:27:01.246+0000] {processor.py:183} INFO - Processing /opt/airflow/dags/sodai_pipeline_dag.py took 0.142 seconds
[2025-11-19T16:27:33.342+0000] {processor.py:161} INFO - Started process (PID=241) to work on /opt/airflow/dags/sodai_pipeline_dag.py
[2025-11-19T16:27:33.343+0000] {processor.py:830} INFO - Processing file /opt/airflow/dags/sodai_pipeline_dag.py for tasks to queue
[2025-11-19T16:27:33.345+0000] {logging_mixin.py:188} INFO - [2025-11-19T16:27:33.345+0000] {dagbag.py:540} INFO - Filling up the DagBag from /opt/airflow/dags/sodai_pipeline_dag.py
[2025-11-19T16:27:33.364+0000] {processor.py:840} INFO - DAG(s) 'sodai_training_and_scoring' retrieved from /opt/airflow/dags/sodai_pipeline_dag.py
[2025-11-19T16:27:33.395+0000] {logging_mixin.py:188} INFO - [2025-11-19T16:27:33.394+0000] {dag.py:3096} INFO - Sync 1 DAGs
[2025-11-19T16:27:33.407+0000] {logging_mixin.py:188} INFO - [2025-11-19T16:27:33.407+0000] {dag.py:3954} INFO - Setting next_dagrun for sodai_training_and_scoring to None, run_after=None
[2025-11-19T16:27:33.426+0000] {processor.py:183} INFO - Processing /opt/airflow/dags/sodai_pipeline_dag.py took 0.089 seconds
[2025-11-19T16:28:05.668+0000] {processor.py:161} INFO - Started process (PID=251) to work on /opt/airflow/dags/sodai_pipeline_dag.py
[2025-11-19T16:28:05.669+0000] {processor.py:830} INFO - Processing file /opt/airflow/dags/sodai_pipeline_dag.py for tasks to queue
[2025-11-19T16:28:05.670+0000] {logging_mixin.py:188} INFO - [2025-11-19T16:28:05.670+0000] {dagbag.py:540} INFO - Filling up the DagBag from /opt/airflow/dags/sodai_pipeline_dag.py
[2025-11-19T16:28:05.690+0000] {processor.py:840} INFO - DAG(s) 'sodai_training_and_scoring' retrieved from /opt/airflow/dags/sodai_pipeline_dag.py
[2025-11-19T16:28:05.720+0000] {logging_mixin.py:188} INFO - [2025-11-19T16:28:05.720+0000] {dag.py:3096} INFO - Sync 1 DAGs
[2025-11-19T16:28:05.733+0000] {logging_mixin.py:188} INFO - [2025-11-19T16:28:05.733+0000] {dag.py:3954} INFO - Setting next_dagrun for sodai_training_and_scoring to None, run_after=None
[2025-11-19T16:28:05.754+0000] {processor.py:183} INFO - Processing /opt/airflow/dags/sodai_pipeline_dag.py took 0.091 seconds
[2025-11-19T16:28:38.384+0000] {processor.py:161} INFO - Started process (PID=261) to work on /opt/airflow/dags/sodai_pipeline_dag.py
[2025-11-19T16:28:38.385+0000] {processor.py:830} INFO - Processing file /opt/airflow/dags/sodai_pipeline_dag.py for tasks to queue
[2025-11-19T16:28:38.387+0000] {logging_mixin.py:188} INFO - [2025-11-19T16:28:38.387+0000] {dagbag.py:540} INFO - Filling up the DagBag from /opt/airflow/dags/sodai_pipeline_dag.py
[2025-11-19T16:28:38.404+0000] {processor.py:840} INFO - DAG(s) 'sodai_training_and_scoring' retrieved from /opt/airflow/dags/sodai_pipeline_dag.py
[2025-11-19T16:28:38.431+0000] {logging_mixin.py:188} INFO - [2025-11-19T16:28:38.431+0000] {dag.py:3096} INFO - Sync 1 DAGs
[2025-11-19T16:28:38.442+0000] {logging_mixin.py:188} INFO - [2025-11-19T16:28:38.441+0000] {dag.py:3954} INFO - Setting next_dagrun for sodai_training_and_scoring to None, run_after=None
[2025-11-19T16:28:38.456+0000] {processor.py:183} INFO - Processing /opt/airflow/dags/sodai_pipeline_dag.py took 0.078 seconds
[2025-11-19T16:29:09.896+0000] {processor.py:161} INFO - Started process (PID=271) to work on /opt/airflow/dags/sodai_pipeline_dag.py
[2025-11-19T16:29:09.897+0000] {processor.py:830} INFO - Processing file /opt/airflow/dags/sodai_pipeline_dag.py for tasks to queue
[2025-11-19T16:29:09.899+0000] {logging_mixin.py:188} INFO - [2025-11-19T16:29:09.899+0000] {dagbag.py:540} INFO - Filling up the DagBag from /opt/airflow/dags/sodai_pipeline_dag.py
[2025-11-19T16:29:09.918+0000] {processor.py:840} INFO - DAG(s) 'sodai_training_and_scoring' retrieved from /opt/airflow/dags/sodai_pipeline_dag.py
[2025-11-19T16:29:09.947+0000] {logging_mixin.py:188} INFO - [2025-11-19T16:29:09.947+0000] {dag.py:3096} INFO - Sync 1 DAGs
[2025-11-19T16:29:09.959+0000] {logging_mixin.py:188} INFO - [2025-11-19T16:29:09.959+0000] {dag.py:3954} INFO - Setting next_dagrun for sodai_training_and_scoring to None, run_after=None
[2025-11-19T16:29:09.977+0000] {processor.py:183} INFO - Processing /opt/airflow/dags/sodai_pipeline_dag.py took 0.090 seconds
[2025-11-19T16:29:42.643+0000] {processor.py:161} INFO - Started process (PID=281) to work on /opt/airflow/dags/sodai_pipeline_dag.py
[2025-11-19T16:29:42.645+0000] {processor.py:830} INFO - Processing file /opt/airflow/dags/sodai_pipeline_dag.py for tasks to queue
[2025-11-19T16:29:42.648+0000] {logging_mixin.py:188} INFO - [2025-11-19T16:29:42.647+0000] {dagbag.py:540} INFO - Filling up the DagBag from /opt/airflow/dags/sodai_pipeline_dag.py
[2025-11-19T16:29:42.671+0000] {processor.py:840} INFO - DAG(s) 'sodai_training_and_scoring' retrieved from /opt/airflow/dags/sodai_pipeline_dag.py
[2025-11-19T16:29:42.705+0000] {logging_mixin.py:188} INFO - [2025-11-19T16:29:42.705+0000] {dag.py:3096} INFO - Sync 1 DAGs
[2025-11-19T16:29:42.721+0000] {logging_mixin.py:188} INFO - [2025-11-19T16:29:42.720+0000] {dag.py:3954} INFO - Setting next_dagrun for sodai_training_and_scoring to None, run_after=None
[2025-11-19T16:29:42.743+0000] {processor.py:183} INFO - Processing /opt/airflow/dags/sodai_pipeline_dag.py took 0.106 seconds
[2025-11-19T16:30:15.400+0000] {processor.py:161} INFO - Started process (PID=291) to work on /opt/airflow/dags/sodai_pipeline_dag.py
[2025-11-19T16:30:15.401+0000] {processor.py:830} INFO - Processing file /opt/airflow/dags/sodai_pipeline_dag.py for tasks to queue
[2025-11-19T16:30:15.402+0000] {logging_mixin.py:188} INFO - [2025-11-19T16:30:15.402+0000] {dagbag.py:540} INFO - Filling up the DagBag from /opt/airflow/dags/sodai_pipeline_dag.py
[2025-11-19T16:30:15.423+0000] {processor.py:840} INFO - DAG(s) 'sodai_training_and_scoring' retrieved from /opt/airflow/dags/sodai_pipeline_dag.py
[2025-11-19T16:30:15.453+0000] {logging_mixin.py:188} INFO - [2025-11-19T16:30:15.453+0000] {dag.py:3096} INFO - Sync 1 DAGs
[2025-11-19T16:30:15.467+0000] {logging_mixin.py:188} INFO - [2025-11-19T16:30:15.467+0000] {dag.py:3954} INFO - Setting next_dagrun for sodai_training_and_scoring to None, run_after=None
[2025-11-19T16:30:15.485+0000] {processor.py:183} INFO - Processing /opt/airflow/dags/sodai_pipeline_dag.py took 0.094 seconds
[2025-11-19T16:30:47.061+0000] {processor.py:161} INFO - Started process (PID=301) to work on /opt/airflow/dags/sodai_pipeline_dag.py
[2025-11-19T16:30:47.061+0000] {processor.py:830} INFO - Processing file /opt/airflow/dags/sodai_pipeline_dag.py for tasks to queue
[2025-11-19T16:30:47.063+0000] {logging_mixin.py:188} INFO - [2025-11-19T16:30:47.063+0000] {dagbag.py:540} INFO - Filling up the DagBag from /opt/airflow/dags/sodai_pipeline_dag.py
[2025-11-19T16:30:47.079+0000] {processor.py:840} INFO - DAG(s) 'sodai_training_and_scoring' retrieved from /opt/airflow/dags/sodai_pipeline_dag.py
[2025-11-19T16:30:47.104+0000] {logging_mixin.py:188} INFO - [2025-11-19T16:30:47.103+0000] {dag.py:3096} INFO - Sync 1 DAGs
[2025-11-19T16:30:47.114+0000] {logging_mixin.py:188} INFO - [2025-11-19T16:30:47.113+0000] {dag.py:3954} INFO - Setting next_dagrun for sodai_training_and_scoring to None, run_after=None
[2025-11-19T16:30:47.128+0000] {processor.py:183} INFO - Processing /opt/airflow/dags/sodai_pipeline_dag.py took 0.071 seconds
[2025-11-19T16:31:19.469+0000] {processor.py:161} INFO - Started process (PID=311) to work on /opt/airflow/dags/sodai_pipeline_dag.py
[2025-11-19T16:31:19.470+0000] {processor.py:830} INFO - Processing file /opt/airflow/dags/sodai_pipeline_dag.py for tasks to queue
[2025-11-19T16:31:19.472+0000] {logging_mixin.py:188} INFO - [2025-11-19T16:31:19.471+0000] {dagbag.py:540} INFO - Filling up the DagBag from /opt/airflow/dags/sodai_pipeline_dag.py
[2025-11-19T16:31:19.491+0000] {processor.py:840} INFO - DAG(s) 'sodai_training_and_scoring' retrieved from /opt/airflow/dags/sodai_pipeline_dag.py
[2025-11-19T16:31:19.519+0000] {logging_mixin.py:188} INFO - [2025-11-19T16:31:19.518+0000] {dag.py:3096} INFO - Sync 1 DAGs
[2025-11-19T16:31:19.530+0000] {logging_mixin.py:188} INFO - [2025-11-19T16:31:19.530+0000] {dag.py:3954} INFO - Setting next_dagrun for sodai_training_and_scoring to None, run_after=None
[2025-11-19T16:31:19.544+0000] {processor.py:183} INFO - Processing /opt/airflow/dags/sodai_pipeline_dag.py took 0.081 seconds
[2025-11-19T16:31:52.153+0000] {processor.py:161} INFO - Started process (PID=321) to work on /opt/airflow/dags/sodai_pipeline_dag.py
[2025-11-19T16:31:52.154+0000] {processor.py:830} INFO - Processing file /opt/airflow/dags/sodai_pipeline_dag.py for tasks to queue
[2025-11-19T16:31:52.156+0000] {logging_mixin.py:188} INFO - [2025-11-19T16:31:52.155+0000] {dagbag.py:540} INFO - Filling up the DagBag from /opt/airflow/dags/sodai_pipeline_dag.py
[2025-11-19T16:31:52.172+0000] {processor.py:840} INFO - DAG(s) 'sodai_training_and_scoring' retrieved from /opt/airflow/dags/sodai_pipeline_dag.py
[2025-11-19T16:31:52.197+0000] {logging_mixin.py:188} INFO - [2025-11-19T16:31:52.197+0000] {dag.py:3096} INFO - Sync 1 DAGs
[2025-11-19T16:31:52.206+0000] {logging_mixin.py:188} INFO - [2025-11-19T16:31:52.206+0000] {dag.py:3954} INFO - Setting next_dagrun for sodai_training_and_scoring to None, run_after=None
[2025-11-19T16:31:52.222+0000] {processor.py:183} INFO - Processing /opt/airflow/dags/sodai_pipeline_dag.py took 0.074 seconds
[2025-11-19T16:32:24.535+0000] {processor.py:161} INFO - Started process (PID=331) to work on /opt/airflow/dags/sodai_pipeline_dag.py
[2025-11-19T16:32:24.537+0000] {processor.py:830} INFO - Processing file /opt/airflow/dags/sodai_pipeline_dag.py for tasks to queue
[2025-11-19T16:32:24.539+0000] {logging_mixin.py:188} INFO - [2025-11-19T16:32:24.538+0000] {dagbag.py:540} INFO - Filling up the DagBag from /opt/airflow/dags/sodai_pipeline_dag.py
[2025-11-19T16:32:24.556+0000] {processor.py:840} INFO - DAG(s) 'sodai_training_and_scoring' retrieved from /opt/airflow/dags/sodai_pipeline_dag.py
[2025-11-19T16:32:24.583+0000] {logging_mixin.py:188} INFO - [2025-11-19T16:32:24.583+0000] {dag.py:3096} INFO - Sync 1 DAGs
[2025-11-19T16:32:24.594+0000] {logging_mixin.py:188} INFO - [2025-11-19T16:32:24.593+0000] {dag.py:3954} INFO - Setting next_dagrun for sodai_training_and_scoring to None, run_after=None
[2025-11-19T16:32:24.614+0000] {processor.py:183} INFO - Processing /opt/airflow/dags/sodai_pipeline_dag.py took 0.083 seconds
[2025-11-19T16:32:55.909+0000] {processor.py:161} INFO - Started process (PID=341) to work on /opt/airflow/dags/sodai_pipeline_dag.py
[2025-11-19T16:32:55.910+0000] {processor.py:830} INFO - Processing file /opt/airflow/dags/sodai_pipeline_dag.py for tasks to queue
[2025-11-19T16:32:55.912+0000] {logging_mixin.py:188} INFO - [2025-11-19T16:32:55.912+0000] {dagbag.py:540} INFO - Filling up the DagBag from /opt/airflow/dags/sodai_pipeline_dag.py
[2025-11-19T16:32:55.929+0000] {processor.py:840} INFO - DAG(s) 'sodai_training_and_scoring' retrieved from /opt/airflow/dags/sodai_pipeline_dag.py
[2025-11-19T16:32:55.957+0000] {logging_mixin.py:188} INFO - [2025-11-19T16:32:55.957+0000] {dag.py:3096} INFO - Sync 1 DAGs
[2025-11-19T16:32:55.968+0000] {logging_mixin.py:188} INFO - [2025-11-19T16:32:55.967+0000] {dag.py:3954} INFO - Setting next_dagrun for sodai_training_and_scoring to None, run_after=None
[2025-11-19T16:32:55.985+0000] {processor.py:183} INFO - Processing /opt/airflow/dags/sodai_pipeline_dag.py took 0.081 seconds
[2025-11-19T16:33:28.435+0000] {processor.py:161} INFO - Started process (PID=351) to work on /opt/airflow/dags/sodai_pipeline_dag.py
[2025-11-19T16:33:28.436+0000] {processor.py:830} INFO - Processing file /opt/airflow/dags/sodai_pipeline_dag.py for tasks to queue
[2025-11-19T16:33:28.438+0000] {logging_mixin.py:188} INFO - [2025-11-19T16:33:28.437+0000] {dagbag.py:540} INFO - Filling up the DagBag from /opt/airflow/dags/sodai_pipeline_dag.py
[2025-11-19T16:33:28.456+0000] {processor.py:840} INFO - DAG(s) 'sodai_training_and_scoring' retrieved from /opt/airflow/dags/sodai_pipeline_dag.py
[2025-11-19T16:33:28.486+0000] {logging_mixin.py:188} INFO - [2025-11-19T16:33:28.486+0000] {dag.py:3096} INFO - Sync 1 DAGs
[2025-11-19T16:33:28.497+0000] {logging_mixin.py:188} INFO - [2025-11-19T16:33:28.497+0000] {dag.py:3954} INFO - Setting next_dagrun for sodai_training_and_scoring to None, run_after=None
[2025-11-19T16:33:28.516+0000] {processor.py:183} INFO - Processing /opt/airflow/dags/sodai_pipeline_dag.py took 0.087 seconds
[2025-11-19T16:34:00.821+0000] {processor.py:161} INFO - Started process (PID=361) to work on /opt/airflow/dags/sodai_pipeline_dag.py
[2025-11-19T16:34:00.822+0000] {processor.py:830} INFO - Processing file /opt/airflow/dags/sodai_pipeline_dag.py for tasks to queue
[2025-11-19T16:34:00.825+0000] {logging_mixin.py:188} INFO - [2025-11-19T16:34:00.824+0000] {dagbag.py:540} INFO - Filling up the DagBag from /opt/airflow/dags/sodai_pipeline_dag.py
[2025-11-19T16:34:00.845+0000] {processor.py:840} INFO - DAG(s) 'sodai_training_and_scoring' retrieved from /opt/airflow/dags/sodai_pipeline_dag.py
[2025-11-19T16:34:00.873+0000] {logging_mixin.py:188} INFO - [2025-11-19T16:34:00.873+0000] {dag.py:3096} INFO - Sync 1 DAGs
[2025-11-19T16:34:00.886+0000] {logging_mixin.py:188} INFO - [2025-11-19T16:34:00.885+0000] {dag.py:3954} INFO - Setting next_dagrun for sodai_training_and_scoring to None, run_after=None
[2025-11-19T16:34:00.900+0000] {processor.py:183} INFO - Processing /opt/airflow/dags/sodai_pipeline_dag.py took 0.085 seconds
[2025-11-19T16:34:33.228+0000] {processor.py:161} INFO - Started process (PID=371) to work on /opt/airflow/dags/sodai_pipeline_dag.py
[2025-11-19T16:34:33.229+0000] {processor.py:830} INFO - Processing file /opt/airflow/dags/sodai_pipeline_dag.py for tasks to queue
[2025-11-19T16:34:33.232+0000] {logging_mixin.py:188} INFO - [2025-11-19T16:34:33.232+0000] {dagbag.py:540} INFO - Filling up the DagBag from /opt/airflow/dags/sodai_pipeline_dag.py
[2025-11-19T16:34:33.253+0000] {processor.py:840} INFO - DAG(s) 'sodai_training_and_scoring' retrieved from /opt/airflow/dags/sodai_pipeline_dag.py
[2025-11-19T16:34:33.285+0000] {logging_mixin.py:188} INFO - [2025-11-19T16:34:33.285+0000] {dag.py:3096} INFO - Sync 1 DAGs
[2025-11-19T16:34:33.296+0000] {logging_mixin.py:188} INFO - [2025-11-19T16:34:33.296+0000] {dag.py:3954} INFO - Setting next_dagrun for sodai_training_and_scoring to None, run_after=None
[2025-11-19T16:34:33.315+0000] {processor.py:183} INFO - Processing /opt/airflow/dags/sodai_pipeline_dag.py took 0.092 seconds
[2025-11-19T16:35:04.817+0000] {processor.py:161} INFO - Started process (PID=381) to work on /opt/airflow/dags/sodai_pipeline_dag.py
[2025-11-19T16:35:04.818+0000] {processor.py:830} INFO - Processing file /opt/airflow/dags/sodai_pipeline_dag.py for tasks to queue
[2025-11-19T16:35:04.820+0000] {logging_mixin.py:188} INFO - [2025-11-19T16:35:04.820+0000] {dagbag.py:540} INFO - Filling up the DagBag from /opt/airflow/dags/sodai_pipeline_dag.py
[2025-11-19T16:35:04.843+0000] {processor.py:840} INFO - DAG(s) 'sodai_training_and_scoring' retrieved from /opt/airflow/dags/sodai_pipeline_dag.py
[2025-11-19T16:35:04.880+0000] {logging_mixin.py:188} INFO - [2025-11-19T16:35:04.880+0000] {dag.py:3096} INFO - Sync 1 DAGs
[2025-11-19T16:35:04.895+0000] {logging_mixin.py:188} INFO - [2025-11-19T16:35:04.895+0000] {dag.py:3954} INFO - Setting next_dagrun for sodai_training_and_scoring to None, run_after=None
[2025-11-19T16:35:04.913+0000] {processor.py:183} INFO - Processing /opt/airflow/dags/sodai_pipeline_dag.py took 0.103 seconds
[2025-11-19T16:35:37.423+0000] {processor.py:161} INFO - Started process (PID=391) to work on /opt/airflow/dags/sodai_pipeline_dag.py
[2025-11-19T16:35:37.425+0000] {processor.py:830} INFO - Processing file /opt/airflow/dags/sodai_pipeline_dag.py for tasks to queue
[2025-11-19T16:35:37.429+0000] {logging_mixin.py:188} INFO - [2025-11-19T16:35:37.428+0000] {dagbag.py:540} INFO - Filling up the DagBag from /opt/airflow/dags/sodai_pipeline_dag.py
[2025-11-19T16:35:37.455+0000] {processor.py:840} INFO - DAG(s) 'sodai_training_and_scoring' retrieved from /opt/airflow/dags/sodai_pipeline_dag.py
[2025-11-19T16:35:37.497+0000] {logging_mixin.py:188} INFO - [2025-11-19T16:35:37.496+0000] {dag.py:3096} INFO - Sync 1 DAGs
[2025-11-19T16:35:37.513+0000] {logging_mixin.py:188} INFO - [2025-11-19T16:35:37.513+0000] {dag.py:3954} INFO - Setting next_dagrun for sodai_training_and_scoring to None, run_after=None
[2025-11-19T16:35:37.539+0000] {processor.py:183} INFO - Processing /opt/airflow/dags/sodai_pipeline_dag.py took 0.124 seconds
[2025-11-19T16:36:10.232+0000] {processor.py:161} INFO - Started process (PID=401) to work on /opt/airflow/dags/sodai_pipeline_dag.py
[2025-11-19T16:36:10.234+0000] {processor.py:830} INFO - Processing file /opt/airflow/dags/sodai_pipeline_dag.py for tasks to queue
[2025-11-19T16:36:10.235+0000] {logging_mixin.py:188} INFO - [2025-11-19T16:36:10.235+0000] {dagbag.py:540} INFO - Filling up the DagBag from /opt/airflow/dags/sodai_pipeline_dag.py
[2025-11-19T16:36:10.261+0000] {processor.py:840} INFO - DAG(s) 'sodai_training_and_scoring' retrieved from /opt/airflow/dags/sodai_pipeline_dag.py
[2025-11-19T16:36:10.289+0000] {logging_mixin.py:188} INFO - [2025-11-19T16:36:10.288+0000] {dag.py:3096} INFO - Sync 1 DAGs
[2025-11-19T16:36:10.300+0000] {logging_mixin.py:188} INFO - [2025-11-19T16:36:10.300+0000] {dag.py:3954} INFO - Setting next_dagrun for sodai_training_and_scoring to None, run_after=None
[2025-11-19T16:36:10.319+0000] {processor.py:183} INFO - Processing /opt/airflow/dags/sodai_pipeline_dag.py took 0.095 seconds
[2025-11-19T16:36:42.850+0000] {processor.py:161} INFO - Started process (PID=411) to work on /opt/airflow/dags/sodai_pipeline_dag.py
[2025-11-19T16:36:42.851+0000] {processor.py:830} INFO - Processing file /opt/airflow/dags/sodai_pipeline_dag.py for tasks to queue
[2025-11-19T16:36:42.852+0000] {logging_mixin.py:188} INFO - [2025-11-19T16:36:42.852+0000] {dagbag.py:540} INFO - Filling up the DagBag from /opt/airflow/dags/sodai_pipeline_dag.py
[2025-11-19T16:36:42.870+0000] {processor.py:840} INFO - DAG(s) 'sodai_training_and_scoring' retrieved from /opt/airflow/dags/sodai_pipeline_dag.py
[2025-11-19T16:36:42.896+0000] {logging_mixin.py:188} INFO - [2025-11-19T16:36:42.895+0000] {dag.py:3096} INFO - Sync 1 DAGs
[2025-11-19T16:36:42.908+0000] {logging_mixin.py:188} INFO - [2025-11-19T16:36:42.908+0000] {dag.py:3954} INFO - Setting next_dagrun for sodai_training_and_scoring to None, run_after=None
[2025-11-19T16:36:42.925+0000] {processor.py:183} INFO - Processing /opt/airflow/dags/sodai_pipeline_dag.py took 0.079 seconds
[2025-11-19T16:37:14.421+0000] {processor.py:161} INFO - Started process (PID=421) to work on /opt/airflow/dags/sodai_pipeline_dag.py
[2025-11-19T16:37:14.423+0000] {processor.py:830} INFO - Processing file /opt/airflow/dags/sodai_pipeline_dag.py for tasks to queue
[2025-11-19T16:37:14.425+0000] {logging_mixin.py:188} INFO - [2025-11-19T16:37:14.425+0000] {dagbag.py:540} INFO - Filling up the DagBag from /opt/airflow/dags/sodai_pipeline_dag.py
[2025-11-19T16:37:14.444+0000] {processor.py:840} INFO - DAG(s) 'sodai_training_and_scoring' retrieved from /opt/airflow/dags/sodai_pipeline_dag.py
[2025-11-19T16:37:14.470+0000] {logging_mixin.py:188} INFO - [2025-11-19T16:37:14.470+0000] {dag.py:3096} INFO - Sync 1 DAGs
[2025-11-19T16:37:14.483+0000] {logging_mixin.py:188} INFO - [2025-11-19T16:37:14.482+0000] {dag.py:3954} INFO - Setting next_dagrun for sodai_training_and_scoring to None, run_after=None
[2025-11-19T16:37:14.503+0000] {processor.py:183} INFO - Processing /opt/airflow/dags/sodai_pipeline_dag.py took 0.087 seconds
[2025-11-19T16:37:46.988+0000] {processor.py:161} INFO - Started process (PID=431) to work on /opt/airflow/dags/sodai_pipeline_dag.py
[2025-11-19T16:37:46.989+0000] {processor.py:830} INFO - Processing file /opt/airflow/dags/sodai_pipeline_dag.py for tasks to queue
[2025-11-19T16:37:46.991+0000] {logging_mixin.py:188} INFO - [2025-11-19T16:37:46.991+0000] {dagbag.py:540} INFO - Filling up the DagBag from /opt/airflow/dags/sodai_pipeline_dag.py
[2025-11-19T16:37:47.010+0000] {processor.py:840} INFO - DAG(s) 'sodai_training_and_scoring' retrieved from /opt/airflow/dags/sodai_pipeline_dag.py
[2025-11-19T16:37:47.036+0000] {logging_mixin.py:188} INFO - [2025-11-19T16:37:47.035+0000] {dag.py:3096} INFO - Sync 1 DAGs
[2025-11-19T16:37:47.049+0000] {logging_mixin.py:188} INFO - [2025-11-19T16:37:47.049+0000] {dag.py:3954} INFO - Setting next_dagrun for sodai_training_and_scoring to None, run_after=None
[2025-11-19T16:37:47.067+0000] {processor.py:183} INFO - Processing /opt/airflow/dags/sodai_pipeline_dag.py took 0.084 seconds
[2025-11-19T16:38:19.790+0000] {processor.py:161} INFO - Started process (PID=441) to work on /opt/airflow/dags/sodai_pipeline_dag.py
[2025-11-19T16:38:19.791+0000] {processor.py:830} INFO - Processing file /opt/airflow/dags/sodai_pipeline_dag.py for tasks to queue
[2025-11-19T16:38:19.793+0000] {logging_mixin.py:188} INFO - [2025-11-19T16:38:19.793+0000] {dagbag.py:540} INFO - Filling up the DagBag from /opt/airflow/dags/sodai_pipeline_dag.py
[2025-11-19T16:38:19.811+0000] {processor.py:840} INFO - DAG(s) 'sodai_training_and_scoring' retrieved from /opt/airflow/dags/sodai_pipeline_dag.py
[2025-11-19T16:38:19.839+0000] {logging_mixin.py:188} INFO - [2025-11-19T16:38:19.839+0000] {dag.py:3096} INFO - Sync 1 DAGs
[2025-11-19T16:38:19.852+0000] {logging_mixin.py:188} INFO - [2025-11-19T16:38:19.851+0000] {dag.py:3954} INFO - Setting next_dagrun for sodai_training_and_scoring to None, run_after=None
[2025-11-19T16:38:19.870+0000] {processor.py:183} INFO - Processing /opt/airflow/dags/sodai_pipeline_dag.py took 0.085 seconds
[2025-11-19T16:38:52.358+0000] {processor.py:161} INFO - Started process (PID=451) to work on /opt/airflow/dags/sodai_pipeline_dag.py
[2025-11-19T16:38:52.359+0000] {processor.py:830} INFO - Processing file /opt/airflow/dags/sodai_pipeline_dag.py for tasks to queue
[2025-11-19T16:38:52.360+0000] {logging_mixin.py:188} INFO - [2025-11-19T16:38:52.360+0000] {dagbag.py:540} INFO - Filling up the DagBag from /opt/airflow/dags/sodai_pipeline_dag.py
[2025-11-19T16:38:52.376+0000] {processor.py:840} INFO - DAG(s) 'sodai_training_and_scoring' retrieved from /opt/airflow/dags/sodai_pipeline_dag.py
[2025-11-19T16:38:52.398+0000] {logging_mixin.py:188} INFO - [2025-11-19T16:38:52.397+0000] {dag.py:3096} INFO - Sync 1 DAGs
[2025-11-19T16:38:52.407+0000] {logging_mixin.py:188} INFO - [2025-11-19T16:38:52.407+0000] {dag.py:3954} INFO - Setting next_dagrun for sodai_training_and_scoring to None, run_after=None
[2025-11-19T16:38:52.422+0000] {processor.py:183} INFO - Processing /opt/airflow/dags/sodai_pipeline_dag.py took 0.070 seconds
[2025-11-19T16:39:23.887+0000] {processor.py:161} INFO - Started process (PID=461) to work on /opt/airflow/dags/sodai_pipeline_dag.py
[2025-11-19T16:39:23.888+0000] {processor.py:830} INFO - Processing file /opt/airflow/dags/sodai_pipeline_dag.py for tasks to queue
[2025-11-19T16:39:23.889+0000] {logging_mixin.py:188} INFO - [2025-11-19T16:39:23.889+0000] {dagbag.py:540} INFO - Filling up the DagBag from /opt/airflow/dags/sodai_pipeline_dag.py
[2025-11-19T16:39:23.906+0000] {processor.py:840} INFO - DAG(s) 'sodai_training_and_scoring' retrieved from /opt/airflow/dags/sodai_pipeline_dag.py
[2025-11-19T16:39:23.927+0000] {logging_mixin.py:188} INFO - [2025-11-19T16:39:23.927+0000] {dag.py:3096} INFO - Sync 1 DAGs
[2025-11-19T16:39:23.937+0000] {logging_mixin.py:188} INFO - [2025-11-19T16:39:23.937+0000] {dag.py:3954} INFO - Setting next_dagrun for sodai_training_and_scoring to None, run_after=None
[2025-11-19T16:39:23.955+0000] {processor.py:183} INFO - Processing /opt/airflow/dags/sodai_pipeline_dag.py took 0.072 seconds
[2025-11-19T16:39:56.614+0000] {processor.py:161} INFO - Started process (PID=471) to work on /opt/airflow/dags/sodai_pipeline_dag.py
[2025-11-19T16:39:56.615+0000] {processor.py:830} INFO - Processing file /opt/airflow/dags/sodai_pipeline_dag.py for tasks to queue
[2025-11-19T16:39:56.617+0000] {logging_mixin.py:188} INFO - [2025-11-19T16:39:56.617+0000] {dagbag.py:540} INFO - Filling up the DagBag from /opt/airflow/dags/sodai_pipeline_dag.py
[2025-11-19T16:39:56.636+0000] {processor.py:840} INFO - DAG(s) 'sodai_training_and_scoring' retrieved from /opt/airflow/dags/sodai_pipeline_dag.py
[2025-11-19T16:39:56.660+0000] {logging_mixin.py:188} INFO - [2025-11-19T16:39:56.660+0000] {dag.py:3096} INFO - Sync 1 DAGs
[2025-11-19T16:39:56.670+0000] {logging_mixin.py:188} INFO - [2025-11-19T16:39:56.670+0000] {dag.py:3954} INFO - Setting next_dagrun for sodai_training_and_scoring to None, run_after=None
[2025-11-19T16:39:56.692+0000] {processor.py:183} INFO - Processing /opt/airflow/dags/sodai_pipeline_dag.py took 0.082 seconds
[2025-11-19T16:40:29.214+0000] {processor.py:161} INFO - Started process (PID=481) to work on /opt/airflow/dags/sodai_pipeline_dag.py
[2025-11-19T16:40:29.215+0000] {processor.py:830} INFO - Processing file /opt/airflow/dags/sodai_pipeline_dag.py for tasks to queue
[2025-11-19T16:40:29.218+0000] {logging_mixin.py:188} INFO - [2025-11-19T16:40:29.218+0000] {dagbag.py:540} INFO - Filling up the DagBag from /opt/airflow/dags/sodai_pipeline_dag.py
[2025-11-19T16:40:29.242+0000] {processor.py:840} INFO - DAG(s) 'sodai_training_and_scoring' retrieved from /opt/airflow/dags/sodai_pipeline_dag.py
[2025-11-19T16:40:29.272+0000] {logging_mixin.py:188} INFO - [2025-11-19T16:40:29.271+0000] {dag.py:3096} INFO - Sync 1 DAGs
[2025-11-19T16:40:29.284+0000] {logging_mixin.py:188} INFO - [2025-11-19T16:40:29.284+0000] {dag.py:3954} INFO - Setting next_dagrun for sodai_training_and_scoring to None, run_after=None
[2025-11-19T16:40:29.305+0000] {processor.py:183} INFO - Processing /opt/airflow/dags/sodai_pipeline_dag.py took 0.098 seconds
[2025-11-19T16:41:01.559+0000] {processor.py:161} INFO - Started process (PID=491) to work on /opt/airflow/dags/sodai_pipeline_dag.py
[2025-11-19T16:41:01.560+0000] {processor.py:830} INFO - Processing file /opt/airflow/dags/sodai_pipeline_dag.py for tasks to queue
[2025-11-19T16:41:01.561+0000] {logging_mixin.py:188} INFO - [2025-11-19T16:41:01.561+0000] {dagbag.py:540} INFO - Filling up the DagBag from /opt/airflow/dags/sodai_pipeline_dag.py
[2025-11-19T16:41:01.576+0000] {processor.py:840} INFO - DAG(s) 'sodai_training_and_scoring' retrieved from /opt/airflow/dags/sodai_pipeline_dag.py
[2025-11-19T16:41:01.599+0000] {logging_mixin.py:188} INFO - [2025-11-19T16:41:01.598+0000] {dag.py:3096} INFO - Sync 1 DAGs
[2025-11-19T16:41:01.609+0000] {logging_mixin.py:188} INFO - [2025-11-19T16:41:01.609+0000] {dag.py:3954} INFO - Setting next_dagrun for sodai_training_and_scoring to None, run_after=None
[2025-11-19T16:41:01.624+0000] {processor.py:183} INFO - Processing /opt/airflow/dags/sodai_pipeline_dag.py took 0.070 seconds
[2025-11-19T16:41:33.862+0000] {processor.py:161} INFO - Started process (PID=501) to work on /opt/airflow/dags/sodai_pipeline_dag.py
[2025-11-19T16:41:33.863+0000] {processor.py:830} INFO - Processing file /opt/airflow/dags/sodai_pipeline_dag.py for tasks to queue
[2025-11-19T16:41:33.865+0000] {logging_mixin.py:188} INFO - [2025-11-19T16:41:33.864+0000] {dagbag.py:540} INFO - Filling up the DagBag from /opt/airflow/dags/sodai_pipeline_dag.py
[2025-11-19T16:41:33.881+0000] {processor.py:840} INFO - DAG(s) 'sodai_training_and_scoring' retrieved from /opt/airflow/dags/sodai_pipeline_dag.py
[2025-11-19T16:41:33.902+0000] {logging_mixin.py:188} INFO - [2025-11-19T16:41:33.902+0000] {dag.py:3096} INFO - Sync 1 DAGs
[2025-11-19T16:41:33.912+0000] {logging_mixin.py:188} INFO - [2025-11-19T16:41:33.912+0000] {dag.py:3954} INFO - Setting next_dagrun for sodai_training_and_scoring to None, run_after=None
[2025-11-19T16:41:33.929+0000] {processor.py:183} INFO - Processing /opt/airflow/dags/sodai_pipeline_dag.py took 0.071 seconds
[2025-11-19T16:42:05.265+0000] {processor.py:161} INFO - Started process (PID=511) to work on /opt/airflow/dags/sodai_pipeline_dag.py
[2025-11-19T16:42:05.266+0000] {processor.py:830} INFO - Processing file /opt/airflow/dags/sodai_pipeline_dag.py for tasks to queue
[2025-11-19T16:42:05.268+0000] {logging_mixin.py:188} INFO - [2025-11-19T16:42:05.267+0000] {dagbag.py:540} INFO - Filling up the DagBag from /opt/airflow/dags/sodai_pipeline_dag.py
[2025-11-19T16:42:05.283+0000] {processor.py:840} INFO - DAG(s) 'sodai_training_and_scoring' retrieved from /opt/airflow/dags/sodai_pipeline_dag.py
[2025-11-19T16:42:05.307+0000] {logging_mixin.py:188} INFO - [2025-11-19T16:42:05.307+0000] {dag.py:3096} INFO - Sync 1 DAGs
[2025-11-19T16:42:05.316+0000] {logging_mixin.py:188} INFO - [2025-11-19T16:42:05.316+0000] {dag.py:3954} INFO - Setting next_dagrun for sodai_training_and_scoring to None, run_after=None
[2025-11-19T16:42:05.333+0000] {processor.py:183} INFO - Processing /opt/airflow/dags/sodai_pipeline_dag.py took 0.072 seconds
[2025-11-19T16:42:37.626+0000] {processor.py:161} INFO - Started process (PID=521) to work on /opt/airflow/dags/sodai_pipeline_dag.py
[2025-11-19T16:42:37.627+0000] {processor.py:830} INFO - Processing file /opt/airflow/dags/sodai_pipeline_dag.py for tasks to queue
[2025-11-19T16:42:37.629+0000] {logging_mixin.py:188} INFO - [2025-11-19T16:42:37.629+0000] {dagbag.py:540} INFO - Filling up the DagBag from /opt/airflow/dags/sodai_pipeline_dag.py
[2025-11-19T16:42:37.646+0000] {processor.py:840} INFO - DAG(s) 'sodai_training_and_scoring' retrieved from /opt/airflow/dags/sodai_pipeline_dag.py
[2025-11-19T16:42:37.669+0000] {logging_mixin.py:188} INFO - [2025-11-19T16:42:37.669+0000] {dag.py:3096} INFO - Sync 1 DAGs
[2025-11-19T16:42:37.684+0000] {logging_mixin.py:188} INFO - [2025-11-19T16:42:37.683+0000] {dag.py:3954} INFO - Setting next_dagrun for sodai_training_and_scoring to None, run_after=None
[2025-11-19T16:42:37.702+0000] {processor.py:183} INFO - Processing /opt/airflow/dags/sodai_pipeline_dag.py took 0.080 seconds
[2025-11-19T16:43:10.021+0000] {processor.py:161} INFO - Started process (PID=531) to work on /opt/airflow/dags/sodai_pipeline_dag.py
[2025-11-19T16:43:10.022+0000] {processor.py:830} INFO - Processing file /opt/airflow/dags/sodai_pipeline_dag.py for tasks to queue
[2025-11-19T16:43:10.023+0000] {logging_mixin.py:188} INFO - [2025-11-19T16:43:10.023+0000] {dagbag.py:540} INFO - Filling up the DagBag from /opt/airflow/dags/sodai_pipeline_dag.py
[2025-11-19T16:43:10.041+0000] {processor.py:840} INFO - DAG(s) 'sodai_training_and_scoring' retrieved from /opt/airflow/dags/sodai_pipeline_dag.py
[2025-11-19T16:43:10.063+0000] {logging_mixin.py:188} INFO - [2025-11-19T16:43:10.063+0000] {dag.py:3096} INFO - Sync 1 DAGs
[2025-11-19T16:43:10.072+0000] {logging_mixin.py:188} INFO - [2025-11-19T16:43:10.072+0000] {dag.py:3954} INFO - Setting next_dagrun for sodai_training_and_scoring to None, run_after=None
[2025-11-19T16:43:10.090+0000] {processor.py:183} INFO - Processing /opt/airflow/dags/sodai_pipeline_dag.py took 0.074 seconds
[2025-11-19T16:43:42.431+0000] {processor.py:161} INFO - Started process (PID=541) to work on /opt/airflow/dags/sodai_pipeline_dag.py
[2025-11-19T16:43:42.432+0000] {processor.py:830} INFO - Processing file /opt/airflow/dags/sodai_pipeline_dag.py for tasks to queue
[2025-11-19T16:43:42.433+0000] {logging_mixin.py:188} INFO - [2025-11-19T16:43:42.433+0000] {dagbag.py:540} INFO - Filling up the DagBag from /opt/airflow/dags/sodai_pipeline_dag.py
[2025-11-19T16:43:42.449+0000] {processor.py:840} INFO - DAG(s) 'sodai_training_and_scoring' retrieved from /opt/airflow/dags/sodai_pipeline_dag.py
[2025-11-19T16:43:42.473+0000] {logging_mixin.py:188} INFO - [2025-11-19T16:43:42.473+0000] {dag.py:3096} INFO - Sync 1 DAGs
[2025-11-19T16:43:42.484+0000] {logging_mixin.py:188} INFO - [2025-11-19T16:43:42.484+0000] {dag.py:3954} INFO - Setting next_dagrun for sodai_training_and_scoring to None, run_after=None
[2025-11-19T16:43:42.507+0000] {processor.py:183} INFO - Processing /opt/airflow/dags/sodai_pipeline_dag.py took 0.081 seconds
[2025-11-19T16:44:13.876+0000] {processor.py:161} INFO - Started process (PID=551) to work on /opt/airflow/dags/sodai_pipeline_dag.py
[2025-11-19T16:44:13.877+0000] {processor.py:830} INFO - Processing file /opt/airflow/dags/sodai_pipeline_dag.py for tasks to queue
[2025-11-19T16:44:13.879+0000] {logging_mixin.py:188} INFO - [2025-11-19T16:44:13.878+0000] {dagbag.py:540} INFO - Filling up the DagBag from /opt/airflow/dags/sodai_pipeline_dag.py
[2025-11-19T16:44:13.895+0000] {processor.py:840} INFO - DAG(s) 'sodai_training_and_scoring' retrieved from /opt/airflow/dags/sodai_pipeline_dag.py
[2025-11-19T16:44:13.919+0000] {logging_mixin.py:188} INFO - [2025-11-19T16:44:13.918+0000] {dag.py:3096} INFO - Sync 1 DAGs
[2025-11-19T16:44:13.929+0000] {logging_mixin.py:188} INFO - [2025-11-19T16:44:13.928+0000] {dag.py:3954} INFO - Setting next_dagrun for sodai_training_and_scoring to None, run_after=None
[2025-11-19T16:44:13.946+0000] {processor.py:183} INFO - Processing /opt/airflow/dags/sodai_pipeline_dag.py took 0.076 seconds
[2025-11-19T16:44:46.311+0000] {processor.py:161} INFO - Started process (PID=561) to work on /opt/airflow/dags/sodai_pipeline_dag.py
[2025-11-19T16:44:46.312+0000] {processor.py:830} INFO - Processing file /opt/airflow/dags/sodai_pipeline_dag.py for tasks to queue
[2025-11-19T16:44:46.314+0000] {logging_mixin.py:188} INFO - [2025-11-19T16:44:46.313+0000] {dagbag.py:540} INFO - Filling up the DagBag from /opt/airflow/dags/sodai_pipeline_dag.py
[2025-11-19T16:44:46.331+0000] {processor.py:840} INFO - DAG(s) 'sodai_training_and_scoring' retrieved from /opt/airflow/dags/sodai_pipeline_dag.py
[2025-11-19T16:44:46.352+0000] {logging_mixin.py:188} INFO - [2025-11-19T16:44:46.351+0000] {dag.py:3096} INFO - Sync 1 DAGs
[2025-11-19T16:44:46.361+0000] {logging_mixin.py:188} INFO - [2025-11-19T16:44:46.361+0000] {dag.py:3954} INFO - Setting next_dagrun for sodai_training_and_scoring to None, run_after=None
[2025-11-19T16:44:46.376+0000] {processor.py:183} INFO - Processing /opt/airflow/dags/sodai_pipeline_dag.py took 0.069 seconds
[2025-11-19T16:45:18.857+0000] {processor.py:161} INFO - Started process (PID=571) to work on /opt/airflow/dags/sodai_pipeline_dag.py
[2025-11-19T16:45:18.858+0000] {processor.py:830} INFO - Processing file /opt/airflow/dags/sodai_pipeline_dag.py for tasks to queue
[2025-11-19T16:45:18.860+0000] {logging_mixin.py:188} INFO - [2025-11-19T16:45:18.859+0000] {dagbag.py:540} INFO - Filling up the DagBag from /opt/airflow/dags/sodai_pipeline_dag.py
[2025-11-19T16:45:18.875+0000] {processor.py:840} INFO - DAG(s) 'sodai_training_and_scoring' retrieved from /opt/airflow/dags/sodai_pipeline_dag.py
[2025-11-19T16:45:18.897+0000] {logging_mixin.py:188} INFO - [2025-11-19T16:45:18.897+0000] {dag.py:3096} INFO - Sync 1 DAGs
[2025-11-19T16:45:18.906+0000] {logging_mixin.py:188} INFO - [2025-11-19T16:45:18.906+0000] {dag.py:3954} INFO - Setting next_dagrun for sodai_training_and_scoring to None, run_after=None
[2025-11-19T16:45:18.924+0000] {processor.py:183} INFO - Processing /opt/airflow/dags/sodai_pipeline_dag.py took 0.073 seconds
[2025-11-19T16:45:51.275+0000] {processor.py:161} INFO - Started process (PID=581) to work on /opt/airflow/dags/sodai_pipeline_dag.py
[2025-11-19T16:45:51.276+0000] {processor.py:830} INFO - Processing file /opt/airflow/dags/sodai_pipeline_dag.py for tasks to queue
[2025-11-19T16:45:51.277+0000] {logging_mixin.py:188} INFO - [2025-11-19T16:45:51.277+0000] {dagbag.py:540} INFO - Filling up the DagBag from /opt/airflow/dags/sodai_pipeline_dag.py
[2025-11-19T16:45:51.293+0000] {processor.py:840} INFO - DAG(s) 'sodai_training_and_scoring' retrieved from /opt/airflow/dags/sodai_pipeline_dag.py
[2025-11-19T16:45:51.316+0000] {logging_mixin.py:188} INFO - [2025-11-19T16:45:51.316+0000] {dag.py:3096} INFO - Sync 1 DAGs
[2025-11-19T16:45:51.327+0000] {logging_mixin.py:188} INFO - [2025-11-19T16:45:51.326+0000] {dag.py:3954} INFO - Setting next_dagrun for sodai_training_and_scoring to None, run_after=None
[2025-11-19T16:45:51.347+0000] {processor.py:183} INFO - Processing /opt/airflow/dags/sodai_pipeline_dag.py took 0.077 seconds
[2025-11-19T16:46:22.725+0000] {processor.py:161} INFO - Started process (PID=591) to work on /opt/airflow/dags/sodai_pipeline_dag.py
[2025-11-19T16:46:22.726+0000] {processor.py:830} INFO - Processing file /opt/airflow/dags/sodai_pipeline_dag.py for tasks to queue
[2025-11-19T16:46:22.727+0000] {logging_mixin.py:188} INFO - [2025-11-19T16:46:22.727+0000] {dagbag.py:540} INFO - Filling up the DagBag from /opt/airflow/dags/sodai_pipeline_dag.py
[2025-11-19T16:46:22.746+0000] {processor.py:840} INFO - DAG(s) 'sodai_training_and_scoring' retrieved from /opt/airflow/dags/sodai_pipeline_dag.py
[2025-11-19T16:46:22.772+0000] {logging_mixin.py:188} INFO - [2025-11-19T16:46:22.772+0000] {dag.py:3096} INFO - Sync 1 DAGs
[2025-11-19T16:46:22.782+0000] {logging_mixin.py:188} INFO - [2025-11-19T16:46:22.781+0000] {dag.py:3954} INFO - Setting next_dagrun for sodai_training_and_scoring to None, run_after=None
[2025-11-19T16:46:22.798+0000] {processor.py:183} INFO - Processing /opt/airflow/dags/sodai_pipeline_dag.py took 0.077 seconds
[2025-11-19T16:46:55.163+0000] {processor.py:161} INFO - Started process (PID=601) to work on /opt/airflow/dags/sodai_pipeline_dag.py
[2025-11-19T16:46:55.164+0000] {processor.py:830} INFO - Processing file /opt/airflow/dags/sodai_pipeline_dag.py for tasks to queue
[2025-11-19T16:46:55.166+0000] {logging_mixin.py:188} INFO - [2025-11-19T16:46:55.166+0000] {dagbag.py:540} INFO - Filling up the DagBag from /opt/airflow/dags/sodai_pipeline_dag.py
[2025-11-19T16:46:55.183+0000] {processor.py:840} INFO - DAG(s) 'sodai_training_and_scoring' retrieved from /opt/airflow/dags/sodai_pipeline_dag.py
[2025-11-19T16:46:55.206+0000] {logging_mixin.py:188} INFO - [2025-11-19T16:46:55.205+0000] {dag.py:3096} INFO - Sync 1 DAGs
[2025-11-19T16:46:55.217+0000] {logging_mixin.py:188} INFO - [2025-11-19T16:46:55.217+0000] {dag.py:3954} INFO - Setting next_dagrun for sodai_training_and_scoring to None, run_after=None
[2025-11-19T16:46:55.235+0000] {processor.py:183} INFO - Processing /opt/airflow/dags/sodai_pipeline_dag.py took 0.077 seconds
[2025-11-19T16:47:27.621+0000] {processor.py:161} INFO - Started process (PID=611) to work on /opt/airflow/dags/sodai_pipeline_dag.py
[2025-11-19T16:47:27.623+0000] {processor.py:830} INFO - Processing file /opt/airflow/dags/sodai_pipeline_dag.py for tasks to queue
[2025-11-19T16:47:27.625+0000] {logging_mixin.py:188} INFO - [2025-11-19T16:47:27.625+0000] {dagbag.py:540} INFO - Filling up the DagBag from /opt/airflow/dags/sodai_pipeline_dag.py
[2025-11-19T16:47:27.643+0000] {processor.py:840} INFO - DAG(s) 'sodai_training_and_scoring' retrieved from /opt/airflow/dags/sodai_pipeline_dag.py
[2025-11-19T16:47:27.670+0000] {logging_mixin.py:188} INFO - [2025-11-19T16:47:27.670+0000] {dag.py:3096} INFO - Sync 1 DAGs
[2025-11-19T16:47:27.682+0000] {logging_mixin.py:188} INFO - [2025-11-19T16:47:27.682+0000] {dag.py:3954} INFO - Setting next_dagrun for sodai_training_and_scoring to None, run_after=None
[2025-11-19T16:47:27.700+0000] {processor.py:183} INFO - Processing /opt/airflow/dags/sodai_pipeline_dag.py took 0.084 seconds
[2025-11-19T16:48:00.086+0000] {processor.py:161} INFO - Started process (PID=621) to work on /opt/airflow/dags/sodai_pipeline_dag.py
[2025-11-19T16:48:00.086+0000] {processor.py:830} INFO - Processing file /opt/airflow/dags/sodai_pipeline_dag.py for tasks to queue
[2025-11-19T16:48:00.088+0000] {logging_mixin.py:188} INFO - [2025-11-19T16:48:00.088+0000] {dagbag.py:540} INFO - Filling up the DagBag from /opt/airflow/dags/sodai_pipeline_dag.py
[2025-11-19T16:48:00.104+0000] {processor.py:840} INFO - DAG(s) 'sodai_training_and_scoring' retrieved from /opt/airflow/dags/sodai_pipeline_dag.py
[2025-11-19T16:48:00.125+0000] {logging_mixin.py:188} INFO - [2025-11-19T16:48:00.125+0000] {dag.py:3096} INFO - Sync 1 DAGs
[2025-11-19T16:48:00.136+0000] {logging_mixin.py:188} INFO - [2025-11-19T16:48:00.135+0000] {dag.py:3954} INFO - Setting next_dagrun for sodai_training_and_scoring to None, run_after=None
[2025-11-19T16:48:00.151+0000] {processor.py:183} INFO - Processing /opt/airflow/dags/sodai_pipeline_dag.py took 0.070 seconds
[2025-11-19T16:48:31.782+0000] {processor.py:161} INFO - Started process (PID=631) to work on /opt/airflow/dags/sodai_pipeline_dag.py
[2025-11-19T16:48:31.783+0000] {processor.py:830} INFO - Processing file /opt/airflow/dags/sodai_pipeline_dag.py for tasks to queue
[2025-11-19T16:48:31.784+0000] {logging_mixin.py:188} INFO - [2025-11-19T16:48:31.784+0000] {dagbag.py:540} INFO - Filling up the DagBag from /opt/airflow/dags/sodai_pipeline_dag.py
[2025-11-19T16:48:31.801+0000] {processor.py:840} INFO - DAG(s) 'sodai_training_and_scoring' retrieved from /opt/airflow/dags/sodai_pipeline_dag.py
[2025-11-19T16:48:31.826+0000] {logging_mixin.py:188} INFO - [2025-11-19T16:48:31.826+0000] {dag.py:3096} INFO - Sync 1 DAGs
[2025-11-19T16:48:31.837+0000] {logging_mixin.py:188} INFO - [2025-11-19T16:48:31.836+0000] {dag.py:3954} INFO - Setting next_dagrun for sodai_training_and_scoring to None, run_after=None
[2025-11-19T16:48:31.855+0000] {processor.py:183} INFO - Processing /opt/airflow/dags/sodai_pipeline_dag.py took 0.078 seconds
[2025-11-19T16:49:04.751+0000] {processor.py:161} INFO - Started process (PID=641) to work on /opt/airflow/dags/sodai_pipeline_dag.py
[2025-11-19T16:49:04.752+0000] {processor.py:830} INFO - Processing file /opt/airflow/dags/sodai_pipeline_dag.py for tasks to queue
[2025-11-19T16:49:04.754+0000] {logging_mixin.py:188} INFO - [2025-11-19T16:49:04.754+0000] {dagbag.py:540} INFO - Filling up the DagBag from /opt/airflow/dags/sodai_pipeline_dag.py
[2025-11-19T16:49:04.770+0000] {processor.py:840} INFO - DAG(s) 'sodai_training_and_scoring' retrieved from /opt/airflow/dags/sodai_pipeline_dag.py
[2025-11-19T16:49:04.806+0000] {logging_mixin.py:188} INFO - [2025-11-19T16:49:04.805+0000] {dag.py:3096} INFO - Sync 1 DAGs
[2025-11-19T16:49:04.822+0000] {logging_mixin.py:188} INFO - [2025-11-19T16:49:04.822+0000] {dag.py:3954} INFO - Setting next_dagrun for sodai_training_and_scoring to None, run_after=None
[2025-11-19T16:49:04.842+0000] {processor.py:183} INFO - Processing /opt/airflow/dags/sodai_pipeline_dag.py took 0.097 seconds
[2025-11-19T16:49:37.201+0000] {processor.py:161} INFO - Started process (PID=651) to work on /opt/airflow/dags/sodai_pipeline_dag.py
[2025-11-19T16:49:37.202+0000] {processor.py:830} INFO - Processing file /opt/airflow/dags/sodai_pipeline_dag.py for tasks to queue
[2025-11-19T16:49:37.203+0000] {logging_mixin.py:188} INFO - [2025-11-19T16:49:37.203+0000] {dagbag.py:540} INFO - Filling up the DagBag from /opt/airflow/dags/sodai_pipeline_dag.py
[2025-11-19T16:49:37.223+0000] {processor.py:840} INFO - DAG(s) 'sodai_training_and_scoring' retrieved from /opt/airflow/dags/sodai_pipeline_dag.py
[2025-11-19T16:49:37.248+0000] {logging_mixin.py:188} INFO - [2025-11-19T16:49:37.248+0000] {dag.py:3096} INFO - Sync 1 DAGs
[2025-11-19T16:49:37.260+0000] {logging_mixin.py:188} INFO - [2025-11-19T16:49:37.260+0000] {dag.py:3954} INFO - Setting next_dagrun for sodai_training_and_scoring to None, run_after=None
[2025-11-19T16:49:37.278+0000] {processor.py:183} INFO - Processing /opt/airflow/dags/sodai_pipeline_dag.py took 0.082 seconds
[2025-11-19T16:50:09.668+0000] {processor.py:161} INFO - Started process (PID=661) to work on /opt/airflow/dags/sodai_pipeline_dag.py
[2025-11-19T16:50:09.669+0000] {processor.py:830} INFO - Processing file /opt/airflow/dags/sodai_pipeline_dag.py for tasks to queue
[2025-11-19T16:50:09.671+0000] {logging_mixin.py:188} INFO - [2025-11-19T16:50:09.670+0000] {dagbag.py:540} INFO - Filling up the DagBag from /opt/airflow/dags/sodai_pipeline_dag.py
[2025-11-19T16:50:09.691+0000] {processor.py:840} INFO - DAG(s) 'sodai_training_and_scoring' retrieved from /opt/airflow/dags/sodai_pipeline_dag.py
[2025-11-19T16:50:09.717+0000] {logging_mixin.py:188} INFO - [2025-11-19T16:50:09.717+0000] {dag.py:3096} INFO - Sync 1 DAGs
[2025-11-19T16:50:09.729+0000] {logging_mixin.py:188} INFO - [2025-11-19T16:50:09.729+0000] {dag.py:3954} INFO - Setting next_dagrun for sodai_training_and_scoring to None, run_after=None
[2025-11-19T16:50:09.749+0000] {processor.py:183} INFO - Processing /opt/airflow/dags/sodai_pipeline_dag.py took 0.092 seconds
[2025-11-19T16:50:42.344+0000] {processor.py:161} INFO - Started process (PID=671) to work on /opt/airflow/dags/sodai_pipeline_dag.py
[2025-11-19T16:50:42.345+0000] {processor.py:830} INFO - Processing file /opt/airflow/dags/sodai_pipeline_dag.py for tasks to queue
[2025-11-19T16:50:42.348+0000] {logging_mixin.py:188} INFO - [2025-11-19T16:50:42.347+0000] {dagbag.py:540} INFO - Filling up the DagBag from /opt/airflow/dags/sodai_pipeline_dag.py
[2025-11-19T16:50:42.368+0000] {processor.py:840} INFO - DAG(s) 'sodai_training_and_scoring' retrieved from /opt/airflow/dags/sodai_pipeline_dag.py
[2025-11-19T16:50:42.395+0000] {logging_mixin.py:188} INFO - [2025-11-19T16:50:42.395+0000] {dag.py:3096} INFO - Sync 1 DAGs
[2025-11-19T16:50:42.407+0000] {logging_mixin.py:188} INFO - [2025-11-19T16:50:42.407+0000] {dag.py:3954} INFO - Setting next_dagrun for sodai_training_and_scoring to None, run_after=None
[2025-11-19T16:50:42.426+0000] {processor.py:183} INFO - Processing /opt/airflow/dags/sodai_pipeline_dag.py took 0.087 seconds
[2025-11-19T16:51:13.042+0000] {processor.py:161} INFO - Started process (PID=681) to work on /opt/airflow/dags/sodai_pipeline_dag.py
[2025-11-19T16:51:13.043+0000] {processor.py:830} INFO - Processing file /opt/airflow/dags/sodai_pipeline_dag.py for tasks to queue
[2025-11-19T16:51:13.045+0000] {logging_mixin.py:188} INFO - [2025-11-19T16:51:13.044+0000] {dagbag.py:540} INFO - Filling up the DagBag from /opt/airflow/dags/sodai_pipeline_dag.py
[2025-11-19T16:51:13.066+0000] {processor.py:840} INFO - DAG(s) 'sodai_training_and_scoring' retrieved from /opt/airflow/dags/sodai_pipeline_dag.py
[2025-11-19T16:51:13.094+0000] {logging_mixin.py:188} INFO - [2025-11-19T16:51:13.093+0000] {dag.py:3096} INFO - Sync 1 DAGs
[2025-11-19T16:51:13.105+0000] {logging_mixin.py:188} INFO - [2025-11-19T16:51:13.104+0000] {dag.py:3954} INFO - Setting next_dagrun for sodai_training_and_scoring to None, run_after=None
[2025-11-19T16:51:13.126+0000] {processor.py:183} INFO - Processing /opt/airflow/dags/sodai_pipeline_dag.py took 0.090 seconds
[2025-11-19T16:51:43.238+0000] {processor.py:161} INFO - Started process (PID=691) to work on /opt/airflow/dags/sodai_pipeline_dag.py
[2025-11-19T16:51:43.239+0000] {processor.py:830} INFO - Processing file /opt/airflow/dags/sodai_pipeline_dag.py for tasks to queue
[2025-11-19T16:51:43.241+0000] {logging_mixin.py:188} INFO - [2025-11-19T16:51:43.241+0000] {dagbag.py:540} INFO - Filling up the DagBag from /opt/airflow/dags/sodai_pipeline_dag.py
[2025-11-19T16:51:43.263+0000] {processor.py:840} INFO - DAG(s) 'sodai_training_and_scoring' retrieved from /opt/airflow/dags/sodai_pipeline_dag.py
[2025-11-19T16:51:43.288+0000] {logging_mixin.py:188} INFO - [2025-11-19T16:51:43.287+0000] {dag.py:3096} INFO - Sync 1 DAGs
[2025-11-19T16:51:43.297+0000] {logging_mixin.py:188} INFO - [2025-11-19T16:51:43.297+0000] {dag.py:3954} INFO - Setting next_dagrun for sodai_training_and_scoring to None, run_after=None
[2025-11-19T16:51:43.316+0000] {processor.py:183} INFO - Processing /opt/airflow/dags/sodai_pipeline_dag.py took 0.084 seconds
[2025-11-19T16:52:13.696+0000] {processor.py:161} INFO - Started process (PID=701) to work on /opt/airflow/dags/sodai_pipeline_dag.py
[2025-11-19T16:52:13.697+0000] {processor.py:830} INFO - Processing file /opt/airflow/dags/sodai_pipeline_dag.py for tasks to queue
[2025-11-19T16:52:13.699+0000] {logging_mixin.py:188} INFO - [2025-11-19T16:52:13.698+0000] {dagbag.py:540} INFO - Filling up the DagBag from /opt/airflow/dags/sodai_pipeline_dag.py
[2025-11-19T16:52:13.717+0000] {processor.py:840} INFO - DAG(s) 'sodai_training_and_scoring' retrieved from /opt/airflow/dags/sodai_pipeline_dag.py
[2025-11-19T16:52:13.743+0000] {logging_mixin.py:188} INFO - [2025-11-19T16:52:13.743+0000] {dag.py:3096} INFO - Sync 1 DAGs
[2025-11-19T16:52:13.753+0000] {logging_mixin.py:188} INFO - [2025-11-19T16:52:13.753+0000] {dag.py:3954} INFO - Setting next_dagrun for sodai_training_and_scoring to None, run_after=None
[2025-11-19T16:52:13.767+0000] {processor.py:183} INFO - Processing /opt/airflow/dags/sodai_pipeline_dag.py took 0.078 seconds
[2025-11-19T16:52:43.875+0000] {processor.py:161} INFO - Started process (PID=711) to work on /opt/airflow/dags/sodai_pipeline_dag.py
[2025-11-19T16:52:43.875+0000] {processor.py:830} INFO - Processing file /opt/airflow/dags/sodai_pipeline_dag.py for tasks to queue
[2025-11-19T16:52:43.877+0000] {logging_mixin.py:188} INFO - [2025-11-19T16:52:43.877+0000] {dagbag.py:540} INFO - Filling up the DagBag from /opt/airflow/dags/sodai_pipeline_dag.py
[2025-11-19T16:52:43.894+0000] {processor.py:840} INFO - DAG(s) 'sodai_training_and_scoring' retrieved from /opt/airflow/dags/sodai_pipeline_dag.py
[2025-11-19T16:52:43.917+0000] {logging_mixin.py:188} INFO - [2025-11-19T16:52:43.917+0000] {dag.py:3096} INFO - Sync 1 DAGs
[2025-11-19T16:52:43.926+0000] {logging_mixin.py:188} INFO - [2025-11-19T16:52:43.926+0000] {dag.py:3954} INFO - Setting next_dagrun for sodai_training_and_scoring to None, run_after=None
[2025-11-19T16:52:43.939+0000] {processor.py:183} INFO - Processing /opt/airflow/dags/sodai_pipeline_dag.py took 0.069 seconds
[2025-11-19T16:53:14.485+0000] {processor.py:161} INFO - Started process (PID=721) to work on /opt/airflow/dags/sodai_pipeline_dag.py
[2025-11-19T16:53:14.486+0000] {processor.py:830} INFO - Processing file /opt/airflow/dags/sodai_pipeline_dag.py for tasks to queue
[2025-11-19T16:53:14.488+0000] {logging_mixin.py:188} INFO - [2025-11-19T16:53:14.488+0000] {dagbag.py:540} INFO - Filling up the DagBag from /opt/airflow/dags/sodai_pipeline_dag.py
[2025-11-19T16:53:14.506+0000] {processor.py:840} INFO - DAG(s) 'sodai_training_and_scoring' retrieved from /opt/airflow/dags/sodai_pipeline_dag.py
[2025-11-19T16:53:14.529+0000] {logging_mixin.py:188} INFO - [2025-11-19T16:53:14.528+0000] {dag.py:3096} INFO - Sync 1 DAGs
[2025-11-19T16:53:14.538+0000] {logging_mixin.py:188} INFO - [2025-11-19T16:53:14.538+0000] {dag.py:3954} INFO - Setting next_dagrun for sodai_training_and_scoring to None, run_after=None
[2025-11-19T16:53:14.554+0000] {processor.py:183} INFO - Processing /opt/airflow/dags/sodai_pipeline_dag.py took 0.075 seconds
[2025-11-19T16:53:45.171+0000] {processor.py:161} INFO - Started process (PID=731) to work on /opt/airflow/dags/sodai_pipeline_dag.py
[2025-11-19T16:53:45.172+0000] {processor.py:830} INFO - Processing file /opt/airflow/dags/sodai_pipeline_dag.py for tasks to queue
[2025-11-19T16:53:45.174+0000] {logging_mixin.py:188} INFO - [2025-11-19T16:53:45.174+0000] {dagbag.py:540} INFO - Filling up the DagBag from /opt/airflow/dags/sodai_pipeline_dag.py
[2025-11-19T16:53:45.192+0000] {processor.py:840} INFO - DAG(s) 'sodai_training_and_scoring' retrieved from /opt/airflow/dags/sodai_pipeline_dag.py
[2025-11-19T16:53:45.220+0000] {logging_mixin.py:188} INFO - [2025-11-19T16:53:45.220+0000] {dag.py:3096} INFO - Sync 1 DAGs
[2025-11-19T16:53:45.230+0000] {logging_mixin.py:188} INFO - [2025-11-19T16:53:45.230+0000] {dag.py:3954} INFO - Setting next_dagrun for sodai_training_and_scoring to None, run_after=None
[2025-11-19T16:53:45.249+0000] {processor.py:183} INFO - Processing /opt/airflow/dags/sodai_pipeline_dag.py took 0.083 seconds
[2025-11-19T16:54:15.840+0000] {processor.py:161} INFO - Started process (PID=741) to work on /opt/airflow/dags/sodai_pipeline_dag.py
[2025-11-19T16:54:15.841+0000] {processor.py:830} INFO - Processing file /opt/airflow/dags/sodai_pipeline_dag.py for tasks to queue
[2025-11-19T16:54:15.843+0000] {logging_mixin.py:188} INFO - [2025-11-19T16:54:15.842+0000] {dagbag.py:540} INFO - Filling up the DagBag from /opt/airflow/dags/sodai_pipeline_dag.py
[2025-11-19T16:54:15.860+0000] {processor.py:840} INFO - DAG(s) 'sodai_training_and_scoring' retrieved from /opt/airflow/dags/sodai_pipeline_dag.py
[2025-11-19T16:54:15.885+0000] {logging_mixin.py:188} INFO - [2025-11-19T16:54:15.885+0000] {dag.py:3096} INFO - Sync 1 DAGs
[2025-11-19T16:54:15.894+0000] {logging_mixin.py:188} INFO - [2025-11-19T16:54:15.894+0000] {dag.py:3954} INFO - Setting next_dagrun for sodai_training_and_scoring to None, run_after=None
[2025-11-19T16:54:15.912+0000] {processor.py:183} INFO - Processing /opt/airflow/dags/sodai_pipeline_dag.py took 0.076 seconds
[2025-11-19T16:54:46.718+0000] {processor.py:161} INFO - Started process (PID=751) to work on /opt/airflow/dags/sodai_pipeline_dag.py
[2025-11-19T16:54:46.719+0000] {processor.py:830} INFO - Processing file /opt/airflow/dags/sodai_pipeline_dag.py for tasks to queue
[2025-11-19T16:54:46.721+0000] {logging_mixin.py:188} INFO - [2025-11-19T16:54:46.720+0000] {dagbag.py:540} INFO - Filling up the DagBag from /opt/airflow/dags/sodai_pipeline_dag.py
[2025-11-19T16:54:46.739+0000] {processor.py:840} INFO - DAG(s) 'sodai_training_and_scoring' retrieved from /opt/airflow/dags/sodai_pipeline_dag.py
[2025-11-19T16:54:46.764+0000] {logging_mixin.py:188} INFO - [2025-11-19T16:54:46.764+0000] {dag.py:3096} INFO - Sync 1 DAGs
[2025-11-19T16:54:46.774+0000] {logging_mixin.py:188} INFO - [2025-11-19T16:54:46.773+0000] {dag.py:3954} INFO - Setting next_dagrun for sodai_training_and_scoring to None, run_after=None
[2025-11-19T16:54:46.790+0000] {processor.py:183} INFO - Processing /opt/airflow/dags/sodai_pipeline_dag.py took 0.076 seconds
[2025-11-19T16:55:17.539+0000] {processor.py:161} INFO - Started process (PID=761) to work on /opt/airflow/dags/sodai_pipeline_dag.py
[2025-11-19T16:55:17.540+0000] {processor.py:830} INFO - Processing file /opt/airflow/dags/sodai_pipeline_dag.py for tasks to queue
[2025-11-19T16:55:17.541+0000] {logging_mixin.py:188} INFO - [2025-11-19T16:55:17.541+0000] {dagbag.py:540} INFO - Filling up the DagBag from /opt/airflow/dags/sodai_pipeline_dag.py
[2025-11-19T16:55:17.558+0000] {processor.py:840} INFO - DAG(s) 'sodai_training_and_scoring' retrieved from /opt/airflow/dags/sodai_pipeline_dag.py
[2025-11-19T16:55:17.582+0000] {logging_mixin.py:188} INFO - [2025-11-19T16:55:17.582+0000] {dag.py:3096} INFO - Sync 1 DAGs
[2025-11-19T16:55:17.593+0000] {logging_mixin.py:188} INFO - [2025-11-19T16:55:17.593+0000] {dag.py:3954} INFO - Setting next_dagrun for sodai_training_and_scoring to None, run_after=None
[2025-11-19T16:55:17.608+0000] {processor.py:183} INFO - Processing /opt/airflow/dags/sodai_pipeline_dag.py took 0.073 seconds
[2025-11-19T16:55:48.455+0000] {processor.py:161} INFO - Started process (PID=771) to work on /opt/airflow/dags/sodai_pipeline_dag.py
[2025-11-19T16:55:48.456+0000] {processor.py:830} INFO - Processing file /opt/airflow/dags/sodai_pipeline_dag.py for tasks to queue
[2025-11-19T16:55:48.458+0000] {logging_mixin.py:188} INFO - [2025-11-19T16:55:48.457+0000] {dagbag.py:540} INFO - Filling up the DagBag from /opt/airflow/dags/sodai_pipeline_dag.py
[2025-11-19T16:55:48.476+0000] {processor.py:840} INFO - DAG(s) 'sodai_training_and_scoring' retrieved from /opt/airflow/dags/sodai_pipeline_dag.py
[2025-11-19T16:55:48.506+0000] {logging_mixin.py:188} INFO - [2025-11-19T16:55:48.505+0000] {dag.py:3096} INFO - Sync 1 DAGs
[2025-11-19T16:55:48.516+0000] {logging_mixin.py:188} INFO - [2025-11-19T16:55:48.516+0000] {dag.py:3954} INFO - Setting next_dagrun for sodai_training_and_scoring to None, run_after=None
[2025-11-19T16:55:48.532+0000] {processor.py:183} INFO - Processing /opt/airflow/dags/sodai_pipeline_dag.py took 0.084 seconds
[2025-11-19T16:56:19.181+0000] {processor.py:161} INFO - Started process (PID=781) to work on /opt/airflow/dags/sodai_pipeline_dag.py
[2025-11-19T16:56:19.182+0000] {processor.py:830} INFO - Processing file /opt/airflow/dags/sodai_pipeline_dag.py for tasks to queue
[2025-11-19T16:56:19.185+0000] {logging_mixin.py:188} INFO - [2025-11-19T16:56:19.184+0000] {dagbag.py:540} INFO - Filling up the DagBag from /opt/airflow/dags/sodai_pipeline_dag.py
[2025-11-19T16:56:19.202+0000] {processor.py:840} INFO - DAG(s) 'sodai_training_and_scoring' retrieved from /opt/airflow/dags/sodai_pipeline_dag.py
[2025-11-19T16:56:19.225+0000] {logging_mixin.py:188} INFO - [2025-11-19T16:56:19.225+0000] {dag.py:3096} INFO - Sync 1 DAGs
[2025-11-19T16:56:19.235+0000] {logging_mixin.py:188} INFO - [2025-11-19T16:56:19.235+0000] {dag.py:3954} INFO - Setting next_dagrun for sodai_training_and_scoring to None, run_after=None
[2025-11-19T16:56:19.252+0000] {processor.py:183} INFO - Processing /opt/airflow/dags/sodai_pipeline_dag.py took 0.076 seconds
[2025-11-19T16:56:49.292+0000] {processor.py:161} INFO - Started process (PID=794) to work on /opt/airflow/dags/sodai_pipeline_dag.py
[2025-11-19T16:56:49.293+0000] {processor.py:830} INFO - Processing file /opt/airflow/dags/sodai_pipeline_dag.py for tasks to queue
[2025-11-19T16:56:49.294+0000] {logging_mixin.py:188} INFO - [2025-11-19T16:56:49.294+0000] {dagbag.py:540} INFO - Filling up the DagBag from /opt/airflow/dags/sodai_pipeline_dag.py
[2025-11-19T16:56:49.312+0000] {processor.py:840} INFO - DAG(s) 'sodai_training_and_scoring' retrieved from /opt/airflow/dags/sodai_pipeline_dag.py
[2025-11-19T16:56:49.334+0000] {logging_mixin.py:188} INFO - [2025-11-19T16:56:49.334+0000] {dag.py:3096} INFO - Sync 1 DAGs
[2025-11-19T16:56:49.342+0000] {logging_mixin.py:188} INFO - [2025-11-19T16:56:49.342+0000] {dag.py:3954} INFO - Setting next_dagrun for sodai_training_and_scoring to None, run_after=None
[2025-11-19T16:56:49.357+0000] {processor.py:183} INFO - Processing /opt/airflow/dags/sodai_pipeline_dag.py took 0.070 seconds
[2025-11-19T16:57:20.168+0000] {processor.py:161} INFO - Started process (PID=801) to work on /opt/airflow/dags/sodai_pipeline_dag.py
[2025-11-19T16:57:20.169+0000] {processor.py:830} INFO - Processing file /opt/airflow/dags/sodai_pipeline_dag.py for tasks to queue
[2025-11-19T16:57:20.170+0000] {logging_mixin.py:188} INFO - [2025-11-19T16:57:20.170+0000] {dagbag.py:540} INFO - Filling up the DagBag from /opt/airflow/dags/sodai_pipeline_dag.py
[2025-11-19T16:57:20.186+0000] {processor.py:840} INFO - DAG(s) 'sodai_training_and_scoring' retrieved from /opt/airflow/dags/sodai_pipeline_dag.py
[2025-11-19T16:57:20.210+0000] {logging_mixin.py:188} INFO - [2025-11-19T16:57:20.210+0000] {dag.py:3096} INFO - Sync 1 DAGs
[2025-11-19T16:57:20.221+0000] {logging_mixin.py:188} INFO - [2025-11-19T16:57:20.220+0000] {dag.py:3954} INFO - Setting next_dagrun for sodai_training_and_scoring to None, run_after=None
[2025-11-19T16:57:20.238+0000] {processor.py:183} INFO - Processing /opt/airflow/dags/sodai_pipeline_dag.py took 0.074 seconds
[2025-11-19T16:57:51.099+0000] {processor.py:161} INFO - Started process (PID=811) to work on /opt/airflow/dags/sodai_pipeline_dag.py
[2025-11-19T16:57:51.101+0000] {processor.py:830} INFO - Processing file /opt/airflow/dags/sodai_pipeline_dag.py for tasks to queue
[2025-11-19T16:57:51.103+0000] {logging_mixin.py:188} INFO - [2025-11-19T16:57:51.102+0000] {dagbag.py:540} INFO - Filling up the DagBag from /opt/airflow/dags/sodai_pipeline_dag.py
[2025-11-19T16:57:51.124+0000] {processor.py:840} INFO - DAG(s) 'sodai_training_and_scoring' retrieved from /opt/airflow/dags/sodai_pipeline_dag.py
[2025-11-19T16:57:51.159+0000] {logging_mixin.py:188} INFO - [2025-11-19T16:57:51.159+0000] {dag.py:3096} INFO - Sync 1 DAGs
[2025-11-19T16:57:51.172+0000] {logging_mixin.py:188} INFO - [2025-11-19T16:57:51.171+0000] {dag.py:3954} INFO - Setting next_dagrun for sodai_training_and_scoring to None, run_after=None
[2025-11-19T16:57:51.188+0000] {processor.py:183} INFO - Processing /opt/airflow/dags/sodai_pipeline_dag.py took 0.099 seconds
[2025-11-19T16:58:21.231+0000] {processor.py:161} INFO - Started process (PID=821) to work on /opt/airflow/dags/sodai_pipeline_dag.py
[2025-11-19T16:58:21.232+0000] {processor.py:830} INFO - Processing file /opt/airflow/dags/sodai_pipeline_dag.py for tasks to queue
[2025-11-19T16:58:21.233+0000] {logging_mixin.py:188} INFO - [2025-11-19T16:58:21.233+0000] {dagbag.py:540} INFO - Filling up the DagBag from /opt/airflow/dags/sodai_pipeline_dag.py
[2025-11-19T16:58:21.250+0000] {processor.py:840} INFO - DAG(s) 'sodai_training_and_scoring' retrieved from /opt/airflow/dags/sodai_pipeline_dag.py
[2025-11-19T16:58:21.274+0000] {logging_mixin.py:188} INFO - [2025-11-19T16:58:21.274+0000] {dag.py:3096} INFO - Sync 1 DAGs
[2025-11-19T16:58:21.283+0000] {logging_mixin.py:188} INFO - [2025-11-19T16:58:21.282+0000] {dag.py:3954} INFO - Setting next_dagrun for sodai_training_and_scoring to None, run_after=None
[2025-11-19T16:58:21.296+0000] {processor.py:183} INFO - Processing /opt/airflow/dags/sodai_pipeline_dag.py took 0.070 seconds
[2025-11-19T16:58:51.378+0000] {processor.py:161} INFO - Started process (PID=831) to work on /opt/airflow/dags/sodai_pipeline_dag.py
[2025-11-19T16:58:51.379+0000] {processor.py:830} INFO - Processing file /opt/airflow/dags/sodai_pipeline_dag.py for tasks to queue
[2025-11-19T16:58:51.381+0000] {logging_mixin.py:188} INFO - [2025-11-19T16:58:51.380+0000] {dagbag.py:540} INFO - Filling up the DagBag from /opt/airflow/dags/sodai_pipeline_dag.py
[2025-11-19T16:58:51.398+0000] {processor.py:840} INFO - DAG(s) 'sodai_training_and_scoring' retrieved from /opt/airflow/dags/sodai_pipeline_dag.py
[2025-11-19T16:58:51.427+0000] {logging_mixin.py:188} INFO - [2025-11-19T16:58:51.426+0000] {dag.py:3096} INFO - Sync 1 DAGs
[2025-11-19T16:58:51.437+0000] {logging_mixin.py:188} INFO - [2025-11-19T16:58:51.436+0000] {dag.py:3954} INFO - Setting next_dagrun for sodai_training_and_scoring to None, run_after=None
[2025-11-19T16:58:51.452+0000] {processor.py:183} INFO - Processing /opt/airflow/dags/sodai_pipeline_dag.py took 0.079 seconds
[2025-11-19T16:59:24.396+0000] {processor.py:161} INFO - Started process (PID=841) to work on /opt/airflow/dags/sodai_pipeline_dag.py
[2025-11-19T16:59:24.397+0000] {processor.py:830} INFO - Processing file /opt/airflow/dags/sodai_pipeline_dag.py for tasks to queue
[2025-11-19T16:59:24.399+0000] {logging_mixin.py:188} INFO - [2025-11-19T16:59:24.399+0000] {dagbag.py:540} INFO - Filling up the DagBag from /opt/airflow/dags/sodai_pipeline_dag.py
[2025-11-19T16:59:24.419+0000] {processor.py:840} INFO - DAG(s) 'sodai_training_and_scoring' retrieved from /opt/airflow/dags/sodai_pipeline_dag.py
[2025-11-19T16:59:24.444+0000] {logging_mixin.py:188} INFO - [2025-11-19T16:59:24.444+0000] {dag.py:3096} INFO - Sync 1 DAGs
[2025-11-19T16:59:24.453+0000] {logging_mixin.py:188} INFO - [2025-11-19T16:59:24.453+0000] {dag.py:3954} INFO - Setting next_dagrun for sodai_training_and_scoring to None, run_after=None
[2025-11-19T16:59:24.468+0000] {processor.py:183} INFO - Processing /opt/airflow/dags/sodai_pipeline_dag.py took 0.082 seconds
[2025-11-19T16:59:54.568+0000] {processor.py:161} INFO - Started process (PID=851) to work on /opt/airflow/dags/sodai_pipeline_dag.py
[2025-11-19T16:59:54.569+0000] {processor.py:830} INFO - Processing file /opt/airflow/dags/sodai_pipeline_dag.py for tasks to queue
[2025-11-19T16:59:56.420+0000] {logging_mixin.py:188} INFO - [2025-11-19T16:59:56.419+0000] {dagbag.py:540} INFO - Filling up the DagBag from /opt/airflow/dags/sodai_pipeline_dag.py
[2025-11-19T16:59:56.438+0000] {processor.py:840} INFO - DAG(s) 'sodai_training_and_scoring' retrieved from /opt/airflow/dags/sodai_pipeline_dag.py
[2025-11-19T16:59:56.460+0000] {logging_mixin.py:188} INFO - [2025-11-19T16:59:56.460+0000] {dag.py:3096} INFO - Sync 1 DAGs
[2025-11-19T16:59:56.469+0000] {logging_mixin.py:188} INFO - [2025-11-19T16:59:56.469+0000] {dag.py:3954} INFO - Setting next_dagrun for sodai_training_and_scoring to None, run_after=None
[2025-11-19T16:59:56.484+0000] {processor.py:183} INFO - Processing /opt/airflow/dags/sodai_pipeline_dag.py took 0.074 seconds
[2025-11-19T17:00:29.643+0000] {processor.py:161} INFO - Started process (PID=861) to work on /opt/airflow/dags/sodai_pipeline_dag.py
[2025-11-19T17:00:29.644+0000] {processor.py:830} INFO - Processing file /opt/airflow/dags/sodai_pipeline_dag.py for tasks to queue
[2025-11-19T17:00:29.645+0000] {logging_mixin.py:188} INFO - [2025-11-19T17:00:29.645+0000] {dagbag.py:540} INFO - Filling up the DagBag from /opt/airflow/dags/sodai_pipeline_dag.py
[2025-11-19T17:00:29.663+0000] {processor.py:840} INFO - DAG(s) 'sodai_training_and_scoring' retrieved from /opt/airflow/dags/sodai_pipeline_dag.py
[2025-11-19T17:00:29.690+0000] {logging_mixin.py:188} INFO - [2025-11-19T17:00:29.690+0000] {dag.py:3096} INFO - Sync 1 DAGs
[2025-11-19T17:00:29.700+0000] {logging_mixin.py:188} INFO - [2025-11-19T17:00:29.699+0000] {dag.py:3954} INFO - Setting next_dagrun for sodai_training_and_scoring to None, run_after=None
[2025-11-19T17:00:29.714+0000] {processor.py:183} INFO - Processing /opt/airflow/dags/sodai_pipeline_dag.py took 0.075 seconds
[2025-11-19T17:01:02.792+0000] {processor.py:161} INFO - Started process (PID=871) to work on /opt/airflow/dags/sodai_pipeline_dag.py
[2025-11-19T17:01:02.793+0000] {processor.py:830} INFO - Processing file /opt/airflow/dags/sodai_pipeline_dag.py for tasks to queue
[2025-11-19T17:01:02.794+0000] {logging_mixin.py:188} INFO - [2025-11-19T17:01:02.794+0000] {dagbag.py:540} INFO - Filling up the DagBag from /opt/airflow/dags/sodai_pipeline_dag.py
[2025-11-19T17:01:02.812+0000] {processor.py:840} INFO - DAG(s) 'sodai_training_and_scoring' retrieved from /opt/airflow/dags/sodai_pipeline_dag.py
[2025-11-19T17:01:02.835+0000] {logging_mixin.py:188} INFO - [2025-11-19T17:01:02.835+0000] {dag.py:3096} INFO - Sync 1 DAGs
[2025-11-19T17:01:02.846+0000] {logging_mixin.py:188} INFO - [2025-11-19T17:01:02.845+0000] {dag.py:3954} INFO - Setting next_dagrun for sodai_training_and_scoring to None, run_after=None
[2025-11-19T17:01:02.862+0000] {processor.py:183} INFO - Processing /opt/airflow/dags/sodai_pipeline_dag.py took 0.074 seconds
[2025-11-19T17:01:35.852+0000] {processor.py:161} INFO - Started process (PID=881) to work on /opt/airflow/dags/sodai_pipeline_dag.py
[2025-11-19T17:01:35.853+0000] {processor.py:830} INFO - Processing file /opt/airflow/dags/sodai_pipeline_dag.py for tasks to queue
[2025-11-19T17:01:35.855+0000] {logging_mixin.py:188} INFO - [2025-11-19T17:01:35.855+0000] {dagbag.py:540} INFO - Filling up the DagBag from /opt/airflow/dags/sodai_pipeline_dag.py
[2025-11-19T17:01:35.874+0000] {processor.py:840} INFO - DAG(s) 'sodai_training_and_scoring' retrieved from /opt/airflow/dags/sodai_pipeline_dag.py
[2025-11-19T17:01:35.898+0000] {logging_mixin.py:188} INFO - [2025-11-19T17:01:35.897+0000] {dag.py:3096} INFO - Sync 1 DAGs
[2025-11-19T17:01:35.907+0000] {logging_mixin.py:188} INFO - [2025-11-19T17:01:35.907+0000] {dag.py:3954} INFO - Setting next_dagrun for sodai_training_and_scoring to None, run_after=None
[2025-11-19T17:01:35.922+0000] {processor.py:183} INFO - Processing /opt/airflow/dags/sodai_pipeline_dag.py took 0.077 seconds
[2025-11-19T17:02:06.079+0000] {processor.py:161} INFO - Started process (PID=891) to work on /opt/airflow/dags/sodai_pipeline_dag.py
[2025-11-19T17:02:06.081+0000] {processor.py:830} INFO - Processing file /opt/airflow/dags/sodai_pipeline_dag.py for tasks to queue
[2025-11-19T17:02:06.085+0000] {logging_mixin.py:188} INFO - [2025-11-19T17:02:06.085+0000] {dagbag.py:540} INFO - Filling up the DagBag from /opt/airflow/dags/sodai_pipeline_dag.py
[2025-11-19T17:02:06.116+0000] {processor.py:840} INFO - DAG(s) 'sodai_training_and_scoring' retrieved from /opt/airflow/dags/sodai_pipeline_dag.py
[2025-11-19T17:02:06.167+0000] {logging_mixin.py:188} INFO - [2025-11-19T17:02:06.167+0000] {dag.py:3096} INFO - Sync 1 DAGs
[2025-11-19T17:02:08.034+0000] {logging_mixin.py:188} INFO - [2025-11-19T17:02:08.034+0000] {dag.py:3954} INFO - Setting next_dagrun for sodai_training_and_scoring to None, run_after=None
[2025-11-19T17:02:08.070+0000] {processor.py:183} INFO - Processing /opt/airflow/dags/sodai_pipeline_dag.py took 0.151 seconds
[2025-11-19T17:02:41.179+0000] {processor.py:161} INFO - Started process (PID=906) to work on /opt/airflow/dags/sodai_pipeline_dag.py
[2025-11-19T17:02:41.180+0000] {processor.py:830} INFO - Processing file /opt/airflow/dags/sodai_pipeline_dag.py for tasks to queue
[2025-11-19T17:02:41.182+0000] {logging_mixin.py:188} INFO - [2025-11-19T17:02:41.182+0000] {dagbag.py:540} INFO - Filling up the DagBag from /opt/airflow/dags/sodai_pipeline_dag.py
[2025-11-19T17:02:41.197+0000] {processor.py:840} INFO - DAG(s) 'sodai_training_and_scoring' retrieved from /opt/airflow/dags/sodai_pipeline_dag.py
[2025-11-19T17:02:41.218+0000] {logging_mixin.py:188} INFO - [2025-11-19T17:02:41.218+0000] {dag.py:3096} INFO - Sync 1 DAGs
[2025-11-19T17:02:41.227+0000] {logging_mixin.py:188} INFO - [2025-11-19T17:02:41.227+0000] {dag.py:3954} INFO - Setting next_dagrun for sodai_training_and_scoring to None, run_after=None
[2025-11-19T17:02:41.245+0000] {processor.py:183} INFO - Processing /opt/airflow/dags/sodai_pipeline_dag.py took 0.070 seconds
[2025-11-19T17:03:14.291+0000] {processor.py:161} INFO - Started process (PID=916) to work on /opt/airflow/dags/sodai_pipeline_dag.py
[2025-11-19T17:03:14.292+0000] {processor.py:830} INFO - Processing file /opt/airflow/dags/sodai_pipeline_dag.py for tasks to queue
[2025-11-19T17:03:14.294+0000] {logging_mixin.py:188} INFO - [2025-11-19T17:03:14.293+0000] {dagbag.py:540} INFO - Filling up the DagBag from /opt/airflow/dags/sodai_pipeline_dag.py
[2025-11-19T17:03:14.307+0000] {processor.py:840} INFO - DAG(s) 'sodai_training_and_scoring' retrieved from /opt/airflow/dags/sodai_pipeline_dag.py
[2025-11-19T17:03:14.330+0000] {logging_mixin.py:188} INFO - [2025-11-19T17:03:14.329+0000] {dag.py:3096} INFO - Sync 1 DAGs
[2025-11-19T17:03:14.340+0000] {logging_mixin.py:188} INFO - [2025-11-19T17:03:14.339+0000] {dag.py:3954} INFO - Setting next_dagrun for sodai_training_and_scoring to None, run_after=None
[2025-11-19T17:03:14.358+0000] {processor.py:183} INFO - Processing /opt/airflow/dags/sodai_pipeline_dag.py took 0.071 seconds
[2025-11-19T17:03:47.418+0000] {processor.py:161} INFO - Started process (PID=926) to work on /opt/airflow/dags/sodai_pipeline_dag.py
[2025-11-19T17:03:47.419+0000] {processor.py:830} INFO - Processing file /opt/airflow/dags/sodai_pipeline_dag.py for tasks to queue
[2025-11-19T17:03:47.422+0000] {logging_mixin.py:188} INFO - [2025-11-19T17:03:47.422+0000] {dagbag.py:540} INFO - Filling up the DagBag from /opt/airflow/dags/sodai_pipeline_dag.py
[2025-11-19T17:03:47.440+0000] {processor.py:840} INFO - DAG(s) 'sodai_training_and_scoring' retrieved from /opt/airflow/dags/sodai_pipeline_dag.py
[2025-11-19T17:03:47.476+0000] {logging_mixin.py:188} INFO - [2025-11-19T17:03:47.476+0000] {dag.py:3096} INFO - Sync 1 DAGs
[2025-11-19T17:03:47.490+0000] {logging_mixin.py:188} INFO - [2025-11-19T17:03:47.490+0000] {dag.py:3954} INFO - Setting next_dagrun for sodai_training_and_scoring to None, run_after=None
[2025-11-19T17:03:47.511+0000] {processor.py:183} INFO - Processing /opt/airflow/dags/sodai_pipeline_dag.py took 0.098 seconds
[2025-11-19T17:04:17.696+0000] {processor.py:161} INFO - Started process (PID=936) to work on /opt/airflow/dags/sodai_pipeline_dag.py
[2025-11-19T17:04:17.696+0000] {processor.py:830} INFO - Processing file /opt/airflow/dags/sodai_pipeline_dag.py for tasks to queue
[2025-11-19T17:04:17.698+0000] {logging_mixin.py:188} INFO - [2025-11-19T17:04:17.698+0000] {dagbag.py:540} INFO - Filling up the DagBag from /opt/airflow/dags/sodai_pipeline_dag.py
[2025-11-19T17:04:17.711+0000] {processor.py:840} INFO - DAG(s) 'sodai_training_and_scoring' retrieved from /opt/airflow/dags/sodai_pipeline_dag.py
[2025-11-19T17:04:17.732+0000] {logging_mixin.py:188} INFO - [2025-11-19T17:04:17.732+0000] {dag.py:3096} INFO - Sync 1 DAGs
[2025-11-19T17:04:17.742+0000] {logging_mixin.py:188} INFO - [2025-11-19T17:04:17.742+0000] {dag.py:3954} INFO - Setting next_dagrun for sodai_training_and_scoring to None, run_after=None
[2025-11-19T17:04:17.759+0000] {processor.py:183} INFO - Processing /opt/airflow/dags/sodai_pipeline_dag.py took 0.067 seconds
[2025-11-19T17:04:47.840+0000] {processor.py:161} INFO - Started process (PID=946) to work on /opt/airflow/dags/sodai_pipeline_dag.py
[2025-11-19T17:04:47.841+0000] {processor.py:830} INFO - Processing file /opt/airflow/dags/sodai_pipeline_dag.py for tasks to queue
[2025-11-19T17:04:47.843+0000] {logging_mixin.py:188} INFO - [2025-11-19T17:04:47.842+0000] {dagbag.py:540} INFO - Filling up the DagBag from /opt/airflow/dags/sodai_pipeline_dag.py
[2025-11-19T17:04:47.857+0000] {processor.py:840} INFO - DAG(s) 'sodai_training_and_scoring' retrieved from /opt/airflow/dags/sodai_pipeline_dag.py
[2025-11-19T17:04:47.882+0000] {logging_mixin.py:188} INFO - [2025-11-19T17:04:47.881+0000] {dag.py:3096} INFO - Sync 1 DAGs
[2025-11-19T17:04:47.892+0000] {logging_mixin.py:188} INFO - [2025-11-19T17:04:47.892+0000] {dag.py:3954} INFO - Setting next_dagrun for sodai_training_and_scoring to None, run_after=None
[2025-11-19T17:04:47.907+0000] {processor.py:183} INFO - Processing /opt/airflow/dags/sodai_pipeline_dag.py took 0.071 seconds
[2025-11-19T17:05:18.031+0000] {processor.py:161} INFO - Started process (PID=956) to work on /opt/airflow/dags/sodai_pipeline_dag.py
[2025-11-19T17:05:18.033+0000] {processor.py:830} INFO - Processing file /opt/airflow/dags/sodai_pipeline_dag.py for tasks to queue
[2025-11-19T17:05:18.035+0000] {logging_mixin.py:188} INFO - [2025-11-19T17:05:18.034+0000] {dagbag.py:540} INFO - Filling up the DagBag from /opt/airflow/dags/sodai_pipeline_dag.py
[2025-11-19T17:05:18.050+0000] {processor.py:840} INFO - DAG(s) 'sodai_training_and_scoring' retrieved from /opt/airflow/dags/sodai_pipeline_dag.py
[2025-11-19T17:05:18.076+0000] {logging_mixin.py:188} INFO - [2025-11-19T17:05:18.076+0000] {dag.py:3096} INFO - Sync 1 DAGs
[2025-11-19T17:05:18.088+0000] {logging_mixin.py:188} INFO - [2025-11-19T17:05:18.088+0000] {dag.py:3954} INFO - Setting next_dagrun for sodai_training_and_scoring to None, run_after=None
[2025-11-19T17:05:18.106+0000] {processor.py:183} INFO - Processing /opt/airflow/dags/sodai_pipeline_dag.py took 0.081 seconds
[2025-11-19T17:05:48.160+0000] {processor.py:161} INFO - Started process (PID=966) to work on /opt/airflow/dags/sodai_pipeline_dag.py
[2025-11-19T17:05:48.161+0000] {processor.py:830} INFO - Processing file /opt/airflow/dags/sodai_pipeline_dag.py for tasks to queue
[2025-11-19T17:05:48.163+0000] {logging_mixin.py:188} INFO - [2025-11-19T17:05:48.162+0000] {dagbag.py:540} INFO - Filling up the DagBag from /opt/airflow/dags/sodai_pipeline_dag.py
[2025-11-19T17:05:48.178+0000] {processor.py:840} INFO - DAG(s) 'sodai_training_and_scoring' retrieved from /opt/airflow/dags/sodai_pipeline_dag.py
[2025-11-19T17:05:48.201+0000] {logging_mixin.py:188} INFO - [2025-11-19T17:05:48.200+0000] {dag.py:3096} INFO - Sync 1 DAGs
[2025-11-19T17:05:48.210+0000] {logging_mixin.py:188} INFO - [2025-11-19T17:05:48.210+0000] {dag.py:3954} INFO - Setting next_dagrun for sodai_training_and_scoring to None, run_after=None
[2025-11-19T17:05:48.227+0000] {processor.py:183} INFO - Processing /opt/airflow/dags/sodai_pipeline_dag.py took 0.071 seconds
[2025-11-19T17:06:18.281+0000] {processor.py:161} INFO - Started process (PID=976) to work on /opt/airflow/dags/sodai_pipeline_dag.py
[2025-11-19T17:06:18.281+0000] {processor.py:830} INFO - Processing file /opt/airflow/dags/sodai_pipeline_dag.py for tasks to queue
[2025-11-19T17:06:18.283+0000] {logging_mixin.py:188} INFO - [2025-11-19T17:06:18.283+0000] {dagbag.py:540} INFO - Filling up the DagBag from /opt/airflow/dags/sodai_pipeline_dag.py
[2025-11-19T17:06:18.295+0000] {processor.py:840} INFO - DAG(s) 'sodai_training_and_scoring' retrieved from /opt/airflow/dags/sodai_pipeline_dag.py
[2025-11-19T17:06:18.317+0000] {logging_mixin.py:188} INFO - [2025-11-19T17:06:18.317+0000] {dag.py:3096} INFO - Sync 1 DAGs
[2025-11-19T17:06:18.330+0000] {logging_mixin.py:188} INFO - [2025-11-19T17:06:18.329+0000] {dag.py:3954} INFO - Setting next_dagrun for sodai_training_and_scoring to None, run_after=None
[2025-11-19T17:06:18.348+0000] {processor.py:183} INFO - Processing /opt/airflow/dags/sodai_pipeline_dag.py took 0.072 seconds
[2025-11-19T17:06:48.385+0000] {processor.py:161} INFO - Started process (PID=986) to work on /opt/airflow/dags/sodai_pipeline_dag.py
[2025-11-19T17:06:48.386+0000] {processor.py:830} INFO - Processing file /opt/airflow/dags/sodai_pipeline_dag.py for tasks to queue
[2025-11-19T17:06:48.387+0000] {logging_mixin.py:188} INFO - [2025-11-19T17:06:48.387+0000] {dagbag.py:540} INFO - Filling up the DagBag from /opt/airflow/dags/sodai_pipeline_dag.py
[2025-11-19T17:06:48.399+0000] {processor.py:840} INFO - DAG(s) 'sodai_training_and_scoring' retrieved from /opt/airflow/dags/sodai_pipeline_dag.py
[2025-11-19T17:06:48.421+0000] {logging_mixin.py:188} INFO - [2025-11-19T17:06:48.421+0000] {dag.py:3096} INFO - Sync 1 DAGs
[2025-11-19T17:06:48.432+0000] {logging_mixin.py:188} INFO - [2025-11-19T17:06:48.431+0000] {dag.py:3954} INFO - Setting next_dagrun for sodai_training_and_scoring to None, run_after=None
[2025-11-19T17:06:48.449+0000] {processor.py:183} INFO - Processing /opt/airflow/dags/sodai_pipeline_dag.py took 0.068 seconds
[2025-11-19T17:07:18.557+0000] {processor.py:161} INFO - Started process (PID=996) to work on /opt/airflow/dags/sodai_pipeline_dag.py
[2025-11-19T17:07:18.558+0000] {processor.py:830} INFO - Processing file /opt/airflow/dags/sodai_pipeline_dag.py for tasks to queue
[2025-11-19T17:07:18.560+0000] {logging_mixin.py:188} INFO - [2025-11-19T17:07:18.559+0000] {dagbag.py:540} INFO - Filling up the DagBag from /opt/airflow/dags/sodai_pipeline_dag.py
[2025-11-19T17:07:18.574+0000] {processor.py:840} INFO - DAG(s) 'sodai_training_and_scoring' retrieved from /opt/airflow/dags/sodai_pipeline_dag.py
[2025-11-19T17:07:18.602+0000] {logging_mixin.py:188} INFO - [2025-11-19T17:07:18.602+0000] {dag.py:3096} INFO - Sync 1 DAGs
[2025-11-19T17:07:18.612+0000] {logging_mixin.py:188} INFO - [2025-11-19T17:07:18.612+0000] {dag.py:3954} INFO - Setting next_dagrun for sodai_training_and_scoring to None, run_after=None
[2025-11-19T17:07:18.630+0000] {processor.py:183} INFO - Processing /opt/airflow/dags/sodai_pipeline_dag.py took 0.077 seconds
[2025-11-19T17:07:48.701+0000] {processor.py:161} INFO - Started process (PID=1006) to work on /opt/airflow/dags/sodai_pipeline_dag.py
[2025-11-19T17:07:48.703+0000] {processor.py:830} INFO - Processing file /opt/airflow/dags/sodai_pipeline_dag.py for tasks to queue
[2025-11-19T17:07:48.705+0000] {logging_mixin.py:188} INFO - [2025-11-19T17:07:48.705+0000] {dagbag.py:540} INFO - Filling up the DagBag from /opt/airflow/dags/sodai_pipeline_dag.py
[2025-11-19T17:07:48.724+0000] {processor.py:840} INFO - DAG(s) 'sodai_training_and_scoring' retrieved from /opt/airflow/dags/sodai_pipeline_dag.py
[2025-11-19T17:07:48.757+0000] {logging_mixin.py:188} INFO - [2025-11-19T17:07:48.757+0000] {dag.py:3096} INFO - Sync 1 DAGs
[2025-11-19T17:07:48.772+0000] {logging_mixin.py:188} INFO - [2025-11-19T17:07:48.771+0000] {dag.py:3954} INFO - Setting next_dagrun for sodai_training_and_scoring to None, run_after=None
[2025-11-19T17:07:48.795+0000] {processor.py:183} INFO - Processing /opt/airflow/dags/sodai_pipeline_dag.py took 0.099 seconds
[2025-11-19T17:08:18.939+0000] {processor.py:161} INFO - Started process (PID=1016) to work on /opt/airflow/dags/sodai_pipeline_dag.py
[2025-11-19T17:08:18.940+0000] {processor.py:830} INFO - Processing file /opt/airflow/dags/sodai_pipeline_dag.py for tasks to queue
[2025-11-19T17:08:18.942+0000] {logging_mixin.py:188} INFO - [2025-11-19T17:08:18.942+0000] {dagbag.py:540} INFO - Filling up the DagBag from /opt/airflow/dags/sodai_pipeline_dag.py
[2025-11-19T17:08:18.963+0000] {processor.py:840} INFO - DAG(s) 'sodai_training_and_scoring' retrieved from /opt/airflow/dags/sodai_pipeline_dag.py
[2025-11-19T17:08:18.990+0000] {logging_mixin.py:188} INFO - [2025-11-19T17:08:18.990+0000] {dag.py:3096} INFO - Sync 1 DAGs
[2025-11-19T17:08:19.002+0000] {logging_mixin.py:188} INFO - [2025-11-19T17:08:19.002+0000] {dag.py:3954} INFO - Setting next_dagrun for sodai_training_and_scoring to None, run_after=None
[2025-11-19T17:08:19.025+0000] {processor.py:183} INFO - Processing /opt/airflow/dags/sodai_pipeline_dag.py took 0.091 seconds
[2025-11-19T17:08:49.081+0000] {processor.py:161} INFO - Started process (PID=1026) to work on /opt/airflow/dags/sodai_pipeline_dag.py
[2025-11-19T17:08:49.082+0000] {processor.py:830} INFO - Processing file /opt/airflow/dags/sodai_pipeline_dag.py for tasks to queue
[2025-11-19T17:08:49.086+0000] {logging_mixin.py:188} INFO - [2025-11-19T17:08:49.085+0000] {dagbag.py:540} INFO - Filling up the DagBag from /opt/airflow/dags/sodai_pipeline_dag.py
[2025-11-19T17:08:49.104+0000] {processor.py:840} INFO - DAG(s) 'sodai_training_and_scoring' retrieved from /opt/airflow/dags/sodai_pipeline_dag.py
[2025-11-19T17:08:49.134+0000] {logging_mixin.py:188} INFO - [2025-11-19T17:08:49.133+0000] {dag.py:3096} INFO - Sync 1 DAGs
[2025-11-19T17:08:49.149+0000] {logging_mixin.py:188} INFO - [2025-11-19T17:08:49.149+0000] {dag.py:3954} INFO - Setting next_dagrun for sodai_training_and_scoring to None, run_after=None
[2025-11-19T17:08:49.173+0000] {processor.py:183} INFO - Processing /opt/airflow/dags/sodai_pipeline_dag.py took 0.097 seconds
[2025-11-19T17:09:19.240+0000] {processor.py:161} INFO - Started process (PID=1036) to work on /opt/airflow/dags/sodai_pipeline_dag.py
[2025-11-19T17:09:19.241+0000] {processor.py:830} INFO - Processing file /opt/airflow/dags/sodai_pipeline_dag.py for tasks to queue
[2025-11-19T17:09:19.244+0000] {logging_mixin.py:188} INFO - [2025-11-19T17:09:19.243+0000] {dagbag.py:540} INFO - Filling up the DagBag from /opt/airflow/dags/sodai_pipeline_dag.py
[2025-11-19T17:09:19.266+0000] {processor.py:840} INFO - DAG(s) 'sodai_training_and_scoring' retrieved from /opt/airflow/dags/sodai_pipeline_dag.py
[2025-11-19T17:09:19.297+0000] {logging_mixin.py:188} INFO - [2025-11-19T17:09:19.296+0000] {dag.py:3096} INFO - Sync 1 DAGs
[2025-11-19T17:09:19.310+0000] {logging_mixin.py:188} INFO - [2025-11-19T17:09:19.310+0000] {dag.py:3954} INFO - Setting next_dagrun for sodai_training_and_scoring to None, run_after=None
[2025-11-19T17:09:19.333+0000] {processor.py:183} INFO - Processing /opt/airflow/dags/sodai_pipeline_dag.py took 0.097 seconds
[2025-11-19T17:09:49.379+0000] {processor.py:161} INFO - Started process (PID=1041) to work on /opt/airflow/dags/sodai_pipeline_dag.py
[2025-11-19T17:09:49.380+0000] {processor.py:830} INFO - Processing file /opt/airflow/dags/sodai_pipeline_dag.py for tasks to queue
[2025-11-19T17:09:49.381+0000] {logging_mixin.py:188} INFO - [2025-11-19T17:09:49.381+0000] {dagbag.py:540} INFO - Filling up the DagBag from /opt/airflow/dags/sodai_pipeline_dag.py
[2025-11-19T17:09:49.396+0000] {processor.py:840} INFO - DAG(s) 'sodai_training_and_scoring' retrieved from /opt/airflow/dags/sodai_pipeline_dag.py
[2025-11-19T17:09:49.420+0000] {logging_mixin.py:188} INFO - [2025-11-19T17:09:49.420+0000] {dag.py:3096} INFO - Sync 1 DAGs
[2025-11-19T17:09:49.431+0000] {logging_mixin.py:188} INFO - [2025-11-19T17:09:49.431+0000] {dag.py:3954} INFO - Setting next_dagrun for sodai_training_and_scoring to None, run_after=None
[2025-11-19T17:09:49.445+0000] {processor.py:183} INFO - Processing /opt/airflow/dags/sodai_pipeline_dag.py took 0.071 seconds
[2025-11-19T17:10:22.613+0000] {processor.py:161} INFO - Started process (PID=1051) to work on /opt/airflow/dags/sodai_pipeline_dag.py
[2025-11-19T17:10:22.614+0000] {processor.py:830} INFO - Processing file /opt/airflow/dags/sodai_pipeline_dag.py for tasks to queue
[2025-11-19T17:10:22.615+0000] {logging_mixin.py:188} INFO - [2025-11-19T17:10:22.615+0000] {dagbag.py:540} INFO - Filling up the DagBag from /opt/airflow/dags/sodai_pipeline_dag.py
[2025-11-19T17:10:22.631+0000] {processor.py:840} INFO - DAG(s) 'sodai_training_and_scoring' retrieved from /opt/airflow/dags/sodai_pipeline_dag.py
[2025-11-19T17:10:22.654+0000] {logging_mixin.py:188} INFO - [2025-11-19T17:10:22.654+0000] {dag.py:3096} INFO - Sync 1 DAGs
[2025-11-19T17:10:22.663+0000] {logging_mixin.py:188} INFO - [2025-11-19T17:10:22.663+0000] {dag.py:3954} INFO - Setting next_dagrun for sodai_training_and_scoring to None, run_after=None
[2025-11-19T17:10:22.679+0000] {processor.py:183} INFO - Processing /opt/airflow/dags/sodai_pipeline_dag.py took 0.071 seconds
[2025-11-19T17:10:52.849+0000] {processor.py:161} INFO - Started process (PID=1061) to work on /opt/airflow/dags/sodai_pipeline_dag.py
[2025-11-19T17:10:52.850+0000] {processor.py:830} INFO - Processing file /opt/airflow/dags/sodai_pipeline_dag.py for tasks to queue
[2025-11-19T17:10:52.851+0000] {logging_mixin.py:188} INFO - [2025-11-19T17:10:52.851+0000] {dagbag.py:540} INFO - Filling up the DagBag from /opt/airflow/dags/sodai_pipeline_dag.py
[2025-11-19T17:10:54.724+0000] {processor.py:840} INFO - DAG(s) 'sodai_training_and_scoring' retrieved from /opt/airflow/dags/sodai_pipeline_dag.py
[2025-11-19T17:10:54.752+0000] {logging_mixin.py:188} INFO - [2025-11-19T17:10:54.751+0000] {dag.py:3096} INFO - Sync 1 DAGs
[2025-11-19T17:10:54.763+0000] {logging_mixin.py:188} INFO - [2025-11-19T17:10:54.762+0000] {dag.py:3954} INFO - Setting next_dagrun for sodai_training_and_scoring to None, run_after=None
[2025-11-19T17:10:54.781+0000] {processor.py:183} INFO - Processing /opt/airflow/dags/sodai_pipeline_dag.py took 0.083 seconds
[2025-11-19T17:11:27.857+0000] {processor.py:161} INFO - Started process (PID=1071) to work on /opt/airflow/dags/sodai_pipeline_dag.py
[2025-11-19T17:11:27.858+0000] {processor.py:830} INFO - Processing file /opt/airflow/dags/sodai_pipeline_dag.py for tasks to queue
[2025-11-19T17:11:27.860+0000] {logging_mixin.py:188} INFO - [2025-11-19T17:11:27.859+0000] {dagbag.py:540} INFO - Filling up the DagBag from /opt/airflow/dags/sodai_pipeline_dag.py
[2025-11-19T17:11:27.881+0000] {processor.py:840} INFO - DAG(s) 'sodai_training_and_scoring' retrieved from /opt/airflow/dags/sodai_pipeline_dag.py
[2025-11-19T17:11:27.915+0000] {logging_mixin.py:188} INFO - [2025-11-19T17:11:27.915+0000] {dag.py:3096} INFO - Sync 1 DAGs
[2025-11-19T17:11:27.927+0000] {logging_mixin.py:188} INFO - [2025-11-19T17:11:27.927+0000] {dag.py:3954} INFO - Setting next_dagrun for sodai_training_and_scoring to None, run_after=None
[2025-11-19T17:11:27.946+0000] {processor.py:183} INFO - Processing /opt/airflow/dags/sodai_pipeline_dag.py took 0.094 seconds
[2025-11-19T17:12:01.080+0000] {processor.py:161} INFO - Started process (PID=1081) to work on /opt/airflow/dags/sodai_pipeline_dag.py
[2025-11-19T17:12:01.082+0000] {processor.py:830} INFO - Processing file /opt/airflow/dags/sodai_pipeline_dag.py for tasks to queue
[2025-11-19T17:12:01.084+0000] {logging_mixin.py:188} INFO - [2025-11-19T17:12:01.083+0000] {dagbag.py:540} INFO - Filling up the DagBag from /opt/airflow/dags/sodai_pipeline_dag.py
[2025-11-19T17:12:01.109+0000] {processor.py:840} INFO - DAG(s) 'sodai_training_and_scoring' retrieved from /opt/airflow/dags/sodai_pipeline_dag.py
[2025-11-19T17:12:01.143+0000] {logging_mixin.py:188} INFO - [2025-11-19T17:12:01.143+0000] {dag.py:3096} INFO - Sync 1 DAGs
[2025-11-19T17:12:01.157+0000] {logging_mixin.py:188} INFO - [2025-11-19T17:12:01.157+0000] {dag.py:3954} INFO - Setting next_dagrun for sodai_training_and_scoring to None, run_after=None
[2025-11-19T17:12:01.179+0000] {processor.py:183} INFO - Processing /opt/airflow/dags/sodai_pipeline_dag.py took 0.106 seconds
[2025-11-19T17:12:34.386+0000] {processor.py:161} INFO - Started process (PID=1091) to work on /opt/airflow/dags/sodai_pipeline_dag.py
[2025-11-19T17:12:34.387+0000] {processor.py:830} INFO - Processing file /opt/airflow/dags/sodai_pipeline_dag.py for tasks to queue
[2025-11-19T17:12:34.390+0000] {logging_mixin.py:188} INFO - [2025-11-19T17:12:34.390+0000] {dagbag.py:540} INFO - Filling up the DagBag from /opt/airflow/dags/sodai_pipeline_dag.py
[2025-11-19T17:12:34.413+0000] {processor.py:840} INFO - DAG(s) 'sodai_training_and_scoring' retrieved from /opt/airflow/dags/sodai_pipeline_dag.py
[2025-11-19T17:12:34.450+0000] {logging_mixin.py:188} INFO - [2025-11-19T17:12:34.450+0000] {dag.py:3096} INFO - Sync 1 DAGs
[2025-11-19T17:12:34.463+0000] {logging_mixin.py:188} INFO - [2025-11-19T17:12:34.463+0000] {dag.py:3954} INFO - Setting next_dagrun for sodai_training_and_scoring to None, run_after=None
[2025-11-19T17:12:34.487+0000] {processor.py:183} INFO - Processing /opt/airflow/dags/sodai_pipeline_dag.py took 0.107 seconds
[2025-11-19T17:13:06.515+0000] {processor.py:161} INFO - Started process (PID=1101) to work on /opt/airflow/dags/sodai_pipeline_dag.py
[2025-11-19T17:13:06.516+0000] {processor.py:830} INFO - Processing file /opt/airflow/dags/sodai_pipeline_dag.py for tasks to queue
[2025-11-19T17:13:06.518+0000] {logging_mixin.py:188} INFO - [2025-11-19T17:13:06.517+0000] {dagbag.py:540} INFO - Filling up the DagBag from /opt/airflow/dags/sodai_pipeline_dag.py
[2025-11-19T17:13:06.540+0000] {processor.py:840} INFO - DAG(s) 'sodai_training_and_scoring' retrieved from /opt/airflow/dags/sodai_pipeline_dag.py
[2025-11-19T17:13:06.570+0000] {logging_mixin.py:188} INFO - [2025-11-19T17:13:06.570+0000] {dag.py:3096} INFO - Sync 1 DAGs
[2025-11-19T17:13:06.583+0000] {logging_mixin.py:188} INFO - [2025-11-19T17:13:06.583+0000] {dag.py:3954} INFO - Setting next_dagrun for sodai_training_and_scoring to None, run_after=None
[2025-11-19T17:13:06.606+0000] {processor.py:183} INFO - Processing /opt/airflow/dags/sodai_pipeline_dag.py took 0.098 seconds
[2025-11-19T17:13:39.692+0000] {processor.py:161} INFO - Started process (PID=1111) to work on /opt/airflow/dags/sodai_pipeline_dag.py
[2025-11-19T17:13:39.694+0000] {processor.py:830} INFO - Processing file /opt/airflow/dags/sodai_pipeline_dag.py for tasks to queue
[2025-11-19T17:13:39.697+0000] {logging_mixin.py:188} INFO - [2025-11-19T17:13:39.696+0000] {dagbag.py:540} INFO - Filling up the DagBag from /opt/airflow/dags/sodai_pipeline_dag.py
[2025-11-19T17:13:39.717+0000] {processor.py:840} INFO - DAG(s) 'sodai_training_and_scoring' retrieved from /opt/airflow/dags/sodai_pipeline_dag.py
[2025-11-19T17:13:39.749+0000] {logging_mixin.py:188} INFO - [2025-11-19T17:13:39.749+0000] {dag.py:3096} INFO - Sync 1 DAGs
[2025-11-19T17:13:39.762+0000] {logging_mixin.py:188} INFO - [2025-11-19T17:13:39.762+0000] {dag.py:3954} INFO - Setting next_dagrun for sodai_training_and_scoring to None, run_after=None
[2025-11-19T17:13:39.785+0000] {processor.py:183} INFO - Processing /opt/airflow/dags/sodai_pipeline_dag.py took 0.103 seconds
[2025-11-19T17:14:12.936+0000] {processor.py:161} INFO - Started process (PID=1121) to work on /opt/airflow/dags/sodai_pipeline_dag.py
[2025-11-19T17:14:12.938+0000] {processor.py:830} INFO - Processing file /opt/airflow/dags/sodai_pipeline_dag.py for tasks to queue
[2025-11-19T17:14:12.942+0000] {logging_mixin.py:188} INFO - [2025-11-19T17:14:12.941+0000] {dagbag.py:540} INFO - Filling up the DagBag from /opt/airflow/dags/sodai_pipeline_dag.py
[2025-11-19T17:14:12.971+0000] {processor.py:840} INFO - DAG(s) 'sodai_training_and_scoring' retrieved from /opt/airflow/dags/sodai_pipeline_dag.py
[2025-11-19T17:14:13.006+0000] {logging_mixin.py:188} INFO - [2025-11-19T17:14:13.005+0000] {dag.py:3096} INFO - Sync 1 DAGs
[2025-11-19T17:14:13.023+0000] {logging_mixin.py:188} INFO - [2025-11-19T17:14:13.023+0000] {dag.py:3954} INFO - Setting next_dagrun for sodai_training_and_scoring to None, run_after=None
[2025-11-19T17:14:13.050+0000] {processor.py:183} INFO - Processing /opt/airflow/dags/sodai_pipeline_dag.py took 0.122 seconds
[2025-11-19T17:14:43.376+0000] {processor.py:161} INFO - Started process (PID=1131) to work on /opt/airflow/dags/sodai_pipeline_dag.py
[2025-11-19T17:14:43.377+0000] {processor.py:830} INFO - Processing file /opt/airflow/dags/sodai_pipeline_dag.py for tasks to queue
[2025-11-19T17:14:43.379+0000] {logging_mixin.py:188} INFO - [2025-11-19T17:14:43.379+0000] {dagbag.py:540} INFO - Filling up the DagBag from /opt/airflow/dags/sodai_pipeline_dag.py
[2025-11-19T17:14:43.401+0000] {processor.py:840} INFO - DAG(s) 'sodai_training_and_scoring' retrieved from /opt/airflow/dags/sodai_pipeline_dag.py
[2025-11-19T17:14:43.438+0000] {logging_mixin.py:188} INFO - [2025-11-19T17:14:43.437+0000] {dag.py:3096} INFO - Sync 1 DAGs
[2025-11-19T17:14:43.451+0000] {logging_mixin.py:188} INFO - [2025-11-19T17:14:43.451+0000] {dag.py:3954} INFO - Setting next_dagrun for sodai_training_and_scoring to None, run_after=None
[2025-11-19T17:14:43.476+0000] {processor.py:183} INFO - Processing /opt/airflow/dags/sodai_pipeline_dag.py took 0.108 seconds
[2025-11-19T17:15:13.659+0000] {processor.py:161} INFO - Started process (PID=1141) to work on /opt/airflow/dags/sodai_pipeline_dag.py
[2025-11-19T17:15:13.662+0000] {processor.py:830} INFO - Processing file /opt/airflow/dags/sodai_pipeline_dag.py for tasks to queue
[2025-11-19T17:15:13.667+0000] {logging_mixin.py:188} INFO - [2025-11-19T17:15:13.666+0000] {dagbag.py:540} INFO - Filling up the DagBag from /opt/airflow/dags/sodai_pipeline_dag.py
[2025-11-19T17:15:13.702+0000] {processor.py:840} INFO - DAG(s) 'sodai_training_and_scoring' retrieved from /opt/airflow/dags/sodai_pipeline_dag.py
[2025-11-19T17:15:13.736+0000] {logging_mixin.py:188} INFO - [2025-11-19T17:15:13.736+0000] {dag.py:3096} INFO - Sync 1 DAGs
[2025-11-19T17:15:13.748+0000] {logging_mixin.py:188} INFO - [2025-11-19T17:15:13.748+0000] {dag.py:3954} INFO - Setting next_dagrun for sodai_training_and_scoring to None, run_after=None
[2025-11-19T17:15:13.772+0000] {processor.py:183} INFO - Processing /opt/airflow/dags/sodai_pipeline_dag.py took 0.119 seconds
[2025-11-19T17:15:43.852+0000] {processor.py:161} INFO - Started process (PID=1156) to work on /opt/airflow/dags/sodai_pipeline_dag.py
[2025-11-19T17:15:43.853+0000] {processor.py:830} INFO - Processing file /opt/airflow/dags/sodai_pipeline_dag.py for tasks to queue
[2025-11-19T17:15:43.855+0000] {logging_mixin.py:188} INFO - [2025-11-19T17:15:43.855+0000] {dagbag.py:540} INFO - Filling up the DagBag from /opt/airflow/dags/sodai_pipeline_dag.py
[2025-11-19T17:15:43.877+0000] {processor.py:840} INFO - DAG(s) 'sodai_training_and_scoring' retrieved from /opt/airflow/dags/sodai_pipeline_dag.py
[2025-11-19T17:15:43.906+0000] {logging_mixin.py:188} INFO - [2025-11-19T17:15:43.905+0000] {dag.py:3096} INFO - Sync 1 DAGs
[2025-11-19T17:15:43.920+0000] {logging_mixin.py:188} INFO - [2025-11-19T17:15:43.920+0000] {dag.py:3954} INFO - Setting next_dagrun for sodai_training_and_scoring to None, run_after=None
[2025-11-19T17:15:43.938+0000] {processor.py:183} INFO - Processing /opt/airflow/dags/sodai_pipeline_dag.py took 0.092 seconds
[2025-11-19T17:16:14.039+0000] {processor.py:161} INFO - Started process (PID=1166) to work on /opt/airflow/dags/sodai_pipeline_dag.py
[2025-11-19T17:16:14.041+0000] {processor.py:830} INFO - Processing file /opt/airflow/dags/sodai_pipeline_dag.py for tasks to queue
[2025-11-19T17:16:14.042+0000] {logging_mixin.py:188} INFO - [2025-11-19T17:16:14.042+0000] {dagbag.py:540} INFO - Filling up the DagBag from /opt/airflow/dags/sodai_pipeline_dag.py
[2025-11-19T17:16:14.062+0000] {processor.py:840} INFO - DAG(s) 'sodai_training_and_scoring' retrieved from /opt/airflow/dags/sodai_pipeline_dag.py
[2025-11-19T17:16:14.090+0000] {logging_mixin.py:188} INFO - [2025-11-19T17:16:14.090+0000] {dag.py:3096} INFO - Sync 1 DAGs
[2025-11-19T17:16:14.106+0000] {logging_mixin.py:188} INFO - [2025-11-19T17:16:14.106+0000] {dag.py:3954} INFO - Setting next_dagrun for sodai_training_and_scoring to None, run_after=None
[2025-11-19T17:16:14.131+0000] {processor.py:183} INFO - Processing /opt/airflow/dags/sodai_pipeline_dag.py took 0.096 seconds
[2025-11-19T17:16:44.193+0000] {processor.py:161} INFO - Started process (PID=1171) to work on /opt/airflow/dags/sodai_pipeline_dag.py
[2025-11-19T17:16:44.195+0000] {processor.py:830} INFO - Processing file /opt/airflow/dags/sodai_pipeline_dag.py for tasks to queue
[2025-11-19T17:16:44.197+0000] {logging_mixin.py:188} INFO - [2025-11-19T17:16:44.197+0000] {dagbag.py:540} INFO - Filling up the DagBag from /opt/airflow/dags/sodai_pipeline_dag.py
[2025-11-19T17:16:44.217+0000] {processor.py:840} INFO - DAG(s) 'sodai_training_and_scoring' retrieved from /opt/airflow/dags/sodai_pipeline_dag.py
[2025-11-19T17:16:44.249+0000] {logging_mixin.py:188} INFO - [2025-11-19T17:16:44.249+0000] {dag.py:3096} INFO - Sync 1 DAGs
[2025-11-19T17:16:44.260+0000] {logging_mixin.py:188} INFO - [2025-11-19T17:16:44.260+0000] {dag.py:3954} INFO - Setting next_dagrun for sodai_training_and_scoring to None, run_after=None
[2025-11-19T17:16:44.279+0000] {processor.py:183} INFO - Processing /opt/airflow/dags/sodai_pipeline_dag.py took 0.091 seconds
[2025-11-19T17:17:14.438+0000] {processor.py:161} INFO - Started process (PID=1181) to work on /opt/airflow/dags/sodai_pipeline_dag.py
[2025-11-19T17:17:14.439+0000] {processor.py:830} INFO - Processing file /opt/airflow/dags/sodai_pipeline_dag.py for tasks to queue
[2025-11-19T17:17:14.440+0000] {logging_mixin.py:188} INFO - [2025-11-19T17:17:14.440+0000] {dagbag.py:540} INFO - Filling up the DagBag from /opt/airflow/dags/sodai_pipeline_dag.py
[2025-11-19T17:17:14.460+0000] {processor.py:840} INFO - DAG(s) 'sodai_training_and_scoring' retrieved from /opt/airflow/dags/sodai_pipeline_dag.py
[2025-11-19T17:17:14.484+0000] {logging_mixin.py:188} INFO - [2025-11-19T17:17:14.484+0000] {dag.py:3096} INFO - Sync 1 DAGs
[2025-11-19T17:17:14.493+0000] {logging_mixin.py:188} INFO - [2025-11-19T17:17:14.493+0000] {dag.py:3954} INFO - Setting next_dagrun for sodai_training_and_scoring to None, run_after=None
[2025-11-19T17:17:14.508+0000] {processor.py:183} INFO - Processing /opt/airflow/dags/sodai_pipeline_dag.py took 0.076 seconds
[2025-11-19T17:17:44.588+0000] {processor.py:161} INFO - Started process (PID=1196) to work on /opt/airflow/dags/sodai_pipeline_dag.py
[2025-11-19T17:17:44.589+0000] {processor.py:830} INFO - Processing file /opt/airflow/dags/sodai_pipeline_dag.py for tasks to queue
[2025-11-19T17:17:44.590+0000] {logging_mixin.py:188} INFO - [2025-11-19T17:17:44.590+0000] {dagbag.py:540} INFO - Filling up the DagBag from /opt/airflow/dags/sodai_pipeline_dag.py
[2025-11-19T17:17:44.604+0000] {processor.py:840} INFO - DAG(s) 'sodai_training_and_scoring' retrieved from /opt/airflow/dags/sodai_pipeline_dag.py
[2025-11-19T17:17:44.627+0000] {logging_mixin.py:188} INFO - [2025-11-19T17:17:44.626+0000] {dag.py:3096} INFO - Sync 1 DAGs
[2025-11-19T17:17:44.638+0000] {logging_mixin.py:188} INFO - [2025-11-19T17:17:44.638+0000] {dag.py:3954} INFO - Setting next_dagrun for sodai_training_and_scoring to None, run_after=None
[2025-11-19T17:17:44.654+0000] {processor.py:183} INFO - Processing /opt/airflow/dags/sodai_pipeline_dag.py took 0.071 seconds
[2025-11-19T17:18:14.742+0000] {processor.py:161} INFO - Started process (PID=1206) to work on /opt/airflow/dags/sodai_pipeline_dag.py
[2025-11-19T17:18:14.743+0000] {processor.py:830} INFO - Processing file /opt/airflow/dags/sodai_pipeline_dag.py for tasks to queue
[2025-11-19T17:18:14.745+0000] {logging_mixin.py:188} INFO - [2025-11-19T17:18:14.745+0000] {dagbag.py:540} INFO - Filling up the DagBag from /opt/airflow/dags/sodai_pipeline_dag.py
[2025-11-19T17:18:14.762+0000] {processor.py:840} INFO - DAG(s) 'sodai_training_and_scoring' retrieved from /opt/airflow/dags/sodai_pipeline_dag.py
[2025-11-19T17:18:14.787+0000] {logging_mixin.py:188} INFO - [2025-11-19T17:18:14.787+0000] {dag.py:3096} INFO - Sync 1 DAGs
[2025-11-19T17:18:14.797+0000] {logging_mixin.py:188} INFO - [2025-11-19T17:18:14.797+0000] {dag.py:3954} INFO - Setting next_dagrun for sodai_training_and_scoring to None, run_after=None
[2025-11-19T17:18:14.815+0000] {processor.py:183} INFO - Processing /opt/airflow/dags/sodai_pipeline_dag.py took 0.077 seconds
[2025-11-19T17:18:44.897+0000] {processor.py:161} INFO - Started process (PID=1211) to work on /opt/airflow/dags/sodai_pipeline_dag.py
[2025-11-19T17:18:44.898+0000] {processor.py:830} INFO - Processing file /opt/airflow/dags/sodai_pipeline_dag.py for tasks to queue
[2025-11-19T17:18:44.900+0000] {logging_mixin.py:188} INFO - [2025-11-19T17:18:44.899+0000] {dagbag.py:540} INFO - Filling up the DagBag from /opt/airflow/dags/sodai_pipeline_dag.py
[2025-11-19T17:18:44.914+0000] {processor.py:840} INFO - DAG(s) 'sodai_training_and_scoring' retrieved from /opt/airflow/dags/sodai_pipeline_dag.py
[2025-11-19T17:18:44.949+0000] {logging_mixin.py:188} INFO - [2025-11-19T17:18:44.949+0000] {dag.py:3096} INFO - Sync 1 DAGs
[2025-11-19T17:18:44.963+0000] {logging_mixin.py:188} INFO - [2025-11-19T17:18:44.963+0000] {dag.py:3954} INFO - Setting next_dagrun for sodai_training_and_scoring to None, run_after=None
[2025-11-19T17:18:44.982+0000] {processor.py:183} INFO - Processing /opt/airflow/dags/sodai_pipeline_dag.py took 0.090 seconds
[2025-11-19T17:19:15.120+0000] {processor.py:161} INFO - Started process (PID=1221) to work on /opt/airflow/dags/sodai_pipeline_dag.py
[2025-11-19T17:19:15.121+0000] {processor.py:830} INFO - Processing file /opt/airflow/dags/sodai_pipeline_dag.py for tasks to queue
[2025-11-19T17:19:15.122+0000] {logging_mixin.py:188} INFO - [2025-11-19T17:19:15.122+0000] {dagbag.py:540} INFO - Filling up the DagBag from /opt/airflow/dags/sodai_pipeline_dag.py
[2025-11-19T17:19:15.137+0000] {processor.py:840} INFO - DAG(s) 'sodai_training_and_scoring' retrieved from /opt/airflow/dags/sodai_pipeline_dag.py
[2025-11-19T17:19:15.164+0000] {logging_mixin.py:188} INFO - [2025-11-19T17:19:15.163+0000] {dag.py:3096} INFO - Sync 1 DAGs
[2025-11-19T17:19:15.173+0000] {logging_mixin.py:188} INFO - [2025-11-19T17:19:15.173+0000] {dag.py:3954} INFO - Setting next_dagrun for sodai_training_and_scoring to None, run_after=None
[2025-11-19T17:19:15.188+0000] {processor.py:183} INFO - Processing /opt/airflow/dags/sodai_pipeline_dag.py took 0.074 seconds
[2025-11-19T17:19:45.237+0000] {processor.py:161} INFO - Started process (PID=1231) to work on /opt/airflow/dags/sodai_pipeline_dag.py
[2025-11-19T17:19:45.238+0000] {processor.py:830} INFO - Processing file /opt/airflow/dags/sodai_pipeline_dag.py for tasks to queue
[2025-11-19T17:19:45.240+0000] {logging_mixin.py:188} INFO - [2025-11-19T17:19:45.240+0000] {dagbag.py:540} INFO - Filling up the DagBag from /opt/airflow/dags/sodai_pipeline_dag.py
[2025-11-19T17:19:45.256+0000] {processor.py:840} INFO - DAG(s) 'sodai_training_and_scoring' retrieved from /opt/airflow/dags/sodai_pipeline_dag.py
[2025-11-19T17:19:45.281+0000] {logging_mixin.py:188} INFO - [2025-11-19T17:19:45.281+0000] {dag.py:3096} INFO - Sync 1 DAGs
[2025-11-19T17:19:45.291+0000] {logging_mixin.py:188} INFO - [2025-11-19T17:19:45.291+0000] {dag.py:3954} INFO - Setting next_dagrun for sodai_training_and_scoring to None, run_after=None
[2025-11-19T17:19:45.307+0000] {processor.py:183} INFO - Processing /opt/airflow/dags/sodai_pipeline_dag.py took 0.075 seconds
[2025-11-19T17:20:15.409+0000] {processor.py:161} INFO - Started process (PID=1241) to work on /opt/airflow/dags/sodai_pipeline_dag.py
[2025-11-19T17:20:15.410+0000] {processor.py:830} INFO - Processing file /opt/airflow/dags/sodai_pipeline_dag.py for tasks to queue
[2025-11-19T17:20:15.412+0000] {logging_mixin.py:188} INFO - [2025-11-19T17:20:15.412+0000] {dagbag.py:540} INFO - Filling up the DagBag from /opt/airflow/dags/sodai_pipeline_dag.py
[2025-11-19T17:20:15.430+0000] {processor.py:840} INFO - DAG(s) 'sodai_training_and_scoring' retrieved from /opt/airflow/dags/sodai_pipeline_dag.py
[2025-11-19T17:20:15.460+0000] {logging_mixin.py:188} INFO - [2025-11-19T17:20:15.459+0000] {dag.py:3096} INFO - Sync 1 DAGs
[2025-11-19T17:20:15.472+0000] {logging_mixin.py:188} INFO - [2025-11-19T17:20:15.472+0000] {dag.py:3954} INFO - Setting next_dagrun for sodai_training_and_scoring to None, run_after=None
[2025-11-19T17:20:15.491+0000] {processor.py:183} INFO - Processing /opt/airflow/dags/sodai_pipeline_dag.py took 0.088 seconds
[2025-11-19T17:20:48.656+0000] {processor.py:161} INFO - Started process (PID=1251) to work on /opt/airflow/dags/sodai_pipeline_dag.py
[2025-11-19T17:20:48.657+0000] {processor.py:830} INFO - Processing file /opt/airflow/dags/sodai_pipeline_dag.py for tasks to queue
[2025-11-19T17:20:48.658+0000] {logging_mixin.py:188} INFO - [2025-11-19T17:20:48.658+0000] {dagbag.py:540} INFO - Filling up the DagBag from /opt/airflow/dags/sodai_pipeline_dag.py
[2025-11-19T17:20:48.674+0000] {processor.py:840} INFO - DAG(s) 'sodai_training_and_scoring' retrieved from /opt/airflow/dags/sodai_pipeline_dag.py
[2025-11-19T17:20:48.702+0000] {logging_mixin.py:188} INFO - [2025-11-19T17:20:48.702+0000] {dag.py:3096} INFO - Sync 1 DAGs
[2025-11-19T17:20:48.712+0000] {logging_mixin.py:188} INFO - [2025-11-19T17:20:48.712+0000] {dag.py:3954} INFO - Setting next_dagrun for sodai_training_and_scoring to None, run_after=None
[2025-11-19T17:20:48.730+0000] {processor.py:183} INFO - Processing /opt/airflow/dags/sodai_pipeline_dag.py took 0.079 seconds
[2025-11-19T17:21:20.863+0000] {processor.py:161} INFO - Started process (PID=1261) to work on /opt/airflow/dags/sodai_pipeline_dag.py
[2025-11-19T17:21:20.864+0000] {processor.py:830} INFO - Processing file /opt/airflow/dags/sodai_pipeline_dag.py for tasks to queue
[2025-11-19T17:21:20.865+0000] {logging_mixin.py:188} INFO - [2025-11-19T17:21:20.865+0000] {dagbag.py:540} INFO - Filling up the DagBag from /opt/airflow/dags/sodai_pipeline_dag.py
[2025-11-19T17:21:20.882+0000] {processor.py:840} INFO - DAG(s) 'sodai_training_and_scoring' retrieved from /opt/airflow/dags/sodai_pipeline_dag.py
[2025-11-19T17:21:20.907+0000] {logging_mixin.py:188} INFO - [2025-11-19T17:21:20.906+0000] {dag.py:3096} INFO - Sync 1 DAGs
[2025-11-19T17:21:20.917+0000] {logging_mixin.py:188} INFO - [2025-11-19T17:21:20.916+0000] {dag.py:3954} INFO - Setting next_dagrun for sodai_training_and_scoring to None, run_after=None
[2025-11-19T17:21:20.936+0000] {processor.py:183} INFO - Processing /opt/airflow/dags/sodai_pipeline_dag.py took 0.078 seconds
[2025-11-19T17:21:53.991+0000] {processor.py:161} INFO - Started process (PID=1271) to work on /opt/airflow/dags/sodai_pipeline_dag.py
[2025-11-19T17:21:53.992+0000] {processor.py:830} INFO - Processing file /opt/airflow/dags/sodai_pipeline_dag.py for tasks to queue
[2025-11-19T17:21:53.994+0000] {logging_mixin.py:188} INFO - [2025-11-19T17:21:53.993+0000] {dagbag.py:540} INFO - Filling up the DagBag from /opt/airflow/dags/sodai_pipeline_dag.py
[2025-11-19T17:21:54.010+0000] {processor.py:840} INFO - DAG(s) 'sodai_training_and_scoring' retrieved from /opt/airflow/dags/sodai_pipeline_dag.py
[2025-11-19T17:21:54.033+0000] {logging_mixin.py:188} INFO - [2025-11-19T17:21:54.033+0000] {dag.py:3096} INFO - Sync 1 DAGs
[2025-11-19T17:21:54.043+0000] {logging_mixin.py:188} INFO - [2025-11-19T17:21:54.043+0000] {dag.py:3954} INFO - Setting next_dagrun for sodai_training_and_scoring to None, run_after=None
[2025-11-19T17:21:54.058+0000] {processor.py:183} INFO - Processing /opt/airflow/dags/sodai_pipeline_dag.py took 0.072 seconds
[2025-11-19T17:22:27.191+0000] {processor.py:161} INFO - Started process (PID=1281) to work on /opt/airflow/dags/sodai_pipeline_dag.py
[2025-11-19T17:22:27.192+0000] {processor.py:830} INFO - Processing file /opt/airflow/dags/sodai_pipeline_dag.py for tasks to queue
[2025-11-19T17:22:27.193+0000] {logging_mixin.py:188} INFO - [2025-11-19T17:22:27.193+0000] {dagbag.py:540} INFO - Filling up the DagBag from /opt/airflow/dags/sodai_pipeline_dag.py
[2025-11-19T17:22:27.210+0000] {processor.py:840} INFO - DAG(s) 'sodai_training_and_scoring' retrieved from /opt/airflow/dags/sodai_pipeline_dag.py
[2025-11-19T17:22:27.238+0000] {logging_mixin.py:188} INFO - [2025-11-19T17:22:27.238+0000] {dag.py:3096} INFO - Sync 1 DAGs
[2025-11-19T17:22:27.247+0000] {logging_mixin.py:188} INFO - [2025-11-19T17:22:27.247+0000] {dag.py:3954} INFO - Setting next_dagrun for sodai_training_and_scoring to None, run_after=None
[2025-11-19T17:22:27.269+0000] {processor.py:183} INFO - Processing /opt/airflow/dags/sodai_pipeline_dag.py took 0.083 seconds
[2025-11-19T17:23:00.406+0000] {processor.py:161} INFO - Started process (PID=1291) to work on /opt/airflow/dags/sodai_pipeline_dag.py
[2025-11-19T17:23:00.407+0000] {processor.py:830} INFO - Processing file /opt/airflow/dags/sodai_pipeline_dag.py for tasks to queue
[2025-11-19T17:23:00.408+0000] {logging_mixin.py:188} INFO - [2025-11-19T17:23:00.408+0000] {dagbag.py:540} INFO - Filling up the DagBag from /opt/airflow/dags/sodai_pipeline_dag.py
[2025-11-19T17:23:00.424+0000] {processor.py:840} INFO - DAG(s) 'sodai_training_and_scoring' retrieved from /opt/airflow/dags/sodai_pipeline_dag.py
[2025-11-19T17:23:00.448+0000] {logging_mixin.py:188} INFO - [2025-11-19T17:23:00.448+0000] {dag.py:3096} INFO - Sync 1 DAGs
[2025-11-19T17:23:00.457+0000] {logging_mixin.py:188} INFO - [2025-11-19T17:23:00.457+0000] {dag.py:3954} INFO - Setting next_dagrun for sodai_training_and_scoring to None, run_after=None
[2025-11-19T17:23:00.472+0000] {processor.py:183} INFO - Processing /opt/airflow/dags/sodai_pipeline_dag.py took 0.072 seconds
[2025-11-19T17:23:30.756+0000] {processor.py:161} INFO - Started process (PID=1301) to work on /opt/airflow/dags/sodai_pipeline_dag.py
[2025-11-19T17:23:30.757+0000] {processor.py:830} INFO - Processing file /opt/airflow/dags/sodai_pipeline_dag.py for tasks to queue
[2025-11-19T17:23:30.758+0000] {logging_mixin.py:188} INFO - [2025-11-19T17:23:30.758+0000] {dagbag.py:540} INFO - Filling up the DagBag from /opt/airflow/dags/sodai_pipeline_dag.py
[2025-11-19T17:23:30.774+0000] {processor.py:840} INFO - DAG(s) 'sodai_training_and_scoring' retrieved from /opt/airflow/dags/sodai_pipeline_dag.py
[2025-11-19T17:23:30.801+0000] {logging_mixin.py:188} INFO - [2025-11-19T17:23:30.800+0000] {dag.py:3096} INFO - Sync 1 DAGs
[2025-11-19T17:23:30.812+0000] {logging_mixin.py:188} INFO - [2025-11-19T17:23:30.812+0000] {dag.py:3954} INFO - Setting next_dagrun for sodai_training_and_scoring to None, run_after=None
[2025-11-19T17:23:30.830+0000] {processor.py:183} INFO - Processing /opt/airflow/dags/sodai_pipeline_dag.py took 0.079 seconds
[2025-11-19T17:24:00.899+0000] {processor.py:161} INFO - Started process (PID=1316) to work on /opt/airflow/dags/sodai_pipeline_dag.py
[2025-11-19T17:24:00.900+0000] {processor.py:830} INFO - Processing file /opt/airflow/dags/sodai_pipeline_dag.py for tasks to queue
[2025-11-19T17:24:00.902+0000] {logging_mixin.py:188} INFO - [2025-11-19T17:24:00.902+0000] {dagbag.py:540} INFO - Filling up the DagBag from /opt/airflow/dags/sodai_pipeline_dag.py
[2025-11-19T17:24:00.917+0000] {processor.py:840} INFO - DAG(s) 'sodai_training_and_scoring' retrieved from /opt/airflow/dags/sodai_pipeline_dag.py
[2025-11-19T17:24:00.938+0000] {logging_mixin.py:188} INFO - [2025-11-19T17:24:00.938+0000] {dag.py:3096} INFO - Sync 1 DAGs
[2025-11-19T17:24:00.950+0000] {logging_mixin.py:188} INFO - [2025-11-19T17:24:00.949+0000] {dag.py:3954} INFO - Setting next_dagrun for sodai_training_and_scoring to None, run_after=None
[2025-11-19T17:24:00.965+0000] {processor.py:183} INFO - Processing /opt/airflow/dags/sodai_pipeline_dag.py took 0.071 seconds
[2025-11-19T17:24:31.030+0000] {processor.py:161} INFO - Started process (PID=1326) to work on /opt/airflow/dags/sodai_pipeline_dag.py
[2025-11-19T17:24:31.031+0000] {processor.py:830} INFO - Processing file /opt/airflow/dags/sodai_pipeline_dag.py for tasks to queue
[2025-11-19T17:24:31.033+0000] {logging_mixin.py:188} INFO - [2025-11-19T17:24:31.033+0000] {dagbag.py:540} INFO - Filling up the DagBag from /opt/airflow/dags/sodai_pipeline_dag.py
[2025-11-19T17:24:31.050+0000] {processor.py:840} INFO - DAG(s) 'sodai_training_and_scoring' retrieved from /opt/airflow/dags/sodai_pipeline_dag.py
[2025-11-19T17:24:31.072+0000] {logging_mixin.py:188} INFO - [2025-11-19T17:24:31.072+0000] {dag.py:3096} INFO - Sync 1 DAGs
[2025-11-19T17:24:31.083+0000] {logging_mixin.py:188} INFO - [2025-11-19T17:24:31.083+0000] {dag.py:3954} INFO - Setting next_dagrun for sodai_training_and_scoring to None, run_after=None
[2025-11-19T17:24:31.098+0000] {processor.py:183} INFO - Processing /opt/airflow/dags/sodai_pipeline_dag.py took 0.073 seconds
[2025-11-19T17:25:01.164+0000] {processor.py:161} INFO - Started process (PID=1331) to work on /opt/airflow/dags/sodai_pipeline_dag.py
[2025-11-19T17:25:01.165+0000] {processor.py:830} INFO - Processing file /opt/airflow/dags/sodai_pipeline_dag.py for tasks to queue
[2025-11-19T17:25:01.166+0000] {logging_mixin.py:188} INFO - [2025-11-19T17:25:01.166+0000] {dagbag.py:540} INFO - Filling up the DagBag from /opt/airflow/dags/sodai_pipeline_dag.py
[2025-11-19T17:25:01.181+0000] {processor.py:840} INFO - DAG(s) 'sodai_training_and_scoring' retrieved from /opt/airflow/dags/sodai_pipeline_dag.py
[2025-11-19T17:25:01.207+0000] {logging_mixin.py:188} INFO - [2025-11-19T17:25:01.207+0000] {dag.py:3096} INFO - Sync 1 DAGs
[2025-11-19T17:25:01.216+0000] {logging_mixin.py:188} INFO - [2025-11-19T17:25:01.216+0000] {dag.py:3954} INFO - Setting next_dagrun for sodai_training_and_scoring to None, run_after=None
[2025-11-19T17:25:01.233+0000] {processor.py:183} INFO - Processing /opt/airflow/dags/sodai_pipeline_dag.py took 0.075 seconds
[2025-11-19T17:25:31.476+0000] {processor.py:161} INFO - Started process (PID=1341) to work on /opt/airflow/dags/sodai_pipeline_dag.py
[2025-11-19T17:25:31.478+0000] {processor.py:830} INFO - Processing file /opt/airflow/dags/sodai_pipeline_dag.py for tasks to queue
[2025-11-19T17:25:31.480+0000] {logging_mixin.py:188} INFO - [2025-11-19T17:25:31.479+0000] {dagbag.py:540} INFO - Filling up the DagBag from /opt/airflow/dags/sodai_pipeline_dag.py
[2025-11-19T17:25:31.497+0000] {processor.py:840} INFO - DAG(s) 'sodai_training_and_scoring' retrieved from /opt/airflow/dags/sodai_pipeline_dag.py
[2025-11-19T17:25:31.522+0000] {logging_mixin.py:188} INFO - [2025-11-19T17:25:31.522+0000] {dag.py:3096} INFO - Sync 1 DAGs
[2025-11-19T17:25:31.531+0000] {logging_mixin.py:188} INFO - [2025-11-19T17:25:31.531+0000] {dag.py:3954} INFO - Setting next_dagrun for sodai_training_and_scoring to None, run_after=None
[2025-11-19T17:25:31.549+0000] {processor.py:183} INFO - Processing /opt/airflow/dags/sodai_pipeline_dag.py took 0.079 seconds
[2025-11-19T17:26:01.708+0000] {processor.py:161} INFO - Started process (PID=1351) to work on /opt/airflow/dags/sodai_pipeline_dag.py
[2025-11-19T17:26:01.709+0000] {processor.py:830} INFO - Processing file /opt/airflow/dags/sodai_pipeline_dag.py for tasks to queue
[2025-11-19T17:26:01.710+0000] {logging_mixin.py:188} INFO - [2025-11-19T17:26:01.710+0000] {dagbag.py:540} INFO - Filling up the DagBag from /opt/airflow/dags/sodai_pipeline_dag.py
[2025-11-19T17:26:01.726+0000] {processor.py:840} INFO - DAG(s) 'sodai_training_and_scoring' retrieved from /opt/airflow/dags/sodai_pipeline_dag.py
[2025-11-19T17:26:01.748+0000] {logging_mixin.py:188} INFO - [2025-11-19T17:26:01.748+0000] {dag.py:3096} INFO - Sync 1 DAGs
[2025-11-19T17:26:01.758+0000] {logging_mixin.py:188} INFO - [2025-11-19T17:26:01.758+0000] {dag.py:3954} INFO - Setting next_dagrun for sodai_training_and_scoring to None, run_after=None
[2025-11-19T17:26:01.774+0000] {processor.py:183} INFO - Processing /opt/airflow/dags/sodai_pipeline_dag.py took 0.072 seconds
[2025-11-19T17:26:31.848+0000] {processor.py:161} INFO - Started process (PID=1361) to work on /opt/airflow/dags/sodai_pipeline_dag.py
[2025-11-19T17:26:31.849+0000] {processor.py:830} INFO - Processing file /opt/airflow/dags/sodai_pipeline_dag.py for tasks to queue
[2025-11-19T17:26:31.850+0000] {logging_mixin.py:188} INFO - [2025-11-19T17:26:31.850+0000] {dagbag.py:540} INFO - Filling up the DagBag from /opt/airflow/dags/sodai_pipeline_dag.py
[2025-11-19T17:26:31.866+0000] {processor.py:840} INFO - DAG(s) 'sodai_training_and_scoring' retrieved from /opt/airflow/dags/sodai_pipeline_dag.py
[2025-11-19T17:26:31.891+0000] {logging_mixin.py:188} INFO - [2025-11-19T17:26:31.890+0000] {dag.py:3096} INFO - Sync 1 DAGs
[2025-11-19T17:26:31.902+0000] {logging_mixin.py:188} INFO - [2025-11-19T17:26:31.902+0000] {dag.py:3954} INFO - Setting next_dagrun for sodai_training_and_scoring to None, run_after=None
[2025-11-19T17:26:31.917+0000] {processor.py:183} INFO - Processing /opt/airflow/dags/sodai_pipeline_dag.py took 0.074 seconds
[2025-11-19T17:27:02.067+0000] {processor.py:161} INFO - Started process (PID=1371) to work on /opt/airflow/dags/sodai_pipeline_dag.py
[2025-11-19T17:27:02.068+0000] {processor.py:830} INFO - Processing file /opt/airflow/dags/sodai_pipeline_dag.py for tasks to queue
[2025-11-19T17:27:02.070+0000] {logging_mixin.py:188} INFO - [2025-11-19T17:27:02.069+0000] {dagbag.py:540} INFO - Filling up the DagBag from /opt/airflow/dags/sodai_pipeline_dag.py
[2025-11-19T17:27:02.090+0000] {processor.py:840} INFO - DAG(s) 'sodai_training_and_scoring' retrieved from /opt/airflow/dags/sodai_pipeline_dag.py
[2025-11-19T17:27:02.120+0000] {logging_mixin.py:188} INFO - [2025-11-19T17:27:02.120+0000] {dag.py:3096} INFO - Sync 1 DAGs
[2025-11-19T17:27:02.133+0000] {logging_mixin.py:188} INFO - [2025-11-19T17:27:02.133+0000] {dag.py:3954} INFO - Setting next_dagrun for sodai_training_and_scoring to None, run_after=None
[2025-11-19T17:27:02.150+0000] {processor.py:183} INFO - Processing /opt/airflow/dags/sodai_pipeline_dag.py took 0.091 seconds
[2025-11-19T17:27:32.303+0000] {processor.py:161} INFO - Started process (PID=1381) to work on /opt/airflow/dags/sodai_pipeline_dag.py
[2025-11-19T17:27:32.304+0000] {processor.py:830} INFO - Processing file /opt/airflow/dags/sodai_pipeline_dag.py for tasks to queue
[2025-11-19T17:27:32.305+0000] {logging_mixin.py:188} INFO - [2025-11-19T17:27:32.305+0000] {dagbag.py:540} INFO - Filling up the DagBag from /opt/airflow/dags/sodai_pipeline_dag.py
[2025-11-19T17:27:32.320+0000] {processor.py:840} INFO - DAG(s) 'sodai_training_and_scoring' retrieved from /opt/airflow/dags/sodai_pipeline_dag.py
[2025-11-19T17:27:32.345+0000] {logging_mixin.py:188} INFO - [2025-11-19T17:27:32.345+0000] {dag.py:3096} INFO - Sync 1 DAGs
[2025-11-19T17:27:32.355+0000] {logging_mixin.py:188} INFO - [2025-11-19T17:27:32.355+0000] {dag.py:3954} INFO - Setting next_dagrun for sodai_training_and_scoring to None, run_after=None
[2025-11-19T17:27:32.370+0000] {processor.py:183} INFO - Processing /opt/airflow/dags/sodai_pipeline_dag.py took 0.073 seconds
[2025-11-19T17:28:02.578+0000] {processor.py:161} INFO - Started process (PID=1391) to work on /opt/airflow/dags/sodai_pipeline_dag.py
[2025-11-19T17:28:02.579+0000] {processor.py:830} INFO - Processing file /opt/airflow/dags/sodai_pipeline_dag.py for tasks to queue
[2025-11-19T17:28:02.582+0000] {logging_mixin.py:188} INFO - [2025-11-19T17:28:02.582+0000] {dagbag.py:540} INFO - Filling up the DagBag from /opt/airflow/dags/sodai_pipeline_dag.py
[2025-11-19T17:28:02.604+0000] {processor.py:840} INFO - DAG(s) 'sodai_training_and_scoring' retrieved from /opt/airflow/dags/sodai_pipeline_dag.py
[2025-11-19T17:28:02.632+0000] {logging_mixin.py:188} INFO - [2025-11-19T17:28:02.632+0000] {dag.py:3096} INFO - Sync 1 DAGs
[2025-11-19T17:28:02.646+0000] {logging_mixin.py:188} INFO - [2025-11-19T17:28:02.646+0000] {dag.py:3954} INFO - Setting next_dagrun for sodai_training_and_scoring to None, run_after=None
[2025-11-19T17:28:02.664+0000] {processor.py:183} INFO - Processing /opt/airflow/dags/sodai_pipeline_dag.py took 0.093 seconds
[2025-11-19T17:28:32.712+0000] {processor.py:161} INFO - Started process (PID=1401) to work on /opt/airflow/dags/sodai_pipeline_dag.py
[2025-11-19T17:28:32.713+0000] {processor.py:830} INFO - Processing file /opt/airflow/dags/sodai_pipeline_dag.py for tasks to queue
[2025-11-19T17:28:32.715+0000] {logging_mixin.py:188} INFO - [2025-11-19T17:28:32.714+0000] {dagbag.py:540} INFO - Filling up the DagBag from /opt/airflow/dags/sodai_pipeline_dag.py
[2025-11-19T17:28:32.734+0000] {processor.py:840} INFO - DAG(s) 'sodai_training_and_scoring' retrieved from /opt/airflow/dags/sodai_pipeline_dag.py
[2025-11-19T17:28:32.762+0000] {logging_mixin.py:188} INFO - [2025-11-19T17:28:32.761+0000] {dag.py:3096} INFO - Sync 1 DAGs
[2025-11-19T17:28:32.772+0000] {logging_mixin.py:188} INFO - [2025-11-19T17:28:32.772+0000] {dag.py:3954} INFO - Setting next_dagrun for sodai_training_and_scoring to None, run_after=None
[2025-11-19T17:28:32.791+0000] {processor.py:183} INFO - Processing /opt/airflow/dags/sodai_pipeline_dag.py took 0.086 seconds
[2025-11-19T17:29:02.921+0000] {processor.py:161} INFO - Started process (PID=1411) to work on /opt/airflow/dags/sodai_pipeline_dag.py
[2025-11-19T17:29:02.923+0000] {processor.py:830} INFO - Processing file /opt/airflow/dags/sodai_pipeline_dag.py for tasks to queue
[2025-11-19T17:29:02.924+0000] {logging_mixin.py:188} INFO - [2025-11-19T17:29:02.924+0000] {dagbag.py:540} INFO - Filling up the DagBag from /opt/airflow/dags/sodai_pipeline_dag.py
[2025-11-19T17:29:02.941+0000] {processor.py:840} INFO - DAG(s) 'sodai_training_and_scoring' retrieved from /opt/airflow/dags/sodai_pipeline_dag.py
[2025-11-19T17:29:02.999+0000] {logging_mixin.py:188} INFO - [2025-11-19T17:29:02.999+0000] {dag.py:3096} INFO - Sync 1 DAGs
[2025-11-19T17:29:03.019+0000] {logging_mixin.py:188} INFO - [2025-11-19T17:29:03.019+0000] {dag.py:3954} INFO - Setting next_dagrun for sodai_training_and_scoring to None, run_after=None
[2025-11-19T17:29:03.046+0000] {processor.py:183} INFO - Processing /opt/airflow/dags/sodai_pipeline_dag.py took 0.130 seconds
[2025-11-19T17:29:36.196+0000] {processor.py:161} INFO - Started process (PID=1421) to work on /opt/airflow/dags/sodai_pipeline_dag.py
[2025-11-19T17:29:36.196+0000] {processor.py:830} INFO - Processing file /opt/airflow/dags/sodai_pipeline_dag.py for tasks to queue
[2025-11-19T17:29:36.198+0000] {logging_mixin.py:188} INFO - [2025-11-19T17:29:36.198+0000] {dagbag.py:540} INFO - Filling up the DagBag from /opt/airflow/dags/sodai_pipeline_dag.py
[2025-11-19T17:29:36.214+0000] {processor.py:840} INFO - DAG(s) 'sodai_training_and_scoring' retrieved from /opt/airflow/dags/sodai_pipeline_dag.py
[2025-11-19T17:29:36.242+0000] {logging_mixin.py:188} INFO - [2025-11-19T17:29:36.241+0000] {dag.py:3096} INFO - Sync 1 DAGs
[2025-11-19T17:29:36.252+0000] {logging_mixin.py:188} INFO - [2025-11-19T17:29:36.252+0000] {dag.py:3954} INFO - Setting next_dagrun for sodai_training_and_scoring to None, run_after=None
[2025-11-19T17:29:36.269+0000] {processor.py:183} INFO - Processing /opt/airflow/dags/sodai_pipeline_dag.py took 0.079 seconds
[2025-11-19T17:30:06.708+0000] {processor.py:161} INFO - Started process (PID=1431) to work on /opt/airflow/dags/sodai_pipeline_dag.py
[2025-11-19T17:30:06.709+0000] {processor.py:830} INFO - Processing file /opt/airflow/dags/sodai_pipeline_dag.py for tasks to queue
[2025-11-19T17:30:06.711+0000] {logging_mixin.py:188} INFO - [2025-11-19T17:30:06.711+0000] {dagbag.py:540} INFO - Filling up the DagBag from /opt/airflow/dags/sodai_pipeline_dag.py
[2025-11-19T17:30:06.731+0000] {processor.py:840} INFO - DAG(s) 'sodai_training_and_scoring' retrieved from /opt/airflow/dags/sodai_pipeline_dag.py
[2025-11-19T17:30:06.758+0000] {logging_mixin.py:188} INFO - [2025-11-19T17:30:06.758+0000] {dag.py:3096} INFO - Sync 1 DAGs
[2025-11-19T17:30:06.767+0000] {logging_mixin.py:188} INFO - [2025-11-19T17:30:06.767+0000] {dag.py:3954} INFO - Setting next_dagrun for sodai_training_and_scoring to None, run_after=None
[2025-11-19T17:30:08.647+0000] {processor.py:183} INFO - Processing /opt/airflow/dags/sodai_pipeline_dag.py took 0.081 seconds
[2025-11-19T17:30:41.752+0000] {processor.py:161} INFO - Started process (PID=1446) to work on /opt/airflow/dags/sodai_pipeline_dag.py
[2025-11-19T17:30:41.753+0000] {processor.py:830} INFO - Processing file /opt/airflow/dags/sodai_pipeline_dag.py for tasks to queue
[2025-11-19T17:30:41.754+0000] {logging_mixin.py:188} INFO - [2025-11-19T17:30:41.754+0000] {dagbag.py:540} INFO - Filling up the DagBag from /opt/airflow/dags/sodai_pipeline_dag.py
[2025-11-19T17:30:41.769+0000] {processor.py:840} INFO - DAG(s) 'sodai_training_and_scoring' retrieved from /opt/airflow/dags/sodai_pipeline_dag.py
[2025-11-19T17:30:41.792+0000] {logging_mixin.py:188} INFO - [2025-11-19T17:30:41.792+0000] {dag.py:3096} INFO - Sync 1 DAGs
[2025-11-19T17:30:41.802+0000] {logging_mixin.py:188} INFO - [2025-11-19T17:30:41.802+0000] {dag.py:3954} INFO - Setting next_dagrun for sodai_training_and_scoring to None, run_after=None
[2025-11-19T17:30:41.823+0000] {processor.py:183} INFO - Processing /opt/airflow/dags/sodai_pipeline_dag.py took 0.076 seconds
[2025-11-19T17:31:14.958+0000] {processor.py:161} INFO - Started process (PID=1456) to work on /opt/airflow/dags/sodai_pipeline_dag.py
[2025-11-19T17:31:14.959+0000] {processor.py:830} INFO - Processing file /opt/airflow/dags/sodai_pipeline_dag.py for tasks to queue
[2025-11-19T17:31:14.960+0000] {logging_mixin.py:188} INFO - [2025-11-19T17:31:14.960+0000] {dagbag.py:540} INFO - Filling up the DagBag from /opt/airflow/dags/sodai_pipeline_dag.py
[2025-11-19T17:31:14.975+0000] {processor.py:840} INFO - DAG(s) 'sodai_training_and_scoring' retrieved from /opt/airflow/dags/sodai_pipeline_dag.py
[2025-11-19T17:31:14.995+0000] {logging_mixin.py:188} INFO - [2025-11-19T17:31:14.995+0000] {dag.py:3096} INFO - Sync 1 DAGs
[2025-11-19T17:31:15.004+0000] {logging_mixin.py:188} INFO - [2025-11-19T17:31:15.004+0000] {dag.py:3954} INFO - Setting next_dagrun for sodai_training_and_scoring to None, run_after=None
[2025-11-19T17:31:15.025+0000] {processor.py:183} INFO - Processing /opt/airflow/dags/sodai_pipeline_dag.py took 0.071 seconds
[2025-11-19T17:31:48.158+0000] {processor.py:161} INFO - Started process (PID=1466) to work on /opt/airflow/dags/sodai_pipeline_dag.py
[2025-11-19T17:31:48.159+0000] {processor.py:830} INFO - Processing file /opt/airflow/dags/sodai_pipeline_dag.py for tasks to queue
[2025-11-19T17:31:48.160+0000] {logging_mixin.py:188} INFO - [2025-11-19T17:31:48.160+0000] {dagbag.py:540} INFO - Filling up the DagBag from /opt/airflow/dags/sodai_pipeline_dag.py
[2025-11-19T17:31:48.173+0000] {processor.py:840} INFO - DAG(s) 'sodai_training_and_scoring' retrieved from /opt/airflow/dags/sodai_pipeline_dag.py
[2025-11-19T17:31:48.194+0000] {logging_mixin.py:188} INFO - [2025-11-19T17:31:48.193+0000] {dag.py:3096} INFO - Sync 1 DAGs
[2025-11-19T17:31:48.204+0000] {logging_mixin.py:188} INFO - [2025-11-19T17:31:48.203+0000] {dag.py:3954} INFO - Setting next_dagrun for sodai_training_and_scoring to None, run_after=None
[2025-11-19T17:31:48.223+0000] {processor.py:183} INFO - Processing /opt/airflow/dags/sodai_pipeline_dag.py took 0.069 seconds
[2025-11-19T17:32:21.442+0000] {processor.py:161} INFO - Started process (PID=1476) to work on /opt/airflow/dags/sodai_pipeline_dag.py
[2025-11-19T17:32:21.443+0000] {processor.py:830} INFO - Processing file /opt/airflow/dags/sodai_pipeline_dag.py for tasks to queue
[2025-11-19T17:32:21.445+0000] {logging_mixin.py:188} INFO - [2025-11-19T17:32:21.445+0000] {dagbag.py:540} INFO - Filling up the DagBag from /opt/airflow/dags/sodai_pipeline_dag.py
[2025-11-19T17:32:21.459+0000] {processor.py:840} INFO - DAG(s) 'sodai_training_and_scoring' retrieved from /opt/airflow/dags/sodai_pipeline_dag.py
[2025-11-19T17:32:21.480+0000] {logging_mixin.py:188} INFO - [2025-11-19T17:32:21.480+0000] {dag.py:3096} INFO - Sync 1 DAGs
[2025-11-19T17:32:21.490+0000] {logging_mixin.py:188} INFO - [2025-11-19T17:32:21.490+0000] {dag.py:3954} INFO - Setting next_dagrun for sodai_training_and_scoring to None, run_after=None
[2025-11-19T17:32:21.505+0000] {processor.py:183} INFO - Processing /opt/airflow/dags/sodai_pipeline_dag.py took 0.067 seconds
[2025-11-19T17:32:53.553+0000] {processor.py:161} INFO - Started process (PID=1486) to work on /opt/airflow/dags/sodai_pipeline_dag.py
[2025-11-19T17:32:53.554+0000] {processor.py:830} INFO - Processing file /opt/airflow/dags/sodai_pipeline_dag.py for tasks to queue
[2025-11-19T17:32:53.556+0000] {logging_mixin.py:188} INFO - [2025-11-19T17:32:53.556+0000] {dagbag.py:540} INFO - Filling up the DagBag from /opt/airflow/dags/sodai_pipeline_dag.py
[2025-11-19T17:32:53.571+0000] {processor.py:840} INFO - DAG(s) 'sodai_training_and_scoring' retrieved from /opt/airflow/dags/sodai_pipeline_dag.py
[2025-11-19T17:32:53.594+0000] {logging_mixin.py:188} INFO - [2025-11-19T17:32:53.593+0000] {dag.py:3096} INFO - Sync 1 DAGs
[2025-11-19T17:32:53.606+0000] {logging_mixin.py:188} INFO - [2025-11-19T17:32:53.605+0000] {dag.py:3954} INFO - Setting next_dagrun for sodai_training_and_scoring to None, run_after=None
[2025-11-19T17:32:53.625+0000] {processor.py:183} INFO - Processing /opt/airflow/dags/sodai_pipeline_dag.py took 0.076 seconds
[2025-11-19T17:33:26.777+0000] {processor.py:161} INFO - Started process (PID=1496) to work on /opt/airflow/dags/sodai_pipeline_dag.py
[2025-11-19T17:33:26.778+0000] {processor.py:830} INFO - Processing file /opt/airflow/dags/sodai_pipeline_dag.py for tasks to queue
[2025-11-19T17:33:26.780+0000] {logging_mixin.py:188} INFO - [2025-11-19T17:33:26.780+0000] {dagbag.py:540} INFO - Filling up the DagBag from /opt/airflow/dags/sodai_pipeline_dag.py
[2025-11-19T17:33:26.796+0000] {processor.py:840} INFO - DAG(s) 'sodai_training_and_scoring' retrieved from /opt/airflow/dags/sodai_pipeline_dag.py
[2025-11-19T17:33:26.822+0000] {logging_mixin.py:188} INFO - [2025-11-19T17:33:26.822+0000] {dag.py:3096} INFO - Sync 1 DAGs
[2025-11-19T17:33:26.832+0000] {logging_mixin.py:188} INFO - [2025-11-19T17:33:26.832+0000] {dag.py:3954} INFO - Setting next_dagrun for sodai_training_and_scoring to None, run_after=None
[2025-11-19T17:33:26.855+0000] {processor.py:183} INFO - Processing /opt/airflow/dags/sodai_pipeline_dag.py took 0.083 seconds
[2025-11-19T17:33:59.994+0000] {processor.py:161} INFO - Started process (PID=1506) to work on /opt/airflow/dags/sodai_pipeline_dag.py
[2025-11-19T17:33:59.995+0000] {processor.py:830} INFO - Processing file /opt/airflow/dags/sodai_pipeline_dag.py for tasks to queue
[2025-11-19T17:33:59.996+0000] {logging_mixin.py:188} INFO - [2025-11-19T17:33:59.996+0000] {dagbag.py:540} INFO - Filling up the DagBag from /opt/airflow/dags/sodai_pipeline_dag.py
[2025-11-19T17:34:00.010+0000] {processor.py:840} INFO - DAG(s) 'sodai_training_and_scoring' retrieved from /opt/airflow/dags/sodai_pipeline_dag.py
[2025-11-19T17:34:00.031+0000] {logging_mixin.py:188} INFO - [2025-11-19T17:34:00.031+0000] {dag.py:3096} INFO - Sync 1 DAGs
[2025-11-19T17:34:00.041+0000] {logging_mixin.py:188} INFO - [2025-11-19T17:34:00.041+0000] {dag.py:3954} INFO - Setting next_dagrun for sodai_training_and_scoring to None, run_after=None
[2025-11-19T17:34:00.059+0000] {processor.py:183} INFO - Processing /opt/airflow/dags/sodai_pipeline_dag.py took 0.070 seconds
[2025-11-19T17:34:33.168+0000] {processor.py:161} INFO - Started process (PID=1516) to work on /opt/airflow/dags/sodai_pipeline_dag.py
[2025-11-19T17:34:33.169+0000] {processor.py:830} INFO - Processing file /opt/airflow/dags/sodai_pipeline_dag.py for tasks to queue
[2025-11-19T17:34:33.171+0000] {logging_mixin.py:188} INFO - [2025-11-19T17:34:33.170+0000] {dagbag.py:540} INFO - Filling up the DagBag from /opt/airflow/dags/sodai_pipeline_dag.py
[2025-11-19T17:34:33.186+0000] {processor.py:840} INFO - DAG(s) 'sodai_training_and_scoring' retrieved from /opt/airflow/dags/sodai_pipeline_dag.py
[2025-11-19T17:34:33.212+0000] {logging_mixin.py:188} INFO - [2025-11-19T17:34:33.212+0000] {dag.py:3096} INFO - Sync 1 DAGs
[2025-11-19T17:34:33.223+0000] {logging_mixin.py:188} INFO - [2025-11-19T17:34:33.222+0000] {dag.py:3954} INFO - Setting next_dagrun for sodai_training_and_scoring to None, run_after=None
[2025-11-19T17:34:33.241+0000] {processor.py:183} INFO - Processing /opt/airflow/dags/sodai_pipeline_dag.py took 0.076 seconds
[2025-11-19T17:35:03.600+0000] {processor.py:161} INFO - Started process (PID=1526) to work on /opt/airflow/dags/sodai_pipeline_dag.py
[2025-11-19T17:35:03.602+0000] {processor.py:830} INFO - Processing file /opt/airflow/dags/sodai_pipeline_dag.py for tasks to queue
[2025-11-19T17:35:03.603+0000] {logging_mixin.py:188} INFO - [2025-11-19T17:35:03.603+0000] {dagbag.py:540} INFO - Filling up the DagBag from /opt/airflow/dags/sodai_pipeline_dag.py
[2025-11-19T17:35:03.618+0000] {processor.py:840} INFO - DAG(s) 'sodai_training_and_scoring' retrieved from /opt/airflow/dags/sodai_pipeline_dag.py
[2025-11-19T17:35:03.641+0000] {logging_mixin.py:188} INFO - [2025-11-19T17:35:03.641+0000] {dag.py:3096} INFO - Sync 1 DAGs
[2025-11-19T17:35:03.652+0000] {logging_mixin.py:188} INFO - [2025-11-19T17:35:03.651+0000] {dag.py:3954} INFO - Setting next_dagrun for sodai_training_and_scoring to None, run_after=None
[2025-11-19T17:35:05.532+0000] {processor.py:183} INFO - Processing /opt/airflow/dags/sodai_pipeline_dag.py took 0.072 seconds
[2025-11-19T17:35:38.657+0000] {processor.py:161} INFO - Started process (PID=1536) to work on /opt/airflow/dags/sodai_pipeline_dag.py
[2025-11-19T17:35:38.657+0000] {processor.py:830} INFO - Processing file /opt/airflow/dags/sodai_pipeline_dag.py for tasks to queue
[2025-11-19T17:35:38.659+0000] {logging_mixin.py:188} INFO - [2025-11-19T17:35:38.658+0000] {dagbag.py:540} INFO - Filling up the DagBag from /opt/airflow/dags/sodai_pipeline_dag.py
[2025-11-19T17:35:38.677+0000] {processor.py:840} INFO - DAG(s) 'sodai_training_and_scoring' retrieved from /opt/airflow/dags/sodai_pipeline_dag.py
[2025-11-19T17:35:38.700+0000] {logging_mixin.py:188} INFO - [2025-11-19T17:35:38.700+0000] {dag.py:3096} INFO - Sync 1 DAGs
[2025-11-19T17:35:38.709+0000] {logging_mixin.py:188} INFO - [2025-11-19T17:35:38.709+0000] {dag.py:3954} INFO - Setting next_dagrun for sodai_training_and_scoring to None, run_after=None
[2025-11-19T17:35:38.722+0000] {processor.py:183} INFO - Processing /opt/airflow/dags/sodai_pipeline_dag.py took 0.070 seconds
[2025-11-19T17:36:11.999+0000] {processor.py:161} INFO - Started process (PID=1546) to work on /opt/airflow/dags/sodai_pipeline_dag.py
[2025-11-19T17:36:12.000+0000] {processor.py:830} INFO - Processing file /opt/airflow/dags/sodai_pipeline_dag.py for tasks to queue
[2025-11-19T17:36:12.001+0000] {logging_mixin.py:188} INFO - [2025-11-19T17:36:12.001+0000] {dagbag.py:540} INFO - Filling up the DagBag from /opt/airflow/dags/sodai_pipeline_dag.py
[2025-11-19T17:36:12.019+0000] {processor.py:840} INFO - DAG(s) 'sodai_training_and_scoring' retrieved from /opt/airflow/dags/sodai_pipeline_dag.py
[2025-11-19T17:36:12.047+0000] {logging_mixin.py:188} INFO - [2025-11-19T17:36:12.047+0000] {dag.py:3096} INFO - Sync 1 DAGs
[2025-11-19T17:36:12.058+0000] {logging_mixin.py:188} INFO - [2025-11-19T17:36:12.057+0000] {dag.py:3954} INFO - Setting next_dagrun for sodai_training_and_scoring to None, run_after=None
[2025-11-19T17:36:12.072+0000] {processor.py:183} INFO - Processing /opt/airflow/dags/sodai_pipeline_dag.py took 0.078 seconds
[2025-11-19T17:36:45.212+0000] {processor.py:161} INFO - Started process (PID=1556) to work on /opt/airflow/dags/sodai_pipeline_dag.py
[2025-11-19T17:36:45.213+0000] {processor.py:830} INFO - Processing file /opt/airflow/dags/sodai_pipeline_dag.py for tasks to queue
[2025-11-19T17:36:45.215+0000] {logging_mixin.py:188} INFO - [2025-11-19T17:36:45.215+0000] {dagbag.py:540} INFO - Filling up the DagBag from /opt/airflow/dags/sodai_pipeline_dag.py
[2025-11-19T17:36:45.233+0000] {processor.py:840} INFO - DAG(s) 'sodai_training_and_scoring' retrieved from /opt/airflow/dags/sodai_pipeline_dag.py
[2025-11-19T17:36:45.263+0000] {logging_mixin.py:188} INFO - [2025-11-19T17:36:45.263+0000] {dag.py:3096} INFO - Sync 1 DAGs
[2025-11-19T17:36:45.275+0000] {logging_mixin.py:188} INFO - [2025-11-19T17:36:45.274+0000] {dag.py:3954} INFO - Setting next_dagrun for sodai_training_and_scoring to None, run_after=None
[2025-11-19T17:36:45.292+0000] {processor.py:183} INFO - Processing /opt/airflow/dags/sodai_pipeline_dag.py took 0.086 seconds
[2025-11-19T17:37:18.537+0000] {processor.py:161} INFO - Started process (PID=1566) to work on /opt/airflow/dags/sodai_pipeline_dag.py
[2025-11-19T17:37:18.539+0000] {processor.py:830} INFO - Processing file /opt/airflow/dags/sodai_pipeline_dag.py for tasks to queue
[2025-11-19T17:37:18.540+0000] {logging_mixin.py:188} INFO - [2025-11-19T17:37:18.540+0000] {dagbag.py:540} INFO - Filling up the DagBag from /opt/airflow/dags/sodai_pipeline_dag.py
[2025-11-19T17:37:18.557+0000] {processor.py:840} INFO - DAG(s) 'sodai_training_and_scoring' retrieved from /opt/airflow/dags/sodai_pipeline_dag.py
[2025-11-19T17:37:18.585+0000] {logging_mixin.py:188} INFO - [2025-11-19T17:37:18.584+0000] {dag.py:3096} INFO - Sync 1 DAGs
[2025-11-19T17:37:18.595+0000] {logging_mixin.py:188} INFO - [2025-11-19T17:37:18.594+0000] {dag.py:3954} INFO - Setting next_dagrun for sodai_training_and_scoring to None, run_after=None
[2025-11-19T17:37:18.611+0000] {processor.py:183} INFO - Processing /opt/airflow/dags/sodai_pipeline_dag.py took 0.080 seconds
[2025-11-19T17:37:50.788+0000] {processor.py:161} INFO - Started process (PID=1576) to work on /opt/airflow/dags/sodai_pipeline_dag.py
[2025-11-19T17:37:50.789+0000] {processor.py:830} INFO - Processing file /opt/airflow/dags/sodai_pipeline_dag.py for tasks to queue
[2025-11-19T17:37:50.791+0000] {logging_mixin.py:188} INFO - [2025-11-19T17:37:50.790+0000] {dagbag.py:540} INFO - Filling up the DagBag from /opt/airflow/dags/sodai_pipeline_dag.py
[2025-11-19T17:37:50.808+0000] {processor.py:840} INFO - DAG(s) 'sodai_training_and_scoring' retrieved from /opt/airflow/dags/sodai_pipeline_dag.py
[2025-11-19T17:37:50.834+0000] {logging_mixin.py:188} INFO - [2025-11-19T17:37:50.833+0000] {dag.py:3096} INFO - Sync 1 DAGs
[2025-11-19T17:37:50.843+0000] {logging_mixin.py:188} INFO - [2025-11-19T17:37:50.843+0000] {dag.py:3954} INFO - Setting next_dagrun for sodai_training_and_scoring to None, run_after=None
[2025-11-19T17:37:50.863+0000] {processor.py:183} INFO - Processing /opt/airflow/dags/sodai_pipeline_dag.py took 0.082 seconds
[2025-11-19T17:38:24.116+0000] {processor.py:161} INFO - Started process (PID=1586) to work on /opt/airflow/dags/sodai_pipeline_dag.py
[2025-11-19T17:38:24.117+0000] {processor.py:830} INFO - Processing file /opt/airflow/dags/sodai_pipeline_dag.py for tasks to queue
[2025-11-19T17:38:24.118+0000] {logging_mixin.py:188} INFO - [2025-11-19T17:38:24.118+0000] {dagbag.py:540} INFO - Filling up the DagBag from /opt/airflow/dags/sodai_pipeline_dag.py
[2025-11-19T17:38:24.139+0000] {processor.py:840} INFO - DAG(s) 'sodai_training_and_scoring' retrieved from /opt/airflow/dags/sodai_pipeline_dag.py
[2025-11-19T17:38:24.171+0000] {logging_mixin.py:188} INFO - [2025-11-19T17:38:24.170+0000] {dag.py:3096} INFO - Sync 1 DAGs
[2025-11-19T17:38:24.181+0000] {logging_mixin.py:188} INFO - [2025-11-19T17:38:24.181+0000] {dag.py:3954} INFO - Setting next_dagrun for sodai_training_and_scoring to None, run_after=None
[2025-11-19T17:38:24.196+0000] {processor.py:183} INFO - Processing /opt/airflow/dags/sodai_pipeline_dag.py took 0.084 seconds
[2025-11-19T17:38:57.282+0000] {processor.py:161} INFO - Started process (PID=1596) to work on /opt/airflow/dags/sodai_pipeline_dag.py
[2025-11-19T17:38:57.284+0000] {processor.py:830} INFO - Processing file /opt/airflow/dags/sodai_pipeline_dag.py for tasks to queue
[2025-11-19T17:38:57.287+0000] {logging_mixin.py:188} INFO - [2025-11-19T17:38:57.286+0000] {dagbag.py:540} INFO - Filling up the DagBag from /opt/airflow/dags/sodai_pipeline_dag.py
[2025-11-19T17:38:57.310+0000] {processor.py:840} INFO - DAG(s) 'sodai_training_and_scoring' retrieved from /opt/airflow/dags/sodai_pipeline_dag.py
[2025-11-19T17:38:57.341+0000] {logging_mixin.py:188} INFO - [2025-11-19T17:38:57.340+0000] {dag.py:3096} INFO - Sync 1 DAGs
[2025-11-19T17:38:57.353+0000] {logging_mixin.py:188} INFO - [2025-11-19T17:38:57.352+0000] {dag.py:3954} INFO - Setting next_dagrun for sodai_training_and_scoring to None, run_after=None
[2025-11-19T17:38:57.370+0000] {processor.py:183} INFO - Processing /opt/airflow/dags/sodai_pipeline_dag.py took 0.096 seconds
[2025-11-19T17:39:30.546+0000] {processor.py:161} INFO - Started process (PID=1606) to work on /opt/airflow/dags/sodai_pipeline_dag.py
[2025-11-19T17:39:30.548+0000] {processor.py:830} INFO - Processing file /opt/airflow/dags/sodai_pipeline_dag.py for tasks to queue
[2025-11-19T17:39:30.549+0000] {logging_mixin.py:188} INFO - [2025-11-19T17:39:30.549+0000] {dagbag.py:540} INFO - Filling up the DagBag from /opt/airflow/dags/sodai_pipeline_dag.py
[2025-11-19T17:39:30.565+0000] {processor.py:840} INFO - DAG(s) 'sodai_training_and_scoring' retrieved from /opt/airflow/dags/sodai_pipeline_dag.py
[2025-11-19T17:39:30.588+0000] {logging_mixin.py:188} INFO - [2025-11-19T17:39:30.588+0000] {dag.py:3096} INFO - Sync 1 DAGs
[2025-11-19T17:39:30.599+0000] {logging_mixin.py:188} INFO - [2025-11-19T17:39:30.598+0000] {dag.py:3954} INFO - Setting next_dagrun for sodai_training_and_scoring to None, run_after=None
[2025-11-19T17:39:30.614+0000] {processor.py:183} INFO - Processing /opt/airflow/dags/sodai_pipeline_dag.py took 0.074 seconds
[2025-11-19T17:40:00.931+0000] {processor.py:161} INFO - Started process (PID=1616) to work on /opt/airflow/dags/sodai_pipeline_dag.py
[2025-11-19T17:40:00.932+0000] {processor.py:830} INFO - Processing file /opt/airflow/dags/sodai_pipeline_dag.py for tasks to queue
[2025-11-19T17:40:00.933+0000] {logging_mixin.py:188} INFO - [2025-11-19T17:40:00.933+0000] {dagbag.py:540} INFO - Filling up the DagBag from /opt/airflow/dags/sodai_pipeline_dag.py
[2025-11-19T17:40:00.948+0000] {processor.py:840} INFO - DAG(s) 'sodai_training_and_scoring' retrieved from /opt/airflow/dags/sodai_pipeline_dag.py
[2025-11-19T17:40:00.973+0000] {logging_mixin.py:188} INFO - [2025-11-19T17:40:00.973+0000] {dag.py:3096} INFO - Sync 1 DAGs
[2025-11-19T17:40:00.984+0000] {logging_mixin.py:188} INFO - [2025-11-19T17:40:00.984+0000] {dag.py:3954} INFO - Setting next_dagrun for sodai_training_and_scoring to None, run_after=None
[2025-11-19T17:40:01.000+0000] {processor.py:183} INFO - Processing /opt/airflow/dags/sodai_pipeline_dag.py took 0.073 seconds
[2025-11-19T17:40:31.122+0000] {processor.py:161} INFO - Started process (PID=1626) to work on /opt/airflow/dags/sodai_pipeline_dag.py
[2025-11-19T17:40:31.123+0000] {processor.py:830} INFO - Processing file /opt/airflow/dags/sodai_pipeline_dag.py for tasks to queue
[2025-11-19T17:40:31.124+0000] {logging_mixin.py:188} INFO - [2025-11-19T17:40:31.124+0000] {dagbag.py:540} INFO - Filling up the DagBag from /opt/airflow/dags/sodai_pipeline_dag.py
[2025-11-19T17:40:31.139+0000] {processor.py:840} INFO - DAG(s) 'sodai_training_and_scoring' retrieved from /opt/airflow/dags/sodai_pipeline_dag.py
[2025-11-19T17:40:31.167+0000] {logging_mixin.py:188} INFO - [2025-11-19T17:40:31.166+0000] {dag.py:3096} INFO - Sync 1 DAGs
[2025-11-19T17:40:31.177+0000] {logging_mixin.py:188} INFO - [2025-11-19T17:40:31.177+0000] {dag.py:3954} INFO - Setting next_dagrun for sodai_training_and_scoring to None, run_after=None
[2025-11-19T17:40:31.193+0000] {processor.py:183} INFO - Processing /opt/airflow/dags/sodai_pipeline_dag.py took 0.075 seconds
[2025-11-19T17:41:01.455+0000] {processor.py:161} INFO - Started process (PID=1636) to work on /opt/airflow/dags/sodai_pipeline_dag.py
[2025-11-19T17:41:01.456+0000] {processor.py:830} INFO - Processing file /opt/airflow/dags/sodai_pipeline_dag.py for tasks to queue
[2025-11-19T17:41:01.458+0000] {logging_mixin.py:188} INFO - [2025-11-19T17:41:01.457+0000] {dagbag.py:540} INFO - Filling up the DagBag from /opt/airflow/dags/sodai_pipeline_dag.py
[2025-11-19T17:41:01.475+0000] {processor.py:840} INFO - DAG(s) 'sodai_training_and_scoring' retrieved from /opt/airflow/dags/sodai_pipeline_dag.py
[2025-11-19T17:41:01.504+0000] {logging_mixin.py:188} INFO - [2025-11-19T17:41:01.504+0000] {dag.py:3096} INFO - Sync 1 DAGs
[2025-11-19T17:41:01.516+0000] {logging_mixin.py:188} INFO - [2025-11-19T17:41:01.515+0000] {dag.py:3954} INFO - Setting next_dagrun for sodai_training_and_scoring to None, run_after=None
[2025-11-19T17:41:01.533+0000] {processor.py:183} INFO - Processing /opt/airflow/dags/sodai_pipeline_dag.py took 0.083 seconds
[2025-11-19T17:41:31.577+0000] {processor.py:161} INFO - Started process (PID=1646) to work on /opt/airflow/dags/sodai_pipeline_dag.py
[2025-11-19T17:41:31.577+0000] {processor.py:830} INFO - Processing file /opt/airflow/dags/sodai_pipeline_dag.py for tasks to queue
[2025-11-19T17:41:31.579+0000] {logging_mixin.py:188} INFO - [2025-11-19T17:41:31.579+0000] {dagbag.py:540} INFO - Filling up the DagBag from /opt/airflow/dags/sodai_pipeline_dag.py
[2025-11-19T17:41:31.599+0000] {processor.py:840} INFO - DAG(s) 'sodai_training_and_scoring' retrieved from /opt/airflow/dags/sodai_pipeline_dag.py
[2025-11-19T17:41:31.625+0000] {logging_mixin.py:188} INFO - [2025-11-19T17:41:31.625+0000] {dag.py:3096} INFO - Sync 1 DAGs
[2025-11-19T17:41:31.636+0000] {logging_mixin.py:188} INFO - [2025-11-19T17:41:31.636+0000] {dag.py:3954} INFO - Setting next_dagrun for sodai_training_and_scoring to None, run_after=None
[2025-11-19T17:41:31.653+0000] {processor.py:183} INFO - Processing /opt/airflow/dags/sodai_pipeline_dag.py took 0.082 seconds
[2025-11-19T17:42:01.807+0000] {processor.py:161} INFO - Started process (PID=1656) to work on /opt/airflow/dags/sodai_pipeline_dag.py
[2025-11-19T17:42:01.808+0000] {processor.py:830} INFO - Processing file /opt/airflow/dags/sodai_pipeline_dag.py for tasks to queue
[2025-11-19T17:42:01.809+0000] {logging_mixin.py:188} INFO - [2025-11-19T17:42:01.809+0000] {dagbag.py:540} INFO - Filling up the DagBag from /opt/airflow/dags/sodai_pipeline_dag.py
[2025-11-19T17:42:01.827+0000] {processor.py:840} INFO - DAG(s) 'sodai_training_and_scoring' retrieved from /opt/airflow/dags/sodai_pipeline_dag.py
[2025-11-19T17:42:01.855+0000] {logging_mixin.py:188} INFO - [2025-11-19T17:42:01.855+0000] {dag.py:3096} INFO - Sync 1 DAGs
[2025-11-19T17:42:01.865+0000] {logging_mixin.py:188} INFO - [2025-11-19T17:42:01.865+0000] {dag.py:3954} INFO - Setting next_dagrun for sodai_training_and_scoring to None, run_after=None
[2025-11-19T17:42:01.880+0000] {processor.py:183} INFO - Processing /opt/airflow/dags/sodai_pipeline_dag.py took 0.077 seconds
[2025-11-19T17:42:32.041+0000] {processor.py:161} INFO - Started process (PID=1666) to work on /opt/airflow/dags/sodai_pipeline_dag.py
[2025-11-19T17:42:32.042+0000] {processor.py:830} INFO - Processing file /opt/airflow/dags/sodai_pipeline_dag.py for tasks to queue
[2025-11-19T17:42:32.043+0000] {logging_mixin.py:188} INFO - [2025-11-19T17:42:32.043+0000] {dagbag.py:540} INFO - Filling up the DagBag from /opt/airflow/dags/sodai_pipeline_dag.py
[2025-11-19T17:42:32.061+0000] {processor.py:840} INFO - DAG(s) 'sodai_training_and_scoring' retrieved from /opt/airflow/dags/sodai_pipeline_dag.py
[2025-11-19T17:42:32.089+0000] {logging_mixin.py:188} INFO - [2025-11-19T17:42:32.089+0000] {dag.py:3096} INFO - Sync 1 DAGs
[2025-11-19T17:42:32.098+0000] {logging_mixin.py:188} INFO - [2025-11-19T17:42:32.098+0000] {dag.py:3954} INFO - Setting next_dagrun for sodai_training_and_scoring to None, run_after=None
[2025-11-19T17:42:32.115+0000] {processor.py:183} INFO - Processing /opt/airflow/dags/sodai_pipeline_dag.py took 0.079 seconds
[2025-11-19T17:43:02.251+0000] {processor.py:161} INFO - Started process (PID=1676) to work on /opt/airflow/dags/sodai_pipeline_dag.py
[2025-11-19T17:43:02.251+0000] {processor.py:830} INFO - Processing file /opt/airflow/dags/sodai_pipeline_dag.py for tasks to queue
[2025-11-19T17:43:02.253+0000] {logging_mixin.py:188} INFO - [2025-11-19T17:43:02.253+0000] {dagbag.py:540} INFO - Filling up the DagBag from /opt/airflow/dags/sodai_pipeline_dag.py
[2025-11-19T17:43:02.269+0000] {processor.py:840} INFO - DAG(s) 'sodai_training_and_scoring' retrieved from /opt/airflow/dags/sodai_pipeline_dag.py
[2025-11-19T17:43:02.292+0000] {logging_mixin.py:188} INFO - [2025-11-19T17:43:02.292+0000] {dag.py:3096} INFO - Sync 1 DAGs
[2025-11-19T17:43:02.303+0000] {logging_mixin.py:188} INFO - [2025-11-19T17:43:02.303+0000] {dag.py:3954} INFO - Setting next_dagrun for sodai_training_and_scoring to None, run_after=None
[2025-11-19T17:43:02.322+0000] {processor.py:183} INFO - Processing /opt/airflow/dags/sodai_pipeline_dag.py took 0.077 seconds
[2025-11-19T17:43:32.432+0000] {processor.py:161} INFO - Started process (PID=1686) to work on /opt/airflow/dags/sodai_pipeline_dag.py
[2025-11-19T17:43:32.434+0000] {processor.py:830} INFO - Processing file /opt/airflow/dags/sodai_pipeline_dag.py for tasks to queue
[2025-11-19T17:43:32.435+0000] {logging_mixin.py:188} INFO - [2025-11-19T17:43:32.435+0000] {dagbag.py:540} INFO - Filling up the DagBag from /opt/airflow/dags/sodai_pipeline_dag.py
[2025-11-19T17:43:32.451+0000] {processor.py:840} INFO - DAG(s) 'sodai_training_and_scoring' retrieved from /opt/airflow/dags/sodai_pipeline_dag.py
[2025-11-19T17:43:32.480+0000] {logging_mixin.py:188} INFO - [2025-11-19T17:43:32.480+0000] {dag.py:3096} INFO - Sync 1 DAGs
[2025-11-19T17:43:32.491+0000] {logging_mixin.py:188} INFO - [2025-11-19T17:43:32.491+0000] {dag.py:3954} INFO - Setting next_dagrun for sodai_training_and_scoring to None, run_after=None
[2025-11-19T17:43:32.512+0000] {processor.py:183} INFO - Processing /opt/airflow/dags/sodai_pipeline_dag.py took 0.084 seconds
[2025-11-19T17:44:02.691+0000] {processor.py:161} INFO - Started process (PID=1696) to work on /opt/airflow/dags/sodai_pipeline_dag.py
[2025-11-19T17:44:02.693+0000] {processor.py:830} INFO - Processing file /opt/airflow/dags/sodai_pipeline_dag.py for tasks to queue
[2025-11-19T17:44:02.695+0000] {logging_mixin.py:188} INFO - [2025-11-19T17:44:02.695+0000] {dagbag.py:540} INFO - Filling up the DagBag from /opt/airflow/dags/sodai_pipeline_dag.py
[2025-11-19T17:44:02.711+0000] {processor.py:840} INFO - DAG(s) 'sodai_training_and_scoring' retrieved from /opt/airflow/dags/sodai_pipeline_dag.py
[2025-11-19T17:44:02.738+0000] {logging_mixin.py:188} INFO - [2025-11-19T17:44:02.738+0000] {dag.py:3096} INFO - Sync 1 DAGs
[2025-11-19T17:44:02.747+0000] {logging_mixin.py:188} INFO - [2025-11-19T17:44:02.747+0000] {dag.py:3954} INFO - Setting next_dagrun for sodai_training_and_scoring to None, run_after=None
[2025-11-19T17:44:02.762+0000] {processor.py:183} INFO - Processing /opt/airflow/dags/sodai_pipeline_dag.py took 0.076 seconds
[2025-11-19T17:44:32.949+0000] {processor.py:161} INFO - Started process (PID=1706) to work on /opt/airflow/dags/sodai_pipeline_dag.py
[2025-11-19T17:44:32.950+0000] {processor.py:830} INFO - Processing file /opt/airflow/dags/sodai_pipeline_dag.py for tasks to queue
[2025-11-19T17:44:32.951+0000] {logging_mixin.py:188} INFO - [2025-11-19T17:44:32.951+0000] {dagbag.py:540} INFO - Filling up the DagBag from /opt/airflow/dags/sodai_pipeline_dag.py
[2025-11-19T17:44:32.968+0000] {processor.py:840} INFO - DAG(s) 'sodai_training_and_scoring' retrieved from /opt/airflow/dags/sodai_pipeline_dag.py
[2025-11-19T17:44:32.991+0000] {logging_mixin.py:188} INFO - [2025-11-19T17:44:32.991+0000] {dag.py:3096} INFO - Sync 1 DAGs
[2025-11-19T17:44:33.000+0000] {logging_mixin.py:188} INFO - [2025-11-19T17:44:33.000+0000] {dag.py:3954} INFO - Setting next_dagrun for sodai_training_and_scoring to None, run_after=None
[2025-11-19T17:44:33.015+0000] {processor.py:183} INFO - Processing /opt/airflow/dags/sodai_pipeline_dag.py took 0.071 seconds
[2025-11-19T17:45:03.297+0000] {processor.py:161} INFO - Started process (PID=1716) to work on /opt/airflow/dags/sodai_pipeline_dag.py
[2025-11-19T17:45:03.298+0000] {processor.py:830} INFO - Processing file /opt/airflow/dags/sodai_pipeline_dag.py for tasks to queue
[2025-11-19T17:45:03.300+0000] {logging_mixin.py:188} INFO - [2025-11-19T17:45:03.300+0000] {dagbag.py:540} INFO - Filling up the DagBag from /opt/airflow/dags/sodai_pipeline_dag.py
[2025-11-19T17:45:03.316+0000] {processor.py:840} INFO - DAG(s) 'sodai_training_and_scoring' retrieved from /opt/airflow/dags/sodai_pipeline_dag.py
[2025-11-19T17:45:03.341+0000] {logging_mixin.py:188} INFO - [2025-11-19T17:45:03.340+0000] {dag.py:3096} INFO - Sync 1 DAGs
[2025-11-19T17:45:03.350+0000] {logging_mixin.py:188} INFO - [2025-11-19T17:45:03.349+0000] {dag.py:3954} INFO - Setting next_dagrun for sodai_training_and_scoring to None, run_after=None
[2025-11-19T17:45:03.366+0000] {processor.py:183} INFO - Processing /opt/airflow/dags/sodai_pipeline_dag.py took 0.076 seconds
[2025-11-19T17:45:33.583+0000] {processor.py:161} INFO - Started process (PID=1726) to work on /opt/airflow/dags/sodai_pipeline_dag.py
[2025-11-19T17:45:33.583+0000] {processor.py:830} INFO - Processing file /opt/airflow/dags/sodai_pipeline_dag.py for tasks to queue
[2025-11-19T17:45:33.585+0000] {logging_mixin.py:188} INFO - [2025-11-19T17:45:33.585+0000] {dagbag.py:540} INFO - Filling up the DagBag from /opt/airflow/dags/sodai_pipeline_dag.py
[2025-11-19T17:45:33.601+0000] {processor.py:840} INFO - DAG(s) 'sodai_training_and_scoring' retrieved from /opt/airflow/dags/sodai_pipeline_dag.py
[2025-11-19T17:45:33.623+0000] {logging_mixin.py:188} INFO - [2025-11-19T17:45:33.623+0000] {dag.py:3096} INFO - Sync 1 DAGs
[2025-11-19T17:45:33.632+0000] {logging_mixin.py:188} INFO - [2025-11-19T17:45:33.632+0000] {dag.py:3954} INFO - Setting next_dagrun for sodai_training_and_scoring to None, run_after=None
[2025-11-19T17:45:33.649+0000] {processor.py:183} INFO - Processing /opt/airflow/dags/sodai_pipeline_dag.py took 0.071 seconds
[2025-11-19T17:46:06.814+0000] {processor.py:161} INFO - Started process (PID=1736) to work on /opt/airflow/dags/sodai_pipeline_dag.py
[2025-11-19T17:46:06.815+0000] {processor.py:830} INFO - Processing file /opt/airflow/dags/sodai_pipeline_dag.py for tasks to queue
[2025-11-19T17:46:06.817+0000] {logging_mixin.py:188} INFO - [2025-11-19T17:46:06.817+0000] {dagbag.py:540} INFO - Filling up the DagBag from /opt/airflow/dags/sodai_pipeline_dag.py
[2025-11-19T17:46:06.841+0000] {processor.py:840} INFO - DAG(s) 'sodai_training_and_scoring' retrieved from /opt/airflow/dags/sodai_pipeline_dag.py
[2025-11-19T17:46:06.879+0000] {logging_mixin.py:188} INFO - [2025-11-19T17:46:06.878+0000] {dag.py:3096} INFO - Sync 1 DAGs
[2025-11-19T17:46:06.894+0000] {logging_mixin.py:188} INFO - [2025-11-19T17:46:06.894+0000] {dag.py:3954} INFO - Setting next_dagrun for sodai_training_and_scoring to None, run_after=None
[2025-11-19T17:46:06.916+0000] {processor.py:183} INFO - Processing /opt/airflow/dags/sodai_pipeline_dag.py took 0.109 seconds
[2025-11-19T17:46:37.224+0000] {processor.py:161} INFO - Started process (PID=1746) to work on /opt/airflow/dags/sodai_pipeline_dag.py
[2025-11-19T17:46:37.234+0000] {processor.py:830} INFO - Processing file /opt/airflow/dags/sodai_pipeline_dag.py for tasks to queue
[2025-11-19T17:46:37.237+0000] {logging_mixin.py:188} INFO - [2025-11-19T17:46:37.236+0000] {dagbag.py:540} INFO - Filling up the DagBag from /opt/airflow/dags/sodai_pipeline_dag.py
[2025-11-19T17:46:37.274+0000] {processor.py:840} INFO - DAG(s) 'sodai_training_and_scoring' retrieved from /opt/airflow/dags/sodai_pipeline_dag.py
[2025-11-19T17:46:37.308+0000] {logging_mixin.py:188} INFO - [2025-11-19T17:46:37.307+0000] {dag.py:3096} INFO - Sync 1 DAGs
[2025-11-19T17:46:39.187+0000] {logging_mixin.py:188} INFO - [2025-11-19T17:46:39.187+0000] {dag.py:3954} INFO - Setting next_dagrun for sodai_training_and_scoring to None, run_after=None
[2025-11-19T17:46:39.209+0000] {processor.py:183} INFO - Processing /opt/airflow/dags/sodai_pipeline_dag.py took 0.125 seconds
[2025-11-19T17:47:12.389+0000] {processor.py:161} INFO - Started process (PID=1761) to work on /opt/airflow/dags/sodai_pipeline_dag.py
[2025-11-19T17:47:12.390+0000] {processor.py:830} INFO - Processing file /opt/airflow/dags/sodai_pipeline_dag.py for tasks to queue
[2025-11-19T17:47:12.392+0000] {logging_mixin.py:188} INFO - [2025-11-19T17:47:12.391+0000] {dagbag.py:540} INFO - Filling up the DagBag from /opt/airflow/dags/sodai_pipeline_dag.py
[2025-11-19T17:47:12.409+0000] {processor.py:840} INFO - DAG(s) 'sodai_training_and_scoring' retrieved from /opt/airflow/dags/sodai_pipeline_dag.py
[2025-11-19T17:47:12.434+0000] {logging_mixin.py:188} INFO - [2025-11-19T17:47:12.433+0000] {dag.py:3096} INFO - Sync 1 DAGs
[2025-11-19T17:47:12.445+0000] {logging_mixin.py:188} INFO - [2025-11-19T17:47:12.445+0000] {dag.py:3954} INFO - Setting next_dagrun for sodai_training_and_scoring to None, run_after=None
[2025-11-19T17:47:12.465+0000] {processor.py:183} INFO - Processing /opt/airflow/dags/sodai_pipeline_dag.py took 0.081 seconds
[2025-11-19T17:47:45.701+0000] {processor.py:161} INFO - Started process (PID=1771) to work on /opt/airflow/dags/sodai_pipeline_dag.py
[2025-11-19T17:47:45.702+0000] {processor.py:830} INFO - Processing file /opt/airflow/dags/sodai_pipeline_dag.py for tasks to queue
[2025-11-19T17:47:45.704+0000] {logging_mixin.py:188} INFO - [2025-11-19T17:47:45.704+0000] {dagbag.py:540} INFO - Filling up the DagBag from /opt/airflow/dags/sodai_pipeline_dag.py
[2025-11-19T17:47:45.717+0000] {processor.py:840} INFO - DAG(s) 'sodai_training_and_scoring' retrieved from /opt/airflow/dags/sodai_pipeline_dag.py
[2025-11-19T17:47:45.736+0000] {logging_mixin.py:188} INFO - [2025-11-19T17:47:45.736+0000] {dag.py:3096} INFO - Sync 1 DAGs
[2025-11-19T17:47:45.746+0000] {logging_mixin.py:188} INFO - [2025-11-19T17:47:45.746+0000] {dag.py:3954} INFO - Setting next_dagrun for sodai_training_and_scoring to None, run_after=None
[2025-11-19T17:47:45.760+0000] {processor.py:183} INFO - Processing /opt/airflow/dags/sodai_pipeline_dag.py took 0.063 seconds
[2025-11-19T17:48:18.872+0000] {processor.py:161} INFO - Started process (PID=1781) to work on /opt/airflow/dags/sodai_pipeline_dag.py
[2025-11-19T17:48:18.873+0000] {processor.py:830} INFO - Processing file /opt/airflow/dags/sodai_pipeline_dag.py for tasks to queue
[2025-11-19T17:48:18.874+0000] {logging_mixin.py:188} INFO - [2025-11-19T17:48:18.874+0000] {dagbag.py:540} INFO - Filling up the DagBag from /opt/airflow/dags/sodai_pipeline_dag.py
[2025-11-19T17:48:18.889+0000] {processor.py:840} INFO - DAG(s) 'sodai_training_and_scoring' retrieved from /opt/airflow/dags/sodai_pipeline_dag.py
[2025-11-19T17:48:18.909+0000] {logging_mixin.py:188} INFO - [2025-11-19T17:48:18.909+0000] {dag.py:3096} INFO - Sync 1 DAGs
[2025-11-19T17:48:18.919+0000] {logging_mixin.py:188} INFO - [2025-11-19T17:48:18.919+0000] {dag.py:3954} INFO - Setting next_dagrun for sodai_training_and_scoring to None, run_after=None
[2025-11-19T17:48:18.934+0000] {processor.py:183} INFO - Processing /opt/airflow/dags/sodai_pipeline_dag.py took 0.067 seconds
[2025-11-19T17:48:52.113+0000] {processor.py:161} INFO - Started process (PID=1791) to work on /opt/airflow/dags/sodai_pipeline_dag.py
[2025-11-19T17:48:52.114+0000] {processor.py:830} INFO - Processing file /opt/airflow/dags/sodai_pipeline_dag.py for tasks to queue
[2025-11-19T17:48:52.116+0000] {logging_mixin.py:188} INFO - [2025-11-19T17:48:52.116+0000] {dagbag.py:540} INFO - Filling up the DagBag from /opt/airflow/dags/sodai_pipeline_dag.py
[2025-11-19T17:48:52.131+0000] {processor.py:840} INFO - DAG(s) 'sodai_training_and_scoring' retrieved from /opt/airflow/dags/sodai_pipeline_dag.py
[2025-11-19T17:48:52.154+0000] {logging_mixin.py:188} INFO - [2025-11-19T17:48:52.154+0000] {dag.py:3096} INFO - Sync 1 DAGs
[2025-11-19T17:48:52.166+0000] {logging_mixin.py:188} INFO - [2025-11-19T17:48:52.166+0000] {dag.py:3954} INFO - Setting next_dagrun for sodai_training_and_scoring to None, run_after=None
[2025-11-19T17:48:52.185+0000] {processor.py:183} INFO - Processing /opt/airflow/dags/sodai_pipeline_dag.py took 0.076 seconds
[2025-11-19T17:49:22.502+0000] {processor.py:161} INFO - Started process (PID=1801) to work on /opt/airflow/dags/sodai_pipeline_dag.py
[2025-11-19T17:49:22.503+0000] {processor.py:830} INFO - Processing file /opt/airflow/dags/sodai_pipeline_dag.py for tasks to queue
[2025-11-19T17:49:22.504+0000] {logging_mixin.py:188} INFO - [2025-11-19T17:49:22.504+0000] {dagbag.py:540} INFO - Filling up the DagBag from /opt/airflow/dags/sodai_pipeline_dag.py
[2025-11-19T17:49:22.522+0000] {processor.py:840} INFO - DAG(s) 'sodai_training_and_scoring' retrieved from /opt/airflow/dags/sodai_pipeline_dag.py
[2025-11-19T17:49:24.458+0000] {logging_mixin.py:188} INFO - [2025-11-19T17:49:24.458+0000] {dag.py:3096} INFO - Sync 1 DAGs
[2025-11-19T17:49:24.467+0000] {logging_mixin.py:188} INFO - [2025-11-19T17:49:24.467+0000] {dag.py:3954} INFO - Setting next_dagrun for sodai_training_and_scoring to None, run_after=None
[2025-11-19T17:49:24.482+0000] {processor.py:183} INFO - Processing /opt/airflow/dags/sodai_pipeline_dag.py took 0.070 seconds
[2025-11-19T17:49:57.734+0000] {processor.py:161} INFO - Started process (PID=1811) to work on /opt/airflow/dags/sodai_pipeline_dag.py
[2025-11-19T17:49:57.735+0000] {processor.py:830} INFO - Processing file /opt/airflow/dags/sodai_pipeline_dag.py for tasks to queue
[2025-11-19T17:49:57.737+0000] {logging_mixin.py:188} INFO - [2025-11-19T17:49:57.736+0000] {dagbag.py:540} INFO - Filling up the DagBag from /opt/airflow/dags/sodai_pipeline_dag.py
[2025-11-19T17:49:57.759+0000] {processor.py:840} INFO - DAG(s) 'sodai_training_and_scoring' retrieved from /opt/airflow/dags/sodai_pipeline_dag.py
[2025-11-19T17:49:57.787+0000] {logging_mixin.py:188} INFO - [2025-11-19T17:49:57.787+0000] {dag.py:3096} INFO - Sync 1 DAGs
[2025-11-19T17:49:57.798+0000] {logging_mixin.py:188} INFO - [2025-11-19T17:49:57.798+0000] {dag.py:3954} INFO - Setting next_dagrun for sodai_training_and_scoring to None, run_after=None
[2025-11-19T17:49:57.823+0000] {processor.py:183} INFO - Processing /opt/airflow/dags/sodai_pipeline_dag.py took 0.094 seconds
[2025-11-19T17:50:31.012+0000] {processor.py:161} INFO - Started process (PID=1821) to work on /opt/airflow/dags/sodai_pipeline_dag.py
[2025-11-19T17:50:31.013+0000] {processor.py:830} INFO - Processing file /opt/airflow/dags/sodai_pipeline_dag.py for tasks to queue
[2025-11-19T17:50:31.015+0000] {logging_mixin.py:188} INFO - [2025-11-19T17:50:31.014+0000] {dagbag.py:540} INFO - Filling up the DagBag from /opt/airflow/dags/sodai_pipeline_dag.py
[2025-11-19T17:50:31.031+0000] {processor.py:840} INFO - DAG(s) 'sodai_training_and_scoring' retrieved from /opt/airflow/dags/sodai_pipeline_dag.py
[2025-11-19T17:50:31.056+0000] {logging_mixin.py:188} INFO - [2025-11-19T17:50:31.056+0000] {dag.py:3096} INFO - Sync 1 DAGs
[2025-11-19T17:50:31.069+0000] {logging_mixin.py:188} INFO - [2025-11-19T17:50:31.068+0000] {dag.py:3954} INFO - Setting next_dagrun for sodai_training_and_scoring to None, run_after=None
[2025-11-19T17:50:31.088+0000] {processor.py:183} INFO - Processing /opt/airflow/dags/sodai_pipeline_dag.py took 0.081 seconds
[2025-11-19T17:51:01.434+0000] {processor.py:161} INFO - Started process (PID=1831) to work on /opt/airflow/dags/sodai_pipeline_dag.py
[2025-11-19T17:51:01.435+0000] {processor.py:830} INFO - Processing file /opt/airflow/dags/sodai_pipeline_dag.py for tasks to queue
[2025-11-19T17:51:01.437+0000] {logging_mixin.py:188} INFO - [2025-11-19T17:51:01.436+0000] {dagbag.py:540} INFO - Filling up the DagBag from /opt/airflow/dags/sodai_pipeline_dag.py
[2025-11-19T17:51:01.454+0000] {processor.py:840} INFO - DAG(s) 'sodai_training_and_scoring' retrieved from /opt/airflow/dags/sodai_pipeline_dag.py
[2025-11-19T17:51:01.477+0000] {logging_mixin.py:188} INFO - [2025-11-19T17:51:01.476+0000] {dag.py:3096} INFO - Sync 1 DAGs
[2025-11-19T17:51:01.487+0000] {logging_mixin.py:188} INFO - [2025-11-19T17:51:01.487+0000] {dag.py:3954} INFO - Setting next_dagrun for sodai_training_and_scoring to None, run_after=None
[2025-11-19T17:51:01.507+0000] {processor.py:183} INFO - Processing /opt/airflow/dags/sodai_pipeline_dag.py took 0.077 seconds
[2025-11-19T17:51:31.541+0000] {processor.py:161} INFO - Started process (PID=1841) to work on /opt/airflow/dags/sodai_pipeline_dag.py
[2025-11-19T17:51:31.542+0000] {processor.py:830} INFO - Processing file /opt/airflow/dags/sodai_pipeline_dag.py for tasks to queue
[2025-11-19T17:51:31.543+0000] {logging_mixin.py:188} INFO - [2025-11-19T17:51:31.543+0000] {dagbag.py:540} INFO - Filling up the DagBag from /opt/airflow/dags/sodai_pipeline_dag.py
[2025-11-19T17:51:31.559+0000] {processor.py:840} INFO - DAG(s) 'sodai_training_and_scoring' retrieved from /opt/airflow/dags/sodai_pipeline_dag.py
[2025-11-19T17:51:31.581+0000] {logging_mixin.py:188} INFO - [2025-11-19T17:51:31.581+0000] {dag.py:3096} INFO - Sync 1 DAGs
[2025-11-19T17:51:31.590+0000] {logging_mixin.py:188} INFO - [2025-11-19T17:51:31.590+0000] {dag.py:3954} INFO - Setting next_dagrun for sodai_training_and_scoring to None, run_after=None
[2025-11-19T17:51:31.606+0000] {processor.py:183} INFO - Processing /opt/airflow/dags/sodai_pipeline_dag.py took 0.069 seconds
[2025-11-19T17:52:01.751+0000] {processor.py:161} INFO - Started process (PID=1851) to work on /opt/airflow/dags/sodai_pipeline_dag.py
[2025-11-19T17:52:01.752+0000] {processor.py:830} INFO - Processing file /opt/airflow/dags/sodai_pipeline_dag.py for tasks to queue
[2025-11-19T17:52:01.753+0000] {logging_mixin.py:188} INFO - [2025-11-19T17:52:01.753+0000] {dagbag.py:540} INFO - Filling up the DagBag from /opt/airflow/dags/sodai_pipeline_dag.py
[2025-11-19T17:52:01.771+0000] {processor.py:840} INFO - DAG(s) 'sodai_training_and_scoring' retrieved from /opt/airflow/dags/sodai_pipeline_dag.py
[2025-11-19T17:52:01.792+0000] {logging_mixin.py:188} INFO - [2025-11-19T17:52:01.791+0000] {dag.py:3096} INFO - Sync 1 DAGs
[2025-11-19T17:52:01.801+0000] {logging_mixin.py:188} INFO - [2025-11-19T17:52:01.801+0000] {dag.py:3954} INFO - Setting next_dagrun for sodai_training_and_scoring to None, run_after=None
[2025-11-19T17:52:01.818+0000] {processor.py:183} INFO - Processing /opt/airflow/dags/sodai_pipeline_dag.py took 0.071 seconds
[2025-11-19T17:52:31.925+0000] {processor.py:161} INFO - Started process (PID=1861) to work on /opt/airflow/dags/sodai_pipeline_dag.py
[2025-11-19T17:52:31.926+0000] {processor.py:830} INFO - Processing file /opt/airflow/dags/sodai_pipeline_dag.py for tasks to queue
[2025-11-19T17:52:31.928+0000] {logging_mixin.py:188} INFO - [2025-11-19T17:52:31.928+0000] {dagbag.py:540} INFO - Filling up the DagBag from /opt/airflow/dags/sodai_pipeline_dag.py
[2025-11-19T17:52:31.943+0000] {processor.py:840} INFO - DAG(s) 'sodai_training_and_scoring' retrieved from /opt/airflow/dags/sodai_pipeline_dag.py
[2025-11-19T17:52:31.966+0000] {logging_mixin.py:188} INFO - [2025-11-19T17:52:31.966+0000] {dag.py:3096} INFO - Sync 1 DAGs
[2025-11-19T17:52:31.976+0000] {logging_mixin.py:188} INFO - [2025-11-19T17:52:31.976+0000] {dag.py:3954} INFO - Setting next_dagrun for sodai_training_and_scoring to None, run_after=None
[2025-11-19T17:52:31.993+0000] {processor.py:183} INFO - Processing /opt/airflow/dags/sodai_pipeline_dag.py took 0.071 seconds
[2025-11-19T17:53:02.171+0000] {processor.py:161} INFO - Started process (PID=1871) to work on /opt/airflow/dags/sodai_pipeline_dag.py
[2025-11-19T17:53:02.173+0000] {processor.py:830} INFO - Processing file /opt/airflow/dags/sodai_pipeline_dag.py for tasks to queue
[2025-11-19T17:53:02.176+0000] {logging_mixin.py:188} INFO - [2025-11-19T17:53:02.176+0000] {dagbag.py:540} INFO - Filling up the DagBag from /opt/airflow/dags/sodai_pipeline_dag.py
[2025-11-19T17:53:02.217+0000] {processor.py:840} INFO - DAG(s) 'sodai_training_and_scoring' retrieved from /opt/airflow/dags/sodai_pipeline_dag.py
[2025-11-19T17:53:02.257+0000] {logging_mixin.py:188} INFO - [2025-11-19T17:53:02.257+0000] {dag.py:3096} INFO - Sync 1 DAGs
[2025-11-19T17:53:02.276+0000] {logging_mixin.py:188} INFO - [2025-11-19T17:53:02.276+0000] {dag.py:3954} INFO - Setting next_dagrun for sodai_training_and_scoring to None, run_after=None
[2025-11-19T17:53:02.313+0000] {processor.py:183} INFO - Processing /opt/airflow/dags/sodai_pipeline_dag.py took 0.150 seconds
[2025-11-19T17:53:32.557+0000] {processor.py:161} INFO - Started process (PID=1881) to work on /opt/airflow/dags/sodai_pipeline_dag.py
[2025-11-19T17:53:32.558+0000] {processor.py:830} INFO - Processing file /opt/airflow/dags/sodai_pipeline_dag.py for tasks to queue
[2025-11-19T17:53:32.562+0000] {logging_mixin.py:188} INFO - [2025-11-19T17:53:32.561+0000] {dagbag.py:540} INFO - Filling up the DagBag from /opt/airflow/dags/sodai_pipeline_dag.py
[2025-11-19T17:53:32.581+0000] {processor.py:840} INFO - DAG(s) 'sodai_training_and_scoring' retrieved from /opt/airflow/dags/sodai_pipeline_dag.py
[2025-11-19T17:53:32.611+0000] {logging_mixin.py:188} INFO - [2025-11-19T17:53:32.611+0000] {dag.py:3096} INFO - Sync 1 DAGs
[2025-11-19T17:53:32.623+0000] {logging_mixin.py:188} INFO - [2025-11-19T17:53:32.623+0000] {dag.py:3954} INFO - Setting next_dagrun for sodai_training_and_scoring to None, run_after=None
[2025-11-19T17:53:32.646+0000] {processor.py:183} INFO - Processing /opt/airflow/dags/sodai_pipeline_dag.py took 0.094 seconds
[2025-11-19T17:54:02.816+0000] {processor.py:161} INFO - Started process (PID=1891) to work on /opt/airflow/dags/sodai_pipeline_dag.py
[2025-11-19T17:54:02.816+0000] {processor.py:830} INFO - Processing file /opt/airflow/dags/sodai_pipeline_dag.py for tasks to queue
[2025-11-19T17:54:02.818+0000] {logging_mixin.py:188} INFO - [2025-11-19T17:54:02.818+0000] {dagbag.py:540} INFO - Filling up the DagBag from /opt/airflow/dags/sodai_pipeline_dag.py
[2025-11-19T17:54:02.833+0000] {processor.py:840} INFO - DAG(s) 'sodai_training_and_scoring' retrieved from /opt/airflow/dags/sodai_pipeline_dag.py
[2025-11-19T17:54:02.856+0000] {logging_mixin.py:188} INFO - [2025-11-19T17:54:02.856+0000] {dag.py:3096} INFO - Sync 1 DAGs
[2025-11-19T17:54:02.869+0000] {logging_mixin.py:188} INFO - [2025-11-19T17:54:02.868+0000] {dag.py:3954} INFO - Setting next_dagrun for sodai_training_and_scoring to None, run_after=None
[2025-11-19T17:54:02.889+0000] {processor.py:183} INFO - Processing /opt/airflow/dags/sodai_pipeline_dag.py took 0.078 seconds
[2025-11-19T17:54:33.241+0000] {processor.py:161} INFO - Started process (PID=1901) to work on /opt/airflow/dags/sodai_pipeline_dag.py
[2025-11-19T17:54:33.242+0000] {processor.py:830} INFO - Processing file /opt/airflow/dags/sodai_pipeline_dag.py for tasks to queue
[2025-11-19T17:54:33.244+0000] {logging_mixin.py:188} INFO - [2025-11-19T17:54:33.243+0000] {dagbag.py:540} INFO - Filling up the DagBag from /opt/airflow/dags/sodai_pipeline_dag.py
[2025-11-19T17:54:33.264+0000] {processor.py:840} INFO - DAG(s) 'sodai_training_and_scoring' retrieved from /opt/airflow/dags/sodai_pipeline_dag.py
[2025-11-19T17:54:33.293+0000] {logging_mixin.py:188} INFO - [2025-11-19T17:54:33.293+0000] {dag.py:3096} INFO - Sync 1 DAGs
[2025-11-19T17:54:33.306+0000] {logging_mixin.py:188} INFO - [2025-11-19T17:54:33.306+0000] {dag.py:3954} INFO - Setting next_dagrun for sodai_training_and_scoring to None, run_after=None
[2025-11-19T17:54:33.326+0000] {processor.py:183} INFO - Processing /opt/airflow/dags/sodai_pipeline_dag.py took 0.090 seconds
[2025-11-19T17:55:03.389+0000] {processor.py:161} INFO - Started process (PID=1911) to work on /opt/airflow/dags/sodai_pipeline_dag.py
[2025-11-19T17:55:03.389+0000] {processor.py:830} INFO - Processing file /opt/airflow/dags/sodai_pipeline_dag.py for tasks to queue
[2025-11-19T17:55:03.391+0000] {logging_mixin.py:188} INFO - [2025-11-19T17:55:03.391+0000] {dagbag.py:540} INFO - Filling up the DagBag from /opt/airflow/dags/sodai_pipeline_dag.py
[2025-11-19T17:55:03.406+0000] {processor.py:840} INFO - DAG(s) 'sodai_training_and_scoring' retrieved from /opt/airflow/dags/sodai_pipeline_dag.py
[2025-11-19T17:55:03.426+0000] {logging_mixin.py:188} INFO - [2025-11-19T17:55:03.426+0000] {dag.py:3096} INFO - Sync 1 DAGs
[2025-11-19T17:55:03.436+0000] {logging_mixin.py:188} INFO - [2025-11-19T17:55:03.436+0000] {dag.py:3954} INFO - Setting next_dagrun for sodai_training_and_scoring to None, run_after=None
[2025-11-19T17:55:03.452+0000] {processor.py:183} INFO - Processing /opt/airflow/dags/sodai_pipeline_dag.py took 0.068 seconds
[2025-11-19T17:55:33.733+0000] {processor.py:161} INFO - Started process (PID=1921) to work on /opt/airflow/dags/sodai_pipeline_dag.py
[2025-11-19T17:55:33.735+0000] {processor.py:830} INFO - Processing file /opt/airflow/dags/sodai_pipeline_dag.py for tasks to queue
[2025-11-19T17:55:33.738+0000] {logging_mixin.py:188} INFO - [2025-11-19T17:55:33.737+0000] {dagbag.py:540} INFO - Filling up the DagBag from /opt/airflow/dags/sodai_pipeline_dag.py
[2025-11-19T17:55:33.757+0000] {processor.py:840} INFO - DAG(s) 'sodai_training_and_scoring' retrieved from /opt/airflow/dags/sodai_pipeline_dag.py
[2025-11-19T17:55:33.778+0000] {logging_mixin.py:188} INFO - [2025-11-19T17:55:33.778+0000] {dag.py:3096} INFO - Sync 1 DAGs
[2025-11-19T17:55:33.789+0000] {logging_mixin.py:188} INFO - [2025-11-19T17:55:33.789+0000] {dag.py:3954} INFO - Setting next_dagrun for sodai_training_and_scoring to None, run_after=None
[2025-11-19T17:55:33.807+0000] {processor.py:183} INFO - Processing /opt/airflow/dags/sodai_pipeline_dag.py took 0.080 seconds
[2025-11-19T17:56:04.031+0000] {processor.py:161} INFO - Started process (PID=1931) to work on /opt/airflow/dags/sodai_pipeline_dag.py
[2025-11-19T17:56:04.032+0000] {processor.py:830} INFO - Processing file /opt/airflow/dags/sodai_pipeline_dag.py for tasks to queue
[2025-11-19T17:56:04.033+0000] {logging_mixin.py:188} INFO - [2025-11-19T17:56:04.033+0000] {dagbag.py:540} INFO - Filling up the DagBag from /opt/airflow/dags/sodai_pipeline_dag.py
[2025-11-19T17:56:04.047+0000] {processor.py:840} INFO - DAG(s) 'sodai_training_and_scoring' retrieved from /opt/airflow/dags/sodai_pipeline_dag.py
[2025-11-19T17:56:04.069+0000] {logging_mixin.py:188} INFO - [2025-11-19T17:56:04.069+0000] {dag.py:3096} INFO - Sync 1 DAGs
[2025-11-19T17:56:04.078+0000] {logging_mixin.py:188} INFO - [2025-11-19T17:56:04.078+0000] {dag.py:3954} INFO - Setting next_dagrun for sodai_training_and_scoring to None, run_after=None
[2025-11-19T17:56:04.095+0000] {processor.py:183} INFO - Processing /opt/airflow/dags/sodai_pipeline_dag.py took 0.069 seconds
[2025-11-19T17:56:34.152+0000] {processor.py:161} INFO - Started process (PID=1941) to work on /opt/airflow/dags/sodai_pipeline_dag.py
[2025-11-19T17:56:34.153+0000] {processor.py:830} INFO - Processing file /opt/airflow/dags/sodai_pipeline_dag.py for tasks to queue
[2025-11-19T17:56:34.155+0000] {logging_mixin.py:188} INFO - [2025-11-19T17:56:34.154+0000] {dagbag.py:540} INFO - Filling up the DagBag from /opt/airflow/dags/sodai_pipeline_dag.py
[2025-11-19T17:56:34.168+0000] {processor.py:840} INFO - DAG(s) 'sodai_training_and_scoring' retrieved from /opt/airflow/dags/sodai_pipeline_dag.py
[2025-11-19T17:56:34.190+0000] {logging_mixin.py:188} INFO - [2025-11-19T17:56:34.190+0000] {dag.py:3096} INFO - Sync 1 DAGs
[2025-11-19T17:56:34.200+0000] {logging_mixin.py:188} INFO - [2025-11-19T17:56:34.200+0000] {dag.py:3954} INFO - Setting next_dagrun for sodai_training_and_scoring to None, run_after=None
[2025-11-19T17:56:34.219+0000] {processor.py:183} INFO - Processing /opt/airflow/dags/sodai_pipeline_dag.py took 0.071 seconds
[2025-11-19T17:57:07.431+0000] {processor.py:161} INFO - Started process (PID=1951) to work on /opt/airflow/dags/sodai_pipeline_dag.py
[2025-11-19T17:57:07.431+0000] {processor.py:830} INFO - Processing file /opt/airflow/dags/sodai_pipeline_dag.py for tasks to queue
[2025-11-19T17:57:07.433+0000] {logging_mixin.py:188} INFO - [2025-11-19T17:57:07.433+0000] {dagbag.py:540} INFO - Filling up the DagBag from /opt/airflow/dags/sodai_pipeline_dag.py
[2025-11-19T17:57:07.444+0000] {processor.py:840} INFO - DAG(s) 'sodai_training_and_scoring' retrieved from /opt/airflow/dags/sodai_pipeline_dag.py
[2025-11-19T17:57:07.464+0000] {logging_mixin.py:188} INFO - [2025-11-19T17:57:07.464+0000] {dag.py:3096} INFO - Sync 1 DAGs
[2025-11-19T17:57:07.474+0000] {logging_mixin.py:188} INFO - [2025-11-19T17:57:07.474+0000] {dag.py:3954} INFO - Setting next_dagrun for sodai_training_and_scoring to None, run_after=None
[2025-11-19T17:57:07.487+0000] {processor.py:183} INFO - Processing /opt/airflow/dags/sodai_pipeline_dag.py took 0.060 seconds
[2025-11-19T17:57:37.768+0000] {processor.py:161} INFO - Started process (PID=1961) to work on /opt/airflow/dags/sodai_pipeline_dag.py
[2025-11-19T17:57:37.769+0000] {processor.py:830} INFO - Processing file /opt/airflow/dags/sodai_pipeline_dag.py for tasks to queue
[2025-11-19T17:57:37.771+0000] {logging_mixin.py:188} INFO - [2025-11-19T17:57:37.770+0000] {dagbag.py:540} INFO - Filling up the DagBag from /opt/airflow/dags/sodai_pipeline_dag.py
[2025-11-19T17:57:37.784+0000] {processor.py:840} INFO - DAG(s) 'sodai_training_and_scoring' retrieved from /opt/airflow/dags/sodai_pipeline_dag.py
[2025-11-19T17:57:37.805+0000] {logging_mixin.py:188} INFO - [2025-11-19T17:57:37.804+0000] {dag.py:3096} INFO - Sync 1 DAGs
[2025-11-19T17:57:37.815+0000] {logging_mixin.py:188} INFO - [2025-11-19T17:57:37.815+0000] {dag.py:3954} INFO - Setting next_dagrun for sodai_training_and_scoring to None, run_after=None
[2025-11-19T17:57:37.829+0000] {processor.py:183} INFO - Processing /opt/airflow/dags/sodai_pipeline_dag.py took 0.065 seconds
[2025-11-19T17:58:07.893+0000] {processor.py:161} INFO - Started process (PID=1971) to work on /opt/airflow/dags/sodai_pipeline_dag.py
[2025-11-19T17:58:07.894+0000] {processor.py:830} INFO - Processing file /opt/airflow/dags/sodai_pipeline_dag.py for tasks to queue
[2025-11-19T17:58:07.896+0000] {logging_mixin.py:188} INFO - [2025-11-19T17:58:07.895+0000] {dagbag.py:540} INFO - Filling up the DagBag from /opt/airflow/dags/sodai_pipeline_dag.py
[2025-11-19T17:58:07.908+0000] {processor.py:840} INFO - DAG(s) 'sodai_training_and_scoring' retrieved from /opt/airflow/dags/sodai_pipeline_dag.py
[2025-11-19T17:58:07.930+0000] {logging_mixin.py:188} INFO - [2025-11-19T17:58:07.929+0000] {dag.py:3096} INFO - Sync 1 DAGs
[2025-11-19T17:58:07.943+0000] {logging_mixin.py:188} INFO - [2025-11-19T17:58:07.943+0000] {dag.py:3954} INFO - Setting next_dagrun for sodai_training_and_scoring to None, run_after=None
[2025-11-19T17:58:07.960+0000] {processor.py:183} INFO - Processing /opt/airflow/dags/sodai_pipeline_dag.py took 0.070 seconds
[2025-11-19T17:58:38.176+0000] {processor.py:161} INFO - Started process (PID=1981) to work on /opt/airflow/dags/sodai_pipeline_dag.py
[2025-11-19T17:58:38.177+0000] {processor.py:830} INFO - Processing file /opt/airflow/dags/sodai_pipeline_dag.py for tasks to queue
[2025-11-19T17:58:38.179+0000] {logging_mixin.py:188} INFO - [2025-11-19T17:58:38.179+0000] {dagbag.py:540} INFO - Filling up the DagBag from /opt/airflow/dags/sodai_pipeline_dag.py
[2025-11-19T17:58:38.193+0000] {processor.py:840} INFO - DAG(s) 'sodai_training_and_scoring' retrieved from /opt/airflow/dags/sodai_pipeline_dag.py
[2025-11-19T17:58:38.214+0000] {logging_mixin.py:188} INFO - [2025-11-19T17:58:38.214+0000] {dag.py:3096} INFO - Sync 1 DAGs
[2025-11-19T17:58:38.224+0000] {logging_mixin.py:188} INFO - [2025-11-19T17:58:38.224+0000] {dag.py:3954} INFO - Setting next_dagrun for sodai_training_and_scoring to None, run_after=None
[2025-11-19T17:58:38.241+0000] {processor.py:183} INFO - Processing /opt/airflow/dags/sodai_pipeline_dag.py took 0.069 seconds
[2025-11-19T17:59:08.343+0000] {processor.py:161} INFO - Started process (PID=1991) to work on /opt/airflow/dags/sodai_pipeline_dag.py
[2025-11-19T17:59:08.344+0000] {processor.py:830} INFO - Processing file /opt/airflow/dags/sodai_pipeline_dag.py for tasks to queue
[2025-11-19T17:59:08.345+0000] {logging_mixin.py:188} INFO - [2025-11-19T17:59:08.345+0000] {dagbag.py:540} INFO - Filling up the DagBag from /opt/airflow/dags/sodai_pipeline_dag.py
[2025-11-19T17:59:08.360+0000] {processor.py:840} INFO - DAG(s) 'sodai_training_and_scoring' retrieved from /opt/airflow/dags/sodai_pipeline_dag.py
[2025-11-19T17:59:08.383+0000] {logging_mixin.py:188} INFO - [2025-11-19T17:59:08.382+0000] {dag.py:3096} INFO - Sync 1 DAGs
[2025-11-19T17:59:08.392+0000] {logging_mixin.py:188} INFO - [2025-11-19T17:59:08.392+0000] {dag.py:3954} INFO - Setting next_dagrun for sodai_training_and_scoring to None, run_after=None
[2025-11-19T17:59:08.408+0000] {processor.py:183} INFO - Processing /opt/airflow/dags/sodai_pipeline_dag.py took 0.071 seconds
[2025-11-19T17:59:38.494+0000] {processor.py:161} INFO - Started process (PID=2001) to work on /opt/airflow/dags/sodai_pipeline_dag.py
[2025-11-19T17:59:38.495+0000] {processor.py:830} INFO - Processing file /opt/airflow/dags/sodai_pipeline_dag.py for tasks to queue
[2025-11-19T17:59:38.496+0000] {logging_mixin.py:188} INFO - [2025-11-19T17:59:38.496+0000] {dagbag.py:540} INFO - Filling up the DagBag from /opt/airflow/dags/sodai_pipeline_dag.py
[2025-11-19T17:59:38.511+0000] {processor.py:840} INFO - DAG(s) 'sodai_training_and_scoring' retrieved from /opt/airflow/dags/sodai_pipeline_dag.py
[2025-11-19T17:59:38.535+0000] {logging_mixin.py:188} INFO - [2025-11-19T17:59:38.535+0000] {dag.py:3096} INFO - Sync 1 DAGs
[2025-11-19T17:59:38.547+0000] {logging_mixin.py:188} INFO - [2025-11-19T17:59:38.546+0000] {dag.py:3954} INFO - Setting next_dagrun for sodai_training_and_scoring to None, run_after=None
[2025-11-19T17:59:38.561+0000] {processor.py:183} INFO - Processing /opt/airflow/dags/sodai_pipeline_dag.py took 0.073 seconds
[2025-11-19T18:00:08.934+0000] {processor.py:161} INFO - Started process (PID=2011) to work on /opt/airflow/dags/sodai_pipeline_dag.py
[2025-11-19T18:00:08.935+0000] {processor.py:830} INFO - Processing file /opt/airflow/dags/sodai_pipeline_dag.py for tasks to queue
[2025-11-19T18:00:08.937+0000] {logging_mixin.py:188} INFO - [2025-11-19T18:00:08.937+0000] {dagbag.py:540} INFO - Filling up the DagBag from /opt/airflow/dags/sodai_pipeline_dag.py
[2025-11-19T18:00:08.956+0000] {processor.py:840} INFO - DAG(s) 'sodai_training_and_scoring' retrieved from /opt/airflow/dags/sodai_pipeline_dag.py
[2025-11-19T18:00:08.984+0000] {logging_mixin.py:188} INFO - [2025-11-19T18:00:08.984+0000] {dag.py:3096} INFO - Sync 1 DAGs
[2025-11-19T18:00:08.994+0000] {logging_mixin.py:188} INFO - [2025-11-19T18:00:08.994+0000] {dag.py:3954} INFO - Setting next_dagrun for sodai_training_and_scoring to None, run_after=None
[2025-11-19T18:00:09.011+0000] {processor.py:183} INFO - Processing /opt/airflow/dags/sodai_pipeline_dag.py took 0.082 seconds
[2025-11-19T18:00:39.324+0000] {processor.py:161} INFO - Started process (PID=2021) to work on /opt/airflow/dags/sodai_pipeline_dag.py
[2025-11-19T18:00:39.326+0000] {processor.py:830} INFO - Processing file /opt/airflow/dags/sodai_pipeline_dag.py for tasks to queue
[2025-11-19T18:00:39.327+0000] {logging_mixin.py:188} INFO - [2025-11-19T18:00:39.327+0000] {dagbag.py:540} INFO - Filling up the DagBag from /opt/airflow/dags/sodai_pipeline_dag.py
[2025-11-19T18:00:39.340+0000] {processor.py:840} INFO - DAG(s) 'sodai_training_and_scoring' retrieved from /opt/airflow/dags/sodai_pipeline_dag.py
[2025-11-19T18:00:39.362+0000] {logging_mixin.py:188} INFO - [2025-11-19T18:00:39.362+0000] {dag.py:3096} INFO - Sync 1 DAGs
[2025-11-19T18:00:39.372+0000] {logging_mixin.py:188} INFO - [2025-11-19T18:00:39.372+0000] {dag.py:3954} INFO - Setting next_dagrun for sodai_training_and_scoring to None, run_after=None
[2025-11-19T18:00:39.389+0000] {processor.py:183} INFO - Processing /opt/airflow/dags/sodai_pipeline_dag.py took 0.070 seconds
[2025-11-19T18:01:10.413+0000] {processor.py:161} INFO - Started process (PID=2031) to work on /opt/airflow/dags/sodai_pipeline_dag.py
[2025-11-19T18:01:10.413+0000] {processor.py:830} INFO - Processing file /opt/airflow/dags/sodai_pipeline_dag.py for tasks to queue
[2025-11-19T18:01:10.415+0000] {logging_mixin.py:188} INFO - [2025-11-19T18:01:10.415+0000] {dagbag.py:540} INFO - Filling up the DagBag from /opt/airflow/dags/sodai_pipeline_dag.py
[2025-11-19T18:01:10.429+0000] {processor.py:840} INFO - DAG(s) 'sodai_training_and_scoring' retrieved from /opt/airflow/dags/sodai_pipeline_dag.py
[2025-11-19T18:01:10.448+0000] {logging_mixin.py:188} INFO - [2025-11-19T18:01:10.448+0000] {dag.py:3096} INFO - Sync 1 DAGs
[2025-11-19T18:01:10.458+0000] {logging_mixin.py:188} INFO - [2025-11-19T18:01:10.458+0000] {dag.py:3954} INFO - Setting next_dagrun for sodai_training_and_scoring to None, run_after=None
[2025-11-19T18:01:10.472+0000] {processor.py:183} INFO - Processing /opt/airflow/dags/sodai_pipeline_dag.py took 0.064 seconds
[2025-11-19T18:01:40.529+0000] {processor.py:161} INFO - Started process (PID=2041) to work on /opt/airflow/dags/sodai_pipeline_dag.py
[2025-11-19T18:01:40.530+0000] {processor.py:830} INFO - Processing file /opt/airflow/dags/sodai_pipeline_dag.py for tasks to queue
[2025-11-19T18:01:40.532+0000] {logging_mixin.py:188} INFO - [2025-11-19T18:01:40.532+0000] {dagbag.py:540} INFO - Filling up the DagBag from /opt/airflow/dags/sodai_pipeline_dag.py
[2025-11-19T18:01:40.546+0000] {processor.py:840} INFO - DAG(s) 'sodai_training_and_scoring' retrieved from /opt/airflow/dags/sodai_pipeline_dag.py
[2025-11-19T18:01:40.568+0000] {logging_mixin.py:188} INFO - [2025-11-19T18:01:40.568+0000] {dag.py:3096} INFO - Sync 1 DAGs
[2025-11-19T18:01:40.578+0000] {logging_mixin.py:188} INFO - [2025-11-19T18:01:40.578+0000] {dag.py:3954} INFO - Setting next_dagrun for sodai_training_and_scoring to None, run_after=None
[2025-11-19T18:01:40.596+0000] {processor.py:183} INFO - Processing /opt/airflow/dags/sodai_pipeline_dag.py took 0.071 seconds
[2025-11-19T18:02:10.657+0000] {processor.py:161} INFO - Started process (PID=2051) to work on /opt/airflow/dags/sodai_pipeline_dag.py
[2025-11-19T18:02:10.658+0000] {processor.py:830} INFO - Processing file /opt/airflow/dags/sodai_pipeline_dag.py for tasks to queue
[2025-11-19T18:02:10.660+0000] {logging_mixin.py:188} INFO - [2025-11-19T18:02:10.660+0000] {dagbag.py:540} INFO - Filling up the DagBag from /opt/airflow/dags/sodai_pipeline_dag.py
[2025-11-19T18:02:10.677+0000] {processor.py:840} INFO - DAG(s) 'sodai_training_and_scoring' retrieved from /opt/airflow/dags/sodai_pipeline_dag.py
[2025-11-19T18:02:10.699+0000] {logging_mixin.py:188} INFO - [2025-11-19T18:02:10.699+0000] {dag.py:3096} INFO - Sync 1 DAGs
[2025-11-19T18:02:10.709+0000] {logging_mixin.py:188} INFO - [2025-11-19T18:02:10.709+0000] {dag.py:3954} INFO - Setting next_dagrun for sodai_training_and_scoring to None, run_after=None
[2025-11-19T18:02:10.727+0000] {processor.py:183} INFO - Processing /opt/airflow/dags/sodai_pipeline_dag.py took 0.074 seconds
[2025-11-19T18:02:40.846+0000] {processor.py:161} INFO - Started process (PID=2061) to work on /opt/airflow/dags/sodai_pipeline_dag.py
[2025-11-19T18:02:40.847+0000] {processor.py:830} INFO - Processing file /opt/airflow/dags/sodai_pipeline_dag.py for tasks to queue
[2025-11-19T18:02:40.849+0000] {logging_mixin.py:188} INFO - [2025-11-19T18:02:40.848+0000] {dagbag.py:540} INFO - Filling up the DagBag from /opt/airflow/dags/sodai_pipeline_dag.py
[2025-11-19T18:02:40.864+0000] {processor.py:840} INFO - DAG(s) 'sodai_training_and_scoring' retrieved from /opt/airflow/dags/sodai_pipeline_dag.py
[2025-11-19T18:02:40.884+0000] {logging_mixin.py:188} INFO - [2025-11-19T18:02:40.884+0000] {dag.py:3096} INFO - Sync 1 DAGs
[2025-11-19T18:02:40.894+0000] {logging_mixin.py:188} INFO - [2025-11-19T18:02:40.894+0000] {dag.py:3954} INFO - Setting next_dagrun for sodai_training_and_scoring to None, run_after=None
[2025-11-19T18:02:40.909+0000] {processor.py:183} INFO - Processing /opt/airflow/dags/sodai_pipeline_dag.py took 0.067 seconds
[2025-11-19T18:03:11.038+0000] {processor.py:161} INFO - Started process (PID=2071) to work on /opt/airflow/dags/sodai_pipeline_dag.py
[2025-11-19T18:03:11.039+0000] {processor.py:830} INFO - Processing file /opt/airflow/dags/sodai_pipeline_dag.py for tasks to queue
[2025-11-19T18:03:11.041+0000] {logging_mixin.py:188} INFO - [2025-11-19T18:03:11.040+0000] {dagbag.py:540} INFO - Filling up the DagBag from /opt/airflow/dags/sodai_pipeline_dag.py
[2025-11-19T18:03:11.056+0000] {processor.py:840} INFO - DAG(s) 'sodai_training_and_scoring' retrieved from /opt/airflow/dags/sodai_pipeline_dag.py
[2025-11-19T18:03:11.081+0000] {logging_mixin.py:188} INFO - [2025-11-19T18:03:11.080+0000] {dag.py:3096} INFO - Sync 1 DAGs
[2025-11-19T18:03:11.092+0000] {logging_mixin.py:188} INFO - [2025-11-19T18:03:11.091+0000] {dag.py:3954} INFO - Setting next_dagrun for sodai_training_and_scoring to None, run_after=None
[2025-11-19T18:03:11.107+0000] {processor.py:183} INFO - Processing /opt/airflow/dags/sodai_pipeline_dag.py took 0.075 seconds
[2025-11-19T18:03:42.184+0000] {processor.py:161} INFO - Started process (PID=2081) to work on /opt/airflow/dags/sodai_pipeline_dag.py
[2025-11-19T18:03:42.185+0000] {processor.py:830} INFO - Processing file /opt/airflow/dags/sodai_pipeline_dag.py for tasks to queue
[2025-11-19T18:03:42.187+0000] {logging_mixin.py:188} INFO - [2025-11-19T18:03:42.187+0000] {dagbag.py:540} INFO - Filling up the DagBag from /opt/airflow/dags/sodai_pipeline_dag.py
[2025-11-19T18:03:42.201+0000] {processor.py:840} INFO - DAG(s) 'sodai_training_and_scoring' retrieved from /opt/airflow/dags/sodai_pipeline_dag.py
[2025-11-19T18:03:42.225+0000] {logging_mixin.py:188} INFO - [2025-11-19T18:03:42.225+0000] {dag.py:3096} INFO - Sync 1 DAGs
[2025-11-19T18:03:42.235+0000] {logging_mixin.py:188} INFO - [2025-11-19T18:03:42.235+0000] {dag.py:3954} INFO - Setting next_dagrun for sodai_training_and_scoring to None, run_after=None
[2025-11-19T18:03:42.255+0000] {processor.py:183} INFO - Processing /opt/airflow/dags/sodai_pipeline_dag.py took 0.075 seconds
[2025-11-19T18:04:15.232+0000] {processor.py:161} INFO - Started process (PID=2091) to work on /opt/airflow/dags/sodai_pipeline_dag.py
[2025-11-19T18:04:15.233+0000] {processor.py:830} INFO - Processing file /opt/airflow/dags/sodai_pipeline_dag.py for tasks to queue
[2025-11-19T18:04:15.235+0000] {logging_mixin.py:188} INFO - [2025-11-19T18:04:15.235+0000] {dagbag.py:540} INFO - Filling up the DagBag from /opt/airflow/dags/sodai_pipeline_dag.py
[2025-11-19T18:04:15.249+0000] {processor.py:840} INFO - DAG(s) 'sodai_training_and_scoring' retrieved from /opt/airflow/dags/sodai_pipeline_dag.py
[2025-11-19T18:04:15.271+0000] {logging_mixin.py:188} INFO - [2025-11-19T18:04:15.271+0000] {dag.py:3096} INFO - Sync 1 DAGs
[2025-11-19T18:04:15.281+0000] {logging_mixin.py:188} INFO - [2025-11-19T18:04:15.281+0000] {dag.py:3954} INFO - Setting next_dagrun for sodai_training_and_scoring to None, run_after=None
[2025-11-19T18:04:15.298+0000] {processor.py:183} INFO - Processing /opt/airflow/dags/sodai_pipeline_dag.py took 0.070 seconds
[2025-11-19T18:04:45.661+0000] {processor.py:161} INFO - Started process (PID=2101) to work on /opt/airflow/dags/sodai_pipeline_dag.py
[2025-11-19T18:04:45.662+0000] {processor.py:830} INFO - Processing file /opt/airflow/dags/sodai_pipeline_dag.py for tasks to queue
[2025-11-19T18:04:45.664+0000] {logging_mixin.py:188} INFO - [2025-11-19T18:04:45.664+0000] {dagbag.py:540} INFO - Filling up the DagBag from /opt/airflow/dags/sodai_pipeline_dag.py
[2025-11-19T18:04:45.680+0000] {processor.py:840} INFO - DAG(s) 'sodai_training_and_scoring' retrieved from /opt/airflow/dags/sodai_pipeline_dag.py
[2025-11-19T18:04:45.717+0000] {logging_mixin.py:188} INFO - [2025-11-19T18:04:45.717+0000] {dag.py:3096} INFO - Sync 1 DAGs
[2025-11-19T18:04:45.731+0000] {logging_mixin.py:188} INFO - [2025-11-19T18:04:45.731+0000] {dag.py:3954} INFO - Setting next_dagrun for sodai_training_and_scoring to None, run_after=None
[2025-11-19T18:04:47.662+0000] {processor.py:183} INFO - Processing /opt/airflow/dags/sodai_pipeline_dag.py took 0.098 seconds
[2025-11-19T18:05:18.996+0000] {processor.py:161} INFO - Started process (PID=2111) to work on /opt/airflow/dags/sodai_pipeline_dag.py
[2025-11-19T18:05:18.997+0000] {processor.py:830} INFO - Processing file /opt/airflow/dags/sodai_pipeline_dag.py for tasks to queue
[2025-11-19T18:05:18.998+0000] {logging_mixin.py:188} INFO - [2025-11-19T18:05:18.998+0000] {dagbag.py:540} INFO - Filling up the DagBag from /opt/airflow/dags/sodai_pipeline_dag.py
[2025-11-19T18:05:19.012+0000] {processor.py:840} INFO - DAG(s) 'sodai_training_and_scoring' retrieved from /opt/airflow/dags/sodai_pipeline_dag.py
[2025-11-19T18:05:19.033+0000] {logging_mixin.py:188} INFO - [2025-11-19T18:05:19.032+0000] {dag.py:3096} INFO - Sync 1 DAGs
[2025-11-19T18:05:19.043+0000] {logging_mixin.py:188} INFO - [2025-11-19T18:05:19.042+0000] {dag.py:3954} INFO - Setting next_dagrun for sodai_training_and_scoring to None, run_after=None
[2025-11-19T18:05:19.057+0000] {processor.py:183} INFO - Processing /opt/airflow/dags/sodai_pipeline_dag.py took 0.065 seconds
[2025-11-19T18:05:49.572+0000] {processor.py:161} INFO - Started process (PID=2121) to work on /opt/airflow/dags/sodai_pipeline_dag.py
[2025-11-19T18:05:49.573+0000] {processor.py:830} INFO - Processing file /opt/airflow/dags/sodai_pipeline_dag.py for tasks to queue
[2025-11-19T18:05:49.576+0000] {logging_mixin.py:188} INFO - [2025-11-19T18:05:49.575+0000] {dagbag.py:540} INFO - Filling up the DagBag from /opt/airflow/dags/sodai_pipeline_dag.py
[2025-11-19T18:05:49.593+0000] {processor.py:840} INFO - DAG(s) 'sodai_training_and_scoring' retrieved from /opt/airflow/dags/sodai_pipeline_dag.py
[2025-11-19T18:05:49.618+0000] {logging_mixin.py:188} INFO - [2025-11-19T18:05:49.617+0000] {dag.py:3096} INFO - Sync 1 DAGs
[2025-11-19T18:05:49.633+0000] {logging_mixin.py:188} INFO - [2025-11-19T18:05:49.633+0000] {dag.py:3954} INFO - Setting next_dagrun for sodai_training_and_scoring to None, run_after=None
[2025-11-19T18:05:49.658+0000] {processor.py:183} INFO - Processing /opt/airflow/dags/sodai_pipeline_dag.py took 0.092 seconds
[2025-11-19T18:06:20.432+0000] {processor.py:161} INFO - Started process (PID=2131) to work on /opt/airflow/dags/sodai_pipeline_dag.py
[2025-11-19T18:06:20.433+0000] {processor.py:830} INFO - Processing file /opt/airflow/dags/sodai_pipeline_dag.py for tasks to queue
[2025-11-19T18:06:20.436+0000] {logging_mixin.py:188} INFO - [2025-11-19T18:06:20.435+0000] {dagbag.py:540} INFO - Filling up the DagBag from /opt/airflow/dags/sodai_pipeline_dag.py
[2025-11-19T18:06:20.452+0000] {processor.py:840} INFO - DAG(s) 'sodai_training_and_scoring' retrieved from /opt/airflow/dags/sodai_pipeline_dag.py
[2025-11-19T18:06:20.475+0000] {logging_mixin.py:188} INFO - [2025-11-19T18:06:20.475+0000] {dag.py:3096} INFO - Sync 1 DAGs
[2025-11-19T18:06:20.486+0000] {logging_mixin.py:188} INFO - [2025-11-19T18:06:20.486+0000] {dag.py:3954} INFO - Setting next_dagrun for sodai_training_and_scoring to None, run_after=None
[2025-11-19T18:06:20.504+0000] {processor.py:183} INFO - Processing /opt/airflow/dags/sodai_pipeline_dag.py took 0.077 seconds
[2025-11-19T18:06:51.339+0000] {processor.py:161} INFO - Started process (PID=2141) to work on /opt/airflow/dags/sodai_pipeline_dag.py
[2025-11-19T18:06:51.340+0000] {processor.py:830} INFO - Processing file /opt/airflow/dags/sodai_pipeline_dag.py for tasks to queue
[2025-11-19T18:06:51.343+0000] {logging_mixin.py:188} INFO - [2025-11-19T18:06:51.342+0000] {dagbag.py:540} INFO - Filling up the DagBag from /opt/airflow/dags/sodai_pipeline_dag.py
[2025-11-19T18:06:51.356+0000] {processor.py:840} INFO - DAG(s) 'sodai_training_and_scoring' retrieved from /opt/airflow/dags/sodai_pipeline_dag.py
[2025-11-19T18:06:51.377+0000] {logging_mixin.py:188} INFO - [2025-11-19T18:06:51.377+0000] {dag.py:3096} INFO - Sync 1 DAGs
[2025-11-19T18:06:51.387+0000] {logging_mixin.py:188} INFO - [2025-11-19T18:06:51.386+0000] {dag.py:3954} INFO - Setting next_dagrun for sodai_training_and_scoring to None, run_after=None
[2025-11-19T18:06:51.400+0000] {processor.py:183} INFO - Processing /opt/airflow/dags/sodai_pipeline_dag.py took 0.066 seconds
[2025-11-19T18:07:21.517+0000] {processor.py:161} INFO - Started process (PID=2151) to work on /opt/airflow/dags/sodai_pipeline_dag.py
[2025-11-19T18:07:21.518+0000] {processor.py:830} INFO - Processing file /opt/airflow/dags/sodai_pipeline_dag.py for tasks to queue
[2025-11-19T18:07:21.519+0000] {logging_mixin.py:188} INFO - [2025-11-19T18:07:21.519+0000] {dagbag.py:540} INFO - Filling up the DagBag from /opt/airflow/dags/sodai_pipeline_dag.py
[2025-11-19T18:07:21.531+0000] {processor.py:840} INFO - DAG(s) 'sodai_training_and_scoring' retrieved from /opt/airflow/dags/sodai_pipeline_dag.py
[2025-11-19T18:07:21.551+0000] {logging_mixin.py:188} INFO - [2025-11-19T18:07:21.551+0000] {dag.py:3096} INFO - Sync 1 DAGs
[2025-11-19T18:07:21.561+0000] {logging_mixin.py:188} INFO - [2025-11-19T18:07:21.561+0000] {dag.py:3954} INFO - Setting next_dagrun for sodai_training_and_scoring to None, run_after=None
[2025-11-19T18:07:21.576+0000] {processor.py:183} INFO - Processing /opt/airflow/dags/sodai_pipeline_dag.py took 0.064 seconds
[2025-11-19T18:07:51.670+0000] {processor.py:161} INFO - Started process (PID=2161) to work on /opt/airflow/dags/sodai_pipeline_dag.py
[2025-11-19T18:07:51.670+0000] {processor.py:830} INFO - Processing file /opt/airflow/dags/sodai_pipeline_dag.py for tasks to queue
[2025-11-19T18:07:51.672+0000] {logging_mixin.py:188} INFO - [2025-11-19T18:07:51.671+0000] {dagbag.py:540} INFO - Filling up the DagBag from /opt/airflow/dags/sodai_pipeline_dag.py
[2025-11-19T18:07:51.687+0000] {processor.py:840} INFO - DAG(s) 'sodai_training_and_scoring' retrieved from /opt/airflow/dags/sodai_pipeline_dag.py
[2025-11-19T18:07:51.710+0000] {logging_mixin.py:188} INFO - [2025-11-19T18:07:51.709+0000] {dag.py:3096} INFO - Sync 1 DAGs
[2025-11-19T18:07:51.720+0000] {logging_mixin.py:188} INFO - [2025-11-19T18:07:51.719+0000] {dag.py:3954} INFO - Setting next_dagrun for sodai_training_and_scoring to None, run_after=None
[2025-11-19T18:07:51.737+0000] {processor.py:183} INFO - Processing /opt/airflow/dags/sodai_pipeline_dag.py took 0.072 seconds
[2025-11-19T18:08:21.928+0000] {processor.py:161} INFO - Started process (PID=2171) to work on /opt/airflow/dags/sodai_pipeline_dag.py
[2025-11-19T18:08:21.929+0000] {processor.py:830} INFO - Processing file /opt/airflow/dags/sodai_pipeline_dag.py for tasks to queue
[2025-11-19T18:08:21.931+0000] {logging_mixin.py:188} INFO - [2025-11-19T18:08:21.931+0000] {dagbag.py:540} INFO - Filling up the DagBag from /opt/airflow/dags/sodai_pipeline_dag.py
[2025-11-19T18:08:21.948+0000] {processor.py:840} INFO - DAG(s) 'sodai_training_and_scoring' retrieved from /opt/airflow/dags/sodai_pipeline_dag.py
[2025-11-19T18:08:21.973+0000] {logging_mixin.py:188} INFO - [2025-11-19T18:08:21.972+0000] {dag.py:3096} INFO - Sync 1 DAGs
[2025-11-19T18:08:21.982+0000] {logging_mixin.py:188} INFO - [2025-11-19T18:08:21.982+0000] {dag.py:3954} INFO - Setting next_dagrun for sodai_training_and_scoring to None, run_after=None
[2025-11-19T18:08:22.004+0000] {processor.py:183} INFO - Processing /opt/airflow/dags/sodai_pipeline_dag.py took 0.081 seconds
[2025-11-19T18:08:52.115+0000] {processor.py:161} INFO - Started process (PID=2181) to work on /opt/airflow/dags/sodai_pipeline_dag.py
[2025-11-19T18:08:52.117+0000] {processor.py:830} INFO - Processing file /opt/airflow/dags/sodai_pipeline_dag.py for tasks to queue
[2025-11-19T18:08:52.118+0000] {logging_mixin.py:188} INFO - [2025-11-19T18:08:52.118+0000] {dagbag.py:540} INFO - Filling up the DagBag from /opt/airflow/dags/sodai_pipeline_dag.py
[2025-11-19T18:08:52.132+0000] {processor.py:840} INFO - DAG(s) 'sodai_training_and_scoring' retrieved from /opt/airflow/dags/sodai_pipeline_dag.py
[2025-11-19T18:08:52.157+0000] {logging_mixin.py:188} INFO - [2025-11-19T18:08:52.156+0000] {dag.py:3096} INFO - Sync 1 DAGs
[2025-11-19T18:08:52.167+0000] {logging_mixin.py:188} INFO - [2025-11-19T18:08:52.167+0000] {dag.py:3954} INFO - Setting next_dagrun for sodai_training_and_scoring to None, run_after=None
[2025-11-19T18:08:52.188+0000] {processor.py:183} INFO - Processing /opt/airflow/dags/sodai_pipeline_dag.py took 0.079 seconds
[2025-11-19T18:09:22.535+0000] {processor.py:161} INFO - Started process (PID=2191) to work on /opt/airflow/dags/sodai_pipeline_dag.py
[2025-11-19T18:09:22.536+0000] {processor.py:830} INFO - Processing file /opt/airflow/dags/sodai_pipeline_dag.py for tasks to queue
[2025-11-19T18:09:22.538+0000] {logging_mixin.py:188} INFO - [2025-11-19T18:09:22.538+0000] {dagbag.py:540} INFO - Filling up the DagBag from /opt/airflow/dags/sodai_pipeline_dag.py
[2025-11-19T18:09:22.552+0000] {processor.py:840} INFO - DAG(s) 'sodai_training_and_scoring' retrieved from /opt/airflow/dags/sodai_pipeline_dag.py
[2025-11-19T18:09:22.575+0000] {logging_mixin.py:188} INFO - [2025-11-19T18:09:22.575+0000] {dag.py:3096} INFO - Sync 1 DAGs
[2025-11-19T18:09:22.585+0000] {logging_mixin.py:188} INFO - [2025-11-19T18:09:22.584+0000] {dag.py:3954} INFO - Setting next_dagrun for sodai_training_and_scoring to None, run_after=None
[2025-11-19T18:09:22.599+0000] {processor.py:183} INFO - Processing /opt/airflow/dags/sodai_pipeline_dag.py took 0.070 seconds
[2025-11-19T18:09:53.592+0000] {processor.py:161} INFO - Started process (PID=2201) to work on /opt/airflow/dags/sodai_pipeline_dag.py
[2025-11-19T18:09:53.592+0000] {processor.py:830} INFO - Processing file /opt/airflow/dags/sodai_pipeline_dag.py for tasks to queue
[2025-11-19T18:09:53.594+0000] {logging_mixin.py:188} INFO - [2025-11-19T18:09:53.594+0000] {dagbag.py:540} INFO - Filling up the DagBag from /opt/airflow/dags/sodai_pipeline_dag.py
[2025-11-19T18:09:53.609+0000] {processor.py:840} INFO - DAG(s) 'sodai_training_and_scoring' retrieved from /opt/airflow/dags/sodai_pipeline_dag.py
[2025-11-19T18:09:53.632+0000] {logging_mixin.py:188} INFO - [2025-11-19T18:09:53.632+0000] {dag.py:3096} INFO - Sync 1 DAGs
[2025-11-19T18:09:53.642+0000] {logging_mixin.py:188} INFO - [2025-11-19T18:09:53.642+0000] {dag.py:3954} INFO - Setting next_dagrun for sodai_training_and_scoring to None, run_after=None
[2025-11-19T18:09:53.660+0000] {processor.py:183} INFO - Processing /opt/airflow/dags/sodai_pipeline_dag.py took 0.072 seconds
[2025-11-19T18:10:24.142+0000] {processor.py:161} INFO - Started process (PID=2211) to work on /opt/airflow/dags/sodai_pipeline_dag.py
[2025-11-19T18:10:24.143+0000] {processor.py:830} INFO - Processing file /opt/airflow/dags/sodai_pipeline_dag.py for tasks to queue
[2025-11-19T18:10:24.145+0000] {logging_mixin.py:188} INFO - [2025-11-19T18:10:24.145+0000] {dagbag.py:540} INFO - Filling up the DagBag from /opt/airflow/dags/sodai_pipeline_dag.py
[2025-11-19T18:10:24.162+0000] {processor.py:840} INFO - DAG(s) 'sodai_training_and_scoring' retrieved from /opt/airflow/dags/sodai_pipeline_dag.py
[2025-11-19T18:10:24.187+0000] {logging_mixin.py:188} INFO - [2025-11-19T18:10:24.186+0000] {dag.py:3096} INFO - Sync 1 DAGs
[2025-11-19T18:10:24.198+0000] {logging_mixin.py:188} INFO - [2025-11-19T18:10:24.198+0000] {dag.py:3954} INFO - Setting next_dagrun for sodai_training_and_scoring to None, run_after=None
[2025-11-19T18:10:24.220+0000] {processor.py:183} INFO - Processing /opt/airflow/dags/sodai_pipeline_dag.py took 0.085 seconds
[2025-11-19T18:10:54.345+0000] {processor.py:161} INFO - Started process (PID=2221) to work on /opt/airflow/dags/sodai_pipeline_dag.py
[2025-11-19T18:10:54.346+0000] {processor.py:830} INFO - Processing file /opt/airflow/dags/sodai_pipeline_dag.py for tasks to queue
[2025-11-19T18:10:54.350+0000] {logging_mixin.py:188} INFO - [2025-11-19T18:10:54.349+0000] {dagbag.py:540} INFO - Filling up the DagBag from /opt/airflow/dags/sodai_pipeline_dag.py
[2025-11-19T18:10:54.365+0000] {processor.py:840} INFO - DAG(s) 'sodai_training_and_scoring' retrieved from /opt/airflow/dags/sodai_pipeline_dag.py
[2025-11-19T18:10:54.389+0000] {logging_mixin.py:188} INFO - [2025-11-19T18:10:54.388+0000] {dag.py:3096} INFO - Sync 1 DAGs
[2025-11-19T18:10:54.400+0000] {logging_mixin.py:188} INFO - [2025-11-19T18:10:54.400+0000] {dag.py:3954} INFO - Setting next_dagrun for sodai_training_and_scoring to None, run_after=None
[2025-11-19T18:10:54.420+0000] {processor.py:183} INFO - Processing /opt/airflow/dags/sodai_pipeline_dag.py took 0.079 seconds
[2025-11-19T18:11:25.666+0000] {processor.py:161} INFO - Started process (PID=2231) to work on /opt/airflow/dags/sodai_pipeline_dag.py
[2025-11-19T18:11:25.667+0000] {processor.py:830} INFO - Processing file /opt/airflow/dags/sodai_pipeline_dag.py for tasks to queue
[2025-11-19T18:11:25.669+0000] {logging_mixin.py:188} INFO - [2025-11-19T18:11:25.668+0000] {dagbag.py:540} INFO - Filling up the DagBag from /opt/airflow/dags/sodai_pipeline_dag.py
[2025-11-19T18:11:25.685+0000] {processor.py:840} INFO - DAG(s) 'sodai_training_and_scoring' retrieved from /opt/airflow/dags/sodai_pipeline_dag.py
[2025-11-19T18:11:25.706+0000] {logging_mixin.py:188} INFO - [2025-11-19T18:11:25.706+0000] {dag.py:3096} INFO - Sync 1 DAGs
[2025-11-19T18:11:25.716+0000] {logging_mixin.py:188} INFO - [2025-11-19T18:11:25.715+0000] {dag.py:3954} INFO - Setting next_dagrun for sodai_training_and_scoring to None, run_after=None
[2025-11-19T18:11:25.730+0000] {processor.py:183} INFO - Processing /opt/airflow/dags/sodai_pipeline_dag.py took 0.068 seconds
[2025-11-19T18:11:57.864+0000] {processor.py:161} INFO - Started process (PID=2241) to work on /opt/airflow/dags/sodai_pipeline_dag.py
[2025-11-19T18:11:57.865+0000] {processor.py:830} INFO - Processing file /opt/airflow/dags/sodai_pipeline_dag.py for tasks to queue
[2025-11-19T18:11:57.867+0000] {logging_mixin.py:188} INFO - [2025-11-19T18:11:57.867+0000] {dagbag.py:540} INFO - Filling up the DagBag from /opt/airflow/dags/sodai_pipeline_dag.py
[2025-11-19T18:11:57.885+0000] {processor.py:840} INFO - DAG(s) 'sodai_training_and_scoring' retrieved from /opt/airflow/dags/sodai_pipeline_dag.py
[2025-11-19T18:11:57.905+0000] {logging_mixin.py:188} INFO - [2025-11-19T18:11:57.905+0000] {dag.py:3096} INFO - Sync 1 DAGs
[2025-11-19T18:11:57.915+0000] {logging_mixin.py:188} INFO - [2025-11-19T18:11:57.915+0000] {dag.py:3954} INFO - Setting next_dagrun for sodai_training_and_scoring to None, run_after=None
[2025-11-19T18:11:57.929+0000] {processor.py:183} INFO - Processing /opt/airflow/dags/sodai_pipeline_dag.py took 0.070 seconds
[2025-11-19T18:12:31.108+0000] {processor.py:161} INFO - Started process (PID=2251) to work on /opt/airflow/dags/sodai_pipeline_dag.py
[2025-11-19T18:12:31.109+0000] {processor.py:830} INFO - Processing file /opt/airflow/dags/sodai_pipeline_dag.py for tasks to queue
[2025-11-19T18:12:31.111+0000] {logging_mixin.py:188} INFO - [2025-11-19T18:12:31.111+0000] {dagbag.py:540} INFO - Filling up the DagBag from /opt/airflow/dags/sodai_pipeline_dag.py
[2025-11-19T18:12:31.126+0000] {processor.py:840} INFO - DAG(s) 'sodai_training_and_scoring' retrieved from /opt/airflow/dags/sodai_pipeline_dag.py
[2025-11-19T18:12:31.153+0000] {logging_mixin.py:188} INFO - [2025-11-19T18:12:31.152+0000] {dag.py:3096} INFO - Sync 1 DAGs
[2025-11-19T18:12:31.169+0000] {logging_mixin.py:188} INFO - [2025-11-19T18:12:31.169+0000] {dag.py:3954} INFO - Setting next_dagrun for sodai_training_and_scoring to None, run_after=None
[2025-11-19T18:12:31.189+0000] {processor.py:183} INFO - Processing /opt/airflow/dags/sodai_pipeline_dag.py took 0.086 seconds
[2025-11-19T18:13:04.335+0000] {processor.py:161} INFO - Started process (PID=2261) to work on /opt/airflow/dags/sodai_pipeline_dag.py
[2025-11-19T18:13:04.336+0000] {processor.py:830} INFO - Processing file /opt/airflow/dags/sodai_pipeline_dag.py for tasks to queue
[2025-11-19T18:13:04.337+0000] {logging_mixin.py:188} INFO - [2025-11-19T18:13:04.337+0000] {dagbag.py:540} INFO - Filling up the DagBag from /opt/airflow/dags/sodai_pipeline_dag.py
[2025-11-19T18:13:04.355+0000] {processor.py:840} INFO - DAG(s) 'sodai_training_and_scoring' retrieved from /opt/airflow/dags/sodai_pipeline_dag.py
[2025-11-19T18:13:04.385+0000] {logging_mixin.py:188} INFO - [2025-11-19T18:13:04.385+0000] {dag.py:3096} INFO - Sync 1 DAGs
[2025-11-19T18:13:04.396+0000] {logging_mixin.py:188} INFO - [2025-11-19T18:13:04.396+0000] {dag.py:3954} INFO - Setting next_dagrun for sodai_training_and_scoring to None, run_after=None
[2025-11-19T18:13:04.414+0000] {processor.py:183} INFO - Processing /opt/airflow/dags/sodai_pipeline_dag.py took 0.084 seconds
[2025-11-19T18:13:37.594+0000] {processor.py:161} INFO - Started process (PID=2271) to work on /opt/airflow/dags/sodai_pipeline_dag.py
[2025-11-19T18:13:37.595+0000] {processor.py:830} INFO - Processing file /opt/airflow/dags/sodai_pipeline_dag.py for tasks to queue
[2025-11-19T18:13:37.597+0000] {logging_mixin.py:188} INFO - [2025-11-19T18:13:37.597+0000] {dagbag.py:540} INFO - Filling up the DagBag from /opt/airflow/dags/sodai_pipeline_dag.py
[2025-11-19T18:13:37.611+0000] {processor.py:840} INFO - DAG(s) 'sodai_training_and_scoring' retrieved from /opt/airflow/dags/sodai_pipeline_dag.py
[2025-11-19T18:13:37.632+0000] {logging_mixin.py:188} INFO - [2025-11-19T18:13:37.631+0000] {dag.py:3096} INFO - Sync 1 DAGs
[2025-11-19T18:13:37.642+0000] {logging_mixin.py:188} INFO - [2025-11-19T18:13:37.641+0000] {dag.py:3954} INFO - Setting next_dagrun for sodai_training_and_scoring to None, run_after=None
[2025-11-19T18:13:37.656+0000] {processor.py:183} INFO - Processing /opt/airflow/dags/sodai_pipeline_dag.py took 0.066 seconds
[2025-11-19T18:14:07.892+0000] {processor.py:161} INFO - Started process (PID=2281) to work on /opt/airflow/dags/sodai_pipeline_dag.py
[2025-11-19T18:14:07.893+0000] {processor.py:830} INFO - Processing file /opt/airflow/dags/sodai_pipeline_dag.py for tasks to queue
[2025-11-19T18:14:07.895+0000] {logging_mixin.py:188} INFO - [2025-11-19T18:14:07.895+0000] {dagbag.py:540} INFO - Filling up the DagBag from /opt/airflow/dags/sodai_pipeline_dag.py
[2025-11-19T18:14:07.911+0000] {processor.py:840} INFO - DAG(s) 'sodai_training_and_scoring' retrieved from /opt/airflow/dags/sodai_pipeline_dag.py
[2025-11-19T18:14:07.938+0000] {logging_mixin.py:188} INFO - [2025-11-19T18:14:07.937+0000] {dag.py:3096} INFO - Sync 1 DAGs
[2025-11-19T18:14:07.949+0000] {logging_mixin.py:188} INFO - [2025-11-19T18:14:07.949+0000] {dag.py:3954} INFO - Setting next_dagrun for sodai_training_and_scoring to None, run_after=None
[2025-11-19T18:14:07.965+0000] {processor.py:183} INFO - Processing /opt/airflow/dags/sodai_pipeline_dag.py took 0.080 seconds
[2025-11-19T18:14:38.004+0000] {processor.py:161} INFO - Started process (PID=2291) to work on /opt/airflow/dags/sodai_pipeline_dag.py
[2025-11-19T18:14:38.005+0000] {processor.py:830} INFO - Processing file /opt/airflow/dags/sodai_pipeline_dag.py for tasks to queue
[2025-11-19T18:14:38.007+0000] {logging_mixin.py:188} INFO - [2025-11-19T18:14:38.006+0000] {dagbag.py:540} INFO - Filling up the DagBag from /opt/airflow/dags/sodai_pipeline_dag.py
[2025-11-19T18:14:38.027+0000] {processor.py:840} INFO - DAG(s) 'sodai_training_and_scoring' retrieved from /opt/airflow/dags/sodai_pipeline_dag.py
[2025-11-19T18:14:38.049+0000] {logging_mixin.py:188} INFO - [2025-11-19T18:14:38.049+0000] {dag.py:3096} INFO - Sync 1 DAGs
[2025-11-19T18:14:38.060+0000] {logging_mixin.py:188} INFO - [2025-11-19T18:14:38.060+0000] {dag.py:3954} INFO - Setting next_dagrun for sodai_training_and_scoring to None, run_after=None
[2025-11-19T18:14:38.079+0000] {processor.py:183} INFO - Processing /opt/airflow/dags/sodai_pipeline_dag.py took 0.080 seconds
[2025-11-19T18:15:08.253+0000] {processor.py:161} INFO - Started process (PID=2301) to work on /opt/airflow/dags/sodai_pipeline_dag.py
[2025-11-19T18:15:08.253+0000] {processor.py:830} INFO - Processing file /opt/airflow/dags/sodai_pipeline_dag.py for tasks to queue
[2025-11-19T18:15:08.256+0000] {logging_mixin.py:188} INFO - [2025-11-19T18:15:08.255+0000] {dagbag.py:540} INFO - Filling up the DagBag from /opt/airflow/dags/sodai_pipeline_dag.py
[2025-11-19T18:15:08.276+0000] {processor.py:840} INFO - DAG(s) 'sodai_training_and_scoring' retrieved from /opt/airflow/dags/sodai_pipeline_dag.py
[2025-11-19T18:15:08.314+0000] {logging_mixin.py:188} INFO - [2025-11-19T18:15:08.314+0000] {dag.py:3096} INFO - Sync 1 DAGs
[2025-11-19T18:15:08.334+0000] {logging_mixin.py:188} INFO - [2025-11-19T18:15:08.333+0000] {dag.py:3954} INFO - Setting next_dagrun for sodai_training_and_scoring to None, run_after=None
[2025-11-19T18:15:08.350+0000] {processor.py:183} INFO - Processing /opt/airflow/dags/sodai_pipeline_dag.py took 0.108 seconds
[2025-11-19T18:15:38.567+0000] {processor.py:161} INFO - Started process (PID=2311) to work on /opt/airflow/dags/sodai_pipeline_dag.py
[2025-11-19T18:15:38.568+0000] {processor.py:830} INFO - Processing file /opt/airflow/dags/sodai_pipeline_dag.py for tasks to queue
[2025-11-19T18:15:38.570+0000] {logging_mixin.py:188} INFO - [2025-11-19T18:15:38.570+0000] {dagbag.py:540} INFO - Filling up the DagBag from /opt/airflow/dags/sodai_pipeline_dag.py
[2025-11-19T18:15:38.586+0000] {processor.py:840} INFO - DAG(s) 'sodai_training_and_scoring' retrieved from /opt/airflow/dags/sodai_pipeline_dag.py
[2025-11-19T18:15:38.612+0000] {logging_mixin.py:188} INFO - [2025-11-19T18:15:38.611+0000] {dag.py:3096} INFO - Sync 1 DAGs
[2025-11-19T18:15:38.626+0000] {logging_mixin.py:188} INFO - [2025-11-19T18:15:38.626+0000] {dag.py:3954} INFO - Setting next_dagrun for sodai_training_and_scoring to None, run_after=None
[2025-11-19T18:15:38.646+0000] {processor.py:183} INFO - Processing /opt/airflow/dags/sodai_pipeline_dag.py took 0.084 seconds
[2025-11-19T18:16:08.953+0000] {processor.py:161} INFO - Started process (PID=2321) to work on /opt/airflow/dags/sodai_pipeline_dag.py
[2025-11-19T18:16:08.954+0000] {processor.py:830} INFO - Processing file /opt/airflow/dags/sodai_pipeline_dag.py for tasks to queue
[2025-11-19T18:16:08.956+0000] {logging_mixin.py:188} INFO - [2025-11-19T18:16:08.955+0000] {dagbag.py:540} INFO - Filling up the DagBag from /opt/airflow/dags/sodai_pipeline_dag.py
[2025-11-19T18:16:08.970+0000] {processor.py:840} INFO - DAG(s) 'sodai_training_and_scoring' retrieved from /opt/airflow/dags/sodai_pipeline_dag.py
[2025-11-19T18:16:08.989+0000] {logging_mixin.py:188} INFO - [2025-11-19T18:16:08.988+0000] {dag.py:3096} INFO - Sync 1 DAGs
[2025-11-19T18:16:08.998+0000] {logging_mixin.py:188} INFO - [2025-11-19T18:16:08.998+0000] {dag.py:3954} INFO - Setting next_dagrun for sodai_training_and_scoring to None, run_after=None
[2025-11-19T18:16:09.014+0000] {processor.py:183} INFO - Processing /opt/airflow/dags/sodai_pipeline_dag.py took 0.067 seconds
[2025-11-19T18:16:39.295+0000] {processor.py:161} INFO - Started process (PID=2331) to work on /opt/airflow/dags/sodai_pipeline_dag.py
[2025-11-19T18:16:39.295+0000] {processor.py:830} INFO - Processing file /opt/airflow/dags/sodai_pipeline_dag.py for tasks to queue
[2025-11-19T18:16:39.297+0000] {logging_mixin.py:188} INFO - [2025-11-19T18:16:39.296+0000] {dagbag.py:540} INFO - Filling up the DagBag from /opt/airflow/dags/sodai_pipeline_dag.py
[2025-11-19T18:16:39.311+0000] {processor.py:840} INFO - DAG(s) 'sodai_training_and_scoring' retrieved from /opt/airflow/dags/sodai_pipeline_dag.py
[2025-11-19T18:16:39.330+0000] {logging_mixin.py:188} INFO - [2025-11-19T18:16:39.330+0000] {dag.py:3096} INFO - Sync 1 DAGs
[2025-11-19T18:16:39.339+0000] {logging_mixin.py:188} INFO - [2025-11-19T18:16:39.339+0000] {dag.py:3954} INFO - Setting next_dagrun for sodai_training_and_scoring to None, run_after=None
[2025-11-19T18:16:39.352+0000] {processor.py:183} INFO - Processing /opt/airflow/dags/sodai_pipeline_dag.py took 0.062 seconds
[2025-11-19T18:17:09.595+0000] {processor.py:161} INFO - Started process (PID=2341) to work on /opt/airflow/dags/sodai_pipeline_dag.py
[2025-11-19T18:17:09.596+0000] {processor.py:830} INFO - Processing file /opt/airflow/dags/sodai_pipeline_dag.py for tasks to queue
[2025-11-19T18:17:09.598+0000] {logging_mixin.py:188} INFO - [2025-11-19T18:17:09.597+0000] {dagbag.py:540} INFO - Filling up the DagBag from /opt/airflow/dags/sodai_pipeline_dag.py
[2025-11-19T18:17:09.610+0000] {processor.py:840} INFO - DAG(s) 'sodai_training_and_scoring' retrieved from /opt/airflow/dags/sodai_pipeline_dag.py
[2025-11-19T18:17:09.628+0000] {logging_mixin.py:188} INFO - [2025-11-19T18:17:09.628+0000] {dag.py:3096} INFO - Sync 1 DAGs
[2025-11-19T18:17:09.637+0000] {logging_mixin.py:188} INFO - [2025-11-19T18:17:09.637+0000] {dag.py:3954} INFO - Setting next_dagrun for sodai_training_and_scoring to None, run_after=None
[2025-11-19T18:17:09.650+0000] {processor.py:183} INFO - Processing /opt/airflow/dags/sodai_pipeline_dag.py took 0.059 seconds
[2025-11-19T18:17:39.904+0000] {processor.py:161} INFO - Started process (PID=2351) to work on /opt/airflow/dags/sodai_pipeline_dag.py
[2025-11-19T18:17:39.905+0000] {processor.py:830} INFO - Processing file /opt/airflow/dags/sodai_pipeline_dag.py for tasks to queue
[2025-11-19T18:17:39.906+0000] {logging_mixin.py:188} INFO - [2025-11-19T18:17:39.906+0000] {dagbag.py:540} INFO - Filling up the DagBag from /opt/airflow/dags/sodai_pipeline_dag.py
[2025-11-19T18:17:39.919+0000] {processor.py:840} INFO - DAG(s) 'sodai_training_and_scoring' retrieved from /opt/airflow/dags/sodai_pipeline_dag.py
[2025-11-19T18:17:39.940+0000] {logging_mixin.py:188} INFO - [2025-11-19T18:17:39.940+0000] {dag.py:3096} INFO - Sync 1 DAGs
[2025-11-19T18:17:39.949+0000] {logging_mixin.py:188} INFO - [2025-11-19T18:17:39.949+0000] {dag.py:3954} INFO - Setting next_dagrun for sodai_training_and_scoring to None, run_after=None
[2025-11-19T18:17:39.964+0000] {processor.py:183} INFO - Processing /opt/airflow/dags/sodai_pipeline_dag.py took 0.063 seconds
[2025-11-19T18:18:10.104+0000] {processor.py:161} INFO - Started process (PID=2361) to work on /opt/airflow/dags/sodai_pipeline_dag.py
[2025-11-19T18:18:10.105+0000] {processor.py:830} INFO - Processing file /opt/airflow/dags/sodai_pipeline_dag.py for tasks to queue
[2025-11-19T18:18:10.108+0000] {logging_mixin.py:188} INFO - [2025-11-19T18:18:10.106+0000] {dagbag.py:540} INFO - Filling up the DagBag from /opt/airflow/dags/sodai_pipeline_dag.py
[2025-11-19T18:18:10.124+0000] {processor.py:840} INFO - DAG(s) 'sodai_training_and_scoring' retrieved from /opt/airflow/dags/sodai_pipeline_dag.py
[2025-11-19T18:18:10.144+0000] {logging_mixin.py:188} INFO - [2025-11-19T18:18:10.144+0000] {dag.py:3096} INFO - Sync 1 DAGs
[2025-11-19T18:18:10.153+0000] {logging_mixin.py:188} INFO - [2025-11-19T18:18:10.153+0000] {dag.py:3954} INFO - Setting next_dagrun for sodai_training_and_scoring to None, run_after=None
[2025-11-19T18:18:10.169+0000] {processor.py:183} INFO - Processing /opt/airflow/dags/sodai_pipeline_dag.py took 0.070 seconds
[2025-11-19T18:18:40.385+0000] {processor.py:161} INFO - Started process (PID=2371) to work on /opt/airflow/dags/sodai_pipeline_dag.py
[2025-11-19T18:18:40.386+0000] {processor.py:830} INFO - Processing file /opt/airflow/dags/sodai_pipeline_dag.py for tasks to queue
[2025-11-19T18:18:40.387+0000] {logging_mixin.py:188} INFO - [2025-11-19T18:18:40.387+0000] {dagbag.py:540} INFO - Filling up the DagBag from /opt/airflow/dags/sodai_pipeline_dag.py
[2025-11-19T18:18:40.400+0000] {processor.py:840} INFO - DAG(s) 'sodai_training_and_scoring' retrieved from /opt/airflow/dags/sodai_pipeline_dag.py
[2025-11-19T18:18:40.422+0000] {logging_mixin.py:188} INFO - [2025-11-19T18:18:40.421+0000] {dag.py:3096} INFO - Sync 1 DAGs
[2025-11-19T18:18:40.431+0000] {logging_mixin.py:188} INFO - [2025-11-19T18:18:40.431+0000] {dag.py:3954} INFO - Setting next_dagrun for sodai_training_and_scoring to None, run_after=None
[2025-11-19T18:18:40.448+0000] {processor.py:183} INFO - Processing /opt/airflow/dags/sodai_pipeline_dag.py took 0.069 seconds
[2025-11-19T18:19:10.658+0000] {processor.py:161} INFO - Started process (PID=2381) to work on /opt/airflow/dags/sodai_pipeline_dag.py
[2025-11-19T18:19:10.659+0000] {processor.py:830} INFO - Processing file /opt/airflow/dags/sodai_pipeline_dag.py for tasks to queue
[2025-11-19T18:19:10.660+0000] {logging_mixin.py:188} INFO - [2025-11-19T18:19:10.660+0000] {dagbag.py:540} INFO - Filling up the DagBag from /opt/airflow/dags/sodai_pipeline_dag.py
[2025-11-19T18:19:10.678+0000] {processor.py:840} INFO - DAG(s) 'sodai_training_and_scoring' retrieved from /opt/airflow/dags/sodai_pipeline_dag.py
[2025-11-19T18:19:10.702+0000] {logging_mixin.py:188} INFO - [2025-11-19T18:19:10.702+0000] {dag.py:3096} INFO - Sync 1 DAGs
[2025-11-19T18:19:10.711+0000] {logging_mixin.py:188} INFO - [2025-11-19T18:19:10.711+0000] {dag.py:3954} INFO - Setting next_dagrun for sodai_training_and_scoring to None, run_after=None
[2025-11-19T18:19:10.729+0000] {processor.py:183} INFO - Processing /opt/airflow/dags/sodai_pipeline_dag.py took 0.077 seconds
[2025-11-19T18:19:40.938+0000] {processor.py:161} INFO - Started process (PID=2391) to work on /opt/airflow/dags/sodai_pipeline_dag.py
[2025-11-19T18:19:40.939+0000] {processor.py:830} INFO - Processing file /opt/airflow/dags/sodai_pipeline_dag.py for tasks to queue
[2025-11-19T18:19:40.940+0000] {logging_mixin.py:188} INFO - [2025-11-19T18:19:40.940+0000] {dagbag.py:540} INFO - Filling up the DagBag from /opt/airflow/dags/sodai_pipeline_dag.py
[2025-11-19T18:19:40.954+0000] {processor.py:840} INFO - DAG(s) 'sodai_training_and_scoring' retrieved from /opt/airflow/dags/sodai_pipeline_dag.py
[2025-11-19T18:19:40.975+0000] {logging_mixin.py:188} INFO - [2025-11-19T18:19:40.975+0000] {dag.py:3096} INFO - Sync 1 DAGs
[2025-11-19T18:19:40.986+0000] {logging_mixin.py:188} INFO - [2025-11-19T18:19:40.986+0000] {dag.py:3954} INFO - Setting next_dagrun for sodai_training_and_scoring to None, run_after=None
[2025-11-19T18:19:41.004+0000] {processor.py:183} INFO - Processing /opt/airflow/dags/sodai_pipeline_dag.py took 0.070 seconds
[2025-11-19T18:20:14.250+0000] {processor.py:161} INFO - Started process (PID=2401) to work on /opt/airflow/dags/sodai_pipeline_dag.py
[2025-11-19T18:20:14.251+0000] {processor.py:830} INFO - Processing file /opt/airflow/dags/sodai_pipeline_dag.py for tasks to queue
[2025-11-19T18:20:14.253+0000] {logging_mixin.py:188} INFO - [2025-11-19T18:20:14.252+0000] {dagbag.py:540} INFO - Filling up the DagBag from /opt/airflow/dags/sodai_pipeline_dag.py
[2025-11-19T18:20:14.267+0000] {processor.py:840} INFO - DAG(s) 'sodai_training_and_scoring' retrieved from /opt/airflow/dags/sodai_pipeline_dag.py
[2025-11-19T18:20:14.288+0000] {logging_mixin.py:188} INFO - [2025-11-19T18:20:14.287+0000] {dag.py:3096} INFO - Sync 1 DAGs
[2025-11-19T18:20:14.297+0000] {logging_mixin.py:188} INFO - [2025-11-19T18:20:14.296+0000] {dag.py:3954} INFO - Setting next_dagrun for sodai_training_and_scoring to None, run_after=None
[2025-11-19T18:20:14.312+0000] {processor.py:183} INFO - Processing /opt/airflow/dags/sodai_pipeline_dag.py took 0.066 seconds
[2025-11-19T18:20:47.505+0000] {processor.py:161} INFO - Started process (PID=2411) to work on /opt/airflow/dags/sodai_pipeline_dag.py
[2025-11-19T18:20:47.507+0000] {processor.py:830} INFO - Processing file /opt/airflow/dags/sodai_pipeline_dag.py for tasks to queue
[2025-11-19T18:20:47.509+0000] {logging_mixin.py:188} INFO - [2025-11-19T18:20:47.509+0000] {dagbag.py:540} INFO - Filling up the DagBag from /opt/airflow/dags/sodai_pipeline_dag.py
[2025-11-19T18:20:47.526+0000] {processor.py:840} INFO - DAG(s) 'sodai_training_and_scoring' retrieved from /opt/airflow/dags/sodai_pipeline_dag.py
[2025-11-19T18:20:47.548+0000] {logging_mixin.py:188} INFO - [2025-11-19T18:20:47.548+0000] {dag.py:3096} INFO - Sync 1 DAGs
[2025-11-19T18:20:47.559+0000] {logging_mixin.py:188} INFO - [2025-11-19T18:20:47.559+0000] {dag.py:3954} INFO - Setting next_dagrun for sodai_training_and_scoring to None, run_after=None
[2025-11-19T18:20:47.578+0000] {processor.py:183} INFO - Processing /opt/airflow/dags/sodai_pipeline_dag.py took 0.078 seconds
[2025-11-19T18:21:20.754+0000] {processor.py:161} INFO - Started process (PID=2421) to work on /opt/airflow/dags/sodai_pipeline_dag.py
[2025-11-19T18:21:20.756+0000] {processor.py:830} INFO - Processing file /opt/airflow/dags/sodai_pipeline_dag.py for tasks to queue
[2025-11-19T18:21:20.759+0000] {logging_mixin.py:188} INFO - [2025-11-19T18:21:20.758+0000] {dagbag.py:540} INFO - Filling up the DagBag from /opt/airflow/dags/sodai_pipeline_dag.py
[2025-11-19T18:21:20.816+0000] {processor.py:840} INFO - DAG(s) 'sodai_training_and_scoring' retrieved from /opt/airflow/dags/sodai_pipeline_dag.py
[2025-11-19T18:21:20.851+0000] {logging_mixin.py:188} INFO - [2025-11-19T18:21:20.850+0000] {dag.py:3096} INFO - Sync 1 DAGs
[2025-11-19T18:21:20.863+0000] {logging_mixin.py:188} INFO - [2025-11-19T18:21:20.863+0000] {dag.py:3954} INFO - Setting next_dagrun for sodai_training_and_scoring to None, run_after=None
[2025-11-19T18:21:20.882+0000] {processor.py:183} INFO - Processing /opt/airflow/dags/sodai_pipeline_dag.py took 0.134 seconds
[2025-11-19T18:21:51.078+0000] {processor.py:161} INFO - Started process (PID=2431) to work on /opt/airflow/dags/sodai_pipeline_dag.py
[2025-11-19T18:21:51.079+0000] {processor.py:830} INFO - Processing file /opt/airflow/dags/sodai_pipeline_dag.py for tasks to queue
[2025-11-19T18:21:51.080+0000] {logging_mixin.py:188} INFO - [2025-11-19T18:21:51.080+0000] {dagbag.py:540} INFO - Filling up the DagBag from /opt/airflow/dags/sodai_pipeline_dag.py
[2025-11-19T18:21:51.097+0000] {processor.py:840} INFO - DAG(s) 'sodai_training_and_scoring' retrieved from /opt/airflow/dags/sodai_pipeline_dag.py
[2025-11-19T18:21:51.124+0000] {logging_mixin.py:188} INFO - [2025-11-19T18:21:51.124+0000] {dag.py:3096} INFO - Sync 1 DAGs
[2025-11-19T18:21:51.134+0000] {logging_mixin.py:188} INFO - [2025-11-19T18:21:51.133+0000] {dag.py:3954} INFO - Setting next_dagrun for sodai_training_and_scoring to None, run_after=None
[2025-11-19T18:21:51.158+0000] {processor.py:183} INFO - Processing /opt/airflow/dags/sodai_pipeline_dag.py took 0.084 seconds
[2025-11-19T18:22:26.322+0000] {processor.py:161} INFO - Started process (PID=2441) to work on /opt/airflow/dags/sodai_pipeline_dag.py
[2025-11-19T18:22:26.323+0000] {processor.py:830} INFO - Processing file /opt/airflow/dags/sodai_pipeline_dag.py for tasks to queue
[2025-11-19T18:22:26.325+0000] {logging_mixin.py:188} INFO - [2025-11-19T18:22:26.324+0000] {dagbag.py:540} INFO - Filling up the DagBag from /opt/airflow/dags/sodai_pipeline_dag.py
[2025-11-19T18:22:26.346+0000] {processor.py:840} INFO - DAG(s) 'sodai_training_and_scoring' retrieved from /opt/airflow/dags/sodai_pipeline_dag.py
[2025-11-19T18:22:26.372+0000] {logging_mixin.py:188} INFO - [2025-11-19T18:22:26.371+0000] {dag.py:3096} INFO - Sync 1 DAGs
[2025-11-19T18:22:26.381+0000] {logging_mixin.py:188} INFO - [2025-11-19T18:22:26.381+0000] {dag.py:3954} INFO - Setting next_dagrun for sodai_training_and_scoring to None, run_after=None
[2025-11-19T18:22:26.400+0000] {processor.py:183} INFO - Processing /opt/airflow/dags/sodai_pipeline_dag.py took 0.085 seconds
[2025-11-19T18:22:57.714+0000] {processor.py:161} INFO - Started process (PID=2451) to work on /opt/airflow/dags/sodai_pipeline_dag.py
[2025-11-19T18:22:57.715+0000] {processor.py:830} INFO - Processing file /opt/airflow/dags/sodai_pipeline_dag.py for tasks to queue
[2025-11-19T18:22:57.717+0000] {logging_mixin.py:188} INFO - [2025-11-19T18:22:57.716+0000] {dagbag.py:540} INFO - Filling up the DagBag from /opt/airflow/dags/sodai_pipeline_dag.py
[2025-11-19T18:22:57.740+0000] {processor.py:840} INFO - DAG(s) 'sodai_training_and_scoring' retrieved from /opt/airflow/dags/sodai_pipeline_dag.py
[2025-11-19T18:22:57.767+0000] {logging_mixin.py:188} INFO - [2025-11-19T18:22:57.767+0000] {dag.py:3096} INFO - Sync 1 DAGs
[2025-11-19T18:22:57.776+0000] {logging_mixin.py:188} INFO - [2025-11-19T18:22:57.776+0000] {dag.py:3954} INFO - Setting next_dagrun for sodai_training_and_scoring to None, run_after=None
[2025-11-19T18:22:57.800+0000] {processor.py:183} INFO - Processing /opt/airflow/dags/sodai_pipeline_dag.py took 0.090 seconds
[2025-11-19T18:23:28.220+0000] {processor.py:161} INFO - Started process (PID=2461) to work on /opt/airflow/dags/sodai_pipeline_dag.py
[2025-11-19T18:23:28.221+0000] {processor.py:830} INFO - Processing file /opt/airflow/dags/sodai_pipeline_dag.py for tasks to queue
[2025-11-19T18:23:28.224+0000] {logging_mixin.py:188} INFO - [2025-11-19T18:23:28.223+0000] {dagbag.py:540} INFO - Filling up the DagBag from /opt/airflow/dags/sodai_pipeline_dag.py
[2025-11-19T18:23:28.245+0000] {processor.py:840} INFO - DAG(s) 'sodai_training_and_scoring' retrieved from /opt/airflow/dags/sodai_pipeline_dag.py
[2025-11-19T18:23:28.272+0000] {logging_mixin.py:188} INFO - [2025-11-19T18:23:28.272+0000] {dag.py:3096} INFO - Sync 1 DAGs
[2025-11-19T18:23:28.284+0000] {logging_mixin.py:188} INFO - [2025-11-19T18:23:28.284+0000] {dag.py:3954} INFO - Setting next_dagrun for sodai_training_and_scoring to None, run_after=None
[2025-11-19T18:23:29.976+0000] {processor.py:183} INFO - Processing /opt/airflow/dags/sodai_pipeline_dag.py took 0.087 seconds
[2025-11-19T18:24:00.408+0000] {processor.py:161} INFO - Started process (PID=2476) to work on /opt/airflow/dags/sodai_pipeline_dag.py
[2025-11-19T18:24:00.410+0000] {processor.py:830} INFO - Processing file /opt/airflow/dags/sodai_pipeline_dag.py for tasks to queue
[2025-11-19T18:24:00.411+0000] {logging_mixin.py:188} INFO - [2025-11-19T18:24:00.411+0000] {dagbag.py:540} INFO - Filling up the DagBag from /opt/airflow/dags/sodai_pipeline_dag.py
[2025-11-19T18:24:00.424+0000] {processor.py:840} INFO - DAG(s) 'sodai_training_and_scoring' retrieved from /opt/airflow/dags/sodai_pipeline_dag.py
[2025-11-19T18:24:00.444+0000] {logging_mixin.py:188} INFO - [2025-11-19T18:24:00.444+0000] {dag.py:3096} INFO - Sync 1 DAGs
[2025-11-19T18:24:00.456+0000] {logging_mixin.py:188} INFO - [2025-11-19T18:24:00.456+0000] {dag.py:3954} INFO - Setting next_dagrun for sodai_training_and_scoring to None, run_after=None
[2025-11-19T18:24:00.478+0000] {processor.py:183} INFO - Processing /opt/airflow/dags/sodai_pipeline_dag.py took 0.074 seconds
[2025-11-19T18:24:31.233+0000] {processor.py:161} INFO - Started process (PID=2486) to work on /opt/airflow/dags/sodai_pipeline_dag.py
[2025-11-19T18:24:31.234+0000] {processor.py:830} INFO - Processing file /opt/airflow/dags/sodai_pipeline_dag.py for tasks to queue
[2025-11-19T18:24:31.236+0000] {logging_mixin.py:188} INFO - [2025-11-19T18:24:31.235+0000] {dagbag.py:540} INFO - Filling up the DagBag from /opt/airflow/dags/sodai_pipeline_dag.py
[2025-11-19T18:24:31.251+0000] {processor.py:840} INFO - DAG(s) 'sodai_training_and_scoring' retrieved from /opt/airflow/dags/sodai_pipeline_dag.py
[2025-11-19T18:24:31.274+0000] {logging_mixin.py:188} INFO - [2025-11-19T18:24:31.274+0000] {dag.py:3096} INFO - Sync 1 DAGs
[2025-11-19T18:24:31.284+0000] {logging_mixin.py:188} INFO - [2025-11-19T18:24:31.284+0000] {dag.py:3954} INFO - Setting next_dagrun for sodai_training_and_scoring to None, run_after=None
[2025-11-19T18:24:31.302+0000] {processor.py:183} INFO - Processing /opt/airflow/dags/sodai_pipeline_dag.py took 0.073 seconds
[2025-11-19T18:25:01.564+0000] {processor.py:161} INFO - Started process (PID=2496) to work on /opt/airflow/dags/sodai_pipeline_dag.py
[2025-11-19T18:25:01.565+0000] {processor.py:830} INFO - Processing file /opt/airflow/dags/sodai_pipeline_dag.py for tasks to queue
[2025-11-19T18:25:01.567+0000] {logging_mixin.py:188} INFO - [2025-11-19T18:25:01.567+0000] {dagbag.py:540} INFO - Filling up the DagBag from /opt/airflow/dags/sodai_pipeline_dag.py
[2025-11-19T18:25:01.582+0000] {processor.py:840} INFO - DAG(s) 'sodai_training_and_scoring' retrieved from /opt/airflow/dags/sodai_pipeline_dag.py
[2025-11-19T18:25:01.602+0000] {logging_mixin.py:188} INFO - [2025-11-19T18:25:01.602+0000] {dag.py:3096} INFO - Sync 1 DAGs
[2025-11-19T18:25:01.611+0000] {logging_mixin.py:188} INFO - [2025-11-19T18:25:01.611+0000] {dag.py:3954} INFO - Setting next_dagrun for sodai_training_and_scoring to None, run_after=None
[2025-11-19T18:25:01.626+0000] {processor.py:183} INFO - Processing /opt/airflow/dags/sodai_pipeline_dag.py took 0.067 seconds
[2025-11-19T18:25:31.912+0000] {processor.py:161} INFO - Started process (PID=2506) to work on /opt/airflow/dags/sodai_pipeline_dag.py
[2025-11-19T18:25:31.912+0000] {processor.py:830} INFO - Processing file /opt/airflow/dags/sodai_pipeline_dag.py for tasks to queue
[2025-11-19T18:25:31.914+0000] {logging_mixin.py:188} INFO - [2025-11-19T18:25:31.914+0000] {dagbag.py:540} INFO - Filling up the DagBag from /opt/airflow/dags/sodai_pipeline_dag.py
[2025-11-19T18:25:31.928+0000] {processor.py:840} INFO - DAG(s) 'sodai_training_and_scoring' retrieved from /opt/airflow/dags/sodai_pipeline_dag.py
[2025-11-19T18:25:31.955+0000] {logging_mixin.py:188} INFO - [2025-11-19T18:25:31.954+0000] {dag.py:3096} INFO - Sync 1 DAGs
[2025-11-19T18:25:31.968+0000] {logging_mixin.py:188} INFO - [2025-11-19T18:25:31.968+0000] {dag.py:3954} INFO - Setting next_dagrun for sodai_training_and_scoring to None, run_after=None
[2025-11-19T18:25:31.998+0000] {processor.py:183} INFO - Processing /opt/airflow/dags/sodai_pipeline_dag.py took 0.090 seconds
[2025-11-19T18:26:02.251+0000] {processor.py:161} INFO - Started process (PID=2516) to work on /opt/airflow/dags/sodai_pipeline_dag.py
[2025-11-19T18:26:02.252+0000] {processor.py:830} INFO - Processing file /opt/airflow/dags/sodai_pipeline_dag.py for tasks to queue
[2025-11-19T18:26:02.254+0000] {logging_mixin.py:188} INFO - [2025-11-19T18:26:02.253+0000] {dagbag.py:540} INFO - Filling up the DagBag from /opt/airflow/dags/sodai_pipeline_dag.py
[2025-11-19T18:26:02.270+0000] {processor.py:840} INFO - DAG(s) 'sodai_training_and_scoring' retrieved from /opt/airflow/dags/sodai_pipeline_dag.py
[2025-11-19T18:26:02.294+0000] {logging_mixin.py:188} INFO - [2025-11-19T18:26:02.294+0000] {dag.py:3096} INFO - Sync 1 DAGs
[2025-11-19T18:26:02.307+0000] {logging_mixin.py:188} INFO - [2025-11-19T18:26:02.307+0000] {dag.py:3954} INFO - Setting next_dagrun for sodai_training_and_scoring to None, run_after=None
[2025-11-19T18:26:02.326+0000] {processor.py:183} INFO - Processing /opt/airflow/dags/sodai_pipeline_dag.py took 0.081 seconds
[2025-11-19T18:26:32.550+0000] {processor.py:161} INFO - Started process (PID=2526) to work on /opt/airflow/dags/sodai_pipeline_dag.py
[2025-11-19T18:26:32.550+0000] {processor.py:830} INFO - Processing file /opt/airflow/dags/sodai_pipeline_dag.py for tasks to queue
[2025-11-19T18:26:32.553+0000] {logging_mixin.py:188} INFO - [2025-11-19T18:26:32.552+0000] {dagbag.py:540} INFO - Filling up the DagBag from /opt/airflow/dags/sodai_pipeline_dag.py
[2025-11-19T18:26:32.566+0000] {processor.py:840} INFO - DAG(s) 'sodai_training_and_scoring' retrieved from /opt/airflow/dags/sodai_pipeline_dag.py
[2025-11-19T18:26:32.588+0000] {logging_mixin.py:188} INFO - [2025-11-19T18:26:32.588+0000] {dag.py:3096} INFO - Sync 1 DAGs
[2025-11-19T18:26:32.600+0000] {logging_mixin.py:188} INFO - [2025-11-19T18:26:32.600+0000] {dag.py:3954} INFO - Setting next_dagrun for sodai_training_and_scoring to None, run_after=None
[2025-11-19T18:26:32.620+0000] {processor.py:183} INFO - Processing /opt/airflow/dags/sodai_pipeline_dag.py took 0.075 seconds
[2025-11-19T18:27:03.463+0000] {processor.py:161} INFO - Started process (PID=2531) to work on /opt/airflow/dags/sodai_pipeline_dag.py
[2025-11-19T18:27:03.464+0000] {processor.py:830} INFO - Processing file /opt/airflow/dags/sodai_pipeline_dag.py for tasks to queue
[2025-11-19T18:27:03.465+0000] {logging_mixin.py:188} INFO - [2025-11-19T18:27:03.465+0000] {dagbag.py:540} INFO - Filling up the DagBag from /opt/airflow/dags/sodai_pipeline_dag.py
[2025-11-19T18:27:03.486+0000] {processor.py:840} INFO - DAG(s) 'sodai_training_and_scoring' retrieved from /opt/airflow/dags/sodai_pipeline_dag.py
[2025-11-19T18:27:03.515+0000] {logging_mixin.py:188} INFO - [2025-11-19T18:27:03.515+0000] {dag.py:3096} INFO - Sync 1 DAGs
[2025-11-19T18:27:03.525+0000] {logging_mixin.py:188} INFO - [2025-11-19T18:27:03.525+0000] {dag.py:3954} INFO - Setting next_dagrun for sodai_training_and_scoring to None, run_after=None
[2025-11-19T18:27:03.544+0000] {processor.py:183} INFO - Processing /opt/airflow/dags/sodai_pipeline_dag.py took 0.085 seconds
[2025-11-19T18:27:34.248+0000] {processor.py:161} INFO - Started process (PID=2541) to work on /opt/airflow/dags/sodai_pipeline_dag.py
[2025-11-19T18:27:34.250+0000] {processor.py:830} INFO - Processing file /opt/airflow/dags/sodai_pipeline_dag.py for tasks to queue
[2025-11-19T18:27:34.252+0000] {logging_mixin.py:188} INFO - [2025-11-19T18:27:34.251+0000] {dagbag.py:540} INFO - Filling up the DagBag from /opt/airflow/dags/sodai_pipeline_dag.py
[2025-11-19T18:27:34.277+0000] {processor.py:840} INFO - DAG(s) 'sodai_training_and_scoring' retrieved from /opt/airflow/dags/sodai_pipeline_dag.py
[2025-11-19T18:27:34.307+0000] {logging_mixin.py:188} INFO - [2025-11-19T18:27:34.306+0000] {dag.py:3096} INFO - Sync 1 DAGs
[2025-11-19T18:27:34.318+0000] {logging_mixin.py:188} INFO - [2025-11-19T18:27:34.317+0000] {dag.py:3954} INFO - Setting next_dagrun for sodai_training_and_scoring to None, run_after=None
[2025-11-19T18:27:34.335+0000] {processor.py:183} INFO - Processing /opt/airflow/dags/sodai_pipeline_dag.py took 0.094 seconds
[2025-11-19T18:28:05.308+0000] {processor.py:161} INFO - Started process (PID=2551) to work on /opt/airflow/dags/sodai_pipeline_dag.py
[2025-11-19T18:28:05.309+0000] {processor.py:830} INFO - Processing file /opt/airflow/dags/sodai_pipeline_dag.py for tasks to queue
[2025-11-19T18:28:05.311+0000] {logging_mixin.py:188} INFO - [2025-11-19T18:28:05.311+0000] {dagbag.py:540} INFO - Filling up the DagBag from /opt/airflow/dags/sodai_pipeline_dag.py
[2025-11-19T18:28:05.327+0000] {processor.py:840} INFO - DAG(s) 'sodai_training_and_scoring' retrieved from /opt/airflow/dags/sodai_pipeline_dag.py
[2025-11-19T18:28:05.354+0000] {logging_mixin.py:188} INFO - [2025-11-19T18:28:05.353+0000] {dag.py:3096} INFO - Sync 1 DAGs
[2025-11-19T18:28:05.364+0000] {logging_mixin.py:188} INFO - [2025-11-19T18:28:05.364+0000] {dag.py:3954} INFO - Setting next_dagrun for sodai_training_and_scoring to None, run_after=None
[2025-11-19T18:28:05.382+0000] {processor.py:183} INFO - Processing /opt/airflow/dags/sodai_pipeline_dag.py took 0.079 seconds
[2025-11-19T18:28:35.491+0000] {processor.py:161} INFO - Started process (PID=2566) to work on /opt/airflow/dags/sodai_pipeline_dag.py
[2025-11-19T18:28:35.492+0000] {processor.py:830} INFO - Processing file /opt/airflow/dags/sodai_pipeline_dag.py for tasks to queue
[2025-11-19T18:28:35.494+0000] {logging_mixin.py:188} INFO - [2025-11-19T18:28:35.493+0000] {dagbag.py:540} INFO - Filling up the DagBag from /opt/airflow/dags/sodai_pipeline_dag.py
[2025-11-19T18:28:35.509+0000] {processor.py:840} INFO - DAG(s) 'sodai_training_and_scoring' retrieved from /opt/airflow/dags/sodai_pipeline_dag.py
[2025-11-19T18:28:35.560+0000] {logging_mixin.py:188} INFO - [2025-11-19T18:28:35.560+0000] {dag.py:3096} INFO - Sync 1 DAGs
[2025-11-19T18:28:35.588+0000] {logging_mixin.py:188} INFO - [2025-11-19T18:28:35.588+0000] {dag.py:3954} INFO - Setting next_dagrun for sodai_training_and_scoring to None, run_after=None
[2025-11-19T18:28:35.628+0000] {processor.py:183} INFO - Processing /opt/airflow/dags/sodai_pipeline_dag.py took 0.142 seconds
[2025-11-19T18:29:06.512+0000] {processor.py:161} INFO - Started process (PID=2576) to work on /opt/airflow/dags/sodai_pipeline_dag.py
[2025-11-19T18:29:06.513+0000] {processor.py:830} INFO - Processing file /opt/airflow/dags/sodai_pipeline_dag.py for tasks to queue
[2025-11-19T18:29:06.514+0000] {logging_mixin.py:188} INFO - [2025-11-19T18:29:06.514+0000] {dagbag.py:540} INFO - Filling up the DagBag from /opt/airflow/dags/sodai_pipeline_dag.py
[2025-11-19T18:29:06.527+0000] {processor.py:840} INFO - DAG(s) 'sodai_training_and_scoring' retrieved from /opt/airflow/dags/sodai_pipeline_dag.py
[2025-11-19T18:29:06.549+0000] {logging_mixin.py:188} INFO - [2025-11-19T18:29:06.549+0000] {dag.py:3096} INFO - Sync 1 DAGs
[2025-11-19T18:29:06.561+0000] {logging_mixin.py:188} INFO - [2025-11-19T18:29:06.561+0000] {dag.py:3954} INFO - Setting next_dagrun for sodai_training_and_scoring to None, run_after=None
[2025-11-19T18:29:06.581+0000] {processor.py:183} INFO - Processing /opt/airflow/dags/sodai_pipeline_dag.py took 0.073 seconds
[2025-11-19T18:29:36.909+0000] {processor.py:161} INFO - Started process (PID=2586) to work on /opt/airflow/dags/sodai_pipeline_dag.py
[2025-11-19T18:29:36.910+0000] {processor.py:830} INFO - Processing file /opt/airflow/dags/sodai_pipeline_dag.py for tasks to queue
[2025-11-19T18:29:36.912+0000] {logging_mixin.py:188} INFO - [2025-11-19T18:29:36.912+0000] {dagbag.py:540} INFO - Filling up the DagBag from /opt/airflow/dags/sodai_pipeline_dag.py
[2025-11-19T18:29:36.926+0000] {processor.py:840} INFO - DAG(s) 'sodai_training_and_scoring' retrieved from /opt/airflow/dags/sodai_pipeline_dag.py
[2025-11-19T18:29:36.950+0000] {logging_mixin.py:188} INFO - [2025-11-19T18:29:36.949+0000] {dag.py:3096} INFO - Sync 1 DAGs
[2025-11-19T18:29:36.960+0000] {logging_mixin.py:188} INFO - [2025-11-19T18:29:36.960+0000] {dag.py:3954} INFO - Setting next_dagrun for sodai_training_and_scoring to None, run_after=None
[2025-11-19T18:29:36.982+0000] {processor.py:183} INFO - Processing /opt/airflow/dags/sodai_pipeline_dag.py took 0.077 seconds
[2025-11-19T18:29:54.031+0000] {processor.py:161} INFO - Started process (PID=2591) to work on /opt/airflow/dags/sodai_pipeline_dag.py
[2025-11-19T18:29:54.033+0000] {processor.py:830} INFO - Processing file /opt/airflow/dags/sodai_pipeline_dag.py for tasks to queue
[2025-11-19T18:29:54.034+0000] {logging_mixin.py:188} INFO - [2025-11-19T18:29:54.034+0000] {dagbag.py:540} INFO - Filling up the DagBag from /opt/airflow/dags/sodai_pipeline_dag.py
[2025-11-19T18:29:54.070+0000] {processor.py:840} INFO - DAG(s) 'sodai_training_and_scoring' retrieved from /opt/airflow/dags/sodai_pipeline_dag.py
[2025-11-19T18:29:54.288+0000] {logging_mixin.py:188} INFO - [2025-11-19T18:29:54.287+0000] {dag.py:3096} INFO - Sync 1 DAGs
[2025-11-19T18:29:54.296+0000] {logging_mixin.py:188} INFO - [2025-11-19T18:29:54.296+0000] {dag.py:3954} INFO - Setting next_dagrun for sodai_training_and_scoring to None, run_after=None
[2025-11-19T18:29:54.323+0000] {processor.py:183} INFO - Processing /opt/airflow/dags/sodai_pipeline_dag.py took 0.296 seconds
[2025-11-19T18:32:30.805+0000] {processor.py:161} INFO - Started process (PID=220) to work on /opt/airflow/dags/sodai_pipeline_dag.py
[2025-11-19T18:32:30.807+0000] {processor.py:830} INFO - Processing file /opt/airflow/dags/sodai_pipeline_dag.py for tasks to queue
[2025-11-19T18:32:30.810+0000] {logging_mixin.py:188} INFO - [2025-11-19T18:32:30.809+0000] {dagbag.py:540} INFO - Filling up the DagBag from /opt/airflow/dags/sodai_pipeline_dag.py
[2025-11-19T18:32:30.848+0000] {processor.py:840} INFO - DAG(s) 'sodai_training_and_scoring' retrieved from /opt/airflow/dags/sodai_pipeline_dag.py
[2025-11-19T18:32:30.911+0000] {logging_mixin.py:188} INFO - [2025-11-19T18:32:30.910+0000] {dag.py:3096} INFO - Sync 1 DAGs
[2025-11-19T18:32:30.922+0000] {logging_mixin.py:188} INFO - [2025-11-19T18:32:30.922+0000] {dag.py:3954} INFO - Setting next_dagrun for sodai_training_and_scoring to None, run_after=None
[2025-11-19T18:32:30.942+0000] {processor.py:183} INFO - Processing /opt/airflow/dags/sodai_pipeline_dag.py took 0.145 seconds
[2025-11-19T18:33:01.101+0000] {processor.py:161} INFO - Started process (PID=230) to work on /opt/airflow/dags/sodai_pipeline_dag.py
[2025-11-19T18:33:01.103+0000] {processor.py:830} INFO - Processing file /opt/airflow/dags/sodai_pipeline_dag.py for tasks to queue
[2025-11-19T18:33:01.105+0000] {logging_mixin.py:188} INFO - [2025-11-19T18:33:01.104+0000] {dagbag.py:540} INFO - Filling up the DagBag from /opt/airflow/dags/sodai_pipeline_dag.py
[2025-11-19T18:33:01.123+0000] {processor.py:840} INFO - DAG(s) 'sodai_training_and_scoring' retrieved from /opt/airflow/dags/sodai_pipeline_dag.py
[2025-11-19T18:33:01.146+0000] {logging_mixin.py:188} INFO - [2025-11-19T18:33:01.145+0000] {dag.py:3096} INFO - Sync 1 DAGs
[2025-11-19T18:33:01.155+0000] {logging_mixin.py:188} INFO - [2025-11-19T18:33:01.154+0000] {dag.py:3954} INFO - Setting next_dagrun for sodai_training_and_scoring to None, run_after=None
[2025-11-19T18:33:01.172+0000] {processor.py:183} INFO - Processing /opt/airflow/dags/sodai_pipeline_dag.py took 0.076 seconds
[2025-11-19T18:33:31.214+0000] {processor.py:161} INFO - Started process (PID=243) to work on /opt/airflow/dags/sodai_pipeline_dag.py
[2025-11-19T18:33:31.215+0000] {processor.py:830} INFO - Processing file /opt/airflow/dags/sodai_pipeline_dag.py for tasks to queue
[2025-11-19T18:33:31.216+0000] {logging_mixin.py:188} INFO - [2025-11-19T18:33:31.216+0000] {dagbag.py:540} INFO - Filling up the DagBag from /opt/airflow/dags/sodai_pipeline_dag.py
[2025-11-19T18:33:31.233+0000] {processor.py:840} INFO - DAG(s) 'sodai_training_and_scoring' retrieved from /opt/airflow/dags/sodai_pipeline_dag.py
[2025-11-19T18:33:31.253+0000] {logging_mixin.py:188} INFO - [2025-11-19T18:33:31.252+0000] {dag.py:3096} INFO - Sync 1 DAGs
[2025-11-19T18:33:31.261+0000] {logging_mixin.py:188} INFO - [2025-11-19T18:33:31.261+0000] {dag.py:3954} INFO - Setting next_dagrun for sodai_training_and_scoring to None, run_after=None
[2025-11-19T18:33:31.278+0000] {processor.py:183} INFO - Processing /opt/airflow/dags/sodai_pipeline_dag.py took 0.070 seconds
[2025-11-19T18:34:02.233+0000] {processor.py:161} INFO - Started process (PID=250) to work on /opt/airflow/dags/sodai_pipeline_dag.py
[2025-11-19T18:34:02.234+0000] {processor.py:830} INFO - Processing file /opt/airflow/dags/sodai_pipeline_dag.py for tasks to queue
[2025-11-19T18:34:02.236+0000] {logging_mixin.py:188} INFO - [2025-11-19T18:34:02.235+0000] {dagbag.py:540} INFO - Filling up the DagBag from /opt/airflow/dags/sodai_pipeline_dag.py
[2025-11-19T18:34:02.258+0000] {processor.py:840} INFO - DAG(s) 'sodai_training_and_scoring' retrieved from /opt/airflow/dags/sodai_pipeline_dag.py
[2025-11-19T18:34:02.287+0000] {logging_mixin.py:188} INFO - [2025-11-19T18:34:02.287+0000] {dag.py:3096} INFO - Sync 1 DAGs
[2025-11-19T18:34:02.299+0000] {logging_mixin.py:188} INFO - [2025-11-19T18:34:02.299+0000] {dag.py:3954} INFO - Setting next_dagrun for sodai_training_and_scoring to None, run_after=None
[2025-11-19T18:34:02.320+0000] {processor.py:183} INFO - Processing /opt/airflow/dags/sodai_pipeline_dag.py took 0.092 seconds
[2025-11-19T18:34:32.419+0000] {processor.py:161} INFO - Started process (PID=260) to work on /opt/airflow/dags/sodai_pipeline_dag.py
[2025-11-19T18:34:32.420+0000] {processor.py:830} INFO - Processing file /opt/airflow/dags/sodai_pipeline_dag.py for tasks to queue
[2025-11-19T18:34:32.421+0000] {logging_mixin.py:188} INFO - [2025-11-19T18:34:32.421+0000] {dagbag.py:540} INFO - Filling up the DagBag from /opt/airflow/dags/sodai_pipeline_dag.py
[2025-11-19T18:34:32.439+0000] {processor.py:840} INFO - DAG(s) 'sodai_training_and_scoring' retrieved from /opt/airflow/dags/sodai_pipeline_dag.py
[2025-11-19T18:34:32.462+0000] {logging_mixin.py:188} INFO - [2025-11-19T18:34:32.462+0000] {dag.py:3096} INFO - Sync 1 DAGs
[2025-11-19T18:34:32.472+0000] {logging_mixin.py:188} INFO - [2025-11-19T18:34:32.472+0000] {dag.py:3954} INFO - Setting next_dagrun for sodai_training_and_scoring to None, run_after=None
[2025-11-19T18:34:32.493+0000] {processor.py:183} INFO - Processing /opt/airflow/dags/sodai_pipeline_dag.py took 0.079 seconds
[2025-11-19T18:35:02.537+0000] {processor.py:161} INFO - Started process (PID=273) to work on /opt/airflow/dags/sodai_pipeline_dag.py
[2025-11-19T18:35:02.538+0000] {processor.py:830} INFO - Processing file /opt/airflow/dags/sodai_pipeline_dag.py for tasks to queue
[2025-11-19T18:35:02.540+0000] {logging_mixin.py:188} INFO - [2025-11-19T18:35:02.539+0000] {dagbag.py:540} INFO - Filling up the DagBag from /opt/airflow/dags/sodai_pipeline_dag.py
[2025-11-19T18:35:02.559+0000] {processor.py:840} INFO - DAG(s) 'sodai_training_and_scoring' retrieved from /opt/airflow/dags/sodai_pipeline_dag.py
[2025-11-19T18:35:02.581+0000] {logging_mixin.py:188} INFO - [2025-11-19T18:35:02.581+0000] {dag.py:3096} INFO - Sync 1 DAGs
[2025-11-19T18:35:02.590+0000] {logging_mixin.py:188} INFO - [2025-11-19T18:35:02.590+0000] {dag.py:3954} INFO - Setting next_dagrun for sodai_training_and_scoring to None, run_after=None
[2025-11-19T18:35:02.607+0000] {processor.py:183} INFO - Processing /opt/airflow/dags/sodai_pipeline_dag.py took 0.078 seconds
[2025-11-19T18:35:35.643+0000] {processor.py:161} INFO - Started process (PID=280) to work on /opt/airflow/dags/sodai_pipeline_dag.py
[2025-11-19T18:35:35.644+0000] {processor.py:830} INFO - Processing file /opt/airflow/dags/sodai_pipeline_dag.py for tasks to queue
[2025-11-19T18:35:35.645+0000] {logging_mixin.py:188} INFO - [2025-11-19T18:35:35.645+0000] {dagbag.py:540} INFO - Filling up the DagBag from /opt/airflow/dags/sodai_pipeline_dag.py
[2025-11-19T18:35:35.664+0000] {processor.py:840} INFO - DAG(s) 'sodai_training_and_scoring' retrieved from /opt/airflow/dags/sodai_pipeline_dag.py
[2025-11-19T18:35:35.688+0000] {logging_mixin.py:188} INFO - [2025-11-19T18:35:35.688+0000] {dag.py:3096} INFO - Sync 1 DAGs
[2025-11-19T18:35:35.698+0000] {logging_mixin.py:188} INFO - [2025-11-19T18:35:35.698+0000] {dag.py:3954} INFO - Setting next_dagrun for sodai_training_and_scoring to None, run_after=None
[2025-11-19T18:35:35.713+0000] {processor.py:183} INFO - Processing /opt/airflow/dags/sodai_pipeline_dag.py took 0.075 seconds
[2025-11-19T18:36:08.727+0000] {processor.py:161} INFO - Started process (PID=290) to work on /opt/airflow/dags/sodai_pipeline_dag.py
[2025-11-19T18:36:08.728+0000] {processor.py:830} INFO - Processing file /opt/airflow/dags/sodai_pipeline_dag.py for tasks to queue
[2025-11-19T18:36:08.730+0000] {logging_mixin.py:188} INFO - [2025-11-19T18:36:08.730+0000] {dagbag.py:540} INFO - Filling up the DagBag from /opt/airflow/dags/sodai_pipeline_dag.py
[2025-11-19T18:36:08.748+0000] {processor.py:840} INFO - DAG(s) 'sodai_training_and_scoring' retrieved from /opt/airflow/dags/sodai_pipeline_dag.py
[2025-11-19T18:36:08.777+0000] {logging_mixin.py:188} INFO - [2025-11-19T18:36:08.777+0000] {dag.py:3096} INFO - Sync 1 DAGs
[2025-11-19T18:36:08.786+0000] {logging_mixin.py:188} INFO - [2025-11-19T18:36:08.786+0000] {dag.py:3954} INFO - Setting next_dagrun for sodai_training_and_scoring to None, run_after=None
[2025-11-19T18:36:08.804+0000] {processor.py:183} INFO - Processing /opt/airflow/dags/sodai_pipeline_dag.py took 0.081 seconds
[2025-11-19T18:36:39.048+0000] {processor.py:161} INFO - Started process (PID=300) to work on /opt/airflow/dags/sodai_pipeline_dag.py
[2025-11-19T18:36:39.049+0000] {processor.py:830} INFO - Processing file /opt/airflow/dags/sodai_pipeline_dag.py for tasks to queue
[2025-11-19T18:36:39.051+0000] {logging_mixin.py:188} INFO - [2025-11-19T18:36:39.050+0000] {dagbag.py:540} INFO - Filling up the DagBag from /opt/airflow/dags/sodai_pipeline_dag.py
[2025-11-19T18:36:39.069+0000] {processor.py:840} INFO - DAG(s) 'sodai_training_and_scoring' retrieved from /opt/airflow/dags/sodai_pipeline_dag.py
[2025-11-19T18:36:40.994+0000] {logging_mixin.py:188} INFO - [2025-11-19T18:36:40.994+0000] {dag.py:3096} INFO - Sync 1 DAGs
[2025-11-19T18:36:41.007+0000] {logging_mixin.py:188} INFO - [2025-11-19T18:36:41.007+0000] {dag.py:3954} INFO - Setting next_dagrun for sodai_training_and_scoring to None, run_after=None
[2025-11-19T18:36:41.028+0000] {processor.py:183} INFO - Processing /opt/airflow/dags/sodai_pipeline_dag.py took 0.092 seconds
[2025-11-19T18:37:14.184+0000] {processor.py:161} INFO - Started process (PID=310) to work on /opt/airflow/dags/sodai_pipeline_dag.py
[2025-11-19T18:37:14.185+0000] {processor.py:830} INFO - Processing file /opt/airflow/dags/sodai_pipeline_dag.py for tasks to queue
[2025-11-19T18:37:14.188+0000] {logging_mixin.py:188} INFO - [2025-11-19T18:37:14.187+0000] {dagbag.py:540} INFO - Filling up the DagBag from /opt/airflow/dags/sodai_pipeline_dag.py
[2025-11-19T18:37:14.206+0000] {processor.py:840} INFO - DAG(s) 'sodai_training_and_scoring' retrieved from /opt/airflow/dags/sodai_pipeline_dag.py
[2025-11-19T18:37:14.234+0000] {logging_mixin.py:188} INFO - [2025-11-19T18:37:14.234+0000] {dag.py:3096} INFO - Sync 1 DAGs
[2025-11-19T18:37:14.247+0000] {logging_mixin.py:188} INFO - [2025-11-19T18:37:14.247+0000] {dag.py:3954} INFO - Setting next_dagrun for sodai_training_and_scoring to None, run_after=None
[2025-11-19T18:37:14.266+0000] {processor.py:183} INFO - Processing /opt/airflow/dags/sodai_pipeline_dag.py took 0.088 seconds
[2025-11-19T18:37:47.496+0000] {processor.py:161} INFO - Started process (PID=320) to work on /opt/airflow/dags/sodai_pipeline_dag.py
[2025-11-19T18:37:47.497+0000] {processor.py:830} INFO - Processing file /opt/airflow/dags/sodai_pipeline_dag.py for tasks to queue
[2025-11-19T18:37:47.499+0000] {logging_mixin.py:188} INFO - [2025-11-19T18:37:47.499+0000] {dagbag.py:540} INFO - Filling up the DagBag from /opt/airflow/dags/sodai_pipeline_dag.py
[2025-11-19T18:37:47.520+0000] {processor.py:840} INFO - DAG(s) 'sodai_training_and_scoring' retrieved from /opt/airflow/dags/sodai_pipeline_dag.py
[2025-11-19T18:37:47.550+0000] {logging_mixin.py:188} INFO - [2025-11-19T18:37:47.550+0000] {dag.py:3096} INFO - Sync 1 DAGs
[2025-11-19T18:37:47.564+0000] {logging_mixin.py:188} INFO - [2025-11-19T18:37:47.563+0000] {dag.py:3954} INFO - Setting next_dagrun for sodai_training_and_scoring to None, run_after=None
[2025-11-19T18:37:47.581+0000] {processor.py:183} INFO - Processing /opt/airflow/dags/sodai_pipeline_dag.py took 0.091 seconds
[2025-11-19T18:38:17.743+0000] {processor.py:161} INFO - Started process (PID=330) to work on /opt/airflow/dags/sodai_pipeline_dag.py
[2025-11-19T18:38:17.744+0000] {processor.py:830} INFO - Processing file /opt/airflow/dags/sodai_pipeline_dag.py for tasks to queue
[2025-11-19T18:38:17.745+0000] {logging_mixin.py:188} INFO - [2025-11-19T18:38:17.745+0000] {dagbag.py:540} INFO - Filling up the DagBag from /opt/airflow/dags/sodai_pipeline_dag.py
[2025-11-19T18:38:17.765+0000] {processor.py:840} INFO - DAG(s) 'sodai_training_and_scoring' retrieved from /opt/airflow/dags/sodai_pipeline_dag.py
[2025-11-19T18:38:17.800+0000] {logging_mixin.py:188} INFO - [2025-11-19T18:38:17.800+0000] {dag.py:3096} INFO - Sync 1 DAGs
[2025-11-19T18:38:17.816+0000] {logging_mixin.py:188} INFO - [2025-11-19T18:38:17.816+0000] {dag.py:3954} INFO - Setting next_dagrun for sodai_training_and_scoring to None, run_after=None
[2025-11-19T18:38:17.835+0000] {processor.py:183} INFO - Processing /opt/airflow/dags/sodai_pipeline_dag.py took 0.097 seconds
[2025-11-19T18:38:52.924+0000] {processor.py:161} INFO - Started process (PID=345) to work on /opt/airflow/dags/sodai_pipeline_dag.py
[2025-11-19T18:38:52.926+0000] {processor.py:830} INFO - Processing file /opt/airflow/dags/sodai_pipeline_dag.py for tasks to queue
[2025-11-19T18:38:52.928+0000] {logging_mixin.py:188} INFO - [2025-11-19T18:38:52.927+0000] {dagbag.py:540} INFO - Filling up the DagBag from /opt/airflow/dags/sodai_pipeline_dag.py
[2025-11-19T18:38:52.944+0000] {processor.py:840} INFO - DAG(s) 'sodai_training_and_scoring' retrieved from /opt/airflow/dags/sodai_pipeline_dag.py
[2025-11-19T18:38:52.969+0000] {logging_mixin.py:188} INFO - [2025-11-19T18:38:52.969+0000] {dag.py:3096} INFO - Sync 1 DAGs
[2025-11-19T18:38:52.980+0000] {logging_mixin.py:188} INFO - [2025-11-19T18:38:52.979+0000] {dag.py:3954} INFO - Setting next_dagrun for sodai_training_and_scoring to None, run_after=None
[2025-11-19T18:38:52.998+0000] {processor.py:183} INFO - Processing /opt/airflow/dags/sodai_pipeline_dag.py took 0.078 seconds
[2025-11-19T18:39:26.105+0000] {processor.py:161} INFO - Started process (PID=355) to work on /opt/airflow/dags/sodai_pipeline_dag.py
[2025-11-19T18:39:26.105+0000] {processor.py:830} INFO - Processing file /opt/airflow/dags/sodai_pipeline_dag.py for tasks to queue
[2025-11-19T18:39:26.107+0000] {logging_mixin.py:188} INFO - [2025-11-19T18:39:26.107+0000] {dagbag.py:540} INFO - Filling up the DagBag from /opt/airflow/dags/sodai_pipeline_dag.py
[2025-11-19T18:39:26.123+0000] {processor.py:840} INFO - DAG(s) 'sodai_training_and_scoring' retrieved from /opt/airflow/dags/sodai_pipeline_dag.py
[2025-11-19T18:39:26.149+0000] {logging_mixin.py:188} INFO - [2025-11-19T18:39:26.149+0000] {dag.py:3096} INFO - Sync 1 DAGs
[2025-11-19T18:39:26.166+0000] {logging_mixin.py:188} INFO - [2025-11-19T18:39:26.166+0000] {dag.py:3954} INFO - Setting next_dagrun for sodai_training_and_scoring to None, run_after=None
[2025-11-19T18:39:26.187+0000] {processor.py:183} INFO - Processing /opt/airflow/dags/sodai_pipeline_dag.py took 0.087 seconds
[2025-11-19T18:39:59.236+0000] {processor.py:161} INFO - Started process (PID=365) to work on /opt/airflow/dags/sodai_pipeline_dag.py
[2025-11-19T18:39:59.238+0000] {processor.py:830} INFO - Processing file /opt/airflow/dags/sodai_pipeline_dag.py for tasks to queue
[2025-11-19T18:39:59.239+0000] {logging_mixin.py:188} INFO - [2025-11-19T18:39:59.239+0000] {dagbag.py:540} INFO - Filling up the DagBag from /opt/airflow/dags/sodai_pipeline_dag.py
[2025-11-19T18:39:59.253+0000] {processor.py:840} INFO - DAG(s) 'sodai_training_and_scoring' retrieved from /opt/airflow/dags/sodai_pipeline_dag.py
[2025-11-19T18:39:59.284+0000] {logging_mixin.py:188} INFO - [2025-11-19T18:39:59.284+0000] {dag.py:3096} INFO - Sync 1 DAGs
[2025-11-19T18:39:59.298+0000] {logging_mixin.py:188} INFO - [2025-11-19T18:39:59.298+0000] {dag.py:3954} INFO - Setting next_dagrun for sodai_training_and_scoring to None, run_after=None
[2025-11-19T18:39:59.318+0000] {processor.py:183} INFO - Processing /opt/airflow/dags/sodai_pipeline_dag.py took 0.086 seconds
[2025-11-19T18:40:29.706+0000] {processor.py:161} INFO - Started process (PID=375) to work on /opt/airflow/dags/sodai_pipeline_dag.py
[2025-11-19T18:40:29.707+0000] {processor.py:830} INFO - Processing file /opt/airflow/dags/sodai_pipeline_dag.py for tasks to queue
[2025-11-19T18:40:29.709+0000] {logging_mixin.py:188} INFO - [2025-11-19T18:40:29.709+0000] {dagbag.py:540} INFO - Filling up the DagBag from /opt/airflow/dags/sodai_pipeline_dag.py
[2025-11-19T18:40:29.725+0000] {processor.py:840} INFO - DAG(s) 'sodai_training_and_scoring' retrieved from /opt/airflow/dags/sodai_pipeline_dag.py
[2025-11-19T18:40:29.751+0000] {logging_mixin.py:188} INFO - [2025-11-19T18:40:29.751+0000] {dag.py:3096} INFO - Sync 1 DAGs
[2025-11-19T18:40:29.763+0000] {logging_mixin.py:188} INFO - [2025-11-19T18:40:29.762+0000] {dag.py:3954} INFO - Setting next_dagrun for sodai_training_and_scoring to None, run_after=None
[2025-11-19T18:40:29.783+0000] {processor.py:183} INFO - Processing /opt/airflow/dags/sodai_pipeline_dag.py took 0.082 seconds
[2025-11-19T18:40:59.829+0000] {processor.py:161} INFO - Started process (PID=385) to work on /opt/airflow/dags/sodai_pipeline_dag.py
[2025-11-19T18:40:59.830+0000] {processor.py:830} INFO - Processing file /opt/airflow/dags/sodai_pipeline_dag.py for tasks to queue
[2025-11-19T18:40:59.833+0000] {logging_mixin.py:188} INFO - [2025-11-19T18:40:59.832+0000] {dagbag.py:540} INFO - Filling up the DagBag from /opt/airflow/dags/sodai_pipeline_dag.py
[2025-11-19T18:40:59.852+0000] {processor.py:840} INFO - DAG(s) 'sodai_training_and_scoring' retrieved from /opt/airflow/dags/sodai_pipeline_dag.py
[2025-11-19T18:40:59.879+0000] {logging_mixin.py:188} INFO - [2025-11-19T18:40:59.879+0000] {dag.py:3096} INFO - Sync 1 DAGs
[2025-11-19T18:40:59.894+0000] {logging_mixin.py:188} INFO - [2025-11-19T18:40:59.893+0000] {dag.py:3954} INFO - Setting next_dagrun for sodai_training_and_scoring to None, run_after=None
[2025-11-19T18:40:59.916+0000] {processor.py:183} INFO - Processing /opt/airflow/dags/sodai_pipeline_dag.py took 0.092 seconds
[2025-11-19T18:41:30.033+0000] {processor.py:161} INFO - Started process (PID=395) to work on /opt/airflow/dags/sodai_pipeline_dag.py
[2025-11-19T18:41:30.034+0000] {processor.py:830} INFO - Processing file /opt/airflow/dags/sodai_pipeline_dag.py for tasks to queue
[2025-11-19T18:41:30.037+0000] {logging_mixin.py:188} INFO - [2025-11-19T18:41:30.036+0000] {dagbag.py:540} INFO - Filling up the DagBag from /opt/airflow/dags/sodai_pipeline_dag.py
[2025-11-19T18:41:30.059+0000] {processor.py:840} INFO - DAG(s) 'sodai_training_and_scoring' retrieved from /opt/airflow/dags/sodai_pipeline_dag.py
[2025-11-19T18:41:30.091+0000] {logging_mixin.py:188} INFO - [2025-11-19T18:41:30.091+0000] {dag.py:3096} INFO - Sync 1 DAGs
[2025-11-19T18:41:30.106+0000] {logging_mixin.py:188} INFO - [2025-11-19T18:41:30.105+0000] {dag.py:3954} INFO - Setting next_dagrun for sodai_training_and_scoring to None, run_after=None
[2025-11-19T18:41:30.125+0000] {processor.py:183} INFO - Processing /opt/airflow/dags/sodai_pipeline_dag.py took 0.099 seconds
[2025-11-19T18:42:00.428+0000] {processor.py:161} INFO - Started process (PID=405) to work on /opt/airflow/dags/sodai_pipeline_dag.py
[2025-11-19T18:42:00.429+0000] {processor.py:830} INFO - Processing file /opt/airflow/dags/sodai_pipeline_dag.py for tasks to queue
[2025-11-19T18:42:00.431+0000] {logging_mixin.py:188} INFO - [2025-11-19T18:42:00.431+0000] {dagbag.py:540} INFO - Filling up the DagBag from /opt/airflow/dags/sodai_pipeline_dag.py
[2025-11-19T18:42:00.454+0000] {processor.py:840} INFO - DAG(s) 'sodai_training_and_scoring' retrieved from /opt/airflow/dags/sodai_pipeline_dag.py
[2025-11-19T18:42:00.480+0000] {logging_mixin.py:188} INFO - [2025-11-19T18:42:00.479+0000] {dag.py:3096} INFO - Sync 1 DAGs
[2025-11-19T18:42:00.493+0000] {logging_mixin.py:188} INFO - [2025-11-19T18:42:00.493+0000] {dag.py:3954} INFO - Setting next_dagrun for sodai_training_and_scoring to None, run_after=None
[2025-11-19T18:42:00.512+0000] {processor.py:183} INFO - Processing /opt/airflow/dags/sodai_pipeline_dag.py took 0.090 seconds
[2025-11-19T18:42:30.551+0000] {processor.py:161} INFO - Started process (PID=415) to work on /opt/airflow/dags/sodai_pipeline_dag.py
[2025-11-19T18:42:30.552+0000] {processor.py:830} INFO - Processing file /opt/airflow/dags/sodai_pipeline_dag.py for tasks to queue
[2025-11-19T18:42:30.554+0000] {logging_mixin.py:188} INFO - [2025-11-19T18:42:30.554+0000] {dagbag.py:540} INFO - Filling up the DagBag from /opt/airflow/dags/sodai_pipeline_dag.py
[2025-11-19T18:42:30.571+0000] {processor.py:840} INFO - DAG(s) 'sodai_training_and_scoring' retrieved from /opt/airflow/dags/sodai_pipeline_dag.py
[2025-11-19T18:42:30.599+0000] {logging_mixin.py:188} INFO - [2025-11-19T18:42:30.598+0000] {dag.py:3096} INFO - Sync 1 DAGs
[2025-11-19T18:42:30.609+0000] {logging_mixin.py:188} INFO - [2025-11-19T18:42:30.609+0000] {dag.py:3954} INFO - Setting next_dagrun for sodai_training_and_scoring to None, run_after=None
[2025-11-19T18:42:30.625+0000] {processor.py:183} INFO - Processing /opt/airflow/dags/sodai_pipeline_dag.py took 0.079 seconds
[2025-11-19T18:43:00.877+0000] {processor.py:161} INFO - Started process (PID=425) to work on /opt/airflow/dags/sodai_pipeline_dag.py
[2025-11-19T18:43:00.879+0000] {processor.py:830} INFO - Processing file /opt/airflow/dags/sodai_pipeline_dag.py for tasks to queue
[2025-11-19T18:43:00.882+0000] {logging_mixin.py:188} INFO - [2025-11-19T18:43:00.881+0000] {dagbag.py:540} INFO - Filling up the DagBag from /opt/airflow/dags/sodai_pipeline_dag.py
[2025-11-19T18:43:00.898+0000] {processor.py:840} INFO - DAG(s) 'sodai_training_and_scoring' retrieved from /opt/airflow/dags/sodai_pipeline_dag.py
[2025-11-19T18:43:00.919+0000] {logging_mixin.py:188} INFO - [2025-11-19T18:43:00.919+0000] {dag.py:3096} INFO - Sync 1 DAGs
[2025-11-19T18:43:00.930+0000] {logging_mixin.py:188} INFO - [2025-11-19T18:43:00.929+0000] {dag.py:3954} INFO - Setting next_dagrun for sodai_training_and_scoring to None, run_after=None
[2025-11-19T18:43:00.948+0000] {processor.py:183} INFO - Processing /opt/airflow/dags/sodai_pipeline_dag.py took 0.076 seconds
[2025-11-19T18:43:31.101+0000] {processor.py:161} INFO - Started process (PID=435) to work on /opt/airflow/dags/sodai_pipeline_dag.py
[2025-11-19T18:43:31.102+0000] {processor.py:830} INFO - Processing file /opt/airflow/dags/sodai_pipeline_dag.py for tasks to queue
[2025-11-19T18:43:31.104+0000] {logging_mixin.py:188} INFO - [2025-11-19T18:43:31.104+0000] {dagbag.py:540} INFO - Filling up the DagBag from /opt/airflow/dags/sodai_pipeline_dag.py
[2025-11-19T18:43:31.120+0000] {processor.py:840} INFO - DAG(s) 'sodai_training_and_scoring' retrieved from /opt/airflow/dags/sodai_pipeline_dag.py
[2025-11-19T18:43:31.152+0000] {logging_mixin.py:188} INFO - [2025-11-19T18:43:31.152+0000] {dag.py:3096} INFO - Sync 1 DAGs
[2025-11-19T18:43:31.164+0000] {logging_mixin.py:188} INFO - [2025-11-19T18:43:31.163+0000] {dag.py:3954} INFO - Setting next_dagrun for sodai_training_and_scoring to None, run_after=None
[2025-11-19T18:43:31.183+0000] {processor.py:183} INFO - Processing /opt/airflow/dags/sodai_pipeline_dag.py took 0.086 seconds
[2025-11-19T18:44:01.311+0000] {processor.py:161} INFO - Started process (PID=445) to work on /opt/airflow/dags/sodai_pipeline_dag.py
[2025-11-19T18:44:01.312+0000] {processor.py:830} INFO - Processing file /opt/airflow/dags/sodai_pipeline_dag.py for tasks to queue
[2025-11-19T18:44:01.314+0000] {logging_mixin.py:188} INFO - [2025-11-19T18:44:01.313+0000] {dagbag.py:540} INFO - Filling up the DagBag from /opt/airflow/dags/sodai_pipeline_dag.py
[2025-11-19T18:44:01.328+0000] {processor.py:840} INFO - DAG(s) 'sodai_training_and_scoring' retrieved from /opt/airflow/dags/sodai_pipeline_dag.py
[2025-11-19T18:44:01.346+0000] {logging_mixin.py:188} INFO - [2025-11-19T18:44:01.346+0000] {dag.py:3096} INFO - Sync 1 DAGs
[2025-11-19T18:44:01.356+0000] {logging_mixin.py:188} INFO - [2025-11-19T18:44:01.355+0000] {dag.py:3954} INFO - Setting next_dagrun for sodai_training_and_scoring to None, run_after=None
[2025-11-19T18:44:01.368+0000] {processor.py:183} INFO - Processing /opt/airflow/dags/sodai_pipeline_dag.py took 0.061 seconds
[2025-11-19T18:44:31.489+0000] {processor.py:161} INFO - Started process (PID=455) to work on /opt/airflow/dags/sodai_pipeline_dag.py
[2025-11-19T18:44:31.490+0000] {processor.py:830} INFO - Processing file /opt/airflow/dags/sodai_pipeline_dag.py for tasks to queue
[2025-11-19T18:44:31.492+0000] {logging_mixin.py:188} INFO - [2025-11-19T18:44:31.491+0000] {dagbag.py:540} INFO - Filling up the DagBag from /opt/airflow/dags/sodai_pipeline_dag.py
[2025-11-19T18:44:31.510+0000] {processor.py:840} INFO - DAG(s) 'sodai_training_and_scoring' retrieved from /opt/airflow/dags/sodai_pipeline_dag.py
[2025-11-19T18:44:31.535+0000] {logging_mixin.py:188} INFO - [2025-11-19T18:44:31.535+0000] {dag.py:3096} INFO - Sync 1 DAGs
[2025-11-19T18:44:31.546+0000] {logging_mixin.py:188} INFO - [2025-11-19T18:44:31.546+0000] {dag.py:3954} INFO - Setting next_dagrun for sodai_training_and_scoring to None, run_after=None
[2025-11-19T18:44:31.566+0000] {processor.py:183} INFO - Processing /opt/airflow/dags/sodai_pipeline_dag.py took 0.081 seconds
[2025-11-19T18:45:01.778+0000] {processor.py:161} INFO - Started process (PID=465) to work on /opt/airflow/dags/sodai_pipeline_dag.py
[2025-11-19T18:45:01.779+0000] {processor.py:830} INFO - Processing file /opt/airflow/dags/sodai_pipeline_dag.py for tasks to queue
[2025-11-19T18:45:01.781+0000] {logging_mixin.py:188} INFO - [2025-11-19T18:45:01.780+0000] {dagbag.py:540} INFO - Filling up the DagBag from /opt/airflow/dags/sodai_pipeline_dag.py
[2025-11-19T18:45:01.794+0000] {processor.py:840} INFO - DAG(s) 'sodai_training_and_scoring' retrieved from /opt/airflow/dags/sodai_pipeline_dag.py
[2025-11-19T18:45:01.821+0000] {logging_mixin.py:188} INFO - [2025-11-19T18:45:01.821+0000] {dag.py:3096} INFO - Sync 1 DAGs
[2025-11-19T18:45:01.836+0000] {logging_mixin.py:188} INFO - [2025-11-19T18:45:01.836+0000] {dag.py:3954} INFO - Setting next_dagrun for sodai_training_and_scoring to None, run_after=None
[2025-11-19T18:45:01.857+0000] {processor.py:183} INFO - Processing /opt/airflow/dags/sodai_pipeline_dag.py took 0.083 seconds
[2025-11-19T18:45:32.070+0000] {processor.py:161} INFO - Started process (PID=475) to work on /opt/airflow/dags/sodai_pipeline_dag.py
[2025-11-19T18:45:32.072+0000] {processor.py:830} INFO - Processing file /opt/airflow/dags/sodai_pipeline_dag.py for tasks to queue
[2025-11-19T18:45:32.073+0000] {logging_mixin.py:188} INFO - [2025-11-19T18:45:32.073+0000] {dagbag.py:540} INFO - Filling up the DagBag from /opt/airflow/dags/sodai_pipeline_dag.py
[2025-11-19T18:45:32.092+0000] {processor.py:840} INFO - DAG(s) 'sodai_training_and_scoring' retrieved from /opt/airflow/dags/sodai_pipeline_dag.py
[2025-11-19T18:45:32.112+0000] {logging_mixin.py:188} INFO - [2025-11-19T18:45:32.112+0000] {dag.py:3096} INFO - Sync 1 DAGs
[2025-11-19T18:45:32.121+0000] {logging_mixin.py:188} INFO - [2025-11-19T18:45:32.121+0000] {dag.py:3954} INFO - Setting next_dagrun for sodai_training_and_scoring to None, run_after=None
[2025-11-19T18:45:32.136+0000] {processor.py:183} INFO - Processing /opt/airflow/dags/sodai_pipeline_dag.py took 0.070 seconds
[2025-11-19T18:46:02.417+0000] {processor.py:161} INFO - Started process (PID=485) to work on /opt/airflow/dags/sodai_pipeline_dag.py
[2025-11-19T18:46:02.418+0000] {processor.py:830} INFO - Processing file /opt/airflow/dags/sodai_pipeline_dag.py for tasks to queue
[2025-11-19T18:46:02.420+0000] {logging_mixin.py:188} INFO - [2025-11-19T18:46:02.419+0000] {dagbag.py:540} INFO - Filling up the DagBag from /opt/airflow/dags/sodai_pipeline_dag.py
[2025-11-19T18:46:02.434+0000] {processor.py:840} INFO - DAG(s) 'sodai_training_and_scoring' retrieved from /opt/airflow/dags/sodai_pipeline_dag.py
[2025-11-19T18:46:02.455+0000] {logging_mixin.py:188} INFO - [2025-11-19T18:46:02.455+0000] {dag.py:3096} INFO - Sync 1 DAGs
[2025-11-19T18:46:02.465+0000] {logging_mixin.py:188} INFO - [2025-11-19T18:46:02.464+0000] {dag.py:3954} INFO - Setting next_dagrun for sodai_training_and_scoring to None, run_after=None
[2025-11-19T18:46:02.478+0000] {processor.py:183} INFO - Processing /opt/airflow/dags/sodai_pipeline_dag.py took 0.066 seconds
[2025-11-19T18:46:35.618+0000] {processor.py:161} INFO - Started process (PID=588) to work on /opt/airflow/dags/sodai_pipeline_dag.py
[2025-11-19T18:46:35.619+0000] {processor.py:830} INFO - Processing file /opt/airflow/dags/sodai_pipeline_dag.py for tasks to queue
[2025-11-19T18:46:35.621+0000] {logging_mixin.py:188} INFO - [2025-11-19T18:46:35.621+0000] {dagbag.py:540} INFO - Filling up the DagBag from /opt/airflow/dags/sodai_pipeline_dag.py
[2025-11-19T18:46:35.640+0000] {processor.py:840} INFO - DAG(s) 'sodai_training_and_scoring' retrieved from /opt/airflow/dags/sodai_pipeline_dag.py
[2025-11-19T18:46:35.666+0000] {logging_mixin.py:188} INFO - [2025-11-19T18:46:35.665+0000] {dag.py:3096} INFO - Sync 1 DAGs
[2025-11-19T18:46:35.677+0000] {logging_mixin.py:188} INFO - [2025-11-19T18:46:35.677+0000] {dag.py:3954} INFO - Setting next_dagrun for sodai_training_and_scoring to None, run_after=None
[2025-11-19T18:46:35.699+0000] {processor.py:183} INFO - Processing /opt/airflow/dags/sodai_pipeline_dag.py took 0.085 seconds
[2025-11-19T18:47:05.944+0000] {processor.py:161} INFO - Started process (PID=652) to work on /opt/airflow/dags/sodai_pipeline_dag.py
[2025-11-19T18:47:05.946+0000] {processor.py:830} INFO - Processing file /opt/airflow/dags/sodai_pipeline_dag.py for tasks to queue
[2025-11-19T18:47:05.947+0000] {logging_mixin.py:188} INFO - [2025-11-19T18:47:05.947+0000] {dagbag.py:540} INFO - Filling up the DagBag from /opt/airflow/dags/sodai_pipeline_dag.py
[2025-11-19T18:47:05.960+0000] {processor.py:840} INFO - DAG(s) 'sodai_training_and_scoring' retrieved from /opt/airflow/dags/sodai_pipeline_dag.py
[2025-11-19T18:47:05.981+0000] {logging_mixin.py:188} INFO - [2025-11-19T18:47:05.981+0000] {dag.py:3096} INFO - Sync 1 DAGs
[2025-11-19T18:47:05.993+0000] {logging_mixin.py:188} INFO - [2025-11-19T18:47:05.993+0000] {dag.py:3954} INFO - Setting next_dagrun for sodai_training_and_scoring to None, run_after=None
[2025-11-19T18:47:06.006+0000] {processor.py:183} INFO - Processing /opt/airflow/dags/sodai_pipeline_dag.py took 0.067 seconds
[2025-11-19T18:47:36.090+0000] {processor.py:161} INFO - Started process (PID=662) to work on /opt/airflow/dags/sodai_pipeline_dag.py
[2025-11-19T18:47:36.091+0000] {processor.py:830} INFO - Processing file /opt/airflow/dags/sodai_pipeline_dag.py for tasks to queue
[2025-11-19T18:47:36.092+0000] {logging_mixin.py:188} INFO - [2025-11-19T18:47:36.092+0000] {dagbag.py:540} INFO - Filling up the DagBag from /opt/airflow/dags/sodai_pipeline_dag.py
[2025-11-19T18:47:36.106+0000] {processor.py:840} INFO - DAG(s) 'sodai_training_and_scoring' retrieved from /opt/airflow/dags/sodai_pipeline_dag.py
[2025-11-19T18:47:36.125+0000] {logging_mixin.py:188} INFO - [2025-11-19T18:47:36.125+0000] {dag.py:3096} INFO - Sync 1 DAGs
[2025-11-19T18:47:36.134+0000] {logging_mixin.py:188} INFO - [2025-11-19T18:47:36.133+0000] {dag.py:3954} INFO - Setting next_dagrun for sodai_training_and_scoring to None, run_after=None
[2025-11-19T18:47:36.148+0000] {processor.py:183} INFO - Processing /opt/airflow/dags/sodai_pipeline_dag.py took 0.061 seconds
[2025-11-19T18:48:06.284+0000] {processor.py:161} INFO - Started process (PID=672) to work on /opt/airflow/dags/sodai_pipeline_dag.py
[2025-11-19T18:48:06.285+0000] {processor.py:830} INFO - Processing file /opt/airflow/dags/sodai_pipeline_dag.py for tasks to queue
[2025-11-19T18:48:06.287+0000] {logging_mixin.py:188} INFO - [2025-11-19T18:48:06.286+0000] {dagbag.py:540} INFO - Filling up the DagBag from /opt/airflow/dags/sodai_pipeline_dag.py
[2025-11-19T18:48:06.298+0000] {processor.py:840} INFO - DAG(s) 'sodai_training_and_scoring' retrieved from /opt/airflow/dags/sodai_pipeline_dag.py
[2025-11-19T18:48:06.319+0000] {logging_mixin.py:188} INFO - [2025-11-19T18:48:06.319+0000] {dag.py:3096} INFO - Sync 1 DAGs
[2025-11-19T18:48:06.329+0000] {logging_mixin.py:188} INFO - [2025-11-19T18:48:06.329+0000] {dag.py:3954} INFO - Setting next_dagrun for sodai_training_and_scoring to None, run_after=None
[2025-11-19T18:48:06.345+0000] {processor.py:183} INFO - Processing /opt/airflow/dags/sodai_pipeline_dag.py took 0.066 seconds
[2025-11-19T18:48:36.498+0000] {processor.py:161} INFO - Started process (PID=682) to work on /opt/airflow/dags/sodai_pipeline_dag.py
[2025-11-19T18:48:36.499+0000] {processor.py:830} INFO - Processing file /opt/airflow/dags/sodai_pipeline_dag.py for tasks to queue
[2025-11-19T18:48:36.500+0000] {logging_mixin.py:188} INFO - [2025-11-19T18:48:36.500+0000] {dagbag.py:540} INFO - Filling up the DagBag from /opt/airflow/dags/sodai_pipeline_dag.py
[2025-11-19T18:48:36.515+0000] {processor.py:840} INFO - DAG(s) 'sodai_training_and_scoring' retrieved from /opt/airflow/dags/sodai_pipeline_dag.py
[2025-11-19T18:48:36.536+0000] {logging_mixin.py:188} INFO - [2025-11-19T18:48:36.535+0000] {dag.py:3096} INFO - Sync 1 DAGs
[2025-11-19T18:48:36.546+0000] {logging_mixin.py:188} INFO - [2025-11-19T18:48:36.546+0000] {dag.py:3954} INFO - Setting next_dagrun for sodai_training_and_scoring to None, run_after=None
[2025-11-19T18:48:36.561+0000] {processor.py:183} INFO - Processing /opt/airflow/dags/sodai_pipeline_dag.py took 0.066 seconds
[2025-11-19T18:49:06.648+0000] {processor.py:161} INFO - Started process (PID=692) to work on /opt/airflow/dags/sodai_pipeline_dag.py
[2025-11-19T18:49:06.649+0000] {processor.py:830} INFO - Processing file /opt/airflow/dags/sodai_pipeline_dag.py for tasks to queue
[2025-11-19T18:49:06.651+0000] {logging_mixin.py:188} INFO - [2025-11-19T18:49:06.651+0000] {dagbag.py:540} INFO - Filling up the DagBag from /opt/airflow/dags/sodai_pipeline_dag.py
[2025-11-19T18:49:06.668+0000] {processor.py:840} INFO - DAG(s) 'sodai_training_and_scoring' retrieved from /opt/airflow/dags/sodai_pipeline_dag.py
[2025-11-19T18:49:06.690+0000] {logging_mixin.py:188} INFO - [2025-11-19T18:49:06.690+0000] {dag.py:3096} INFO - Sync 1 DAGs
[2025-11-19T18:49:06.700+0000] {logging_mixin.py:188} INFO - [2025-11-19T18:49:06.700+0000] {dag.py:3954} INFO - Setting next_dagrun for sodai_training_and_scoring to None, run_after=None
[2025-11-19T18:49:06.716+0000] {processor.py:183} INFO - Processing /opt/airflow/dags/sodai_pipeline_dag.py took 0.074 seconds
[2025-11-19T18:49:36.940+0000] {processor.py:161} INFO - Started process (PID=702) to work on /opt/airflow/dags/sodai_pipeline_dag.py
[2025-11-19T18:49:36.941+0000] {processor.py:830} INFO - Processing file /opt/airflow/dags/sodai_pipeline_dag.py for tasks to queue
[2025-11-19T18:49:36.942+0000] {logging_mixin.py:188} INFO - [2025-11-19T18:49:36.942+0000] {dagbag.py:540} INFO - Filling up the DagBag from /opt/airflow/dags/sodai_pipeline_dag.py
[2025-11-19T18:49:36.959+0000] {processor.py:840} INFO - DAG(s) 'sodai_training_and_scoring' retrieved from /opt/airflow/dags/sodai_pipeline_dag.py
[2025-11-19T18:49:36.985+0000] {logging_mixin.py:188} INFO - [2025-11-19T18:49:36.985+0000] {dag.py:3096} INFO - Sync 1 DAGs
[2025-11-19T18:49:36.998+0000] {logging_mixin.py:188} INFO - [2025-11-19T18:49:36.998+0000] {dag.py:3954} INFO - Setting next_dagrun for sodai_training_and_scoring to None, run_after=None
[2025-11-19T18:49:37.017+0000] {processor.py:183} INFO - Processing /opt/airflow/dags/sodai_pipeline_dag.py took 0.082 seconds
[2025-11-19T18:50:07.284+0000] {processor.py:161} INFO - Started process (PID=802) to work on /opt/airflow/dags/sodai_pipeline_dag.py
[2025-11-19T18:50:07.285+0000] {processor.py:830} INFO - Processing file /opt/airflow/dags/sodai_pipeline_dag.py for tasks to queue
[2025-11-19T18:50:07.287+0000] {logging_mixin.py:188} INFO - [2025-11-19T18:50:07.286+0000] {dagbag.py:540} INFO - Filling up the DagBag from /opt/airflow/dags/sodai_pipeline_dag.py
[2025-11-19T18:50:07.305+0000] {processor.py:840} INFO - DAG(s) 'sodai_training_and_scoring' retrieved from /opt/airflow/dags/sodai_pipeline_dag.py
[2025-11-19T18:50:07.334+0000] {logging_mixin.py:188} INFO - [2025-11-19T18:50:07.333+0000] {dag.py:3096} INFO - Sync 1 DAGs
[2025-11-19T18:50:07.347+0000] {logging_mixin.py:188} INFO - [2025-11-19T18:50:07.346+0000] {dag.py:3954} INFO - Setting next_dagrun for sodai_training_and_scoring to None, run_after=None
[2025-11-19T18:50:07.371+0000] {processor.py:183} INFO - Processing /opt/airflow/dags/sodai_pipeline_dag.py took 0.093 seconds
[2025-11-19T18:50:37.608+0000] {processor.py:161} INFO - Started process (PID=866) to work on /opt/airflow/dags/sodai_pipeline_dag.py
[2025-11-19T18:50:37.609+0000] {processor.py:830} INFO - Processing file /opt/airflow/dags/sodai_pipeline_dag.py for tasks to queue
[2025-11-19T18:50:37.611+0000] {logging_mixin.py:188} INFO - [2025-11-19T18:50:37.610+0000] {dagbag.py:540} INFO - Filling up the DagBag from /opt/airflow/dags/sodai_pipeline_dag.py
[2025-11-19T18:50:37.627+0000] {processor.py:840} INFO - DAG(s) 'sodai_training_and_scoring' retrieved from /opt/airflow/dags/sodai_pipeline_dag.py
[2025-11-19T18:50:37.653+0000] {logging_mixin.py:188} INFO - [2025-11-19T18:50:37.653+0000] {dag.py:3096} INFO - Sync 1 DAGs
[2025-11-19T18:50:37.664+0000] {logging_mixin.py:188} INFO - [2025-11-19T18:50:37.664+0000] {dag.py:3954} INFO - Setting next_dagrun for sodai_training_and_scoring to None, run_after=None
[2025-11-19T18:50:37.685+0000] {processor.py:183} INFO - Processing /opt/airflow/dags/sodai_pipeline_dag.py took 0.083 seconds
[2025-11-19T18:51:07.912+0000] {processor.py:161} INFO - Started process (PID=876) to work on /opt/airflow/dags/sodai_pipeline_dag.py
[2025-11-19T18:51:07.913+0000] {processor.py:830} INFO - Processing file /opt/airflow/dags/sodai_pipeline_dag.py for tasks to queue
[2025-11-19T18:51:07.915+0000] {logging_mixin.py:188} INFO - [2025-11-19T18:51:07.915+0000] {dagbag.py:540} INFO - Filling up the DagBag from /opt/airflow/dags/sodai_pipeline_dag.py
[2025-11-19T18:51:07.930+0000] {processor.py:840} INFO - DAG(s) 'sodai_training_and_scoring' retrieved from /opt/airflow/dags/sodai_pipeline_dag.py
[2025-11-19T18:51:07.954+0000] {logging_mixin.py:188} INFO - [2025-11-19T18:51:07.953+0000] {dag.py:3096} INFO - Sync 1 DAGs
[2025-11-19T18:51:07.965+0000] {logging_mixin.py:188} INFO - [2025-11-19T18:51:07.965+0000] {dag.py:3954} INFO - Setting next_dagrun for sodai_training_and_scoring to None, run_after=None
[2025-11-19T18:51:07.988+0000] {processor.py:183} INFO - Processing /opt/airflow/dags/sodai_pipeline_dag.py took 0.080 seconds
[2025-11-19T18:51:38.065+0000] {processor.py:161} INFO - Started process (PID=886) to work on /opt/airflow/dags/sodai_pipeline_dag.py
[2025-11-19T18:51:38.066+0000] {processor.py:830} INFO - Processing file /opt/airflow/dags/sodai_pipeline_dag.py for tasks to queue
[2025-11-19T18:51:38.067+0000] {logging_mixin.py:188} INFO - [2025-11-19T18:51:38.067+0000] {dagbag.py:540} INFO - Filling up the DagBag from /opt/airflow/dags/sodai_pipeline_dag.py
[2025-11-19T18:51:38.081+0000] {processor.py:840} INFO - DAG(s) 'sodai_training_and_scoring' retrieved from /opt/airflow/dags/sodai_pipeline_dag.py
[2025-11-19T18:51:38.101+0000] {logging_mixin.py:188} INFO - [2025-11-19T18:51:38.101+0000] {dag.py:3096} INFO - Sync 1 DAGs
[2025-11-19T18:51:38.110+0000] {logging_mixin.py:188} INFO - [2025-11-19T18:51:38.110+0000] {dag.py:3954} INFO - Setting next_dagrun for sodai_training_and_scoring to None, run_after=None
[2025-11-19T18:51:38.125+0000] {processor.py:183} INFO - Processing /opt/airflow/dags/sodai_pipeline_dag.py took 0.064 seconds
[2025-11-19T18:52:08.321+0000] {processor.py:161} INFO - Started process (PID=896) to work on /opt/airflow/dags/sodai_pipeline_dag.py
[2025-11-19T18:52:08.322+0000] {processor.py:830} INFO - Processing file /opt/airflow/dags/sodai_pipeline_dag.py for tasks to queue
[2025-11-19T18:52:08.325+0000] {logging_mixin.py:188} INFO - [2025-11-19T18:52:08.325+0000] {dagbag.py:540} INFO - Filling up the DagBag from /opt/airflow/dags/sodai_pipeline_dag.py
[2025-11-19T18:52:08.344+0000] {processor.py:840} INFO - DAG(s) 'sodai_training_and_scoring' retrieved from /opt/airflow/dags/sodai_pipeline_dag.py
[2025-11-19T18:52:08.377+0000] {logging_mixin.py:188} INFO - [2025-11-19T18:52:08.377+0000] {dag.py:3096} INFO - Sync 1 DAGs
[2025-11-19T18:52:08.391+0000] {logging_mixin.py:188} INFO - [2025-11-19T18:52:08.390+0000] {dag.py:3954} INFO - Setting next_dagrun for sodai_training_and_scoring to None, run_after=None
[2025-11-19T18:52:08.411+0000] {processor.py:183} INFO - Processing /opt/airflow/dags/sodai_pipeline_dag.py took 0.095 seconds
[2025-11-19T18:52:38.677+0000] {processor.py:161} INFO - Started process (PID=906) to work on /opt/airflow/dags/sodai_pipeline_dag.py
[2025-11-19T18:52:38.678+0000] {processor.py:830} INFO - Processing file /opt/airflow/dags/sodai_pipeline_dag.py for tasks to queue
[2025-11-19T18:52:38.680+0000] {logging_mixin.py:188} INFO - [2025-11-19T18:52:38.680+0000] {dagbag.py:540} INFO - Filling up the DagBag from /opt/airflow/dags/sodai_pipeline_dag.py
[2025-11-19T18:52:38.696+0000] {processor.py:840} INFO - DAG(s) 'sodai_training_and_scoring' retrieved from /opt/airflow/dags/sodai_pipeline_dag.py
[2025-11-19T18:52:38.719+0000] {logging_mixin.py:188} INFO - [2025-11-19T18:52:38.719+0000] {dag.py:3096} INFO - Sync 1 DAGs
[2025-11-19T18:52:38.731+0000] {logging_mixin.py:188} INFO - [2025-11-19T18:52:38.731+0000] {dag.py:3954} INFO - Setting next_dagrun for sodai_training_and_scoring to None, run_after=None
[2025-11-19T18:52:38.749+0000] {processor.py:183} INFO - Processing /opt/airflow/dags/sodai_pipeline_dag.py took 0.076 seconds
[2025-11-19T18:53:11.907+0000] {processor.py:161} INFO - Started process (PID=916) to work on /opt/airflow/dags/sodai_pipeline_dag.py
[2025-11-19T18:53:11.907+0000] {processor.py:830} INFO - Processing file /opt/airflow/dags/sodai_pipeline_dag.py for tasks to queue
[2025-11-19T18:53:11.909+0000] {logging_mixin.py:188} INFO - [2025-11-19T18:53:11.909+0000] {dagbag.py:540} INFO - Filling up the DagBag from /opt/airflow/dags/sodai_pipeline_dag.py
[2025-11-19T18:53:11.923+0000] {processor.py:840} INFO - DAG(s) 'sodai_training_and_scoring' retrieved from /opt/airflow/dags/sodai_pipeline_dag.py
[2025-11-19T18:53:11.945+0000] {logging_mixin.py:188} INFO - [2025-11-19T18:53:11.945+0000] {dag.py:3096} INFO - Sync 1 DAGs
[2025-11-19T18:53:11.955+0000] {logging_mixin.py:188} INFO - [2025-11-19T18:53:11.955+0000] {dag.py:3954} INFO - Setting next_dagrun for sodai_training_and_scoring to None, run_after=None
[2025-11-19T18:53:11.972+0000] {processor.py:183} INFO - Processing /opt/airflow/dags/sodai_pipeline_dag.py took 0.069 seconds
[2025-11-19T18:53:45.152+0000] {processor.py:161} INFO - Started process (PID=926) to work on /opt/airflow/dags/sodai_pipeline_dag.py
[2025-11-19T18:53:45.153+0000] {processor.py:830} INFO - Processing file /opt/airflow/dags/sodai_pipeline_dag.py for tasks to queue
[2025-11-19T18:53:45.155+0000] {logging_mixin.py:188} INFO - [2025-11-19T18:53:45.155+0000] {dagbag.py:540} INFO - Filling up the DagBag from /opt/airflow/dags/sodai_pipeline_dag.py
[2025-11-19T18:53:45.179+0000] {processor.py:840} INFO - DAG(s) 'sodai_training_and_scoring' retrieved from /opt/airflow/dags/sodai_pipeline_dag.py
[2025-11-19T18:53:45.216+0000] {logging_mixin.py:188} INFO - [2025-11-19T18:53:45.216+0000] {dag.py:3096} INFO - Sync 1 DAGs
[2025-11-19T18:53:45.233+0000] {logging_mixin.py:188} INFO - [2025-11-19T18:53:45.233+0000] {dag.py:3954} INFO - Setting next_dagrun for sodai_training_and_scoring to None, run_after=None
[2025-11-19T18:53:45.251+0000] {processor.py:183} INFO - Processing /opt/airflow/dags/sodai_pipeline_dag.py took 0.104 seconds
[2025-11-19T18:54:15.450+0000] {processor.py:161} INFO - Started process (PID=936) to work on /opt/airflow/dags/sodai_pipeline_dag.py
[2025-11-19T18:54:15.451+0000] {processor.py:830} INFO - Processing file /opt/airflow/dags/sodai_pipeline_dag.py for tasks to queue
[2025-11-19T18:54:15.452+0000] {logging_mixin.py:188} INFO - [2025-11-19T18:54:15.452+0000] {dagbag.py:540} INFO - Filling up the DagBag from /opt/airflow/dags/sodai_pipeline_dag.py
[2025-11-19T18:54:15.465+0000] {processor.py:840} INFO - DAG(s) 'sodai_training_and_scoring' retrieved from /opt/airflow/dags/sodai_pipeline_dag.py
[2025-11-19T18:54:15.487+0000] {logging_mixin.py:188} INFO - [2025-11-19T18:54:15.486+0000] {dag.py:3096} INFO - Sync 1 DAGs
[2025-11-19T18:54:15.496+0000] {logging_mixin.py:188} INFO - [2025-11-19T18:54:15.496+0000] {dag.py:3954} INFO - Setting next_dagrun for sodai_training_and_scoring to None, run_after=None
[2025-11-19T18:54:15.511+0000] {processor.py:183} INFO - Processing /opt/airflow/dags/sodai_pipeline_dag.py took 0.065 seconds
[2025-11-19T18:54:45.577+0000] {processor.py:161} INFO - Started process (PID=946) to work on /opt/airflow/dags/sodai_pipeline_dag.py
[2025-11-19T18:54:45.578+0000] {processor.py:830} INFO - Processing file /opt/airflow/dags/sodai_pipeline_dag.py for tasks to queue
[2025-11-19T18:54:45.580+0000] {logging_mixin.py:188} INFO - [2025-11-19T18:54:45.580+0000] {dagbag.py:540} INFO - Filling up the DagBag from /opt/airflow/dags/sodai_pipeline_dag.py
[2025-11-19T18:54:45.597+0000] {processor.py:840} INFO - DAG(s) 'sodai_training_and_scoring' retrieved from /opt/airflow/dags/sodai_pipeline_dag.py
[2025-11-19T18:54:45.622+0000] {logging_mixin.py:188} INFO - [2025-11-19T18:54:45.621+0000] {dag.py:3096} INFO - Sync 1 DAGs
[2025-11-19T18:54:45.632+0000] {logging_mixin.py:188} INFO - [2025-11-19T18:54:45.632+0000] {dag.py:3954} INFO - Setting next_dagrun for sodai_training_and_scoring to None, run_after=None
[2025-11-19T18:54:45.649+0000] {processor.py:183} INFO - Processing /opt/airflow/dags/sodai_pipeline_dag.py took 0.077 seconds
[2025-11-19T18:55:15.756+0000] {processor.py:161} INFO - Started process (PID=956) to work on /opt/airflow/dags/sodai_pipeline_dag.py
[2025-11-19T18:55:15.757+0000] {processor.py:830} INFO - Processing file /opt/airflow/dags/sodai_pipeline_dag.py for tasks to queue
[2025-11-19T18:55:15.759+0000] {logging_mixin.py:188} INFO - [2025-11-19T18:55:15.759+0000] {dagbag.py:540} INFO - Filling up the DagBag from /opt/airflow/dags/sodai_pipeline_dag.py
[2025-11-19T18:55:15.775+0000] {processor.py:840} INFO - DAG(s) 'sodai_training_and_scoring' retrieved from /opt/airflow/dags/sodai_pipeline_dag.py
[2025-11-19T18:55:15.799+0000] {logging_mixin.py:188} INFO - [2025-11-19T18:55:15.799+0000] {dag.py:3096} INFO - Sync 1 DAGs
[2025-11-19T18:55:15.810+0000] {logging_mixin.py:188} INFO - [2025-11-19T18:55:15.810+0000] {dag.py:3954} INFO - Setting next_dagrun for sodai_training_and_scoring to None, run_after=None
[2025-11-19T18:55:15.826+0000] {processor.py:183} INFO - Processing /opt/airflow/dags/sodai_pipeline_dag.py took 0.074 seconds
[2025-11-19T18:55:46.148+0000] {processor.py:161} INFO - Started process (PID=966) to work on /opt/airflow/dags/sodai_pipeline_dag.py
[2025-11-19T18:55:46.149+0000] {processor.py:830} INFO - Processing file /opt/airflow/dags/sodai_pipeline_dag.py for tasks to queue
[2025-11-19T18:55:46.150+0000] {logging_mixin.py:188} INFO - [2025-11-19T18:55:46.150+0000] {dagbag.py:540} INFO - Filling up the DagBag from /opt/airflow/dags/sodai_pipeline_dag.py
[2025-11-19T18:55:46.166+0000] {processor.py:840} INFO - DAG(s) 'sodai_training_and_scoring' retrieved from /opt/airflow/dags/sodai_pipeline_dag.py
[2025-11-19T18:55:46.187+0000] {logging_mixin.py:188} INFO - [2025-11-19T18:55:46.187+0000] {dag.py:3096} INFO - Sync 1 DAGs
[2025-11-19T18:55:46.198+0000] {logging_mixin.py:188} INFO - [2025-11-19T18:55:46.198+0000] {dag.py:3954} INFO - Setting next_dagrun for sodai_training_and_scoring to None, run_after=None
[2025-11-19T18:55:46.216+0000] {processor.py:183} INFO - Processing /opt/airflow/dags/sodai_pipeline_dag.py took 0.071 seconds
[2025-11-19T18:56:16.258+0000] {processor.py:161} INFO - Started process (PID=976) to work on /opt/airflow/dags/sodai_pipeline_dag.py
[2025-11-19T18:56:16.259+0000] {processor.py:830} INFO - Processing file /opt/airflow/dags/sodai_pipeline_dag.py for tasks to queue
[2025-11-19T18:56:16.260+0000] {logging_mixin.py:188} INFO - [2025-11-19T18:56:16.260+0000] {dagbag.py:540} INFO - Filling up the DagBag from /opt/airflow/dags/sodai_pipeline_dag.py
[2025-11-19T18:56:16.275+0000] {processor.py:840} INFO - DAG(s) 'sodai_training_and_scoring' retrieved from /opt/airflow/dags/sodai_pipeline_dag.py
[2025-11-19T18:56:16.297+0000] {logging_mixin.py:188} INFO - [2025-11-19T18:56:16.297+0000] {dag.py:3096} INFO - Sync 1 DAGs
[2025-11-19T18:56:16.307+0000] {logging_mixin.py:188} INFO - [2025-11-19T18:56:16.306+0000] {dag.py:3954} INFO - Setting next_dagrun for sodai_training_and_scoring to None, run_after=None
[2025-11-19T18:56:16.327+0000] {processor.py:183} INFO - Processing /opt/airflow/dags/sodai_pipeline_dag.py took 0.074 seconds
[2025-11-19T18:56:46.452+0000] {processor.py:161} INFO - Started process (PID=986) to work on /opt/airflow/dags/sodai_pipeline_dag.py
[2025-11-19T18:56:46.453+0000] {processor.py:830} INFO - Processing file /opt/airflow/dags/sodai_pipeline_dag.py for tasks to queue
[2025-11-19T18:56:46.455+0000] {logging_mixin.py:188} INFO - [2025-11-19T18:56:46.455+0000] {dagbag.py:540} INFO - Filling up the DagBag from /opt/airflow/dags/sodai_pipeline_dag.py
[2025-11-19T18:56:46.467+0000] {processor.py:840} INFO - DAG(s) 'sodai_training_and_scoring' retrieved from /opt/airflow/dags/sodai_pipeline_dag.py
[2025-11-19T18:56:46.487+0000] {logging_mixin.py:188} INFO - [2025-11-19T18:56:46.487+0000] {dag.py:3096} INFO - Sync 1 DAGs
[2025-11-19T18:56:46.497+0000] {logging_mixin.py:188} INFO - [2025-11-19T18:56:46.497+0000] {dag.py:3954} INFO - Setting next_dagrun for sodai_training_and_scoring to None, run_after=None
[2025-11-19T18:56:46.512+0000] {processor.py:183} INFO - Processing /opt/airflow/dags/sodai_pipeline_dag.py took 0.064 seconds
[2025-11-19T18:57:16.711+0000] {processor.py:161} INFO - Started process (PID=996) to work on /opt/airflow/dags/sodai_pipeline_dag.py
[2025-11-19T18:57:16.712+0000] {processor.py:830} INFO - Processing file /opt/airflow/dags/sodai_pipeline_dag.py for tasks to queue
[2025-11-19T18:57:16.713+0000] {logging_mixin.py:188} INFO - [2025-11-19T18:57:16.713+0000] {dagbag.py:540} INFO - Filling up the DagBag from /opt/airflow/dags/sodai_pipeline_dag.py
[2025-11-19T18:57:16.727+0000] {processor.py:840} INFO - DAG(s) 'sodai_training_and_scoring' retrieved from /opt/airflow/dags/sodai_pipeline_dag.py
[2025-11-19T18:57:16.748+0000] {logging_mixin.py:188} INFO - [2025-11-19T18:57:16.748+0000] {dag.py:3096} INFO - Sync 1 DAGs
[2025-11-19T18:57:16.758+0000] {logging_mixin.py:188} INFO - [2025-11-19T18:57:16.758+0000] {dag.py:3954} INFO - Setting next_dagrun for sodai_training_and_scoring to None, run_after=None
[2025-11-19T18:57:16.775+0000] {processor.py:183} INFO - Processing /opt/airflow/dags/sodai_pipeline_dag.py took 0.068 seconds
[2025-11-19T18:57:46.941+0000] {processor.py:161} INFO - Started process (PID=1006) to work on /opt/airflow/dags/sodai_pipeline_dag.py
[2025-11-19T18:57:46.942+0000] {processor.py:830} INFO - Processing file /opt/airflow/dags/sodai_pipeline_dag.py for tasks to queue
[2025-11-19T18:57:46.943+0000] {logging_mixin.py:188} INFO - [2025-11-19T18:57:46.943+0000] {dagbag.py:540} INFO - Filling up the DagBag from /opt/airflow/dags/sodai_pipeline_dag.py
[2025-11-19T18:57:46.961+0000] {processor.py:840} INFO - DAG(s) 'sodai_training_and_scoring' retrieved from /opt/airflow/dags/sodai_pipeline_dag.py
[2025-11-19T18:57:46.985+0000] {logging_mixin.py:188} INFO - [2025-11-19T18:57:46.985+0000] {dag.py:3096} INFO - Sync 1 DAGs
[2025-11-19T18:57:46.998+0000] {logging_mixin.py:188} INFO - [2025-11-19T18:57:46.997+0000] {dag.py:3954} INFO - Setting next_dagrun for sodai_training_and_scoring to None, run_after=None
[2025-11-19T18:57:47.016+0000] {processor.py:183} INFO - Processing /opt/airflow/dags/sodai_pipeline_dag.py took 0.078 seconds
[2025-11-19T18:58:17.163+0000] {processor.py:161} INFO - Started process (PID=1016) to work on /opt/airflow/dags/sodai_pipeline_dag.py
[2025-11-19T18:58:17.164+0000] {processor.py:830} INFO - Processing file /opt/airflow/dags/sodai_pipeline_dag.py for tasks to queue
[2025-11-19T18:58:17.166+0000] {logging_mixin.py:188} INFO - [2025-11-19T18:58:17.166+0000] {dagbag.py:540} INFO - Filling up the DagBag from /opt/airflow/dags/sodai_pipeline_dag.py
[2025-11-19T18:58:17.181+0000] {processor.py:840} INFO - DAG(s) 'sodai_training_and_scoring' retrieved from /opt/airflow/dags/sodai_pipeline_dag.py
[2025-11-19T18:58:17.201+0000] {logging_mixin.py:188} INFO - [2025-11-19T18:58:17.201+0000] {dag.py:3096} INFO - Sync 1 DAGs
[2025-11-19T18:58:17.212+0000] {logging_mixin.py:188} INFO - [2025-11-19T18:58:17.211+0000] {dag.py:3954} INFO - Setting next_dagrun for sodai_training_and_scoring to None, run_after=None
[2025-11-19T18:58:17.228+0000] {processor.py:183} INFO - Processing /opt/airflow/dags/sodai_pipeline_dag.py took 0.070 seconds
[2025-11-19T18:58:47.415+0000] {processor.py:161} INFO - Started process (PID=1026) to work on /opt/airflow/dags/sodai_pipeline_dag.py
[2025-11-19T18:58:47.416+0000] {processor.py:830} INFO - Processing file /opt/airflow/dags/sodai_pipeline_dag.py for tasks to queue
[2025-11-19T18:58:47.418+0000] {logging_mixin.py:188} INFO - [2025-11-19T18:58:47.418+0000] {dagbag.py:540} INFO - Filling up the DagBag from /opt/airflow/dags/sodai_pipeline_dag.py
[2025-11-19T18:58:47.436+0000] {processor.py:840} INFO - DAG(s) 'sodai_training_and_scoring' retrieved from /opt/airflow/dags/sodai_pipeline_dag.py
[2025-11-19T18:58:47.457+0000] {logging_mixin.py:188} INFO - [2025-11-19T18:58:47.457+0000] {dag.py:3096} INFO - Sync 1 DAGs
[2025-11-19T18:58:47.467+0000] {logging_mixin.py:188} INFO - [2025-11-19T18:58:47.467+0000] {dag.py:3954} INFO - Setting next_dagrun for sodai_training_and_scoring to None, run_after=None
[2025-11-19T18:58:47.484+0000] {processor.py:183} INFO - Processing /opt/airflow/dags/sodai_pipeline_dag.py took 0.073 seconds
[2025-11-19T18:59:17.619+0000] {processor.py:161} INFO - Started process (PID=1036) to work on /opt/airflow/dags/sodai_pipeline_dag.py
[2025-11-19T18:59:17.619+0000] {processor.py:830} INFO - Processing file /opt/airflow/dags/sodai_pipeline_dag.py for tasks to queue
[2025-11-19T18:59:17.621+0000] {logging_mixin.py:188} INFO - [2025-11-19T18:59:17.620+0000] {dagbag.py:540} INFO - Filling up the DagBag from /opt/airflow/dags/sodai_pipeline_dag.py
[2025-11-19T18:59:17.634+0000] {processor.py:840} INFO - DAG(s) 'sodai_training_and_scoring' retrieved from /opt/airflow/dags/sodai_pipeline_dag.py
[2025-11-19T18:59:17.655+0000] {logging_mixin.py:188} INFO - [2025-11-19T18:59:17.654+0000] {dag.py:3096} INFO - Sync 1 DAGs
[2025-11-19T18:59:17.666+0000] {logging_mixin.py:188} INFO - [2025-11-19T18:59:17.665+0000] {dag.py:3954} INFO - Setting next_dagrun for sodai_training_and_scoring to None, run_after=None
[2025-11-19T18:59:17.682+0000] {processor.py:183} INFO - Processing /opt/airflow/dags/sodai_pipeline_dag.py took 0.068 seconds
[2025-11-19T18:59:48.035+0000] {processor.py:161} INFO - Started process (PID=1046) to work on /opt/airflow/dags/sodai_pipeline_dag.py
[2025-11-19T18:59:48.037+0000] {processor.py:830} INFO - Processing file /opt/airflow/dags/sodai_pipeline_dag.py for tasks to queue
[2025-11-19T18:59:48.038+0000] {logging_mixin.py:188} INFO - [2025-11-19T18:59:48.038+0000] {dagbag.py:540} INFO - Filling up the DagBag from /opt/airflow/dags/sodai_pipeline_dag.py
[2025-11-19T18:59:48.054+0000] {processor.py:840} INFO - DAG(s) 'sodai_training_and_scoring' retrieved from /opt/airflow/dags/sodai_pipeline_dag.py
[2025-11-19T18:59:48.076+0000] {logging_mixin.py:188} INFO - [2025-11-19T18:59:48.076+0000] {dag.py:3096} INFO - Sync 1 DAGs
[2025-11-19T18:59:48.086+0000] {logging_mixin.py:188} INFO - [2025-11-19T18:59:48.086+0000] {dag.py:3954} INFO - Setting next_dagrun for sodai_training_and_scoring to None, run_after=None
[2025-11-19T18:59:48.103+0000] {processor.py:183} INFO - Processing /opt/airflow/dags/sodai_pipeline_dag.py took 0.072 seconds
[2025-11-19T19:00:21.171+0000] {processor.py:161} INFO - Started process (PID=1051) to work on /opt/airflow/dags/sodai_pipeline_dag.py
[2025-11-19T19:00:21.171+0000] {processor.py:830} INFO - Processing file /opt/airflow/dags/sodai_pipeline_dag.py for tasks to queue
[2025-11-19T19:00:21.173+0000] {logging_mixin.py:188} INFO - [2025-11-19T19:00:21.173+0000] {dagbag.py:540} INFO - Filling up the DagBag from /opt/airflow/dags/sodai_pipeline_dag.py
[2025-11-19T19:00:21.192+0000] {processor.py:840} INFO - DAG(s) 'sodai_training_and_scoring' retrieved from /opt/airflow/dags/sodai_pipeline_dag.py
[2025-11-19T19:00:21.222+0000] {logging_mixin.py:188} INFO - [2025-11-19T19:00:21.221+0000] {dag.py:3096} INFO - Sync 1 DAGs
[2025-11-19T19:00:21.232+0000] {logging_mixin.py:188} INFO - [2025-11-19T19:00:21.232+0000] {dag.py:3954} INFO - Setting next_dagrun for sodai_training_and_scoring to None, run_after=None
[2025-11-19T19:00:21.248+0000] {processor.py:183} INFO - Processing /opt/airflow/dags/sodai_pipeline_dag.py took 0.081 seconds
[2025-11-19T19:00:54.450+0000] {processor.py:161} INFO - Started process (PID=1061) to work on /opt/airflow/dags/sodai_pipeline_dag.py
[2025-11-19T19:00:54.452+0000] {processor.py:830} INFO - Processing file /opt/airflow/dags/sodai_pipeline_dag.py for tasks to queue
[2025-11-19T19:00:54.453+0000] {logging_mixin.py:188} INFO - [2025-11-19T19:00:54.453+0000] {dagbag.py:540} INFO - Filling up the DagBag from /opt/airflow/dags/sodai_pipeline_dag.py
[2025-11-19T19:00:54.475+0000] {processor.py:840} INFO - DAG(s) 'sodai_training_and_scoring' retrieved from /opt/airflow/dags/sodai_pipeline_dag.py
[2025-11-19T19:00:54.501+0000] {logging_mixin.py:188} INFO - [2025-11-19T19:00:54.501+0000] {dag.py:3096} INFO - Sync 1 DAGs
[2025-11-19T19:00:54.513+0000] {logging_mixin.py:188} INFO - [2025-11-19T19:00:54.513+0000] {dag.py:3954} INFO - Setting next_dagrun for sodai_training_and_scoring to None, run_after=None
[2025-11-19T19:00:54.530+0000] {processor.py:183} INFO - Processing /opt/airflow/dags/sodai_pipeline_dag.py took 0.085 seconds
[2025-11-19T19:01:27.852+0000] {processor.py:161} INFO - Started process (PID=1071) to work on /opt/airflow/dags/sodai_pipeline_dag.py
[2025-11-19T19:01:27.853+0000] {processor.py:830} INFO - Processing file /opt/airflow/dags/sodai_pipeline_dag.py for tasks to queue
[2025-11-19T19:01:27.855+0000] {logging_mixin.py:188} INFO - [2025-11-19T19:01:27.855+0000] {dagbag.py:540} INFO - Filling up the DagBag from /opt/airflow/dags/sodai_pipeline_dag.py
[2025-11-19T19:01:27.880+0000] {processor.py:840} INFO - DAG(s) 'sodai_training_and_scoring' retrieved from /opt/airflow/dags/sodai_pipeline_dag.py
[2025-11-19T19:01:27.912+0000] {logging_mixin.py:188} INFO - [2025-11-19T19:01:27.911+0000] {dag.py:3096} INFO - Sync 1 DAGs
[2025-11-19T19:01:27.925+0000] {logging_mixin.py:188} INFO - [2025-11-19T19:01:27.925+0000] {dag.py:3954} INFO - Setting next_dagrun for sodai_training_and_scoring to None, run_after=None
[2025-11-19T19:01:27.949+0000] {processor.py:183} INFO - Processing /opt/airflow/dags/sodai_pipeline_dag.py took 0.103 seconds
[2025-11-19T19:01:58.160+0000] {processor.py:161} INFO - Started process (PID=1081) to work on /opt/airflow/dags/sodai_pipeline_dag.py
[2025-11-19T19:01:58.161+0000] {processor.py:830} INFO - Processing file /opt/airflow/dags/sodai_pipeline_dag.py for tasks to queue
[2025-11-19T19:01:58.163+0000] {logging_mixin.py:188} INFO - [2025-11-19T19:01:58.163+0000] {dagbag.py:540} INFO - Filling up the DagBag from /opt/airflow/dags/sodai_pipeline_dag.py
[2025-11-19T19:01:58.183+0000] {processor.py:840} INFO - DAG(s) 'sodai_training_and_scoring' retrieved from /opt/airflow/dags/sodai_pipeline_dag.py
[2025-11-19T19:01:58.212+0000] {logging_mixin.py:188} INFO - [2025-11-19T19:01:58.212+0000] {dag.py:3096} INFO - Sync 1 DAGs
[2025-11-19T19:01:58.223+0000] {logging_mixin.py:188} INFO - [2025-11-19T19:01:58.223+0000] {dag.py:3954} INFO - Setting next_dagrun for sodai_training_and_scoring to None, run_after=None
[2025-11-19T19:01:58.240+0000] {processor.py:183} INFO - Processing /opt/airflow/dags/sodai_pipeline_dag.py took 0.086 seconds
[2025-11-19T19:02:28.286+0000] {processor.py:161} INFO - Started process (PID=1091) to work on /opt/airflow/dags/sodai_pipeline_dag.py
[2025-11-19T19:02:28.287+0000] {processor.py:830} INFO - Processing file /opt/airflow/dags/sodai_pipeline_dag.py for tasks to queue
[2025-11-19T19:02:28.289+0000] {logging_mixin.py:188} INFO - [2025-11-19T19:02:28.288+0000] {dagbag.py:540} INFO - Filling up the DagBag from /opt/airflow/dags/sodai_pipeline_dag.py
[2025-11-19T19:02:28.306+0000] {processor.py:840} INFO - DAG(s) 'sodai_training_and_scoring' retrieved from /opt/airflow/dags/sodai_pipeline_dag.py
[2025-11-19T19:02:28.330+0000] {logging_mixin.py:188} INFO - [2025-11-19T19:02:28.329+0000] {dag.py:3096} INFO - Sync 1 DAGs
[2025-11-19T19:02:28.340+0000] {logging_mixin.py:188} INFO - [2025-11-19T19:02:28.340+0000] {dag.py:3954} INFO - Setting next_dagrun for sodai_training_and_scoring to None, run_after=None
[2025-11-19T19:02:28.355+0000] {processor.py:183} INFO - Processing /opt/airflow/dags/sodai_pipeline_dag.py took 0.074 seconds
[2025-11-19T19:02:58.596+0000] {processor.py:161} INFO - Started process (PID=1101) to work on /opt/airflow/dags/sodai_pipeline_dag.py
[2025-11-19T19:02:58.597+0000] {processor.py:830} INFO - Processing file /opt/airflow/dags/sodai_pipeline_dag.py for tasks to queue
[2025-11-19T19:02:58.598+0000] {logging_mixin.py:188} INFO - [2025-11-19T19:02:58.598+0000] {dagbag.py:540} INFO - Filling up the DagBag from /opt/airflow/dags/sodai_pipeline_dag.py
[2025-11-19T19:02:58.615+0000] {processor.py:840} INFO - DAG(s) 'sodai_training_and_scoring' retrieved from /opt/airflow/dags/sodai_pipeline_dag.py
[2025-11-19T19:02:58.642+0000] {logging_mixin.py:188} INFO - [2025-11-19T19:02:58.642+0000] {dag.py:3096} INFO - Sync 1 DAGs
[2025-11-19T19:02:58.653+0000] {logging_mixin.py:188} INFO - [2025-11-19T19:02:58.653+0000] {dag.py:3954} INFO - Setting next_dagrun for sodai_training_and_scoring to None, run_after=None
[2025-11-19T19:02:58.667+0000] {processor.py:183} INFO - Processing /opt/airflow/dags/sodai_pipeline_dag.py took 0.076 seconds
[2025-11-19T19:03:28.870+0000] {processor.py:161} INFO - Started process (PID=1111) to work on /opt/airflow/dags/sodai_pipeline_dag.py
[2025-11-19T19:03:28.871+0000] {processor.py:830} INFO - Processing file /opt/airflow/dags/sodai_pipeline_dag.py for tasks to queue
[2025-11-19T19:03:28.873+0000] {logging_mixin.py:188} INFO - [2025-11-19T19:03:28.872+0000] {dagbag.py:540} INFO - Filling up the DagBag from /opt/airflow/dags/sodai_pipeline_dag.py
[2025-11-19T19:03:28.887+0000] {processor.py:840} INFO - DAG(s) 'sodai_training_and_scoring' retrieved from /opt/airflow/dags/sodai_pipeline_dag.py
[2025-11-19T19:03:28.911+0000] {logging_mixin.py:188} INFO - [2025-11-19T19:03:28.911+0000] {dag.py:3096} INFO - Sync 1 DAGs
[2025-11-19T19:03:28.921+0000] {logging_mixin.py:188} INFO - [2025-11-19T19:03:28.921+0000] {dag.py:3954} INFO - Setting next_dagrun for sodai_training_and_scoring to None, run_after=None
[2025-11-19T19:03:28.937+0000] {processor.py:183} INFO - Processing /opt/airflow/dags/sodai_pipeline_dag.py took 0.071 seconds
[2025-11-19T19:03:59.143+0000] {processor.py:161} INFO - Started process (PID=1121) to work on /opt/airflow/dags/sodai_pipeline_dag.py
[2025-11-19T19:03:59.144+0000] {processor.py:830} INFO - Processing file /opt/airflow/dags/sodai_pipeline_dag.py for tasks to queue
[2025-11-19T19:03:59.145+0000] {logging_mixin.py:188} INFO - [2025-11-19T19:03:59.145+0000] {dagbag.py:540} INFO - Filling up the DagBag from /opt/airflow/dags/sodai_pipeline_dag.py
[2025-11-19T19:03:59.158+0000] {processor.py:840} INFO - DAG(s) 'sodai_training_and_scoring' retrieved from /opt/airflow/dags/sodai_pipeline_dag.py
[2025-11-19T19:03:59.181+0000] {logging_mixin.py:188} INFO - [2025-11-19T19:03:59.181+0000] {dag.py:3096} INFO - Sync 1 DAGs
[2025-11-19T19:03:59.192+0000] {logging_mixin.py:188} INFO - [2025-11-19T19:03:59.192+0000] {dag.py:3954} INFO - Setting next_dagrun for sodai_training_and_scoring to None, run_after=None
[2025-11-19T19:03:59.206+0000] {processor.py:183} INFO - Processing /opt/airflow/dags/sodai_pipeline_dag.py took 0.067 seconds
[2025-11-19T19:04:29.337+0000] {processor.py:161} INFO - Started process (PID=1131) to work on /opt/airflow/dags/sodai_pipeline_dag.py
[2025-11-19T19:04:29.338+0000] {processor.py:830} INFO - Processing file /opt/airflow/dags/sodai_pipeline_dag.py for tasks to queue
[2025-11-19T19:04:29.339+0000] {logging_mixin.py:188} INFO - [2025-11-19T19:04:29.339+0000] {dagbag.py:540} INFO - Filling up the DagBag from /opt/airflow/dags/sodai_pipeline_dag.py
[2025-11-19T19:04:29.355+0000] {processor.py:840} INFO - DAG(s) 'sodai_training_and_scoring' retrieved from /opt/airflow/dags/sodai_pipeline_dag.py
[2025-11-19T19:04:29.378+0000] {logging_mixin.py:188} INFO - [2025-11-19T19:04:29.378+0000] {dag.py:3096} INFO - Sync 1 DAGs
[2025-11-19T19:04:29.387+0000] {logging_mixin.py:188} INFO - [2025-11-19T19:04:29.387+0000] {dag.py:3954} INFO - Setting next_dagrun for sodai_training_and_scoring to None, run_after=None
[2025-11-19T19:04:29.401+0000] {processor.py:183} INFO - Processing /opt/airflow/dags/sodai_pipeline_dag.py took 0.068 seconds
[2025-11-19T19:04:59.583+0000] {processor.py:161} INFO - Started process (PID=1141) to work on /opt/airflow/dags/sodai_pipeline_dag.py
[2025-11-19T19:04:59.584+0000] {processor.py:830} INFO - Processing file /opt/airflow/dags/sodai_pipeline_dag.py for tasks to queue
[2025-11-19T19:04:59.587+0000] {logging_mixin.py:188} INFO - [2025-11-19T19:04:59.586+0000] {dagbag.py:540} INFO - Filling up the DagBag from /opt/airflow/dags/sodai_pipeline_dag.py
[2025-11-19T19:04:59.609+0000] {processor.py:840} INFO - DAG(s) 'sodai_training_and_scoring' retrieved from /opt/airflow/dags/sodai_pipeline_dag.py
[2025-11-19T19:04:59.634+0000] {logging_mixin.py:188} INFO - [2025-11-19T19:04:59.634+0000] {dag.py:3096} INFO - Sync 1 DAGs
[2025-11-19T19:04:59.645+0000] {logging_mixin.py:188} INFO - [2025-11-19T19:04:59.645+0000] {dag.py:3954} INFO - Setting next_dagrun for sodai_training_and_scoring to None, run_after=None
[2025-11-19T19:04:59.661+0000] {processor.py:183} INFO - Processing /opt/airflow/dags/sodai_pipeline_dag.py took 0.084 seconds
[2025-11-19T19:05:29.878+0000] {processor.py:161} INFO - Started process (PID=1151) to work on /opt/airflow/dags/sodai_pipeline_dag.py
[2025-11-19T19:05:29.879+0000] {processor.py:830} INFO - Processing file /opt/airflow/dags/sodai_pipeline_dag.py for tasks to queue
[2025-11-19T19:05:29.880+0000] {logging_mixin.py:188} INFO - [2025-11-19T19:05:29.880+0000] {dagbag.py:540} INFO - Filling up the DagBag from /opt/airflow/dags/sodai_pipeline_dag.py
[2025-11-19T19:05:29.898+0000] {processor.py:840} INFO - DAG(s) 'sodai_training_and_scoring' retrieved from /opt/airflow/dags/sodai_pipeline_dag.py
[2025-11-19T19:05:29.928+0000] {logging_mixin.py:188} INFO - [2025-11-19T19:05:29.928+0000] {dag.py:3096} INFO - Sync 1 DAGs
[2025-11-19T19:05:29.940+0000] {logging_mixin.py:188} INFO - [2025-11-19T19:05:29.940+0000] {dag.py:3954} INFO - Setting next_dagrun for sodai_training_and_scoring to None, run_after=None
[2025-11-19T19:05:29.955+0000] {processor.py:183} INFO - Processing /opt/airflow/dags/sodai_pipeline_dag.py took 0.082 seconds
[2025-11-19T19:06:00.136+0000] {processor.py:161} INFO - Started process (PID=1161) to work on /opt/airflow/dags/sodai_pipeline_dag.py
[2025-11-19T19:06:00.137+0000] {processor.py:830} INFO - Processing file /opt/airflow/dags/sodai_pipeline_dag.py for tasks to queue
[2025-11-19T19:06:00.138+0000] {logging_mixin.py:188} INFO - [2025-11-19T19:06:00.138+0000] {dagbag.py:540} INFO - Filling up the DagBag from /opt/airflow/dags/sodai_pipeline_dag.py
[2025-11-19T19:06:00.152+0000] {processor.py:840} INFO - DAG(s) 'sodai_training_and_scoring' retrieved from /opt/airflow/dags/sodai_pipeline_dag.py
[2025-11-19T19:06:00.173+0000] {logging_mixin.py:188} INFO - [2025-11-19T19:06:00.173+0000] {dag.py:3096} INFO - Sync 1 DAGs
[2025-11-19T19:06:00.182+0000] {logging_mixin.py:188} INFO - [2025-11-19T19:06:00.181+0000] {dag.py:3954} INFO - Setting next_dagrun for sodai_training_and_scoring to None, run_after=None
[2025-11-19T19:06:00.196+0000] {processor.py:183} INFO - Processing /opt/airflow/dags/sodai_pipeline_dag.py took 0.065 seconds
[2025-11-19T19:06:30.353+0000] {processor.py:161} INFO - Started process (PID=1171) to work on /opt/airflow/dags/sodai_pipeline_dag.py
[2025-11-19T19:06:30.354+0000] {processor.py:830} INFO - Processing file /opt/airflow/dags/sodai_pipeline_dag.py for tasks to queue
[2025-11-19T19:06:30.355+0000] {logging_mixin.py:188} INFO - [2025-11-19T19:06:30.355+0000] {dagbag.py:540} INFO - Filling up the DagBag from /opt/airflow/dags/sodai_pipeline_dag.py
[2025-11-19T19:06:30.370+0000] {processor.py:840} INFO - DAG(s) 'sodai_training_and_scoring' retrieved from /opt/airflow/dags/sodai_pipeline_dag.py
[2025-11-19T19:06:30.393+0000] {logging_mixin.py:188} INFO - [2025-11-19T19:06:30.393+0000] {dag.py:3096} INFO - Sync 1 DAGs
[2025-11-19T19:06:30.407+0000] {logging_mixin.py:188} INFO - [2025-11-19T19:06:30.407+0000] {dag.py:3954} INFO - Setting next_dagrun for sodai_training_and_scoring to None, run_after=None
[2025-11-19T19:06:30.426+0000] {processor.py:183} INFO - Processing /opt/airflow/dags/sodai_pipeline_dag.py took 0.077 seconds
[2025-11-19T19:07:00.580+0000] {processor.py:161} INFO - Started process (PID=1181) to work on /opt/airflow/dags/sodai_pipeline_dag.py
[2025-11-19T19:07:00.581+0000] {processor.py:830} INFO - Processing file /opt/airflow/dags/sodai_pipeline_dag.py for tasks to queue
[2025-11-19T19:07:00.582+0000] {logging_mixin.py:188} INFO - [2025-11-19T19:07:00.582+0000] {dagbag.py:540} INFO - Filling up the DagBag from /opt/airflow/dags/sodai_pipeline_dag.py
[2025-11-19T19:07:00.596+0000] {processor.py:840} INFO - DAG(s) 'sodai_training_and_scoring' retrieved from /opt/airflow/dags/sodai_pipeline_dag.py
[2025-11-19T19:07:00.617+0000] {logging_mixin.py:188} INFO - [2025-11-19T19:07:00.617+0000] {dag.py:3096} INFO - Sync 1 DAGs
[2025-11-19T19:07:00.626+0000] {logging_mixin.py:188} INFO - [2025-11-19T19:07:00.626+0000] {dag.py:3954} INFO - Setting next_dagrun for sodai_training_and_scoring to None, run_after=None
[2025-11-19T19:07:00.642+0000] {processor.py:183} INFO - Processing /opt/airflow/dags/sodai_pipeline_dag.py took 0.067 seconds
[2025-11-19T19:07:30.873+0000] {processor.py:161} INFO - Started process (PID=1191) to work on /opt/airflow/dags/sodai_pipeline_dag.py
[2025-11-19T19:07:30.874+0000] {processor.py:830} INFO - Processing file /opt/airflow/dags/sodai_pipeline_dag.py for tasks to queue
[2025-11-19T19:07:30.875+0000] {logging_mixin.py:188} INFO - [2025-11-19T19:07:30.875+0000] {dagbag.py:540} INFO - Filling up the DagBag from /opt/airflow/dags/sodai_pipeline_dag.py
[2025-11-19T19:07:30.889+0000] {processor.py:840} INFO - DAG(s) 'sodai_training_and_scoring' retrieved from /opt/airflow/dags/sodai_pipeline_dag.py
[2025-11-19T19:07:30.923+0000] {logging_mixin.py:188} INFO - [2025-11-19T19:07:30.923+0000] {dag.py:3096} INFO - Sync 1 DAGs
[2025-11-19T19:07:30.934+0000] {logging_mixin.py:188} INFO - [2025-11-19T19:07:30.934+0000] {dag.py:3954} INFO - Setting next_dagrun for sodai_training_and_scoring to None, run_after=None
[2025-11-19T19:07:30.958+0000] {processor.py:183} INFO - Processing /opt/airflow/dags/sodai_pipeline_dag.py took 0.089 seconds
[2025-11-19T19:08:04.196+0000] {processor.py:161} INFO - Started process (PID=1201) to work on /opt/airflow/dags/sodai_pipeline_dag.py
[2025-11-19T19:08:04.197+0000] {processor.py:830} INFO - Processing file /opt/airflow/dags/sodai_pipeline_dag.py for tasks to queue
[2025-11-19T19:08:04.198+0000] {logging_mixin.py:188} INFO - [2025-11-19T19:08:04.198+0000] {dagbag.py:540} INFO - Filling up the DagBag from /opt/airflow/dags/sodai_pipeline_dag.py
[2025-11-19T19:08:04.212+0000] {processor.py:840} INFO - DAG(s) 'sodai_training_and_scoring' retrieved from /opt/airflow/dags/sodai_pipeline_dag.py
[2025-11-19T19:08:04.233+0000] {logging_mixin.py:188} INFO - [2025-11-19T19:08:04.233+0000] {dag.py:3096} INFO - Sync 1 DAGs
[2025-11-19T19:08:04.243+0000] {logging_mixin.py:188} INFO - [2025-11-19T19:08:04.243+0000] {dag.py:3954} INFO - Setting next_dagrun for sodai_training_and_scoring to None, run_after=None
[2025-11-19T19:08:04.258+0000] {processor.py:183} INFO - Processing /opt/airflow/dags/sodai_pipeline_dag.py took 0.066 seconds
[2025-11-19T19:08:37.423+0000] {processor.py:161} INFO - Started process (PID=1211) to work on /opt/airflow/dags/sodai_pipeline_dag.py
[2025-11-19T19:08:37.424+0000] {processor.py:830} INFO - Processing file /opt/airflow/dags/sodai_pipeline_dag.py for tasks to queue
[2025-11-19T19:08:37.426+0000] {logging_mixin.py:188} INFO - [2025-11-19T19:08:37.425+0000] {dagbag.py:540} INFO - Filling up the DagBag from /opt/airflow/dags/sodai_pipeline_dag.py
[2025-11-19T19:08:37.440+0000] {processor.py:840} INFO - DAG(s) 'sodai_training_and_scoring' retrieved from /opt/airflow/dags/sodai_pipeline_dag.py
[2025-11-19T19:08:37.463+0000] {logging_mixin.py:188} INFO - [2025-11-19T19:08:37.463+0000] {dag.py:3096} INFO - Sync 1 DAGs
[2025-11-19T19:08:37.472+0000] {logging_mixin.py:188} INFO - [2025-11-19T19:08:37.472+0000] {dag.py:3954} INFO - Setting next_dagrun for sodai_training_and_scoring to None, run_after=None
[2025-11-19T19:08:37.486+0000] {processor.py:183} INFO - Processing /opt/airflow/dags/sodai_pipeline_dag.py took 0.067 seconds
[2025-11-19T19:09:07.769+0000] {processor.py:161} INFO - Started process (PID=1221) to work on /opt/airflow/dags/sodai_pipeline_dag.py
[2025-11-19T19:09:07.770+0000] {processor.py:830} INFO - Processing file /opt/airflow/dags/sodai_pipeline_dag.py for tasks to queue
[2025-11-19T19:09:07.772+0000] {logging_mixin.py:188} INFO - [2025-11-19T19:09:07.772+0000] {dagbag.py:540} INFO - Filling up the DagBag from /opt/airflow/dags/sodai_pipeline_dag.py
[2025-11-19T19:09:07.786+0000] {processor.py:840} INFO - DAG(s) 'sodai_training_and_scoring' retrieved from /opt/airflow/dags/sodai_pipeline_dag.py
[2025-11-19T19:09:07.808+0000] {logging_mixin.py:188} INFO - [2025-11-19T19:09:07.807+0000] {dag.py:3096} INFO - Sync 1 DAGs
[2025-11-19T19:09:07.818+0000] {logging_mixin.py:188} INFO - [2025-11-19T19:09:07.817+0000] {dag.py:3954} INFO - Setting next_dagrun for sodai_training_and_scoring to None, run_after=None
[2025-11-19T19:09:09.743+0000] {processor.py:183} INFO - Processing /opt/airflow/dags/sodai_pipeline_dag.py took 0.068 seconds
[2025-11-19T19:09:42.974+0000] {processor.py:161} INFO - Started process (PID=1236) to work on /opt/airflow/dags/sodai_pipeline_dag.py
[2025-11-19T19:09:42.975+0000] {processor.py:830} INFO - Processing file /opt/airflow/dags/sodai_pipeline_dag.py for tasks to queue
[2025-11-19T19:09:42.976+0000] {logging_mixin.py:188} INFO - [2025-11-19T19:09:42.976+0000] {dagbag.py:540} INFO - Filling up the DagBag from /opt/airflow/dags/sodai_pipeline_dag.py
[2025-11-19T19:09:42.988+0000] {processor.py:840} INFO - DAG(s) 'sodai_training_and_scoring' retrieved from /opt/airflow/dags/sodai_pipeline_dag.py
[2025-11-19T19:09:43.006+0000] {logging_mixin.py:188} INFO - [2025-11-19T19:09:43.006+0000] {dag.py:3096} INFO - Sync 1 DAGs
[2025-11-19T19:09:43.017+0000] {logging_mixin.py:188} INFO - [2025-11-19T19:09:43.017+0000] {dag.py:3954} INFO - Setting next_dagrun for sodai_training_and_scoring to None, run_after=None
[2025-11-19T19:09:43.030+0000] {processor.py:183} INFO - Processing /opt/airflow/dags/sodai_pipeline_dag.py took 0.060 seconds
[2025-11-19T19:10:16.242+0000] {processor.py:161} INFO - Started process (PID=1246) to work on /opt/airflow/dags/sodai_pipeline_dag.py
[2025-11-19T19:10:16.243+0000] {processor.py:830} INFO - Processing file /opt/airflow/dags/sodai_pipeline_dag.py for tasks to queue
[2025-11-19T19:10:16.244+0000] {logging_mixin.py:188} INFO - [2025-11-19T19:10:16.244+0000] {dagbag.py:540} INFO - Filling up the DagBag from /opt/airflow/dags/sodai_pipeline_dag.py
[2025-11-19T19:10:16.257+0000] {processor.py:840} INFO - DAG(s) 'sodai_training_and_scoring' retrieved from /opt/airflow/dags/sodai_pipeline_dag.py
[2025-11-19T19:10:16.276+0000] {logging_mixin.py:188} INFO - [2025-11-19T19:10:16.276+0000] {dag.py:3096} INFO - Sync 1 DAGs
[2025-11-19T19:10:16.284+0000] {logging_mixin.py:188} INFO - [2025-11-19T19:10:16.284+0000] {dag.py:3954} INFO - Setting next_dagrun for sodai_training_and_scoring to None, run_after=None
[2025-11-19T19:10:16.298+0000] {processor.py:183} INFO - Processing /opt/airflow/dags/sodai_pipeline_dag.py took 0.059 seconds
[2025-11-19T19:10:49.451+0000] {processor.py:161} INFO - Started process (PID=1256) to work on /opt/airflow/dags/sodai_pipeline_dag.py
[2025-11-19T19:10:49.452+0000] {processor.py:830} INFO - Processing file /opt/airflow/dags/sodai_pipeline_dag.py for tasks to queue
[2025-11-19T19:10:49.453+0000] {logging_mixin.py:188} INFO - [2025-11-19T19:10:49.453+0000] {dagbag.py:540} INFO - Filling up the DagBag from /opt/airflow/dags/sodai_pipeline_dag.py
[2025-11-19T19:10:49.465+0000] {processor.py:840} INFO - DAG(s) 'sodai_training_and_scoring' retrieved from /opt/airflow/dags/sodai_pipeline_dag.py
[2025-11-19T19:10:49.484+0000] {logging_mixin.py:188} INFO - [2025-11-19T19:10:49.484+0000] {dag.py:3096} INFO - Sync 1 DAGs
[2025-11-19T19:10:49.492+0000] {logging_mixin.py:188} INFO - [2025-11-19T19:10:49.492+0000] {dag.py:3954} INFO - Setting next_dagrun for sodai_training_and_scoring to None, run_after=None
[2025-11-19T19:10:49.504+0000] {processor.py:183} INFO - Processing /opt/airflow/dags/sodai_pipeline_dag.py took 0.056 seconds
[2025-11-19T19:11:22.716+0000] {processor.py:161} INFO - Started process (PID=1266) to work on /opt/airflow/dags/sodai_pipeline_dag.py
[2025-11-19T19:11:22.717+0000] {processor.py:830} INFO - Processing file /opt/airflow/dags/sodai_pipeline_dag.py for tasks to queue
[2025-11-19T19:11:22.719+0000] {logging_mixin.py:188} INFO - [2025-11-19T19:11:22.719+0000] {dagbag.py:540} INFO - Filling up the DagBag from /opt/airflow/dags/sodai_pipeline_dag.py
[2025-11-19T19:11:22.734+0000] {processor.py:840} INFO - DAG(s) 'sodai_training_and_scoring' retrieved from /opt/airflow/dags/sodai_pipeline_dag.py
[2025-11-19T19:11:22.753+0000] {logging_mixin.py:188} INFO - [2025-11-19T19:11:22.753+0000] {dag.py:3096} INFO - Sync 1 DAGs
[2025-11-19T19:11:22.762+0000] {logging_mixin.py:188} INFO - [2025-11-19T19:11:22.762+0000] {dag.py:3954} INFO - Setting next_dagrun for sodai_training_and_scoring to None, run_after=None
[2025-11-19T19:11:22.776+0000] {processor.py:183} INFO - Processing /opt/airflow/dags/sodai_pipeline_dag.py took 0.063 seconds
[2025-11-19T19:11:53.146+0000] {processor.py:161} INFO - Started process (PID=1276) to work on /opt/airflow/dags/sodai_pipeline_dag.py
[2025-11-19T19:11:53.147+0000] {processor.py:830} INFO - Processing file /opt/airflow/dags/sodai_pipeline_dag.py for tasks to queue
[2025-11-19T19:11:53.149+0000] {logging_mixin.py:188} INFO - [2025-11-19T19:11:53.148+0000] {dagbag.py:540} INFO - Filling up the DagBag from /opt/airflow/dags/sodai_pipeline_dag.py
[2025-11-19T19:11:53.164+0000] {processor.py:840} INFO - DAG(s) 'sodai_training_and_scoring' retrieved from /opt/airflow/dags/sodai_pipeline_dag.py
[2025-11-19T19:11:55.099+0000] {logging_mixin.py:188} INFO - [2025-11-19T19:11:55.099+0000] {dag.py:3096} INFO - Sync 1 DAGs
[2025-11-19T19:11:55.107+0000] {logging_mixin.py:188} INFO - [2025-11-19T19:11:55.107+0000] {dag.py:3954} INFO - Setting next_dagrun for sodai_training_and_scoring to None, run_after=None
[2025-11-19T19:11:55.120+0000] {processor.py:183} INFO - Processing /opt/airflow/dags/sodai_pipeline_dag.py took 0.066 seconds
[2025-11-19T19:12:28.342+0000] {processor.py:161} INFO - Started process (PID=1286) to work on /opt/airflow/dags/sodai_pipeline_dag.py
[2025-11-19T19:12:28.342+0000] {processor.py:830} INFO - Processing file /opt/airflow/dags/sodai_pipeline_dag.py for tasks to queue
[2025-11-19T19:12:28.343+0000] {logging_mixin.py:188} INFO - [2025-11-19T19:12:28.343+0000] {dagbag.py:540} INFO - Filling up the DagBag from /opt/airflow/dags/sodai_pipeline_dag.py
[2025-11-19T19:12:28.356+0000] {processor.py:840} INFO - DAG(s) 'sodai_training_and_scoring' retrieved from /opt/airflow/dags/sodai_pipeline_dag.py
[2025-11-19T19:12:28.377+0000] {logging_mixin.py:188} INFO - [2025-11-19T19:12:28.377+0000] {dag.py:3096} INFO - Sync 1 DAGs
[2025-11-19T19:12:28.386+0000] {logging_mixin.py:188} INFO - [2025-11-19T19:12:28.386+0000] {dag.py:3954} INFO - Setting next_dagrun for sodai_training_and_scoring to None, run_after=None
[2025-11-19T19:12:28.402+0000] {processor.py:183} INFO - Processing /opt/airflow/dags/sodai_pipeline_dag.py took 0.064 seconds
[2025-11-19T19:13:01.713+0000] {processor.py:161} INFO - Started process (PID=1296) to work on /opt/airflow/dags/sodai_pipeline_dag.py
[2025-11-19T19:13:01.714+0000] {processor.py:830} INFO - Processing file /opt/airflow/dags/sodai_pipeline_dag.py for tasks to queue
[2025-11-19T19:13:01.716+0000] {logging_mixin.py:188} INFO - [2025-11-19T19:13:01.715+0000] {dagbag.py:540} INFO - Filling up the DagBag from /opt/airflow/dags/sodai_pipeline_dag.py
[2025-11-19T19:13:01.734+0000] {processor.py:840} INFO - DAG(s) 'sodai_training_and_scoring' retrieved from /opt/airflow/dags/sodai_pipeline_dag.py
[2025-11-19T19:13:01.757+0000] {logging_mixin.py:188} INFO - [2025-11-19T19:13:01.757+0000] {dag.py:3096} INFO - Sync 1 DAGs
[2025-11-19T19:13:01.770+0000] {logging_mixin.py:188} INFO - [2025-11-19T19:13:01.770+0000] {dag.py:3954} INFO - Setting next_dagrun for sodai_training_and_scoring to None, run_after=None
[2025-11-19T19:13:01.784+0000] {processor.py:183} INFO - Processing /opt/airflow/dags/sodai_pipeline_dag.py took 0.076 seconds
[2025-11-19T19:13:34.946+0000] {processor.py:161} INFO - Started process (PID=1306) to work on /opt/airflow/dags/sodai_pipeline_dag.py
[2025-11-19T19:13:34.947+0000] {processor.py:830} INFO - Processing file /opt/airflow/dags/sodai_pipeline_dag.py for tasks to queue
[2025-11-19T19:13:34.948+0000] {logging_mixin.py:188} INFO - [2025-11-19T19:13:34.948+0000] {dagbag.py:540} INFO - Filling up the DagBag from /opt/airflow/dags/sodai_pipeline_dag.py
[2025-11-19T19:13:34.966+0000] {processor.py:840} INFO - DAG(s) 'sodai_training_and_scoring' retrieved from /opt/airflow/dags/sodai_pipeline_dag.py
[2025-11-19T19:13:34.987+0000] {logging_mixin.py:188} INFO - [2025-11-19T19:13:34.986+0000] {dag.py:3096} INFO - Sync 1 DAGs
[2025-11-19T19:13:34.996+0000] {logging_mixin.py:188} INFO - [2025-11-19T19:13:34.996+0000] {dag.py:3954} INFO - Setting next_dagrun for sodai_training_and_scoring to None, run_after=None
[2025-11-19T19:13:35.009+0000] {processor.py:183} INFO - Processing /opt/airflow/dags/sodai_pipeline_dag.py took 0.067 seconds
[2025-11-19T19:14:05.392+0000] {processor.py:161} INFO - Started process (PID=1316) to work on /opt/airflow/dags/sodai_pipeline_dag.py
[2025-11-19T19:14:05.393+0000] {processor.py:830} INFO - Processing file /opt/airflow/dags/sodai_pipeline_dag.py for tasks to queue
[2025-11-19T19:14:05.395+0000] {logging_mixin.py:188} INFO - [2025-11-19T19:14:05.394+0000] {dagbag.py:540} INFO - Filling up the DagBag from /opt/airflow/dags/sodai_pipeline_dag.py
[2025-11-19T19:14:05.411+0000] {processor.py:840} INFO - DAG(s) 'sodai_training_and_scoring' retrieved from /opt/airflow/dags/sodai_pipeline_dag.py
[2025-11-19T19:14:05.436+0000] {logging_mixin.py:188} INFO - [2025-11-19T19:14:05.436+0000] {dag.py:3096} INFO - Sync 1 DAGs
[2025-11-19T19:14:05.446+0000] {logging_mixin.py:188} INFO - [2025-11-19T19:14:05.446+0000] {dag.py:3954} INFO - Setting next_dagrun for sodai_training_and_scoring to None, run_after=None
[2025-11-19T19:14:05.461+0000] {processor.py:183} INFO - Processing /opt/airflow/dags/sodai_pipeline_dag.py took 0.073 seconds
[2025-11-19T19:14:36.467+0000] {processor.py:161} INFO - Started process (PID=1326) to work on /opt/airflow/dags/sodai_pipeline_dag.py
[2025-11-19T19:14:36.469+0000] {processor.py:830} INFO - Processing file /opt/airflow/dags/sodai_pipeline_dag.py for tasks to queue
[2025-11-19T19:14:36.470+0000] {logging_mixin.py:188} INFO - [2025-11-19T19:14:36.470+0000] {dagbag.py:540} INFO - Filling up the DagBag from /opt/airflow/dags/sodai_pipeline_dag.py
[2025-11-19T19:14:36.485+0000] {processor.py:840} INFO - DAG(s) 'sodai_training_and_scoring' retrieved from /opt/airflow/dags/sodai_pipeline_dag.py
[2025-11-19T19:14:36.508+0000] {logging_mixin.py:188} INFO - [2025-11-19T19:14:36.508+0000] {dag.py:3096} INFO - Sync 1 DAGs
[2025-11-19T19:14:36.518+0000] {logging_mixin.py:188} INFO - [2025-11-19T19:14:36.518+0000] {dag.py:3954} INFO - Setting next_dagrun for sodai_training_and_scoring to None, run_after=None
[2025-11-19T19:14:36.535+0000] {processor.py:183} INFO - Processing /opt/airflow/dags/sodai_pipeline_dag.py took 0.072 seconds
[2025-11-19T19:15:06.733+0000] {processor.py:161} INFO - Started process (PID=1336) to work on /opt/airflow/dags/sodai_pipeline_dag.py
[2025-11-19T19:15:06.734+0000] {processor.py:830} INFO - Processing file /opt/airflow/dags/sodai_pipeline_dag.py for tasks to queue
[2025-11-19T19:15:06.736+0000] {logging_mixin.py:188} INFO - [2025-11-19T19:15:06.736+0000] {dagbag.py:540} INFO - Filling up the DagBag from /opt/airflow/dags/sodai_pipeline_dag.py
[2025-11-19T19:15:06.750+0000] {processor.py:840} INFO - DAG(s) 'sodai_training_and_scoring' retrieved from /opt/airflow/dags/sodai_pipeline_dag.py
[2025-11-19T19:15:06.773+0000] {logging_mixin.py:188} INFO - [2025-11-19T19:15:06.773+0000] {dag.py:3096} INFO - Sync 1 DAGs
[2025-11-19T19:15:06.784+0000] {logging_mixin.py:188} INFO - [2025-11-19T19:15:06.784+0000] {dag.py:3954} INFO - Setting next_dagrun for sodai_training_and_scoring to None, run_after=None
[2025-11-19T19:15:06.800+0000] {processor.py:183} INFO - Processing /opt/airflow/dags/sodai_pipeline_dag.py took 0.071 seconds
[2025-11-19T19:15:36.949+0000] {processor.py:161} INFO - Started process (PID=1346) to work on /opt/airflow/dags/sodai_pipeline_dag.py
[2025-11-19T19:15:36.950+0000] {processor.py:830} INFO - Processing file /opt/airflow/dags/sodai_pipeline_dag.py for tasks to queue
[2025-11-19T19:15:36.951+0000] {logging_mixin.py:188} INFO - [2025-11-19T19:15:36.951+0000] {dagbag.py:540} INFO - Filling up the DagBag from /opt/airflow/dags/sodai_pipeline_dag.py
[2025-11-19T19:15:36.965+0000] {processor.py:840} INFO - DAG(s) 'sodai_training_and_scoring' retrieved from /opt/airflow/dags/sodai_pipeline_dag.py
[2025-11-19T19:15:36.989+0000] {logging_mixin.py:188} INFO - [2025-11-19T19:15:36.988+0000] {dag.py:3096} INFO - Sync 1 DAGs
[2025-11-19T19:15:36.999+0000] {logging_mixin.py:188} INFO - [2025-11-19T19:15:36.999+0000] {dag.py:3954} INFO - Setting next_dagrun for sodai_training_and_scoring to None, run_after=None
[2025-11-19T19:15:37.015+0000] {processor.py:183} INFO - Processing /opt/airflow/dags/sodai_pipeline_dag.py took 0.070 seconds
[2025-11-19T19:16:07.242+0000] {processor.py:161} INFO - Started process (PID=1356) to work on /opt/airflow/dags/sodai_pipeline_dag.py
[2025-11-19T19:16:07.243+0000] {processor.py:830} INFO - Processing file /opt/airflow/dags/sodai_pipeline_dag.py for tasks to queue
[2025-11-19T19:16:07.244+0000] {logging_mixin.py:188} INFO - [2025-11-19T19:16:07.244+0000] {dagbag.py:540} INFO - Filling up the DagBag from /opt/airflow/dags/sodai_pipeline_dag.py
[2025-11-19T19:16:07.257+0000] {processor.py:840} INFO - DAG(s) 'sodai_training_and_scoring' retrieved from /opt/airflow/dags/sodai_pipeline_dag.py
[2025-11-19T19:16:07.282+0000] {logging_mixin.py:188} INFO - [2025-11-19T19:16:07.282+0000] {dag.py:3096} INFO - Sync 1 DAGs
[2025-11-19T19:16:07.291+0000] {logging_mixin.py:188} INFO - [2025-11-19T19:16:07.291+0000] {dag.py:3954} INFO - Setting next_dagrun for sodai_training_and_scoring to None, run_after=None
[2025-11-19T19:16:07.307+0000] {processor.py:183} INFO - Processing /opt/airflow/dags/sodai_pipeline_dag.py took 0.069 seconds
[2025-11-19T19:16:37.542+0000] {processor.py:161} INFO - Started process (PID=1366) to work on /opt/airflow/dags/sodai_pipeline_dag.py
[2025-11-19T19:16:37.543+0000] {processor.py:830} INFO - Processing file /opt/airflow/dags/sodai_pipeline_dag.py for tasks to queue
[2025-11-19T19:16:37.545+0000] {logging_mixin.py:188} INFO - [2025-11-19T19:16:37.544+0000] {dagbag.py:540} INFO - Filling up the DagBag from /opt/airflow/dags/sodai_pipeline_dag.py
[2025-11-19T19:16:37.561+0000] {processor.py:840} INFO - DAG(s) 'sodai_training_and_scoring' retrieved from /opt/airflow/dags/sodai_pipeline_dag.py
[2025-11-19T19:16:37.584+0000] {logging_mixin.py:188} INFO - [2025-11-19T19:16:37.583+0000] {dag.py:3096} INFO - Sync 1 DAGs
[2025-11-19T19:16:37.593+0000] {logging_mixin.py:188} INFO - [2025-11-19T19:16:37.593+0000] {dag.py:3954} INFO - Setting next_dagrun for sodai_training_and_scoring to None, run_after=None
[2025-11-19T19:16:37.612+0000] {processor.py:183} INFO - Processing /opt/airflow/dags/sodai_pipeline_dag.py took 0.073 seconds
[2025-11-19T19:17:07.861+0000] {processor.py:161} INFO - Started process (PID=1376) to work on /opt/airflow/dags/sodai_pipeline_dag.py
[2025-11-19T19:17:07.862+0000] {processor.py:830} INFO - Processing file /opt/airflow/dags/sodai_pipeline_dag.py for tasks to queue
[2025-11-19T19:17:07.864+0000] {logging_mixin.py:188} INFO - [2025-11-19T19:17:07.864+0000] {dagbag.py:540} INFO - Filling up the DagBag from /opt/airflow/dags/sodai_pipeline_dag.py
[2025-11-19T19:17:07.881+0000] {processor.py:840} INFO - DAG(s) 'sodai_training_and_scoring' retrieved from /opt/airflow/dags/sodai_pipeline_dag.py
[2025-11-19T19:17:07.902+0000] {logging_mixin.py:188} INFO - [2025-11-19T19:17:07.902+0000] {dag.py:3096} INFO - Sync 1 DAGs
[2025-11-19T19:17:07.914+0000] {logging_mixin.py:188} INFO - [2025-11-19T19:17:07.914+0000] {dag.py:3954} INFO - Setting next_dagrun for sodai_training_and_scoring to None, run_after=None
[2025-11-19T19:17:07.932+0000] {processor.py:183} INFO - Processing /opt/airflow/dags/sodai_pipeline_dag.py took 0.076 seconds
[2025-11-19T19:17:38.161+0000] {processor.py:161} INFO - Started process (PID=1386) to work on /opt/airflow/dags/sodai_pipeline_dag.py
[2025-11-19T19:17:38.162+0000] {processor.py:830} INFO - Processing file /opt/airflow/dags/sodai_pipeline_dag.py for tasks to queue
[2025-11-19T19:17:38.163+0000] {logging_mixin.py:188} INFO - [2025-11-19T19:17:38.163+0000] {dagbag.py:540} INFO - Filling up the DagBag from /opt/airflow/dags/sodai_pipeline_dag.py
[2025-11-19T19:17:38.178+0000] {processor.py:840} INFO - DAG(s) 'sodai_training_and_scoring' retrieved from /opt/airflow/dags/sodai_pipeline_dag.py
[2025-11-19T19:17:38.198+0000] {logging_mixin.py:188} INFO - [2025-11-19T19:17:38.197+0000] {dag.py:3096} INFO - Sync 1 DAGs
[2025-11-19T19:17:38.208+0000] {logging_mixin.py:188} INFO - [2025-11-19T19:17:38.208+0000] {dag.py:3954} INFO - Setting next_dagrun for sodai_training_and_scoring to None, run_after=None
[2025-11-19T19:17:38.221+0000] {processor.py:183} INFO - Processing /opt/airflow/dags/sodai_pipeline_dag.py took 0.064 seconds
[2025-11-19T19:18:08.372+0000] {processor.py:161} INFO - Started process (PID=1396) to work on /opt/airflow/dags/sodai_pipeline_dag.py
[2025-11-19T19:18:08.373+0000] {processor.py:830} INFO - Processing file /opt/airflow/dags/sodai_pipeline_dag.py for tasks to queue
[2025-11-19T19:18:08.374+0000] {logging_mixin.py:188} INFO - [2025-11-19T19:18:08.374+0000] {dagbag.py:540} INFO - Filling up the DagBag from /opt/airflow/dags/sodai_pipeline_dag.py
[2025-11-19T19:18:08.388+0000] {processor.py:840} INFO - DAG(s) 'sodai_training_and_scoring' retrieved from /opt/airflow/dags/sodai_pipeline_dag.py
[2025-11-19T19:18:08.409+0000] {logging_mixin.py:188} INFO - [2025-11-19T19:18:08.408+0000] {dag.py:3096} INFO - Sync 1 DAGs
[2025-11-19T19:18:08.418+0000] {logging_mixin.py:188} INFO - [2025-11-19T19:18:08.418+0000] {dag.py:3954} INFO - Setting next_dagrun for sodai_training_and_scoring to None, run_after=None
[2025-11-19T19:18:08.431+0000] {processor.py:183} INFO - Processing /opt/airflow/dags/sodai_pipeline_dag.py took 0.064 seconds
[2025-11-19T19:18:38.683+0000] {processor.py:161} INFO - Started process (PID=1406) to work on /opt/airflow/dags/sodai_pipeline_dag.py
[2025-11-19T19:18:38.684+0000] {processor.py:830} INFO - Processing file /opt/airflow/dags/sodai_pipeline_dag.py for tasks to queue
[2025-11-19T19:18:38.685+0000] {logging_mixin.py:188} INFO - [2025-11-19T19:18:38.685+0000] {dagbag.py:540} INFO - Filling up the DagBag from /opt/airflow/dags/sodai_pipeline_dag.py
[2025-11-19T19:18:38.699+0000] {processor.py:840} INFO - DAG(s) 'sodai_training_and_scoring' retrieved from /opt/airflow/dags/sodai_pipeline_dag.py
[2025-11-19T19:18:38.719+0000] {logging_mixin.py:188} INFO - [2025-11-19T19:18:38.718+0000] {dag.py:3096} INFO - Sync 1 DAGs
[2025-11-19T19:18:38.729+0000] {logging_mixin.py:188} INFO - [2025-11-19T19:18:38.728+0000] {dag.py:3954} INFO - Setting next_dagrun for sodai_training_and_scoring to None, run_after=None
[2025-11-19T19:18:38.742+0000] {processor.py:183} INFO - Processing /opt/airflow/dags/sodai_pipeline_dag.py took 0.063 seconds
[2025-11-19T19:19:08.917+0000] {processor.py:161} INFO - Started process (PID=1416) to work on /opt/airflow/dags/sodai_pipeline_dag.py
[2025-11-19T19:19:08.918+0000] {processor.py:830} INFO - Processing file /opt/airflow/dags/sodai_pipeline_dag.py for tasks to queue
[2025-11-19T19:19:08.919+0000] {logging_mixin.py:188} INFO - [2025-11-19T19:19:08.919+0000] {dagbag.py:540} INFO - Filling up the DagBag from /opt/airflow/dags/sodai_pipeline_dag.py
[2025-11-19T19:19:08.932+0000] {processor.py:840} INFO - DAG(s) 'sodai_training_and_scoring' retrieved from /opt/airflow/dags/sodai_pipeline_dag.py
[2025-11-19T19:19:08.953+0000] {logging_mixin.py:188} INFO - [2025-11-19T19:19:08.953+0000] {dag.py:3096} INFO - Sync 1 DAGs
[2025-11-19T19:19:08.962+0000] {logging_mixin.py:188} INFO - [2025-11-19T19:19:08.962+0000] {dag.py:3954} INFO - Setting next_dagrun for sodai_training_and_scoring to None, run_after=None
[2025-11-19T19:19:08.976+0000] {processor.py:183} INFO - Processing /opt/airflow/dags/sodai_pipeline_dag.py took 0.063 seconds
[2025-11-19T19:19:39.154+0000] {processor.py:161} INFO - Started process (PID=1426) to work on /opt/airflow/dags/sodai_pipeline_dag.py
[2025-11-19T19:19:39.154+0000] {processor.py:830} INFO - Processing file /opt/airflow/dags/sodai_pipeline_dag.py for tasks to queue
[2025-11-19T19:19:39.156+0000] {logging_mixin.py:188} INFO - [2025-11-19T19:19:39.155+0000] {dagbag.py:540} INFO - Filling up the DagBag from /opt/airflow/dags/sodai_pipeline_dag.py
[2025-11-19T19:19:39.169+0000] {processor.py:840} INFO - DAG(s) 'sodai_training_and_scoring' retrieved from /opt/airflow/dags/sodai_pipeline_dag.py
[2025-11-19T19:19:39.193+0000] {logging_mixin.py:188} INFO - [2025-11-19T19:19:39.193+0000] {dag.py:3096} INFO - Sync 1 DAGs
[2025-11-19T19:19:39.202+0000] {logging_mixin.py:188} INFO - [2025-11-19T19:19:39.202+0000] {dag.py:3954} INFO - Setting next_dagrun for sodai_training_and_scoring to None, run_after=None
[2025-11-19T19:19:39.216+0000] {processor.py:183} INFO - Processing /opt/airflow/dags/sodai_pipeline_dag.py took 0.066 seconds
[2025-11-19T19:20:11.401+0000] {processor.py:161} INFO - Started process (PID=1436) to work on /opt/airflow/dags/sodai_pipeline_dag.py
[2025-11-19T19:20:11.402+0000] {processor.py:830} INFO - Processing file /opt/airflow/dags/sodai_pipeline_dag.py for tasks to queue
[2025-11-19T19:20:11.403+0000] {logging_mixin.py:188} INFO - [2025-11-19T19:20:11.403+0000] {dagbag.py:540} INFO - Filling up the DagBag from /opt/airflow/dags/sodai_pipeline_dag.py
[2025-11-19T19:20:11.418+0000] {processor.py:840} INFO - DAG(s) 'sodai_training_and_scoring' retrieved from /opt/airflow/dags/sodai_pipeline_dag.py
[2025-11-19T19:20:11.439+0000] {logging_mixin.py:188} INFO - [2025-11-19T19:20:11.438+0000] {dag.py:3096} INFO - Sync 1 DAGs
[2025-11-19T19:20:11.450+0000] {logging_mixin.py:188} INFO - [2025-11-19T19:20:11.449+0000] {dag.py:3954} INFO - Setting next_dagrun for sodai_training_and_scoring to None, run_after=None
[2025-11-19T19:20:11.463+0000] {processor.py:183} INFO - Processing /opt/airflow/dags/sodai_pipeline_dag.py took 0.066 seconds
[2025-11-19T19:20:44.731+0000] {processor.py:161} INFO - Started process (PID=1446) to work on /opt/airflow/dags/sodai_pipeline_dag.py
[2025-11-19T19:20:44.732+0000] {processor.py:830} INFO - Processing file /opt/airflow/dags/sodai_pipeline_dag.py for tasks to queue
[2025-11-19T19:20:44.733+0000] {logging_mixin.py:188} INFO - [2025-11-19T19:20:44.733+0000] {dagbag.py:540} INFO - Filling up the DagBag from /opt/airflow/dags/sodai_pipeline_dag.py
[2025-11-19T19:20:44.747+0000] {processor.py:840} INFO - DAG(s) 'sodai_training_and_scoring' retrieved from /opt/airflow/dags/sodai_pipeline_dag.py
[2025-11-19T19:20:44.769+0000] {logging_mixin.py:188} INFO - [2025-11-19T19:20:44.769+0000] {dag.py:3096} INFO - Sync 1 DAGs
[2025-11-19T19:20:44.779+0000] {logging_mixin.py:188} INFO - [2025-11-19T19:20:44.779+0000] {dag.py:3954} INFO - Setting next_dagrun for sodai_training_and_scoring to None, run_after=None
[2025-11-19T19:20:44.797+0000] {processor.py:183} INFO - Processing /opt/airflow/dags/sodai_pipeline_dag.py took 0.071 seconds
[2025-11-19T19:21:18.049+0000] {processor.py:161} INFO - Started process (PID=1456) to work on /opt/airflow/dags/sodai_pipeline_dag.py
[2025-11-19T19:21:18.050+0000] {processor.py:830} INFO - Processing file /opt/airflow/dags/sodai_pipeline_dag.py for tasks to queue
[2025-11-19T19:21:18.051+0000] {logging_mixin.py:188} INFO - [2025-11-19T19:21:18.051+0000] {dagbag.py:540} INFO - Filling up the DagBag from /opt/airflow/dags/sodai_pipeline_dag.py
[2025-11-19T19:21:18.066+0000] {processor.py:840} INFO - DAG(s) 'sodai_training_and_scoring' retrieved from /opt/airflow/dags/sodai_pipeline_dag.py
[2025-11-19T19:21:18.086+0000] {logging_mixin.py:188} INFO - [2025-11-19T19:21:18.086+0000] {dag.py:3096} INFO - Sync 1 DAGs
[2025-11-19T19:21:18.096+0000] {logging_mixin.py:188} INFO - [2025-11-19T19:21:18.096+0000] {dag.py:3954} INFO - Setting next_dagrun for sodai_training_and_scoring to None, run_after=None
[2025-11-19T19:21:18.110+0000] {processor.py:183} INFO - Processing /opt/airflow/dags/sodai_pipeline_dag.py took 0.065 seconds
[2025-11-19T19:21:51.426+0000] {processor.py:161} INFO - Started process (PID=1466) to work on /opt/airflow/dags/sodai_pipeline_dag.py
[2025-11-19T19:21:51.426+0000] {processor.py:830} INFO - Processing file /opt/airflow/dags/sodai_pipeline_dag.py for tasks to queue
[2025-11-19T19:21:51.428+0000] {logging_mixin.py:188} INFO - [2025-11-19T19:21:51.428+0000] {dagbag.py:540} INFO - Filling up the DagBag from /opt/airflow/dags/sodai_pipeline_dag.py
[2025-11-19T19:21:51.443+0000] {processor.py:840} INFO - DAG(s) 'sodai_training_and_scoring' retrieved from /opt/airflow/dags/sodai_pipeline_dag.py
[2025-11-19T19:21:51.469+0000] {logging_mixin.py:188} INFO - [2025-11-19T19:21:51.469+0000] {dag.py:3096} INFO - Sync 1 DAGs
[2025-11-19T19:21:51.481+0000] {logging_mixin.py:188} INFO - [2025-11-19T19:21:51.481+0000] {dag.py:3954} INFO - Setting next_dagrun for sodai_training_and_scoring to None, run_after=None
[2025-11-19T19:21:51.498+0000] {processor.py:183} INFO - Processing /opt/airflow/dags/sodai_pipeline_dag.py took 0.077 seconds
[2025-11-19T19:22:21.709+0000] {processor.py:161} INFO - Started process (PID=1476) to work on /opt/airflow/dags/sodai_pipeline_dag.py
[2025-11-19T19:22:21.710+0000] {processor.py:830} INFO - Processing file /opt/airflow/dags/sodai_pipeline_dag.py for tasks to queue
[2025-11-19T19:22:21.711+0000] {logging_mixin.py:188} INFO - [2025-11-19T19:22:21.711+0000] {dagbag.py:540} INFO - Filling up the DagBag from /opt/airflow/dags/sodai_pipeline_dag.py
[2025-11-19T19:22:21.727+0000] {processor.py:840} INFO - DAG(s) 'sodai_training_and_scoring' retrieved from /opt/airflow/dags/sodai_pipeline_dag.py
[2025-11-19T19:22:21.749+0000] {logging_mixin.py:188} INFO - [2025-11-19T19:22:21.748+0000] {dag.py:3096} INFO - Sync 1 DAGs
[2025-11-19T19:22:21.758+0000] {logging_mixin.py:188} INFO - [2025-11-19T19:22:21.758+0000] {dag.py:3954} INFO - Setting next_dagrun for sodai_training_and_scoring to None, run_after=None
[2025-11-19T19:22:21.772+0000] {processor.py:183} INFO - Processing /opt/airflow/dags/sodai_pipeline_dag.py took 0.068 seconds
[2025-11-19T19:22:51.896+0000] {processor.py:161} INFO - Started process (PID=1486) to work on /opt/airflow/dags/sodai_pipeline_dag.py
[2025-11-19T19:22:51.897+0000] {processor.py:830} INFO - Processing file /opt/airflow/dags/sodai_pipeline_dag.py for tasks to queue
[2025-11-19T19:22:51.899+0000] {logging_mixin.py:188} INFO - [2025-11-19T19:22:51.899+0000] {dagbag.py:540} INFO - Filling up the DagBag from /opt/airflow/dags/sodai_pipeline_dag.py
[2025-11-19T19:22:51.914+0000] {processor.py:840} INFO - DAG(s) 'sodai_training_and_scoring' retrieved from /opt/airflow/dags/sodai_pipeline_dag.py
[2025-11-19T19:22:51.935+0000] {logging_mixin.py:188} INFO - [2025-11-19T19:22:51.935+0000] {dag.py:3096} INFO - Sync 1 DAGs
[2025-11-19T19:22:51.944+0000] {logging_mixin.py:188} INFO - [2025-11-19T19:22:51.944+0000] {dag.py:3954} INFO - Setting next_dagrun for sodai_training_and_scoring to None, run_after=None
[2025-11-19T19:22:51.960+0000] {processor.py:183} INFO - Processing /opt/airflow/dags/sodai_pipeline_dag.py took 0.070 seconds
[2025-11-19T19:23:22.216+0000] {processor.py:161} INFO - Started process (PID=1496) to work on /opt/airflow/dags/sodai_pipeline_dag.py
[2025-11-19T19:23:22.217+0000] {processor.py:830} INFO - Processing file /opt/airflow/dags/sodai_pipeline_dag.py for tasks to queue
[2025-11-19T19:23:22.219+0000] {logging_mixin.py:188} INFO - [2025-11-19T19:23:22.218+0000] {dagbag.py:540} INFO - Filling up the DagBag from /opt/airflow/dags/sodai_pipeline_dag.py
[2025-11-19T19:23:22.233+0000] {processor.py:840} INFO - DAG(s) 'sodai_training_and_scoring' retrieved from /opt/airflow/dags/sodai_pipeline_dag.py
[2025-11-19T19:23:22.255+0000] {logging_mixin.py:188} INFO - [2025-11-19T19:23:22.255+0000] {dag.py:3096} INFO - Sync 1 DAGs
[2025-11-19T19:23:22.265+0000] {logging_mixin.py:188} INFO - [2025-11-19T19:23:22.265+0000] {dag.py:3954} INFO - Setting next_dagrun for sodai_training_and_scoring to None, run_after=None
[2025-11-19T19:23:22.281+0000] {processor.py:183} INFO - Processing /opt/airflow/dags/sodai_pipeline_dag.py took 0.070 seconds
[2025-11-19T19:23:52.477+0000] {processor.py:161} INFO - Started process (PID=1506) to work on /opt/airflow/dags/sodai_pipeline_dag.py
[2025-11-19T19:23:52.478+0000] {processor.py:830} INFO - Processing file /opt/airflow/dags/sodai_pipeline_dag.py for tasks to queue
[2025-11-19T19:23:52.479+0000] {logging_mixin.py:188} INFO - [2025-11-19T19:23:52.479+0000] {dagbag.py:540} INFO - Filling up the DagBag from /opt/airflow/dags/sodai_pipeline_dag.py
[2025-11-19T19:23:52.496+0000] {processor.py:840} INFO - DAG(s) 'sodai_training_and_scoring' retrieved from /opt/airflow/dags/sodai_pipeline_dag.py
[2025-11-19T19:23:52.518+0000] {logging_mixin.py:188} INFO - [2025-11-19T19:23:52.518+0000] {dag.py:3096} INFO - Sync 1 DAGs
[2025-11-19T19:23:52.528+0000] {logging_mixin.py:188} INFO - [2025-11-19T19:23:52.527+0000] {dag.py:3954} INFO - Setting next_dagrun for sodai_training_and_scoring to None, run_after=None
[2025-11-19T19:23:52.541+0000] {processor.py:183} INFO - Processing /opt/airflow/dags/sodai_pipeline_dag.py took 0.068 seconds
[2025-11-19T19:24:22.700+0000] {processor.py:161} INFO - Started process (PID=1516) to work on /opt/airflow/dags/sodai_pipeline_dag.py
[2025-11-19T19:24:22.701+0000] {processor.py:830} INFO - Processing file /opt/airflow/dags/sodai_pipeline_dag.py for tasks to queue
[2025-11-19T19:24:22.703+0000] {logging_mixin.py:188} INFO - [2025-11-19T19:24:22.702+0000] {dagbag.py:540} INFO - Filling up the DagBag from /opt/airflow/dags/sodai_pipeline_dag.py
[2025-11-19T19:24:22.717+0000] {processor.py:840} INFO - DAG(s) 'sodai_training_and_scoring' retrieved from /opt/airflow/dags/sodai_pipeline_dag.py
[2025-11-19T19:24:22.737+0000] {logging_mixin.py:188} INFO - [2025-11-19T19:24:22.737+0000] {dag.py:3096} INFO - Sync 1 DAGs
[2025-11-19T19:24:22.746+0000] {logging_mixin.py:188} INFO - [2025-11-19T19:24:22.746+0000] {dag.py:3954} INFO - Setting next_dagrun for sodai_training_and_scoring to None, run_after=None
[2025-11-19T19:24:22.760+0000] {processor.py:183} INFO - Processing /opt/airflow/dags/sodai_pipeline_dag.py took 0.063 seconds
[2025-11-19T19:24:52.964+0000] {processor.py:161} INFO - Started process (PID=1526) to work on /opt/airflow/dags/sodai_pipeline_dag.py
[2025-11-19T19:24:52.965+0000] {processor.py:830} INFO - Processing file /opt/airflow/dags/sodai_pipeline_dag.py for tasks to queue
[2025-11-19T19:24:52.966+0000] {logging_mixin.py:188} INFO - [2025-11-19T19:24:52.966+0000] {dagbag.py:540} INFO - Filling up the DagBag from /opt/airflow/dags/sodai_pipeline_dag.py
[2025-11-19T19:24:52.982+0000] {processor.py:840} INFO - DAG(s) 'sodai_training_and_scoring' retrieved from /opt/airflow/dags/sodai_pipeline_dag.py
[2025-11-19T19:24:53.008+0000] {logging_mixin.py:188} INFO - [2025-11-19T19:24:53.008+0000] {dag.py:3096} INFO - Sync 1 DAGs
[2025-11-19T19:24:53.020+0000] {logging_mixin.py:188} INFO - [2025-11-19T19:24:53.019+0000] {dag.py:3954} INFO - Setting next_dagrun for sodai_training_and_scoring to None, run_after=None
[2025-11-19T19:24:53.037+0000] {processor.py:183} INFO - Processing /opt/airflow/dags/sodai_pipeline_dag.py took 0.077 seconds
[2025-11-19T19:25:23.303+0000] {processor.py:161} INFO - Started process (PID=1536) to work on /opt/airflow/dags/sodai_pipeline_dag.py
[2025-11-19T19:25:23.304+0000] {processor.py:830} INFO - Processing file /opt/airflow/dags/sodai_pipeline_dag.py for tasks to queue
[2025-11-19T19:25:23.305+0000] {logging_mixin.py:188} INFO - [2025-11-19T19:25:23.305+0000] {dagbag.py:540} INFO - Filling up the DagBag from /opt/airflow/dags/sodai_pipeline_dag.py
[2025-11-19T19:25:23.317+0000] {processor.py:840} INFO - DAG(s) 'sodai_training_and_scoring' retrieved from /opt/airflow/dags/sodai_pipeline_dag.py
[2025-11-19T19:25:23.340+0000] {logging_mixin.py:188} INFO - [2025-11-19T19:25:23.340+0000] {dag.py:3096} INFO - Sync 1 DAGs
[2025-11-19T19:25:23.350+0000] {logging_mixin.py:188} INFO - [2025-11-19T19:25:23.350+0000] {dag.py:3954} INFO - Setting next_dagrun for sodai_training_and_scoring to None, run_after=None
[2025-11-19T19:25:23.366+0000] {processor.py:183} INFO - Processing /opt/airflow/dags/sodai_pipeline_dag.py took 0.067 seconds
[2025-11-19T19:26:02.700+0000] {processor.py:161} INFO - Started process (PID=187) to work on /opt/airflow/dags/sodai_pipeline_dag.py
[2025-11-19T19:26:02.701+0000] {processor.py:830} INFO - Processing file /opt/airflow/dags/sodai_pipeline_dag.py for tasks to queue
[2025-11-19T19:26:02.703+0000] {logging_mixin.py:188} INFO - [2025-11-19T19:26:02.702+0000] {dagbag.py:540} INFO - Filling up the DagBag from /opt/airflow/dags/sodai_pipeline_dag.py
[2025-11-19T19:26:02.718+0000] {processor.py:840} INFO - DAG(s) 'sodai_training_and_scoring' retrieved from /opt/airflow/dags/sodai_pipeline_dag.py
[2025-11-19T19:26:02.749+0000] {logging_mixin.py:188} INFO - [2025-11-19T19:26:02.749+0000] {dag.py:3096} INFO - Sync 1 DAGs
[2025-11-19T19:26:02.759+0000] {logging_mixin.py:188} INFO - [2025-11-19T19:26:02.759+0000] {dag.py:3954} INFO - Setting next_dagrun for sodai_training_and_scoring to None, run_after=None
[2025-11-19T19:26:02.772+0000] {processor.py:183} INFO - Processing /opt/airflow/dags/sodai_pipeline_dag.py took 0.077 seconds
[2025-11-19T19:26:33.009+0000] {processor.py:161} INFO - Started process (PID=197) to work on /opt/airflow/dags/sodai_pipeline_dag.py
[2025-11-19T19:26:33.010+0000] {processor.py:830} INFO - Processing file /opt/airflow/dags/sodai_pipeline_dag.py for tasks to queue
[2025-11-19T19:26:33.011+0000] {logging_mixin.py:188} INFO - [2025-11-19T19:26:33.011+0000] {dagbag.py:540} INFO - Filling up the DagBag from /opt/airflow/dags/sodai_pipeline_dag.py
[2025-11-19T19:26:33.028+0000] {processor.py:840} INFO - DAG(s) 'sodai_training_and_scoring' retrieved from /opt/airflow/dags/sodai_pipeline_dag.py
[2025-11-19T19:26:33.057+0000] {logging_mixin.py:188} INFO - [2025-11-19T19:26:33.056+0000] {dag.py:3096} INFO - Sync 1 DAGs
[2025-11-19T19:26:33.066+0000] {logging_mixin.py:188} INFO - [2025-11-19T19:26:33.066+0000] {dag.py:3954} INFO - Setting next_dagrun for sodai_training_and_scoring to None, run_after=None
[2025-11-19T19:26:33.080+0000] {processor.py:183} INFO - Processing /opt/airflow/dags/sodai_pipeline_dag.py took 0.075 seconds
[2025-11-19T19:27:03.313+0000] {processor.py:161} INFO - Started process (PID=207) to work on /opt/airflow/dags/sodai_pipeline_dag.py
[2025-11-19T19:27:03.313+0000] {processor.py:830} INFO - Processing file /opt/airflow/dags/sodai_pipeline_dag.py for tasks to queue
[2025-11-19T19:27:03.315+0000] {logging_mixin.py:188} INFO - [2025-11-19T19:27:03.315+0000] {dagbag.py:540} INFO - Filling up the DagBag from /opt/airflow/dags/sodai_pipeline_dag.py
[2025-11-19T19:27:03.335+0000] {processor.py:840} INFO - DAG(s) 'sodai_training_and_scoring' retrieved from /opt/airflow/dags/sodai_pipeline_dag.py
[2025-11-19T19:27:03.360+0000] {logging_mixin.py:188} INFO - [2025-11-19T19:27:03.360+0000] {dag.py:3096} INFO - Sync 1 DAGs
[2025-11-19T19:27:03.368+0000] {logging_mixin.py:188} INFO - [2025-11-19T19:27:03.368+0000] {dag.py:3954} INFO - Setting next_dagrun for sodai_training_and_scoring to None, run_after=None
[2025-11-19T19:27:03.382+0000] {processor.py:183} INFO - Processing /opt/airflow/dags/sodai_pipeline_dag.py took 0.074 seconds
[2025-11-19T19:27:33.821+0000] {processor.py:161} INFO - Started process (PID=397) to work on /opt/airflow/dags/sodai_pipeline_dag.py
[2025-11-19T19:27:33.822+0000] {processor.py:830} INFO - Processing file /opt/airflow/dags/sodai_pipeline_dag.py for tasks to queue
[2025-11-19T19:27:33.824+0000] {logging_mixin.py:188} INFO - [2025-11-19T19:27:33.824+0000] {dagbag.py:540} INFO - Filling up the DagBag from /opt/airflow/dags/sodai_pipeline_dag.py
[2025-11-19T19:27:33.839+0000] {processor.py:840} INFO - DAG(s) 'sodai_training_and_scoring' retrieved from /opt/airflow/dags/sodai_pipeline_dag.py
[2025-11-19T19:27:33.863+0000] {logging_mixin.py:188} INFO - [2025-11-19T19:27:33.863+0000] {dag.py:3096} INFO - Sync 1 DAGs
[2025-11-19T19:27:33.877+0000] {logging_mixin.py:188} INFO - [2025-11-19T19:27:33.876+0000] {dag.py:3954} INFO - Setting next_dagrun for sodai_training_and_scoring to None, run_after=None
[2025-11-19T19:27:33.894+0000] {processor.py:183} INFO - Processing /opt/airflow/dags/sodai_pipeline_dag.py took 0.079 seconds
[2025-11-19T19:28:04.255+0000] {processor.py:161} INFO - Started process (PID=526) to work on /opt/airflow/dags/sodai_pipeline_dag.py
[2025-11-19T19:28:04.256+0000] {processor.py:830} INFO - Processing file /opt/airflow/dags/sodai_pipeline_dag.py for tasks to queue
[2025-11-19T19:28:04.258+0000] {logging_mixin.py:188} INFO - [2025-11-19T19:28:04.258+0000] {dagbag.py:540} INFO - Filling up the DagBag from /opt/airflow/dags/sodai_pipeline_dag.py
[2025-11-19T19:28:04.282+0000] {processor.py:840} INFO - DAG(s) 'sodai_training_and_scoring' retrieved from /opt/airflow/dags/sodai_pipeline_dag.py
[2025-11-19T19:28:04.326+0000] {logging_mixin.py:188} INFO - [2025-11-19T19:28:04.326+0000] {dag.py:3096} INFO - Sync 1 DAGs
[2025-11-19T19:28:04.340+0000] {logging_mixin.py:188} INFO - [2025-11-19T19:28:04.339+0000] {dag.py:3954} INFO - Setting next_dagrun for sodai_training_and_scoring to None, run_after=None
[2025-11-19T19:28:04.359+0000] {processor.py:183} INFO - Processing /opt/airflow/dags/sodai_pipeline_dag.py took 0.111 seconds
[2025-11-19T19:28:34.905+0000] {processor.py:161} INFO - Started process (PID=604) to work on /opt/airflow/dags/sodai_pipeline_dag.py
[2025-11-19T19:28:34.917+0000] {processor.py:830} INFO - Processing file /opt/airflow/dags/sodai_pipeline_dag.py for tasks to queue
[2025-11-19T19:28:34.925+0000] {logging_mixin.py:188} INFO - [2025-11-19T19:28:34.924+0000] {dagbag.py:540} INFO - Filling up the DagBag from /opt/airflow/dags/sodai_pipeline_dag.py
[2025-11-19T19:28:34.993+0000] {processor.py:840} INFO - DAG(s) 'sodai_training_and_scoring' retrieved from /opt/airflow/dags/sodai_pipeline_dag.py
[2025-11-19T19:28:35.067+0000] {logging_mixin.py:188} INFO - [2025-11-19T19:28:35.067+0000] {dag.py:3096} INFO - Sync 1 DAGs
[2025-11-19T19:28:35.097+0000] {logging_mixin.py:188} INFO - [2025-11-19T19:28:35.096+0000] {dag.py:3954} INFO - Setting next_dagrun for sodai_training_and_scoring to None, run_after=None
[2025-11-19T19:28:35.171+0000] {processor.py:183} INFO - Processing /opt/airflow/dags/sodai_pipeline_dag.py took 0.294 seconds
[2025-11-19T19:29:05.583+0000] {processor.py:161} INFO - Started process (PID=699) to work on /opt/airflow/dags/sodai_pipeline_dag.py
[2025-11-19T19:29:05.586+0000] {processor.py:830} INFO - Processing file /opt/airflow/dags/sodai_pipeline_dag.py for tasks to queue
[2025-11-19T19:29:05.592+0000] {logging_mixin.py:188} INFO - [2025-11-19T19:29:05.592+0000] {dagbag.py:540} INFO - Filling up the DagBag from /opt/airflow/dags/sodai_pipeline_dag.py
[2025-11-19T19:29:05.617+0000] {processor.py:840} INFO - DAG(s) 'sodai_training_and_scoring' retrieved from /opt/airflow/dags/sodai_pipeline_dag.py
[2025-11-19T19:29:05.648+0000] {logging_mixin.py:188} INFO - [2025-11-19T19:29:05.648+0000] {dag.py:3096} INFO - Sync 1 DAGs
[2025-11-19T19:29:05.661+0000] {logging_mixin.py:188} INFO - [2025-11-19T19:29:05.661+0000] {dag.py:3954} INFO - Setting next_dagrun for sodai_training_and_scoring to None, run_after=None
[2025-11-19T19:29:05.685+0000] {processor.py:183} INFO - Processing /opt/airflow/dags/sodai_pipeline_dag.py took 0.110 seconds
[2025-11-19T19:29:36.181+0000] {processor.py:161} INFO - Started process (PID=828) to work on /opt/airflow/dags/sodai_pipeline_dag.py
[2025-11-19T19:29:36.183+0000] {processor.py:830} INFO - Processing file /opt/airflow/dags/sodai_pipeline_dag.py for tasks to queue
[2025-11-19T19:29:36.185+0000] {logging_mixin.py:188} INFO - [2025-11-19T19:29:36.185+0000] {dagbag.py:540} INFO - Filling up the DagBag from /opt/airflow/dags/sodai_pipeline_dag.py
[2025-11-19T19:29:36.206+0000] {processor.py:840} INFO - DAG(s) 'sodai_training_and_scoring' retrieved from /opt/airflow/dags/sodai_pipeline_dag.py
[2025-11-19T19:29:36.238+0000] {logging_mixin.py:188} INFO - [2025-11-19T19:29:36.238+0000] {dag.py:3096} INFO - Sync 1 DAGs
[2025-11-19T19:29:36.249+0000] {logging_mixin.py:188} INFO - [2025-11-19T19:29:36.249+0000] {dag.py:3954} INFO - Setting next_dagrun for sodai_training_and_scoring to None, run_after=None
[2025-11-19T19:29:36.268+0000] {processor.py:183} INFO - Processing /opt/airflow/dags/sodai_pipeline_dag.py took 0.096 seconds
[2025-11-19T19:30:07.843+0000] {processor.py:161} INFO - Started process (PID=940) to work on /opt/airflow/dags/sodai_pipeline_dag.py
[2025-11-19T19:30:07.854+0000] {processor.py:830} INFO - Processing file /opt/airflow/dags/sodai_pipeline_dag.py for tasks to queue
[2025-11-19T19:30:07.863+0000] {logging_mixin.py:188} INFO - [2025-11-19T19:30:07.862+0000] {dagbag.py:540} INFO - Filling up the DagBag from /opt/airflow/dags/sodai_pipeline_dag.py
[2025-11-19T19:30:07.931+0000] {processor.py:840} INFO - DAG(s) 'sodai_training_and_scoring' retrieved from /opt/airflow/dags/sodai_pipeline_dag.py
[2025-11-19T19:30:08.007+0000] {logging_mixin.py:188} INFO - [2025-11-19T19:30:08.007+0000] {dag.py:3096} INFO - Sync 1 DAGs
[2025-11-19T19:30:08.054+0000] {logging_mixin.py:188} INFO - [2025-11-19T19:30:08.054+0000] {dag.py:3954} INFO - Setting next_dagrun for sodai_training_and_scoring to None, run_after=None
[2025-11-19T19:30:08.106+0000] {processor.py:183} INFO - Processing /opt/airflow/dags/sodai_pipeline_dag.py took 0.306 seconds
[2025-11-19T19:30:40.504+0000] {processor.py:161} INFO - Started process (PID=1069) to work on /opt/airflow/dags/sodai_pipeline_dag.py
[2025-11-19T19:30:40.505+0000] {processor.py:830} INFO - Processing file /opt/airflow/dags/sodai_pipeline_dag.py for tasks to queue
[2025-11-19T19:30:40.528+0000] {logging_mixin.py:188} INFO - [2025-11-19T19:30:40.528+0000] {dagbag.py:540} INFO - Filling up the DagBag from /opt/airflow/dags/sodai_pipeline_dag.py
[2025-11-19T19:30:40.575+0000] {processor.py:840} INFO - DAG(s) 'sodai_training_and_scoring' retrieved from /opt/airflow/dags/sodai_pipeline_dag.py
[2025-11-19T19:30:40.679+0000] {logging_mixin.py:188} INFO - [2025-11-19T19:30:40.679+0000] {dag.py:3096} INFO - Sync 1 DAGs
[2025-11-19T19:30:40.721+0000] {logging_mixin.py:188} INFO - [2025-11-19T19:30:40.721+0000] {dag.py:3954} INFO - Setting next_dagrun for sodai_training_and_scoring to None, run_after=None
[2025-11-19T19:30:40.773+0000] {processor.py:183} INFO - Processing /opt/airflow/dags/sodai_pipeline_dag.py took 0.311 seconds
[2025-11-19T19:31:14.256+0000] {processor.py:161} INFO - Started process (PID=1198) to work on /opt/airflow/dags/sodai_pipeline_dag.py
[2025-11-19T19:31:14.258+0000] {processor.py:830} INFO - Processing file /opt/airflow/dags/sodai_pipeline_dag.py for tasks to queue
[2025-11-19T19:31:14.260+0000] {logging_mixin.py:188} INFO - [2025-11-19T19:31:14.260+0000] {dagbag.py:540} INFO - Filling up the DagBag from /opt/airflow/dags/sodai_pipeline_dag.py
[2025-11-19T19:31:14.284+0000] {processor.py:840} INFO - DAG(s) 'sodai_training_and_scoring' retrieved from /opt/airflow/dags/sodai_pipeline_dag.py
[2025-11-19T19:31:14.312+0000] {logging_mixin.py:188} INFO - [2025-11-19T19:31:14.312+0000] {dag.py:3096} INFO - Sync 1 DAGs
[2025-11-19T19:31:14.326+0000] {logging_mixin.py:188} INFO - [2025-11-19T19:31:14.325+0000] {dag.py:3954} INFO - Setting next_dagrun for sodai_training_and_scoring to None, run_after=None
[2025-11-19T19:31:14.344+0000] {processor.py:183} INFO - Processing /opt/airflow/dags/sodai_pipeline_dag.py took 0.097 seconds
[2025-11-19T19:31:46.841+0000] {processor.py:161} INFO - Started process (PID=1276) to work on /opt/airflow/dags/sodai_pipeline_dag.py
[2025-11-19T19:31:46.851+0000] {processor.py:830} INFO - Processing file /opt/airflow/dags/sodai_pipeline_dag.py for tasks to queue
[2025-11-19T19:31:46.857+0000] {logging_mixin.py:188} INFO - [2025-11-19T19:31:46.856+0000] {dagbag.py:540} INFO - Filling up the DagBag from /opt/airflow/dags/sodai_pipeline_dag.py
[2025-11-19T19:31:46.916+0000] {processor.py:840} INFO - DAG(s) 'sodai_training_and_scoring' retrieved from /opt/airflow/dags/sodai_pipeline_dag.py
[2025-11-19T19:31:46.991+0000] {logging_mixin.py:188} INFO - [2025-11-19T19:31:46.990+0000] {dag.py:3096} INFO - Sync 1 DAGs
[2025-11-19T19:31:47.025+0000] {logging_mixin.py:188} INFO - [2025-11-19T19:31:47.024+0000] {dag.py:3954} INFO - Setting next_dagrun for sodai_training_and_scoring to None, run_after=None
[2025-11-19T19:31:47.126+0000] {processor.py:183} INFO - Processing /opt/airflow/dags/sodai_pipeline_dag.py took 0.313 seconds
[2025-11-19T19:32:20.637+0000] {processor.py:161} INFO - Started process (PID=1354) to work on /opt/airflow/dags/sodai_pipeline_dag.py
[2025-11-19T19:32:20.645+0000] {processor.py:830} INFO - Processing file /opt/airflow/dags/sodai_pipeline_dag.py for tasks to queue
[2025-11-19T19:32:20.652+0000] {logging_mixin.py:188} INFO - [2025-11-19T19:32:20.651+0000] {dagbag.py:540} INFO - Filling up the DagBag from /opt/airflow/dags/sodai_pipeline_dag.py
[2025-11-19T19:32:20.710+0000] {processor.py:840} INFO - DAG(s) 'sodai_training_and_scoring' retrieved from /opt/airflow/dags/sodai_pipeline_dag.py
[2025-11-19T19:32:20.806+0000] {logging_mixin.py:188} INFO - [2025-11-19T19:32:20.806+0000] {dag.py:3096} INFO - Sync 1 DAGs
[2025-11-19T19:32:20.836+0000] {logging_mixin.py:188} INFO - [2025-11-19T19:32:20.836+0000] {dag.py:3954} INFO - Setting next_dagrun for sodai_training_and_scoring to None, run_after=None
[2025-11-19T19:32:20.902+0000] {processor.py:183} INFO - Processing /opt/airflow/dags/sodai_pipeline_dag.py took 0.276 seconds
[2025-11-19T19:32:53.136+0000] {processor.py:161} INFO - Started process (PID=1432) to work on /opt/airflow/dags/sodai_pipeline_dag.py
[2025-11-19T19:32:53.137+0000] {processor.py:830} INFO - Processing file /opt/airflow/dags/sodai_pipeline_dag.py for tasks to queue
[2025-11-19T19:32:53.140+0000] {logging_mixin.py:188} INFO - [2025-11-19T19:32:53.139+0000] {dagbag.py:540} INFO - Filling up the DagBag from /opt/airflow/dags/sodai_pipeline_dag.py
[2025-11-19T19:32:53.158+0000] {processor.py:840} INFO - DAG(s) 'sodai_training_and_scoring' retrieved from /opt/airflow/dags/sodai_pipeline_dag.py
[2025-11-19T19:32:53.186+0000] {logging_mixin.py:188} INFO - [2025-11-19T19:32:53.186+0000] {dag.py:3096} INFO - Sync 1 DAGs
[2025-11-19T19:32:53.197+0000] {logging_mixin.py:188} INFO - [2025-11-19T19:32:53.196+0000] {dag.py:3954} INFO - Setting next_dagrun for sodai_training_and_scoring to None, run_after=None
[2025-11-19T19:32:53.217+0000] {processor.py:183} INFO - Processing /opt/airflow/dags/sodai_pipeline_dag.py took 0.087 seconds
[2025-11-19T19:33:26.488+0000] {processor.py:161} INFO - Started process (PID=1472) to work on /opt/airflow/dags/sodai_pipeline_dag.py
[2025-11-19T19:33:26.489+0000] {processor.py:830} INFO - Processing file /opt/airflow/dags/sodai_pipeline_dag.py for tasks to queue
[2025-11-19T19:33:26.491+0000] {logging_mixin.py:188} INFO - [2025-11-19T19:33:26.490+0000] {dagbag.py:540} INFO - Filling up the DagBag from /opt/airflow/dags/sodai_pipeline_dag.py
[2025-11-19T19:33:26.511+0000] {processor.py:840} INFO - DAG(s) 'sodai_training_and_scoring' retrieved from /opt/airflow/dags/sodai_pipeline_dag.py
[2025-11-19T19:33:26.531+0000] {logging_mixin.py:188} INFO - [2025-11-19T19:33:26.531+0000] {dag.py:3096} INFO - Sync 1 DAGs
[2025-11-19T19:33:26.542+0000] {logging_mixin.py:188} INFO - [2025-11-19T19:33:26.542+0000] {dag.py:3954} INFO - Setting next_dagrun for sodai_training_and_scoring to None, run_after=None
[2025-11-19T19:33:26.558+0000] {processor.py:183} INFO - Processing /opt/airflow/dags/sodai_pipeline_dag.py took 0.074 seconds
[2025-11-19T19:33:59.843+0000] {processor.py:161} INFO - Started process (PID=1516) to work on /opt/airflow/dags/sodai_pipeline_dag.py
[2025-11-19T19:33:59.844+0000] {processor.py:830} INFO - Processing file /opt/airflow/dags/sodai_pipeline_dag.py for tasks to queue
[2025-11-19T19:33:59.846+0000] {logging_mixin.py:188} INFO - [2025-11-19T19:33:59.845+0000] {dagbag.py:540} INFO - Filling up the DagBag from /opt/airflow/dags/sodai_pipeline_dag.py
[2025-11-19T19:33:59.862+0000] {processor.py:840} INFO - DAG(s) 'sodai_training_and_scoring' retrieved from /opt/airflow/dags/sodai_pipeline_dag.py
[2025-11-19T19:33:59.891+0000] {logging_mixin.py:188} INFO - [2025-11-19T19:33:59.891+0000] {dag.py:3096} INFO - Sync 1 DAGs
[2025-11-19T19:33:59.905+0000] {logging_mixin.py:188} INFO - [2025-11-19T19:33:59.904+0000] {dag.py:3954} INFO - Setting next_dagrun for sodai_training_and_scoring to None, run_after=None
[2025-11-19T19:33:59.924+0000] {processor.py:183} INFO - Processing /opt/airflow/dags/sodai_pipeline_dag.py took 0.086 seconds
[2025-11-19T19:34:30.336+0000] {processor.py:161} INFO - Started process (PID=1580) to work on /opt/airflow/dags/sodai_pipeline_dag.py
[2025-11-19T19:34:30.337+0000] {processor.py:830} INFO - Processing file /opt/airflow/dags/sodai_pipeline_dag.py for tasks to queue
[2025-11-19T19:34:30.338+0000] {logging_mixin.py:188} INFO - [2025-11-19T19:34:30.338+0000] {dagbag.py:540} INFO - Filling up the DagBag from /opt/airflow/dags/sodai_pipeline_dag.py
[2025-11-19T19:34:30.351+0000] {processor.py:840} INFO - DAG(s) 'sodai_training_and_scoring' retrieved from /opt/airflow/dags/sodai_pipeline_dag.py
[2025-11-19T19:34:30.372+0000] {logging_mixin.py:188} INFO - [2025-11-19T19:34:30.372+0000] {dag.py:3096} INFO - Sync 1 DAGs
[2025-11-19T19:34:30.381+0000] {logging_mixin.py:188} INFO - [2025-11-19T19:34:30.381+0000] {dag.py:3954} INFO - Setting next_dagrun for sodai_training_and_scoring to None, run_after=None
[2025-11-19T19:34:30.397+0000] {processor.py:183} INFO - Processing /opt/airflow/dags/sodai_pipeline_dag.py took 0.065 seconds
[2025-11-19T19:35:05.504+0000] {processor.py:161} INFO - Started process (PID=1595) to work on /opt/airflow/dags/sodai_pipeline_dag.py
[2025-11-19T19:35:05.505+0000] {processor.py:830} INFO - Processing file /opt/airflow/dags/sodai_pipeline_dag.py for tasks to queue
[2025-11-19T19:35:05.507+0000] {logging_mixin.py:188} INFO - [2025-11-19T19:35:05.506+0000] {dagbag.py:540} INFO - Filling up the DagBag from /opt/airflow/dags/sodai_pipeline_dag.py
[2025-11-19T19:35:05.519+0000] {processor.py:840} INFO - DAG(s) 'sodai_training_and_scoring' retrieved from /opt/airflow/dags/sodai_pipeline_dag.py
[2025-11-19T19:35:05.537+0000] {logging_mixin.py:188} INFO - [2025-11-19T19:35:05.537+0000] {dag.py:3096} INFO - Sync 1 DAGs
[2025-11-19T19:35:05.546+0000] {logging_mixin.py:188} INFO - [2025-11-19T19:35:05.546+0000] {dag.py:3954} INFO - Setting next_dagrun for sodai_training_and_scoring to None, run_after=None
[2025-11-19T19:35:05.563+0000] {processor.py:183} INFO - Processing /opt/airflow/dags/sodai_pipeline_dag.py took 0.062 seconds
[2025-11-19T19:35:38.811+0000] {processor.py:161} INFO - Started process (PID=1605) to work on /opt/airflow/dags/sodai_pipeline_dag.py
[2025-11-19T19:35:38.812+0000] {processor.py:830} INFO - Processing file /opt/airflow/dags/sodai_pipeline_dag.py for tasks to queue
[2025-11-19T19:35:38.813+0000] {logging_mixin.py:188} INFO - [2025-11-19T19:35:38.813+0000] {dagbag.py:540} INFO - Filling up the DagBag from /opt/airflow/dags/sodai_pipeline_dag.py
[2025-11-19T19:35:38.827+0000] {processor.py:840} INFO - DAG(s) 'sodai_training_and_scoring' retrieved from /opt/airflow/dags/sodai_pipeline_dag.py
[2025-11-19T19:35:38.846+0000] {logging_mixin.py:188} INFO - [2025-11-19T19:35:38.846+0000] {dag.py:3096} INFO - Sync 1 DAGs
[2025-11-19T19:35:38.855+0000] {logging_mixin.py:188} INFO - [2025-11-19T19:35:38.855+0000] {dag.py:3954} INFO - Setting next_dagrun for sodai_training_and_scoring to None, run_after=None
[2025-11-19T19:35:38.871+0000] {processor.py:183} INFO - Processing /opt/airflow/dags/sodai_pipeline_dag.py took 0.065 seconds
[2025-11-19T19:36:12.200+0000] {processor.py:161} INFO - Started process (PID=1615) to work on /opt/airflow/dags/sodai_pipeline_dag.py
[2025-11-19T19:36:12.201+0000] {processor.py:830} INFO - Processing file /opt/airflow/dags/sodai_pipeline_dag.py for tasks to queue
[2025-11-19T19:36:12.203+0000] {logging_mixin.py:188} INFO - [2025-11-19T19:36:12.203+0000] {dagbag.py:540} INFO - Filling up the DagBag from /opt/airflow/dags/sodai_pipeline_dag.py
[2025-11-19T19:36:12.216+0000] {processor.py:840} INFO - DAG(s) 'sodai_training_and_scoring' retrieved from /opt/airflow/dags/sodai_pipeline_dag.py
[2025-11-19T19:36:12.239+0000] {logging_mixin.py:188} INFO - [2025-11-19T19:36:12.239+0000] {dag.py:3096} INFO - Sync 1 DAGs
[2025-11-19T19:36:12.249+0000] {logging_mixin.py:188} INFO - [2025-11-19T19:36:12.248+0000] {dag.py:3954} INFO - Setting next_dagrun for sodai_training_and_scoring to None, run_after=None
[2025-11-19T19:36:12.265+0000] {processor.py:183} INFO - Processing /opt/airflow/dags/sodai_pipeline_dag.py took 0.068 seconds
[2025-11-19T19:36:42.652+0000] {processor.py:161} INFO - Started process (PID=1625) to work on /opt/airflow/dags/sodai_pipeline_dag.py
[2025-11-19T19:36:42.653+0000] {processor.py:830} INFO - Processing file /opt/airflow/dags/sodai_pipeline_dag.py for tasks to queue
[2025-11-19T19:36:42.655+0000] {logging_mixin.py:188} INFO - [2025-11-19T19:36:42.654+0000] {dagbag.py:540} INFO - Filling up the DagBag from /opt/airflow/dags/sodai_pipeline_dag.py
[2025-11-19T19:36:42.669+0000] {processor.py:840} INFO - DAG(s) 'sodai_training_and_scoring' retrieved from /opt/airflow/dags/sodai_pipeline_dag.py
[2025-11-19T19:36:42.689+0000] {logging_mixin.py:188} INFO - [2025-11-19T19:36:42.688+0000] {dag.py:3096} INFO - Sync 1 DAGs
[2025-11-19T19:36:42.697+0000] {logging_mixin.py:188} INFO - [2025-11-19T19:36:42.697+0000] {dag.py:3954} INFO - Setting next_dagrun for sodai_training_and_scoring to None, run_after=None
[2025-11-19T19:36:42.712+0000] {processor.py:183} INFO - Processing /opt/airflow/dags/sodai_pipeline_dag.py took 0.064 seconds
[2025-11-19T19:37:12.749+0000] {processor.py:161} INFO - Started process (PID=1635) to work on /opt/airflow/dags/sodai_pipeline_dag.py
[2025-11-19T19:37:12.749+0000] {processor.py:830} INFO - Processing file /opt/airflow/dags/sodai_pipeline_dag.py for tasks to queue
[2025-11-19T19:37:12.751+0000] {logging_mixin.py:188} INFO - [2025-11-19T19:37:12.751+0000] {dagbag.py:540} INFO - Filling up the DagBag from /opt/airflow/dags/sodai_pipeline_dag.py
[2025-11-19T19:37:12.763+0000] {processor.py:840} INFO - DAG(s) 'sodai_training_and_scoring' retrieved from /opt/airflow/dags/sodai_pipeline_dag.py
[2025-11-19T19:37:12.782+0000] {logging_mixin.py:188} INFO - [2025-11-19T19:37:12.782+0000] {dag.py:3096} INFO - Sync 1 DAGs
[2025-11-19T19:37:12.791+0000] {logging_mixin.py:188} INFO - [2025-11-19T19:37:12.791+0000] {dag.py:3954} INFO - Setting next_dagrun for sodai_training_and_scoring to None, run_after=None
[2025-11-19T19:37:12.809+0000] {processor.py:183} INFO - Processing /opt/airflow/dags/sodai_pipeline_dag.py took 0.064 seconds
[2025-11-19T19:37:43.029+0000] {processor.py:161} INFO - Started process (PID=1645) to work on /opt/airflow/dags/sodai_pipeline_dag.py
[2025-11-19T19:37:43.030+0000] {processor.py:830} INFO - Processing file /opt/airflow/dags/sodai_pipeline_dag.py for tasks to queue
[2025-11-19T19:37:43.031+0000] {logging_mixin.py:188} INFO - [2025-11-19T19:37:43.031+0000] {dagbag.py:540} INFO - Filling up the DagBag from /opt/airflow/dags/sodai_pipeline_dag.py
[2025-11-19T19:37:43.043+0000] {processor.py:840} INFO - DAG(s) 'sodai_training_and_scoring' retrieved from /opt/airflow/dags/sodai_pipeline_dag.py
[2025-11-19T19:37:43.059+0000] {logging_mixin.py:188} INFO - [2025-11-19T19:37:43.059+0000] {dag.py:3096} INFO - Sync 1 DAGs
[2025-11-19T19:37:43.068+0000] {logging_mixin.py:188} INFO - [2025-11-19T19:37:43.067+0000] {dag.py:3954} INFO - Setting next_dagrun for sodai_training_and_scoring to None, run_after=None
[2025-11-19T19:37:43.081+0000] {processor.py:183} INFO - Processing /opt/airflow/dags/sodai_pipeline_dag.py took 0.056 seconds
[2025-11-19T19:38:13.308+0000] {processor.py:161} INFO - Started process (PID=1655) to work on /opt/airflow/dags/sodai_pipeline_dag.py
[2025-11-19T19:38:13.309+0000] {processor.py:830} INFO - Processing file /opt/airflow/dags/sodai_pipeline_dag.py for tasks to queue
[2025-11-19T19:38:13.310+0000] {logging_mixin.py:188} INFO - [2025-11-19T19:38:13.310+0000] {dagbag.py:540} INFO - Filling up the DagBag from /opt/airflow/dags/sodai_pipeline_dag.py
[2025-11-19T19:38:13.322+0000] {processor.py:840} INFO - DAG(s) 'sodai_training_and_scoring' retrieved from /opt/airflow/dags/sodai_pipeline_dag.py
[2025-11-19T19:38:13.340+0000] {logging_mixin.py:188} INFO - [2025-11-19T19:38:13.340+0000] {dag.py:3096} INFO - Sync 1 DAGs
[2025-11-19T19:38:13.349+0000] {logging_mixin.py:188} INFO - [2025-11-19T19:38:13.349+0000] {dag.py:3954} INFO - Setting next_dagrun for sodai_training_and_scoring to None, run_after=None
[2025-11-19T19:38:13.365+0000] {processor.py:183} INFO - Processing /opt/airflow/dags/sodai_pipeline_dag.py took 0.061 seconds
[2025-11-19T19:38:43.636+0000] {processor.py:161} INFO - Started process (PID=1665) to work on /opt/airflow/dags/sodai_pipeline_dag.py
[2025-11-19T19:38:43.637+0000] {processor.py:830} INFO - Processing file /opt/airflow/dags/sodai_pipeline_dag.py for tasks to queue
[2025-11-19T19:38:43.638+0000] {logging_mixin.py:188} INFO - [2025-11-19T19:38:43.638+0000] {dagbag.py:540} INFO - Filling up the DagBag from /opt/airflow/dags/sodai_pipeline_dag.py
[2025-11-19T19:38:43.652+0000] {processor.py:840} INFO - DAG(s) 'sodai_training_and_scoring' retrieved from /opt/airflow/dags/sodai_pipeline_dag.py
[2025-11-19T19:38:43.670+0000] {logging_mixin.py:188} INFO - [2025-11-19T19:38:43.669+0000] {dag.py:3096} INFO - Sync 1 DAGs
[2025-11-19T19:38:43.680+0000] {logging_mixin.py:188} INFO - [2025-11-19T19:38:43.679+0000] {dag.py:3954} INFO - Setting next_dagrun for sodai_training_and_scoring to None, run_after=None
[2025-11-19T19:38:43.698+0000] {processor.py:183} INFO - Processing /opt/airflow/dags/sodai_pipeline_dag.py took 0.065 seconds
[2025-11-19T19:39:13.904+0000] {processor.py:161} INFO - Started process (PID=1675) to work on /opt/airflow/dags/sodai_pipeline_dag.py
[2025-11-19T19:39:13.905+0000] {processor.py:830} INFO - Processing file /opt/airflow/dags/sodai_pipeline_dag.py for tasks to queue
[2025-11-19T19:39:13.906+0000] {logging_mixin.py:188} INFO - [2025-11-19T19:39:13.906+0000] {dagbag.py:540} INFO - Filling up the DagBag from /opt/airflow/dags/sodai_pipeline_dag.py
[2025-11-19T19:39:13.918+0000] {processor.py:840} INFO - DAG(s) 'sodai_training_and_scoring' retrieved from /opt/airflow/dags/sodai_pipeline_dag.py
[2025-11-19T19:39:13.935+0000] {logging_mixin.py:188} INFO - [2025-11-19T19:39:13.935+0000] {dag.py:3096} INFO - Sync 1 DAGs
[2025-11-19T19:39:13.942+0000] {logging_mixin.py:188} INFO - [2025-11-19T19:39:13.942+0000] {dag.py:3954} INFO - Setting next_dagrun for sodai_training_and_scoring to None, run_after=None
[2025-11-19T19:39:13.955+0000] {processor.py:183} INFO - Processing /opt/airflow/dags/sodai_pipeline_dag.py took 0.054 seconds
[2025-11-19T19:39:44.224+0000] {processor.py:161} INFO - Started process (PID=1685) to work on /opt/airflow/dags/sodai_pipeline_dag.py
[2025-11-19T19:39:44.225+0000] {processor.py:830} INFO - Processing file /opt/airflow/dags/sodai_pipeline_dag.py for tasks to queue
[2025-11-19T19:39:44.226+0000] {logging_mixin.py:188} INFO - [2025-11-19T19:39:44.226+0000] {dagbag.py:540} INFO - Filling up the DagBag from /opt/airflow/dags/sodai_pipeline_dag.py
[2025-11-19T19:39:44.238+0000] {processor.py:840} INFO - DAG(s) 'sodai_training_and_scoring' retrieved from /opt/airflow/dags/sodai_pipeline_dag.py
[2025-11-19T19:39:44.255+0000] {logging_mixin.py:188} INFO - [2025-11-19T19:39:44.255+0000] {dag.py:3096} INFO - Sync 1 DAGs
[2025-11-19T19:39:44.263+0000] {logging_mixin.py:188} INFO - [2025-11-19T19:39:44.263+0000] {dag.py:3954} INFO - Setting next_dagrun for sodai_training_and_scoring to None, run_after=None
[2025-11-19T19:39:44.275+0000] {processor.py:183} INFO - Processing /opt/airflow/dags/sodai_pipeline_dag.py took 0.056 seconds
[2025-11-19T19:40:14.556+0000] {processor.py:161} INFO - Started process (PID=1695) to work on /opt/airflow/dags/sodai_pipeline_dag.py
[2025-11-19T19:40:14.557+0000] {processor.py:830} INFO - Processing file /opt/airflow/dags/sodai_pipeline_dag.py for tasks to queue
[2025-11-19T19:40:14.559+0000] {logging_mixin.py:188} INFO - [2025-11-19T19:40:14.559+0000] {dagbag.py:540} INFO - Filling up the DagBag from /opt/airflow/dags/sodai_pipeline_dag.py
[2025-11-19T19:40:14.571+0000] {processor.py:840} INFO - DAG(s) 'sodai_training_and_scoring' retrieved from /opt/airflow/dags/sodai_pipeline_dag.py
[2025-11-19T19:40:14.590+0000] {logging_mixin.py:188} INFO - [2025-11-19T19:40:14.590+0000] {dag.py:3096} INFO - Sync 1 DAGs
[2025-11-19T19:40:14.598+0000] {logging_mixin.py:188} INFO - [2025-11-19T19:40:14.598+0000] {dag.py:3954} INFO - Setting next_dagrun for sodai_training_and_scoring to None, run_after=None
[2025-11-19T19:40:14.615+0000] {processor.py:183} INFO - Processing /opt/airflow/dags/sodai_pipeline_dag.py took 0.063 seconds
[2025-11-19T19:40:44.836+0000] {processor.py:161} INFO - Started process (PID=1705) to work on /opt/airflow/dags/sodai_pipeline_dag.py
[2025-11-19T19:40:44.837+0000] {processor.py:830} INFO - Processing file /opt/airflow/dags/sodai_pipeline_dag.py for tasks to queue
[2025-11-19T19:40:44.839+0000] {logging_mixin.py:188} INFO - [2025-11-19T19:40:44.839+0000] {dagbag.py:540} INFO - Filling up the DagBag from /opt/airflow/dags/sodai_pipeline_dag.py
[2025-11-19T19:40:44.858+0000] {processor.py:840} INFO - DAG(s) 'sodai_training_and_scoring' retrieved from /opt/airflow/dags/sodai_pipeline_dag.py
[2025-11-19T19:40:44.878+0000] {logging_mixin.py:188} INFO - [2025-11-19T19:40:44.877+0000] {dag.py:3096} INFO - Sync 1 DAGs
[2025-11-19T19:40:44.892+0000] {logging_mixin.py:188} INFO - [2025-11-19T19:40:44.892+0000] {dag.py:3954} INFO - Setting next_dagrun for sodai_training_and_scoring to None, run_after=None
[2025-11-19T19:40:44.911+0000] {processor.py:183} INFO - Processing /opt/airflow/dags/sodai_pipeline_dag.py took 0.080 seconds
[2025-11-19T19:41:15.301+0000] {processor.py:161} INFO - Started process (PID=1715) to work on /opt/airflow/dags/sodai_pipeline_dag.py
[2025-11-19T19:41:15.302+0000] {processor.py:830} INFO - Processing file /opt/airflow/dags/sodai_pipeline_dag.py for tasks to queue
[2025-11-19T19:41:15.303+0000] {logging_mixin.py:188} INFO - [2025-11-19T19:41:15.303+0000] {dagbag.py:540} INFO - Filling up the DagBag from /opt/airflow/dags/sodai_pipeline_dag.py
[2025-11-19T19:41:15.316+0000] {processor.py:840} INFO - DAG(s) 'sodai_training_and_scoring' retrieved from /opt/airflow/dags/sodai_pipeline_dag.py
[2025-11-19T19:41:15.339+0000] {logging_mixin.py:188} INFO - [2025-11-19T19:41:15.339+0000] {dag.py:3096} INFO - Sync 1 DAGs
[2025-11-19T19:41:15.352+0000] {logging_mixin.py:188} INFO - [2025-11-19T19:41:15.352+0000] {dag.py:3954} INFO - Setting next_dagrun for sodai_training_and_scoring to None, run_after=None
[2025-11-19T19:41:15.369+0000] {processor.py:183} INFO - Processing /opt/airflow/dags/sodai_pipeline_dag.py took 0.071 seconds
[2025-11-19T19:41:45.478+0000] {processor.py:161} INFO - Started process (PID=1725) to work on /opt/airflow/dags/sodai_pipeline_dag.py
[2025-11-19T19:41:45.479+0000] {processor.py:830} INFO - Processing file /opt/airflow/dags/sodai_pipeline_dag.py for tasks to queue
[2025-11-19T19:41:45.480+0000] {logging_mixin.py:188} INFO - [2025-11-19T19:41:45.480+0000] {dagbag.py:540} INFO - Filling up the DagBag from /opt/airflow/dags/sodai_pipeline_dag.py
[2025-11-19T19:41:45.493+0000] {processor.py:840} INFO - DAG(s) 'sodai_training_and_scoring' retrieved from /opt/airflow/dags/sodai_pipeline_dag.py
[2025-11-19T19:41:45.511+0000] {logging_mixin.py:188} INFO - [2025-11-19T19:41:45.511+0000] {dag.py:3096} INFO - Sync 1 DAGs
[2025-11-19T19:41:45.520+0000] {logging_mixin.py:188} INFO - [2025-11-19T19:41:45.519+0000] {dag.py:3954} INFO - Setting next_dagrun for sodai_training_and_scoring to None, run_after=None
[2025-11-19T19:41:45.533+0000] {processor.py:183} INFO - Processing /opt/airflow/dags/sodai_pipeline_dag.py took 0.058 seconds
[2025-11-19T19:42:15.776+0000] {processor.py:161} INFO - Started process (PID=1735) to work on /opt/airflow/dags/sodai_pipeline_dag.py
[2025-11-19T19:42:15.777+0000] {processor.py:830} INFO - Processing file /opt/airflow/dags/sodai_pipeline_dag.py for tasks to queue
[2025-11-19T19:42:15.778+0000] {logging_mixin.py:188} INFO - [2025-11-19T19:42:15.778+0000] {dagbag.py:540} INFO - Filling up the DagBag from /opt/airflow/dags/sodai_pipeline_dag.py
[2025-11-19T19:42:15.792+0000] {processor.py:840} INFO - DAG(s) 'sodai_training_and_scoring' retrieved from /opt/airflow/dags/sodai_pipeline_dag.py
[2025-11-19T19:42:15.811+0000] {logging_mixin.py:188} INFO - [2025-11-19T19:42:15.811+0000] {dag.py:3096} INFO - Sync 1 DAGs
[2025-11-19T19:42:15.821+0000] {logging_mixin.py:188} INFO - [2025-11-19T19:42:15.821+0000] {dag.py:3954} INFO - Setting next_dagrun for sodai_training_and_scoring to None, run_after=None
[2025-11-19T19:42:15.839+0000] {processor.py:183} INFO - Processing /opt/airflow/dags/sodai_pipeline_dag.py took 0.066 seconds
[2025-11-19T19:42:49.081+0000] {processor.py:161} INFO - Started process (PID=1745) to work on /opt/airflow/dags/sodai_pipeline_dag.py
[2025-11-19T19:42:49.082+0000] {processor.py:830} INFO - Processing file /opt/airflow/dags/sodai_pipeline_dag.py for tasks to queue
[2025-11-19T19:42:49.083+0000] {logging_mixin.py:188} INFO - [2025-11-19T19:42:49.083+0000] {dagbag.py:540} INFO - Filling up the DagBag from /opt/airflow/dags/sodai_pipeline_dag.py
[2025-11-19T19:42:49.096+0000] {processor.py:840} INFO - DAG(s) 'sodai_training_and_scoring' retrieved from /opt/airflow/dags/sodai_pipeline_dag.py
[2025-11-19T19:42:49.116+0000] {logging_mixin.py:188} INFO - [2025-11-19T19:42:49.115+0000] {dag.py:3096} INFO - Sync 1 DAGs
[2025-11-19T19:42:49.124+0000] {logging_mixin.py:188} INFO - [2025-11-19T19:42:49.124+0000] {dag.py:3954} INFO - Setting next_dagrun for sodai_training_and_scoring to None, run_after=None
[2025-11-19T19:42:49.139+0000] {processor.py:183} INFO - Processing /opt/airflow/dags/sodai_pipeline_dag.py took 0.062 seconds
[2025-11-19T19:43:22.400+0000] {processor.py:161} INFO - Started process (PID=1755) to work on /opt/airflow/dags/sodai_pipeline_dag.py
[2025-11-19T19:43:22.400+0000] {processor.py:830} INFO - Processing file /opt/airflow/dags/sodai_pipeline_dag.py for tasks to queue
[2025-11-19T19:43:22.402+0000] {logging_mixin.py:188} INFO - [2025-11-19T19:43:22.401+0000] {dagbag.py:540} INFO - Filling up the DagBag from /opt/airflow/dags/sodai_pipeline_dag.py
[2025-11-19T19:43:22.414+0000] {processor.py:840} INFO - DAG(s) 'sodai_training_and_scoring' retrieved from /opt/airflow/dags/sodai_pipeline_dag.py
[2025-11-19T19:43:22.432+0000] {logging_mixin.py:188} INFO - [2025-11-19T19:43:22.431+0000] {dag.py:3096} INFO - Sync 1 DAGs
[2025-11-19T19:43:22.441+0000] {logging_mixin.py:188} INFO - [2025-11-19T19:43:22.440+0000] {dag.py:3954} INFO - Setting next_dagrun for sodai_training_and_scoring to None, run_after=None
[2025-11-19T19:43:22.453+0000] {processor.py:183} INFO - Processing /opt/airflow/dags/sodai_pipeline_dag.py took 0.057 seconds
[2025-11-19T19:43:55.732+0000] {processor.py:161} INFO - Started process (PID=1765) to work on /opt/airflow/dags/sodai_pipeline_dag.py
[2025-11-19T19:43:55.733+0000] {processor.py:830} INFO - Processing file /opt/airflow/dags/sodai_pipeline_dag.py for tasks to queue
[2025-11-19T19:43:55.734+0000] {logging_mixin.py:188} INFO - [2025-11-19T19:43:55.734+0000] {dagbag.py:540} INFO - Filling up the DagBag from /opt/airflow/dags/sodai_pipeline_dag.py
[2025-11-19T19:43:55.745+0000] {processor.py:840} INFO - DAG(s) 'sodai_training_and_scoring' retrieved from /opt/airflow/dags/sodai_pipeline_dag.py
[2025-11-19T19:43:55.763+0000] {logging_mixin.py:188} INFO - [2025-11-19T19:43:55.762+0000] {dag.py:3096} INFO - Sync 1 DAGs
[2025-11-19T19:43:55.771+0000] {logging_mixin.py:188} INFO - [2025-11-19T19:43:55.771+0000] {dag.py:3954} INFO - Setting next_dagrun for sodai_training_and_scoring to None, run_after=None
[2025-11-19T19:43:55.785+0000] {processor.py:183} INFO - Processing /opt/airflow/dags/sodai_pipeline_dag.py took 0.056 seconds
[2025-11-19T19:44:26.124+0000] {processor.py:161} INFO - Started process (PID=1775) to work on /opt/airflow/dags/sodai_pipeline_dag.py
[2025-11-19T19:44:26.125+0000] {processor.py:830} INFO - Processing file /opt/airflow/dags/sodai_pipeline_dag.py for tasks to queue
[2025-11-19T19:44:26.126+0000] {logging_mixin.py:188} INFO - [2025-11-19T19:44:26.126+0000] {dagbag.py:540} INFO - Filling up the DagBag from /opt/airflow/dags/sodai_pipeline_dag.py
[2025-11-19T19:44:28.066+0000] {processor.py:840} INFO - DAG(s) 'sodai_training_and_scoring' retrieved from /opt/airflow/dags/sodai_pipeline_dag.py
[2025-11-19T19:44:28.085+0000] {logging_mixin.py:188} INFO - [2025-11-19T19:44:28.085+0000] {dag.py:3096} INFO - Sync 1 DAGs
[2025-11-19T19:44:28.096+0000] {logging_mixin.py:188} INFO - [2025-11-19T19:44:28.096+0000] {dag.py:3954} INFO - Setting next_dagrun for sodai_training_and_scoring to None, run_after=None
[2025-11-19T19:44:28.111+0000] {processor.py:183} INFO - Processing /opt/airflow/dags/sodai_pipeline_dag.py took 0.064 seconds
[2025-11-19T19:45:01.447+0000] {processor.py:161} INFO - Started process (PID=1785) to work on /opt/airflow/dags/sodai_pipeline_dag.py
[2025-11-19T19:45:01.448+0000] {processor.py:830} INFO - Processing file /opt/airflow/dags/sodai_pipeline_dag.py for tasks to queue
[2025-11-19T19:45:01.449+0000] {logging_mixin.py:188} INFO - [2025-11-19T19:45:01.449+0000] {dagbag.py:540} INFO - Filling up the DagBag from /opt/airflow/dags/sodai_pipeline_dag.py
[2025-11-19T19:45:01.463+0000] {processor.py:840} INFO - DAG(s) 'sodai_training_and_scoring' retrieved from /opt/airflow/dags/sodai_pipeline_dag.py
[2025-11-19T19:45:01.482+0000] {logging_mixin.py:188} INFO - [2025-11-19T19:45:01.481+0000] {dag.py:3096} INFO - Sync 1 DAGs
[2025-11-19T19:45:01.492+0000] {logging_mixin.py:188} INFO - [2025-11-19T19:45:01.491+0000] {dag.py:3954} INFO - Setting next_dagrun for sodai_training_and_scoring to None, run_after=None
[2025-11-19T19:45:01.509+0000] {processor.py:183} INFO - Processing /opt/airflow/dags/sodai_pipeline_dag.py took 0.066 seconds
[2025-11-19T19:45:34.774+0000] {processor.py:161} INFO - Started process (PID=1795) to work on /opt/airflow/dags/sodai_pipeline_dag.py
[2025-11-19T19:45:34.774+0000] {processor.py:830} INFO - Processing file /opt/airflow/dags/sodai_pipeline_dag.py for tasks to queue
[2025-11-19T19:45:34.776+0000] {logging_mixin.py:188} INFO - [2025-11-19T19:45:34.776+0000] {dagbag.py:540} INFO - Filling up the DagBag from /opt/airflow/dags/sodai_pipeline_dag.py
[2025-11-19T19:45:34.796+0000] {processor.py:840} INFO - DAG(s) 'sodai_training_and_scoring' retrieved from /opt/airflow/dags/sodai_pipeline_dag.py
[2025-11-19T19:45:34.819+0000] {logging_mixin.py:188} INFO - [2025-11-19T19:45:34.819+0000] {dag.py:3096} INFO - Sync 1 DAGs
[2025-11-19T19:45:34.828+0000] {logging_mixin.py:188} INFO - [2025-11-19T19:45:34.828+0000] {dag.py:3954} INFO - Setting next_dagrun for sodai_training_and_scoring to None, run_after=None
[2025-11-19T19:45:34.840+0000] {processor.py:183} INFO - Processing /opt/airflow/dags/sodai_pipeline_dag.py took 0.070 seconds
[2025-11-19T19:46:08.000+0000] {processor.py:161} INFO - Started process (PID=1805) to work on /opt/airflow/dags/sodai_pipeline_dag.py
[2025-11-19T19:46:08.001+0000] {processor.py:830} INFO - Processing file /opt/airflow/dags/sodai_pipeline_dag.py for tasks to queue
[2025-11-19T19:46:08.003+0000] {logging_mixin.py:188} INFO - [2025-11-19T19:46:08.002+0000] {dagbag.py:540} INFO - Filling up the DagBag from /opt/airflow/dags/sodai_pipeline_dag.py
[2025-11-19T19:46:08.015+0000] {processor.py:840} INFO - DAG(s) 'sodai_training_and_scoring' retrieved from /opt/airflow/dags/sodai_pipeline_dag.py
[2025-11-19T19:46:08.038+0000] {logging_mixin.py:188} INFO - [2025-11-19T19:46:08.037+0000] {dag.py:3096} INFO - Sync 1 DAGs
[2025-11-19T19:46:08.048+0000] {logging_mixin.py:188} INFO - [2025-11-19T19:46:08.048+0000] {dag.py:3954} INFO - Setting next_dagrun for sodai_training_and_scoring to None, run_after=None
[2025-11-19T19:46:08.063+0000] {processor.py:183} INFO - Processing /opt/airflow/dags/sodai_pipeline_dag.py took 0.067 seconds
[2025-11-19T19:46:41.287+0000] {processor.py:161} INFO - Started process (PID=1815) to work on /opt/airflow/dags/sodai_pipeline_dag.py
[2025-11-19T19:46:41.288+0000] {processor.py:830} INFO - Processing file /opt/airflow/dags/sodai_pipeline_dag.py for tasks to queue
[2025-11-19T19:46:41.290+0000] {logging_mixin.py:188} INFO - [2025-11-19T19:46:41.290+0000] {dagbag.py:540} INFO - Filling up the DagBag from /opt/airflow/dags/sodai_pipeline_dag.py
[2025-11-19T19:46:41.309+0000] {processor.py:840} INFO - DAG(s) 'sodai_training_and_scoring' retrieved from /opt/airflow/dags/sodai_pipeline_dag.py
[2025-11-19T19:46:41.330+0000] {logging_mixin.py:188} INFO - [2025-11-19T19:46:41.330+0000] {dag.py:3096} INFO - Sync 1 DAGs
[2025-11-19T19:46:41.339+0000] {logging_mixin.py:188} INFO - [2025-11-19T19:46:41.339+0000] {dag.py:3954} INFO - Setting next_dagrun for sodai_training_and_scoring to None, run_after=None
[2025-11-19T19:46:41.352+0000] {processor.py:183} INFO - Processing /opt/airflow/dags/sodai_pipeline_dag.py took 0.070 seconds
[2025-11-19T19:47:13.717+0000] {processor.py:161} INFO - Started process (PID=1825) to work on /opt/airflow/dags/sodai_pipeline_dag.py
[2025-11-19T19:47:13.718+0000] {processor.py:830} INFO - Processing file /opt/airflow/dags/sodai_pipeline_dag.py for tasks to queue
[2025-11-19T19:47:13.719+0000] {logging_mixin.py:188} INFO - [2025-11-19T19:47:13.719+0000] {dagbag.py:540} INFO - Filling up the DagBag from /opt/airflow/dags/sodai_pipeline_dag.py
[2025-11-19T19:47:13.735+0000] {processor.py:840} INFO - DAG(s) 'sodai_training_and_scoring' retrieved from /opt/airflow/dags/sodai_pipeline_dag.py
[2025-11-19T19:47:13.758+0000] {logging_mixin.py:188} INFO - [2025-11-19T19:47:13.758+0000] {dag.py:3096} INFO - Sync 1 DAGs
[2025-11-19T19:47:13.769+0000] {logging_mixin.py:188} INFO - [2025-11-19T19:47:13.768+0000] {dag.py:3954} INFO - Setting next_dagrun for sodai_training_and_scoring to None, run_after=None
[2025-11-19T19:47:13.787+0000] {processor.py:183} INFO - Processing /opt/airflow/dags/sodai_pipeline_dag.py took 0.075 seconds
[2025-11-19T19:47:47.052+0000] {processor.py:161} INFO - Started process (PID=1835) to work on /opt/airflow/dags/sodai_pipeline_dag.py
[2025-11-19T19:47:47.053+0000] {processor.py:830} INFO - Processing file /opt/airflow/dags/sodai_pipeline_dag.py for tasks to queue
[2025-11-19T19:47:47.054+0000] {logging_mixin.py:188} INFO - [2025-11-19T19:47:47.054+0000] {dagbag.py:540} INFO - Filling up the DagBag from /opt/airflow/dags/sodai_pipeline_dag.py
[2025-11-19T19:47:47.068+0000] {processor.py:840} INFO - DAG(s) 'sodai_training_and_scoring' retrieved from /opt/airflow/dags/sodai_pipeline_dag.py
[2025-11-19T19:47:47.089+0000] {logging_mixin.py:188} INFO - [2025-11-19T19:47:47.089+0000] {dag.py:3096} INFO - Sync 1 DAGs
[2025-11-19T19:47:47.097+0000] {logging_mixin.py:188} INFO - [2025-11-19T19:47:47.097+0000] {dag.py:3954} INFO - Setting next_dagrun for sodai_training_and_scoring to None, run_after=None
[2025-11-19T19:47:47.110+0000] {processor.py:183} INFO - Processing /opt/airflow/dags/sodai_pipeline_dag.py took 0.063 seconds
[2025-11-19T19:48:20.335+0000] {processor.py:161} INFO - Started process (PID=1845) to work on /opt/airflow/dags/sodai_pipeline_dag.py
[2025-11-19T19:48:20.336+0000] {processor.py:830} INFO - Processing file /opt/airflow/dags/sodai_pipeline_dag.py for tasks to queue
[2025-11-19T19:48:20.338+0000] {logging_mixin.py:188} INFO - [2025-11-19T19:48:20.337+0000] {dagbag.py:540} INFO - Filling up the DagBag from /opt/airflow/dags/sodai_pipeline_dag.py
[2025-11-19T19:48:20.353+0000] {processor.py:840} INFO - DAG(s) 'sodai_training_and_scoring' retrieved from /opt/airflow/dags/sodai_pipeline_dag.py
[2025-11-19T19:48:20.374+0000] {logging_mixin.py:188} INFO - [2025-11-19T19:48:20.373+0000] {dag.py:3096} INFO - Sync 1 DAGs
[2025-11-19T19:48:20.383+0000] {logging_mixin.py:188} INFO - [2025-11-19T19:48:20.383+0000] {dag.py:3954} INFO - Setting next_dagrun for sodai_training_and_scoring to None, run_after=None
[2025-11-19T19:48:20.396+0000] {processor.py:183} INFO - Processing /opt/airflow/dags/sodai_pipeline_dag.py took 0.068 seconds
[2025-11-19T19:48:53.707+0000] {processor.py:161} INFO - Started process (PID=1855) to work on /opt/airflow/dags/sodai_pipeline_dag.py
[2025-11-19T19:48:53.709+0000] {processor.py:830} INFO - Processing file /opt/airflow/dags/sodai_pipeline_dag.py for tasks to queue
[2025-11-19T19:48:53.710+0000] {logging_mixin.py:188} INFO - [2025-11-19T19:48:53.710+0000] {dagbag.py:540} INFO - Filling up the DagBag from /opt/airflow/dags/sodai_pipeline_dag.py
[2025-11-19T19:48:53.727+0000] {processor.py:840} INFO - DAG(s) 'sodai_training_and_scoring' retrieved from /opt/airflow/dags/sodai_pipeline_dag.py
[2025-11-19T19:48:53.753+0000] {logging_mixin.py:188} INFO - [2025-11-19T19:48:53.753+0000] {dag.py:3096} INFO - Sync 1 DAGs
[2025-11-19T19:48:53.764+0000] {logging_mixin.py:188} INFO - [2025-11-19T19:48:53.764+0000] {dag.py:3954} INFO - Setting next_dagrun for sodai_training_and_scoring to None, run_after=None
[2025-11-19T19:48:53.857+0000] {processor.py:183} INFO - Processing /opt/airflow/dags/sodai_pipeline_dag.py took 0.155 seconds
[2025-11-19T19:49:24.175+0000] {processor.py:161} INFO - Started process (PID=1865) to work on /opt/airflow/dags/sodai_pipeline_dag.py
[2025-11-19T19:49:24.176+0000] {processor.py:830} INFO - Processing file /opt/airflow/dags/sodai_pipeline_dag.py for tasks to queue
[2025-11-19T19:49:24.177+0000] {logging_mixin.py:188} INFO - [2025-11-19T19:49:24.177+0000] {dagbag.py:540} INFO - Filling up the DagBag from /opt/airflow/dags/sodai_pipeline_dag.py
[2025-11-19T19:49:24.190+0000] {processor.py:840} INFO - DAG(s) 'sodai_training_and_scoring' retrieved from /opt/airflow/dags/sodai_pipeline_dag.py
[2025-11-19T19:49:26.142+0000] {logging_mixin.py:188} INFO - [2025-11-19T19:49:26.142+0000] {dag.py:3096} INFO - Sync 1 DAGs
[2025-11-19T19:49:26.153+0000] {logging_mixin.py:188} INFO - [2025-11-19T19:49:26.153+0000] {dag.py:3954} INFO - Setting next_dagrun for sodai_training_and_scoring to None, run_after=None
[2025-11-19T19:49:26.167+0000] {processor.py:183} INFO - Processing /opt/airflow/dags/sodai_pipeline_dag.py took 0.070 seconds
[2025-11-19T19:49:59.354+0000] {processor.py:161} INFO - Started process (PID=1875) to work on /opt/airflow/dags/sodai_pipeline_dag.py
[2025-11-19T19:49:59.356+0000] {processor.py:830} INFO - Processing file /opt/airflow/dags/sodai_pipeline_dag.py for tasks to queue
[2025-11-19T19:49:59.358+0000] {logging_mixin.py:188} INFO - [2025-11-19T19:49:59.358+0000] {dagbag.py:540} INFO - Filling up the DagBag from /opt/airflow/dags/sodai_pipeline_dag.py
[2025-11-19T19:49:59.378+0000] {processor.py:840} INFO - DAG(s) 'sodai_training_and_scoring' retrieved from /opt/airflow/dags/sodai_pipeline_dag.py
[2025-11-19T19:49:59.414+0000] {logging_mixin.py:188} INFO - [2025-11-19T19:49:59.413+0000] {dag.py:3096} INFO - Sync 1 DAGs
[2025-11-19T19:49:59.433+0000] {logging_mixin.py:188} INFO - [2025-11-19T19:49:59.432+0000] {dag.py:3954} INFO - Setting next_dagrun for sodai_training_and_scoring to None, run_after=None
[2025-11-19T19:49:59.452+0000] {processor.py:183} INFO - Processing /opt/airflow/dags/sodai_pipeline_dag.py took 0.106 seconds
[2025-11-19T19:50:32.683+0000] {processor.py:161} INFO - Started process (PID=1885) to work on /opt/airflow/dags/sodai_pipeline_dag.py
[2025-11-19T19:50:32.685+0000] {processor.py:830} INFO - Processing file /opt/airflow/dags/sodai_pipeline_dag.py for tasks to queue
[2025-11-19T19:50:32.687+0000] {logging_mixin.py:188} INFO - [2025-11-19T19:50:32.687+0000] {dagbag.py:540} INFO - Filling up the DagBag from /opt/airflow/dags/sodai_pipeline_dag.py
[2025-11-19T19:50:32.705+0000] {processor.py:840} INFO - DAG(s) 'sodai_training_and_scoring' retrieved from /opt/airflow/dags/sodai_pipeline_dag.py
[2025-11-19T19:50:32.735+0000] {logging_mixin.py:188} INFO - [2025-11-19T19:50:32.735+0000] {dag.py:3096} INFO - Sync 1 DAGs
[2025-11-19T19:50:32.747+0000] {logging_mixin.py:188} INFO - [2025-11-19T19:50:32.747+0000] {dag.py:3954} INFO - Setting next_dagrun for sodai_training_and_scoring to None, run_after=None
[2025-11-19T19:50:32.770+0000] {processor.py:183} INFO - Processing /opt/airflow/dags/sodai_pipeline_dag.py took 0.093 seconds
[2025-11-19T19:51:03.380+0000] {processor.py:161} INFO - Started process (PID=1895) to work on /opt/airflow/dags/sodai_pipeline_dag.py
[2025-11-19T19:51:03.381+0000] {processor.py:830} INFO - Processing file /opt/airflow/dags/sodai_pipeline_dag.py for tasks to queue
[2025-11-19T19:51:03.383+0000] {logging_mixin.py:188} INFO - [2025-11-19T19:51:03.382+0000] {dagbag.py:540} INFO - Filling up the DagBag from /opt/airflow/dags/sodai_pipeline_dag.py
[2025-11-19T19:51:05.329+0000] {processor.py:840} INFO - DAG(s) 'sodai_training_and_scoring' retrieved from /opt/airflow/dags/sodai_pipeline_dag.py
[2025-11-19T19:51:05.357+0000] {logging_mixin.py:188} INFO - [2025-11-19T19:51:05.357+0000] {dag.py:3096} INFO - Sync 1 DAGs
[2025-11-19T19:51:05.369+0000] {logging_mixin.py:188} INFO - [2025-11-19T19:51:05.369+0000] {dag.py:3954} INFO - Setting next_dagrun for sodai_training_and_scoring to None, run_after=None
[2025-11-19T19:51:05.387+0000] {processor.py:183} INFO - Processing /opt/airflow/dags/sodai_pipeline_dag.py took 0.085 seconds
[2025-11-19T19:51:38.664+0000] {processor.py:161} INFO - Started process (PID=1905) to work on /opt/airflow/dags/sodai_pipeline_dag.py
[2025-11-19T19:51:38.665+0000] {processor.py:830} INFO - Processing file /opt/airflow/dags/sodai_pipeline_dag.py for tasks to queue
[2025-11-19T19:51:38.666+0000] {logging_mixin.py:188} INFO - [2025-11-19T19:51:38.666+0000] {dagbag.py:540} INFO - Filling up the DagBag from /opt/airflow/dags/sodai_pipeline_dag.py
[2025-11-19T19:51:38.684+0000] {processor.py:840} INFO - DAG(s) 'sodai_training_and_scoring' retrieved from /opt/airflow/dags/sodai_pipeline_dag.py
[2025-11-19T19:51:38.717+0000] {logging_mixin.py:188} INFO - [2025-11-19T19:51:38.716+0000] {dag.py:3096} INFO - Sync 1 DAGs
[2025-11-19T19:51:38.729+0000] {logging_mixin.py:188} INFO - [2025-11-19T19:51:38.729+0000] {dag.py:3954} INFO - Setting next_dagrun for sodai_training_and_scoring to None, run_after=None
[2025-11-19T19:51:38.748+0000] {processor.py:183} INFO - Processing /opt/airflow/dags/sodai_pipeline_dag.py took 0.089 seconds
[2025-11-19T19:52:11.987+0000] {processor.py:161} INFO - Started process (PID=1915) to work on /opt/airflow/dags/sodai_pipeline_dag.py
[2025-11-19T19:52:11.987+0000] {processor.py:830} INFO - Processing file /opt/airflow/dags/sodai_pipeline_dag.py for tasks to queue
[2025-11-19T19:52:11.989+0000] {logging_mixin.py:188} INFO - [2025-11-19T19:52:11.989+0000] {dagbag.py:540} INFO - Filling up the DagBag from /opt/airflow/dags/sodai_pipeline_dag.py
[2025-11-19T19:52:12.003+0000] {processor.py:840} INFO - DAG(s) 'sodai_training_and_scoring' retrieved from /opt/airflow/dags/sodai_pipeline_dag.py
[2025-11-19T19:52:12.027+0000] {logging_mixin.py:188} INFO - [2025-11-19T19:52:12.027+0000] {dag.py:3096} INFO - Sync 1 DAGs
[2025-11-19T19:52:12.038+0000] {logging_mixin.py:188} INFO - [2025-11-19T19:52:12.038+0000] {dag.py:3954} INFO - Setting next_dagrun for sodai_training_and_scoring to None, run_after=None
[2025-11-19T19:52:12.054+0000] {processor.py:183} INFO - Processing /opt/airflow/dags/sodai_pipeline_dag.py took 0.072 seconds
[2025-11-19T19:52:45.282+0000] {processor.py:161} INFO - Started process (PID=1925) to work on /opt/airflow/dags/sodai_pipeline_dag.py
[2025-11-19T19:52:45.283+0000] {processor.py:830} INFO - Processing file /opt/airflow/dags/sodai_pipeline_dag.py for tasks to queue
[2025-11-19T19:52:45.284+0000] {logging_mixin.py:188} INFO - [2025-11-19T19:52:45.284+0000] {dagbag.py:540} INFO - Filling up the DagBag from /opt/airflow/dags/sodai_pipeline_dag.py
[2025-11-19T19:52:45.298+0000] {processor.py:840} INFO - DAG(s) 'sodai_training_and_scoring' retrieved from /opt/airflow/dags/sodai_pipeline_dag.py
[2025-11-19T19:52:45.321+0000] {logging_mixin.py:188} INFO - [2025-11-19T19:52:45.320+0000] {dag.py:3096} INFO - Sync 1 DAGs
[2025-11-19T19:52:45.330+0000] {logging_mixin.py:188} INFO - [2025-11-19T19:52:45.330+0000] {dag.py:3954} INFO - Setting next_dagrun for sodai_training_and_scoring to None, run_after=None
[2025-11-19T19:52:45.345+0000] {processor.py:183} INFO - Processing /opt/airflow/dags/sodai_pipeline_dag.py took 0.069 seconds
[2025-11-19T19:53:15.676+0000] {processor.py:161} INFO - Started process (PID=1935) to work on /opt/airflow/dags/sodai_pipeline_dag.py
[2025-11-19T19:53:15.677+0000] {processor.py:830} INFO - Processing file /opt/airflow/dags/sodai_pipeline_dag.py for tasks to queue
[2025-11-19T19:53:15.678+0000] {logging_mixin.py:188} INFO - [2025-11-19T19:53:15.678+0000] {dagbag.py:540} INFO - Filling up the DagBag from /opt/airflow/dags/sodai_pipeline_dag.py
[2025-11-19T19:53:15.693+0000] {processor.py:840} INFO - DAG(s) 'sodai_training_and_scoring' retrieved from /opt/airflow/dags/sodai_pipeline_dag.py
[2025-11-19T19:53:17.646+0000] {logging_mixin.py:188} INFO - [2025-11-19T19:53:17.646+0000] {dag.py:3096} INFO - Sync 1 DAGs
[2025-11-19T19:53:17.655+0000] {logging_mixin.py:188} INFO - [2025-11-19T19:53:17.655+0000] {dag.py:3954} INFO - Setting next_dagrun for sodai_training_and_scoring to None, run_after=None
[2025-11-19T19:53:17.671+0000] {processor.py:183} INFO - Processing /opt/airflow/dags/sodai_pipeline_dag.py took 0.070 seconds
[2025-11-19T19:53:50.974+0000] {processor.py:161} INFO - Started process (PID=1945) to work on /opt/airflow/dags/sodai_pipeline_dag.py
[2025-11-19T19:53:50.975+0000] {processor.py:830} INFO - Processing file /opt/airflow/dags/sodai_pipeline_dag.py for tasks to queue
[2025-11-19T19:53:50.977+0000] {logging_mixin.py:188} INFO - [2025-11-19T19:53:50.976+0000] {dagbag.py:540} INFO - Filling up the DagBag from /opt/airflow/dags/sodai_pipeline_dag.py
[2025-11-19T19:53:50.990+0000] {processor.py:840} INFO - DAG(s) 'sodai_training_and_scoring' retrieved from /opt/airflow/dags/sodai_pipeline_dag.py
[2025-11-19T19:53:51.012+0000] {logging_mixin.py:188} INFO - [2025-11-19T19:53:51.012+0000] {dag.py:3096} INFO - Sync 1 DAGs
[2025-11-19T19:53:51.021+0000] {logging_mixin.py:188} INFO - [2025-11-19T19:53:51.021+0000] {dag.py:3954} INFO - Setting next_dagrun for sodai_training_and_scoring to None, run_after=None
[2025-11-19T19:53:51.034+0000] {processor.py:183} INFO - Processing /opt/airflow/dags/sodai_pipeline_dag.py took 0.063 seconds
[2025-11-19T19:54:24.369+0000] {processor.py:161} INFO - Started process (PID=1955) to work on /opt/airflow/dags/sodai_pipeline_dag.py
[2025-11-19T19:54:24.370+0000] {processor.py:830} INFO - Processing file /opt/airflow/dags/sodai_pipeline_dag.py for tasks to queue
[2025-11-19T19:54:24.371+0000] {logging_mixin.py:188} INFO - [2025-11-19T19:54:24.371+0000] {dagbag.py:540} INFO - Filling up the DagBag from /opt/airflow/dags/sodai_pipeline_dag.py
[2025-11-19T19:54:24.386+0000] {processor.py:840} INFO - DAG(s) 'sodai_training_and_scoring' retrieved from /opt/airflow/dags/sodai_pipeline_dag.py
[2025-11-19T19:54:24.409+0000] {logging_mixin.py:188} INFO - [2025-11-19T19:54:24.409+0000] {dag.py:3096} INFO - Sync 1 DAGs
[2025-11-19T19:54:24.418+0000] {logging_mixin.py:188} INFO - [2025-11-19T19:54:24.418+0000] {dag.py:3954} INFO - Setting next_dagrun for sodai_training_and_scoring to None, run_after=None
[2025-11-19T19:54:24.431+0000] {processor.py:183} INFO - Processing /opt/airflow/dags/sodai_pipeline_dag.py took 0.067 seconds
[2025-11-19T19:54:57.504+0000] {processor.py:161} INFO - Started process (PID=1965) to work on /opt/airflow/dags/sodai_pipeline_dag.py
[2025-11-19T19:54:57.506+0000] {processor.py:830} INFO - Processing file /opt/airflow/dags/sodai_pipeline_dag.py for tasks to queue
[2025-11-19T19:54:57.508+0000] {logging_mixin.py:188} INFO - [2025-11-19T19:54:57.508+0000] {dagbag.py:540} INFO - Filling up the DagBag from /opt/airflow/dags/sodai_pipeline_dag.py
[2025-11-19T19:54:57.523+0000] {processor.py:840} INFO - DAG(s) 'sodai_training_and_scoring' retrieved from /opt/airflow/dags/sodai_pipeline_dag.py
[2025-11-19T19:54:57.546+0000] {logging_mixin.py:188} INFO - [2025-11-19T19:54:57.546+0000] {dag.py:3096} INFO - Sync 1 DAGs
[2025-11-19T19:54:57.555+0000] {logging_mixin.py:188} INFO - [2025-11-19T19:54:57.555+0000] {dag.py:3954} INFO - Setting next_dagrun for sodai_training_and_scoring to None, run_after=None
[2025-11-19T19:54:57.568+0000] {processor.py:183} INFO - Processing /opt/airflow/dags/sodai_pipeline_dag.py took 0.069 seconds
[2025-11-19T19:55:30.842+0000] {processor.py:161} INFO - Started process (PID=1975) to work on /opt/airflow/dags/sodai_pipeline_dag.py
[2025-11-19T19:55:30.843+0000] {processor.py:830} INFO - Processing file /opt/airflow/dags/sodai_pipeline_dag.py for tasks to queue
[2025-11-19T19:55:30.844+0000] {logging_mixin.py:188} INFO - [2025-11-19T19:55:30.844+0000] {dagbag.py:540} INFO - Filling up the DagBag from /opt/airflow/dags/sodai_pipeline_dag.py
[2025-11-19T19:55:30.857+0000] {processor.py:840} INFO - DAG(s) 'sodai_training_and_scoring' retrieved from /opt/airflow/dags/sodai_pipeline_dag.py
[2025-11-19T19:55:30.879+0000] {logging_mixin.py:188} INFO - [2025-11-19T19:55:30.879+0000] {dag.py:3096} INFO - Sync 1 DAGs
[2025-11-19T19:55:30.888+0000] {logging_mixin.py:188} INFO - [2025-11-19T19:55:30.888+0000] {dag.py:3954} INFO - Setting next_dagrun for sodai_training_and_scoring to None, run_after=None
[2025-11-19T19:55:30.903+0000] {processor.py:183} INFO - Processing /opt/airflow/dags/sodai_pipeline_dag.py took 0.065 seconds
[2025-11-19T19:56:03.217+0000] {processor.py:161} INFO - Started process (PID=1985) to work on /opt/airflow/dags/sodai_pipeline_dag.py
[2025-11-19T19:56:03.218+0000] {processor.py:830} INFO - Processing file /opt/airflow/dags/sodai_pipeline_dag.py for tasks to queue
[2025-11-19T19:56:03.220+0000] {logging_mixin.py:188} INFO - [2025-11-19T19:56:03.219+0000] {dagbag.py:540} INFO - Filling up the DagBag from /opt/airflow/dags/sodai_pipeline_dag.py
[2025-11-19T19:56:03.235+0000] {processor.py:840} INFO - DAG(s) 'sodai_training_and_scoring' retrieved from /opt/airflow/dags/sodai_pipeline_dag.py
[2025-11-19T19:56:03.260+0000] {logging_mixin.py:188} INFO - [2025-11-19T19:56:03.260+0000] {dag.py:3096} INFO - Sync 1 DAGs
[2025-11-19T19:56:03.270+0000] {logging_mixin.py:188} INFO - [2025-11-19T19:56:03.269+0000] {dag.py:3954} INFO - Setting next_dagrun for sodai_training_and_scoring to None, run_after=None
[2025-11-19T19:56:03.287+0000] {processor.py:183} INFO - Processing /opt/airflow/dags/sodai_pipeline_dag.py took 0.074 seconds
[2025-11-19T19:56:36.546+0000] {processor.py:161} INFO - Started process (PID=1995) to work on /opt/airflow/dags/sodai_pipeline_dag.py
[2025-11-19T19:56:36.547+0000] {processor.py:830} INFO - Processing file /opt/airflow/dags/sodai_pipeline_dag.py for tasks to queue
[2025-11-19T19:56:36.549+0000] {logging_mixin.py:188} INFO - [2025-11-19T19:56:36.549+0000] {dagbag.py:540} INFO - Filling up the DagBag from /opt/airflow/dags/sodai_pipeline_dag.py
[2025-11-19T19:56:36.564+0000] {processor.py:840} INFO - DAG(s) 'sodai_training_and_scoring' retrieved from /opt/airflow/dags/sodai_pipeline_dag.py
[2025-11-19T19:56:36.586+0000] {logging_mixin.py:188} INFO - [2025-11-19T19:56:36.586+0000] {dag.py:3096} INFO - Sync 1 DAGs
[2025-11-19T19:56:36.596+0000] {logging_mixin.py:188} INFO - [2025-11-19T19:56:36.595+0000] {dag.py:3954} INFO - Setting next_dagrun for sodai_training_and_scoring to None, run_after=None
[2025-11-19T19:56:36.611+0000] {processor.py:183} INFO - Processing /opt/airflow/dags/sodai_pipeline_dag.py took 0.070 seconds
[2025-11-19T19:57:09.852+0000] {processor.py:161} INFO - Started process (PID=2005) to work on /opt/airflow/dags/sodai_pipeline_dag.py
[2025-11-19T19:57:09.853+0000] {processor.py:830} INFO - Processing file /opt/airflow/dags/sodai_pipeline_dag.py for tasks to queue
[2025-11-19T19:57:09.854+0000] {logging_mixin.py:188} INFO - [2025-11-19T19:57:09.854+0000] {dagbag.py:540} INFO - Filling up the DagBag from /opt/airflow/dags/sodai_pipeline_dag.py
[2025-11-19T19:57:09.867+0000] {processor.py:840} INFO - DAG(s) 'sodai_training_and_scoring' retrieved from /opt/airflow/dags/sodai_pipeline_dag.py
[2025-11-19T19:57:09.889+0000] {logging_mixin.py:188} INFO - [2025-11-19T19:57:09.889+0000] {dag.py:3096} INFO - Sync 1 DAGs
[2025-11-19T19:57:09.898+0000] {logging_mixin.py:188} INFO - [2025-11-19T19:57:09.898+0000] {dag.py:3954} INFO - Setting next_dagrun for sodai_training_and_scoring to None, run_after=None
[2025-11-19T19:57:09.912+0000] {processor.py:183} INFO - Processing /opt/airflow/dags/sodai_pipeline_dag.py took 0.064 seconds
[2025-11-19T19:57:43.271+0000] {processor.py:161} INFO - Started process (PID=2015) to work on /opt/airflow/dags/sodai_pipeline_dag.py
[2025-11-19T19:57:43.272+0000] {processor.py:830} INFO - Processing file /opt/airflow/dags/sodai_pipeline_dag.py for tasks to queue
[2025-11-19T19:57:43.273+0000] {logging_mixin.py:188} INFO - [2025-11-19T19:57:43.273+0000] {dagbag.py:540} INFO - Filling up the DagBag from /opt/airflow/dags/sodai_pipeline_dag.py
[2025-11-19T19:57:43.288+0000] {processor.py:840} INFO - DAG(s) 'sodai_training_and_scoring' retrieved from /opt/airflow/dags/sodai_pipeline_dag.py
[2025-11-19T19:57:43.310+0000] {logging_mixin.py:188} INFO - [2025-11-19T19:57:43.310+0000] {dag.py:3096} INFO - Sync 1 DAGs
[2025-11-19T19:57:43.319+0000] {logging_mixin.py:188} INFO - [2025-11-19T19:57:43.319+0000] {dag.py:3954} INFO - Setting next_dagrun for sodai_training_and_scoring to None, run_after=None
[2025-11-19T19:57:43.332+0000] {processor.py:183} INFO - Processing /opt/airflow/dags/sodai_pipeline_dag.py took 0.066 seconds
[2025-11-19T19:58:13.687+0000] {processor.py:161} INFO - Started process (PID=2025) to work on /opt/airflow/dags/sodai_pipeline_dag.py
[2025-11-19T19:58:13.687+0000] {processor.py:830} INFO - Processing file /opt/airflow/dags/sodai_pipeline_dag.py for tasks to queue
[2025-11-19T19:58:13.689+0000] {logging_mixin.py:188} INFO - [2025-11-19T19:58:13.689+0000] {dagbag.py:540} INFO - Filling up the DagBag from /opt/airflow/dags/sodai_pipeline_dag.py
[2025-11-19T19:58:13.703+0000] {processor.py:840} INFO - DAG(s) 'sodai_training_and_scoring' retrieved from /opt/airflow/dags/sodai_pipeline_dag.py
[2025-11-19T19:58:13.726+0000] {logging_mixin.py:188} INFO - [2025-11-19T19:58:13.725+0000] {dag.py:3096} INFO - Sync 1 DAGs
[2025-11-19T19:58:15.666+0000] {logging_mixin.py:188} INFO - [2025-11-19T19:58:15.666+0000] {dag.py:3954} INFO - Setting next_dagrun for sodai_training_and_scoring to None, run_after=None
[2025-11-19T19:58:15.683+0000] {processor.py:183} INFO - Processing /opt/airflow/dags/sodai_pipeline_dag.py took 0.069 seconds
[2025-11-19T19:58:49.056+0000] {processor.py:161} INFO - Started process (PID=2040) to work on /opt/airflow/dags/sodai_pipeline_dag.py
[2025-11-19T19:58:49.057+0000] {processor.py:830} INFO - Processing file /opt/airflow/dags/sodai_pipeline_dag.py for tasks to queue
[2025-11-19T19:58:49.059+0000] {logging_mixin.py:188} INFO - [2025-11-19T19:58:49.058+0000] {dagbag.py:540} INFO - Filling up the DagBag from /opt/airflow/dags/sodai_pipeline_dag.py
[2025-11-19T19:58:49.070+0000] {processor.py:840} INFO - DAG(s) 'sodai_training_and_scoring' retrieved from /opt/airflow/dags/sodai_pipeline_dag.py
[2025-11-19T19:58:49.088+0000] {logging_mixin.py:188} INFO - [2025-11-19T19:58:49.088+0000] {dag.py:3096} INFO - Sync 1 DAGs
[2025-11-19T19:58:49.097+0000] {logging_mixin.py:188} INFO - [2025-11-19T19:58:49.097+0000] {dag.py:3954} INFO - Setting next_dagrun for sodai_training_and_scoring to None, run_after=None
[2025-11-19T19:58:49.111+0000] {processor.py:183} INFO - Processing /opt/airflow/dags/sodai_pipeline_dag.py took 0.060 seconds
[2025-11-19T19:59:22.349+0000] {processor.py:161} INFO - Started process (PID=2050) to work on /opt/airflow/dags/sodai_pipeline_dag.py
[2025-11-19T19:59:22.350+0000] {processor.py:830} INFO - Processing file /opt/airflow/dags/sodai_pipeline_dag.py for tasks to queue
[2025-11-19T19:59:22.351+0000] {logging_mixin.py:188} INFO - [2025-11-19T19:59:22.351+0000] {dagbag.py:540} INFO - Filling up the DagBag from /opt/airflow/dags/sodai_pipeline_dag.py
[2025-11-19T19:59:22.364+0000] {processor.py:840} INFO - DAG(s) 'sodai_training_and_scoring' retrieved from /opt/airflow/dags/sodai_pipeline_dag.py
[2025-11-19T19:59:22.382+0000] {logging_mixin.py:188} INFO - [2025-11-19T19:59:22.382+0000] {dag.py:3096} INFO - Sync 1 DAGs
[2025-11-19T19:59:22.391+0000] {logging_mixin.py:188} INFO - [2025-11-19T19:59:22.391+0000] {dag.py:3954} INFO - Setting next_dagrun for sodai_training_and_scoring to None, run_after=None
[2025-11-19T19:59:22.407+0000] {processor.py:183} INFO - Processing /opt/airflow/dags/sodai_pipeline_dag.py took 0.062 seconds
[2025-11-19T19:59:55.667+0000] {processor.py:161} INFO - Started process (PID=2060) to work on /opt/airflow/dags/sodai_pipeline_dag.py
[2025-11-19T19:59:55.668+0000] {processor.py:830} INFO - Processing file /opt/airflow/dags/sodai_pipeline_dag.py for tasks to queue
[2025-11-19T19:59:55.669+0000] {logging_mixin.py:188} INFO - [2025-11-19T19:59:55.669+0000] {dagbag.py:540} INFO - Filling up the DagBag from /opt/airflow/dags/sodai_pipeline_dag.py
[2025-11-19T19:59:55.681+0000] {processor.py:840} INFO - DAG(s) 'sodai_training_and_scoring' retrieved from /opt/airflow/dags/sodai_pipeline_dag.py
[2025-11-19T19:59:55.699+0000] {logging_mixin.py:188} INFO - [2025-11-19T19:59:55.699+0000] {dag.py:3096} INFO - Sync 1 DAGs
[2025-11-19T19:59:55.707+0000] {logging_mixin.py:188} INFO - [2025-11-19T19:59:55.707+0000] {dag.py:3954} INFO - Setting next_dagrun for sodai_training_and_scoring to None, run_after=None
[2025-11-19T19:59:55.720+0000] {processor.py:183} INFO - Processing /opt/airflow/dags/sodai_pipeline_dag.py took 0.057 seconds
[2025-11-19T20:00:28.979+0000] {processor.py:161} INFO - Started process (PID=2070) to work on /opt/airflow/dags/sodai_pipeline_dag.py
[2025-11-19T20:00:28.980+0000] {processor.py:830} INFO - Processing file /opt/airflow/dags/sodai_pipeline_dag.py for tasks to queue
[2025-11-19T20:00:28.981+0000] {logging_mixin.py:188} INFO - [2025-11-19T20:00:28.981+0000] {dagbag.py:540} INFO - Filling up the DagBag from /opt/airflow/dags/sodai_pipeline_dag.py
[2025-11-19T20:00:28.996+0000] {processor.py:840} INFO - DAG(s) 'sodai_training_and_scoring' retrieved from /opt/airflow/dags/sodai_pipeline_dag.py
[2025-11-19T20:00:29.018+0000] {logging_mixin.py:188} INFO - [2025-11-19T20:00:29.018+0000] {dag.py:3096} INFO - Sync 1 DAGs
[2025-11-19T20:00:29.028+0000] {logging_mixin.py:188} INFO - [2025-11-19T20:00:29.028+0000] {dag.py:3954} INFO - Setting next_dagrun for sodai_training_and_scoring to None, run_after=None
[2025-11-19T20:00:29.044+0000] {processor.py:183} INFO - Processing /opt/airflow/dags/sodai_pipeline_dag.py took 0.069 seconds
[2025-11-19T20:01:01.254+0000] {processor.py:161} INFO - Started process (PID=2080) to work on /opt/airflow/dags/sodai_pipeline_dag.py
[2025-11-19T20:01:01.254+0000] {processor.py:830} INFO - Processing file /opt/airflow/dags/sodai_pipeline_dag.py for tasks to queue
[2025-11-19T20:01:01.256+0000] {logging_mixin.py:188} INFO - [2025-11-19T20:01:01.256+0000] {dagbag.py:540} INFO - Filling up the DagBag from /opt/airflow/dags/sodai_pipeline_dag.py
[2025-11-19T20:01:01.270+0000] {processor.py:840} INFO - DAG(s) 'sodai_training_and_scoring' retrieved from /opt/airflow/dags/sodai_pipeline_dag.py
[2025-11-19T20:01:01.287+0000] {logging_mixin.py:188} INFO - [2025-11-19T20:01:01.287+0000] {dag.py:3096} INFO - Sync 1 DAGs
[2025-11-19T20:01:01.296+0000] {logging_mixin.py:188} INFO - [2025-11-19T20:01:01.296+0000] {dag.py:3954} INFO - Setting next_dagrun for sodai_training_and_scoring to None, run_after=None
[2025-11-19T20:01:01.309+0000] {processor.py:183} INFO - Processing /opt/airflow/dags/sodai_pipeline_dag.py took 0.059 seconds
[2025-11-19T20:01:34.672+0000] {processor.py:161} INFO - Started process (PID=2090) to work on /opt/airflow/dags/sodai_pipeline_dag.py
[2025-11-19T20:01:34.673+0000] {processor.py:830} INFO - Processing file /opt/airflow/dags/sodai_pipeline_dag.py for tasks to queue
[2025-11-19T20:01:34.675+0000] {logging_mixin.py:188} INFO - [2025-11-19T20:01:34.675+0000] {dagbag.py:540} INFO - Filling up the DagBag from /opt/airflow/dags/sodai_pipeline_dag.py
[2025-11-19T20:01:34.691+0000] {processor.py:840} INFO - DAG(s) 'sodai_training_and_scoring' retrieved from /opt/airflow/dags/sodai_pipeline_dag.py
[2025-11-19T20:01:34.710+0000] {logging_mixin.py:188} INFO - [2025-11-19T20:01:34.710+0000] {dag.py:3096} INFO - Sync 1 DAGs
[2025-11-19T20:01:34.719+0000] {logging_mixin.py:188} INFO - [2025-11-19T20:01:34.719+0000] {dag.py:3954} INFO - Setting next_dagrun for sodai_training_and_scoring to None, run_after=None
[2025-11-19T20:01:34.735+0000] {processor.py:183} INFO - Processing /opt/airflow/dags/sodai_pipeline_dag.py took 0.068 seconds
[2025-11-19T20:02:08.016+0000] {processor.py:161} INFO - Started process (PID=2100) to work on /opt/airflow/dags/sodai_pipeline_dag.py
[2025-11-19T20:02:08.017+0000] {processor.py:830} INFO - Processing file /opt/airflow/dags/sodai_pipeline_dag.py for tasks to queue
[2025-11-19T20:02:08.019+0000] {logging_mixin.py:188} INFO - [2025-11-19T20:02:08.018+0000] {dagbag.py:540} INFO - Filling up the DagBag from /opt/airflow/dags/sodai_pipeline_dag.py
[2025-11-19T20:02:08.032+0000] {processor.py:840} INFO - DAG(s) 'sodai_training_and_scoring' retrieved from /opt/airflow/dags/sodai_pipeline_dag.py
[2025-11-19T20:02:08.053+0000] {logging_mixin.py:188} INFO - [2025-11-19T20:02:08.053+0000] {dag.py:3096} INFO - Sync 1 DAGs
[2025-11-19T20:02:08.063+0000] {logging_mixin.py:188} INFO - [2025-11-19T20:02:08.063+0000] {dag.py:3954} INFO - Setting next_dagrun for sodai_training_and_scoring to None, run_after=None
[2025-11-19T20:02:08.077+0000] {processor.py:183} INFO - Processing /opt/airflow/dags/sodai_pipeline_dag.py took 0.066 seconds
[2025-11-19T20:02:41.325+0000] {processor.py:161} INFO - Started process (PID=2110) to work on /opt/airflow/dags/sodai_pipeline_dag.py
[2025-11-19T20:02:41.326+0000] {processor.py:830} INFO - Processing file /opt/airflow/dags/sodai_pipeline_dag.py for tasks to queue
[2025-11-19T20:02:41.327+0000] {logging_mixin.py:188} INFO - [2025-11-19T20:02:41.327+0000] {dagbag.py:540} INFO - Filling up the DagBag from /opt/airflow/dags/sodai_pipeline_dag.py
[2025-11-19T20:02:41.339+0000] {processor.py:840} INFO - DAG(s) 'sodai_training_and_scoring' retrieved from /opt/airflow/dags/sodai_pipeline_dag.py
[2025-11-19T20:02:41.360+0000] {logging_mixin.py:188} INFO - [2025-11-19T20:02:41.359+0000] {dag.py:3096} INFO - Sync 1 DAGs
[2025-11-19T20:02:41.368+0000] {logging_mixin.py:188} INFO - [2025-11-19T20:02:41.368+0000] {dag.py:3954} INFO - Setting next_dagrun for sodai_training_and_scoring to None, run_after=None
[2025-11-19T20:02:41.381+0000] {processor.py:183} INFO - Processing /opt/airflow/dags/sodai_pipeline_dag.py took 0.060 seconds
[2025-11-19T20:03:11.671+0000] {processor.py:161} INFO - Started process (PID=2120) to work on /opt/airflow/dags/sodai_pipeline_dag.py
[2025-11-19T20:03:11.672+0000] {processor.py:830} INFO - Processing file /opt/airflow/dags/sodai_pipeline_dag.py for tasks to queue
[2025-11-19T20:03:11.674+0000] {logging_mixin.py:188} INFO - [2025-11-19T20:03:11.673+0000] {dagbag.py:540} INFO - Filling up the DagBag from /opt/airflow/dags/sodai_pipeline_dag.py
[2025-11-19T20:03:11.691+0000] {processor.py:840} INFO - DAG(s) 'sodai_training_and_scoring' retrieved from /opt/airflow/dags/sodai_pipeline_dag.py
[2025-11-19T20:03:11.718+0000] {logging_mixin.py:188} INFO - [2025-11-19T20:03:11.718+0000] {dag.py:3096} INFO - Sync 1 DAGs
[2025-11-19T20:03:11.730+0000] {logging_mixin.py:188} INFO - [2025-11-19T20:03:11.730+0000] {dag.py:3954} INFO - Setting next_dagrun for sodai_training_and_scoring to None, run_after=None
[2025-11-19T20:03:13.680+0000] {processor.py:183} INFO - Processing /opt/airflow/dags/sodai_pipeline_dag.py took 0.082 seconds
[2025-11-19T20:03:46.921+0000] {processor.py:161} INFO - Started process (PID=2130) to work on /opt/airflow/dags/sodai_pipeline_dag.py
[2025-11-19T20:03:46.922+0000] {processor.py:830} INFO - Processing file /opt/airflow/dags/sodai_pipeline_dag.py for tasks to queue
[2025-11-19T20:03:46.924+0000] {logging_mixin.py:188} INFO - [2025-11-19T20:03:46.924+0000] {dagbag.py:540} INFO - Filling up the DagBag from /opt/airflow/dags/sodai_pipeline_dag.py
[2025-11-19T20:03:46.940+0000] {processor.py:840} INFO - DAG(s) 'sodai_training_and_scoring' retrieved from /opt/airflow/dags/sodai_pipeline_dag.py
[2025-11-19T20:03:46.963+0000] {logging_mixin.py:188} INFO - [2025-11-19T20:03:46.963+0000] {dag.py:3096} INFO - Sync 1 DAGs
[2025-11-19T20:03:46.973+0000] {logging_mixin.py:188} INFO - [2025-11-19T20:03:46.973+0000] {dag.py:3954} INFO - Setting next_dagrun for sodai_training_and_scoring to None, run_after=None
[2025-11-19T20:03:46.989+0000] {processor.py:183} INFO - Processing /opt/airflow/dags/sodai_pipeline_dag.py took 0.072 seconds
[2025-11-19T20:04:20.332+0000] {processor.py:161} INFO - Started process (PID=2140) to work on /opt/airflow/dags/sodai_pipeline_dag.py
[2025-11-19T20:04:20.334+0000] {processor.py:830} INFO - Processing file /opt/airflow/dags/sodai_pipeline_dag.py for tasks to queue
[2025-11-19T20:04:20.336+0000] {logging_mixin.py:188} INFO - [2025-11-19T20:04:20.335+0000] {dagbag.py:540} INFO - Filling up the DagBag from /opt/airflow/dags/sodai_pipeline_dag.py
[2025-11-19T20:04:20.355+0000] {processor.py:840} INFO - DAG(s) 'sodai_training_and_scoring' retrieved from /opt/airflow/dags/sodai_pipeline_dag.py
[2025-11-19T20:04:20.378+0000] {logging_mixin.py:188} INFO - [2025-11-19T20:04:20.378+0000] {dag.py:3096} INFO - Sync 1 DAGs
[2025-11-19T20:04:20.387+0000] {logging_mixin.py:188} INFO - [2025-11-19T20:04:20.387+0000] {dag.py:3954} INFO - Setting next_dagrun for sodai_training_and_scoring to None, run_after=None
[2025-11-19T20:04:20.402+0000] {processor.py:183} INFO - Processing /opt/airflow/dags/sodai_pipeline_dag.py took 0.075 seconds
[2025-11-19T20:04:53.675+0000] {processor.py:161} INFO - Started process (PID=2150) to work on /opt/airflow/dags/sodai_pipeline_dag.py
[2025-11-19T20:04:53.676+0000] {processor.py:830} INFO - Processing file /opt/airflow/dags/sodai_pipeline_dag.py for tasks to queue
[2025-11-19T20:04:53.678+0000] {logging_mixin.py:188} INFO - [2025-11-19T20:04:53.677+0000] {dagbag.py:540} INFO - Filling up the DagBag from /opt/airflow/dags/sodai_pipeline_dag.py
[2025-11-19T20:04:53.696+0000] {processor.py:840} INFO - DAG(s) 'sodai_training_and_scoring' retrieved from /opt/airflow/dags/sodai_pipeline_dag.py
[2025-11-19T20:04:53.725+0000] {logging_mixin.py:188} INFO - [2025-11-19T20:04:53.725+0000] {dag.py:3096} INFO - Sync 1 DAGs
[2025-11-19T20:04:53.735+0000] {logging_mixin.py:188} INFO - [2025-11-19T20:04:53.734+0000] {dag.py:3954} INFO - Setting next_dagrun for sodai_training_and_scoring to None, run_after=None
[2025-11-19T20:04:53.754+0000] {processor.py:183} INFO - Processing /opt/airflow/dags/sodai_pipeline_dag.py took 0.083 seconds
[2025-11-19T20:05:27.017+0000] {processor.py:161} INFO - Started process (PID=2160) to work on /opt/airflow/dags/sodai_pipeline_dag.py
[2025-11-19T20:05:27.017+0000] {processor.py:830} INFO - Processing file /opt/airflow/dags/sodai_pipeline_dag.py for tasks to queue
[2025-11-19T20:05:27.019+0000] {logging_mixin.py:188} INFO - [2025-11-19T20:05:27.018+0000] {dagbag.py:540} INFO - Filling up the DagBag from /opt/airflow/dags/sodai_pipeline_dag.py
[2025-11-19T20:05:27.033+0000] {processor.py:840} INFO - DAG(s) 'sodai_training_and_scoring' retrieved from /opt/airflow/dags/sodai_pipeline_dag.py
[2025-11-19T20:05:27.054+0000] {logging_mixin.py:188} INFO - [2025-11-19T20:05:27.054+0000] {dag.py:3096} INFO - Sync 1 DAGs
[2025-11-19T20:05:27.063+0000] {logging_mixin.py:188} INFO - [2025-11-19T20:05:27.063+0000] {dag.py:3954} INFO - Setting next_dagrun for sodai_training_and_scoring to None, run_after=None
[2025-11-19T20:05:27.075+0000] {processor.py:183} INFO - Processing /opt/airflow/dags/sodai_pipeline_dag.py took 0.063 seconds
[2025-11-19T20:05:59.375+0000] {processor.py:161} INFO - Started process (PID=2170) to work on /opt/airflow/dags/sodai_pipeline_dag.py
[2025-11-19T20:05:59.376+0000] {processor.py:830} INFO - Processing file /opt/airflow/dags/sodai_pipeline_dag.py for tasks to queue
[2025-11-19T20:05:59.377+0000] {logging_mixin.py:188} INFO - [2025-11-19T20:05:59.377+0000] {dagbag.py:540} INFO - Filling up the DagBag from /opt/airflow/dags/sodai_pipeline_dag.py
[2025-11-19T20:05:59.393+0000] {processor.py:840} INFO - DAG(s) 'sodai_training_and_scoring' retrieved from /opt/airflow/dags/sodai_pipeline_dag.py
[2025-11-19T20:05:59.419+0000] {logging_mixin.py:188} INFO - [2025-11-19T20:05:59.418+0000] {dag.py:3096} INFO - Sync 1 DAGs
[2025-11-19T20:05:59.428+0000] {logging_mixin.py:188} INFO - [2025-11-19T20:05:59.428+0000] {dag.py:3954} INFO - Setting next_dagrun for sodai_training_and_scoring to None, run_after=None
[2025-11-19T20:05:59.445+0000] {processor.py:183} INFO - Processing /opt/airflow/dags/sodai_pipeline_dag.py took 0.075 seconds
[2025-11-19T20:06:32.855+0000] {processor.py:161} INFO - Started process (PID=2180) to work on /opt/airflow/dags/sodai_pipeline_dag.py
[2025-11-19T20:06:32.856+0000] {processor.py:830} INFO - Processing file /opt/airflow/dags/sodai_pipeline_dag.py for tasks to queue
[2025-11-19T20:06:32.858+0000] {logging_mixin.py:188} INFO - [2025-11-19T20:06:32.857+0000] {dagbag.py:540} INFO - Filling up the DagBag from /opt/airflow/dags/sodai_pipeline_dag.py
[2025-11-19T20:06:32.873+0000] {processor.py:840} INFO - DAG(s) 'sodai_training_and_scoring' retrieved from /opt/airflow/dags/sodai_pipeline_dag.py
[2025-11-19T20:06:32.895+0000] {logging_mixin.py:188} INFO - [2025-11-19T20:06:32.895+0000] {dag.py:3096} INFO - Sync 1 DAGs
[2025-11-19T20:06:32.905+0000] {logging_mixin.py:188} INFO - [2025-11-19T20:06:32.905+0000] {dag.py:3954} INFO - Setting next_dagrun for sodai_training_and_scoring to None, run_after=None
[2025-11-19T20:06:32.920+0000] {processor.py:183} INFO - Processing /opt/airflow/dags/sodai_pipeline_dag.py took 0.069 seconds
[2025-11-19T20:07:06.248+0000] {processor.py:161} INFO - Started process (PID=2190) to work on /opt/airflow/dags/sodai_pipeline_dag.py
[2025-11-19T20:07:06.249+0000] {processor.py:830} INFO - Processing file /opt/airflow/dags/sodai_pipeline_dag.py for tasks to queue
[2025-11-19T20:07:06.251+0000] {logging_mixin.py:188} INFO - [2025-11-19T20:07:06.250+0000] {dagbag.py:540} INFO - Filling up the DagBag from /opt/airflow/dags/sodai_pipeline_dag.py
[2025-11-19T20:07:06.266+0000] {processor.py:840} INFO - DAG(s) 'sodai_training_and_scoring' retrieved from /opt/airflow/dags/sodai_pipeline_dag.py
[2025-11-19T20:07:06.291+0000] {logging_mixin.py:188} INFO - [2025-11-19T20:07:06.290+0000] {dag.py:3096} INFO - Sync 1 DAGs
[2025-11-19T20:07:06.299+0000] {logging_mixin.py:188} INFO - [2025-11-19T20:07:06.299+0000] {dag.py:3954} INFO - Setting next_dagrun for sodai_training_and_scoring to None, run_after=None
[2025-11-19T20:07:06.316+0000] {processor.py:183} INFO - Processing /opt/airflow/dags/sodai_pipeline_dag.py took 0.073 seconds
[2025-11-19T20:07:39.558+0000] {processor.py:161} INFO - Started process (PID=2200) to work on /opt/airflow/dags/sodai_pipeline_dag.py
[2025-11-19T20:07:39.559+0000] {processor.py:830} INFO - Processing file /opt/airflow/dags/sodai_pipeline_dag.py for tasks to queue
[2025-11-19T20:07:39.560+0000] {logging_mixin.py:188} INFO - [2025-11-19T20:07:39.560+0000] {dagbag.py:540} INFO - Filling up the DagBag from /opt/airflow/dags/sodai_pipeline_dag.py
[2025-11-19T20:07:39.577+0000] {processor.py:840} INFO - DAG(s) 'sodai_training_and_scoring' retrieved from /opt/airflow/dags/sodai_pipeline_dag.py
[2025-11-19T20:07:39.600+0000] {logging_mixin.py:188} INFO - [2025-11-19T20:07:39.600+0000] {dag.py:3096} INFO - Sync 1 DAGs
[2025-11-19T20:07:39.609+0000] {logging_mixin.py:188} INFO - [2025-11-19T20:07:39.609+0000] {dag.py:3954} INFO - Setting next_dagrun for sodai_training_and_scoring to None, run_after=None
[2025-11-19T20:07:39.622+0000] {processor.py:183} INFO - Processing /opt/airflow/dags/sodai_pipeline_dag.py took 0.069 seconds
[2025-11-19T20:08:11.868+0000] {processor.py:161} INFO - Started process (PID=2210) to work on /opt/airflow/dags/sodai_pipeline_dag.py
[2025-11-19T20:08:11.869+0000] {processor.py:830} INFO - Processing file /opt/airflow/dags/sodai_pipeline_dag.py for tasks to queue
[2025-11-19T20:08:11.870+0000] {logging_mixin.py:188} INFO - [2025-11-19T20:08:11.870+0000] {dagbag.py:540} INFO - Filling up the DagBag from /opt/airflow/dags/sodai_pipeline_dag.py
[2025-11-19T20:08:11.886+0000] {processor.py:840} INFO - DAG(s) 'sodai_training_and_scoring' retrieved from /opt/airflow/dags/sodai_pipeline_dag.py
[2025-11-19T20:08:11.908+0000] {logging_mixin.py:188} INFO - [2025-11-19T20:08:11.907+0000] {dag.py:3096} INFO - Sync 1 DAGs
[2025-11-19T20:08:11.917+0000] {logging_mixin.py:188} INFO - [2025-11-19T20:08:11.917+0000] {dag.py:3954} INFO - Setting next_dagrun for sodai_training_and_scoring to None, run_after=None
[2025-11-19T20:08:11.931+0000] {processor.py:183} INFO - Processing /opt/airflow/dags/sodai_pipeline_dag.py took 0.068 seconds
[2025-11-19T20:08:45.250+0000] {processor.py:161} INFO - Started process (PID=2220) to work on /opt/airflow/dags/sodai_pipeline_dag.py
[2025-11-19T20:08:45.251+0000] {processor.py:830} INFO - Processing file /opt/airflow/dags/sodai_pipeline_dag.py for tasks to queue
[2025-11-19T20:08:45.253+0000] {logging_mixin.py:188} INFO - [2025-11-19T20:08:45.252+0000] {dagbag.py:540} INFO - Filling up the DagBag from /opt/airflow/dags/sodai_pipeline_dag.py
[2025-11-19T20:08:45.270+0000] {processor.py:840} INFO - DAG(s) 'sodai_training_and_scoring' retrieved from /opt/airflow/dags/sodai_pipeline_dag.py
[2025-11-19T20:08:45.298+0000] {logging_mixin.py:188} INFO - [2025-11-19T20:08:45.297+0000] {dag.py:3096} INFO - Sync 1 DAGs
[2025-11-19T20:08:45.306+0000] {logging_mixin.py:188} INFO - [2025-11-19T20:08:45.306+0000] {dag.py:3954} INFO - Setting next_dagrun for sodai_training_and_scoring to None, run_after=None
[2025-11-19T20:08:45.320+0000] {processor.py:183} INFO - Processing /opt/airflow/dags/sodai_pipeline_dag.py took 0.075 seconds
[2025-11-19T20:09:18.656+0000] {processor.py:161} INFO - Started process (PID=2230) to work on /opt/airflow/dags/sodai_pipeline_dag.py
[2025-11-19T20:09:18.657+0000] {processor.py:830} INFO - Processing file /opt/airflow/dags/sodai_pipeline_dag.py for tasks to queue
[2025-11-19T20:09:18.659+0000] {logging_mixin.py:188} INFO - [2025-11-19T20:09:18.659+0000] {dagbag.py:540} INFO - Filling up the DagBag from /opt/airflow/dags/sodai_pipeline_dag.py
[2025-11-19T20:09:18.674+0000] {processor.py:840} INFO - DAG(s) 'sodai_training_and_scoring' retrieved from /opt/airflow/dags/sodai_pipeline_dag.py
[2025-11-19T20:09:18.698+0000] {logging_mixin.py:188} INFO - [2025-11-19T20:09:18.698+0000] {dag.py:3096} INFO - Sync 1 DAGs
[2025-11-19T20:09:18.709+0000] {logging_mixin.py:188} INFO - [2025-11-19T20:09:18.709+0000] {dag.py:3954} INFO - Setting next_dagrun for sodai_training_and_scoring to None, run_after=None
[2025-11-19T20:09:18.726+0000] {processor.py:183} INFO - Processing /opt/airflow/dags/sodai_pipeline_dag.py took 0.074 seconds
[2025-11-19T20:09:52.000+0000] {processor.py:161} INFO - Started process (PID=2240) to work on /opt/airflow/dags/sodai_pipeline_dag.py
[2025-11-19T20:09:52.000+0000] {processor.py:830} INFO - Processing file /opt/airflow/dags/sodai_pipeline_dag.py for tasks to queue
[2025-11-19T20:09:52.001+0000] {logging_mixin.py:188} INFO - [2025-11-19T20:09:52.001+0000] {dagbag.py:540} INFO - Filling up the DagBag from /opt/airflow/dags/sodai_pipeline_dag.py
[2025-11-19T20:09:52.016+0000] {processor.py:840} INFO - DAG(s) 'sodai_training_and_scoring' retrieved from /opt/airflow/dags/sodai_pipeline_dag.py
[2025-11-19T20:09:52.037+0000] {logging_mixin.py:188} INFO - [2025-11-19T20:09:52.037+0000] {dag.py:3096} INFO - Sync 1 DAGs
[2025-11-19T20:09:52.046+0000] {logging_mixin.py:188} INFO - [2025-11-19T20:09:52.045+0000] {dag.py:3954} INFO - Setting next_dagrun for sodai_training_and_scoring to None, run_after=None
[2025-11-19T20:09:52.059+0000] {processor.py:183} INFO - Processing /opt/airflow/dags/sodai_pipeline_dag.py took 0.064 seconds
[2025-11-19T20:10:22.378+0000] {processor.py:161} INFO - Started process (PID=2250) to work on /opt/airflow/dags/sodai_pipeline_dag.py
[2025-11-19T20:10:22.378+0000] {processor.py:830} INFO - Processing file /opt/airflow/dags/sodai_pipeline_dag.py for tasks to queue
[2025-11-19T20:10:22.380+0000] {logging_mixin.py:188} INFO - [2025-11-19T20:10:22.380+0000] {dagbag.py:540} INFO - Filling up the DagBag from /opt/airflow/dags/sodai_pipeline_dag.py
[2025-11-19T20:10:22.393+0000] {processor.py:840} INFO - DAG(s) 'sodai_training_and_scoring' retrieved from /opt/airflow/dags/sodai_pipeline_dag.py
[2025-11-19T20:10:24.353+0000] {logging_mixin.py:188} INFO - [2025-11-19T20:10:24.353+0000] {dag.py:3096} INFO - Sync 1 DAGs
[2025-11-19T20:10:24.363+0000] {logging_mixin.py:188} INFO - [2025-11-19T20:10:24.362+0000] {dag.py:3954} INFO - Setting next_dagrun for sodai_training_and_scoring to None, run_after=None
[2025-11-19T20:10:24.375+0000] {processor.py:183} INFO - Processing /opt/airflow/dags/sodai_pipeline_dag.py took 0.066 seconds
[2025-11-19T20:10:57.694+0000] {processor.py:161} INFO - Started process (PID=2260) to work on /opt/airflow/dags/sodai_pipeline_dag.py
[2025-11-19T20:10:57.695+0000] {processor.py:830} INFO - Processing file /opt/airflow/dags/sodai_pipeline_dag.py for tasks to queue
[2025-11-19T20:10:57.696+0000] {logging_mixin.py:188} INFO - [2025-11-19T20:10:57.696+0000] {dagbag.py:540} INFO - Filling up the DagBag from /opt/airflow/dags/sodai_pipeline_dag.py
[2025-11-19T20:10:57.714+0000] {processor.py:840} INFO - DAG(s) 'sodai_training_and_scoring' retrieved from /opt/airflow/dags/sodai_pipeline_dag.py
[2025-11-19T20:10:57.740+0000] {logging_mixin.py:188} INFO - [2025-11-19T20:10:57.740+0000] {dag.py:3096} INFO - Sync 1 DAGs
[2025-11-19T20:10:57.749+0000] {logging_mixin.py:188} INFO - [2025-11-19T20:10:57.749+0000] {dag.py:3954} INFO - Setting next_dagrun for sodai_training_and_scoring to None, run_after=None
[2025-11-19T20:10:57.765+0000] {processor.py:183} INFO - Processing /opt/airflow/dags/sodai_pipeline_dag.py took 0.075 seconds
[2025-11-19T20:11:31.248+0000] {processor.py:161} INFO - Started process (PID=2270) to work on /opt/airflow/dags/sodai_pipeline_dag.py
[2025-11-19T20:11:31.249+0000] {processor.py:830} INFO - Processing file /opt/airflow/dags/sodai_pipeline_dag.py for tasks to queue
[2025-11-19T20:11:31.250+0000] {logging_mixin.py:188} INFO - [2025-11-19T20:11:31.250+0000] {dagbag.py:540} INFO - Filling up the DagBag from /opt/airflow/dags/sodai_pipeline_dag.py
[2025-11-19T20:11:31.264+0000] {processor.py:840} INFO - DAG(s) 'sodai_training_and_scoring' retrieved from /opt/airflow/dags/sodai_pipeline_dag.py
[2025-11-19T20:11:31.288+0000] {logging_mixin.py:188} INFO - [2025-11-19T20:11:31.288+0000] {dag.py:3096} INFO - Sync 1 DAGs
[2025-11-19T20:11:31.297+0000] {logging_mixin.py:188} INFO - [2025-11-19T20:11:31.297+0000] {dag.py:3954} INFO - Setting next_dagrun for sodai_training_and_scoring to None, run_after=None
[2025-11-19T20:11:31.313+0000] {processor.py:183} INFO - Processing /opt/airflow/dags/sodai_pipeline_dag.py took 0.069 seconds
[2025-11-19T20:12:04.560+0000] {processor.py:161} INFO - Started process (PID=2280) to work on /opt/airflow/dags/sodai_pipeline_dag.py
[2025-11-19T20:12:04.561+0000] {processor.py:830} INFO - Processing file /opt/airflow/dags/sodai_pipeline_dag.py for tasks to queue
[2025-11-19T20:12:04.562+0000] {logging_mixin.py:188} INFO - [2025-11-19T20:12:04.562+0000] {dagbag.py:540} INFO - Filling up the DagBag from /opt/airflow/dags/sodai_pipeline_dag.py
[2025-11-19T20:12:04.578+0000] {processor.py:840} INFO - DAG(s) 'sodai_training_and_scoring' retrieved from /opt/airflow/dags/sodai_pipeline_dag.py
[2025-11-19T20:12:04.612+0000] {logging_mixin.py:188} INFO - [2025-11-19T20:12:04.611+0000] {dag.py:3096} INFO - Sync 1 DAGs
[2025-11-19T20:12:04.623+0000] {logging_mixin.py:188} INFO - [2025-11-19T20:12:04.622+0000] {dag.py:3954} INFO - Setting next_dagrun for sodai_training_and_scoring to None, run_after=None
[2025-11-19T20:12:04.642+0000] {processor.py:183} INFO - Processing /opt/airflow/dags/sodai_pipeline_dag.py took 0.087 seconds
[2025-11-19T20:12:36.874+0000] {processor.py:161} INFO - Started process (PID=2290) to work on /opt/airflow/dags/sodai_pipeline_dag.py
[2025-11-19T20:12:36.875+0000] {processor.py:830} INFO - Processing file /opt/airflow/dags/sodai_pipeline_dag.py for tasks to queue
[2025-11-19T20:12:36.876+0000] {logging_mixin.py:188} INFO - [2025-11-19T20:12:36.876+0000] {dagbag.py:540} INFO - Filling up the DagBag from /opt/airflow/dags/sodai_pipeline_dag.py
[2025-11-19T20:12:36.891+0000] {processor.py:840} INFO - DAG(s) 'sodai_training_and_scoring' retrieved from /opt/airflow/dags/sodai_pipeline_dag.py
[2025-11-19T20:12:36.914+0000] {logging_mixin.py:188} INFO - [2025-11-19T20:12:36.913+0000] {dag.py:3096} INFO - Sync 1 DAGs
[2025-11-19T20:12:36.922+0000] {logging_mixin.py:188} INFO - [2025-11-19T20:12:36.922+0000] {dag.py:3954} INFO - Setting next_dagrun for sodai_training_and_scoring to None, run_after=None
[2025-11-19T20:12:36.937+0000] {processor.py:183} INFO - Processing /opt/airflow/dags/sodai_pipeline_dag.py took 0.067 seconds
[2025-11-19T20:13:10.262+0000] {processor.py:161} INFO - Started process (PID=2300) to work on /opt/airflow/dags/sodai_pipeline_dag.py
[2025-11-19T20:13:10.263+0000] {processor.py:830} INFO - Processing file /opt/airflow/dags/sodai_pipeline_dag.py for tasks to queue
[2025-11-19T20:13:10.264+0000] {logging_mixin.py:188} INFO - [2025-11-19T20:13:10.264+0000] {dagbag.py:540} INFO - Filling up the DagBag from /opt/airflow/dags/sodai_pipeline_dag.py
[2025-11-19T20:13:10.279+0000] {processor.py:840} INFO - DAG(s) 'sodai_training_and_scoring' retrieved from /opt/airflow/dags/sodai_pipeline_dag.py
[2025-11-19T20:13:10.304+0000] {logging_mixin.py:188} INFO - [2025-11-19T20:13:10.303+0000] {dag.py:3096} INFO - Sync 1 DAGs
[2025-11-19T20:13:10.314+0000] {logging_mixin.py:188} INFO - [2025-11-19T20:13:10.314+0000] {dag.py:3954} INFO - Setting next_dagrun for sodai_training_and_scoring to None, run_after=None
[2025-11-19T20:13:10.329+0000] {processor.py:183} INFO - Processing /opt/airflow/dags/sodai_pipeline_dag.py took 0.072 seconds
[2025-11-19T20:13:43.658+0000] {processor.py:161} INFO - Started process (PID=2310) to work on /opt/airflow/dags/sodai_pipeline_dag.py
[2025-11-19T20:13:43.659+0000] {processor.py:830} INFO - Processing file /opt/airflow/dags/sodai_pipeline_dag.py for tasks to queue
[2025-11-19T20:13:43.660+0000] {logging_mixin.py:188} INFO - [2025-11-19T20:13:43.660+0000] {dagbag.py:540} INFO - Filling up the DagBag from /opt/airflow/dags/sodai_pipeline_dag.py
[2025-11-19T20:13:43.675+0000] {processor.py:840} INFO - DAG(s) 'sodai_training_and_scoring' retrieved from /opt/airflow/dags/sodai_pipeline_dag.py
[2025-11-19T20:13:43.700+0000] {logging_mixin.py:188} INFO - [2025-11-19T20:13:43.700+0000] {dag.py:3096} INFO - Sync 1 DAGs
[2025-11-19T20:13:43.713+0000] {logging_mixin.py:188} INFO - [2025-11-19T20:13:43.713+0000] {dag.py:3954} INFO - Setting next_dagrun for sodai_training_and_scoring to None, run_after=None
[2025-11-19T20:13:43.733+0000] {processor.py:183} INFO - Processing /opt/airflow/dags/sodai_pipeline_dag.py took 0.078 seconds
[2025-11-19T20:14:16.975+0000] {processor.py:161} INFO - Started process (PID=2320) to work on /opt/airflow/dags/sodai_pipeline_dag.py
[2025-11-19T20:14:16.977+0000] {processor.py:830} INFO - Processing file /opt/airflow/dags/sodai_pipeline_dag.py for tasks to queue
[2025-11-19T20:14:16.980+0000] {logging_mixin.py:188} INFO - [2025-11-19T20:14:16.980+0000] {dagbag.py:540} INFO - Filling up the DagBag from /opt/airflow/dags/sodai_pipeline_dag.py
[2025-11-19T20:14:16.999+0000] {processor.py:840} INFO - DAG(s) 'sodai_training_and_scoring' retrieved from /opt/airflow/dags/sodai_pipeline_dag.py
[2025-11-19T20:14:17.027+0000] {logging_mixin.py:188} INFO - [2025-11-19T20:14:17.027+0000] {dag.py:3096} INFO - Sync 1 DAGs
[2025-11-19T20:14:17.039+0000] {logging_mixin.py:188} INFO - [2025-11-19T20:14:17.038+0000] {dag.py:3954} INFO - Setting next_dagrun for sodai_training_and_scoring to None, run_after=None
[2025-11-19T20:14:17.060+0000] {processor.py:183} INFO - Processing /opt/airflow/dags/sodai_pipeline_dag.py took 0.091 seconds
[2025-11-19T20:14:47.387+0000] {processor.py:161} INFO - Started process (PID=2330) to work on /opt/airflow/dags/sodai_pipeline_dag.py
[2025-11-19T20:14:47.388+0000] {processor.py:830} INFO - Processing file /opt/airflow/dags/sodai_pipeline_dag.py for tasks to queue
[2025-11-19T20:14:47.390+0000] {logging_mixin.py:188} INFO - [2025-11-19T20:14:47.389+0000] {dagbag.py:540} INFO - Filling up the DagBag from /opt/airflow/dags/sodai_pipeline_dag.py
[2025-11-19T20:14:47.406+0000] {processor.py:840} INFO - DAG(s) 'sodai_training_and_scoring' retrieved from /opt/airflow/dags/sodai_pipeline_dag.py
[2025-11-19T20:14:47.429+0000] {logging_mixin.py:188} INFO - [2025-11-19T20:14:47.428+0000] {dag.py:3096} INFO - Sync 1 DAGs
[2025-11-19T20:14:47.438+0000] {logging_mixin.py:188} INFO - [2025-11-19T20:14:47.437+0000] {dag.py:3954} INFO - Setting next_dagrun for sodai_training_and_scoring to None, run_after=None
[2025-11-19T20:14:47.452+0000] {processor.py:183} INFO - Processing /opt/airflow/dags/sodai_pipeline_dag.py took 0.069 seconds
[2025-11-19T20:15:22.681+0000] {processor.py:161} INFO - Started process (PID=2345) to work on /opt/airflow/dags/sodai_pipeline_dag.py
[2025-11-19T20:15:22.682+0000] {processor.py:830} INFO - Processing file /opt/airflow/dags/sodai_pipeline_dag.py for tasks to queue
[2025-11-19T20:15:22.683+0000] {logging_mixin.py:188} INFO - [2025-11-19T20:15:22.683+0000] {dagbag.py:540} INFO - Filling up the DagBag from /opt/airflow/dags/sodai_pipeline_dag.py
[2025-11-19T20:15:22.696+0000] {processor.py:840} INFO - DAG(s) 'sodai_training_and_scoring' retrieved from /opt/airflow/dags/sodai_pipeline_dag.py
[2025-11-19T20:15:22.713+0000] {logging_mixin.py:188} INFO - [2025-11-19T20:15:22.713+0000] {dag.py:3096} INFO - Sync 1 DAGs
[2025-11-19T20:15:22.722+0000] {logging_mixin.py:188} INFO - [2025-11-19T20:15:22.722+0000] {dag.py:3954} INFO - Setting next_dagrun for sodai_training_and_scoring to None, run_after=None
[2025-11-19T20:15:22.736+0000] {processor.py:183} INFO - Processing /opt/airflow/dags/sodai_pipeline_dag.py took 0.059 seconds
[2025-11-19T20:15:54.175+0000] {processor.py:161} INFO - Started process (PID=2355) to work on /opt/airflow/dags/sodai_pipeline_dag.py
[2025-11-19T20:15:54.176+0000] {processor.py:830} INFO - Processing file /opt/airflow/dags/sodai_pipeline_dag.py for tasks to queue
[2025-11-19T20:15:54.177+0000] {logging_mixin.py:188} INFO - [2025-11-19T20:15:54.177+0000] {dagbag.py:540} INFO - Filling up the DagBag from /opt/airflow/dags/sodai_pipeline_dag.py
[2025-11-19T20:15:54.188+0000] {processor.py:840} INFO - DAG(s) 'sodai_training_and_scoring' retrieved from /opt/airflow/dags/sodai_pipeline_dag.py
[2025-11-19T20:15:54.207+0000] {logging_mixin.py:188} INFO - [2025-11-19T20:15:54.207+0000] {dag.py:3096} INFO - Sync 1 DAGs
[2025-11-19T20:15:54.216+0000] {logging_mixin.py:188} INFO - [2025-11-19T20:15:54.216+0000] {dag.py:3954} INFO - Setting next_dagrun for sodai_training_and_scoring to None, run_after=None
[2025-11-19T20:15:54.231+0000] {processor.py:183} INFO - Processing /opt/airflow/dags/sodai_pipeline_dag.py took 0.062 seconds
[2025-11-19T20:16:29.229+0000] {processor.py:161} INFO - Started process (PID=2365) to work on /opt/airflow/dags/sodai_pipeline_dag.py
[2025-11-19T20:16:29.231+0000] {processor.py:830} INFO - Processing file /opt/airflow/dags/sodai_pipeline_dag.py for tasks to queue
[2025-11-19T20:16:29.233+0000] {logging_mixin.py:188} INFO - [2025-11-19T20:16:29.233+0000] {dagbag.py:540} INFO - Filling up the DagBag from /opt/airflow/dags/sodai_pipeline_dag.py
[2025-11-19T20:16:29.247+0000] {processor.py:840} INFO - DAG(s) 'sodai_training_and_scoring' retrieved from /opt/airflow/dags/sodai_pipeline_dag.py
[2025-11-19T20:16:29.268+0000] {logging_mixin.py:188} INFO - [2025-11-19T20:16:29.268+0000] {dag.py:3096} INFO - Sync 1 DAGs
[2025-11-19T20:16:29.278+0000] {logging_mixin.py:188} INFO - [2025-11-19T20:16:29.278+0000] {dag.py:3954} INFO - Setting next_dagrun for sodai_training_and_scoring to None, run_after=None
[2025-11-19T20:16:29.295+0000] {processor.py:183} INFO - Processing /opt/airflow/dags/sodai_pipeline_dag.py took 0.071 seconds
[2025-11-19T20:16:59.572+0000] {processor.py:161} INFO - Started process (PID=2375) to work on /opt/airflow/dags/sodai_pipeline_dag.py
[2025-11-19T20:16:59.572+0000] {processor.py:830} INFO - Processing file /opt/airflow/dags/sodai_pipeline_dag.py for tasks to queue
[2025-11-19T20:16:59.574+0000] {logging_mixin.py:188} INFO - [2025-11-19T20:16:59.574+0000] {dagbag.py:540} INFO - Filling up the DagBag from /opt/airflow/dags/sodai_pipeline_dag.py
[2025-11-19T20:16:59.586+0000] {processor.py:840} INFO - DAG(s) 'sodai_training_and_scoring' retrieved from /opt/airflow/dags/sodai_pipeline_dag.py
[2025-11-19T20:16:59.606+0000] {logging_mixin.py:188} INFO - [2025-11-19T20:16:59.605+0000] {dag.py:3096} INFO - Sync 1 DAGs
[2025-11-19T20:16:59.614+0000] {logging_mixin.py:188} INFO - [2025-11-19T20:16:59.614+0000] {dag.py:3954} INFO - Setting next_dagrun for sodai_training_and_scoring to None, run_after=None
[2025-11-19T20:17:01.572+0000] {processor.py:183} INFO - Processing /opt/airflow/dags/sodai_pipeline_dag.py took 0.066 seconds
[2025-11-19T20:17:34.765+0000] {processor.py:161} INFO - Started process (PID=2385) to work on /opt/airflow/dags/sodai_pipeline_dag.py
[2025-11-19T20:17:34.766+0000] {processor.py:830} INFO - Processing file /opt/airflow/dags/sodai_pipeline_dag.py for tasks to queue
[2025-11-19T20:17:34.768+0000] {logging_mixin.py:188} INFO - [2025-11-19T20:17:34.768+0000] {dagbag.py:540} INFO - Filling up the DagBag from /opt/airflow/dags/sodai_pipeline_dag.py
[2025-11-19T20:17:34.783+0000] {processor.py:840} INFO - DAG(s) 'sodai_training_and_scoring' retrieved from /opt/airflow/dags/sodai_pipeline_dag.py
[2025-11-19T20:17:34.801+0000] {logging_mixin.py:188} INFO - [2025-11-19T20:17:34.801+0000] {dag.py:3096} INFO - Sync 1 DAGs
[2025-11-19T20:17:34.812+0000] {logging_mixin.py:188} INFO - [2025-11-19T20:17:34.812+0000] {dag.py:3954} INFO - Setting next_dagrun for sodai_training_and_scoring to None, run_after=None
[2025-11-19T20:17:34.838+0000] {processor.py:183} INFO - Processing /opt/airflow/dags/sodai_pipeline_dag.py took 0.077 seconds
[2025-11-19T20:18:08.141+0000] {processor.py:161} INFO - Started process (PID=2395) to work on /opt/airflow/dags/sodai_pipeline_dag.py
[2025-11-19T20:18:08.142+0000] {processor.py:830} INFO - Processing file /opt/airflow/dags/sodai_pipeline_dag.py for tasks to queue
[2025-11-19T20:18:08.143+0000] {logging_mixin.py:188} INFO - [2025-11-19T20:18:08.143+0000] {dagbag.py:540} INFO - Filling up the DagBag from /opt/airflow/dags/sodai_pipeline_dag.py
[2025-11-19T20:18:08.155+0000] {processor.py:840} INFO - DAG(s) 'sodai_training_and_scoring' retrieved from /opt/airflow/dags/sodai_pipeline_dag.py
[2025-11-19T20:18:08.172+0000] {logging_mixin.py:188} INFO - [2025-11-19T20:18:08.172+0000] {dag.py:3096} INFO - Sync 1 DAGs
[2025-11-19T20:18:08.181+0000] {logging_mixin.py:188} INFO - [2025-11-19T20:18:08.181+0000] {dag.py:3954} INFO - Setting next_dagrun for sodai_training_and_scoring to None, run_after=None
[2025-11-19T20:18:08.195+0000] {processor.py:183} INFO - Processing /opt/airflow/dags/sodai_pipeline_dag.py took 0.058 seconds
[2025-11-19T20:18:39.390+0000] {processor.py:161} INFO - Started process (PID=2405) to work on /opt/airflow/dags/sodai_pipeline_dag.py
[2025-11-19T20:18:39.391+0000] {processor.py:830} INFO - Processing file /opt/airflow/dags/sodai_pipeline_dag.py for tasks to queue
[2025-11-19T20:18:39.392+0000] {logging_mixin.py:188} INFO - [2025-11-19T20:18:39.392+0000] {dagbag.py:540} INFO - Filling up the DagBag from /opt/airflow/dags/sodai_pipeline_dag.py
[2025-11-19T20:18:39.404+0000] {processor.py:840} INFO - DAG(s) 'sodai_training_and_scoring' retrieved from /opt/airflow/dags/sodai_pipeline_dag.py
[2025-11-19T20:18:39.422+0000] {logging_mixin.py:188} INFO - [2025-11-19T20:18:39.422+0000] {dag.py:3096} INFO - Sync 1 DAGs
[2025-11-19T20:18:39.431+0000] {logging_mixin.py:188} INFO - [2025-11-19T20:18:39.431+0000] {dag.py:3954} INFO - Setting next_dagrun for sodai_training_and_scoring to None, run_after=None
[2025-11-19T20:18:39.447+0000] {processor.py:183} INFO - Processing /opt/airflow/dags/sodai_pipeline_dag.py took 0.060 seconds
[2025-11-19T20:19:09.880+0000] {processor.py:161} INFO - Started process (PID=2415) to work on /opt/airflow/dags/sodai_pipeline_dag.py
[2025-11-19T20:19:09.881+0000] {processor.py:830} INFO - Processing file /opt/airflow/dags/sodai_pipeline_dag.py for tasks to queue
[2025-11-19T20:19:09.882+0000] {logging_mixin.py:188} INFO - [2025-11-19T20:19:09.882+0000] {dagbag.py:540} INFO - Filling up the DagBag from /opt/airflow/dags/sodai_pipeline_dag.py
[2025-11-19T20:19:09.897+0000] {processor.py:840} INFO - DAG(s) 'sodai_training_and_scoring' retrieved from /opt/airflow/dags/sodai_pipeline_dag.py
[2025-11-19T20:19:09.919+0000] {logging_mixin.py:188} INFO - [2025-11-19T20:19:09.919+0000] {dag.py:3096} INFO - Sync 1 DAGs
[2025-11-19T20:19:09.930+0000] {logging_mixin.py:188} INFO - [2025-11-19T20:19:09.930+0000] {dag.py:3954} INFO - Setting next_dagrun for sodai_training_and_scoring to None, run_after=None
[2025-11-19T20:19:09.958+0000] {processor.py:183} INFO - Processing /opt/airflow/dags/sodai_pipeline_dag.py took 0.082 seconds
[2025-11-19T20:19:40.663+0000] {processor.py:161} INFO - Started process (PID=2425) to work on /opt/airflow/dags/sodai_pipeline_dag.py
[2025-11-19T20:19:40.664+0000] {processor.py:830} INFO - Processing file /opt/airflow/dags/sodai_pipeline_dag.py for tasks to queue
[2025-11-19T20:19:40.665+0000] {logging_mixin.py:188} INFO - [2025-11-19T20:19:40.665+0000] {dagbag.py:540} INFO - Filling up the DagBag from /opt/airflow/dags/sodai_pipeline_dag.py
[2025-11-19T20:19:40.679+0000] {processor.py:840} INFO - DAG(s) 'sodai_training_and_scoring' retrieved from /opt/airflow/dags/sodai_pipeline_dag.py
[2025-11-19T20:19:40.702+0000] {logging_mixin.py:188} INFO - [2025-11-19T20:19:40.702+0000] {dag.py:3096} INFO - Sync 1 DAGs
[2025-11-19T20:19:40.712+0000] {logging_mixin.py:188} INFO - [2025-11-19T20:19:40.712+0000] {dag.py:3954} INFO - Setting next_dagrun for sodai_training_and_scoring to None, run_after=None
[2025-11-19T20:19:40.730+0000] {processor.py:183} INFO - Processing /opt/airflow/dags/sodai_pipeline_dag.py took 0.071 seconds
[2025-11-19T20:20:10.874+0000] {processor.py:161} INFO - Started process (PID=2435) to work on /opt/airflow/dags/sodai_pipeline_dag.py
[2025-11-19T20:20:10.875+0000] {processor.py:830} INFO - Processing file /opt/airflow/dags/sodai_pipeline_dag.py for tasks to queue
[2025-11-19T20:20:10.876+0000] {logging_mixin.py:188} INFO - [2025-11-19T20:20:10.876+0000] {dagbag.py:540} INFO - Filling up the DagBag from /opt/airflow/dags/sodai_pipeline_dag.py
[2025-11-19T20:20:10.893+0000] {processor.py:840} INFO - DAG(s) 'sodai_training_and_scoring' retrieved from /opt/airflow/dags/sodai_pipeline_dag.py
[2025-11-19T20:20:10.913+0000] {logging_mixin.py:188} INFO - [2025-11-19T20:20:10.913+0000] {dag.py:3096} INFO - Sync 1 DAGs
[2025-11-19T20:20:10.922+0000] {logging_mixin.py:188} INFO - [2025-11-19T20:20:10.921+0000] {dag.py:3954} INFO - Setting next_dagrun for sodai_training_and_scoring to None, run_after=None
[2025-11-19T20:20:10.940+0000] {processor.py:183} INFO - Processing /opt/airflow/dags/sodai_pipeline_dag.py took 0.070 seconds
[2025-11-19T20:20:41.218+0000] {processor.py:161} INFO - Started process (PID=2445) to work on /opt/airflow/dags/sodai_pipeline_dag.py
[2025-11-19T20:20:41.219+0000] {processor.py:830} INFO - Processing file /opt/airflow/dags/sodai_pipeline_dag.py for tasks to queue
[2025-11-19T20:20:41.221+0000] {logging_mixin.py:188} INFO - [2025-11-19T20:20:41.221+0000] {dagbag.py:540} INFO - Filling up the DagBag from /opt/airflow/dags/sodai_pipeline_dag.py
[2025-11-19T20:20:41.236+0000] {processor.py:840} INFO - DAG(s) 'sodai_training_and_scoring' retrieved from /opt/airflow/dags/sodai_pipeline_dag.py
[2025-11-19T20:20:41.255+0000] {logging_mixin.py:188} INFO - [2025-11-19T20:20:41.255+0000] {dag.py:3096} INFO - Sync 1 DAGs
[2025-11-19T20:20:41.266+0000] {logging_mixin.py:188} INFO - [2025-11-19T20:20:41.266+0000] {dag.py:3954} INFO - Setting next_dagrun for sodai_training_and_scoring to None, run_after=None
[2025-11-19T20:20:41.282+0000] {processor.py:183} INFO - Processing /opt/airflow/dags/sodai_pipeline_dag.py took 0.068 seconds
[2025-11-19T20:21:11.386+0000] {processor.py:161} INFO - Started process (PID=2455) to work on /opt/airflow/dags/sodai_pipeline_dag.py
[2025-11-19T20:21:11.387+0000] {processor.py:830} INFO - Processing file /opt/airflow/dags/sodai_pipeline_dag.py for tasks to queue
[2025-11-19T20:21:11.389+0000] {logging_mixin.py:188} INFO - [2025-11-19T20:21:11.388+0000] {dagbag.py:540} INFO - Filling up the DagBag from /opt/airflow/dags/sodai_pipeline_dag.py
[2025-11-19T20:21:11.402+0000] {processor.py:840} INFO - DAG(s) 'sodai_training_and_scoring' retrieved from /opt/airflow/dags/sodai_pipeline_dag.py
[2025-11-19T20:21:11.422+0000] {logging_mixin.py:188} INFO - [2025-11-19T20:21:11.422+0000] {dag.py:3096} INFO - Sync 1 DAGs
[2025-11-19T20:21:11.433+0000] {logging_mixin.py:188} INFO - [2025-11-19T20:21:11.432+0000] {dag.py:3954} INFO - Setting next_dagrun for sodai_training_and_scoring to None, run_after=None
[2025-11-19T20:21:11.449+0000] {processor.py:183} INFO - Processing /opt/airflow/dags/sodai_pipeline_dag.py took 0.066 seconds
[2025-11-19T20:21:41.599+0000] {processor.py:161} INFO - Started process (PID=2465) to work on /opt/airflow/dags/sodai_pipeline_dag.py
[2025-11-19T20:21:41.601+0000] {processor.py:830} INFO - Processing file /opt/airflow/dags/sodai_pipeline_dag.py for tasks to queue
[2025-11-19T20:21:41.604+0000] {logging_mixin.py:188} INFO - [2025-11-19T20:21:41.604+0000] {dagbag.py:540} INFO - Filling up the DagBag from /opt/airflow/dags/sodai_pipeline_dag.py
[2025-11-19T20:21:41.617+0000] {processor.py:840} INFO - DAG(s) 'sodai_training_and_scoring' retrieved from /opt/airflow/dags/sodai_pipeline_dag.py
[2025-11-19T20:21:41.637+0000] {logging_mixin.py:188} INFO - [2025-11-19T20:21:41.637+0000] {dag.py:3096} INFO - Sync 1 DAGs
[2025-11-19T20:21:41.646+0000] {logging_mixin.py:188} INFO - [2025-11-19T20:21:41.646+0000] {dag.py:3954} INFO - Setting next_dagrun for sodai_training_and_scoring to None, run_after=None
[2025-11-19T20:21:41.661+0000] {processor.py:183} INFO - Processing /opt/airflow/dags/sodai_pipeline_dag.py took 0.066 seconds
[2025-11-19T20:22:11.888+0000] {processor.py:161} INFO - Started process (PID=2475) to work on /opt/airflow/dags/sodai_pipeline_dag.py
[2025-11-19T20:22:11.889+0000] {processor.py:830} INFO - Processing file /opt/airflow/dags/sodai_pipeline_dag.py for tasks to queue
[2025-11-19T20:22:11.890+0000] {logging_mixin.py:188} INFO - [2025-11-19T20:22:11.890+0000] {dagbag.py:540} INFO - Filling up the DagBag from /opt/airflow/dags/sodai_pipeline_dag.py
[2025-11-19T20:22:11.903+0000] {processor.py:840} INFO - DAG(s) 'sodai_training_and_scoring' retrieved from /opt/airflow/dags/sodai_pipeline_dag.py
[2025-11-19T20:22:11.923+0000] {logging_mixin.py:188} INFO - [2025-11-19T20:22:11.923+0000] {dag.py:3096} INFO - Sync 1 DAGs
[2025-11-19T20:22:11.932+0000] {logging_mixin.py:188} INFO - [2025-11-19T20:22:11.932+0000] {dag.py:3954} INFO - Setting next_dagrun for sodai_training_and_scoring to None, run_after=None
[2025-11-19T20:22:11.946+0000] {processor.py:183} INFO - Processing /opt/airflow/dags/sodai_pipeline_dag.py took 0.063 seconds
[2025-11-19T20:22:42.156+0000] {processor.py:161} INFO - Started process (PID=2485) to work on /opt/airflow/dags/sodai_pipeline_dag.py
[2025-11-19T20:22:42.157+0000] {processor.py:830} INFO - Processing file /opt/airflow/dags/sodai_pipeline_dag.py for tasks to queue
[2025-11-19T20:22:42.159+0000] {logging_mixin.py:188} INFO - [2025-11-19T20:22:42.159+0000] {dagbag.py:540} INFO - Filling up the DagBag from /opt/airflow/dags/sodai_pipeline_dag.py
[2025-11-19T20:22:42.175+0000] {processor.py:840} INFO - DAG(s) 'sodai_training_and_scoring' retrieved from /opt/airflow/dags/sodai_pipeline_dag.py
[2025-11-19T20:22:42.198+0000] {logging_mixin.py:188} INFO - [2025-11-19T20:22:42.197+0000] {dag.py:3096} INFO - Sync 1 DAGs
[2025-11-19T20:22:42.208+0000] {logging_mixin.py:188} INFO - [2025-11-19T20:22:42.208+0000] {dag.py:3954} INFO - Setting next_dagrun for sodai_training_and_scoring to None, run_after=None
[2025-11-19T20:22:42.225+0000] {processor.py:183} INFO - Processing /opt/airflow/dags/sodai_pipeline_dag.py took 0.073 seconds
[2025-11-19T20:23:12.367+0000] {processor.py:161} INFO - Started process (PID=2495) to work on /opt/airflow/dags/sodai_pipeline_dag.py
[2025-11-19T20:23:12.368+0000] {processor.py:830} INFO - Processing file /opt/airflow/dags/sodai_pipeline_dag.py for tasks to queue
[2025-11-19T20:23:12.370+0000] {logging_mixin.py:188} INFO - [2025-11-19T20:23:12.370+0000] {dagbag.py:540} INFO - Filling up the DagBag from /opt/airflow/dags/sodai_pipeline_dag.py
[2025-11-19T20:23:12.389+0000] {processor.py:840} INFO - DAG(s) 'sodai_training_and_scoring' retrieved from /opt/airflow/dags/sodai_pipeline_dag.py
[2025-11-19T20:23:12.416+0000] {logging_mixin.py:188} INFO - [2025-11-19T20:23:12.416+0000] {dag.py:3096} INFO - Sync 1 DAGs
[2025-11-19T20:23:12.430+0000] {logging_mixin.py:188} INFO - [2025-11-19T20:23:12.430+0000] {dag.py:3954} INFO - Setting next_dagrun for sodai_training_and_scoring to None, run_after=None
[2025-11-19T20:23:12.450+0000] {processor.py:183} INFO - Processing /opt/airflow/dags/sodai_pipeline_dag.py took 0.092 seconds
[2025-11-19T20:23:42.603+0000] {processor.py:161} INFO - Started process (PID=2505) to work on /opt/airflow/dags/sodai_pipeline_dag.py
[2025-11-19T20:23:42.604+0000] {processor.py:830} INFO - Processing file /opt/airflow/dags/sodai_pipeline_dag.py for tasks to queue
[2025-11-19T20:23:42.606+0000] {logging_mixin.py:188} INFO - [2025-11-19T20:23:42.606+0000] {dagbag.py:540} INFO - Filling up the DagBag from /opt/airflow/dags/sodai_pipeline_dag.py
[2025-11-19T20:23:42.640+0000] {processor.py:840} INFO - DAG(s) 'sodai_training_and_scoring' retrieved from /opt/airflow/dags/sodai_pipeline_dag.py
[2025-11-19T20:23:42.678+0000] {logging_mixin.py:188} INFO - [2025-11-19T20:23:42.678+0000] {dag.py:3096} INFO - Sync 1 DAGs
[2025-11-19T20:23:42.694+0000] {logging_mixin.py:188} INFO - [2025-11-19T20:23:42.694+0000] {dag.py:3954} INFO - Setting next_dagrun for sodai_training_and_scoring to None, run_after=None
[2025-11-19T20:23:42.715+0000] {processor.py:183} INFO - Processing /opt/airflow/dags/sodai_pipeline_dag.py took 0.124 seconds
[2025-11-19T20:24:13.017+0000] {processor.py:161} INFO - Started process (PID=2515) to work on /opt/airflow/dags/sodai_pipeline_dag.py
[2025-11-19T20:24:13.018+0000] {processor.py:830} INFO - Processing file /opt/airflow/dags/sodai_pipeline_dag.py for tasks to queue
[2025-11-19T20:24:13.019+0000] {logging_mixin.py:188} INFO - [2025-11-19T20:24:13.019+0000] {dagbag.py:540} INFO - Filling up the DagBag from /opt/airflow/dags/sodai_pipeline_dag.py
[2025-11-19T20:24:13.036+0000] {processor.py:840} INFO - DAG(s) 'sodai_training_and_scoring' retrieved from /opt/airflow/dags/sodai_pipeline_dag.py
[2025-11-19T20:24:13.071+0000] {logging_mixin.py:188} INFO - [2025-11-19T20:24:13.071+0000] {dag.py:3096} INFO - Sync 1 DAGs
[2025-11-19T20:24:13.090+0000] {logging_mixin.py:188} INFO - [2025-11-19T20:24:13.089+0000] {dag.py:3954} INFO - Setting next_dagrun for sodai_training_and_scoring to None, run_after=None
[2025-11-19T20:24:13.111+0000] {processor.py:183} INFO - Processing /opt/airflow/dags/sodai_pipeline_dag.py took 0.098 seconds
[2025-11-19T20:24:44.300+0000] {processor.py:161} INFO - Started process (PID=2525) to work on /opt/airflow/dags/sodai_pipeline_dag.py
[2025-11-19T20:24:44.301+0000] {processor.py:830} INFO - Processing file /opt/airflow/dags/sodai_pipeline_dag.py for tasks to queue
[2025-11-19T20:24:44.303+0000] {logging_mixin.py:188} INFO - [2025-11-19T20:24:44.302+0000] {dagbag.py:540} INFO - Filling up the DagBag from /opt/airflow/dags/sodai_pipeline_dag.py
[2025-11-19T20:24:44.316+0000] {processor.py:840} INFO - DAG(s) 'sodai_training_and_scoring' retrieved from /opt/airflow/dags/sodai_pipeline_dag.py
[2025-11-19T20:24:44.341+0000] {logging_mixin.py:188} INFO - [2025-11-19T20:24:44.340+0000] {dag.py:3096} INFO - Sync 1 DAGs
[2025-11-19T20:24:44.354+0000] {logging_mixin.py:188} INFO - [2025-11-19T20:24:44.354+0000] {dag.py:3954} INFO - Setting next_dagrun for sodai_training_and_scoring to None, run_after=None
[2025-11-19T20:24:44.376+0000] {processor.py:183} INFO - Processing /opt/airflow/dags/sodai_pipeline_dag.py took 0.080 seconds
[2025-11-19T20:25:17.641+0000] {processor.py:161} INFO - Started process (PID=2535) to work on /opt/airflow/dags/sodai_pipeline_dag.py
[2025-11-19T20:25:17.642+0000] {processor.py:830} INFO - Processing file /opt/airflow/dags/sodai_pipeline_dag.py for tasks to queue
[2025-11-19T20:25:17.644+0000] {logging_mixin.py:188} INFO - [2025-11-19T20:25:17.643+0000] {dagbag.py:540} INFO - Filling up the DagBag from /opt/airflow/dags/sodai_pipeline_dag.py
[2025-11-19T20:25:17.658+0000] {processor.py:840} INFO - DAG(s) 'sodai_training_and_scoring' retrieved from /opt/airflow/dags/sodai_pipeline_dag.py
[2025-11-19T20:25:17.681+0000] {logging_mixin.py:188} INFO - [2025-11-19T20:25:17.680+0000] {dag.py:3096} INFO - Sync 1 DAGs
[2025-11-19T20:25:17.691+0000] {logging_mixin.py:188} INFO - [2025-11-19T20:25:17.691+0000] {dag.py:3954} INFO - Setting next_dagrun for sodai_training_and_scoring to None, run_after=None
[2025-11-19T20:25:17.707+0000] {processor.py:183} INFO - Processing /opt/airflow/dags/sodai_pipeline_dag.py took 0.072 seconds
[2025-11-19T20:25:50.931+0000] {processor.py:161} INFO - Started process (PID=2545) to work on /opt/airflow/dags/sodai_pipeline_dag.py
[2025-11-19T20:25:50.932+0000] {processor.py:830} INFO - Processing file /opt/airflow/dags/sodai_pipeline_dag.py for tasks to queue
[2025-11-19T20:25:50.935+0000] {logging_mixin.py:188} INFO - [2025-11-19T20:25:50.934+0000] {dagbag.py:540} INFO - Filling up the DagBag from /opt/airflow/dags/sodai_pipeline_dag.py
[2025-11-19T20:25:50.952+0000] {processor.py:840} INFO - DAG(s) 'sodai_training_and_scoring' retrieved from /opt/airflow/dags/sodai_pipeline_dag.py
[2025-11-19T20:25:50.974+0000] {logging_mixin.py:188} INFO - [2025-11-19T20:25:50.973+0000] {dag.py:3096} INFO - Sync 1 DAGs
[2025-11-19T20:25:50.984+0000] {logging_mixin.py:188} INFO - [2025-11-19T20:25:50.983+0000] {dag.py:3954} INFO - Setting next_dagrun for sodai_training_and_scoring to None, run_after=None
[2025-11-19T20:25:51.001+0000] {processor.py:183} INFO - Processing /opt/airflow/dags/sodai_pipeline_dag.py took 0.075 seconds
[2025-11-19T20:26:24.295+0000] {processor.py:161} INFO - Started process (PID=2555) to work on /opt/airflow/dags/sodai_pipeline_dag.py
[2025-11-19T20:26:24.296+0000] {processor.py:830} INFO - Processing file /opt/airflow/dags/sodai_pipeline_dag.py for tasks to queue
[2025-11-19T20:26:24.297+0000] {logging_mixin.py:188} INFO - [2025-11-19T20:26:24.297+0000] {dagbag.py:540} INFO - Filling up the DagBag from /opt/airflow/dags/sodai_pipeline_dag.py
[2025-11-19T20:26:24.313+0000] {processor.py:840} INFO - DAG(s) 'sodai_training_and_scoring' retrieved from /opt/airflow/dags/sodai_pipeline_dag.py
[2025-11-19T20:26:24.335+0000] {logging_mixin.py:188} INFO - [2025-11-19T20:26:24.334+0000] {dag.py:3096} INFO - Sync 1 DAGs
[2025-11-19T20:26:24.349+0000] {logging_mixin.py:188} INFO - [2025-11-19T20:26:24.349+0000] {dag.py:3954} INFO - Setting next_dagrun for sodai_training_and_scoring to None, run_after=None
[2025-11-19T20:26:24.374+0000] {processor.py:183} INFO - Processing /opt/airflow/dags/sodai_pipeline_dag.py took 0.083 seconds
[2025-11-19T20:26:54.670+0000] {processor.py:161} INFO - Started process (PID=2565) to work on /opt/airflow/dags/sodai_pipeline_dag.py
[2025-11-19T20:26:54.671+0000] {processor.py:830} INFO - Processing file /opt/airflow/dags/sodai_pipeline_dag.py for tasks to queue
[2025-11-19T20:26:54.672+0000] {logging_mixin.py:188} INFO - [2025-11-19T20:26:54.672+0000] {dagbag.py:540} INFO - Filling up the DagBag from /opt/airflow/dags/sodai_pipeline_dag.py
[2025-11-19T20:26:54.685+0000] {processor.py:840} INFO - DAG(s) 'sodai_training_and_scoring' retrieved from /opt/airflow/dags/sodai_pipeline_dag.py
[2025-11-19T20:26:54.706+0000] {logging_mixin.py:188} INFO - [2025-11-19T20:26:54.706+0000] {dag.py:3096} INFO - Sync 1 DAGs
[2025-11-19T20:26:54.716+0000] {logging_mixin.py:188} INFO - [2025-11-19T20:26:54.715+0000] {dag.py:3954} INFO - Setting next_dagrun for sodai_training_and_scoring to None, run_after=None
[2025-11-19T20:26:54.729+0000] {processor.py:183} INFO - Processing /opt/airflow/dags/sodai_pipeline_dag.py took 0.063 seconds
[2025-11-19T20:27:24.783+0000] {processor.py:161} INFO - Started process (PID=2575) to work on /opt/airflow/dags/sodai_pipeline_dag.py
[2025-11-19T20:27:24.784+0000] {processor.py:830} INFO - Processing file /opt/airflow/dags/sodai_pipeline_dag.py for tasks to queue
[2025-11-19T20:27:24.786+0000] {logging_mixin.py:188} INFO - [2025-11-19T20:27:24.785+0000] {dagbag.py:540} INFO - Filling up the DagBag from /opt/airflow/dags/sodai_pipeline_dag.py
[2025-11-19T20:27:24.798+0000] {processor.py:840} INFO - DAG(s) 'sodai_training_and_scoring' retrieved from /opt/airflow/dags/sodai_pipeline_dag.py
[2025-11-19T20:27:24.818+0000] {logging_mixin.py:188} INFO - [2025-11-19T20:27:24.818+0000] {dag.py:3096} INFO - Sync 1 DAGs
[2025-11-19T20:27:24.827+0000] {logging_mixin.py:188} INFO - [2025-11-19T20:27:24.827+0000] {dag.py:3954} INFO - Setting next_dagrun for sodai_training_and_scoring to None, run_after=None
[2025-11-19T20:27:24.850+0000] {processor.py:183} INFO - Processing /opt/airflow/dags/sodai_pipeline_dag.py took 0.070 seconds
[2025-11-19T20:27:55.658+0000] {processor.py:161} INFO - Started process (PID=2585) to work on /opt/airflow/dags/sodai_pipeline_dag.py
[2025-11-19T20:27:55.659+0000] {processor.py:830} INFO - Processing file /opt/airflow/dags/sodai_pipeline_dag.py for tasks to queue
[2025-11-19T20:27:55.660+0000] {logging_mixin.py:188} INFO - [2025-11-19T20:27:55.660+0000] {dagbag.py:540} INFO - Filling up the DagBag from /opt/airflow/dags/sodai_pipeline_dag.py
[2025-11-19T20:27:55.676+0000] {processor.py:840} INFO - DAG(s) 'sodai_training_and_scoring' retrieved from /opt/airflow/dags/sodai_pipeline_dag.py
[2025-11-19T20:27:55.698+0000] {logging_mixin.py:188} INFO - [2025-11-19T20:27:55.698+0000] {dag.py:3096} INFO - Sync 1 DAGs
[2025-11-19T20:27:55.707+0000] {logging_mixin.py:188} INFO - [2025-11-19T20:27:55.707+0000] {dag.py:3954} INFO - Setting next_dagrun for sodai_training_and_scoring to None, run_after=None
[2025-11-19T20:27:55.726+0000] {processor.py:183} INFO - Processing /opt/airflow/dags/sodai_pipeline_dag.py took 0.073 seconds
[2025-11-19T20:28:26.390+0000] {processor.py:161} INFO - Started process (PID=2595) to work on /opt/airflow/dags/sodai_pipeline_dag.py
[2025-11-19T20:28:26.391+0000] {processor.py:830} INFO - Processing file /opt/airflow/dags/sodai_pipeline_dag.py for tasks to queue
[2025-11-19T20:28:26.392+0000] {logging_mixin.py:188} INFO - [2025-11-19T20:28:26.392+0000] {dagbag.py:540} INFO - Filling up the DagBag from /opt/airflow/dags/sodai_pipeline_dag.py
[2025-11-19T20:28:26.405+0000] {processor.py:840} INFO - DAG(s) 'sodai_training_and_scoring' retrieved from /opt/airflow/dags/sodai_pipeline_dag.py
[2025-11-19T20:28:26.424+0000] {logging_mixin.py:188} INFO - [2025-11-19T20:28:26.424+0000] {dag.py:3096} INFO - Sync 1 DAGs
[2025-11-19T20:28:26.434+0000] {logging_mixin.py:188} INFO - [2025-11-19T20:28:26.433+0000] {dag.py:3954} INFO - Setting next_dagrun for sodai_training_and_scoring to None, run_after=None
[2025-11-19T20:28:26.450+0000] {processor.py:183} INFO - Processing /opt/airflow/dags/sodai_pipeline_dag.py took 0.065 seconds
[2025-11-19T20:28:56.736+0000] {processor.py:161} INFO - Started process (PID=2605) to work on /opt/airflow/dags/sodai_pipeline_dag.py
[2025-11-19T20:28:56.737+0000] {processor.py:830} INFO - Processing file /opt/airflow/dags/sodai_pipeline_dag.py for tasks to queue
[2025-11-19T20:28:56.738+0000] {logging_mixin.py:188} INFO - [2025-11-19T20:28:56.738+0000] {dagbag.py:540} INFO - Filling up the DagBag from /opt/airflow/dags/sodai_pipeline_dag.py
[2025-11-19T20:28:56.751+0000] {processor.py:840} INFO - DAG(s) 'sodai_training_and_scoring' retrieved from /opt/airflow/dags/sodai_pipeline_dag.py
[2025-11-19T20:28:56.770+0000] {logging_mixin.py:188} INFO - [2025-11-19T20:28:56.769+0000] {dag.py:3096} INFO - Sync 1 DAGs
[2025-11-19T20:28:56.777+0000] {logging_mixin.py:188} INFO - [2025-11-19T20:28:56.777+0000] {dag.py:3954} INFO - Setting next_dagrun for sodai_training_and_scoring to None, run_after=None
[2025-11-19T20:28:56.792+0000] {processor.py:183} INFO - Processing /opt/airflow/dags/sodai_pipeline_dag.py took 0.060 seconds
[2025-11-19T20:29:26.952+0000] {processor.py:161} INFO - Started process (PID=2615) to work on /opt/airflow/dags/sodai_pipeline_dag.py
[2025-11-19T20:29:26.953+0000] {processor.py:830} INFO - Processing file /opt/airflow/dags/sodai_pipeline_dag.py for tasks to queue
[2025-11-19T20:29:26.955+0000] {logging_mixin.py:188} INFO - [2025-11-19T20:29:26.955+0000] {dagbag.py:540} INFO - Filling up the DagBag from /opt/airflow/dags/sodai_pipeline_dag.py
[2025-11-19T20:29:26.970+0000] {processor.py:840} INFO - DAG(s) 'sodai_training_and_scoring' retrieved from /opt/airflow/dags/sodai_pipeline_dag.py
[2025-11-19T20:29:26.990+0000] {logging_mixin.py:188} INFO - [2025-11-19T20:29:26.990+0000] {dag.py:3096} INFO - Sync 1 DAGs
[2025-11-19T20:29:26.999+0000] {logging_mixin.py:188} INFO - [2025-11-19T20:29:26.998+0000] {dag.py:3954} INFO - Setting next_dagrun for sodai_training_and_scoring to None, run_after=None
[2025-11-19T20:29:27.017+0000] {processor.py:183} INFO - Processing /opt/airflow/dags/sodai_pipeline_dag.py took 0.068 seconds
[2025-11-19T20:29:57.215+0000] {processor.py:161} INFO - Started process (PID=2625) to work on /opt/airflow/dags/sodai_pipeline_dag.py
[2025-11-19T20:29:57.216+0000] {processor.py:830} INFO - Processing file /opt/airflow/dags/sodai_pipeline_dag.py for tasks to queue
[2025-11-19T20:29:57.217+0000] {logging_mixin.py:188} INFO - [2025-11-19T20:29:57.217+0000] {dagbag.py:540} INFO - Filling up the DagBag from /opt/airflow/dags/sodai_pipeline_dag.py
[2025-11-19T20:29:57.231+0000] {processor.py:840} INFO - DAG(s) 'sodai_training_and_scoring' retrieved from /opt/airflow/dags/sodai_pipeline_dag.py
[2025-11-19T20:29:57.252+0000] {logging_mixin.py:188} INFO - [2025-11-19T20:29:57.252+0000] {dag.py:3096} INFO - Sync 1 DAGs
[2025-11-19T20:29:57.262+0000] {logging_mixin.py:188} INFO - [2025-11-19T20:29:57.262+0000] {dag.py:3954} INFO - Setting next_dagrun for sodai_training_and_scoring to None, run_after=None
[2025-11-19T20:29:57.283+0000] {processor.py:183} INFO - Processing /opt/airflow/dags/sodai_pipeline_dag.py took 0.073 seconds
[2025-11-19T20:30:27.552+0000] {processor.py:161} INFO - Started process (PID=2635) to work on /opt/airflow/dags/sodai_pipeline_dag.py
[2025-11-19T20:30:27.553+0000] {processor.py:830} INFO - Processing file /opt/airflow/dags/sodai_pipeline_dag.py for tasks to queue
[2025-11-19T20:30:27.554+0000] {logging_mixin.py:188} INFO - [2025-11-19T20:30:27.554+0000] {dagbag.py:540} INFO - Filling up the DagBag from /opt/airflow/dags/sodai_pipeline_dag.py
[2025-11-19T20:30:27.567+0000] {processor.py:840} INFO - DAG(s) 'sodai_training_and_scoring' retrieved from /opt/airflow/dags/sodai_pipeline_dag.py
[2025-11-19T20:30:27.587+0000] {logging_mixin.py:188} INFO - [2025-11-19T20:30:27.586+0000] {dag.py:3096} INFO - Sync 1 DAGs
[2025-11-19T20:30:27.597+0000] {logging_mixin.py:188} INFO - [2025-11-19T20:30:27.596+0000] {dag.py:3954} INFO - Setting next_dagrun for sodai_training_and_scoring to None, run_after=None
[2025-11-19T20:30:27.613+0000] {processor.py:183} INFO - Processing /opt/airflow/dags/sodai_pipeline_dag.py took 0.064 seconds
[2025-11-19T20:30:57.801+0000] {processor.py:161} INFO - Started process (PID=2645) to work on /opt/airflow/dags/sodai_pipeline_dag.py
[2025-11-19T20:30:57.802+0000] {processor.py:830} INFO - Processing file /opt/airflow/dags/sodai_pipeline_dag.py for tasks to queue
[2025-11-19T20:30:57.803+0000] {logging_mixin.py:188} INFO - [2025-11-19T20:30:57.803+0000] {dagbag.py:540} INFO - Filling up the DagBag from /opt/airflow/dags/sodai_pipeline_dag.py
[2025-11-19T20:30:57.817+0000] {processor.py:840} INFO - DAG(s) 'sodai_training_and_scoring' retrieved from /opt/airflow/dags/sodai_pipeline_dag.py
[2025-11-19T20:30:57.836+0000] {logging_mixin.py:188} INFO - [2025-11-19T20:30:57.836+0000] {dag.py:3096} INFO - Sync 1 DAGs
[2025-11-19T20:30:57.846+0000] {logging_mixin.py:188} INFO - [2025-11-19T20:30:57.846+0000] {dag.py:3954} INFO - Setting next_dagrun for sodai_training_and_scoring to None, run_after=None
[2025-11-19T20:30:57.859+0000] {processor.py:183} INFO - Processing /opt/airflow/dags/sodai_pipeline_dag.py took 0.062 seconds
[2025-11-19T20:31:28.210+0000] {processor.py:161} INFO - Started process (PID=2655) to work on /opt/airflow/dags/sodai_pipeline_dag.py
[2025-11-19T20:31:28.211+0000] {processor.py:830} INFO - Processing file /opt/airflow/dags/sodai_pipeline_dag.py for tasks to queue
[2025-11-19T20:31:28.212+0000] {logging_mixin.py:188} INFO - [2025-11-19T20:31:28.212+0000] {dagbag.py:540} INFO - Filling up the DagBag from /opt/airflow/dags/sodai_pipeline_dag.py
[2025-11-19T20:31:28.224+0000] {processor.py:840} INFO - DAG(s) 'sodai_training_and_scoring' retrieved from /opt/airflow/dags/sodai_pipeline_dag.py
[2025-11-19T20:31:28.243+0000] {logging_mixin.py:188} INFO - [2025-11-19T20:31:28.242+0000] {dag.py:3096} INFO - Sync 1 DAGs
[2025-11-19T20:31:28.252+0000] {logging_mixin.py:188} INFO - [2025-11-19T20:31:28.251+0000] {dag.py:3954} INFO - Setting next_dagrun for sodai_training_and_scoring to None, run_after=None
[2025-11-19T20:31:28.267+0000] {processor.py:183} INFO - Processing /opt/airflow/dags/sodai_pipeline_dag.py took 0.061 seconds
[2025-11-19T20:31:58.468+0000] {processor.py:161} INFO - Started process (PID=2665) to work on /opt/airflow/dags/sodai_pipeline_dag.py
[2025-11-19T20:31:58.469+0000] {processor.py:830} INFO - Processing file /opt/airflow/dags/sodai_pipeline_dag.py for tasks to queue
[2025-11-19T20:31:58.471+0000] {logging_mixin.py:188} INFO - [2025-11-19T20:31:58.470+0000] {dagbag.py:540} INFO - Filling up the DagBag from /opt/airflow/dags/sodai_pipeline_dag.py
[2025-11-19T20:31:58.488+0000] {processor.py:840} INFO - DAG(s) 'sodai_training_and_scoring' retrieved from /opt/airflow/dags/sodai_pipeline_dag.py
[2025-11-19T20:31:58.508+0000] {logging_mixin.py:188} INFO - [2025-11-19T20:31:58.508+0000] {dag.py:3096} INFO - Sync 1 DAGs
[2025-11-19T20:31:58.520+0000] {logging_mixin.py:188} INFO - [2025-11-19T20:31:58.519+0000] {dag.py:3954} INFO - Setting next_dagrun for sodai_training_and_scoring to None, run_after=None
[2025-11-19T20:31:58.537+0000] {processor.py:183} INFO - Processing /opt/airflow/dags/sodai_pipeline_dag.py took 0.073 seconds
[2025-11-19T20:32:28.775+0000] {processor.py:161} INFO - Started process (PID=2675) to work on /opt/airflow/dags/sodai_pipeline_dag.py
[2025-11-19T20:32:28.776+0000] {processor.py:830} INFO - Processing file /opt/airflow/dags/sodai_pipeline_dag.py for tasks to queue
[2025-11-19T20:32:28.778+0000] {logging_mixin.py:188} INFO - [2025-11-19T20:32:28.777+0000] {dagbag.py:540} INFO - Filling up the DagBag from /opt/airflow/dags/sodai_pipeline_dag.py
[2025-11-19T20:32:28.790+0000] {processor.py:840} INFO - DAG(s) 'sodai_training_and_scoring' retrieved from /opt/airflow/dags/sodai_pipeline_dag.py
[2025-11-19T20:32:28.811+0000] {logging_mixin.py:188} INFO - [2025-11-19T20:32:28.811+0000] {dag.py:3096} INFO - Sync 1 DAGs
[2025-11-19T20:32:28.819+0000] {logging_mixin.py:188} INFO - [2025-11-19T20:32:28.819+0000] {dag.py:3954} INFO - Setting next_dagrun for sodai_training_and_scoring to None, run_after=None
[2025-11-19T20:32:28.835+0000] {processor.py:183} INFO - Processing /opt/airflow/dags/sodai_pipeline_dag.py took 0.063 seconds
[2025-11-19T20:33:01.089+0000] {processor.py:161} INFO - Started process (PID=2685) to work on /opt/airflow/dags/sodai_pipeline_dag.py
[2025-11-19T20:33:01.090+0000] {processor.py:830} INFO - Processing file /opt/airflow/dags/sodai_pipeline_dag.py for tasks to queue
[2025-11-19T20:33:01.091+0000] {logging_mixin.py:188} INFO - [2025-11-19T20:33:01.091+0000] {dagbag.py:540} INFO - Filling up the DagBag from /opt/airflow/dags/sodai_pipeline_dag.py
[2025-11-19T20:33:01.105+0000] {processor.py:840} INFO - DAG(s) 'sodai_training_and_scoring' retrieved from /opt/airflow/dags/sodai_pipeline_dag.py
[2025-11-19T20:33:01.125+0000] {logging_mixin.py:188} INFO - [2025-11-19T20:33:01.124+0000] {dag.py:3096} INFO - Sync 1 DAGs
[2025-11-19T20:33:01.134+0000] {logging_mixin.py:188} INFO - [2025-11-19T20:33:01.134+0000] {dag.py:3954} INFO - Setting next_dagrun for sodai_training_and_scoring to None, run_after=None
[2025-11-19T20:33:01.151+0000] {processor.py:183} INFO - Processing /opt/airflow/dags/sodai_pipeline_dag.py took 0.066 seconds
[2025-11-19T20:33:34.443+0000] {processor.py:161} INFO - Started process (PID=2695) to work on /opt/airflow/dags/sodai_pipeline_dag.py
[2025-11-19T20:33:34.443+0000] {processor.py:830} INFO - Processing file /opt/airflow/dags/sodai_pipeline_dag.py for tasks to queue
[2025-11-19T20:33:34.445+0000] {logging_mixin.py:188} INFO - [2025-11-19T20:33:34.445+0000] {dagbag.py:540} INFO - Filling up the DagBag from /opt/airflow/dags/sodai_pipeline_dag.py
[2025-11-19T20:33:34.462+0000] {processor.py:840} INFO - DAG(s) 'sodai_training_and_scoring' retrieved from /opt/airflow/dags/sodai_pipeline_dag.py
[2025-11-19T20:33:34.492+0000] {logging_mixin.py:188} INFO - [2025-11-19T20:33:34.492+0000] {dag.py:3096} INFO - Sync 1 DAGs
[2025-11-19T20:33:34.502+0000] {logging_mixin.py:188} INFO - [2025-11-19T20:33:34.501+0000] {dag.py:3954} INFO - Setting next_dagrun for sodai_training_and_scoring to None, run_after=None
[2025-11-19T20:33:34.517+0000] {processor.py:183} INFO - Processing /opt/airflow/dags/sodai_pipeline_dag.py took 0.078 seconds
[2025-11-19T20:34:07.725+0000] {processor.py:161} INFO - Started process (PID=2705) to work on /opt/airflow/dags/sodai_pipeline_dag.py
[2025-11-19T20:34:07.726+0000] {processor.py:830} INFO - Processing file /opt/airflow/dags/sodai_pipeline_dag.py for tasks to queue
[2025-11-19T20:34:07.728+0000] {logging_mixin.py:188} INFO - [2025-11-19T20:34:07.728+0000] {dagbag.py:540} INFO - Filling up the DagBag from /opt/airflow/dags/sodai_pipeline_dag.py
[2025-11-19T20:34:07.757+0000] {processor.py:840} INFO - DAG(s) 'sodai_training_and_scoring' retrieved from /opt/airflow/dags/sodai_pipeline_dag.py
[2025-11-19T20:34:07.799+0000] {logging_mixin.py:188} INFO - [2025-11-19T20:34:07.799+0000] {dag.py:3096} INFO - Sync 1 DAGs
[2025-11-19T20:34:07.811+0000] {logging_mixin.py:188} INFO - [2025-11-19T20:34:07.811+0000] {dag.py:3954} INFO - Setting next_dagrun for sodai_training_and_scoring to None, run_after=None
[2025-11-19T20:34:07.833+0000] {processor.py:183} INFO - Processing /opt/airflow/dags/sodai_pipeline_dag.py took 0.112 seconds
[2025-11-19T20:34:41.158+0000] {processor.py:161} INFO - Started process (PID=2715) to work on /opt/airflow/dags/sodai_pipeline_dag.py
[2025-11-19T20:34:41.158+0000] {processor.py:830} INFO - Processing file /opt/airflow/dags/sodai_pipeline_dag.py for tasks to queue
[2025-11-19T20:34:41.160+0000] {logging_mixin.py:188} INFO - [2025-11-19T20:34:41.159+0000] {dagbag.py:540} INFO - Filling up the DagBag from /opt/airflow/dags/sodai_pipeline_dag.py
[2025-11-19T20:34:41.177+0000] {processor.py:840} INFO - DAG(s) 'sodai_training_and_scoring' retrieved from /opt/airflow/dags/sodai_pipeline_dag.py
[2025-11-19T20:34:41.207+0000] {logging_mixin.py:188} INFO - [2025-11-19T20:34:41.207+0000] {dag.py:3096} INFO - Sync 1 DAGs
[2025-11-19T20:34:41.217+0000] {logging_mixin.py:188} INFO - [2025-11-19T20:34:41.217+0000] {dag.py:3954} INFO - Setting next_dagrun for sodai_training_and_scoring to None, run_after=None
[2025-11-19T20:34:41.236+0000] {processor.py:183} INFO - Processing /opt/airflow/dags/sodai_pipeline_dag.py took 0.082 seconds
[2025-11-19T20:35:13.535+0000] {processor.py:161} INFO - Started process (PID=2725) to work on /opt/airflow/dags/sodai_pipeline_dag.py
[2025-11-19T20:35:13.536+0000] {processor.py:830} INFO - Processing file /opt/airflow/dags/sodai_pipeline_dag.py for tasks to queue
[2025-11-19T20:35:13.537+0000] {logging_mixin.py:188} INFO - [2025-11-19T20:35:13.537+0000] {dagbag.py:540} INFO - Filling up the DagBag from /opt/airflow/dags/sodai_pipeline_dag.py
[2025-11-19T20:35:13.555+0000] {processor.py:840} INFO - DAG(s) 'sodai_training_and_scoring' retrieved from /opt/airflow/dags/sodai_pipeline_dag.py
[2025-11-19T20:35:13.583+0000] {logging_mixin.py:188} INFO - [2025-11-19T20:35:13.583+0000] {dag.py:3096} INFO - Sync 1 DAGs
[2025-11-19T20:35:13.593+0000] {logging_mixin.py:188} INFO - [2025-11-19T20:35:13.592+0000] {dag.py:3954} INFO - Setting next_dagrun for sodai_training_and_scoring to None, run_after=None
[2025-11-19T20:35:13.613+0000] {processor.py:183} INFO - Processing /opt/airflow/dags/sodai_pipeline_dag.py took 0.083 seconds
[2025-11-19T20:35:46.882+0000] {processor.py:161} INFO - Started process (PID=2801) to work on /opt/airflow/dags/sodai_pipeline_dag.py
[2025-11-19T20:35:46.883+0000] {processor.py:830} INFO - Processing file /opt/airflow/dags/sodai_pipeline_dag.py for tasks to queue
[2025-11-19T20:35:46.884+0000] {logging_mixin.py:188} INFO - [2025-11-19T20:35:46.884+0000] {dagbag.py:540} INFO - Filling up the DagBag from /opt/airflow/dags/sodai_pipeline_dag.py
[2025-11-19T20:35:46.902+0000] {processor.py:840} INFO - DAG(s) 'sodai_training_and_scoring' retrieved from /opt/airflow/dags/sodai_pipeline_dag.py
[2025-11-19T20:35:46.927+0000] {logging_mixin.py:188} INFO - [2025-11-19T20:35:46.927+0000] {dag.py:3096} INFO - Sync 1 DAGs
[2025-11-19T20:35:46.937+0000] {logging_mixin.py:188} INFO - [2025-11-19T20:35:46.937+0000] {dag.py:3954} INFO - Setting next_dagrun for sodai_training_and_scoring to None, run_after=None
[2025-11-19T20:35:46.955+0000] {processor.py:183} INFO - Processing /opt/airflow/dags/sodai_pipeline_dag.py took 0.078 seconds
[2025-11-19T20:36:20.379+0000] {processor.py:161} INFO - Started process (PID=2817) to work on /opt/airflow/dags/sodai_pipeline_dag.py
[2025-11-19T20:36:20.381+0000] {processor.py:830} INFO - Processing file /opt/airflow/dags/sodai_pipeline_dag.py for tasks to queue
[2025-11-19T20:36:20.383+0000] {logging_mixin.py:188} INFO - [2025-11-19T20:36:20.382+0000] {dagbag.py:540} INFO - Filling up the DagBag from /opt/airflow/dags/sodai_pipeline_dag.py
[2025-11-19T20:36:20.403+0000] {processor.py:840} INFO - DAG(s) 'sodai_training_and_scoring' retrieved from /opt/airflow/dags/sodai_pipeline_dag.py
[2025-11-19T20:36:20.431+0000] {logging_mixin.py:188} INFO - [2025-11-19T20:36:20.431+0000] {dag.py:3096} INFO - Sync 1 DAGs
[2025-11-19T20:36:20.444+0000] {logging_mixin.py:188} INFO - [2025-11-19T20:36:20.443+0000] {dag.py:3954} INFO - Setting next_dagrun for sodai_training_and_scoring to None, run_after=None
[2025-11-19T20:36:20.472+0000] {processor.py:183} INFO - Processing /opt/airflow/dags/sodai_pipeline_dag.py took 0.098 seconds
[2025-11-19T20:36:50.850+0000] {processor.py:161} INFO - Started process (PID=2833) to work on /opt/airflow/dags/sodai_pipeline_dag.py
[2025-11-19T20:36:50.851+0000] {processor.py:830} INFO - Processing file /opt/airflow/dags/sodai_pipeline_dag.py for tasks to queue
[2025-11-19T20:36:50.852+0000] {logging_mixin.py:188} INFO - [2025-11-19T20:36:50.852+0000] {dagbag.py:540} INFO - Filling up the DagBag from /opt/airflow/dags/sodai_pipeline_dag.py
[2025-11-19T20:36:50.870+0000] {processor.py:840} INFO - DAG(s) 'sodai_training_and_scoring' retrieved from /opt/airflow/dags/sodai_pipeline_dag.py
[2025-11-19T20:36:50.899+0000] {logging_mixin.py:188} INFO - [2025-11-19T20:36:50.898+0000] {dag.py:3096} INFO - Sync 1 DAGs
[2025-11-19T20:36:50.911+0000] {logging_mixin.py:188} INFO - [2025-11-19T20:36:50.911+0000] {dag.py:3954} INFO - Setting next_dagrun for sodai_training_and_scoring to None, run_after=None
[2025-11-19T20:36:50.932+0000] {processor.py:183} INFO - Processing /opt/airflow/dags/sodai_pipeline_dag.py took 0.087 seconds
[2025-11-19T20:41:39.381+0000] {processor.py:161} INFO - Started process (PID=245) to work on /opt/airflow/dags/sodai_pipeline_dag.py
[2025-11-19T20:41:39.383+0000] {processor.py:830} INFO - Processing file /opt/airflow/dags/sodai_pipeline_dag.py for tasks to queue
[2025-11-19T20:41:39.385+0000] {logging_mixin.py:188} INFO - [2025-11-19T20:41:39.385+0000] {dagbag.py:540} INFO - Filling up the DagBag from /opt/airflow/dags/sodai_pipeline_dag.py
[2025-11-19T20:41:39.412+0000] {processor.py:840} INFO - DAG(s) 'sodai_training_and_scoring' retrieved from /opt/airflow/dags/sodai_pipeline_dag.py
[2025-11-19T20:41:39.500+0000] {logging_mixin.py:188} INFO - [2025-11-19T20:41:39.500+0000] {dag.py:3096} INFO - Sync 1 DAGs
[2025-11-19T20:41:39.518+0000] {logging_mixin.py:188} INFO - [2025-11-19T20:41:39.518+0000] {dag.py:3954} INFO - Setting next_dagrun for sodai_training_and_scoring to None, run_after=None
[2025-11-19T20:41:39.543+0000] {processor.py:183} INFO - Processing /opt/airflow/dags/sodai_pipeline_dag.py took 0.169 seconds
[2025-11-19T20:42:09.768+0000] {processor.py:161} INFO - Started process (PID=356) to work on /opt/airflow/dags/sodai_pipeline_dag.py
[2025-11-19T20:42:09.769+0000] {processor.py:830} INFO - Processing file /opt/airflow/dags/sodai_pipeline_dag.py for tasks to queue
[2025-11-19T20:42:09.771+0000] {logging_mixin.py:188} INFO - [2025-11-19T20:42:09.770+0000] {dagbag.py:540} INFO - Filling up the DagBag from /opt/airflow/dags/sodai_pipeline_dag.py
[2025-11-19T20:42:09.787+0000] {processor.py:840} INFO - DAG(s) 'sodai_training_and_scoring' retrieved from /opt/airflow/dags/sodai_pipeline_dag.py
[2025-11-19T20:42:09.810+0000] {logging_mixin.py:188} INFO - [2025-11-19T20:42:09.810+0000] {dag.py:3096} INFO - Sync 1 DAGs
[2025-11-19T20:42:09.819+0000] {logging_mixin.py:188} INFO - [2025-11-19T20:42:09.819+0000] {dag.py:3954} INFO - Setting next_dagrun for sodai_training_and_scoring to None, run_after=None
[2025-11-19T20:42:09.836+0000] {processor.py:183} INFO - Processing /opt/airflow/dags/sodai_pipeline_dag.py took 0.072 seconds
[2025-11-19T20:42:40.091+0000] {processor.py:161} INFO - Started process (PID=399) to work on /opt/airflow/dags/sodai_pipeline_dag.py
[2025-11-19T20:42:40.092+0000] {processor.py:830} INFO - Processing file /opt/airflow/dags/sodai_pipeline_dag.py for tasks to queue
[2025-11-19T20:42:40.093+0000] {logging_mixin.py:188} INFO - [2025-11-19T20:42:40.093+0000] {dagbag.py:540} INFO - Filling up the DagBag from /opt/airflow/dags/sodai_pipeline_dag.py
[2025-11-19T20:42:40.106+0000] {processor.py:840} INFO - DAG(s) 'sodai_training_and_scoring' retrieved from /opt/airflow/dags/sodai_pipeline_dag.py
[2025-11-19T20:42:40.125+0000] {logging_mixin.py:188} INFO - [2025-11-19T20:42:40.125+0000] {dag.py:3096} INFO - Sync 1 DAGs
[2025-11-19T20:42:40.134+0000] {logging_mixin.py:188} INFO - [2025-11-19T20:42:40.134+0000] {dag.py:3954} INFO - Setting next_dagrun for sodai_training_and_scoring to None, run_after=None
[2025-11-19T20:42:40.150+0000] {processor.py:183} INFO - Processing /opt/airflow/dags/sodai_pipeline_dag.py took 0.064 seconds
[2025-11-19T20:43:10.437+0000] {processor.py:161} INFO - Started process (PID=409) to work on /opt/airflow/dags/sodai_pipeline_dag.py
[2025-11-19T20:43:10.439+0000] {processor.py:830} INFO - Processing file /opt/airflow/dags/sodai_pipeline_dag.py for tasks to queue
[2025-11-19T20:43:10.441+0000] {logging_mixin.py:188} INFO - [2025-11-19T20:43:10.441+0000] {dagbag.py:540} INFO - Filling up the DagBag from /opt/airflow/dags/sodai_pipeline_dag.py
[2025-11-19T20:43:10.458+0000] {processor.py:840} INFO - DAG(s) 'sodai_training_and_scoring' retrieved from /opt/airflow/dags/sodai_pipeline_dag.py
[2025-11-19T20:43:10.482+0000] {logging_mixin.py:188} INFO - [2025-11-19T20:43:10.482+0000] {dag.py:3096} INFO - Sync 1 DAGs
[2025-11-19T20:43:10.491+0000] {logging_mixin.py:188} INFO - [2025-11-19T20:43:10.491+0000] {dag.py:3954} INFO - Setting next_dagrun for sodai_training_and_scoring to None, run_after=None
[2025-11-19T20:43:10.512+0000] {processor.py:183} INFO - Processing /opt/airflow/dags/sodai_pipeline_dag.py took 0.082 seconds
[2025-11-19T20:43:40.808+0000] {processor.py:161} INFO - Started process (PID=431) to work on /opt/airflow/dags/sodai_pipeline_dag.py
[2025-11-19T20:43:40.809+0000] {processor.py:830} INFO - Processing file /opt/airflow/dags/sodai_pipeline_dag.py for tasks to queue
[2025-11-19T20:43:40.810+0000] {logging_mixin.py:188} INFO - [2025-11-19T20:43:40.810+0000] {dagbag.py:540} INFO - Filling up the DagBag from /opt/airflow/dags/sodai_pipeline_dag.py
[2025-11-19T20:43:40.825+0000] {processor.py:840} INFO - DAG(s) 'sodai_training_and_scoring' retrieved from /opt/airflow/dags/sodai_pipeline_dag.py
[2025-11-19T20:43:40.846+0000] {logging_mixin.py:188} INFO - [2025-11-19T20:43:40.846+0000] {dag.py:3096} INFO - Sync 1 DAGs
[2025-11-19T20:43:40.855+0000] {logging_mixin.py:188} INFO - [2025-11-19T20:43:40.854+0000] {dag.py:3954} INFO - Setting next_dagrun for sodai_training_and_scoring to None, run_after=None
[2025-11-19T20:43:40.871+0000] {processor.py:183} INFO - Processing /opt/airflow/dags/sodai_pipeline_dag.py took 0.067 seconds
[2025-11-19T20:44:11.223+0000] {processor.py:161} INFO - Started process (PID=458) to work on /opt/airflow/dags/sodai_pipeline_dag.py
[2025-11-19T20:44:11.225+0000] {processor.py:830} INFO - Processing file /opt/airflow/dags/sodai_pipeline_dag.py for tasks to queue
[2025-11-19T20:44:11.227+0000] {logging_mixin.py:188} INFO - [2025-11-19T20:44:11.226+0000] {dagbag.py:540} INFO - Filling up the DagBag from /opt/airflow/dags/sodai_pipeline_dag.py
[2025-11-19T20:44:11.247+0000] {processor.py:840} INFO - DAG(s) 'sodai_training_and_scoring' retrieved from /opt/airflow/dags/sodai_pipeline_dag.py
[2025-11-19T20:44:11.281+0000] {logging_mixin.py:188} INFO - [2025-11-19T20:44:11.280+0000] {dag.py:3096} INFO - Sync 1 DAGs
[2025-11-19T20:44:11.297+0000] {logging_mixin.py:188} INFO - [2025-11-19T20:44:11.297+0000] {dag.py:3954} INFO - Setting next_dagrun for sodai_training_and_scoring to None, run_after=None
[2025-11-19T20:44:11.321+0000] {processor.py:183} INFO - Processing /opt/airflow/dags/sodai_pipeline_dag.py took 0.106 seconds
[2025-11-19T20:44:41.546+0000] {processor.py:161} INFO - Started process (PID=550) to work on /opt/airflow/dags/sodai_pipeline_dag.py
[2025-11-19T20:44:41.547+0000] {processor.py:830} INFO - Processing file /opt/airflow/dags/sodai_pipeline_dag.py for tasks to queue
[2025-11-19T20:44:41.548+0000] {logging_mixin.py:188} INFO - [2025-11-19T20:44:41.548+0000] {dagbag.py:540} INFO - Filling up the DagBag from /opt/airflow/dags/sodai_pipeline_dag.py
[2025-11-19T20:44:41.563+0000] {processor.py:840} INFO - DAG(s) 'sodai_training_and_scoring' retrieved from /opt/airflow/dags/sodai_pipeline_dag.py
[2025-11-19T20:44:41.584+0000] {logging_mixin.py:188} INFO - [2025-11-19T20:44:41.584+0000] {dag.py:3096} INFO - Sync 1 DAGs
[2025-11-19T20:44:41.593+0000] {logging_mixin.py:188} INFO - [2025-11-19T20:44:41.593+0000] {dag.py:3954} INFO - Setting next_dagrun for sodai_training_and_scoring to None, run_after=None
[2025-11-19T20:44:41.609+0000] {processor.py:183} INFO - Processing /opt/airflow/dags/sodai_pipeline_dag.py took 0.068 seconds
[2025-11-19T20:45:11.855+0000] {processor.py:161} INFO - Started process (PID=560) to work on /opt/airflow/dags/sodai_pipeline_dag.py
[2025-11-19T20:45:11.856+0000] {processor.py:830} INFO - Processing file /opt/airflow/dags/sodai_pipeline_dag.py for tasks to queue
[2025-11-19T20:45:11.857+0000] {logging_mixin.py:188} INFO - [2025-11-19T20:45:11.857+0000] {dagbag.py:540} INFO - Filling up the DagBag from /opt/airflow/dags/sodai_pipeline_dag.py
[2025-11-19T20:45:11.876+0000] {processor.py:840} INFO - DAG(s) 'sodai_training_and_scoring' retrieved from /opt/airflow/dags/sodai_pipeline_dag.py
[2025-11-19T20:45:11.897+0000] {logging_mixin.py:188} INFO - [2025-11-19T20:45:11.897+0000] {dag.py:3096} INFO - Sync 1 DAGs
[2025-11-19T20:45:11.906+0000] {logging_mixin.py:188} INFO - [2025-11-19T20:45:11.906+0000] {dag.py:3954} INFO - Setting next_dagrun for sodai_training_and_scoring to None, run_after=None
[2025-11-19T20:45:11.942+0000] {processor.py:183} INFO - Processing /opt/airflow/dags/sodai_pipeline_dag.py took 0.093 seconds
[2025-11-19T20:45:43.314+0000] {processor.py:161} INFO - Started process (PID=570) to work on /opt/airflow/dags/sodai_pipeline_dag.py
[2025-11-19T20:45:43.316+0000] {processor.py:830} INFO - Processing file /opt/airflow/dags/sodai_pipeline_dag.py for tasks to queue
[2025-11-19T20:45:43.317+0000] {logging_mixin.py:188} INFO - [2025-11-19T20:45:43.317+0000] {dagbag.py:540} INFO - Filling up the DagBag from /opt/airflow/dags/sodai_pipeline_dag.py
[2025-11-19T20:45:43.338+0000] {processor.py:840} INFO - DAG(s) 'sodai_training_and_scoring' retrieved from /opt/airflow/dags/sodai_pipeline_dag.py
[2025-11-19T20:45:43.361+0000] {logging_mixin.py:188} INFO - [2025-11-19T20:45:43.361+0000] {dag.py:3096} INFO - Sync 1 DAGs
[2025-11-19T20:45:43.371+0000] {logging_mixin.py:188} INFO - [2025-11-19T20:45:43.371+0000] {dag.py:3954} INFO - Setting next_dagrun for sodai_training_and_scoring to None, run_after=None
[2025-11-19T20:45:43.409+0000] {processor.py:183} INFO - Processing /opt/airflow/dags/sodai_pipeline_dag.py took 0.101 seconds
[2025-11-19T20:46:16.831+0000] {processor.py:161} INFO - Started process (PID=586) to work on /opt/airflow/dags/sodai_pipeline_dag.py
[2025-11-19T20:46:16.832+0000] {processor.py:830} INFO - Processing file /opt/airflow/dags/sodai_pipeline_dag.py for tasks to queue
[2025-11-19T20:46:16.833+0000] {logging_mixin.py:188} INFO - [2025-11-19T20:46:16.833+0000] {dagbag.py:540} INFO - Filling up the DagBag from /opt/airflow/dags/sodai_pipeline_dag.py
[2025-11-19T20:46:16.852+0000] {processor.py:840} INFO - DAG(s) 'sodai_training_and_scoring' retrieved from /opt/airflow/dags/sodai_pipeline_dag.py
[2025-11-19T20:46:16.876+0000] {logging_mixin.py:188} INFO - [2025-11-19T20:46:16.876+0000] {dag.py:3096} INFO - Sync 1 DAGs
[2025-11-19T20:46:16.886+0000] {logging_mixin.py:188} INFO - [2025-11-19T20:46:16.885+0000] {dag.py:3954} INFO - Setting next_dagrun for sodai_training_and_scoring to None, run_after=None
[2025-11-19T20:46:16.915+0000] {processor.py:183} INFO - Processing /opt/airflow/dags/sodai_pipeline_dag.py took 0.090 seconds
[2025-11-19T20:46:49.484+0000] {processor.py:161} INFO - Started process (PID=710) to work on /opt/airflow/dags/sodai_pipeline_dag.py
[2025-11-19T20:46:49.489+0000] {processor.py:830} INFO - Processing file /opt/airflow/dags/sodai_pipeline_dag.py for tasks to queue
[2025-11-19T20:46:49.498+0000] {logging_mixin.py:188} INFO - [2025-11-19T20:46:49.497+0000] {dagbag.py:540} INFO - Filling up the DagBag from /opt/airflow/dags/sodai_pipeline_dag.py
[2025-11-19T20:46:49.529+0000] {processor.py:840} INFO - DAG(s) 'sodai_training_and_scoring' retrieved from /opt/airflow/dags/sodai_pipeline_dag.py
[2025-11-19T20:46:49.560+0000] {logging_mixin.py:188} INFO - [2025-11-19T20:46:49.560+0000] {dag.py:3096} INFO - Sync 1 DAGs
[2025-11-19T20:46:49.582+0000] {logging_mixin.py:188} INFO - [2025-11-19T20:46:49.582+0000] {dag.py:3954} INFO - Setting next_dagrun for sodai_training_and_scoring to None, run_after=None
[2025-11-19T20:46:49.655+0000] {processor.py:183} INFO - Processing /opt/airflow/dags/sodai_pipeline_dag.py took 0.183 seconds
[2025-11-19T20:47:23.050+0000] {processor.py:161} INFO - Started process (PID=772) to work on /opt/airflow/dags/sodai_pipeline_dag.py
[2025-11-19T20:47:23.058+0000] {processor.py:830} INFO - Processing file /opt/airflow/dags/sodai_pipeline_dag.py for tasks to queue
[2025-11-19T20:47:23.069+0000] {logging_mixin.py:188} INFO - [2025-11-19T20:47:23.068+0000] {dagbag.py:540} INFO - Filling up the DagBag from /opt/airflow/dags/sodai_pipeline_dag.py
[2025-11-19T20:47:23.113+0000] {processor.py:840} INFO - DAG(s) 'sodai_training_and_scoring' retrieved from /opt/airflow/dags/sodai_pipeline_dag.py
[2025-11-19T20:47:23.167+0000] {logging_mixin.py:188} INFO - [2025-11-19T20:47:23.167+0000] {dag.py:3096} INFO - Sync 1 DAGs
[2025-11-19T20:47:23.191+0000] {logging_mixin.py:188} INFO - [2025-11-19T20:47:23.191+0000] {dag.py:3954} INFO - Setting next_dagrun for sodai_training_and_scoring to None, run_after=None
[2025-11-19T20:47:23.231+0000] {processor.py:183} INFO - Processing /opt/airflow/dags/sodai_pipeline_dag.py took 0.199 seconds
[2025-11-19T20:47:55.832+0000] {processor.py:161} INFO - Started process (PID=782) to work on /opt/airflow/dags/sodai_pipeline_dag.py
[2025-11-19T20:47:55.838+0000] {processor.py:830} INFO - Processing file /opt/airflow/dags/sodai_pipeline_dag.py for tasks to queue
[2025-11-19T20:47:55.841+0000] {logging_mixin.py:188} INFO - [2025-11-19T20:47:55.840+0000] {dagbag.py:540} INFO - Filling up the DagBag from /opt/airflow/dags/sodai_pipeline_dag.py
[2025-11-19T20:47:55.866+0000] {processor.py:840} INFO - DAG(s) 'sodai_training_and_scoring' retrieved from /opt/airflow/dags/sodai_pipeline_dag.py
[2025-11-19T20:47:55.917+0000] {logging_mixin.py:188} INFO - [2025-11-19T20:47:55.917+0000] {dag.py:3096} INFO - Sync 1 DAGs
[2025-11-19T20:47:55.938+0000] {logging_mixin.py:188} INFO - [2025-11-19T20:47:55.938+0000] {dag.py:3954} INFO - Setting next_dagrun for sodai_training_and_scoring to None, run_after=None
[2025-11-19T20:47:56.013+0000] {processor.py:183} INFO - Processing /opt/airflow/dags/sodai_pipeline_dag.py took 0.190 seconds
[2025-11-19T20:48:29.587+0000] {processor.py:161} INFO - Started process (PID=792) to work on /opt/airflow/dags/sodai_pipeline_dag.py
[2025-11-19T20:48:29.591+0000] {processor.py:830} INFO - Processing file /opt/airflow/dags/sodai_pipeline_dag.py for tasks to queue
[2025-11-19T20:48:29.599+0000] {logging_mixin.py:188} INFO - [2025-11-19T20:48:29.599+0000] {dagbag.py:540} INFO - Filling up the DagBag from /opt/airflow/dags/sodai_pipeline_dag.py
[2025-11-19T20:48:29.660+0000] {processor.py:840} INFO - DAG(s) 'sodai_training_and_scoring' retrieved from /opt/airflow/dags/sodai_pipeline_dag.py
[2025-11-19T20:48:29.704+0000] {logging_mixin.py:188} INFO - [2025-11-19T20:48:29.703+0000] {dag.py:3096} INFO - Sync 1 DAGs
[2025-11-19T20:48:29.736+0000] {logging_mixin.py:188} INFO - [2025-11-19T20:48:29.735+0000] {dag.py:3954} INFO - Setting next_dagrun for sodai_training_and_scoring to None, run_after=None
[2025-11-19T20:48:29.817+0000] {processor.py:183} INFO - Processing /opt/airflow/dags/sodai_pipeline_dag.py took 0.241 seconds
[2025-11-19T20:49:02.155+0000] {processor.py:161} INFO - Started process (PID=802) to work on /opt/airflow/dags/sodai_pipeline_dag.py
[2025-11-19T20:49:02.161+0000] {processor.py:830} INFO - Processing file /opt/airflow/dags/sodai_pipeline_dag.py for tasks to queue
[2025-11-19T20:49:02.164+0000] {logging_mixin.py:188} INFO - [2025-11-19T20:49:02.163+0000] {dagbag.py:540} INFO - Filling up the DagBag from /opt/airflow/dags/sodai_pipeline_dag.py
[2025-11-19T20:49:02.206+0000] {processor.py:840} INFO - DAG(s) 'sodai_training_and_scoring' retrieved from /opt/airflow/dags/sodai_pipeline_dag.py
[2025-11-19T20:49:02.268+0000] {logging_mixin.py:188} INFO - [2025-11-19T20:49:02.268+0000] {dag.py:3096} INFO - Sync 1 DAGs
[2025-11-19T20:49:02.291+0000] {logging_mixin.py:188} INFO - [2025-11-19T20:49:02.291+0000] {dag.py:3954} INFO - Setting next_dagrun for sodai_training_and_scoring to None, run_after=None
[2025-11-19T20:49:02.360+0000] {processor.py:183} INFO - Processing /opt/airflow/dags/sodai_pipeline_dag.py took 0.229 seconds
[2025-11-19T20:49:35.943+0000] {processor.py:161} INFO - Started process (PID=864) to work on /opt/airflow/dags/sodai_pipeline_dag.py
[2025-11-19T20:49:35.949+0000] {processor.py:830} INFO - Processing file /opt/airflow/dags/sodai_pipeline_dag.py for tasks to queue
[2025-11-19T20:49:35.954+0000] {logging_mixin.py:188} INFO - [2025-11-19T20:49:35.953+0000] {dagbag.py:540} INFO - Filling up the DagBag from /opt/airflow/dags/sodai_pipeline_dag.py
[2025-11-19T20:49:36.020+0000] {processor.py:840} INFO - DAG(s) 'sodai_training_and_scoring' retrieved from /opt/airflow/dags/sodai_pipeline_dag.py
[2025-11-19T20:49:36.062+0000] {logging_mixin.py:188} INFO - [2025-11-19T20:49:36.062+0000] {dag.py:3096} INFO - Sync 1 DAGs
[2025-11-19T20:49:36.079+0000] {logging_mixin.py:188} INFO - [2025-11-19T20:49:36.079+0000] {dag.py:3954} INFO - Setting next_dagrun for sodai_training_and_scoring to None, run_after=None
[2025-11-19T20:49:36.114+0000] {processor.py:183} INFO - Processing /opt/airflow/dags/sodai_pipeline_dag.py took 0.192 seconds
[2025-11-19T20:50:08.626+0000] {processor.py:161} INFO - Started process (PID=874) to work on /opt/airflow/dags/sodai_pipeline_dag.py
[2025-11-19T20:50:08.628+0000] {processor.py:830} INFO - Processing file /opt/airflow/dags/sodai_pipeline_dag.py for tasks to queue
[2025-11-19T20:50:08.639+0000] {logging_mixin.py:188} INFO - [2025-11-19T20:50:08.639+0000] {dagbag.py:540} INFO - Filling up the DagBag from /opt/airflow/dags/sodai_pipeline_dag.py
[2025-11-19T20:50:08.709+0000] {processor.py:840} INFO - DAG(s) 'sodai_training_and_scoring' retrieved from /opt/airflow/dags/sodai_pipeline_dag.py
[2025-11-19T20:50:08.767+0000] {logging_mixin.py:188} INFO - [2025-11-19T20:50:08.767+0000] {dag.py:3096} INFO - Sync 1 DAGs
[2025-11-19T20:50:08.782+0000] {logging_mixin.py:188} INFO - [2025-11-19T20:50:08.782+0000] {dag.py:3954} INFO - Setting next_dagrun for sodai_training_and_scoring to None, run_after=None
[2025-11-19T20:50:08.832+0000] {processor.py:183} INFO - Processing /opt/airflow/dags/sodai_pipeline_dag.py took 0.220 seconds
[2025-11-19T20:50:41.522+0000] {processor.py:161} INFO - Started process (PID=884) to work on /opt/airflow/dags/sodai_pipeline_dag.py
[2025-11-19T20:50:41.530+0000] {processor.py:830} INFO - Processing file /opt/airflow/dags/sodai_pipeline_dag.py for tasks to queue
[2025-11-19T20:50:41.551+0000] {logging_mixin.py:188} INFO - [2025-11-19T20:50:41.550+0000] {dagbag.py:540} INFO - Filling up the DagBag from /opt/airflow/dags/sodai_pipeline_dag.py
[2025-11-19T20:50:41.584+0000] {processor.py:840} INFO - DAG(s) 'sodai_training_and_scoring' retrieved from /opt/airflow/dags/sodai_pipeline_dag.py
[2025-11-19T20:50:41.640+0000] {logging_mixin.py:188} INFO - [2025-11-19T20:50:41.640+0000] {dag.py:3096} INFO - Sync 1 DAGs
[2025-11-19T20:50:41.659+0000] {logging_mixin.py:188} INFO - [2025-11-19T20:50:41.658+0000] {dag.py:3954} INFO - Setting next_dagrun for sodai_training_and_scoring to None, run_after=None
[2025-11-19T20:50:41.723+0000] {processor.py:183} INFO - Processing /opt/airflow/dags/sodai_pipeline_dag.py took 0.221 seconds
[2025-11-19T20:51:15.257+0000] {processor.py:161} INFO - Started process (PID=894) to work on /opt/airflow/dags/sodai_pipeline_dag.py
[2025-11-19T20:51:15.268+0000] {processor.py:830} INFO - Processing file /opt/airflow/dags/sodai_pipeline_dag.py for tasks to queue
[2025-11-19T20:51:15.289+0000] {logging_mixin.py:188} INFO - [2025-11-19T20:51:15.288+0000] {dagbag.py:540} INFO - Filling up the DagBag from /opt/airflow/dags/sodai_pipeline_dag.py
[2025-11-19T20:51:15.335+0000] {processor.py:840} INFO - DAG(s) 'sodai_training_and_scoring' retrieved from /opt/airflow/dags/sodai_pipeline_dag.py
[2025-11-19T20:51:15.444+0000] {logging_mixin.py:188} INFO - [2025-11-19T20:51:15.443+0000] {dag.py:3096} INFO - Sync 1 DAGs
[2025-11-19T20:51:15.479+0000] {logging_mixin.py:188} INFO - [2025-11-19T20:51:15.479+0000] {dag.py:3954} INFO - Setting next_dagrun for sodai_training_and_scoring to None, run_after=None
[2025-11-19T20:51:15.528+0000] {processor.py:183} INFO - Processing /opt/airflow/dags/sodai_pipeline_dag.py took 0.289 seconds
[2025-11-19T20:51:48.260+0000] {processor.py:161} INFO - Started process (PID=904) to work on /opt/airflow/dags/sodai_pipeline_dag.py
[2025-11-19T20:51:48.268+0000] {processor.py:830} INFO - Processing file /opt/airflow/dags/sodai_pipeline_dag.py for tasks to queue
[2025-11-19T20:51:48.273+0000] {logging_mixin.py:188} INFO - [2025-11-19T20:51:48.273+0000] {dagbag.py:540} INFO - Filling up the DagBag from /opt/airflow/dags/sodai_pipeline_dag.py
[2025-11-19T20:51:48.320+0000] {processor.py:840} INFO - DAG(s) 'sodai_training_and_scoring' retrieved from /opt/airflow/dags/sodai_pipeline_dag.py
[2025-11-19T20:51:48.358+0000] {logging_mixin.py:188} INFO - [2025-11-19T20:51:48.357+0000] {dag.py:3096} INFO - Sync 1 DAGs
[2025-11-19T20:51:48.372+0000] {logging_mixin.py:188} INFO - [2025-11-19T20:51:48.372+0000] {dag.py:3954} INFO - Setting next_dagrun for sodai_training_and_scoring to None, run_after=None
[2025-11-19T20:51:48.432+0000] {processor.py:183} INFO - Processing /opt/airflow/dags/sodai_pipeline_dag.py took 0.198 seconds
[2025-11-19T20:52:20.952+0000] {processor.py:161} INFO - Started process (PID=914) to work on /opt/airflow/dags/sodai_pipeline_dag.py
[2025-11-19T20:52:20.961+0000] {processor.py:830} INFO - Processing file /opt/airflow/dags/sodai_pipeline_dag.py for tasks to queue
[2025-11-19T20:52:20.969+0000] {logging_mixin.py:188} INFO - [2025-11-19T20:52:20.967+0000] {dagbag.py:540} INFO - Filling up the DagBag from /opt/airflow/dags/sodai_pipeline_dag.py
[2025-11-19T20:52:21.001+0000] {processor.py:840} INFO - DAG(s) 'sodai_training_and_scoring' retrieved from /opt/airflow/dags/sodai_pipeline_dag.py
[2025-11-19T20:52:21.059+0000] {logging_mixin.py:188} INFO - [2025-11-19T20:52:21.058+0000] {dag.py:3096} INFO - Sync 1 DAGs
[2025-11-19T20:52:21.078+0000] {logging_mixin.py:188} INFO - [2025-11-19T20:52:21.078+0000] {dag.py:3954} INFO - Setting next_dagrun for sodai_training_and_scoring to None, run_after=None
[2025-11-19T20:52:21.105+0000] {processor.py:183} INFO - Processing /opt/airflow/dags/sodai_pipeline_dag.py took 0.172 seconds
[2025-11-19T20:52:54.817+0000] {processor.py:161} INFO - Started process (PID=936) to work on /opt/airflow/dags/sodai_pipeline_dag.py
[2025-11-19T20:52:54.829+0000] {processor.py:830} INFO - Processing file /opt/airflow/dags/sodai_pipeline_dag.py for tasks to queue
[2025-11-19T20:52:54.833+0000] {logging_mixin.py:188} INFO - [2025-11-19T20:52:54.833+0000] {dagbag.py:540} INFO - Filling up the DagBag from /opt/airflow/dags/sodai_pipeline_dag.py
[2025-11-19T20:52:54.938+0000] {processor.py:840} INFO - DAG(s) 'sodai_training_and_scoring' retrieved from /opt/airflow/dags/sodai_pipeline_dag.py
[2025-11-19T20:52:54.985+0000] {logging_mixin.py:188} INFO - [2025-11-19T20:52:54.985+0000] {dag.py:3096} INFO - Sync 1 DAGs
[2025-11-19T20:52:55.022+0000] {logging_mixin.py:188} INFO - [2025-11-19T20:52:55.022+0000] {dag.py:3954} INFO - Setting next_dagrun for sodai_training_and_scoring to None, run_after=None
[2025-11-19T20:52:55.063+0000] {processor.py:183} INFO - Processing /opt/airflow/dags/sodai_pipeline_dag.py took 0.269 seconds
[2025-11-19T20:53:27.382+0000] {processor.py:161} INFO - Started process (PID=946) to work on /opt/airflow/dags/sodai_pipeline_dag.py
[2025-11-19T20:53:27.391+0000] {processor.py:830} INFO - Processing file /opt/airflow/dags/sodai_pipeline_dag.py for tasks to queue
[2025-11-19T20:53:27.399+0000] {logging_mixin.py:188} INFO - [2025-11-19T20:53:27.398+0000] {dagbag.py:540} INFO - Filling up the DagBag from /opt/airflow/dags/sodai_pipeline_dag.py
[2025-11-19T20:53:27.439+0000] {processor.py:840} INFO - DAG(s) 'sodai_training_and_scoring' retrieved from /opt/airflow/dags/sodai_pipeline_dag.py
[2025-11-19T20:53:27.492+0000] {logging_mixin.py:188} INFO - [2025-11-19T20:53:27.492+0000] {dag.py:3096} INFO - Sync 1 DAGs
[2025-11-19T20:53:27.566+0000] {logging_mixin.py:188} INFO - [2025-11-19T20:53:27.566+0000] {dag.py:3954} INFO - Setting next_dagrun for sodai_training_and_scoring to None, run_after=None
[2025-11-19T20:53:27.643+0000] {processor.py:183} INFO - Processing /opt/airflow/dags/sodai_pipeline_dag.py took 0.299 seconds
[2025-11-19T20:53:58.298+0000] {processor.py:161} INFO - Started process (PID=956) to work on /opt/airflow/dags/sodai_pipeline_dag.py
[2025-11-19T20:53:58.299+0000] {processor.py:830} INFO - Processing file /opt/airflow/dags/sodai_pipeline_dag.py for tasks to queue
[2025-11-19T20:53:58.301+0000] {logging_mixin.py:188} INFO - [2025-11-19T20:53:58.301+0000] {dagbag.py:540} INFO - Filling up the DagBag from /opt/airflow/dags/sodai_pipeline_dag.py
[2025-11-19T20:53:58.354+0000] {processor.py:840} INFO - DAG(s) 'sodai_training_and_scoring' retrieved from /opt/airflow/dags/sodai_pipeline_dag.py
[2025-11-19T20:54:00.340+0000] {logging_mixin.py:188} INFO - [2025-11-19T20:54:00.340+0000] {dag.py:3096} INFO - Sync 1 DAGs
[2025-11-19T20:54:00.363+0000] {logging_mixin.py:188} INFO - [2025-11-19T20:54:00.363+0000] {dag.py:3954} INFO - Setting next_dagrun for sodai_training_and_scoring to None, run_after=None
[2025-11-19T20:54:00.413+0000] {processor.py:183} INFO - Processing /opt/airflow/dags/sodai_pipeline_dag.py took 0.213 seconds
[2025-11-19T20:54:34.018+0000] {processor.py:161} INFO - Started process (PID=966) to work on /opt/airflow/dags/sodai_pipeline_dag.py
[2025-11-19T20:54:34.026+0000] {processor.py:830} INFO - Processing file /opt/airflow/dags/sodai_pipeline_dag.py for tasks to queue
[2025-11-19T20:54:34.028+0000] {logging_mixin.py:188} INFO - [2025-11-19T20:54:34.028+0000] {dagbag.py:540} INFO - Filling up the DagBag from /opt/airflow/dags/sodai_pipeline_dag.py
[2025-11-19T20:54:34.062+0000] {processor.py:840} INFO - DAG(s) 'sodai_training_and_scoring' retrieved from /opt/airflow/dags/sodai_pipeline_dag.py
[2025-11-19T20:54:34.110+0000] {logging_mixin.py:188} INFO - [2025-11-19T20:54:34.110+0000] {dag.py:3096} INFO - Sync 1 DAGs
[2025-11-19T20:54:34.123+0000] {logging_mixin.py:188} INFO - [2025-11-19T20:54:34.123+0000] {dag.py:3954} INFO - Setting next_dagrun for sodai_training_and_scoring to None, run_after=None
[2025-11-19T20:54:34.144+0000] {processor.py:183} INFO - Processing /opt/airflow/dags/sodai_pipeline_dag.py took 0.138 seconds
[2025-11-19T20:55:04.595+0000] {processor.py:161} INFO - Started process (PID=976) to work on /opt/airflow/dags/sodai_pipeline_dag.py
[2025-11-19T20:55:04.603+0000] {processor.py:830} INFO - Processing file /opt/airflow/dags/sodai_pipeline_dag.py for tasks to queue
[2025-11-19T20:55:04.612+0000] {logging_mixin.py:188} INFO - [2025-11-19T20:55:04.611+0000] {dagbag.py:540} INFO - Filling up the DagBag from /opt/airflow/dags/sodai_pipeline_dag.py
[2025-11-19T20:55:06.602+0000] {processor.py:840} INFO - DAG(s) 'sodai_training_and_scoring' retrieved from /opt/airflow/dags/sodai_pipeline_dag.py
[2025-11-19T20:55:06.654+0000] {logging_mixin.py:188} INFO - [2025-11-19T20:55:06.653+0000] {dag.py:3096} INFO - Sync 1 DAGs
[2025-11-19T20:55:06.675+0000] {logging_mixin.py:188} INFO - [2025-11-19T20:55:06.675+0000] {dag.py:3954} INFO - Setting next_dagrun for sodai_training_and_scoring to None, run_after=None
[2025-11-19T20:55:06.736+0000] {processor.py:183} INFO - Processing /opt/airflow/dags/sodai_pipeline_dag.py took 0.202 seconds
[2025-11-19T20:55:40.194+0000] {processor.py:161} INFO - Started process (PID=986) to work on /opt/airflow/dags/sodai_pipeline_dag.py
[2025-11-19T20:55:40.201+0000] {processor.py:830} INFO - Processing file /opt/airflow/dags/sodai_pipeline_dag.py for tasks to queue
[2025-11-19T20:55:40.208+0000] {logging_mixin.py:188} INFO - [2025-11-19T20:55:40.207+0000] {dagbag.py:540} INFO - Filling up the DagBag from /opt/airflow/dags/sodai_pipeline_dag.py
[2025-11-19T20:55:40.288+0000] {processor.py:840} INFO - DAG(s) 'sodai_training_and_scoring' retrieved from /opt/airflow/dags/sodai_pipeline_dag.py
[2025-11-19T20:55:40.323+0000] {logging_mixin.py:188} INFO - [2025-11-19T20:55:40.322+0000] {dag.py:3096} INFO - Sync 1 DAGs
[2025-11-19T20:55:40.357+0000] {logging_mixin.py:188} INFO - [2025-11-19T20:55:40.357+0000] {dag.py:3954} INFO - Setting next_dagrun for sodai_training_and_scoring to None, run_after=None
[2025-11-19T20:55:40.429+0000] {processor.py:183} INFO - Processing /opt/airflow/dags/sodai_pipeline_dag.py took 0.242 seconds
[2025-11-19T20:55:58.751+0000] {processor.py:161} INFO - Started process (PID=996) to work on /opt/airflow/dags/sodai_pipeline_dag.py
[2025-11-19T20:55:58.761+0000] {processor.py:830} INFO - Processing file /opt/airflow/dags/sodai_pipeline_dag.py for tasks to queue
[2025-11-19T20:55:58.767+0000] {logging_mixin.py:188} INFO - [2025-11-19T20:55:58.766+0000] {dagbag.py:540} INFO - Filling up the DagBag from /opt/airflow/dags/sodai_pipeline_dag.py
[2025-11-19T20:55:58.861+0000] {processor.py:840} INFO - DAG(s) 'sodai_training_and_scoring' retrieved from /opt/airflow/dags/sodai_pipeline_dag.py
[2025-11-19T20:55:58.929+0000] {logging_mixin.py:188} INFO - [2025-11-19T20:55:58.926+0000] {dag.py:3096} INFO - Sync 1 DAGs
[2025-11-19T20:55:58.988+0000] {logging_mixin.py:188} INFO - [2025-11-19T20:55:58.988+0000] {dag.py:3954} INFO - Setting next_dagrun for sodai_training_and_scoring to None, run_after=None
[2025-11-19T20:55:59.058+0000] {processor.py:183} INFO - Processing /opt/airflow/dags/sodai_pipeline_dag.py took 0.335 seconds
[2025-11-19T20:56:09.006+0000] {processor.py:161} INFO - Started process (PID=1001) to work on /opt/airflow/dags/sodai_pipeline_dag.py
[2025-11-19T20:56:09.012+0000] {processor.py:830} INFO - Processing file /opt/airflow/dags/sodai_pipeline_dag.py for tasks to queue
[2025-11-19T20:56:09.020+0000] {logging_mixin.py:188} INFO - [2025-11-19T20:56:09.020+0000] {dagbag.py:540} INFO - Filling up the DagBag from /opt/airflow/dags/sodai_pipeline_dag.py
[2025-11-19T20:56:09.104+0000] {processor.py:840} INFO - DAG(s) 'sodai_training_and_scoring' retrieved from /opt/airflow/dags/sodai_pipeline_dag.py
[2025-11-19T20:56:09.161+0000] {logging_mixin.py:188} INFO - [2025-11-19T20:56:09.160+0000] {dag.py:3096} INFO - Sync 1 DAGs
[2025-11-19T20:56:09.191+0000] {logging_mixin.py:188} INFO - [2025-11-19T20:56:09.191+0000] {dag.py:3954} INFO - Setting next_dagrun for sodai_training_and_scoring to None, run_after=None
[2025-11-19T20:56:09.237+0000] {processor.py:183} INFO - Processing /opt/airflow/dags/sodai_pipeline_dag.py took 0.256 seconds
[2025-11-19T20:56:10.676+0000] {processor.py:161} INFO - Started process (PID=1006) to work on /opt/airflow/dags/sodai_pipeline_dag.py
[2025-11-19T20:56:10.682+0000] {processor.py:830} INFO - Processing file /opt/airflow/dags/sodai_pipeline_dag.py for tasks to queue
[2025-11-19T20:56:10.694+0000] {logging_mixin.py:188} INFO - [2025-11-19T20:56:10.693+0000] {dagbag.py:540} INFO - Filling up the DagBag from /opt/airflow/dags/sodai_pipeline_dag.py
[2025-11-19T20:56:10.740+0000] {processor.py:840} INFO - DAG(s) 'sodai_training_and_scoring' retrieved from /opt/airflow/dags/sodai_pipeline_dag.py
[2025-11-19T20:56:10.796+0000] {logging_mixin.py:188} INFO - [2025-11-19T20:56:10.796+0000] {dag.py:3096} INFO - Sync 1 DAGs
[2025-11-19T20:56:12.775+0000] {logging_mixin.py:188} INFO - [2025-11-19T20:56:12.775+0000] {dag.py:3954} INFO - Setting next_dagrun for sodai_training_and_scoring to None, run_after=None
[2025-11-19T20:56:12.846+0000] {processor.py:183} INFO - Processing /opt/airflow/dags/sodai_pipeline_dag.py took 0.232 seconds
[2025-11-19T20:56:43.863+0000] {processor.py:161} INFO - Started process (PID=1043) to work on /opt/airflow/dags/sodai_pipeline_dag.py
[2025-11-19T20:56:43.870+0000] {processor.py:830} INFO - Processing file /opt/airflow/dags/sodai_pipeline_dag.py for tasks to queue
[2025-11-19T20:56:43.873+0000] {logging_mixin.py:188} INFO - [2025-11-19T20:56:43.873+0000] {dagbag.py:540} INFO - Filling up the DagBag from /opt/airflow/dags/sodai_pipeline_dag.py
[2025-11-19T20:56:45.903+0000] {processor.py:840} INFO - DAG(s) 'sodai_training_and_scoring' retrieved from /opt/airflow/dags/sodai_pipeline_dag.py
[2025-11-19T20:56:45.977+0000] {logging_mixin.py:188} INFO - [2025-11-19T20:56:45.976+0000] {dag.py:3096} INFO - Sync 1 DAGs
[2025-11-19T20:56:46.009+0000] {logging_mixin.py:188} INFO - [2025-11-19T20:56:46.009+0000] {dag.py:3954} INFO - Setting next_dagrun for sodai_training_and_scoring to None, run_after=None
[2025-11-19T20:56:46.094+0000] {processor.py:183} INFO - Processing /opt/airflow/dags/sodai_pipeline_dag.py took 0.293 seconds
[2025-11-19T20:57:19.799+0000] {processor.py:161} INFO - Started process (PID=1137) to work on /opt/airflow/dags/sodai_pipeline_dag.py
[2025-11-19T20:57:19.805+0000] {processor.py:830} INFO - Processing file /opt/airflow/dags/sodai_pipeline_dag.py for tasks to queue
[2025-11-19T20:57:19.809+0000] {logging_mixin.py:188} INFO - [2025-11-19T20:57:19.808+0000] {dagbag.py:540} INFO - Filling up the DagBag from /opt/airflow/dags/sodai_pipeline_dag.py
[2025-11-19T20:57:19.893+0000] {processor.py:840} INFO - DAG(s) 'sodai_training_and_scoring' retrieved from /opt/airflow/dags/sodai_pipeline_dag.py
[2025-11-19T20:57:19.933+0000] {logging_mixin.py:188} INFO - [2025-11-19T20:57:19.932+0000] {dag.py:3096} INFO - Sync 1 DAGs
[2025-11-19T20:57:19.952+0000] {logging_mixin.py:188} INFO - [2025-11-19T20:57:19.952+0000] {dag.py:3954} INFO - Setting next_dagrun for sodai_training_and_scoring to None, run_after=None
[2025-11-19T20:57:20.004+0000] {processor.py:183} INFO - Processing /opt/airflow/dags/sodai_pipeline_dag.py took 0.221 seconds
[2025-11-19T20:57:52.452+0000] {processor.py:161} INFO - Started process (PID=1147) to work on /opt/airflow/dags/sodai_pipeline_dag.py
[2025-11-19T20:57:52.458+0000] {processor.py:830} INFO - Processing file /opt/airflow/dags/sodai_pipeline_dag.py for tasks to queue
[2025-11-19T20:57:52.471+0000] {logging_mixin.py:188} INFO - [2025-11-19T20:57:52.470+0000] {dagbag.py:540} INFO - Filling up the DagBag from /opt/airflow/dags/sodai_pipeline_dag.py
[2025-11-19T20:57:52.506+0000] {processor.py:840} INFO - DAG(s) 'sodai_training_and_scoring' retrieved from /opt/airflow/dags/sodai_pipeline_dag.py
[2025-11-19T20:57:52.567+0000] {logging_mixin.py:188} INFO - [2025-11-19T20:57:52.566+0000] {dag.py:3096} INFO - Sync 1 DAGs
[2025-11-19T20:57:52.583+0000] {logging_mixin.py:188} INFO - [2025-11-19T20:57:52.583+0000] {dag.py:3954} INFO - Setting next_dagrun for sodai_training_and_scoring to None, run_after=None
[2025-11-19T20:57:52.622+0000] {processor.py:183} INFO - Processing /opt/airflow/dags/sodai_pipeline_dag.py took 0.203 seconds
[2025-11-19T20:58:25.235+0000] {processor.py:161} INFO - Started process (PID=1157) to work on /opt/airflow/dags/sodai_pipeline_dag.py
[2025-11-19T20:58:25.244+0000] {processor.py:830} INFO - Processing file /opt/airflow/dags/sodai_pipeline_dag.py for tasks to queue
[2025-11-19T20:58:25.253+0000] {logging_mixin.py:188} INFO - [2025-11-19T20:58:25.252+0000] {dagbag.py:540} INFO - Filling up the DagBag from /opt/airflow/dags/sodai_pipeline_dag.py
[2025-11-19T20:58:25.308+0000] {processor.py:840} INFO - DAG(s) 'sodai_training_and_scoring' retrieved from /opt/airflow/dags/sodai_pipeline_dag.py
[2025-11-19T20:58:25.364+0000] {logging_mixin.py:188} INFO - [2025-11-19T20:58:25.363+0000] {dag.py:3096} INFO - Sync 1 DAGs
[2025-11-19T20:58:25.386+0000] {logging_mixin.py:188} INFO - [2025-11-19T20:58:25.386+0000] {dag.py:3954} INFO - Setting next_dagrun for sodai_training_and_scoring to None, run_after=None
[2025-11-19T20:58:25.466+0000] {processor.py:183} INFO - Processing /opt/airflow/dags/sodai_pipeline_dag.py took 0.270 seconds
[2025-11-19T20:58:59.090+0000] {processor.py:161} INFO - Started process (PID=1173) to work on /opt/airflow/dags/sodai_pipeline_dag.py
[2025-11-19T20:58:59.106+0000] {processor.py:830} INFO - Processing file /opt/airflow/dags/sodai_pipeline_dag.py for tasks to queue
[2025-11-19T20:58:59.127+0000] {logging_mixin.py:188} INFO - [2025-11-19T20:58:59.126+0000] {dagbag.py:540} INFO - Filling up the DagBag from /opt/airflow/dags/sodai_pipeline_dag.py
[2025-11-19T20:58:59.171+0000] {processor.py:840} INFO - DAG(s) 'sodai_training_and_scoring' retrieved from /opt/airflow/dags/sodai_pipeline_dag.py
[2025-11-19T20:58:59.213+0000] {logging_mixin.py:188} INFO - [2025-11-19T20:58:59.212+0000] {dag.py:3096} INFO - Sync 1 DAGs
[2025-11-19T20:58:59.239+0000] {logging_mixin.py:188} INFO - [2025-11-19T20:58:59.239+0000] {dag.py:3954} INFO - Setting next_dagrun for sodai_training_and_scoring to None, run_after=None
[2025-11-19T20:58:59.303+0000] {processor.py:183} INFO - Processing /opt/airflow/dags/sodai_pipeline_dag.py took 0.268 seconds
[2025-11-19T20:59:32.227+0000] {processor.py:161} INFO - Started process (PID=1183) to work on /opt/airflow/dags/sodai_pipeline_dag.py
[2025-11-19T20:59:32.232+0000] {processor.py:830} INFO - Processing file /opt/airflow/dags/sodai_pipeline_dag.py for tasks to queue
[2025-11-19T20:59:32.237+0000] {logging_mixin.py:188} INFO - [2025-11-19T20:59:32.236+0000] {dagbag.py:540} INFO - Filling up the DagBag from /opt/airflow/dags/sodai_pipeline_dag.py
[2025-11-19T20:59:32.294+0000] {processor.py:840} INFO - DAG(s) 'sodai_training_and_scoring' retrieved from /opt/airflow/dags/sodai_pipeline_dag.py
[2025-11-19T20:59:32.381+0000] {logging_mixin.py:188} INFO - [2025-11-19T20:59:32.375+0000] {dag.py:3096} INFO - Sync 1 DAGs
[2025-11-19T20:59:32.474+0000] {logging_mixin.py:188} INFO - [2025-11-19T20:59:32.474+0000] {dag.py:3954} INFO - Setting next_dagrun for sodai_training_and_scoring to None, run_after=None
[2025-11-19T20:59:32.554+0000] {processor.py:183} INFO - Processing /opt/airflow/dags/sodai_pipeline_dag.py took 0.338 seconds
[2025-11-19T21:00:05.006+0000] {processor.py:161} INFO - Started process (PID=1205) to work on /opt/airflow/dags/sodai_pipeline_dag.py
[2025-11-19T21:00:05.010+0000] {processor.py:830} INFO - Processing file /opt/airflow/dags/sodai_pipeline_dag.py for tasks to queue
[2025-11-19T21:00:05.033+0000] {logging_mixin.py:188} INFO - [2025-11-19T21:00:05.032+0000] {dagbag.py:540} INFO - Filling up the DagBag from /opt/airflow/dags/sodai_pipeline_dag.py
[2025-11-19T21:00:05.078+0000] {processor.py:840} INFO - DAG(s) 'sodai_training_and_scoring' retrieved from /opt/airflow/dags/sodai_pipeline_dag.py
[2025-11-19T21:00:05.132+0000] {logging_mixin.py:188} INFO - [2025-11-19T21:00:05.131+0000] {dag.py:3096} INFO - Sync 1 DAGs
[2025-11-19T21:00:05.156+0000] {logging_mixin.py:188} INFO - [2025-11-19T21:00:05.156+0000] {dag.py:3954} INFO - Setting next_dagrun for sodai_training_and_scoring to None, run_after=None
[2025-11-19T21:00:05.213+0000] {processor.py:183} INFO - Processing /opt/airflow/dags/sodai_pipeline_dag.py took 0.238 seconds
[2025-11-19T21:00:37.854+0000] {processor.py:161} INFO - Started process (PID=1215) to work on /opt/airflow/dags/sodai_pipeline_dag.py
[2025-11-19T21:00:37.862+0000] {processor.py:830} INFO - Processing file /opt/airflow/dags/sodai_pipeline_dag.py for tasks to queue
[2025-11-19T21:00:37.865+0000] {logging_mixin.py:188} INFO - [2025-11-19T21:00:37.864+0000] {dagbag.py:540} INFO - Filling up the DagBag from /opt/airflow/dags/sodai_pipeline_dag.py
[2025-11-19T21:00:37.956+0000] {processor.py:840} INFO - DAG(s) 'sodai_training_and_scoring' retrieved from /opt/airflow/dags/sodai_pipeline_dag.py
[2025-11-19T21:00:38.005+0000] {logging_mixin.py:188} INFO - [2025-11-19T21:00:38.004+0000] {dag.py:3096} INFO - Sync 1 DAGs
[2025-11-19T21:00:38.031+0000] {logging_mixin.py:188} INFO - [2025-11-19T21:00:38.030+0000] {dag.py:3954} INFO - Setting next_dagrun for sodai_training_and_scoring to None, run_after=None
[2025-11-19T21:00:38.067+0000] {processor.py:183} INFO - Processing /opt/airflow/dags/sodai_pipeline_dag.py took 0.246 seconds
[2025-11-19T21:01:08.804+0000] {processor.py:161} INFO - Started process (PID=1237) to work on /opt/airflow/dags/sodai_pipeline_dag.py
[2025-11-19T21:01:08.805+0000] {processor.py:830} INFO - Processing file /opt/airflow/dags/sodai_pipeline_dag.py for tasks to queue
[2025-11-19T21:01:08.809+0000] {logging_mixin.py:188} INFO - [2025-11-19T21:01:08.808+0000] {dagbag.py:540} INFO - Filling up the DagBag from /opt/airflow/dags/sodai_pipeline_dag.py
[2025-11-19T21:01:10.800+0000] {processor.py:840} INFO - DAG(s) 'sodai_training_and_scoring' retrieved from /opt/airflow/dags/sodai_pipeline_dag.py
[2025-11-19T21:01:10.833+0000] {logging_mixin.py:188} INFO - [2025-11-19T21:01:10.833+0000] {dag.py:3096} INFO - Sync 1 DAGs
[2025-11-19T21:01:10.848+0000] {logging_mixin.py:188} INFO - [2025-11-19T21:01:10.848+0000] {dag.py:3954} INFO - Setting next_dagrun for sodai_training_and_scoring to None, run_after=None
[2025-11-19T21:01:10.896+0000] {processor.py:183} INFO - Processing /opt/airflow/dags/sodai_pipeline_dag.py took 0.151 seconds
[2025-11-19T21:01:44.571+0000] {processor.py:161} INFO - Started process (PID=1247) to work on /opt/airflow/dags/sodai_pipeline_dag.py
[2025-11-19T21:01:44.586+0000] {processor.py:830} INFO - Processing file /opt/airflow/dags/sodai_pipeline_dag.py for tasks to queue
[2025-11-19T21:01:44.589+0000] {logging_mixin.py:188} INFO - [2025-11-19T21:01:44.588+0000] {dagbag.py:540} INFO - Filling up the DagBag from /opt/airflow/dags/sodai_pipeline_dag.py
[2025-11-19T21:01:44.674+0000] {processor.py:840} INFO - DAG(s) 'sodai_training_and_scoring' retrieved from /opt/airflow/dags/sodai_pipeline_dag.py
[2025-11-19T21:01:44.762+0000] {logging_mixin.py:188} INFO - [2025-11-19T21:01:44.762+0000] {dag.py:3096} INFO - Sync 1 DAGs
[2025-11-19T21:01:44.780+0000] {logging_mixin.py:188} INFO - [2025-11-19T21:01:44.779+0000] {dag.py:3954} INFO - Setting next_dagrun for sodai_training_and_scoring to None, run_after=None
[2025-11-19T21:01:44.807+0000] {processor.py:183} INFO - Processing /opt/airflow/dags/sodai_pipeline_dag.py took 0.250 seconds
[2025-11-19T21:02:17.321+0000] {processor.py:161} INFO - Started process (PID=1257) to work on /opt/airflow/dags/sodai_pipeline_dag.py
[2025-11-19T21:02:17.327+0000] {processor.py:830} INFO - Processing file /opt/airflow/dags/sodai_pipeline_dag.py for tasks to queue
[2025-11-19T21:02:17.335+0000] {logging_mixin.py:188} INFO - [2025-11-19T21:02:17.335+0000] {dagbag.py:540} INFO - Filling up the DagBag from /opt/airflow/dags/sodai_pipeline_dag.py
[2025-11-19T21:02:17.405+0000] {processor.py:840} INFO - DAG(s) 'sodai_training_and_scoring' retrieved from /opt/airflow/dags/sodai_pipeline_dag.py
[2025-11-19T21:02:17.466+0000] {logging_mixin.py:188} INFO - [2025-11-19T21:02:17.465+0000] {dag.py:3096} INFO - Sync 1 DAGs
[2025-11-19T21:02:17.494+0000] {logging_mixin.py:188} INFO - [2025-11-19T21:02:17.494+0000] {dag.py:3954} INFO - Setting next_dagrun for sodai_training_and_scoring to None, run_after=None
[2025-11-19T21:02:17.546+0000] {processor.py:183} INFO - Processing /opt/airflow/dags/sodai_pipeline_dag.py took 0.269 seconds
[2025-11-19T21:02:50.130+0000] {processor.py:161} INFO - Started process (PID=1267) to work on /opt/airflow/dags/sodai_pipeline_dag.py
[2025-11-19T21:02:50.136+0000] {processor.py:830} INFO - Processing file /opt/airflow/dags/sodai_pipeline_dag.py for tasks to queue
[2025-11-19T21:02:50.151+0000] {logging_mixin.py:188} INFO - [2025-11-19T21:02:50.151+0000] {dagbag.py:540} INFO - Filling up the DagBag from /opt/airflow/dags/sodai_pipeline_dag.py
[2025-11-19T21:02:50.227+0000] {processor.py:840} INFO - DAG(s) 'sodai_training_and_scoring' retrieved from /opt/airflow/dags/sodai_pipeline_dag.py
[2025-11-19T21:02:50.282+0000] {logging_mixin.py:188} INFO - [2025-11-19T21:02:50.281+0000] {dag.py:3096} INFO - Sync 1 DAGs
[2025-11-19T21:02:50.298+0000] {logging_mixin.py:188} INFO - [2025-11-19T21:02:50.298+0000] {dag.py:3954} INFO - Setting next_dagrun for sodai_training_and_scoring to None, run_after=None
[2025-11-19T21:02:50.343+0000] {processor.py:183} INFO - Processing /opt/airflow/dags/sodai_pipeline_dag.py took 0.262 seconds
[2025-11-19T21:03:24.268+0000] {processor.py:161} INFO - Started process (PID=1277) to work on /opt/airflow/dags/sodai_pipeline_dag.py
[2025-11-19T21:03:24.276+0000] {processor.py:830} INFO - Processing file /opt/airflow/dags/sodai_pipeline_dag.py for tasks to queue
[2025-11-19T21:03:24.293+0000] {logging_mixin.py:188} INFO - [2025-11-19T21:03:24.292+0000] {dagbag.py:540} INFO - Filling up the DagBag from /opt/airflow/dags/sodai_pipeline_dag.py
[2025-11-19T21:03:24.377+0000] {processor.py:840} INFO - DAG(s) 'sodai_training_and_scoring' retrieved from /opt/airflow/dags/sodai_pipeline_dag.py
[2025-11-19T21:03:24.437+0000] {logging_mixin.py:188} INFO - [2025-11-19T21:03:24.436+0000] {dag.py:3096} INFO - Sync 1 DAGs
[2025-11-19T21:03:24.472+0000] {logging_mixin.py:188} INFO - [2025-11-19T21:03:24.472+0000] {dag.py:3954} INFO - Setting next_dagrun for sodai_training_and_scoring to None, run_after=None
[2025-11-19T21:03:24.541+0000] {processor.py:183} INFO - Processing /opt/airflow/dags/sodai_pipeline_dag.py took 0.340 seconds
[2025-11-19T21:03:34.769+0000] {processor.py:161} INFO - Started process (PID=1287) to work on /opt/airflow/dags/sodai_pipeline_dag.py
[2025-11-19T21:03:34.770+0000] {processor.py:830} INFO - Processing file /opt/airflow/dags/sodai_pipeline_dag.py for tasks to queue
[2025-11-19T21:03:34.772+0000] {logging_mixin.py:188} INFO - [2025-11-19T21:03:34.772+0000] {dagbag.py:540} INFO - Filling up the DagBag from /opt/airflow/dags/sodai_pipeline_dag.py
[2025-11-19T21:03:34.974+0000] {processor.py:840} INFO - DAG(s) 'sodai_training_and_scoring' retrieved from /opt/airflow/dags/sodai_pipeline_dag.py
[2025-11-19T21:03:35.073+0000] {logging_mixin.py:188} INFO - [2025-11-19T21:03:35.073+0000] {dag.py:3096} INFO - Sync 1 DAGs
[2025-11-19T21:03:35.094+0000] {logging_mixin.py:188} INFO - [2025-11-19T21:03:35.093+0000] {dag.py:3954} INFO - Setting next_dagrun for sodai_training_and_scoring to None, run_after=None
[2025-11-19T21:03:35.155+0000] {processor.py:183} INFO - Processing /opt/airflow/dags/sodai_pipeline_dag.py took 0.395 seconds
[2025-11-19T21:04:05.953+0000] {processor.py:161} INFO - Started process (PID=1314) to work on /opt/airflow/dags/sodai_pipeline_dag.py
[2025-11-19T21:04:05.970+0000] {processor.py:830} INFO - Processing file /opt/airflow/dags/sodai_pipeline_dag.py for tasks to queue
[2025-11-19T21:04:05.973+0000] {logging_mixin.py:188} INFO - [2025-11-19T21:04:05.973+0000] {dagbag.py:540} INFO - Filling up the DagBag from /opt/airflow/dags/sodai_pipeline_dag.py
[2025-11-19T21:04:06.106+0000] {processor.py:840} INFO - DAG(s) 'sodai_training_and_scoring' retrieved from /opt/airflow/dags/sodai_pipeline_dag.py
[2025-11-19T21:04:06.200+0000] {logging_mixin.py:188} INFO - [2025-11-19T21:04:06.199+0000] {dag.py:3096} INFO - Sync 1 DAGs
[2025-11-19T21:04:06.268+0000] {logging_mixin.py:188} INFO - [2025-11-19T21:04:06.267+0000] {dag.py:3954} INFO - Setting next_dagrun for sodai_training_and_scoring to None, run_after=None
[2025-11-19T21:04:06.367+0000] {processor.py:183} INFO - Processing /opt/airflow/dags/sodai_pipeline_dag.py took 0.430 seconds
[2025-11-19T21:04:36.665+0000] {processor.py:161} INFO - Started process (PID=1434) to work on /opt/airflow/dags/sodai_pipeline_dag.py
[2025-11-19T21:04:36.667+0000] {processor.py:830} INFO - Processing file /opt/airflow/dags/sodai_pipeline_dag.py for tasks to queue
[2025-11-19T21:04:36.678+0000] {logging_mixin.py:188} INFO - [2025-11-19T21:04:36.677+0000] {dagbag.py:540} INFO - Filling up the DagBag from /opt/airflow/dags/sodai_pipeline_dag.py
[2025-11-19T21:04:36.733+0000] {processor.py:840} INFO - DAG(s) 'sodai_training_and_scoring' retrieved from /opt/airflow/dags/sodai_pipeline_dag.py
[2025-11-19T21:04:36.797+0000] {logging_mixin.py:188} INFO - [2025-11-19T21:04:36.797+0000] {dag.py:3096} INFO - Sync 1 DAGs
[2025-11-19T21:04:36.834+0000] {logging_mixin.py:188} INFO - [2025-11-19T21:04:36.833+0000] {dag.py:3954} INFO - Setting next_dagrun for sodai_training_and_scoring to None, run_after=None
[2025-11-19T21:04:36.877+0000] {processor.py:183} INFO - Processing /opt/airflow/dags/sodai_pipeline_dag.py took 0.236 seconds
[2025-11-19T21:05:07.457+0000] {processor.py:161} INFO - Started process (PID=1536) to work on /opt/airflow/dags/sodai_pipeline_dag.py
[2025-11-19T21:05:07.460+0000] {processor.py:830} INFO - Processing file /opt/airflow/dags/sodai_pipeline_dag.py for tasks to queue
[2025-11-19T21:05:07.463+0000] {logging_mixin.py:188} INFO - [2025-11-19T21:05:07.462+0000] {dagbag.py:540} INFO - Filling up the DagBag from /opt/airflow/dags/sodai_pipeline_dag.py
[2025-11-19T21:05:07.507+0000] {processor.py:840} INFO - DAG(s) 'sodai_training_and_scoring' retrieved from /opt/airflow/dags/sodai_pipeline_dag.py
[2025-11-19T21:05:07.560+0000] {logging_mixin.py:188} INFO - [2025-11-19T21:05:07.560+0000] {dag.py:3096} INFO - Sync 1 DAGs
[2025-11-19T21:05:07.586+0000] {logging_mixin.py:188} INFO - [2025-11-19T21:05:07.585+0000] {dag.py:3954} INFO - Setting next_dagrun for sodai_training_and_scoring to None, run_after=None
[2025-11-19T21:05:07.609+0000] {processor.py:183} INFO - Processing /opt/airflow/dags/sodai_pipeline_dag.py took 0.169 seconds
[2025-11-19T21:05:38.333+0000] {processor.py:161} INFO - Started process (PID=1556) to work on /opt/airflow/dags/sodai_pipeline_dag.py
[2025-11-19T21:05:38.334+0000] {processor.py:830} INFO - Processing file /opt/airflow/dags/sodai_pipeline_dag.py for tasks to queue
[2025-11-19T21:05:38.338+0000] {logging_mixin.py:188} INFO - [2025-11-19T21:05:38.338+0000] {dagbag.py:540} INFO - Filling up the DagBag from /opt/airflow/dags/sodai_pipeline_dag.py
[2025-11-19T21:05:38.385+0000] {processor.py:840} INFO - DAG(s) 'sodai_training_and_scoring' retrieved from /opt/airflow/dags/sodai_pipeline_dag.py
[2025-11-19T21:05:38.423+0000] {logging_mixin.py:188} INFO - [2025-11-19T21:05:38.423+0000] {dag.py:3096} INFO - Sync 1 DAGs
[2025-11-19T21:05:38.464+0000] {logging_mixin.py:188} INFO - [2025-11-19T21:05:38.464+0000] {dag.py:3954} INFO - Setting next_dagrun for sodai_training_and_scoring to None, run_after=None
[2025-11-19T21:05:38.577+0000] {processor.py:183} INFO - Processing /opt/airflow/dags/sodai_pipeline_dag.py took 0.256 seconds
[2025-11-19T21:06:08.823+0000] {processor.py:161} INFO - Started process (PID=1566) to work on /opt/airflow/dags/sodai_pipeline_dag.py
[2025-11-19T21:06:08.831+0000] {processor.py:830} INFO - Processing file /opt/airflow/dags/sodai_pipeline_dag.py for tasks to queue
[2025-11-19T21:06:08.841+0000] {logging_mixin.py:188} INFO - [2025-11-19T21:06:08.841+0000] {dagbag.py:540} INFO - Filling up the DagBag from /opt/airflow/dags/sodai_pipeline_dag.py
[2025-11-19T21:06:08.934+0000] {processor.py:840} INFO - DAG(s) 'sodai_training_and_scoring' retrieved from /opt/airflow/dags/sodai_pipeline_dag.py
[2025-11-19T21:06:08.985+0000] {logging_mixin.py:188} INFO - [2025-11-19T21:06:08.985+0000] {dag.py:3096} INFO - Sync 1 DAGs
[2025-11-19T21:06:09.010+0000] {logging_mixin.py:188} INFO - [2025-11-19T21:06:09.009+0000] {dag.py:3954} INFO - Setting next_dagrun for sodai_training_and_scoring to None, run_after=None
[2025-11-19T21:06:09.182+0000] {processor.py:183} INFO - Processing /opt/airflow/dags/sodai_pipeline_dag.py took 0.366 seconds
[2025-11-19T21:06:42.264+0000] {processor.py:161} INFO - Started process (PID=1586) to work on /opt/airflow/dags/sodai_pipeline_dag.py
[2025-11-19T21:06:42.270+0000] {processor.py:830} INFO - Processing file /opt/airflow/dags/sodai_pipeline_dag.py for tasks to queue
[2025-11-19T21:06:42.273+0000] {logging_mixin.py:188} INFO - [2025-11-19T21:06:42.272+0000] {dagbag.py:540} INFO - Filling up the DagBag from /opt/airflow/dags/sodai_pipeline_dag.py
[2025-11-19T21:06:42.343+0000] {processor.py:840} INFO - DAG(s) 'sodai_training_and_scoring' retrieved from /opt/airflow/dags/sodai_pipeline_dag.py
[2025-11-19T21:06:42.408+0000] {logging_mixin.py:188} INFO - [2025-11-19T21:06:42.407+0000] {dag.py:3096} INFO - Sync 1 DAGs
[2025-11-19T21:06:42.436+0000] {logging_mixin.py:188} INFO - [2025-11-19T21:06:42.435+0000] {dag.py:3954} INFO - Setting next_dagrun for sodai_training_and_scoring to None, run_after=None
[2025-11-19T21:06:42.526+0000] {processor.py:183} INFO - Processing /opt/airflow/dags/sodai_pipeline_dag.py took 0.289 seconds
[2025-11-19T21:07:15.576+0000] {processor.py:161} INFO - Started process (PID=1606) to work on /opt/airflow/dags/sodai_pipeline_dag.py
[2025-11-19T21:07:15.589+0000] {processor.py:830} INFO - Processing file /opt/airflow/dags/sodai_pipeline_dag.py for tasks to queue
[2025-11-19T21:07:15.594+0000] {logging_mixin.py:188} INFO - [2025-11-19T21:07:15.593+0000] {dagbag.py:540} INFO - Filling up the DagBag from /opt/airflow/dags/sodai_pipeline_dag.py
[2025-11-19T21:07:15.643+0000] {processor.py:840} INFO - DAG(s) 'sodai_training_and_scoring' retrieved from /opt/airflow/dags/sodai_pipeline_dag.py
[2025-11-19T21:07:15.688+0000] {logging_mixin.py:188} INFO - [2025-11-19T21:07:15.688+0000] {dag.py:3096} INFO - Sync 1 DAGs
[2025-11-19T21:07:15.717+0000] {logging_mixin.py:188} INFO - [2025-11-19T21:07:15.717+0000] {dag.py:3954} INFO - Setting next_dagrun for sodai_training_and_scoring to None, run_after=None
[2025-11-19T21:07:15.800+0000] {processor.py:183} INFO - Processing /opt/airflow/dags/sodai_pipeline_dag.py took 0.235 seconds
[2025-11-19T21:07:48.290+0000] {processor.py:161} INFO - Started process (PID=1626) to work on /opt/airflow/dags/sodai_pipeline_dag.py
[2025-11-19T21:07:48.300+0000] {processor.py:830} INFO - Processing file /opt/airflow/dags/sodai_pipeline_dag.py for tasks to queue
[2025-11-19T21:07:48.306+0000] {logging_mixin.py:188} INFO - [2025-11-19T21:07:48.305+0000] {dagbag.py:540} INFO - Filling up the DagBag from /opt/airflow/dags/sodai_pipeline_dag.py
[2025-11-19T21:07:48.335+0000] {processor.py:840} INFO - DAG(s) 'sodai_training_and_scoring' retrieved from /opt/airflow/dags/sodai_pipeline_dag.py
[2025-11-19T21:07:48.376+0000] {logging_mixin.py:188} INFO - [2025-11-19T21:07:48.375+0000] {dag.py:3096} INFO - Sync 1 DAGs
[2025-11-19T21:07:48.423+0000] {logging_mixin.py:188} INFO - [2025-11-19T21:07:48.423+0000] {dag.py:3954} INFO - Setting next_dagrun for sodai_training_and_scoring to None, run_after=None
[2025-11-19T21:07:48.504+0000] {processor.py:183} INFO - Processing /opt/airflow/dags/sodai_pipeline_dag.py took 0.223 seconds
[2025-11-19T21:08:21.745+0000] {processor.py:161} INFO - Started process (PID=1646) to work on /opt/airflow/dags/sodai_pipeline_dag.py
[2025-11-19T21:08:21.746+0000] {processor.py:830} INFO - Processing file /opt/airflow/dags/sodai_pipeline_dag.py for tasks to queue
[2025-11-19T21:08:21.751+0000] {logging_mixin.py:188} INFO - [2025-11-19T21:08:21.751+0000] {dagbag.py:540} INFO - Filling up the DagBag from /opt/airflow/dags/sodai_pipeline_dag.py
[2025-11-19T21:08:21.788+0000] {processor.py:840} INFO - DAG(s) 'sodai_training_and_scoring' retrieved from /opt/airflow/dags/sodai_pipeline_dag.py
[2025-11-19T21:08:21.820+0000] {logging_mixin.py:188} INFO - [2025-11-19T21:08:21.820+0000] {dag.py:3096} INFO - Sync 1 DAGs
[2025-11-19T21:08:21.844+0000] {logging_mixin.py:188} INFO - [2025-11-19T21:08:21.844+0000] {dag.py:3954} INFO - Setting next_dagrun for sodai_training_and_scoring to None, run_after=None
[2025-11-19T21:08:21.906+0000] {processor.py:183} INFO - Processing /opt/airflow/dags/sodai_pipeline_dag.py took 0.177 seconds
[2025-11-19T21:08:54.558+0000] {processor.py:161} INFO - Started process (PID=1656) to work on /opt/airflow/dags/sodai_pipeline_dag.py
[2025-11-19T21:08:54.564+0000] {processor.py:830} INFO - Processing file /opt/airflow/dags/sodai_pipeline_dag.py for tasks to queue
[2025-11-19T21:08:54.574+0000] {logging_mixin.py:188} INFO - [2025-11-19T21:08:54.574+0000] {dagbag.py:540} INFO - Filling up the DagBag from /opt/airflow/dags/sodai_pipeline_dag.py
[2025-11-19T21:08:54.620+0000] {processor.py:840} INFO - DAG(s) 'sodai_training_and_scoring' retrieved from /opt/airflow/dags/sodai_pipeline_dag.py
[2025-11-19T21:08:54.672+0000] {logging_mixin.py:188} INFO - [2025-11-19T21:08:54.671+0000] {dag.py:3096} INFO - Sync 1 DAGs
[2025-11-19T21:08:54.695+0000] {logging_mixin.py:188} INFO - [2025-11-19T21:08:54.694+0000] {dag.py:3954} INFO - Setting next_dagrun for sodai_training_and_scoring to None, run_after=None
[2025-11-19T21:08:54.771+0000] {processor.py:183} INFO - Processing /opt/airflow/dags/sodai_pipeline_dag.py took 0.225 seconds
[2025-11-19T21:09:27.375+0000] {processor.py:161} INFO - Started process (PID=1686) to work on /opt/airflow/dags/sodai_pipeline_dag.py
[2025-11-19T21:09:27.396+0000] {processor.py:830} INFO - Processing file /opt/airflow/dags/sodai_pipeline_dag.py for tasks to queue
[2025-11-19T21:09:27.404+0000] {logging_mixin.py:188} INFO - [2025-11-19T21:09:27.403+0000] {dagbag.py:540} INFO - Filling up the DagBag from /opt/airflow/dags/sodai_pipeline_dag.py
[2025-11-19T21:09:27.482+0000] {processor.py:840} INFO - DAG(s) 'sodai_training_and_scoring' retrieved from /opt/airflow/dags/sodai_pipeline_dag.py
[2025-11-19T21:09:27.537+0000] {logging_mixin.py:188} INFO - [2025-11-19T21:09:27.537+0000] {dag.py:3096} INFO - Sync 1 DAGs
[2025-11-19T21:09:27.586+0000] {logging_mixin.py:188} INFO - [2025-11-19T21:09:27.585+0000] {dag.py:3954} INFO - Setting next_dagrun for sodai_training_and_scoring to None, run_after=None
[2025-11-19T21:09:27.687+0000] {processor.py:183} INFO - Processing /opt/airflow/dags/sodai_pipeline_dag.py took 0.335 seconds
[2025-11-19T21:10:00.757+0000] {processor.py:161} INFO - Started process (PID=1696) to work on /opt/airflow/dags/sodai_pipeline_dag.py
[2025-11-19T21:10:00.768+0000] {processor.py:830} INFO - Processing file /opt/airflow/dags/sodai_pipeline_dag.py for tasks to queue
[2025-11-19T21:10:00.773+0000] {logging_mixin.py:188} INFO - [2025-11-19T21:10:00.773+0000] {dagbag.py:540} INFO - Filling up the DagBag from /opt/airflow/dags/sodai_pipeline_dag.py
[2025-11-19T21:10:00.830+0000] {processor.py:840} INFO - DAG(s) 'sodai_training_and_scoring' retrieved from /opt/airflow/dags/sodai_pipeline_dag.py
[2025-11-19T21:10:01.016+0000] {logging_mixin.py:188} INFO - [2025-11-19T21:10:01.016+0000] {dag.py:3096} INFO - Sync 1 DAGs
[2025-11-19T21:10:01.037+0000] {logging_mixin.py:188} INFO - [2025-11-19T21:10:01.037+0000] {dag.py:3954} INFO - Setting next_dagrun for sodai_training_and_scoring to None, run_after=None
[2025-11-19T21:10:01.088+0000] {processor.py:183} INFO - Processing /opt/airflow/dags/sodai_pipeline_dag.py took 0.350 seconds
[2025-11-19T21:10:33.480+0000] {processor.py:161} INFO - Started process (PID=1773) to work on /opt/airflow/dags/sodai_pipeline_dag.py
[2025-11-19T21:10:33.485+0000] {processor.py:830} INFO - Processing file /opt/airflow/dags/sodai_pipeline_dag.py for tasks to queue
[2025-11-19T21:10:33.490+0000] {logging_mixin.py:188} INFO - [2025-11-19T21:10:33.490+0000] {dagbag.py:540} INFO - Filling up the DagBag from /opt/airflow/dags/sodai_pipeline_dag.py
[2025-11-19T21:10:33.518+0000] {processor.py:840} INFO - DAG(s) 'sodai_training_and_scoring' retrieved from /opt/airflow/dags/sodai_pipeline_dag.py
[2025-11-19T21:10:33.565+0000] {logging_mixin.py:188} INFO - [2025-11-19T21:10:33.565+0000] {dag.py:3096} INFO - Sync 1 DAGs
[2025-11-19T21:10:33.617+0000] {logging_mixin.py:188} INFO - [2025-11-19T21:10:33.617+0000] {dag.py:3954} INFO - Setting next_dagrun for sodai_training_and_scoring to None, run_after=None
[2025-11-19T21:10:33.685+0000] {processor.py:183} INFO - Processing /opt/airflow/dags/sodai_pipeline_dag.py took 0.225 seconds
[2025-11-19T21:11:07.123+0000] {processor.py:161} INFO - Started process (PID=1783) to work on /opt/airflow/dags/sodai_pipeline_dag.py
[2025-11-19T21:11:07.136+0000] {processor.py:830} INFO - Processing file /opt/airflow/dags/sodai_pipeline_dag.py for tasks to queue
[2025-11-19T21:11:07.144+0000] {logging_mixin.py:188} INFO - [2025-11-19T21:11:07.144+0000] {dagbag.py:540} INFO - Filling up the DagBag from /opt/airflow/dags/sodai_pipeline_dag.py
[2025-11-19T21:11:07.182+0000] {processor.py:840} INFO - DAG(s) 'sodai_training_and_scoring' retrieved from /opt/airflow/dags/sodai_pipeline_dag.py
[2025-11-19T21:11:07.240+0000] {logging_mixin.py:188} INFO - [2025-11-19T21:11:07.240+0000] {dag.py:3096} INFO - Sync 1 DAGs
[2025-11-19T21:11:07.275+0000] {logging_mixin.py:188} INFO - [2025-11-19T21:11:07.274+0000] {dag.py:3954} INFO - Setting next_dagrun for sodai_training_and_scoring to None, run_after=None
[2025-11-19T21:11:07.348+0000] {processor.py:183} INFO - Processing /opt/airflow/dags/sodai_pipeline_dag.py took 0.252 seconds
[2025-11-19T21:11:12.572+0000] {processor.py:161} INFO - Started process (PID=1793) to work on /opt/airflow/dags/sodai_pipeline_dag.py
[2025-11-19T21:11:12.584+0000] {processor.py:830} INFO - Processing file /opt/airflow/dags/sodai_pipeline_dag.py for tasks to queue
[2025-11-19T21:11:12.597+0000] {logging_mixin.py:188} INFO - [2025-11-19T21:11:12.596+0000] {dagbag.py:540} INFO - Filling up the DagBag from /opt/airflow/dags/sodai_pipeline_dag.py
[2025-11-19T21:11:12.705+0000] {processor.py:840} INFO - DAG(s) 'sodai_training_and_scoring' retrieved from /opt/airflow/dags/sodai_pipeline_dag.py
[2025-11-19T21:11:12.754+0000] {logging_mixin.py:188} INFO - [2025-11-19T21:11:12.754+0000] {dag.py:3096} INFO - Sync 1 DAGs
[2025-11-19T21:11:12.785+0000] {logging_mixin.py:188} INFO - [2025-11-19T21:11:12.784+0000] {dag.py:3954} INFO - Setting next_dagrun for sodai_training_and_scoring to None, run_after=None
[2025-11-19T21:11:12.849+0000] {processor.py:183} INFO - Processing /opt/airflow/dags/sodai_pipeline_dag.py took 0.290 seconds
[2025-11-19T21:11:18.982+0000] {processor.py:161} INFO - Started process (PID=1798) to work on /opt/airflow/dags/sodai_pipeline_dag.py
[2025-11-19T21:11:18.993+0000] {processor.py:830} INFO - Processing file /opt/airflow/dags/sodai_pipeline_dag.py for tasks to queue
[2025-11-19T21:11:19.004+0000] {logging_mixin.py:188} INFO - [2025-11-19T21:11:19.004+0000] {dagbag.py:540} INFO - Filling up the DagBag from /opt/airflow/dags/sodai_pipeline_dag.py
[2025-11-19T21:11:19.236+0000] {processor.py:840} INFO - DAG(s) 'sodai_training_and_scoring' retrieved from /opt/airflow/dags/sodai_pipeline_dag.py
[2025-11-19T21:11:19.315+0000] {logging_mixin.py:188} INFO - [2025-11-19T21:11:19.311+0000] {dag.py:3096} INFO - Sync 1 DAGs
[2025-11-19T21:11:19.356+0000] {logging_mixin.py:188} INFO - [2025-11-19T21:11:19.355+0000] {dag.py:3954} INFO - Setting next_dagrun for sodai_training_and_scoring to None, run_after=None
[2025-11-19T21:11:19.457+0000] {processor.py:183} INFO - Processing /opt/airflow/dags/sodai_pipeline_dag.py took 0.522 seconds
[2025-11-19T21:12:00.231+0000] {processor.py:161} INFO - Started process (PID=189) to work on /opt/airflow/dags/sodai_pipeline_dag.py
[2025-11-19T21:12:00.232+0000] {processor.py:830} INFO - Processing file /opt/airflow/dags/sodai_pipeline_dag.py for tasks to queue
[2025-11-19T21:12:00.235+0000] {logging_mixin.py:188} INFO - [2025-11-19T21:12:00.234+0000] {dagbag.py:540} INFO - Filling up the DagBag from /opt/airflow/dags/sodai_pipeline_dag.py
[2025-11-19T21:12:00.258+0000] {processor.py:840} INFO - DAG(s) 'sodai_training_and_scoring' retrieved from /opt/airflow/dags/sodai_pipeline_dag.py
[2025-11-19T21:12:00.304+0000] {logging_mixin.py:188} INFO - [2025-11-19T21:12:00.304+0000] {dag.py:3096} INFO - Sync 1 DAGs
[2025-11-19T21:12:00.326+0000] {logging_mixin.py:188} INFO - [2025-11-19T21:12:00.326+0000] {dag.py:3954} INFO - Setting next_dagrun for sodai_training_and_scoring to None, run_after=None
[2025-11-19T21:12:00.356+0000] {processor.py:183} INFO - Processing /opt/airflow/dags/sodai_pipeline_dag.py took 0.134 seconds
[2025-11-19T21:12:30.993+0000] {processor.py:161} INFO - Started process (PID=424) to work on /opt/airflow/dags/sodai_pipeline_dag.py
[2025-11-19T21:12:30.996+0000] {processor.py:830} INFO - Processing file /opt/airflow/dags/sodai_pipeline_dag.py for tasks to queue
[2025-11-19T21:12:31.003+0000] {logging_mixin.py:188} INFO - [2025-11-19T21:12:31.002+0000] {dagbag.py:540} INFO - Filling up the DagBag from /opt/airflow/dags/sodai_pipeline_dag.py
[2025-11-19T21:12:31.060+0000] {processor.py:840} INFO - DAG(s) 'sodai_training_and_scoring' retrieved from /opt/airflow/dags/sodai_pipeline_dag.py
[2025-11-19T21:12:31.159+0000] {logging_mixin.py:188} INFO - [2025-11-19T21:12:31.156+0000] {dag.py:3096} INFO - Sync 1 DAGs
[2025-11-19T21:12:31.209+0000] {logging_mixin.py:188} INFO - [2025-11-19T21:12:31.208+0000] {dag.py:3954} INFO - Setting next_dagrun for sodai_training_and_scoring to None, run_after=None
[2025-11-19T21:12:31.275+0000] {processor.py:183} INFO - Processing /opt/airflow/dags/sodai_pipeline_dag.py took 0.301 seconds
[2025-11-19T21:13:01.767+0000] {processor.py:161} INFO - Started process (PID=608) to work on /opt/airflow/dags/sodai_pipeline_dag.py
[2025-11-19T21:13:01.793+0000] {processor.py:830} INFO - Processing file /opt/airflow/dags/sodai_pipeline_dag.py for tasks to queue
[2025-11-19T21:13:01.819+0000] {logging_mixin.py:188} INFO - [2025-11-19T21:13:01.818+0000] {dagbag.py:540} INFO - Filling up the DagBag from /opt/airflow/dags/sodai_pipeline_dag.py
[2025-11-19T21:13:01.915+0000] {processor.py:840} INFO - DAG(s) 'sodai_training_and_scoring' retrieved from /opt/airflow/dags/sodai_pipeline_dag.py
[2025-11-19T21:13:02.027+0000] {logging_mixin.py:188} INFO - [2025-11-19T21:13:02.027+0000] {dag.py:3096} INFO - Sync 1 DAGs
[2025-11-19T21:13:02.088+0000] {logging_mixin.py:188} INFO - [2025-11-19T21:13:02.087+0000] {dag.py:3954} INFO - Setting next_dagrun for sodai_training_and_scoring to None, run_after=None
[2025-11-19T21:13:02.146+0000] {processor.py:183} INFO - Processing /opt/airflow/dags/sodai_pipeline_dag.py took 0.454 seconds
[2025-11-19T21:13:33.011+0000] {processor.py:161} INFO - Started process (PID=674) to work on /opt/airflow/dags/sodai_pipeline_dag.py
[2025-11-19T21:13:33.015+0000] {processor.py:830} INFO - Processing file /opt/airflow/dags/sodai_pipeline_dag.py for tasks to queue
[2025-11-19T21:13:33.031+0000] {logging_mixin.py:188} INFO - [2025-11-19T21:13:33.029+0000] {dagbag.py:540} INFO - Filling up the DagBag from /opt/airflow/dags/sodai_pipeline_dag.py
[2025-11-19T21:13:33.139+0000] {processor.py:840} INFO - DAG(s) 'sodai_training_and_scoring' retrieved from /opt/airflow/dags/sodai_pipeline_dag.py
[2025-11-19T21:13:33.295+0000] {logging_mixin.py:188} INFO - [2025-11-19T21:13:33.294+0000] {dag.py:3096} INFO - Sync 1 DAGs
[2025-11-19T21:13:33.345+0000] {logging_mixin.py:188} INFO - [2025-11-19T21:13:33.345+0000] {dag.py:3954} INFO - Setting next_dagrun for sodai_training_and_scoring to None, run_after=None
[2025-11-19T21:13:33.457+0000] {processor.py:183} INFO - Processing /opt/airflow/dags/sodai_pipeline_dag.py took 0.492 seconds
[2025-11-19T21:14:03.897+0000] {processor.py:161} INFO - Started process (PID=732) to work on /opt/airflow/dags/sodai_pipeline_dag.py
[2025-11-19T21:14:03.905+0000] {processor.py:830} INFO - Processing file /opt/airflow/dags/sodai_pipeline_dag.py for tasks to queue
[2025-11-19T21:14:03.912+0000] {logging_mixin.py:188} INFO - [2025-11-19T21:14:03.910+0000] {dagbag.py:540} INFO - Filling up the DagBag from /opt/airflow/dags/sodai_pipeline_dag.py
[2025-11-19T21:14:04.021+0000] {processor.py:840} INFO - DAG(s) 'sodai_training_and_scoring' retrieved from /opt/airflow/dags/sodai_pipeline_dag.py
[2025-11-19T21:14:04.134+0000] {logging_mixin.py:188} INFO - [2025-11-19T21:14:04.133+0000] {dag.py:3096} INFO - Sync 1 DAGs
[2025-11-19T21:14:04.249+0000] {logging_mixin.py:188} INFO - [2025-11-19T21:14:04.248+0000] {dag.py:3954} INFO - Setting next_dagrun for sodai_training_and_scoring to None, run_after=None
[2025-11-19T21:14:04.412+0000] {processor.py:183} INFO - Processing /opt/airflow/dags/sodai_pipeline_dag.py took 0.561 seconds
[2025-11-19T21:14:34.709+0000] {processor.py:161} INFO - Started process (PID=808) to work on /opt/airflow/dags/sodai_pipeline_dag.py
[2025-11-19T21:14:34.712+0000] {processor.py:830} INFO - Processing file /opt/airflow/dags/sodai_pipeline_dag.py for tasks to queue
[2025-11-19T21:14:34.716+0000] {logging_mixin.py:188} INFO - [2025-11-19T21:14:34.715+0000] {dagbag.py:540} INFO - Filling up the DagBag from /opt/airflow/dags/sodai_pipeline_dag.py
[2025-11-19T21:14:34.776+0000] {processor.py:840} INFO - DAG(s) 'sodai_training_and_scoring' retrieved from /opt/airflow/dags/sodai_pipeline_dag.py
[2025-11-19T21:14:34.847+0000] {logging_mixin.py:188} INFO - [2025-11-19T21:14:34.847+0000] {dag.py:3096} INFO - Sync 1 DAGs
[2025-11-19T21:14:34.889+0000] {logging_mixin.py:188} INFO - [2025-11-19T21:14:34.889+0000] {dag.py:3954} INFO - Setting next_dagrun for sodai_training_and_scoring to None, run_after=None
[2025-11-19T21:14:34.978+0000] {processor.py:183} INFO - Processing /opt/airflow/dags/sodai_pipeline_dag.py took 0.281 seconds
[2025-11-19T21:15:05.219+0000] {processor.py:161} INFO - Started process (PID=862) to work on /opt/airflow/dags/sodai_pipeline_dag.py
[2025-11-19T21:15:05.222+0000] {processor.py:830} INFO - Processing file /opt/airflow/dags/sodai_pipeline_dag.py for tasks to queue
[2025-11-19T21:15:05.228+0000] {logging_mixin.py:188} INFO - [2025-11-19T21:15:05.227+0000] {dagbag.py:540} INFO - Filling up the DagBag from /opt/airflow/dags/sodai_pipeline_dag.py
[2025-11-19T21:15:05.318+0000] {processor.py:840} INFO - DAG(s) 'sodai_training_and_scoring' retrieved from /opt/airflow/dags/sodai_pipeline_dag.py
[2025-11-19T21:15:05.453+0000] {logging_mixin.py:188} INFO - [2025-11-19T21:15:05.449+0000] {dag.py:3096} INFO - Sync 1 DAGs
[2025-11-19T21:15:05.513+0000] {logging_mixin.py:188} INFO - [2025-11-19T21:15:05.513+0000] {dag.py:3954} INFO - Setting next_dagrun for sodai_training_and_scoring to None, run_after=None
[2025-11-19T21:15:05.582+0000] {processor.py:183} INFO - Processing /opt/airflow/dags/sodai_pipeline_dag.py took 0.381 seconds
[2025-11-19T21:15:36.487+0000] {processor.py:161} INFO - Started process (PID=900) to work on /opt/airflow/dags/sodai_pipeline_dag.py
[2025-11-19T21:15:36.490+0000] {processor.py:830} INFO - Processing file /opt/airflow/dags/sodai_pipeline_dag.py for tasks to queue
[2025-11-19T21:15:36.501+0000] {logging_mixin.py:188} INFO - [2025-11-19T21:15:36.500+0000] {dagbag.py:540} INFO - Filling up the DagBag from /opt/airflow/dags/sodai_pipeline_dag.py
[2025-11-19T21:15:36.569+0000] {processor.py:840} INFO - DAG(s) 'sodai_training_and_scoring' retrieved from /opt/airflow/dags/sodai_pipeline_dag.py
[2025-11-19T21:15:36.684+0000] {logging_mixin.py:188} INFO - [2025-11-19T21:15:36.683+0000] {dag.py:3096} INFO - Sync 1 DAGs
[2025-11-19T21:15:36.731+0000] {logging_mixin.py:188} INFO - [2025-11-19T21:15:36.730+0000] {dag.py:3954} INFO - Setting next_dagrun for sodai_training_and_scoring to None, run_after=None
[2025-11-19T21:15:36.804+0000] {processor.py:183} INFO - Processing /opt/airflow/dags/sodai_pipeline_dag.py took 0.336 seconds
[2025-11-19T21:16:07.579+0000] {processor.py:161} INFO - Started process (PID=964) to work on /opt/airflow/dags/sodai_pipeline_dag.py
[2025-11-19T21:16:07.591+0000] {processor.py:830} INFO - Processing file /opt/airflow/dags/sodai_pipeline_dag.py for tasks to queue
[2025-11-19T21:16:07.615+0000] {logging_mixin.py:188} INFO - [2025-11-19T21:16:07.614+0000] {dagbag.py:540} INFO - Filling up the DagBag from /opt/airflow/dags/sodai_pipeline_dag.py
[2025-11-19T21:16:07.749+0000] {processor.py:840} INFO - DAG(s) 'sodai_training_and_scoring' retrieved from /opt/airflow/dags/sodai_pipeline_dag.py
[2025-11-19T21:16:07.898+0000] {logging_mixin.py:188} INFO - [2025-11-19T21:16:07.897+0000] {dag.py:3096} INFO - Sync 1 DAGs
[2025-11-19T21:16:07.959+0000] {logging_mixin.py:188} INFO - [2025-11-19T21:16:07.959+0000] {dag.py:3954} INFO - Setting next_dagrun for sodai_training_and_scoring to None, run_after=None
[2025-11-19T21:16:08.059+0000] {processor.py:183} INFO - Processing /opt/airflow/dags/sodai_pipeline_dag.py took 0.516 seconds
[2025-11-19T21:16:39.018+0000] {processor.py:161} INFO - Started process (PID=1014) to work on /opt/airflow/dags/sodai_pipeline_dag.py
[2025-11-19T21:16:39.039+0000] {processor.py:830} INFO - Processing file /opt/airflow/dags/sodai_pipeline_dag.py for tasks to queue
[2025-11-19T21:16:39.046+0000] {logging_mixin.py:188} INFO - [2025-11-19T21:16:39.046+0000] {dagbag.py:540} INFO - Filling up the DagBag from /opt/airflow/dags/sodai_pipeline_dag.py
[2025-11-19T21:16:39.101+0000] {processor.py:840} INFO - DAG(s) 'sodai_training_and_scoring' retrieved from /opt/airflow/dags/sodai_pipeline_dag.py
[2025-11-19T21:16:39.157+0000] {logging_mixin.py:188} INFO - [2025-11-19T21:16:39.157+0000] {dag.py:3096} INFO - Sync 1 DAGs
[2025-11-19T21:16:39.268+0000] {logging_mixin.py:188} INFO - [2025-11-19T21:16:39.259+0000] {dag.py:3954} INFO - Setting next_dagrun for sodai_training_and_scoring to None, run_after=None
[2025-11-19T21:16:39.356+0000] {processor.py:183} INFO - Processing /opt/airflow/dags/sodai_pipeline_dag.py took 0.389 seconds
[2025-11-19T21:17:10.686+0000] {processor.py:161} INFO - Started process (PID=1166) to work on /opt/airflow/dags/sodai_pipeline_dag.py
[2025-11-19T21:17:10.689+0000] {processor.py:830} INFO - Processing file /opt/airflow/dags/sodai_pipeline_dag.py for tasks to queue
[2025-11-19T21:17:10.724+0000] {logging_mixin.py:188} INFO - [2025-11-19T21:17:10.719+0000] {dagbag.py:540} INFO - Filling up the DagBag from /opt/airflow/dags/sodai_pipeline_dag.py
[2025-11-19T21:17:11.150+0000] {processor.py:840} INFO - DAG(s) 'sodai_training_and_scoring' retrieved from /opt/airflow/dags/sodai_pipeline_dag.py
[2025-11-19T21:17:11.390+0000] {logging_mixin.py:188} INFO - [2025-11-19T21:17:11.389+0000] {dag.py:3096} INFO - Sync 1 DAGs
[2025-11-19T21:17:11.517+0000] {logging_mixin.py:188} INFO - [2025-11-19T21:17:11.517+0000] {dag.py:3954} INFO - Setting next_dagrun for sodai_training_and_scoring to None, run_after=None
[2025-11-19T21:17:11.596+0000] {processor.py:183} INFO - Processing /opt/airflow/dags/sodai_pipeline_dag.py took 1.129 seconds
[2025-11-19T21:17:43.110+0000] {processor.py:161} INFO - Started process (PID=1224) to work on /opt/airflow/dags/sodai_pipeline_dag.py
[2025-11-19T21:17:43.121+0000] {processor.py:830} INFO - Processing file /opt/airflow/dags/sodai_pipeline_dag.py for tasks to queue
[2025-11-19T21:17:43.153+0000] {logging_mixin.py:188} INFO - [2025-11-19T21:17:43.151+0000] {dagbag.py:540} INFO - Filling up the DagBag from /opt/airflow/dags/sodai_pipeline_dag.py
[2025-11-19T21:17:43.353+0000] {processor.py:840} INFO - DAG(s) 'sodai_training_and_scoring' retrieved from /opt/airflow/dags/sodai_pipeline_dag.py
[2025-11-19T21:17:43.625+0000] {logging_mixin.py:188} INFO - [2025-11-19T21:17:43.624+0000] {dag.py:3096} INFO - Sync 1 DAGs
[2025-11-19T21:17:43.805+0000] {logging_mixin.py:188} INFO - [2025-11-19T21:17:43.805+0000] {dag.py:3954} INFO - Setting next_dagrun for sodai_training_and_scoring to None, run_after=None
[2025-11-19T21:17:43.994+0000] {processor.py:183} INFO - Processing /opt/airflow/dags/sodai_pipeline_dag.py took 0.938 seconds
[2025-11-19T21:18:16.120+0000] {processor.py:161} INFO - Started process (PID=1290) to work on /opt/airflow/dags/sodai_pipeline_dag.py
[2025-11-19T21:18:16.132+0000] {processor.py:830} INFO - Processing file /opt/airflow/dags/sodai_pipeline_dag.py for tasks to queue
[2025-11-19T21:18:16.153+0000] {logging_mixin.py:188} INFO - [2025-11-19T21:18:16.152+0000] {dagbag.py:540} INFO - Filling up the DagBag from /opt/airflow/dags/sodai_pipeline_dag.py
[2025-11-19T21:18:16.294+0000] {processor.py:840} INFO - DAG(s) 'sodai_training_and_scoring' retrieved from /opt/airflow/dags/sodai_pipeline_dag.py
[2025-11-19T21:18:16.465+0000] {logging_mixin.py:188} INFO - [2025-11-19T21:18:16.463+0000] {dag.py:3096} INFO - Sync 1 DAGs
[2025-11-19T21:18:16.508+0000] {logging_mixin.py:188} INFO - [2025-11-19T21:18:16.507+0000] {dag.py:3954} INFO - Setting next_dagrun for sodai_training_and_scoring to None, run_after=None
[2025-11-19T21:18:16.576+0000] {processor.py:183} INFO - Processing /opt/airflow/dags/sodai_pipeline_dag.py took 0.501 seconds
[2025-11-19T21:18:49.539+0000] {processor.py:161} INFO - Started process (PID=1380) to work on /opt/airflow/dags/sodai_pipeline_dag.py
[2025-11-19T21:18:49.626+0000] {processor.py:830} INFO - Processing file /opt/airflow/dags/sodai_pipeline_dag.py for tasks to queue
[2025-11-19T21:18:49.668+0000] {logging_mixin.py:188} INFO - [2025-11-19T21:18:49.667+0000] {dagbag.py:540} INFO - Filling up the DagBag from /opt/airflow/dags/sodai_pipeline_dag.py
[2025-11-19T21:18:49.836+0000] {processor.py:840} INFO - DAG(s) 'sodai_training_and_scoring' retrieved from /opt/airflow/dags/sodai_pipeline_dag.py
[2025-11-19T21:18:50.103+0000] {logging_mixin.py:188} INFO - [2025-11-19T21:18:50.103+0000] {dag.py:3096} INFO - Sync 1 DAGs
[2025-11-19T21:18:50.252+0000] {logging_mixin.py:188} INFO - [2025-11-19T21:18:50.251+0000] {dag.py:3954} INFO - Setting next_dagrun for sodai_training_and_scoring to None, run_after=None
[2025-11-19T21:18:50.364+0000] {processor.py:183} INFO - Processing /opt/airflow/dags/sodai_pipeline_dag.py took 1.004 seconds
[2025-11-19T21:19:22.311+0000] {processor.py:161} INFO - Started process (PID=1442) to work on /opt/airflow/dags/sodai_pipeline_dag.py
[2025-11-19T21:19:22.315+0000] {processor.py:830} INFO - Processing file /opt/airflow/dags/sodai_pipeline_dag.py for tasks to queue
[2025-11-19T21:19:22.325+0000] {logging_mixin.py:188} INFO - [2025-11-19T21:19:22.322+0000] {dagbag.py:540} INFO - Filling up the DagBag from /opt/airflow/dags/sodai_pipeline_dag.py
[2025-11-19T21:19:22.435+0000] {processor.py:840} INFO - DAG(s) 'sodai_training_and_scoring' retrieved from /opt/airflow/dags/sodai_pipeline_dag.py
[2025-11-19T21:19:22.559+0000] {logging_mixin.py:188} INFO - [2025-11-19T21:19:22.558+0000] {dag.py:3096} INFO - Sync 1 DAGs
[2025-11-19T21:19:22.853+0000] {logging_mixin.py:188} INFO - [2025-11-19T21:19:22.852+0000] {dag.py:3954} INFO - Setting next_dagrun for sodai_training_and_scoring to None, run_after=None
[2025-11-19T21:19:23.205+0000] {processor.py:183} INFO - Processing /opt/airflow/dags/sodai_pipeline_dag.py took 0.967 seconds
[2025-11-19T21:19:55.235+0000] {processor.py:161} INFO - Started process (PID=1504) to work on /opt/airflow/dags/sodai_pipeline_dag.py
[2025-11-19T21:19:55.240+0000] {processor.py:830} INFO - Processing file /opt/airflow/dags/sodai_pipeline_dag.py for tasks to queue
[2025-11-19T21:19:55.249+0000] {logging_mixin.py:188} INFO - [2025-11-19T21:19:55.247+0000] {dagbag.py:540} INFO - Filling up the DagBag from /opt/airflow/dags/sodai_pipeline_dag.py
[2025-11-19T21:19:55.361+0000] {processor.py:840} INFO - DAG(s) 'sodai_training_and_scoring' retrieved from /opt/airflow/dags/sodai_pipeline_dag.py
[2025-11-19T21:19:55.493+0000] {logging_mixin.py:188} INFO - [2025-11-19T21:19:55.492+0000] {dag.py:3096} INFO - Sync 1 DAGs
[2025-11-19T21:19:55.545+0000] {logging_mixin.py:188} INFO - [2025-11-19T21:19:55.544+0000] {dag.py:3954} INFO - Setting next_dagrun for sodai_training_and_scoring to None, run_after=None
[2025-11-19T21:19:55.649+0000] {processor.py:183} INFO - Processing /opt/airflow/dags/sodai_pipeline_dag.py took 0.437 seconds
[2025-11-19T21:20:28.195+0000] {processor.py:161} INFO - Started process (PID=1574) to work on /opt/airflow/dags/sodai_pipeline_dag.py
[2025-11-19T21:20:28.201+0000] {processor.py:830} INFO - Processing file /opt/airflow/dags/sodai_pipeline_dag.py for tasks to queue
[2025-11-19T21:20:28.209+0000] {logging_mixin.py:188} INFO - [2025-11-19T21:20:28.209+0000] {dagbag.py:540} INFO - Filling up the DagBag from /opt/airflow/dags/sodai_pipeline_dag.py
[2025-11-19T21:20:28.280+0000] {processor.py:840} INFO - DAG(s) 'sodai_training_and_scoring' retrieved from /opt/airflow/dags/sodai_pipeline_dag.py
[2025-11-19T21:20:28.457+0000] {logging_mixin.py:188} INFO - [2025-11-19T21:20:28.456+0000] {dag.py:3096} INFO - Sync 1 DAGs
[2025-11-19T21:20:28.506+0000] {logging_mixin.py:188} INFO - [2025-11-19T21:20:28.505+0000] {dag.py:3954} INFO - Setting next_dagrun for sodai_training_and_scoring to None, run_after=None
[2025-11-19T21:20:28.612+0000] {processor.py:183} INFO - Processing /opt/airflow/dags/sodai_pipeline_dag.py took 0.434 seconds
[2025-11-19T21:21:01.243+0000] {processor.py:161} INFO - Started process (PID=1612) to work on /opt/airflow/dags/sodai_pipeline_dag.py
[2025-11-19T21:21:01.247+0000] {processor.py:830} INFO - Processing file /opt/airflow/dags/sodai_pipeline_dag.py for tasks to queue
[2025-11-19T21:21:01.259+0000] {logging_mixin.py:188} INFO - [2025-11-19T21:21:01.258+0000] {dagbag.py:540} INFO - Filling up the DagBag from /opt/airflow/dags/sodai_pipeline_dag.py
[2025-11-19T21:21:01.405+0000] {processor.py:840} INFO - DAG(s) 'sodai_training_and_scoring' retrieved from /opt/airflow/dags/sodai_pipeline_dag.py
[2025-11-19T21:21:01.566+0000] {logging_mixin.py:188} INFO - [2025-11-19T21:21:01.566+0000] {dag.py:3096} INFO - Sync 1 DAGs
[2025-11-19T21:21:01.634+0000] {logging_mixin.py:188} INFO - [2025-11-19T21:21:01.634+0000] {dag.py:3954} INFO - Setting next_dagrun for sodai_training_and_scoring to None, run_after=None
[2025-11-19T21:21:01.730+0000] {processor.py:183} INFO - Processing /opt/airflow/dags/sodai_pipeline_dag.py took 0.513 seconds
[2025-11-19T21:21:34.419+0000] {processor.py:161} INFO - Started process (PID=1650) to work on /opt/airflow/dags/sodai_pipeline_dag.py
[2025-11-19T21:21:34.422+0000] {processor.py:830} INFO - Processing file /opt/airflow/dags/sodai_pipeline_dag.py for tasks to queue
[2025-11-19T21:21:34.441+0000] {logging_mixin.py:188} INFO - [2025-11-19T21:21:34.436+0000] {dagbag.py:540} INFO - Filling up the DagBag from /opt/airflow/dags/sodai_pipeline_dag.py
[2025-11-19T21:21:34.523+0000] {processor.py:840} INFO - DAG(s) 'sodai_training_and_scoring' retrieved from /opt/airflow/dags/sodai_pipeline_dag.py
[2025-11-19T21:21:34.602+0000] {logging_mixin.py:188} INFO - [2025-11-19T21:21:34.601+0000] {dag.py:3096} INFO - Sync 1 DAGs
[2025-11-19T21:21:34.629+0000] {logging_mixin.py:188} INFO - [2025-11-19T21:21:34.628+0000] {dag.py:3954} INFO - Setting next_dagrun for sodai_training_and_scoring to None, run_after=None
[2025-11-19T21:21:34.700+0000] {processor.py:183} INFO - Processing /opt/airflow/dags/sodai_pipeline_dag.py took 0.291 seconds
[2025-11-19T21:22:07.679+0000] {processor.py:161} INFO - Started process (PID=1676) to work on /opt/airflow/dags/sodai_pipeline_dag.py
[2025-11-19T21:22:07.681+0000] {processor.py:830} INFO - Processing file /opt/airflow/dags/sodai_pipeline_dag.py for tasks to queue
[2025-11-19T21:22:07.689+0000] {logging_mixin.py:188} INFO - [2025-11-19T21:22:07.687+0000] {dagbag.py:540} INFO - Filling up the DagBag from /opt/airflow/dags/sodai_pipeline_dag.py
[2025-11-19T21:22:07.742+0000] {processor.py:840} INFO - DAG(s) 'sodai_training_and_scoring' retrieved from /opt/airflow/dags/sodai_pipeline_dag.py
[2025-11-19T21:22:07.805+0000] {logging_mixin.py:188} INFO - [2025-11-19T21:22:07.804+0000] {dag.py:3096} INFO - Sync 1 DAGs
[2025-11-19T21:22:07.904+0000] {logging_mixin.py:188} INFO - [2025-11-19T21:22:07.900+0000] {dag.py:3954} INFO - Setting next_dagrun for sodai_training_and_scoring to None, run_after=None
[2025-11-19T21:22:07.961+0000] {processor.py:183} INFO - Processing /opt/airflow/dags/sodai_pipeline_dag.py took 0.317 seconds
[2025-11-19T21:22:40.507+0000] {processor.py:161} INFO - Started process (PID=1698) to work on /opt/airflow/dags/sodai_pipeline_dag.py
[2025-11-19T21:22:40.508+0000] {processor.py:830} INFO - Processing file /opt/airflow/dags/sodai_pipeline_dag.py for tasks to queue
[2025-11-19T21:22:40.531+0000] {logging_mixin.py:188} INFO - [2025-11-19T21:22:40.530+0000] {dagbag.py:540} INFO - Filling up the DagBag from /opt/airflow/dags/sodai_pipeline_dag.py
[2025-11-19T21:22:40.627+0000] {processor.py:840} INFO - DAG(s) 'sodai_training_and_scoring' retrieved from /opt/airflow/dags/sodai_pipeline_dag.py
[2025-11-19T21:22:40.723+0000] {logging_mixin.py:188} INFO - [2025-11-19T21:22:40.723+0000] {dag.py:3096} INFO - Sync 1 DAGs
[2025-11-19T21:22:40.770+0000] {logging_mixin.py:188} INFO - [2025-11-19T21:22:40.768+0000] {dag.py:3954} INFO - Setting next_dagrun for sodai_training_and_scoring to None, run_after=None
[2025-11-19T21:22:40.867+0000] {processor.py:183} INFO - Processing /opt/airflow/dags/sodai_pipeline_dag.py took 0.408 seconds
[2025-11-19T21:23:11.523+0000] {processor.py:161} INFO - Started process (PID=1716) to work on /opt/airflow/dags/sodai_pipeline_dag.py
[2025-11-19T21:23:11.526+0000] {processor.py:830} INFO - Processing file /opt/airflow/dags/sodai_pipeline_dag.py for tasks to queue
[2025-11-19T21:23:11.529+0000] {logging_mixin.py:188} INFO - [2025-11-19T21:23:11.529+0000] {dagbag.py:540} INFO - Filling up the DagBag from /opt/airflow/dags/sodai_pipeline_dag.py
[2025-11-19T21:23:13.569+0000] {processor.py:840} INFO - DAG(s) 'sodai_training_and_scoring' retrieved from /opt/airflow/dags/sodai_pipeline_dag.py
[2025-11-19T21:23:13.629+0000] {logging_mixin.py:188} INFO - [2025-11-19T21:23:13.628+0000] {dag.py:3096} INFO - Sync 1 DAGs
[2025-11-19T21:23:13.651+0000] {logging_mixin.py:188} INFO - [2025-11-19T21:23:13.651+0000] {dag.py:3954} INFO - Setting next_dagrun for sodai_training_and_scoring to None, run_after=None
[2025-11-19T21:23:13.692+0000] {processor.py:183} INFO - Processing /opt/airflow/dags/sodai_pipeline_dag.py took 0.236 seconds
[2025-11-19T21:23:47.284+0000] {processor.py:161} INFO - Started process (PID=1742) to work on /opt/airflow/dags/sodai_pipeline_dag.py
[2025-11-19T21:23:47.299+0000] {processor.py:830} INFO - Processing file /opt/airflow/dags/sodai_pipeline_dag.py for tasks to queue
[2025-11-19T21:23:47.315+0000] {logging_mixin.py:188} INFO - [2025-11-19T21:23:47.315+0000] {dagbag.py:540} INFO - Filling up the DagBag from /opt/airflow/dags/sodai_pipeline_dag.py
[2025-11-19T21:23:47.443+0000] {processor.py:840} INFO - DAG(s) 'sodai_training_and_scoring' retrieved from /opt/airflow/dags/sodai_pipeline_dag.py
[2025-11-19T21:23:47.528+0000] {logging_mixin.py:188} INFO - [2025-11-19T21:23:47.528+0000] {dag.py:3096} INFO - Sync 1 DAGs
[2025-11-19T21:23:47.593+0000] {logging_mixin.py:188} INFO - [2025-11-19T21:23:47.593+0000] {dag.py:3954} INFO - Setting next_dagrun for sodai_training_and_scoring to None, run_after=None
[2025-11-19T21:23:47.684+0000] {processor.py:183} INFO - Processing /opt/airflow/dags/sodai_pipeline_dag.py took 0.439 seconds
[2025-11-19T21:24:20.233+0000] {processor.py:161} INFO - Started process (PID=1768) to work on /opt/airflow/dags/sodai_pipeline_dag.py
[2025-11-19T21:24:20.242+0000] {processor.py:830} INFO - Processing file /opt/airflow/dags/sodai_pipeline_dag.py for tasks to queue
[2025-11-19T21:24:20.263+0000] {logging_mixin.py:188} INFO - [2025-11-19T21:24:20.262+0000] {dagbag.py:540} INFO - Filling up the DagBag from /opt/airflow/dags/sodai_pipeline_dag.py
[2025-11-19T21:24:20.357+0000] {processor.py:840} INFO - DAG(s) 'sodai_training_and_scoring' retrieved from /opt/airflow/dags/sodai_pipeline_dag.py
[2025-11-19T21:24:20.449+0000] {logging_mixin.py:188} INFO - [2025-11-19T21:24:20.448+0000] {dag.py:3096} INFO - Sync 1 DAGs
[2025-11-19T21:24:20.472+0000] {logging_mixin.py:188} INFO - [2025-11-19T21:24:20.472+0000] {dag.py:3954} INFO - Setting next_dagrun for sodai_training_and_scoring to None, run_after=None
[2025-11-19T21:24:20.594+0000] {processor.py:183} INFO - Processing /opt/airflow/dags/sodai_pipeline_dag.py took 0.398 seconds
[2025-11-19T21:24:52.910+0000] {processor.py:161} INFO - Started process (PID=1778) to work on /opt/airflow/dags/sodai_pipeline_dag.py
[2025-11-19T21:24:52.912+0000] {processor.py:830} INFO - Processing file /opt/airflow/dags/sodai_pipeline_dag.py for tasks to queue
[2025-11-19T21:24:52.922+0000] {logging_mixin.py:188} INFO - [2025-11-19T21:24:52.922+0000] {dagbag.py:540} INFO - Filling up the DagBag from /opt/airflow/dags/sodai_pipeline_dag.py
[2025-11-19T21:24:52.979+0000] {processor.py:840} INFO - DAG(s) 'sodai_training_and_scoring' retrieved from /opt/airflow/dags/sodai_pipeline_dag.py
[2025-11-19T21:24:53.050+0000] {logging_mixin.py:188} INFO - [2025-11-19T21:24:53.050+0000] {dag.py:3096} INFO - Sync 1 DAGs
[2025-11-19T21:24:53.080+0000] {logging_mixin.py:188} INFO - [2025-11-19T21:24:53.080+0000] {dag.py:3954} INFO - Setting next_dagrun for sodai_training_and_scoring to None, run_after=None
[2025-11-19T21:24:53.136+0000] {processor.py:183} INFO - Processing /opt/airflow/dags/sodai_pipeline_dag.py took 0.237 seconds
[2025-11-19T21:25:25.840+0000] {processor.py:161} INFO - Started process (PID=1788) to work on /opt/airflow/dags/sodai_pipeline_dag.py
[2025-11-19T21:25:25.844+0000] {processor.py:830} INFO - Processing file /opt/airflow/dags/sodai_pipeline_dag.py for tasks to queue
[2025-11-19T21:25:25.848+0000] {logging_mixin.py:188} INFO - [2025-11-19T21:25:25.847+0000] {dagbag.py:540} INFO - Filling up the DagBag from /opt/airflow/dags/sodai_pipeline_dag.py
[2025-11-19T21:25:25.931+0000] {processor.py:840} INFO - DAG(s) 'sodai_training_and_scoring' retrieved from /opt/airflow/dags/sodai_pipeline_dag.py
[2025-11-19T21:25:26.021+0000] {logging_mixin.py:188} INFO - [2025-11-19T21:25:26.021+0000] {dag.py:3096} INFO - Sync 1 DAGs
[2025-11-19T21:25:26.051+0000] {logging_mixin.py:188} INFO - [2025-11-19T21:25:26.051+0000] {dag.py:3954} INFO - Setting next_dagrun for sodai_training_and_scoring to None, run_after=None
[2025-11-19T21:25:26.119+0000] {processor.py:183} INFO - Processing /opt/airflow/dags/sodai_pipeline_dag.py took 0.298 seconds
[2025-11-19T21:25:58.850+0000] {processor.py:161} INFO - Started process (PID=1798) to work on /opt/airflow/dags/sodai_pipeline_dag.py
[2025-11-19T21:25:58.864+0000] {processor.py:830} INFO - Processing file /opt/airflow/dags/sodai_pipeline_dag.py for tasks to queue
[2025-11-19T21:25:58.872+0000] {logging_mixin.py:188} INFO - [2025-11-19T21:25:58.871+0000] {dagbag.py:540} INFO - Filling up the DagBag from /opt/airflow/dags/sodai_pipeline_dag.py
[2025-11-19T21:25:58.957+0000] {processor.py:840} INFO - DAG(s) 'sodai_training_and_scoring' retrieved from /opt/airflow/dags/sodai_pipeline_dag.py
[2025-11-19T21:25:59.001+0000] {logging_mixin.py:188} INFO - [2025-11-19T21:25:59.001+0000] {dag.py:3096} INFO - Sync 1 DAGs
[2025-11-19T21:25:59.035+0000] {logging_mixin.py:188} INFO - [2025-11-19T21:25:59.032+0000] {dag.py:3954} INFO - Setting next_dagrun for sodai_training_and_scoring to None, run_after=None
[2025-11-19T21:25:59.124+0000] {processor.py:183} INFO - Processing /opt/airflow/dags/sodai_pipeline_dag.py took 0.315 seconds
[2025-11-19T21:26:32.627+0000] {processor.py:161} INFO - Started process (PID=1812) to work on /opt/airflow/dags/sodai_pipeline_dag.py
[2025-11-19T21:26:32.640+0000] {processor.py:830} INFO - Processing file /opt/airflow/dags/sodai_pipeline_dag.py for tasks to queue
[2025-11-19T21:26:32.646+0000] {logging_mixin.py:188} INFO - [2025-11-19T21:26:32.645+0000] {dagbag.py:540} INFO - Filling up the DagBag from /opt/airflow/dags/sodai_pipeline_dag.py
[2025-11-19T21:26:32.716+0000] {processor.py:840} INFO - DAG(s) 'sodai_training_and_scoring' retrieved from /opt/airflow/dags/sodai_pipeline_dag.py
[2025-11-19T21:26:32.767+0000] {logging_mixin.py:188} INFO - [2025-11-19T21:26:32.767+0000] {dag.py:3096} INFO - Sync 1 DAGs
[2025-11-19T21:26:32.802+0000] {logging_mixin.py:188} INFO - [2025-11-19T21:26:32.802+0000] {dag.py:3954} INFO - Setting next_dagrun for sodai_training_and_scoring to None, run_after=None
[2025-11-19T21:26:32.890+0000] {processor.py:183} INFO - Processing /opt/airflow/dags/sodai_pipeline_dag.py took 0.308 seconds
[2025-11-19T21:27:05.600+0000] {processor.py:161} INFO - Started process (PID=1822) to work on /opt/airflow/dags/sodai_pipeline_dag.py
[2025-11-19T21:27:05.604+0000] {processor.py:830} INFO - Processing file /opt/airflow/dags/sodai_pipeline_dag.py for tasks to queue
[2025-11-19T21:27:05.610+0000] {logging_mixin.py:188} INFO - [2025-11-19T21:27:05.610+0000] {dagbag.py:540} INFO - Filling up the DagBag from /opt/airflow/dags/sodai_pipeline_dag.py
[2025-11-19T21:27:05.653+0000] {processor.py:840} INFO - DAG(s) 'sodai_training_and_scoring' retrieved from /opt/airflow/dags/sodai_pipeline_dag.py
[2025-11-19T21:27:05.708+0000] {logging_mixin.py:188} INFO - [2025-11-19T21:27:05.708+0000] {dag.py:3096} INFO - Sync 1 DAGs
[2025-11-19T21:27:05.741+0000] {logging_mixin.py:188} INFO - [2025-11-19T21:27:05.741+0000] {dag.py:3954} INFO - Setting next_dagrun for sodai_training_and_scoring to None, run_after=None
[2025-11-19T21:27:05.782+0000] {processor.py:183} INFO - Processing /opt/airflow/dags/sodai_pipeline_dag.py took 0.195 seconds
[2025-11-19T21:27:38.189+0000] {processor.py:161} INFO - Started process (PID=1832) to work on /opt/airflow/dags/sodai_pipeline_dag.py
[2025-11-19T21:27:38.190+0000] {processor.py:830} INFO - Processing file /opt/airflow/dags/sodai_pipeline_dag.py for tasks to queue
[2025-11-19T21:27:38.198+0000] {logging_mixin.py:188} INFO - [2025-11-19T21:27:38.197+0000] {dagbag.py:540} INFO - Filling up the DagBag from /opt/airflow/dags/sodai_pipeline_dag.py
[2025-11-19T21:27:38.220+0000] {processor.py:840} INFO - DAG(s) 'sodai_training_and_scoring' retrieved from /opt/airflow/dags/sodai_pipeline_dag.py
[2025-11-19T21:27:38.263+0000] {logging_mixin.py:188} INFO - [2025-11-19T21:27:38.263+0000] {dag.py:3096} INFO - Sync 1 DAGs
[2025-11-19T21:27:38.283+0000] {logging_mixin.py:188} INFO - [2025-11-19T21:27:38.283+0000] {dag.py:3954} INFO - Setting next_dagrun for sodai_training_and_scoring to None, run_after=None
[2025-11-19T21:27:38.334+0000] {processor.py:183} INFO - Processing /opt/airflow/dags/sodai_pipeline_dag.py took 0.167 seconds
[2025-11-19T21:28:11.823+0000] {processor.py:161} INFO - Started process (PID=1847) to work on /opt/airflow/dags/sodai_pipeline_dag.py
[2025-11-19T21:28:11.831+0000] {processor.py:830} INFO - Processing file /opt/airflow/dags/sodai_pipeline_dag.py for tasks to queue
[2025-11-19T21:28:11.841+0000] {logging_mixin.py:188} INFO - [2025-11-19T21:28:11.841+0000] {dagbag.py:540} INFO - Filling up the DagBag from /opt/airflow/dags/sodai_pipeline_dag.py
[2025-11-19T21:28:11.948+0000] {processor.py:840} INFO - DAG(s) 'sodai_training_and_scoring' retrieved from /opt/airflow/dags/sodai_pipeline_dag.py
[2025-11-19T21:28:11.994+0000] {logging_mixin.py:188} INFO - [2025-11-19T21:28:11.993+0000] {dag.py:3096} INFO - Sync 1 DAGs
[2025-11-19T21:28:12.012+0000] {logging_mixin.py:188} INFO - [2025-11-19T21:28:12.011+0000] {dag.py:3954} INFO - Setting next_dagrun for sodai_training_and_scoring to None, run_after=None
[2025-11-19T21:28:12.034+0000] {processor.py:183} INFO - Processing /opt/airflow/dags/sodai_pipeline_dag.py took 0.228 seconds
[2025-11-19T21:28:44.324+0000] {processor.py:161} INFO - Started process (PID=1857) to work on /opt/airflow/dags/sodai_pipeline_dag.py
[2025-11-19T21:28:44.332+0000] {processor.py:830} INFO - Processing file /opt/airflow/dags/sodai_pipeline_dag.py for tasks to queue
[2025-11-19T21:28:44.335+0000] {logging_mixin.py:188} INFO - [2025-11-19T21:28:44.334+0000] {dagbag.py:540} INFO - Filling up the DagBag from /opt/airflow/dags/sodai_pipeline_dag.py
[2025-11-19T21:28:44.366+0000] {processor.py:840} INFO - DAG(s) 'sodai_training_and_scoring' retrieved from /opt/airflow/dags/sodai_pipeline_dag.py
[2025-11-19T21:28:44.417+0000] {logging_mixin.py:188} INFO - [2025-11-19T21:28:44.417+0000] {dag.py:3096} INFO - Sync 1 DAGs
[2025-11-19T21:28:44.433+0000] {logging_mixin.py:188} INFO - [2025-11-19T21:28:44.432+0000] {dag.py:3954} INFO - Setting next_dagrun for sodai_training_and_scoring to None, run_after=None
[2025-11-19T21:28:44.459+0000] {processor.py:183} INFO - Processing /opt/airflow/dags/sodai_pipeline_dag.py took 0.147 seconds
[2025-11-19T21:29:17.952+0000] {processor.py:161} INFO - Started process (PID=1867) to work on /opt/airflow/dags/sodai_pipeline_dag.py
[2025-11-19T21:29:17.955+0000] {processor.py:830} INFO - Processing file /opt/airflow/dags/sodai_pipeline_dag.py for tasks to queue
[2025-11-19T21:29:17.960+0000] {logging_mixin.py:188} INFO - [2025-11-19T21:29:17.959+0000] {dagbag.py:540} INFO - Filling up the DagBag from /opt/airflow/dags/sodai_pipeline_dag.py
[2025-11-19T21:29:18.004+0000] {processor.py:840} INFO - DAG(s) 'sodai_training_and_scoring' retrieved from /opt/airflow/dags/sodai_pipeline_dag.py
[2025-11-19T21:29:18.059+0000] {logging_mixin.py:188} INFO - [2025-11-19T21:29:18.059+0000] {dag.py:3096} INFO - Sync 1 DAGs
[2025-11-19T21:29:18.083+0000] {logging_mixin.py:188} INFO - [2025-11-19T21:29:18.083+0000] {dag.py:3954} INFO - Setting next_dagrun for sodai_training_and_scoring to None, run_after=None
[2025-11-19T21:29:18.146+0000] {processor.py:183} INFO - Processing /opt/airflow/dags/sodai_pipeline_dag.py took 0.227 seconds
[2025-11-19T21:29:50.565+0000] {processor.py:161} INFO - Started process (PID=1877) to work on /opt/airflow/dags/sodai_pipeline_dag.py
[2025-11-19T21:29:50.577+0000] {processor.py:830} INFO - Processing file /opt/airflow/dags/sodai_pipeline_dag.py for tasks to queue
[2025-11-19T21:29:50.583+0000] {logging_mixin.py:188} INFO - [2025-11-19T21:29:50.582+0000] {dagbag.py:540} INFO - Filling up the DagBag from /opt/airflow/dags/sodai_pipeline_dag.py
[2025-11-19T21:29:50.630+0000] {processor.py:840} INFO - DAG(s) 'sodai_training_and_scoring' retrieved from /opt/airflow/dags/sodai_pipeline_dag.py
[2025-11-19T21:29:50.705+0000] {logging_mixin.py:188} INFO - [2025-11-19T21:29:50.705+0000] {dag.py:3096} INFO - Sync 1 DAGs
[2025-11-19T21:29:50.741+0000] {logging_mixin.py:188} INFO - [2025-11-19T21:29:50.741+0000] {dag.py:3954} INFO - Setting next_dagrun for sodai_training_and_scoring to None, run_after=None
[2025-11-19T21:29:50.804+0000] {processor.py:183} INFO - Processing /opt/airflow/dags/sodai_pipeline_dag.py took 0.257 seconds
[2025-11-19T21:30:21.380+0000] {processor.py:161} INFO - Started process (PID=1887) to work on /opt/airflow/dags/sodai_pipeline_dag.py
[2025-11-19T21:30:21.387+0000] {processor.py:830} INFO - Processing file /opt/airflow/dags/sodai_pipeline_dag.py for tasks to queue
[2025-11-19T21:30:21.392+0000] {logging_mixin.py:188} INFO - [2025-11-19T21:30:21.391+0000] {dagbag.py:540} INFO - Filling up the DagBag from /opt/airflow/dags/sodai_pipeline_dag.py
[2025-11-19T21:30:23.396+0000] {processor.py:840} INFO - DAG(s) 'sodai_training_and_scoring' retrieved from /opt/airflow/dags/sodai_pipeline_dag.py
[2025-11-19T21:30:23.440+0000] {logging_mixin.py:188} INFO - [2025-11-19T21:30:23.440+0000] {dag.py:3096} INFO - Sync 1 DAGs
[2025-11-19T21:30:23.453+0000] {logging_mixin.py:188} INFO - [2025-11-19T21:30:23.453+0000] {dag.py:3954} INFO - Setting next_dagrun for sodai_training_and_scoring to None, run_after=None
[2025-11-19T21:30:23.498+0000] {processor.py:183} INFO - Processing /opt/airflow/dags/sodai_pipeline_dag.py took 0.221 seconds
[2025-11-19T21:30:34.728+0000] {processor.py:161} INFO - Started process (PID=1897) to work on /opt/airflow/dags/sodai_pipeline_dag.py
[2025-11-19T21:30:34.733+0000] {processor.py:830} INFO - Processing file /opt/airflow/dags/sodai_pipeline_dag.py for tasks to queue
[2025-11-19T21:30:34.748+0000] {logging_mixin.py:188} INFO - [2025-11-19T21:30:34.747+0000] {dagbag.py:540} INFO - Filling up the DagBag from /opt/airflow/dags/sodai_pipeline_dag.py
[2025-11-19T21:30:34.838+0000] {processor.py:840} INFO - DAG(s) 'sodai_training_and_scoring' retrieved from /opt/airflow/dags/sodai_pipeline_dag.py
[2025-11-19T21:30:34.987+0000] {logging_mixin.py:188} INFO - [2025-11-19T21:30:34.987+0000] {dag.py:3096} INFO - Sync 1 DAGs
[2025-11-19T21:30:35.031+0000] {logging_mixin.py:188} INFO - [2025-11-19T21:30:35.029+0000] {dag.py:3954} INFO - Setting next_dagrun for sodai_training_and_scoring to None, run_after=None
[2025-11-19T21:30:35.108+0000] {processor.py:183} INFO - Processing /opt/airflow/dags/sodai_pipeline_dag.py took 0.404 seconds
[2025-11-19T21:31:16.730+0000] {processor.py:161} INFO - Started process (PID=188) to work on /opt/airflow/dags/sodai_pipeline_dag.py
[2025-11-19T21:31:16.731+0000] {processor.py:830} INFO - Processing file /opt/airflow/dags/sodai_pipeline_dag.py for tasks to queue
[2025-11-19T21:31:16.734+0000] {logging_mixin.py:188} INFO - [2025-11-19T21:31:16.733+0000] {dagbag.py:540} INFO - Filling up the DagBag from /opt/airflow/dags/sodai_pipeline_dag.py
[2025-11-19T21:31:16.764+0000] {processor.py:840} INFO - DAG(s) 'sodai_training_and_scoring' retrieved from /opt/airflow/dags/sodai_pipeline_dag.py
[2025-11-19T21:31:16.813+0000] {logging_mixin.py:188} INFO - [2025-11-19T21:31:16.813+0000] {dag.py:3096} INFO - Sync 1 DAGs
[2025-11-19T21:31:16.829+0000] {logging_mixin.py:188} INFO - [2025-11-19T21:31:16.829+0000] {dag.py:3954} INFO - Setting next_dagrun for sodai_training_and_scoring to None, run_after=None
[2025-11-19T21:31:16.853+0000] {processor.py:183} INFO - Processing /opt/airflow/dags/sodai_pipeline_dag.py took 0.129 seconds
[2025-11-19T21:31:47.238+0000] {processor.py:161} INFO - Started process (PID=281) to work on /opt/airflow/dags/sodai_pipeline_dag.py
[2025-11-19T21:31:47.240+0000] {processor.py:830} INFO - Processing file /opt/airflow/dags/sodai_pipeline_dag.py for tasks to queue
[2025-11-19T21:31:47.245+0000] {logging_mixin.py:188} INFO - [2025-11-19T21:31:47.245+0000] {dagbag.py:540} INFO - Filling up the DagBag from /opt/airflow/dags/sodai_pipeline_dag.py
[2025-11-19T21:31:47.287+0000] {processor.py:840} INFO - DAG(s) 'sodai_training_and_scoring' retrieved from /opt/airflow/dags/sodai_pipeline_dag.py
[2025-11-19T21:31:47.336+0000] {logging_mixin.py:188} INFO - [2025-11-19T21:31:47.335+0000] {dag.py:3096} INFO - Sync 1 DAGs
[2025-11-19T21:31:47.356+0000] {logging_mixin.py:188} INFO - [2025-11-19T21:31:47.356+0000] {dag.py:3954} INFO - Setting next_dagrun for sodai_training_and_scoring to None, run_after=None
[2025-11-19T21:31:47.410+0000] {processor.py:183} INFO - Processing /opt/airflow/dags/sodai_pipeline_dag.py took 0.183 seconds
[2025-11-19T21:32:17.624+0000] {processor.py:161} INFO - Started process (PID=469) to work on /opt/airflow/dags/sodai_pipeline_dag.py
[2025-11-19T21:32:17.626+0000] {processor.py:830} INFO - Processing file /opt/airflow/dags/sodai_pipeline_dag.py for tasks to queue
[2025-11-19T21:32:17.632+0000] {logging_mixin.py:188} INFO - [2025-11-19T21:32:17.631+0000] {dagbag.py:540} INFO - Filling up the DagBag from /opt/airflow/dags/sodai_pipeline_dag.py
[2025-11-19T21:32:17.678+0000] {processor.py:840} INFO - DAG(s) 'sodai_training_and_scoring' retrieved from /opt/airflow/dags/sodai_pipeline_dag.py
[2025-11-19T21:32:17.738+0000] {logging_mixin.py:188} INFO - [2025-11-19T21:32:17.738+0000] {dag.py:3096} INFO - Sync 1 DAGs
[2025-11-19T21:32:17.766+0000] {logging_mixin.py:188} INFO - [2025-11-19T21:32:17.765+0000] {dag.py:3954} INFO - Setting next_dagrun for sodai_training_and_scoring to None, run_after=None
[2025-11-19T21:32:17.798+0000] {processor.py:183} INFO - Processing /opt/airflow/dags/sodai_pipeline_dag.py took 0.190 seconds
[2025-11-19T21:32:48.247+0000] {processor.py:161} INFO - Started process (PID=479) to work on /opt/airflow/dags/sodai_pipeline_dag.py
[2025-11-19T21:32:48.249+0000] {processor.py:830} INFO - Processing file /opt/airflow/dags/sodai_pipeline_dag.py for tasks to queue
[2025-11-19T21:32:48.263+0000] {logging_mixin.py:188} INFO - [2025-11-19T21:32:48.261+0000] {dagbag.py:540} INFO - Filling up the DagBag from /opt/airflow/dags/sodai_pipeline_dag.py
[2025-11-19T21:32:48.323+0000] {processor.py:840} INFO - DAG(s) 'sodai_training_and_scoring' retrieved from /opt/airflow/dags/sodai_pipeline_dag.py
[2025-11-19T21:32:48.419+0000] {logging_mixin.py:188} INFO - [2025-11-19T21:32:48.419+0000] {dag.py:3096} INFO - Sync 1 DAGs
[2025-11-19T21:32:48.479+0000] {logging_mixin.py:188} INFO - [2025-11-19T21:32:48.478+0000] {dag.py:3954} INFO - Setting next_dagrun for sodai_training_and_scoring to None, run_after=None
[2025-11-19T21:32:48.562+0000] {processor.py:183} INFO - Processing /opt/airflow/dags/sodai_pipeline_dag.py took 0.328 seconds
[2025-11-19T21:33:19.026+0000] {processor.py:161} INFO - Started process (PID=489) to work on /opt/airflow/dags/sodai_pipeline_dag.py
[2025-11-19T21:33:19.028+0000] {processor.py:830} INFO - Processing file /opt/airflow/dags/sodai_pipeline_dag.py for tasks to queue
[2025-11-19T21:33:19.033+0000] {logging_mixin.py:188} INFO - [2025-11-19T21:33:19.032+0000] {dagbag.py:540} INFO - Filling up the DagBag from /opt/airflow/dags/sodai_pipeline_dag.py
[2025-11-19T21:33:19.085+0000] {processor.py:840} INFO - DAG(s) 'sodai_training_and_scoring' retrieved from /opt/airflow/dags/sodai_pipeline_dag.py
[2025-11-19T21:33:19.153+0000] {logging_mixin.py:188} INFO - [2025-11-19T21:33:19.152+0000] {dag.py:3096} INFO - Sync 1 DAGs
[2025-11-19T21:33:19.177+0000] {logging_mixin.py:188} INFO - [2025-11-19T21:33:19.177+0000] {dag.py:3954} INFO - Setting next_dagrun for sodai_training_and_scoring to None, run_after=None
[2025-11-19T21:33:19.224+0000] {processor.py:183} INFO - Processing /opt/airflow/dags/sodai_pipeline_dag.py took 0.215 seconds
[2025-11-19T21:33:49.735+0000] {processor.py:161} INFO - Started process (PID=499) to work on /opt/airflow/dags/sodai_pipeline_dag.py
[2025-11-19T21:33:49.737+0000] {processor.py:830} INFO - Processing file /opt/airflow/dags/sodai_pipeline_dag.py for tasks to queue
[2025-11-19T21:33:49.741+0000] {logging_mixin.py:188} INFO - [2025-11-19T21:33:49.740+0000] {dagbag.py:540} INFO - Filling up the DagBag from /opt/airflow/dags/sodai_pipeline_dag.py
[2025-11-19T21:33:49.804+0000] {processor.py:840} INFO - DAG(s) 'sodai_training_and_scoring' retrieved from /opt/airflow/dags/sodai_pipeline_dag.py
[2025-11-19T21:33:49.873+0000] {logging_mixin.py:188} INFO - [2025-11-19T21:33:49.873+0000] {dag.py:3096} INFO - Sync 1 DAGs
[2025-11-19T21:33:49.900+0000] {logging_mixin.py:188} INFO - [2025-11-19T21:33:49.899+0000] {dag.py:3954} INFO - Setting next_dagrun for sodai_training_and_scoring to None, run_after=None
[2025-11-19T21:33:49.950+0000] {processor.py:183} INFO - Processing /opt/airflow/dags/sodai_pipeline_dag.py took 0.231 seconds
[2025-11-19T21:34:20.280+0000] {processor.py:161} INFO - Started process (PID=509) to work on /opt/airflow/dags/sodai_pipeline_dag.py
[2025-11-19T21:34:20.283+0000] {processor.py:830} INFO - Processing file /opt/airflow/dags/sodai_pipeline_dag.py for tasks to queue
[2025-11-19T21:34:20.287+0000] {logging_mixin.py:188} INFO - [2025-11-19T21:34:20.286+0000] {dagbag.py:540} INFO - Filling up the DagBag from /opt/airflow/dags/sodai_pipeline_dag.py
[2025-11-19T21:34:20.346+0000] {processor.py:840} INFO - DAG(s) 'sodai_training_and_scoring' retrieved from /opt/airflow/dags/sodai_pipeline_dag.py
[2025-11-19T21:34:20.401+0000] {logging_mixin.py:188} INFO - [2025-11-19T21:34:20.401+0000] {dag.py:3096} INFO - Sync 1 DAGs
[2025-11-19T21:34:20.429+0000] {logging_mixin.py:188} INFO - [2025-11-19T21:34:20.429+0000] {dag.py:3954} INFO - Setting next_dagrun for sodai_training_and_scoring to None, run_after=None
[2025-11-19T21:34:20.468+0000] {processor.py:183} INFO - Processing /opt/airflow/dags/sodai_pipeline_dag.py took 0.207 seconds
[2025-11-19T21:34:50.965+0000] {processor.py:161} INFO - Started process (PID=519) to work on /opt/airflow/dags/sodai_pipeline_dag.py
[2025-11-19T21:34:50.967+0000] {processor.py:830} INFO - Processing file /opt/airflow/dags/sodai_pipeline_dag.py for tasks to queue
[2025-11-19T21:34:50.971+0000] {logging_mixin.py:188} INFO - [2025-11-19T21:34:50.971+0000] {dagbag.py:540} INFO - Filling up the DagBag from /opt/airflow/dags/sodai_pipeline_dag.py
[2025-11-19T21:34:51.011+0000] {processor.py:840} INFO - DAG(s) 'sodai_training_and_scoring' retrieved from /opt/airflow/dags/sodai_pipeline_dag.py
[2025-11-19T21:34:51.080+0000] {logging_mixin.py:188} INFO - [2025-11-19T21:34:51.079+0000] {dag.py:3096} INFO - Sync 1 DAGs
[2025-11-19T21:34:51.119+0000] {logging_mixin.py:188} INFO - [2025-11-19T21:34:51.118+0000] {dag.py:3954} INFO - Setting next_dagrun for sodai_training_and_scoring to None, run_after=None
[2025-11-19T21:34:51.183+0000] {processor.py:183} INFO - Processing /opt/airflow/dags/sodai_pipeline_dag.py took 0.231 seconds
[2025-11-19T21:35:21.623+0000] {processor.py:161} INFO - Started process (PID=529) to work on /opt/airflow/dags/sodai_pipeline_dag.py
[2025-11-19T21:35:21.625+0000] {processor.py:830} INFO - Processing file /opt/airflow/dags/sodai_pipeline_dag.py for tasks to queue
[2025-11-19T21:35:21.633+0000] {logging_mixin.py:188} INFO - [2025-11-19T21:35:21.632+0000] {dagbag.py:540} INFO - Filling up the DagBag from /opt/airflow/dags/sodai_pipeline_dag.py
[2025-11-19T21:35:21.684+0000] {processor.py:840} INFO - DAG(s) 'sodai_training_and_scoring' retrieved from /opt/airflow/dags/sodai_pipeline_dag.py
[2025-11-19T21:35:21.822+0000] {logging_mixin.py:188} INFO - [2025-11-19T21:35:21.821+0000] {dag.py:3096} INFO - Sync 1 DAGs
[2025-11-19T21:35:21.854+0000] {logging_mixin.py:188} INFO - [2025-11-19T21:35:21.854+0000] {dag.py:3954} INFO - Setting next_dagrun for sodai_training_and_scoring to None, run_after=None
[2025-11-19T21:35:21.917+0000] {processor.py:183} INFO - Processing /opt/airflow/dags/sodai_pipeline_dag.py took 0.319 seconds
[2025-11-19T21:35:52.453+0000] {processor.py:161} INFO - Started process (PID=539) to work on /opt/airflow/dags/sodai_pipeline_dag.py
[2025-11-19T21:35:52.457+0000] {processor.py:830} INFO - Processing file /opt/airflow/dags/sodai_pipeline_dag.py for tasks to queue
[2025-11-19T21:35:52.462+0000] {logging_mixin.py:188} INFO - [2025-11-19T21:35:52.462+0000] {dagbag.py:540} INFO - Filling up the DagBag from /opt/airflow/dags/sodai_pipeline_dag.py
[2025-11-19T21:35:52.519+0000] {processor.py:840} INFO - DAG(s) 'sodai_training_and_scoring' retrieved from /opt/airflow/dags/sodai_pipeline_dag.py
[2025-11-19T21:35:54.522+0000] {logging_mixin.py:188} INFO - [2025-11-19T21:35:54.521+0000] {dag.py:3096} INFO - Sync 1 DAGs
[2025-11-19T21:35:54.546+0000] {logging_mixin.py:188} INFO - [2025-11-19T21:35:54.545+0000] {dag.py:3954} INFO - Setting next_dagrun for sodai_training_and_scoring to None, run_after=None
[2025-11-19T21:35:54.586+0000] {processor.py:183} INFO - Processing /opt/airflow/dags/sodai_pipeline_dag.py took 0.213 seconds
[2025-11-19T21:36:25.504+0000] {processor.py:161} INFO - Started process (PID=549) to work on /opt/airflow/dags/sodai_pipeline_dag.py
[2025-11-19T21:36:25.506+0000] {processor.py:830} INFO - Processing file /opt/airflow/dags/sodai_pipeline_dag.py for tasks to queue
[2025-11-19T21:36:25.510+0000] {logging_mixin.py:188} INFO - [2025-11-19T21:36:25.509+0000] {dagbag.py:540} INFO - Filling up the DagBag from /opt/airflow/dags/sodai_pipeline_dag.py
[2025-11-19T21:36:27.512+0000] {processor.py:840} INFO - DAG(s) 'sodai_training_and_scoring' retrieved from /opt/airflow/dags/sodai_pipeline_dag.py
[2025-11-19T21:36:27.566+0000] {logging_mixin.py:188} INFO - [2025-11-19T21:36:27.566+0000] {dag.py:3096} INFO - Sync 1 DAGs
[2025-11-19T21:36:27.591+0000] {logging_mixin.py:188} INFO - [2025-11-19T21:36:27.590+0000] {dag.py:3954} INFO - Setting next_dagrun for sodai_training_and_scoring to None, run_after=None
[2025-11-19T21:36:27.648+0000] {processor.py:183} INFO - Processing /opt/airflow/dags/sodai_pipeline_dag.py took 0.203 seconds
[2025-11-19T21:37:01.226+0000] {processor.py:161} INFO - Started process (PID=559) to work on /opt/airflow/dags/sodai_pipeline_dag.py
[2025-11-19T21:37:01.229+0000] {processor.py:830} INFO - Processing file /opt/airflow/dags/sodai_pipeline_dag.py for tasks to queue
[2025-11-19T21:37:01.235+0000] {logging_mixin.py:188} INFO - [2025-11-19T21:37:01.234+0000] {dagbag.py:540} INFO - Filling up the DagBag from /opt/airflow/dags/sodai_pipeline_dag.py
[2025-11-19T21:37:01.281+0000] {processor.py:840} INFO - DAG(s) 'sodai_training_and_scoring' retrieved from /opt/airflow/dags/sodai_pipeline_dag.py
[2025-11-19T21:37:01.333+0000] {logging_mixin.py:188} INFO - [2025-11-19T21:37:01.332+0000] {dag.py:3096} INFO - Sync 1 DAGs
[2025-11-19T21:37:01.359+0000] {logging_mixin.py:188} INFO - [2025-11-19T21:37:01.358+0000] {dag.py:3954} INFO - Setting next_dagrun for sodai_training_and_scoring to None, run_after=None
[2025-11-19T21:37:01.424+0000] {processor.py:183} INFO - Processing /opt/airflow/dags/sodai_pipeline_dag.py took 0.214 seconds
[2025-11-19T21:37:33.856+0000] {processor.py:161} INFO - Started process (PID=569) to work on /opt/airflow/dags/sodai_pipeline_dag.py
[2025-11-19T21:37:33.859+0000] {processor.py:830} INFO - Processing file /opt/airflow/dags/sodai_pipeline_dag.py for tasks to queue
[2025-11-19T21:37:33.864+0000] {logging_mixin.py:188} INFO - [2025-11-19T21:37:33.862+0000] {dagbag.py:540} INFO - Filling up the DagBag from /opt/airflow/dags/sodai_pipeline_dag.py
[2025-11-19T21:37:33.918+0000] {processor.py:840} INFO - DAG(s) 'sodai_training_and_scoring' retrieved from /opt/airflow/dags/sodai_pipeline_dag.py
[2025-11-19T21:37:33.994+0000] {logging_mixin.py:188} INFO - [2025-11-19T21:37:33.994+0000] {dag.py:3096} INFO - Sync 1 DAGs
[2025-11-19T21:37:34.027+0000] {logging_mixin.py:188} INFO - [2025-11-19T21:37:34.026+0000] {dag.py:3954} INFO - Setting next_dagrun for sodai_training_and_scoring to None, run_after=None
[2025-11-19T21:37:34.076+0000] {processor.py:183} INFO - Processing /opt/airflow/dags/sodai_pipeline_dag.py took 0.233 seconds
[2025-11-19T21:38:07.427+0000] {processor.py:161} INFO - Started process (PID=579) to work on /opt/airflow/dags/sodai_pipeline_dag.py
[2025-11-19T21:38:07.430+0000] {processor.py:830} INFO - Processing file /opt/airflow/dags/sodai_pipeline_dag.py for tasks to queue
[2025-11-19T21:38:07.432+0000] {logging_mixin.py:188} INFO - [2025-11-19T21:38:07.432+0000] {dagbag.py:540} INFO - Filling up the DagBag from /opt/airflow/dags/sodai_pipeline_dag.py
[2025-11-19T21:38:07.475+0000] {processor.py:840} INFO - DAG(s) 'sodai_training_and_scoring' retrieved from /opt/airflow/dags/sodai_pipeline_dag.py
[2025-11-19T21:38:07.526+0000] {logging_mixin.py:188} INFO - [2025-11-19T21:38:07.525+0000] {dag.py:3096} INFO - Sync 1 DAGs
[2025-11-19T21:38:07.554+0000] {logging_mixin.py:188} INFO - [2025-11-19T21:38:07.553+0000] {dag.py:3954} INFO - Setting next_dagrun for sodai_training_and_scoring to None, run_after=None
[2025-11-19T21:38:07.612+0000] {processor.py:183} INFO - Processing /opt/airflow/dags/sodai_pipeline_dag.py took 0.197 seconds
[2025-11-19T21:38:40.082+0000] {processor.py:161} INFO - Started process (PID=589) to work on /opt/airflow/dags/sodai_pipeline_dag.py
[2025-11-19T21:38:40.083+0000] {processor.py:830} INFO - Processing file /opt/airflow/dags/sodai_pipeline_dag.py for tasks to queue
[2025-11-19T21:38:40.088+0000] {logging_mixin.py:188} INFO - [2025-11-19T21:38:40.088+0000] {dagbag.py:540} INFO - Filling up the DagBag from /opt/airflow/dags/sodai_pipeline_dag.py
[2025-11-19T21:38:40.165+0000] {processor.py:840} INFO - DAG(s) 'sodai_training_and_scoring' retrieved from /opt/airflow/dags/sodai_pipeline_dag.py
[2025-11-19T21:38:40.246+0000] {logging_mixin.py:188} INFO - [2025-11-19T21:38:40.245+0000] {dag.py:3096} INFO - Sync 1 DAGs
[2025-11-19T21:38:40.289+0000] {logging_mixin.py:188} INFO - [2025-11-19T21:38:40.288+0000] {dag.py:3954} INFO - Setting next_dagrun for sodai_training_and_scoring to None, run_after=None
[2025-11-19T21:38:40.340+0000] {processor.py:183} INFO - Processing /opt/airflow/dags/sodai_pipeline_dag.py took 0.274 seconds
[2025-11-19T21:39:13.769+0000] {processor.py:161} INFO - Started process (PID=599) to work on /opt/airflow/dags/sodai_pipeline_dag.py
[2025-11-19T21:39:13.772+0000] {processor.py:830} INFO - Processing file /opt/airflow/dags/sodai_pipeline_dag.py for tasks to queue
[2025-11-19T21:39:13.776+0000] {logging_mixin.py:188} INFO - [2025-11-19T21:39:13.775+0000] {dagbag.py:540} INFO - Filling up the DagBag from /opt/airflow/dags/sodai_pipeline_dag.py
[2025-11-19T21:39:13.816+0000] {processor.py:840} INFO - DAG(s) 'sodai_training_and_scoring' retrieved from /opt/airflow/dags/sodai_pipeline_dag.py
[2025-11-19T21:39:13.866+0000] {logging_mixin.py:188} INFO - [2025-11-19T21:39:13.865+0000] {dag.py:3096} INFO - Sync 1 DAGs
[2025-11-19T21:39:13.892+0000] {logging_mixin.py:188} INFO - [2025-11-19T21:39:13.891+0000] {dag.py:3954} INFO - Setting next_dagrun for sodai_training_and_scoring to None, run_after=None
[2025-11-19T21:39:13.950+0000] {processor.py:183} INFO - Processing /opt/airflow/dags/sodai_pipeline_dag.py took 0.189 seconds
[2025-11-19T21:39:46.329+0000] {processor.py:161} INFO - Started process (PID=609) to work on /opt/airflow/dags/sodai_pipeline_dag.py
[2025-11-19T21:39:46.331+0000] {processor.py:830} INFO - Processing file /opt/airflow/dags/sodai_pipeline_dag.py for tasks to queue
[2025-11-19T21:39:46.345+0000] {logging_mixin.py:188} INFO - [2025-11-19T21:39:46.344+0000] {dagbag.py:540} INFO - Filling up the DagBag from /opt/airflow/dags/sodai_pipeline_dag.py
[2025-11-19T21:39:46.396+0000] {processor.py:840} INFO - DAG(s) 'sodai_training_and_scoring' retrieved from /opt/airflow/dags/sodai_pipeline_dag.py
[2025-11-19T21:39:46.455+0000] {logging_mixin.py:188} INFO - [2025-11-19T21:39:46.454+0000] {dag.py:3096} INFO - Sync 1 DAGs
[2025-11-19T21:39:46.484+0000] {logging_mixin.py:188} INFO - [2025-11-19T21:39:46.483+0000] {dag.py:3954} INFO - Setting next_dagrun for sodai_training_and_scoring to None, run_after=None
[2025-11-19T21:39:46.548+0000] {processor.py:183} INFO - Processing /opt/airflow/dags/sodai_pipeline_dag.py took 0.236 seconds
[2025-11-19T21:40:19.898+0000] {processor.py:161} INFO - Started process (PID=619) to work on /opt/airflow/dags/sodai_pipeline_dag.py
[2025-11-19T21:40:19.900+0000] {processor.py:830} INFO - Processing file /opt/airflow/dags/sodai_pipeline_dag.py for tasks to queue
[2025-11-19T21:40:19.903+0000] {logging_mixin.py:188} INFO - [2025-11-19T21:40:19.902+0000] {dagbag.py:540} INFO - Filling up the DagBag from /opt/airflow/dags/sodai_pipeline_dag.py
[2025-11-19T21:40:19.945+0000] {processor.py:840} INFO - DAG(s) 'sodai_training_and_scoring' retrieved from /opt/airflow/dags/sodai_pipeline_dag.py
[2025-11-19T21:40:19.995+0000] {logging_mixin.py:188} INFO - [2025-11-19T21:40:19.994+0000] {dag.py:3096} INFO - Sync 1 DAGs
[2025-11-19T21:40:20.022+0000] {logging_mixin.py:188} INFO - [2025-11-19T21:40:20.021+0000] {dag.py:3954} INFO - Setting next_dagrun for sodai_training_and_scoring to None, run_after=None
[2025-11-19T21:40:20.083+0000] {processor.py:183} INFO - Processing /opt/airflow/dags/sodai_pipeline_dag.py took 0.198 seconds
[2025-11-19T21:40:52.524+0000] {processor.py:161} INFO - Started process (PID=629) to work on /opt/airflow/dags/sodai_pipeline_dag.py
[2025-11-19T21:40:52.526+0000] {processor.py:830} INFO - Processing file /opt/airflow/dags/sodai_pipeline_dag.py for tasks to queue
[2025-11-19T21:40:52.530+0000] {logging_mixin.py:188} INFO - [2025-11-19T21:40:52.529+0000] {dagbag.py:540} INFO - Filling up the DagBag from /opt/airflow/dags/sodai_pipeline_dag.py
[2025-11-19T21:40:52.581+0000] {processor.py:840} INFO - DAG(s) 'sodai_training_and_scoring' retrieved from /opt/airflow/dags/sodai_pipeline_dag.py
[2025-11-19T21:40:52.640+0000] {logging_mixin.py:188} INFO - [2025-11-19T21:40:52.640+0000] {dag.py:3096} INFO - Sync 1 DAGs
[2025-11-19T21:40:52.666+0000] {logging_mixin.py:188} INFO - [2025-11-19T21:40:52.665+0000] {dag.py:3954} INFO - Setting next_dagrun for sodai_training_and_scoring to None, run_after=None
[2025-11-19T21:40:52.727+0000] {processor.py:183} INFO - Processing /opt/airflow/dags/sodai_pipeline_dag.py took 0.219 seconds
[2025-11-19T21:41:25.557+0000] {processor.py:161} INFO - Started process (PID=639) to work on /opt/airflow/dags/sodai_pipeline_dag.py
[2025-11-19T21:41:25.560+0000] {processor.py:830} INFO - Processing file /opt/airflow/dags/sodai_pipeline_dag.py for tasks to queue
[2025-11-19T21:41:25.563+0000] {logging_mixin.py:188} INFO - [2025-11-19T21:41:25.563+0000] {dagbag.py:540} INFO - Filling up the DagBag from /opt/airflow/dags/sodai_pipeline_dag.py
[2025-11-19T21:41:25.608+0000] {processor.py:840} INFO - DAG(s) 'sodai_training_and_scoring' retrieved from /opt/airflow/dags/sodai_pipeline_dag.py
[2025-11-19T21:41:25.659+0000] {logging_mixin.py:188} INFO - [2025-11-19T21:41:25.659+0000] {dag.py:3096} INFO - Sync 1 DAGs
[2025-11-19T21:41:25.691+0000] {logging_mixin.py:188} INFO - [2025-11-19T21:41:25.691+0000] {dag.py:3954} INFO - Setting next_dagrun for sodai_training_and_scoring to None, run_after=None
[2025-11-19T21:41:25.752+0000] {processor.py:183} INFO - Processing /opt/airflow/dags/sodai_pipeline_dag.py took 0.209 seconds
[2025-11-19T21:41:59.080+0000] {processor.py:161} INFO - Started process (PID=649) to work on /opt/airflow/dags/sodai_pipeline_dag.py
[2025-11-19T21:41:59.082+0000] {processor.py:830} INFO - Processing file /opt/airflow/dags/sodai_pipeline_dag.py for tasks to queue
[2025-11-19T21:41:59.086+0000] {logging_mixin.py:188} INFO - [2025-11-19T21:41:59.085+0000] {dagbag.py:540} INFO - Filling up the DagBag from /opt/airflow/dags/sodai_pipeline_dag.py
[2025-11-19T21:41:59.129+0000] {processor.py:840} INFO - DAG(s) 'sodai_training_and_scoring' retrieved from /opt/airflow/dags/sodai_pipeline_dag.py
[2025-11-19T21:41:59.186+0000] {logging_mixin.py:188} INFO - [2025-11-19T21:41:59.186+0000] {dag.py:3096} INFO - Sync 1 DAGs
[2025-11-19T21:41:59.215+0000] {logging_mixin.py:188} INFO - [2025-11-19T21:41:59.214+0000] {dag.py:3954} INFO - Setting next_dagrun for sodai_training_and_scoring to None, run_after=None
[2025-11-19T21:41:59.279+0000] {processor.py:183} INFO - Processing /opt/airflow/dags/sodai_pipeline_dag.py took 0.212 seconds
[2025-11-19T21:42:31.769+0000] {processor.py:161} INFO - Started process (PID=659) to work on /opt/airflow/dags/sodai_pipeline_dag.py
[2025-11-19T21:42:31.779+0000] {processor.py:830} INFO - Processing file /opt/airflow/dags/sodai_pipeline_dag.py for tasks to queue
[2025-11-19T21:42:31.789+0000] {logging_mixin.py:188} INFO - [2025-11-19T21:42:31.788+0000] {dagbag.py:540} INFO - Filling up the DagBag from /opt/airflow/dags/sodai_pipeline_dag.py
[2025-11-19T21:42:31.856+0000] {processor.py:840} INFO - DAG(s) 'sodai_training_and_scoring' retrieved from /opt/airflow/dags/sodai_pipeline_dag.py
[2025-11-19T21:42:31.932+0000] {logging_mixin.py:188} INFO - [2025-11-19T21:42:31.931+0000] {dag.py:3096} INFO - Sync 1 DAGs
[2025-11-19T21:42:31.975+0000] {logging_mixin.py:188} INFO - [2025-11-19T21:42:31.971+0000] {dag.py:3954} INFO - Setting next_dagrun for sodai_training_and_scoring to None, run_after=None
[2025-11-19T21:42:32.043+0000] {processor.py:183} INFO - Processing /opt/airflow/dags/sodai_pipeline_dag.py took 0.296 seconds
[2025-11-19T21:43:05.474+0000] {processor.py:161} INFO - Started process (PID=669) to work on /opt/airflow/dags/sodai_pipeline_dag.py
[2025-11-19T21:43:05.475+0000] {processor.py:830} INFO - Processing file /opt/airflow/dags/sodai_pipeline_dag.py for tasks to queue
[2025-11-19T21:43:05.479+0000] {logging_mixin.py:188} INFO - [2025-11-19T21:43:05.478+0000] {dagbag.py:540} INFO - Filling up the DagBag from /opt/airflow/dags/sodai_pipeline_dag.py
[2025-11-19T21:43:05.525+0000] {processor.py:840} INFO - DAG(s) 'sodai_training_and_scoring' retrieved from /opt/airflow/dags/sodai_pipeline_dag.py
[2025-11-19T21:43:05.580+0000] {logging_mixin.py:188} INFO - [2025-11-19T21:43:05.580+0000] {dag.py:3096} INFO - Sync 1 DAGs
[2025-11-19T21:43:05.607+0000] {logging_mixin.py:188} INFO - [2025-11-19T21:43:05.607+0000] {dag.py:3954} INFO - Setting next_dagrun for sodai_training_and_scoring to None, run_after=None
[2025-11-19T21:43:05.688+0000] {processor.py:183} INFO - Processing /opt/airflow/dags/sodai_pipeline_dag.py took 0.232 seconds
[2025-11-19T21:43:38.230+0000] {processor.py:161} INFO - Started process (PID=679) to work on /opt/airflow/dags/sodai_pipeline_dag.py
[2025-11-19T21:43:38.236+0000] {processor.py:830} INFO - Processing file /opt/airflow/dags/sodai_pipeline_dag.py for tasks to queue
[2025-11-19T21:43:38.242+0000] {logging_mixin.py:188} INFO - [2025-11-19T21:43:38.241+0000] {dagbag.py:540} INFO - Filling up the DagBag from /opt/airflow/dags/sodai_pipeline_dag.py
[2025-11-19T21:43:38.303+0000] {processor.py:840} INFO - DAG(s) 'sodai_training_and_scoring' retrieved from /opt/airflow/dags/sodai_pipeline_dag.py
[2025-11-19T21:43:38.379+0000] {logging_mixin.py:188} INFO - [2025-11-19T21:43:38.378+0000] {dag.py:3096} INFO - Sync 1 DAGs
[2025-11-19T21:43:38.411+0000] {logging_mixin.py:188} INFO - [2025-11-19T21:43:38.410+0000] {dag.py:3954} INFO - Setting next_dagrun for sodai_training_and_scoring to None, run_after=None
[2025-11-19T21:43:38.465+0000] {processor.py:183} INFO - Processing /opt/airflow/dags/sodai_pipeline_dag.py took 0.252 seconds
[2025-11-19T21:44:09.088+0000] {processor.py:161} INFO - Started process (PID=689) to work on /opt/airflow/dags/sodai_pipeline_dag.py
[2025-11-19T21:44:09.096+0000] {processor.py:830} INFO - Processing file /opt/airflow/dags/sodai_pipeline_dag.py for tasks to queue
[2025-11-19T21:44:09.105+0000] {logging_mixin.py:188} INFO - [2025-11-19T21:44:09.105+0000] {dagbag.py:540} INFO - Filling up the DagBag from /opt/airflow/dags/sodai_pipeline_dag.py
[2025-11-19T21:44:11.119+0000] {processor.py:840} INFO - DAG(s) 'sodai_training_and_scoring' retrieved from /opt/airflow/dags/sodai_pipeline_dag.py
[2025-11-19T21:44:11.172+0000] {logging_mixin.py:188} INFO - [2025-11-19T21:44:11.172+0000] {dag.py:3096} INFO - Sync 1 DAGs
[2025-11-19T21:44:11.211+0000] {logging_mixin.py:188} INFO - [2025-11-19T21:44:11.211+0000] {dag.py:3954} INFO - Setting next_dagrun for sodai_training_and_scoring to None, run_after=None
[2025-11-19T21:44:11.259+0000] {processor.py:183} INFO - Processing /opt/airflow/dags/sodai_pipeline_dag.py took 0.201 seconds
[2025-11-19T21:44:44.750+0000] {processor.py:161} INFO - Started process (PID=699) to work on /opt/airflow/dags/sodai_pipeline_dag.py
[2025-11-19T21:44:44.752+0000] {processor.py:830} INFO - Processing file /opt/airflow/dags/sodai_pipeline_dag.py for tasks to queue
[2025-11-19T21:44:44.758+0000] {logging_mixin.py:188} INFO - [2025-11-19T21:44:44.758+0000] {dagbag.py:540} INFO - Filling up the DagBag from /opt/airflow/dags/sodai_pipeline_dag.py
[2025-11-19T21:44:44.796+0000] {processor.py:840} INFO - DAG(s) 'sodai_training_and_scoring' retrieved from /opt/airflow/dags/sodai_pipeline_dag.py
[2025-11-19T21:44:44.849+0000] {logging_mixin.py:188} INFO - [2025-11-19T21:44:44.849+0000] {dag.py:3096} INFO - Sync 1 DAGs
[2025-11-19T21:44:44.871+0000] {logging_mixin.py:188} INFO - [2025-11-19T21:44:44.871+0000] {dag.py:3954} INFO - Setting next_dagrun for sodai_training_and_scoring to None, run_after=None
[2025-11-19T21:44:44.969+0000] {processor.py:183} INFO - Processing /opt/airflow/dags/sodai_pipeline_dag.py took 0.237 seconds
[2025-11-19T21:45:17.568+0000] {processor.py:161} INFO - Started process (PID=709) to work on /opt/airflow/dags/sodai_pipeline_dag.py
[2025-11-19T21:45:17.575+0000] {processor.py:830} INFO - Processing file /opt/airflow/dags/sodai_pipeline_dag.py for tasks to queue
[2025-11-19T21:45:17.580+0000] {logging_mixin.py:188} INFO - [2025-11-19T21:45:17.578+0000] {dagbag.py:540} INFO - Filling up the DagBag from /opt/airflow/dags/sodai_pipeline_dag.py
[2025-11-19T21:45:17.618+0000] {processor.py:840} INFO - DAG(s) 'sodai_training_and_scoring' retrieved from /opt/airflow/dags/sodai_pipeline_dag.py
[2025-11-19T21:45:17.675+0000] {logging_mixin.py:188} INFO - [2025-11-19T21:45:17.674+0000] {dag.py:3096} INFO - Sync 1 DAGs
[2025-11-19T21:45:17.701+0000] {logging_mixin.py:188} INFO - [2025-11-19T21:45:17.700+0000] {dag.py:3954} INFO - Setting next_dagrun for sodai_training_and_scoring to None, run_after=None
[2025-11-19T21:45:17.767+0000] {processor.py:183} INFO - Processing /opt/airflow/dags/sodai_pipeline_dag.py took 0.209 seconds
[2025-11-19T21:45:51.359+0000] {processor.py:161} INFO - Started process (PID=719) to work on /opt/airflow/dags/sodai_pipeline_dag.py
[2025-11-19T21:45:51.365+0000] {processor.py:830} INFO - Processing file /opt/airflow/dags/sodai_pipeline_dag.py for tasks to queue
[2025-11-19T21:45:51.376+0000] {logging_mixin.py:188} INFO - [2025-11-19T21:45:51.375+0000] {dagbag.py:540} INFO - Filling up the DagBag from /opt/airflow/dags/sodai_pipeline_dag.py
[2025-11-19T21:45:51.446+0000] {processor.py:840} INFO - DAG(s) 'sodai_training_and_scoring' retrieved from /opt/airflow/dags/sodai_pipeline_dag.py
[2025-11-19T21:45:51.521+0000] {logging_mixin.py:188} INFO - [2025-11-19T21:45:51.521+0000] {dag.py:3096} INFO - Sync 1 DAGs
[2025-11-19T21:45:51.547+0000] {logging_mixin.py:188} INFO - [2025-11-19T21:45:51.547+0000] {dag.py:3954} INFO - Setting next_dagrun for sodai_training_and_scoring to None, run_after=None
[2025-11-19T21:45:51.600+0000] {processor.py:183} INFO - Processing /opt/airflow/dags/sodai_pipeline_dag.py took 0.258 seconds
[2025-11-19T21:46:24.618+0000] {processor.py:161} INFO - Started process (PID=729) to work on /opt/airflow/dags/sodai_pipeline_dag.py
[2025-11-19T21:46:24.625+0000] {processor.py:830} INFO - Processing file /opt/airflow/dags/sodai_pipeline_dag.py for tasks to queue
[2025-11-19T21:46:24.630+0000] {logging_mixin.py:188} INFO - [2025-11-19T21:46:24.630+0000] {dagbag.py:540} INFO - Filling up the DagBag from /opt/airflow/dags/sodai_pipeline_dag.py
[2025-11-19T21:46:24.659+0000] {processor.py:840} INFO - DAG(s) 'sodai_training_and_scoring' retrieved from /opt/airflow/dags/sodai_pipeline_dag.py
[2025-11-19T21:46:24.733+0000] {logging_mixin.py:188} INFO - [2025-11-19T21:46:24.725+0000] {dag.py:3096} INFO - Sync 1 DAGs
[2025-11-19T21:46:24.773+0000] {logging_mixin.py:188} INFO - [2025-11-19T21:46:24.773+0000] {dag.py:3954} INFO - Setting next_dagrun for sodai_training_and_scoring to None, run_after=None
[2025-11-19T21:46:24.842+0000] {processor.py:183} INFO - Processing /opt/airflow/dags/sodai_pipeline_dag.py took 0.242 seconds
[2025-11-19T21:46:57.374+0000] {processor.py:161} INFO - Started process (PID=739) to work on /opt/airflow/dags/sodai_pipeline_dag.py
[2025-11-19T21:46:57.384+0000] {processor.py:830} INFO - Processing file /opt/airflow/dags/sodai_pipeline_dag.py for tasks to queue
[2025-11-19T21:46:57.390+0000] {logging_mixin.py:188} INFO - [2025-11-19T21:46:57.390+0000] {dagbag.py:540} INFO - Filling up the DagBag from /opt/airflow/dags/sodai_pipeline_dag.py
[2025-11-19T21:46:57.453+0000] {processor.py:840} INFO - DAG(s) 'sodai_training_and_scoring' retrieved from /opt/airflow/dags/sodai_pipeline_dag.py
[2025-11-19T21:46:57.499+0000] {logging_mixin.py:188} INFO - [2025-11-19T21:46:57.499+0000] {dag.py:3096} INFO - Sync 1 DAGs
[2025-11-19T21:46:57.525+0000] {logging_mixin.py:188} INFO - [2025-11-19T21:46:57.525+0000] {dag.py:3954} INFO - Setting next_dagrun for sodai_training_and_scoring to None, run_after=None
[2025-11-19T21:46:57.590+0000] {processor.py:183} INFO - Processing /opt/airflow/dags/sodai_pipeline_dag.py took 0.240 seconds
[2025-11-19T21:47:30.090+0000] {processor.py:161} INFO - Started process (PID=749) to work on /opt/airflow/dags/sodai_pipeline_dag.py
[2025-11-19T21:47:30.096+0000] {processor.py:830} INFO - Processing file /opt/airflow/dags/sodai_pipeline_dag.py for tasks to queue
[2025-11-19T21:47:30.099+0000] {logging_mixin.py:188} INFO - [2025-11-19T21:47:30.099+0000] {dagbag.py:540} INFO - Filling up the DagBag from /opt/airflow/dags/sodai_pipeline_dag.py
[2025-11-19T21:47:30.162+0000] {processor.py:840} INFO - DAG(s) 'sodai_training_and_scoring' retrieved from /opt/airflow/dags/sodai_pipeline_dag.py
[2025-11-19T21:47:30.214+0000] {logging_mixin.py:188} INFO - [2025-11-19T21:47:30.214+0000] {dag.py:3096} INFO - Sync 1 DAGs
[2025-11-19T21:47:30.235+0000] {logging_mixin.py:188} INFO - [2025-11-19T21:47:30.235+0000] {dag.py:3954} INFO - Setting next_dagrun for sodai_training_and_scoring to None, run_after=None
[2025-11-19T21:47:30.293+0000] {processor.py:183} INFO - Processing /opt/airflow/dags/sodai_pipeline_dag.py took 0.215 seconds
[2025-11-19T21:48:00.991+0000] {processor.py:161} INFO - Started process (PID=759) to work on /opt/airflow/dags/sodai_pipeline_dag.py
[2025-11-19T21:48:00.993+0000] {processor.py:830} INFO - Processing file /opt/airflow/dags/sodai_pipeline_dag.py for tasks to queue
[2025-11-19T21:48:00.997+0000] {logging_mixin.py:188} INFO - [2025-11-19T21:48:00.996+0000] {dagbag.py:540} INFO - Filling up the DagBag from /opt/airflow/dags/sodai_pipeline_dag.py
[2025-11-19T21:48:03.014+0000] {processor.py:840} INFO - DAG(s) 'sodai_training_and_scoring' retrieved from /opt/airflow/dags/sodai_pipeline_dag.py
[2025-11-19T21:48:03.044+0000] {logging_mixin.py:188} INFO - [2025-11-19T21:48:03.044+0000] {dag.py:3096} INFO - Sync 1 DAGs
[2025-11-19T21:48:03.057+0000] {logging_mixin.py:188} INFO - [2025-11-19T21:48:03.057+0000] {dag.py:3954} INFO - Setting next_dagrun for sodai_training_and_scoring to None, run_after=None
[2025-11-19T21:48:03.101+0000] {processor.py:183} INFO - Processing /opt/airflow/dags/sodai_pipeline_dag.py took 0.169 seconds
[2025-11-19T21:48:36.258+0000] {processor.py:161} INFO - Started process (PID=769) to work on /opt/airflow/dags/sodai_pipeline_dag.py
[2025-11-19T21:48:36.274+0000] {processor.py:830} INFO - Processing file /opt/airflow/dags/sodai_pipeline_dag.py for tasks to queue
[2025-11-19T21:48:36.278+0000] {logging_mixin.py:188} INFO - [2025-11-19T21:48:36.278+0000] {dagbag.py:540} INFO - Filling up the DagBag from /opt/airflow/dags/sodai_pipeline_dag.py
[2025-11-19T21:48:36.348+0000] {processor.py:840} INFO - DAG(s) 'sodai_training_and_scoring' retrieved from /opt/airflow/dags/sodai_pipeline_dag.py
[2025-11-19T21:48:36.430+0000] {logging_mixin.py:188} INFO - [2025-11-19T21:48:36.429+0000] {dag.py:3096} INFO - Sync 1 DAGs
[2025-11-19T21:48:36.509+0000] {logging_mixin.py:188} INFO - [2025-11-19T21:48:36.509+0000] {dag.py:3954} INFO - Setting next_dagrun for sodai_training_and_scoring to None, run_after=None
[2025-11-19T21:48:36.595+0000] {processor.py:183} INFO - Processing /opt/airflow/dags/sodai_pipeline_dag.py took 0.349 seconds
[2025-11-19T21:49:10.086+0000] {processor.py:161} INFO - Started process (PID=779) to work on /opt/airflow/dags/sodai_pipeline_dag.py
[2025-11-19T21:49:10.095+0000] {processor.py:830} INFO - Processing file /opt/airflow/dags/sodai_pipeline_dag.py for tasks to queue
[2025-11-19T21:49:10.102+0000] {logging_mixin.py:188} INFO - [2025-11-19T21:49:10.102+0000] {dagbag.py:540} INFO - Filling up the DagBag from /opt/airflow/dags/sodai_pipeline_dag.py
[2025-11-19T21:49:10.154+0000] {processor.py:840} INFO - DAG(s) 'sodai_training_and_scoring' retrieved from /opt/airflow/dags/sodai_pipeline_dag.py
[2025-11-19T21:49:10.196+0000] {logging_mixin.py:188} INFO - [2025-11-19T21:49:10.196+0000] {dag.py:3096} INFO - Sync 1 DAGs
[2025-11-19T21:49:10.222+0000] {logging_mixin.py:188} INFO - [2025-11-19T21:49:10.222+0000] {dag.py:3954} INFO - Setting next_dagrun for sodai_training_and_scoring to None, run_after=None
[2025-11-19T21:49:10.292+0000] {processor.py:183} INFO - Processing /opt/airflow/dags/sodai_pipeline_dag.py took 0.221 seconds
[2025-11-19T21:49:42.873+0000] {processor.py:161} INFO - Started process (PID=789) to work on /opt/airflow/dags/sodai_pipeline_dag.py
[2025-11-19T21:49:42.883+0000] {processor.py:830} INFO - Processing file /opt/airflow/dags/sodai_pipeline_dag.py for tasks to queue
[2025-11-19T21:49:42.891+0000] {logging_mixin.py:188} INFO - [2025-11-19T21:49:42.890+0000] {dagbag.py:540} INFO - Filling up the DagBag from /opt/airflow/dags/sodai_pipeline_dag.py
[2025-11-19T21:49:42.934+0000] {processor.py:840} INFO - DAG(s) 'sodai_training_and_scoring' retrieved from /opt/airflow/dags/sodai_pipeline_dag.py
[2025-11-19T21:49:43.000+0000] {logging_mixin.py:188} INFO - [2025-11-19T21:49:43.000+0000] {dag.py:3096} INFO - Sync 1 DAGs
[2025-11-19T21:49:43.053+0000] {logging_mixin.py:188} INFO - [2025-11-19T21:49:43.048+0000] {dag.py:3954} INFO - Setting next_dagrun for sodai_training_and_scoring to None, run_after=None
[2025-11-19T21:49:43.146+0000] {processor.py:183} INFO - Processing /opt/airflow/dags/sodai_pipeline_dag.py took 0.282 seconds
[2025-11-19T21:50:15.632+0000] {processor.py:161} INFO - Started process (PID=799) to work on /opt/airflow/dags/sodai_pipeline_dag.py
[2025-11-19T21:50:15.639+0000] {processor.py:830} INFO - Processing file /opt/airflow/dags/sodai_pipeline_dag.py for tasks to queue
[2025-11-19T21:50:15.642+0000] {logging_mixin.py:188} INFO - [2025-11-19T21:50:15.641+0000] {dagbag.py:540} INFO - Filling up the DagBag from /opt/airflow/dags/sodai_pipeline_dag.py
[2025-11-19T21:50:15.683+0000] {processor.py:840} INFO - DAG(s) 'sodai_training_and_scoring' retrieved from /opt/airflow/dags/sodai_pipeline_dag.py
[2025-11-19T21:50:15.732+0000] {logging_mixin.py:188} INFO - [2025-11-19T21:50:15.731+0000] {dag.py:3096} INFO - Sync 1 DAGs
[2025-11-19T21:50:15.753+0000] {logging_mixin.py:188} INFO - [2025-11-19T21:50:15.753+0000] {dag.py:3954} INFO - Setting next_dagrun for sodai_training_and_scoring to None, run_after=None
[2025-11-19T21:50:15.800+0000] {processor.py:183} INFO - Processing /opt/airflow/dags/sodai_pipeline_dag.py took 0.182 seconds
[2025-11-19T21:50:49.467+0000] {processor.py:161} INFO - Started process (PID=809) to work on /opt/airflow/dags/sodai_pipeline_dag.py
[2025-11-19T21:50:49.470+0000] {processor.py:830} INFO - Processing file /opt/airflow/dags/sodai_pipeline_dag.py for tasks to queue
[2025-11-19T21:50:49.476+0000] {logging_mixin.py:188} INFO - [2025-11-19T21:50:49.476+0000] {dagbag.py:540} INFO - Filling up the DagBag from /opt/airflow/dags/sodai_pipeline_dag.py
[2025-11-19T21:50:49.516+0000] {processor.py:840} INFO - DAG(s) 'sodai_training_and_scoring' retrieved from /opt/airflow/dags/sodai_pipeline_dag.py
[2025-11-19T21:50:49.571+0000] {logging_mixin.py:188} INFO - [2025-11-19T21:50:49.571+0000] {dag.py:3096} INFO - Sync 1 DAGs
[2025-11-19T21:50:49.615+0000] {logging_mixin.py:188} INFO - [2025-11-19T21:50:49.615+0000] {dag.py:3954} INFO - Setting next_dagrun for sodai_training_and_scoring to None, run_after=None
[2025-11-19T21:50:49.654+0000] {processor.py:183} INFO - Processing /opt/airflow/dags/sodai_pipeline_dag.py took 0.203 seconds
[2025-11-19T21:51:22.385+0000] {processor.py:161} INFO - Started process (PID=819) to work on /opt/airflow/dags/sodai_pipeline_dag.py
[2025-11-19T21:51:22.391+0000] {processor.py:830} INFO - Processing file /opt/airflow/dags/sodai_pipeline_dag.py for tasks to queue
[2025-11-19T21:51:22.402+0000] {logging_mixin.py:188} INFO - [2025-11-19T21:51:22.401+0000] {dagbag.py:540} INFO - Filling up the DagBag from /opt/airflow/dags/sodai_pipeline_dag.py
[2025-11-19T21:51:22.450+0000] {processor.py:840} INFO - DAG(s) 'sodai_training_and_scoring' retrieved from /opt/airflow/dags/sodai_pipeline_dag.py
[2025-11-19T21:51:22.521+0000] {logging_mixin.py:188} INFO - [2025-11-19T21:51:22.520+0000] {dag.py:3096} INFO - Sync 1 DAGs
[2025-11-19T21:51:22.549+0000] {logging_mixin.py:188} INFO - [2025-11-19T21:51:22.549+0000] {dag.py:3954} INFO - Setting next_dagrun for sodai_training_and_scoring to None, run_after=None
[2025-11-19T21:51:22.617+0000] {processor.py:183} INFO - Processing /opt/airflow/dags/sodai_pipeline_dag.py took 0.252 seconds
[2025-11-19T21:51:55.115+0000] {processor.py:161} INFO - Started process (PID=829) to work on /opt/airflow/dags/sodai_pipeline_dag.py
[2025-11-19T21:51:55.126+0000] {processor.py:830} INFO - Processing file /opt/airflow/dags/sodai_pipeline_dag.py for tasks to queue
[2025-11-19T21:51:55.137+0000] {logging_mixin.py:188} INFO - [2025-11-19T21:51:55.136+0000] {dagbag.py:540} INFO - Filling up the DagBag from /opt/airflow/dags/sodai_pipeline_dag.py
[2025-11-19T21:51:55.192+0000] {processor.py:840} INFO - DAG(s) 'sodai_training_and_scoring' retrieved from /opt/airflow/dags/sodai_pipeline_dag.py
[2025-11-19T21:51:55.238+0000] {logging_mixin.py:188} INFO - [2025-11-19T21:51:55.238+0000] {dag.py:3096} INFO - Sync 1 DAGs
[2025-11-19T21:51:55.253+0000] {logging_mixin.py:188} INFO - [2025-11-19T21:51:55.253+0000] {dag.py:3954} INFO - Setting next_dagrun for sodai_training_and_scoring to None, run_after=None
[2025-11-19T21:51:55.297+0000] {processor.py:183} INFO - Processing /opt/airflow/dags/sodai_pipeline_dag.py took 0.189 seconds
[2025-11-19T21:52:28.846+0000] {processor.py:161} INFO - Started process (PID=839) to work on /opt/airflow/dags/sodai_pipeline_dag.py
[2025-11-19T21:52:28.854+0000] {processor.py:830} INFO - Processing file /opt/airflow/dags/sodai_pipeline_dag.py for tasks to queue
[2025-11-19T21:52:28.858+0000] {logging_mixin.py:188} INFO - [2025-11-19T21:52:28.857+0000] {dagbag.py:540} INFO - Filling up the DagBag from /opt/airflow/dags/sodai_pipeline_dag.py
[2025-11-19T21:52:28.899+0000] {processor.py:840} INFO - DAG(s) 'sodai_training_and_scoring' retrieved from /opt/airflow/dags/sodai_pipeline_dag.py
[2025-11-19T21:52:28.954+0000] {logging_mixin.py:188} INFO - [2025-11-19T21:52:28.953+0000] {dag.py:3096} INFO - Sync 1 DAGs
[2025-11-19T21:52:28.972+0000] {logging_mixin.py:188} INFO - [2025-11-19T21:52:28.971+0000] {dag.py:3954} INFO - Setting next_dagrun for sodai_training_and_scoring to None, run_after=None
[2025-11-19T21:52:29.013+0000] {processor.py:183} INFO - Processing /opt/airflow/dags/sodai_pipeline_dag.py took 0.178 seconds
[2025-11-19T21:53:01.954+0000] {processor.py:161} INFO - Started process (PID=849) to work on /opt/airflow/dags/sodai_pipeline_dag.py
[2025-11-19T21:53:01.957+0000] {processor.py:830} INFO - Processing file /opt/airflow/dags/sodai_pipeline_dag.py for tasks to queue
[2025-11-19T21:53:01.965+0000] {logging_mixin.py:188} INFO - [2025-11-19T21:53:01.964+0000] {dagbag.py:540} INFO - Filling up the DagBag from /opt/airflow/dags/sodai_pipeline_dag.py
[2025-11-19T21:53:02.113+0000] {processor.py:840} INFO - DAG(s) 'sodai_training_and_scoring' retrieved from /opt/airflow/dags/sodai_pipeline_dag.py
[2025-11-19T21:53:02.200+0000] {logging_mixin.py:188} INFO - [2025-11-19T21:53:02.200+0000] {dag.py:3096} INFO - Sync 1 DAGs
[2025-11-19T21:53:02.237+0000] {logging_mixin.py:188} INFO - [2025-11-19T21:53:02.237+0000] {dag.py:3954} INFO - Setting next_dagrun for sodai_training_and_scoring to None, run_after=None
[2025-11-19T21:53:02.287+0000] {processor.py:183} INFO - Processing /opt/airflow/dags/sodai_pipeline_dag.py took 0.345 seconds
[2025-11-19T21:53:34.681+0000] {processor.py:161} INFO - Started process (PID=859) to work on /opt/airflow/dags/sodai_pipeline_dag.py
[2025-11-19T21:53:34.684+0000] {processor.py:830} INFO - Processing file /opt/airflow/dags/sodai_pipeline_dag.py for tasks to queue
[2025-11-19T21:53:34.693+0000] {logging_mixin.py:188} INFO - [2025-11-19T21:53:34.691+0000] {dagbag.py:540} INFO - Filling up the DagBag from /opt/airflow/dags/sodai_pipeline_dag.py
[2025-11-19T21:53:34.777+0000] {processor.py:840} INFO - DAG(s) 'sodai_training_and_scoring' retrieved from /opt/airflow/dags/sodai_pipeline_dag.py
[2025-11-19T21:53:34.835+0000] {logging_mixin.py:188} INFO - [2025-11-19T21:53:34.835+0000] {dag.py:3096} INFO - Sync 1 DAGs
[2025-11-19T21:53:34.858+0000] {logging_mixin.py:188} INFO - [2025-11-19T21:53:34.857+0000] {dag.py:3954} INFO - Setting next_dagrun for sodai_training_and_scoring to None, run_after=None
[2025-11-19T21:53:34.886+0000] {processor.py:183} INFO - Processing /opt/airflow/dags/sodai_pipeline_dag.py took 0.222 seconds
[2025-11-19T21:54:07.602+0000] {processor.py:161} INFO - Started process (PID=869) to work on /opt/airflow/dags/sodai_pipeline_dag.py
[2025-11-19T21:54:07.603+0000] {processor.py:830} INFO - Processing file /opt/airflow/dags/sodai_pipeline_dag.py for tasks to queue
[2025-11-19T21:54:07.606+0000] {logging_mixin.py:188} INFO - [2025-11-19T21:54:07.605+0000] {dagbag.py:540} INFO - Filling up the DagBag from /opt/airflow/dags/sodai_pipeline_dag.py
[2025-11-19T21:54:07.658+0000] {processor.py:840} INFO - DAG(s) 'sodai_training_and_scoring' retrieved from /opt/airflow/dags/sodai_pipeline_dag.py
[2025-11-19T21:54:07.695+0000] {logging_mixin.py:188} INFO - [2025-11-19T21:54:07.694+0000] {dag.py:3096} INFO - Sync 1 DAGs
[2025-11-19T21:54:07.731+0000] {logging_mixin.py:188} INFO - [2025-11-19T21:54:07.731+0000] {dag.py:3954} INFO - Setting next_dagrun for sodai_training_and_scoring to None, run_after=None
[2025-11-19T21:54:07.771+0000] {processor.py:183} INFO - Processing /opt/airflow/dags/sodai_pipeline_dag.py took 0.182 seconds
[2025-11-19T21:54:41.466+0000] {processor.py:161} INFO - Started process (PID=879) to work on /opt/airflow/dags/sodai_pipeline_dag.py
[2025-11-19T21:54:41.471+0000] {processor.py:830} INFO - Processing file /opt/airflow/dags/sodai_pipeline_dag.py for tasks to queue
[2025-11-19T21:54:41.474+0000] {logging_mixin.py:188} INFO - [2025-11-19T21:54:41.474+0000] {dagbag.py:540} INFO - Filling up the DagBag from /opt/airflow/dags/sodai_pipeline_dag.py
[2025-11-19T21:54:41.521+0000] {processor.py:840} INFO - DAG(s) 'sodai_training_and_scoring' retrieved from /opt/airflow/dags/sodai_pipeline_dag.py
[2025-11-19T21:54:41.570+0000] {logging_mixin.py:188} INFO - [2025-11-19T21:54:41.569+0000] {dag.py:3096} INFO - Sync 1 DAGs
[2025-11-19T21:54:41.590+0000] {logging_mixin.py:188} INFO - [2025-11-19T21:54:41.590+0000] {dag.py:3954} INFO - Setting next_dagrun for sodai_training_and_scoring to None, run_after=None
[2025-11-19T21:54:41.630+0000] {processor.py:183} INFO - Processing /opt/airflow/dags/sodai_pipeline_dag.py took 0.176 seconds
[2025-11-19T21:55:14.334+0000] {processor.py:161} INFO - Started process (PID=889) to work on /opt/airflow/dags/sodai_pipeline_dag.py
[2025-11-19T21:55:14.350+0000] {processor.py:830} INFO - Processing file /opt/airflow/dags/sodai_pipeline_dag.py for tasks to queue
[2025-11-19T21:55:14.354+0000] {logging_mixin.py:188} INFO - [2025-11-19T21:55:14.352+0000] {dagbag.py:540} INFO - Filling up the DagBag from /opt/airflow/dags/sodai_pipeline_dag.py
[2025-11-19T21:55:14.427+0000] {processor.py:840} INFO - DAG(s) 'sodai_training_and_scoring' retrieved from /opt/airflow/dags/sodai_pipeline_dag.py
[2025-11-19T21:55:14.575+0000] {logging_mixin.py:188} INFO - [2025-11-19T21:55:14.575+0000] {dag.py:3096} INFO - Sync 1 DAGs
[2025-11-19T21:55:14.632+0000] {logging_mixin.py:188} INFO - [2025-11-19T21:55:14.632+0000] {dag.py:3954} INFO - Setting next_dagrun for sodai_training_and_scoring to None, run_after=None
[2025-11-19T21:55:14.719+0000] {processor.py:183} INFO - Processing /opt/airflow/dags/sodai_pipeline_dag.py took 0.418 seconds
[2025-11-19T21:55:47.007+0000] {processor.py:161} INFO - Started process (PID=899) to work on /opt/airflow/dags/sodai_pipeline_dag.py
[2025-11-19T21:55:47.013+0000] {processor.py:830} INFO - Processing file /opt/airflow/dags/sodai_pipeline_dag.py for tasks to queue
[2025-11-19T21:55:47.022+0000] {logging_mixin.py:188} INFO - [2025-11-19T21:55:47.021+0000] {dagbag.py:540} INFO - Filling up the DagBag from /opt/airflow/dags/sodai_pipeline_dag.py
[2025-11-19T21:55:47.069+0000] {processor.py:840} INFO - DAG(s) 'sodai_training_and_scoring' retrieved from /opt/airflow/dags/sodai_pipeline_dag.py
[2025-11-19T21:55:47.129+0000] {logging_mixin.py:188} INFO - [2025-11-19T21:55:47.129+0000] {dag.py:3096} INFO - Sync 1 DAGs
[2025-11-19T21:55:47.158+0000] {logging_mixin.py:188} INFO - [2025-11-19T21:55:47.158+0000] {dag.py:3954} INFO - Setting next_dagrun for sodai_training_and_scoring to None, run_after=None
[2025-11-19T21:55:47.208+0000] {processor.py:183} INFO - Processing /opt/airflow/dags/sodai_pipeline_dag.py took 0.213 seconds
[2025-11-19T21:56:20.139+0000] {processor.py:161} INFO - Started process (PID=909) to work on /opt/airflow/dags/sodai_pipeline_dag.py
[2025-11-19T21:56:20.144+0000] {processor.py:830} INFO - Processing file /opt/airflow/dags/sodai_pipeline_dag.py for tasks to queue
[2025-11-19T21:56:20.152+0000] {logging_mixin.py:188} INFO - [2025-11-19T21:56:20.151+0000] {dagbag.py:540} INFO - Filling up the DagBag from /opt/airflow/dags/sodai_pipeline_dag.py
[2025-11-19T21:56:20.192+0000] {processor.py:840} INFO - DAG(s) 'sodai_training_and_scoring' retrieved from /opt/airflow/dags/sodai_pipeline_dag.py
[2025-11-19T21:56:20.283+0000] {logging_mixin.py:188} INFO - [2025-11-19T21:56:20.282+0000] {dag.py:3096} INFO - Sync 1 DAGs
[2025-11-19T21:56:20.303+0000] {logging_mixin.py:188} INFO - [2025-11-19T21:56:20.303+0000] {dag.py:3954} INFO - Setting next_dagrun for sodai_training_and_scoring to None, run_after=None
[2025-11-19T21:56:20.338+0000] {processor.py:183} INFO - Processing /opt/airflow/dags/sodai_pipeline_dag.py took 0.211 seconds
[2025-11-19T21:56:53.969+0000] {processor.py:161} INFO - Started process (PID=919) to work on /opt/airflow/dags/sodai_pipeline_dag.py
[2025-11-19T21:56:53.984+0000] {processor.py:830} INFO - Processing file /opt/airflow/dags/sodai_pipeline_dag.py for tasks to queue
[2025-11-19T21:56:54.007+0000] {logging_mixin.py:188} INFO - [2025-11-19T21:56:54.006+0000] {dagbag.py:540} INFO - Filling up the DagBag from /opt/airflow/dags/sodai_pipeline_dag.py
[2025-11-19T21:56:54.073+0000] {processor.py:840} INFO - DAG(s) 'sodai_training_and_scoring' retrieved from /opt/airflow/dags/sodai_pipeline_dag.py
[2025-11-19T21:56:54.180+0000] {logging_mixin.py:188} INFO - [2025-11-19T21:56:54.180+0000] {dag.py:3096} INFO - Sync 1 DAGs
[2025-11-19T21:56:54.210+0000] {logging_mixin.py:188} INFO - [2025-11-19T21:56:54.209+0000] {dag.py:3954} INFO - Setting next_dagrun for sodai_training_and_scoring to None, run_after=None
[2025-11-19T21:56:54.246+0000] {processor.py:183} INFO - Processing /opt/airflow/dags/sodai_pipeline_dag.py took 0.299 seconds
[2025-11-19T21:57:13.335+0000] {processor.py:161} INFO - Started process (PID=187) to work on /opt/airflow/dags/sodai_pipeline_dag.py
[2025-11-19T21:57:13.338+0000] {processor.py:830} INFO - Processing file /opt/airflow/dags/sodai_pipeline_dag.py for tasks to queue
[2025-11-19T21:57:13.343+0000] {logging_mixin.py:188} INFO - [2025-11-19T21:57:13.342+0000] {dagbag.py:540} INFO - Filling up the DagBag from /opt/airflow/dags/sodai_pipeline_dag.py
[2025-11-19T21:57:13.376+0000] {processor.py:840} INFO - DAG(s) 'sodai_training_and_scoring' retrieved from /opt/airflow/dags/sodai_pipeline_dag.py
[2025-11-19T21:57:13.428+0000] {logging_mixin.py:188} INFO - [2025-11-19T21:57:13.428+0000] {dag.py:3096} INFO - Sync 1 DAGs
[2025-11-19T21:57:13.448+0000] {logging_mixin.py:188} INFO - [2025-11-19T21:57:13.448+0000] {dag.py:3954} INFO - Setting next_dagrun for sodai_training_and_scoring to None, run_after=None
[2025-11-19T21:57:13.473+0000] {processor.py:183} INFO - Processing /opt/airflow/dags/sodai_pipeline_dag.py took 0.154 seconds
[2025-11-19T21:57:43.775+0000] {processor.py:161} INFO - Started process (PID=197) to work on /opt/airflow/dags/sodai_pipeline_dag.py
[2025-11-19T21:57:43.777+0000] {processor.py:830} INFO - Processing file /opt/airflow/dags/sodai_pipeline_dag.py for tasks to queue
[2025-11-19T21:57:43.780+0000] {logging_mixin.py:188} INFO - [2025-11-19T21:57:43.780+0000] {dagbag.py:540} INFO - Filling up the DagBag from /opt/airflow/dags/sodai_pipeline_dag.py
[2025-11-19T21:57:43.796+0000] {processor.py:840} INFO - DAG(s) 'sodai_training_and_scoring' retrieved from /opt/airflow/dags/sodai_pipeline_dag.py
[2025-11-19T21:57:43.824+0000] {logging_mixin.py:188} INFO - [2025-11-19T21:57:43.823+0000] {dag.py:3096} INFO - Sync 1 DAGs
[2025-11-19T21:57:43.832+0000] {logging_mixin.py:188} INFO - [2025-11-19T21:57:43.832+0000] {dag.py:3954} INFO - Setting next_dagrun for sodai_training_and_scoring to None, run_after=None
[2025-11-19T21:57:43.846+0000] {processor.py:183} INFO - Processing /opt/airflow/dags/sodai_pipeline_dag.py took 0.081 seconds
[2025-11-19T21:58:14.067+0000] {processor.py:161} INFO - Started process (PID=207) to work on /opt/airflow/dags/sodai_pipeline_dag.py
[2025-11-19T21:58:14.067+0000] {processor.py:830} INFO - Processing file /opt/airflow/dags/sodai_pipeline_dag.py for tasks to queue
[2025-11-19T21:58:14.069+0000] {logging_mixin.py:188} INFO - [2025-11-19T21:58:14.069+0000] {dagbag.py:540} INFO - Filling up the DagBag from /opt/airflow/dags/sodai_pipeline_dag.py
[2025-11-19T21:58:14.088+0000] {processor.py:840} INFO - DAG(s) 'sodai_training_and_scoring' retrieved from /opt/airflow/dags/sodai_pipeline_dag.py
[2025-11-19T21:58:14.111+0000] {logging_mixin.py:188} INFO - [2025-11-19T21:58:14.111+0000] {dag.py:3096} INFO - Sync 1 DAGs
[2025-11-19T21:58:14.123+0000] {logging_mixin.py:188} INFO - [2025-11-19T21:58:14.123+0000] {dag.py:3954} INFO - Setting next_dagrun for sodai_training_and_scoring to None, run_after=None
[2025-11-19T21:58:14.139+0000] {processor.py:183} INFO - Processing /opt/airflow/dags/sodai_pipeline_dag.py took 0.077 seconds
[2025-11-19T21:58:44.504+0000] {processor.py:161} INFO - Started process (PID=217) to work on /opt/airflow/dags/sodai_pipeline_dag.py
[2025-11-19T21:58:44.505+0000] {processor.py:830} INFO - Processing file /opt/airflow/dags/sodai_pipeline_dag.py for tasks to queue
[2025-11-19T21:58:44.506+0000] {logging_mixin.py:188} INFO - [2025-11-19T21:58:44.506+0000] {dagbag.py:540} INFO - Filling up the DagBag from /opt/airflow/dags/sodai_pipeline_dag.py
[2025-11-19T21:58:44.520+0000] {processor.py:840} INFO - DAG(s) 'sodai_training_and_scoring' retrieved from /opt/airflow/dags/sodai_pipeline_dag.py
[2025-11-19T21:58:44.541+0000] {logging_mixin.py:188} INFO - [2025-11-19T21:58:44.541+0000] {dag.py:3096} INFO - Sync 1 DAGs
[2025-11-19T21:58:44.550+0000] {logging_mixin.py:188} INFO - [2025-11-19T21:58:44.550+0000] {dag.py:3954} INFO - Setting next_dagrun for sodai_training_and_scoring to None, run_after=None
[2025-11-19T21:58:44.563+0000] {processor.py:183} INFO - Processing /opt/airflow/dags/sodai_pipeline_dag.py took 0.063 seconds
[2025-11-19T21:59:14.884+0000] {processor.py:161} INFO - Started process (PID=227) to work on /opt/airflow/dags/sodai_pipeline_dag.py
[2025-11-19T21:59:14.885+0000] {processor.py:830} INFO - Processing file /opt/airflow/dags/sodai_pipeline_dag.py for tasks to queue
[2025-11-19T21:59:14.887+0000] {logging_mixin.py:188} INFO - [2025-11-19T21:59:14.887+0000] {dagbag.py:540} INFO - Filling up the DagBag from /opt/airflow/dags/sodai_pipeline_dag.py
[2025-11-19T21:59:14.908+0000] {processor.py:840} INFO - DAG(s) 'sodai_training_and_scoring' retrieved from /opt/airflow/dags/sodai_pipeline_dag.py
[2025-11-19T21:59:14.935+0000] {logging_mixin.py:188} INFO - [2025-11-19T21:59:14.935+0000] {dag.py:3096} INFO - Sync 1 DAGs
[2025-11-19T21:59:14.944+0000] {logging_mixin.py:188} INFO - [2025-11-19T21:59:14.944+0000] {dag.py:3954} INFO - Setting next_dagrun for sodai_training_and_scoring to None, run_after=None
[2025-11-19T21:59:14.963+0000] {processor.py:183} INFO - Processing /opt/airflow/dags/sodai_pipeline_dag.py took 0.085 seconds
[2025-11-19T21:59:45.170+0000] {processor.py:161} INFO - Started process (PID=237) to work on /opt/airflow/dags/sodai_pipeline_dag.py
[2025-11-19T21:59:45.171+0000] {processor.py:830} INFO - Processing file /opt/airflow/dags/sodai_pipeline_dag.py for tasks to queue
[2025-11-19T21:59:45.172+0000] {logging_mixin.py:188} INFO - [2025-11-19T21:59:45.172+0000] {dagbag.py:540} INFO - Filling up the DagBag from /opt/airflow/dags/sodai_pipeline_dag.py
[2025-11-19T21:59:45.186+0000] {processor.py:840} INFO - DAG(s) 'sodai_training_and_scoring' retrieved from /opt/airflow/dags/sodai_pipeline_dag.py
[2025-11-19T21:59:45.207+0000] {logging_mixin.py:188} INFO - [2025-11-19T21:59:45.207+0000] {dag.py:3096} INFO - Sync 1 DAGs
[2025-11-19T21:59:45.216+0000] {logging_mixin.py:188} INFO - [2025-11-19T21:59:45.216+0000] {dag.py:3954} INFO - Setting next_dagrun for sodai_training_and_scoring to None, run_after=None
[2025-11-19T21:59:45.233+0000] {processor.py:183} INFO - Processing /opt/airflow/dags/sodai_pipeline_dag.py took 0.067 seconds
[2025-11-19T22:00:15.542+0000] {processor.py:161} INFO - Started process (PID=247) to work on /opt/airflow/dags/sodai_pipeline_dag.py
[2025-11-19T22:00:15.544+0000] {processor.py:830} INFO - Processing file /opt/airflow/dags/sodai_pipeline_dag.py for tasks to queue
[2025-11-19T22:00:15.546+0000] {logging_mixin.py:188} INFO - [2025-11-19T22:00:15.545+0000] {dagbag.py:540} INFO - Filling up the DagBag from /opt/airflow/dags/sodai_pipeline_dag.py
[2025-11-19T22:00:15.568+0000] {processor.py:840} INFO - DAG(s) 'sodai_training_and_scoring' retrieved from /opt/airflow/dags/sodai_pipeline_dag.py
[2025-11-19T22:00:15.600+0000] {logging_mixin.py:188} INFO - [2025-11-19T22:00:15.599+0000] {dag.py:3096} INFO - Sync 1 DAGs
[2025-11-19T22:00:15.615+0000] {logging_mixin.py:188} INFO - [2025-11-19T22:00:15.615+0000] {dag.py:3954} INFO - Setting next_dagrun for sodai_training_and_scoring to None, run_after=None
[2025-11-19T22:00:15.638+0000] {processor.py:183} INFO - Processing /opt/airflow/dags/sodai_pipeline_dag.py took 0.102 seconds
[2025-11-19T22:00:45.987+0000] {processor.py:161} INFO - Started process (PID=257) to work on /opt/airflow/dags/sodai_pipeline_dag.py
[2025-11-19T22:00:45.988+0000] {processor.py:830} INFO - Processing file /opt/airflow/dags/sodai_pipeline_dag.py for tasks to queue
[2025-11-19T22:00:45.991+0000] {logging_mixin.py:188} INFO - [2025-11-19T22:00:45.990+0000] {dagbag.py:540} INFO - Filling up the DagBag from /opt/airflow/dags/sodai_pipeline_dag.py
[2025-11-19T22:00:46.014+0000] {processor.py:840} INFO - DAG(s) 'sodai_training_and_scoring' retrieved from /opt/airflow/dags/sodai_pipeline_dag.py
[2025-11-19T22:00:46.049+0000] {logging_mixin.py:188} INFO - [2025-11-19T22:00:46.048+0000] {dag.py:3096} INFO - Sync 1 DAGs
[2025-11-19T22:00:46.062+0000] {logging_mixin.py:188} INFO - [2025-11-19T22:00:46.061+0000] {dag.py:3954} INFO - Setting next_dagrun for sodai_training_and_scoring to None, run_after=None
[2025-11-19T22:00:46.082+0000] {processor.py:183} INFO - Processing /opt/airflow/dags/sodai_pipeline_dag.py took 0.102 seconds
[2025-11-19T22:01:16.426+0000] {processor.py:161} INFO - Started process (PID=267) to work on /opt/airflow/dags/sodai_pipeline_dag.py
[2025-11-19T22:01:16.427+0000] {processor.py:830} INFO - Processing file /opt/airflow/dags/sodai_pipeline_dag.py for tasks to queue
[2025-11-19T22:01:16.428+0000] {logging_mixin.py:188} INFO - [2025-11-19T22:01:16.428+0000] {dagbag.py:540} INFO - Filling up the DagBag from /opt/airflow/dags/sodai_pipeline_dag.py
[2025-11-19T22:01:16.445+0000] {processor.py:840} INFO - DAG(s) 'sodai_training_and_scoring' retrieved from /opt/airflow/dags/sodai_pipeline_dag.py
[2025-11-19T22:01:16.469+0000] {logging_mixin.py:188} INFO - [2025-11-19T22:01:16.469+0000] {dag.py:3096} INFO - Sync 1 DAGs
[2025-11-19T22:01:16.480+0000] {logging_mixin.py:188} INFO - [2025-11-19T22:01:16.479+0000] {dag.py:3954} INFO - Setting next_dagrun for sodai_training_and_scoring to None, run_after=None
[2025-11-19T22:01:16.495+0000] {processor.py:183} INFO - Processing /opt/airflow/dags/sodai_pipeline_dag.py took 0.075 seconds
[2025-11-19T22:01:51.752+0000] {processor.py:161} INFO - Started process (PID=282) to work on /opt/airflow/dags/sodai_pipeline_dag.py
[2025-11-19T22:01:51.753+0000] {processor.py:830} INFO - Processing file /opt/airflow/dags/sodai_pipeline_dag.py for tasks to queue
[2025-11-19T22:01:51.755+0000] {logging_mixin.py:188} INFO - [2025-11-19T22:01:51.755+0000] {dagbag.py:540} INFO - Filling up the DagBag from /opt/airflow/dags/sodai_pipeline_dag.py
[2025-11-19T22:01:51.771+0000] {processor.py:840} INFO - DAG(s) 'sodai_training_and_scoring' retrieved from /opt/airflow/dags/sodai_pipeline_dag.py
[2025-11-19T22:01:51.798+0000] {logging_mixin.py:188} INFO - [2025-11-19T22:01:51.798+0000] {dag.py:3096} INFO - Sync 1 DAGs
[2025-11-19T22:01:51.810+0000] {logging_mixin.py:188} INFO - [2025-11-19T22:01:51.809+0000] {dag.py:3954} INFO - Setting next_dagrun for sodai_training_and_scoring to None, run_after=None
[2025-11-19T22:01:51.825+0000] {processor.py:183} INFO - Processing /opt/airflow/dags/sodai_pipeline_dag.py took 0.078 seconds
[2025-11-19T22:02:24.654+0000] {processor.py:161} INFO - Started process (PID=359) to work on /opt/airflow/dags/sodai_pipeline_dag.py
[2025-11-19T22:02:24.655+0000] {processor.py:830} INFO - Processing file /opt/airflow/dags/sodai_pipeline_dag.py for tasks to queue
[2025-11-19T22:02:24.657+0000] {logging_mixin.py:188} INFO - [2025-11-19T22:02:24.657+0000] {dagbag.py:540} INFO - Filling up the DagBag from /opt/airflow/dags/sodai_pipeline_dag.py
[2025-11-19T22:02:24.688+0000] {processor.py:840} INFO - DAG(s) 'sodai_training_and_scoring' retrieved from /opt/airflow/dags/sodai_pipeline_dag.py
[2025-11-19T22:02:24.738+0000] {logging_mixin.py:188} INFO - [2025-11-19T22:02:24.738+0000] {dag.py:3096} INFO - Sync 1 DAGs
[2025-11-19T22:02:24.760+0000] {logging_mixin.py:188} INFO - [2025-11-19T22:02:24.760+0000] {dag.py:3954} INFO - Setting next_dagrun for sodai_training_and_scoring to None, run_after=None
[2025-11-19T22:02:24.793+0000] {processor.py:183} INFO - Processing /opt/airflow/dags/sodai_pipeline_dag.py took 0.147 seconds
[2025-11-19T22:02:58.465+0000] {processor.py:161} INFO - Started process (PID=369) to work on /opt/airflow/dags/sodai_pipeline_dag.py
[2025-11-19T22:02:58.478+0000] {processor.py:830} INFO - Processing file /opt/airflow/dags/sodai_pipeline_dag.py for tasks to queue
[2025-11-19T22:02:58.494+0000] {logging_mixin.py:188} INFO - [2025-11-19T22:02:58.491+0000] {dagbag.py:540} INFO - Filling up the DagBag from /opt/airflow/dags/sodai_pipeline_dag.py
[2025-11-19T22:02:58.558+0000] {processor.py:840} INFO - DAG(s) 'sodai_training_and_scoring' retrieved from /opt/airflow/dags/sodai_pipeline_dag.py
[2025-11-19T22:02:58.629+0000] {logging_mixin.py:188} INFO - [2025-11-19T22:02:58.628+0000] {dag.py:3096} INFO - Sync 1 DAGs
[2025-11-19T22:02:58.661+0000] {logging_mixin.py:188} INFO - [2025-11-19T22:02:58.661+0000] {dag.py:3954} INFO - Setting next_dagrun for sodai_training_and_scoring to None, run_after=None
[2025-11-19T22:02:58.719+0000] {processor.py:183} INFO - Processing /opt/airflow/dags/sodai_pipeline_dag.py took 0.289 seconds
[2025-11-19T22:03:31.201+0000] {processor.py:161} INFO - Started process (PID=379) to work on /opt/airflow/dags/sodai_pipeline_dag.py
[2025-11-19T22:03:31.205+0000] {processor.py:830} INFO - Processing file /opt/airflow/dags/sodai_pipeline_dag.py for tasks to queue
[2025-11-19T22:03:31.212+0000] {logging_mixin.py:188} INFO - [2025-11-19T22:03:31.211+0000] {dagbag.py:540} INFO - Filling up the DagBag from /opt/airflow/dags/sodai_pipeline_dag.py
[2025-11-19T22:03:31.273+0000] {processor.py:840} INFO - DAG(s) 'sodai_training_and_scoring' retrieved from /opt/airflow/dags/sodai_pipeline_dag.py
[2025-11-19T22:03:31.368+0000] {logging_mixin.py:188} INFO - [2025-11-19T22:03:31.367+0000] {dag.py:3096} INFO - Sync 1 DAGs
[2025-11-19T22:03:31.409+0000] {logging_mixin.py:188} INFO - [2025-11-19T22:03:31.408+0000] {dag.py:3954} INFO - Setting next_dagrun for sodai_training_and_scoring to None, run_after=None
[2025-11-19T22:03:31.461+0000] {processor.py:183} INFO - Processing /opt/airflow/dags/sodai_pipeline_dag.py took 0.285 seconds
[2025-11-19T22:04:04.642+0000] {processor.py:161} INFO - Started process (PID=389) to work on /opt/airflow/dags/sodai_pipeline_dag.py
[2025-11-19T22:04:04.645+0000] {processor.py:830} INFO - Processing file /opt/airflow/dags/sodai_pipeline_dag.py for tasks to queue
[2025-11-19T22:04:04.649+0000] {logging_mixin.py:188} INFO - [2025-11-19T22:04:04.648+0000] {dagbag.py:540} INFO - Filling up the DagBag from /opt/airflow/dags/sodai_pipeline_dag.py
[2025-11-19T22:04:04.682+0000] {processor.py:840} INFO - DAG(s) 'sodai_training_and_scoring' retrieved from /opt/airflow/dags/sodai_pipeline_dag.py
[2025-11-19T22:04:04.730+0000] {logging_mixin.py:188} INFO - [2025-11-19T22:04:04.729+0000] {dag.py:3096} INFO - Sync 1 DAGs
[2025-11-19T22:04:04.758+0000] {logging_mixin.py:188} INFO - [2025-11-19T22:04:04.758+0000] {dag.py:3954} INFO - Setting next_dagrun for sodai_training_and_scoring to None, run_after=None
[2025-11-19T22:04:04.798+0000] {processor.py:183} INFO - Processing /opt/airflow/dags/sodai_pipeline_dag.py took 0.166 seconds
[2025-11-19T22:04:37.299+0000] {processor.py:161} INFO - Started process (PID=399) to work on /opt/airflow/dags/sodai_pipeline_dag.py
[2025-11-19T22:04:37.301+0000] {processor.py:830} INFO - Processing file /opt/airflow/dags/sodai_pipeline_dag.py for tasks to queue
[2025-11-19T22:04:37.305+0000] {logging_mixin.py:188} INFO - [2025-11-19T22:04:37.305+0000] {dagbag.py:540} INFO - Filling up the DagBag from /opt/airflow/dags/sodai_pipeline_dag.py
[2025-11-19T22:04:37.348+0000] {processor.py:840} INFO - DAG(s) 'sodai_training_and_scoring' retrieved from /opt/airflow/dags/sodai_pipeline_dag.py
[2025-11-19T22:04:37.432+0000] {logging_mixin.py:188} INFO - [2025-11-19T22:04:37.432+0000] {dag.py:3096} INFO - Sync 1 DAGs
[2025-11-19T22:04:37.486+0000] {logging_mixin.py:188} INFO - [2025-11-19T22:04:37.486+0000] {dag.py:3954} INFO - Setting next_dagrun for sodai_training_and_scoring to None, run_after=None
[2025-11-19T22:04:37.549+0000] {processor.py:183} INFO - Processing /opt/airflow/dags/sodai_pipeline_dag.py took 0.260 seconds
[2025-11-19T22:05:10.782+0000] {processor.py:161} INFO - Started process (PID=409) to work on /opt/airflow/dags/sodai_pipeline_dag.py
[2025-11-19T22:05:10.784+0000] {processor.py:830} INFO - Processing file /opt/airflow/dags/sodai_pipeline_dag.py for tasks to queue
[2025-11-19T22:05:10.787+0000] {logging_mixin.py:188} INFO - [2025-11-19T22:05:10.787+0000] {dagbag.py:540} INFO - Filling up the DagBag from /opt/airflow/dags/sodai_pipeline_dag.py
[2025-11-19T22:05:10.823+0000] {processor.py:840} INFO - DAG(s) 'sodai_training_and_scoring' retrieved from /opt/airflow/dags/sodai_pipeline_dag.py
[2025-11-19T22:05:10.879+0000] {logging_mixin.py:188} INFO - [2025-11-19T22:05:10.878+0000] {dag.py:3096} INFO - Sync 1 DAGs
[2025-11-19T22:05:10.903+0000] {logging_mixin.py:188} INFO - [2025-11-19T22:05:10.902+0000] {dag.py:3954} INFO - Setting next_dagrun for sodai_training_and_scoring to None, run_after=None
[2025-11-19T22:05:10.940+0000] {processor.py:183} INFO - Processing /opt/airflow/dags/sodai_pipeline_dag.py took 0.168 seconds
[2025-11-19T22:05:41.385+0000] {processor.py:161} INFO - Started process (PID=419) to work on /opt/airflow/dags/sodai_pipeline_dag.py
[2025-11-19T22:05:41.387+0000] {processor.py:830} INFO - Processing file /opt/airflow/dags/sodai_pipeline_dag.py for tasks to queue
[2025-11-19T22:05:41.392+0000] {logging_mixin.py:188} INFO - [2025-11-19T22:05:41.391+0000] {dagbag.py:540} INFO - Filling up the DagBag from /opt/airflow/dags/sodai_pipeline_dag.py
[2025-11-19T22:05:41.423+0000] {processor.py:840} INFO - DAG(s) 'sodai_training_and_scoring' retrieved from /opt/airflow/dags/sodai_pipeline_dag.py
[2025-11-19T22:05:41.460+0000] {logging_mixin.py:188} INFO - [2025-11-19T22:05:41.460+0000] {dag.py:3096} INFO - Sync 1 DAGs
[2025-11-19T22:05:43.470+0000] {logging_mixin.py:188} INFO - [2025-11-19T22:05:43.470+0000] {dag.py:3954} INFO - Setting next_dagrun for sodai_training_and_scoring to None, run_after=None
[2025-11-19T22:05:43.501+0000] {processor.py:183} INFO - Processing /opt/airflow/dags/sodai_pipeline_dag.py took 0.136 seconds
[2025-11-19T22:06:16.734+0000] {processor.py:161} INFO - Started process (PID=429) to work on /opt/airflow/dags/sodai_pipeline_dag.py
[2025-11-19T22:06:16.736+0000] {processor.py:830} INFO - Processing file /opt/airflow/dags/sodai_pipeline_dag.py for tasks to queue
[2025-11-19T22:06:16.739+0000] {logging_mixin.py:188} INFO - [2025-11-19T22:06:16.738+0000] {dagbag.py:540} INFO - Filling up the DagBag from /opt/airflow/dags/sodai_pipeline_dag.py
[2025-11-19T22:06:16.765+0000] {processor.py:840} INFO - DAG(s) 'sodai_training_and_scoring' retrieved from /opt/airflow/dags/sodai_pipeline_dag.py
[2025-11-19T22:06:16.797+0000] {logging_mixin.py:188} INFO - [2025-11-19T22:06:16.797+0000] {dag.py:3096} INFO - Sync 1 DAGs
[2025-11-19T22:06:16.813+0000] {logging_mixin.py:188} INFO - [2025-11-19T22:06:16.813+0000] {dag.py:3954} INFO - Setting next_dagrun for sodai_training_and_scoring to None, run_after=None
[2025-11-19T22:06:16.843+0000] {processor.py:183} INFO - Processing /opt/airflow/dags/sodai_pipeline_dag.py took 0.116 seconds
[2025-11-19T22:06:50.235+0000] {processor.py:161} INFO - Started process (PID=439) to work on /opt/airflow/dags/sodai_pipeline_dag.py
[2025-11-19T22:06:50.236+0000] {processor.py:830} INFO - Processing file /opt/airflow/dags/sodai_pipeline_dag.py for tasks to queue
[2025-11-19T22:06:50.239+0000] {logging_mixin.py:188} INFO - [2025-11-19T22:06:50.238+0000] {dagbag.py:540} INFO - Filling up the DagBag from /opt/airflow/dags/sodai_pipeline_dag.py
[2025-11-19T22:06:50.271+0000] {processor.py:840} INFO - DAG(s) 'sodai_training_and_scoring' retrieved from /opt/airflow/dags/sodai_pipeline_dag.py
[2025-11-19T22:06:50.306+0000] {logging_mixin.py:188} INFO - [2025-11-19T22:06:50.306+0000] {dag.py:3096} INFO - Sync 1 DAGs
[2025-11-19T22:06:50.324+0000] {logging_mixin.py:188} INFO - [2025-11-19T22:06:50.324+0000] {dag.py:3954} INFO - Setting next_dagrun for sodai_training_and_scoring to None, run_after=None
[2025-11-19T22:06:50.356+0000] {processor.py:183} INFO - Processing /opt/airflow/dags/sodai_pipeline_dag.py took 0.128 seconds
[2025-11-19T22:07:22.768+0000] {processor.py:161} INFO - Started process (PID=449) to work on /opt/airflow/dags/sodai_pipeline_dag.py
[2025-11-19T22:07:22.773+0000] {processor.py:830} INFO - Processing file /opt/airflow/dags/sodai_pipeline_dag.py for tasks to queue
[2025-11-19T22:07:22.775+0000] {logging_mixin.py:188} INFO - [2025-11-19T22:07:22.775+0000] {dagbag.py:540} INFO - Filling up the DagBag from /opt/airflow/dags/sodai_pipeline_dag.py
[2025-11-19T22:07:22.804+0000] {processor.py:840} INFO - DAG(s) 'sodai_training_and_scoring' retrieved from /opt/airflow/dags/sodai_pipeline_dag.py
[2025-11-19T22:07:22.840+0000] {logging_mixin.py:188} INFO - [2025-11-19T22:07:22.840+0000] {dag.py:3096} INFO - Sync 1 DAGs
[2025-11-19T22:07:22.859+0000] {logging_mixin.py:188} INFO - [2025-11-19T22:07:22.859+0000] {dag.py:3954} INFO - Setting next_dagrun for sodai_training_and_scoring to None, run_after=None
[2025-11-19T22:07:22.909+0000] {processor.py:183} INFO - Processing /opt/airflow/dags/sodai_pipeline_dag.py took 0.151 seconds
[2025-11-19T22:07:56.472+0000] {processor.py:161} INFO - Started process (PID=459) to work on /opt/airflow/dags/sodai_pipeline_dag.py
[2025-11-19T22:07:56.477+0000] {processor.py:830} INFO - Processing file /opt/airflow/dags/sodai_pipeline_dag.py for tasks to queue
[2025-11-19T22:07:56.480+0000] {logging_mixin.py:188} INFO - [2025-11-19T22:07:56.479+0000] {dagbag.py:540} INFO - Filling up the DagBag from /opt/airflow/dags/sodai_pipeline_dag.py
[2025-11-19T22:07:56.509+0000] {processor.py:840} INFO - DAG(s) 'sodai_training_and_scoring' retrieved from /opt/airflow/dags/sodai_pipeline_dag.py
[2025-11-19T22:07:56.559+0000] {logging_mixin.py:188} INFO - [2025-11-19T22:07:56.559+0000] {dag.py:3096} INFO - Sync 1 DAGs
[2025-11-19T22:07:56.586+0000] {logging_mixin.py:188} INFO - [2025-11-19T22:07:56.586+0000] {dag.py:3954} INFO - Setting next_dagrun for sodai_training_and_scoring to None, run_after=None
[2025-11-19T22:07:56.634+0000] {processor.py:183} INFO - Processing /opt/airflow/dags/sodai_pipeline_dag.py took 0.173 seconds
[2025-11-19T22:08:26.795+0000] {processor.py:161} INFO - Started process (PID=469) to work on /opt/airflow/dags/sodai_pipeline_dag.py
[2025-11-19T22:08:26.796+0000] {processor.py:830} INFO - Processing file /opt/airflow/dags/sodai_pipeline_dag.py for tasks to queue
[2025-11-19T22:08:26.798+0000] {logging_mixin.py:188} INFO - [2025-11-19T22:08:26.797+0000] {dagbag.py:540} INFO - Filling up the DagBag from /opt/airflow/dags/sodai_pipeline_dag.py
[2025-11-19T22:08:28.803+0000] {processor.py:840} INFO - DAG(s) 'sodai_training_and_scoring' retrieved from /opt/airflow/dags/sodai_pipeline_dag.py
[2025-11-19T22:08:28.827+0000] {logging_mixin.py:188} INFO - [2025-11-19T22:08:28.827+0000] {dag.py:3096} INFO - Sync 1 DAGs
[2025-11-19T22:08:28.835+0000] {logging_mixin.py:188} INFO - [2025-11-19T22:08:28.835+0000] {dag.py:3954} INFO - Setting next_dagrun for sodai_training_and_scoring to None, run_after=None
[2025-11-19T22:08:28.852+0000] {processor.py:183} INFO - Processing /opt/airflow/dags/sodai_pipeline_dag.py took 0.070 seconds
[2025-11-19T22:09:02.080+0000] {processor.py:161} INFO - Started process (PID=479) to work on /opt/airflow/dags/sodai_pipeline_dag.py
[2025-11-19T22:09:02.081+0000] {processor.py:830} INFO - Processing file /opt/airflow/dags/sodai_pipeline_dag.py for tasks to queue
[2025-11-19T22:09:02.082+0000] {logging_mixin.py:188} INFO - [2025-11-19T22:09:02.082+0000] {dagbag.py:540} INFO - Filling up the DagBag from /opt/airflow/dags/sodai_pipeline_dag.py
[2025-11-19T22:09:02.097+0000] {processor.py:840} INFO - DAG(s) 'sodai_training_and_scoring' retrieved from /opt/airflow/dags/sodai_pipeline_dag.py
[2025-11-19T22:09:02.119+0000] {logging_mixin.py:188} INFO - [2025-11-19T22:09:02.119+0000] {dag.py:3096} INFO - Sync 1 DAGs
[2025-11-19T22:09:02.129+0000] {logging_mixin.py:188} INFO - [2025-11-19T22:09:02.129+0000] {dag.py:3954} INFO - Setting next_dagrun for sodai_training_and_scoring to None, run_after=None
[2025-11-19T22:09:02.143+0000] {processor.py:183} INFO - Processing /opt/airflow/dags/sodai_pipeline_dag.py took 0.068 seconds
[2025-11-19T22:09:35.358+0000] {processor.py:161} INFO - Started process (PID=489) to work on /opt/airflow/dags/sodai_pipeline_dag.py
[2025-11-19T22:09:35.359+0000] {processor.py:830} INFO - Processing file /opt/airflow/dags/sodai_pipeline_dag.py for tasks to queue
[2025-11-19T22:09:35.360+0000] {logging_mixin.py:188} INFO - [2025-11-19T22:09:35.360+0000] {dagbag.py:540} INFO - Filling up the DagBag from /opt/airflow/dags/sodai_pipeline_dag.py
[2025-11-19T22:09:35.378+0000] {processor.py:840} INFO - DAG(s) 'sodai_training_and_scoring' retrieved from /opt/airflow/dags/sodai_pipeline_dag.py
[2025-11-19T22:09:35.401+0000] {logging_mixin.py:188} INFO - [2025-11-19T22:09:35.400+0000] {dag.py:3096} INFO - Sync 1 DAGs
[2025-11-19T22:09:35.409+0000] {logging_mixin.py:188} INFO - [2025-11-19T22:09:35.409+0000] {dag.py:3954} INFO - Setting next_dagrun for sodai_training_and_scoring to None, run_after=None
[2025-11-19T22:09:35.426+0000] {processor.py:183} INFO - Processing /opt/airflow/dags/sodai_pipeline_dag.py took 0.072 seconds
[2025-11-19T22:10:08.685+0000] {processor.py:161} INFO - Started process (PID=499) to work on /opt/airflow/dags/sodai_pipeline_dag.py
[2025-11-19T22:10:08.686+0000] {processor.py:830} INFO - Processing file /opt/airflow/dags/sodai_pipeline_dag.py for tasks to queue
[2025-11-19T22:10:08.688+0000] {logging_mixin.py:188} INFO - [2025-11-19T22:10:08.687+0000] {dagbag.py:540} INFO - Filling up the DagBag from /opt/airflow/dags/sodai_pipeline_dag.py
[2025-11-19T22:10:08.702+0000] {processor.py:840} INFO - DAG(s) 'sodai_training_and_scoring' retrieved from /opt/airflow/dags/sodai_pipeline_dag.py
[2025-11-19T22:10:08.722+0000] {logging_mixin.py:188} INFO - [2025-11-19T22:10:08.722+0000] {dag.py:3096} INFO - Sync 1 DAGs
[2025-11-19T22:10:08.732+0000] {logging_mixin.py:188} INFO - [2025-11-19T22:10:08.731+0000] {dag.py:3954} INFO - Setting next_dagrun for sodai_training_and_scoring to None, run_after=None
[2025-11-19T22:10:08.747+0000] {processor.py:183} INFO - Processing /opt/airflow/dags/sodai_pipeline_dag.py took 0.066 seconds
[2025-11-19T22:10:42.011+0000] {processor.py:161} INFO - Started process (PID=509) to work on /opt/airflow/dags/sodai_pipeline_dag.py
[2025-11-19T22:10:42.012+0000] {processor.py:830} INFO - Processing file /opt/airflow/dags/sodai_pipeline_dag.py for tasks to queue
[2025-11-19T22:10:42.014+0000] {logging_mixin.py:188} INFO - [2025-11-19T22:10:42.014+0000] {dagbag.py:540} INFO - Filling up the DagBag from /opt/airflow/dags/sodai_pipeline_dag.py
[2025-11-19T22:10:42.032+0000] {processor.py:840} INFO - DAG(s) 'sodai_training_and_scoring' retrieved from /opt/airflow/dags/sodai_pipeline_dag.py
[2025-11-19T22:10:42.058+0000] {logging_mixin.py:188} INFO - [2025-11-19T22:10:42.058+0000] {dag.py:3096} INFO - Sync 1 DAGs
[2025-11-19T22:10:42.069+0000] {logging_mixin.py:188} INFO - [2025-11-19T22:10:42.068+0000] {dag.py:3954} INFO - Setting next_dagrun for sodai_training_and_scoring to None, run_after=None
[2025-11-19T22:10:42.088+0000] {processor.py:183} INFO - Processing /opt/airflow/dags/sodai_pipeline_dag.py took 0.081 seconds
[2025-11-19T22:11:14.311+0000] {processor.py:161} INFO - Started process (PID=519) to work on /opt/airflow/dags/sodai_pipeline_dag.py
[2025-11-19T22:11:14.312+0000] {processor.py:830} INFO - Processing file /opt/airflow/dags/sodai_pipeline_dag.py for tasks to queue
[2025-11-19T22:11:14.313+0000] {logging_mixin.py:188} INFO - [2025-11-19T22:11:14.313+0000] {dagbag.py:540} INFO - Filling up the DagBag from /opt/airflow/dags/sodai_pipeline_dag.py
[2025-11-19T22:11:14.327+0000] {processor.py:840} INFO - DAG(s) 'sodai_training_and_scoring' retrieved from /opt/airflow/dags/sodai_pipeline_dag.py
[2025-11-19T22:11:14.349+0000] {logging_mixin.py:188} INFO - [2025-11-19T22:11:14.349+0000] {dag.py:3096} INFO - Sync 1 DAGs
[2025-11-19T22:11:14.357+0000] {logging_mixin.py:188} INFO - [2025-11-19T22:11:14.357+0000] {dag.py:3954} INFO - Setting next_dagrun for sodai_training_and_scoring to None, run_after=None
[2025-11-19T22:11:14.370+0000] {processor.py:183} INFO - Processing /opt/airflow/dags/sodai_pipeline_dag.py took 0.064 seconds
[2025-11-19T22:11:47.625+0000] {processor.py:161} INFO - Started process (PID=529) to work on /opt/airflow/dags/sodai_pipeline_dag.py
[2025-11-19T22:11:47.626+0000] {processor.py:830} INFO - Processing file /opt/airflow/dags/sodai_pipeline_dag.py for tasks to queue
[2025-11-19T22:11:47.628+0000] {logging_mixin.py:188} INFO - [2025-11-19T22:11:47.627+0000] {dagbag.py:540} INFO - Filling up the DagBag from /opt/airflow/dags/sodai_pipeline_dag.py
[2025-11-19T22:11:47.647+0000] {processor.py:840} INFO - DAG(s) 'sodai_training_and_scoring' retrieved from /opt/airflow/dags/sodai_pipeline_dag.py
[2025-11-19T22:11:47.679+0000] {logging_mixin.py:188} INFO - [2025-11-19T22:11:47.679+0000] {dag.py:3096} INFO - Sync 1 DAGs
[2025-11-19T22:11:47.698+0000] {logging_mixin.py:188} INFO - [2025-11-19T22:11:47.698+0000] {dag.py:3954} INFO - Setting next_dagrun for sodai_training_and_scoring to None, run_after=None
[2025-11-19T22:11:47.718+0000] {processor.py:183} INFO - Processing /opt/airflow/dags/sodai_pipeline_dag.py took 0.100 seconds
[2025-11-19T22:12:21.104+0000] {processor.py:161} INFO - Started process (PID=539) to work on /opt/airflow/dags/sodai_pipeline_dag.py
[2025-11-19T22:12:21.105+0000] {processor.py:830} INFO - Processing file /opt/airflow/dags/sodai_pipeline_dag.py for tasks to queue
[2025-11-19T22:12:21.107+0000] {logging_mixin.py:188} INFO - [2025-11-19T22:12:21.106+0000] {dagbag.py:540} INFO - Filling up the DagBag from /opt/airflow/dags/sodai_pipeline_dag.py
[2025-11-19T22:12:21.123+0000] {processor.py:840} INFO - DAG(s) 'sodai_training_and_scoring' retrieved from /opt/airflow/dags/sodai_pipeline_dag.py
[2025-11-19T22:12:21.146+0000] {logging_mixin.py:188} INFO - [2025-11-19T22:12:21.146+0000] {dag.py:3096} INFO - Sync 1 DAGs
[2025-11-19T22:12:21.158+0000] {logging_mixin.py:188} INFO - [2025-11-19T22:12:21.158+0000] {dag.py:3954} INFO - Setting next_dagrun for sodai_training_and_scoring to None, run_after=None
[2025-11-19T22:12:21.177+0000] {processor.py:183} INFO - Processing /opt/airflow/dags/sodai_pipeline_dag.py took 0.077 seconds
[2025-11-19T22:12:51.486+0000] {processor.py:161} INFO - Started process (PID=549) to work on /opt/airflow/dags/sodai_pipeline_dag.py
[2025-11-19T22:12:51.487+0000] {processor.py:830} INFO - Processing file /opt/airflow/dags/sodai_pipeline_dag.py for tasks to queue
[2025-11-19T22:12:51.490+0000] {logging_mixin.py:188} INFO - [2025-11-19T22:12:51.490+0000] {dagbag.py:540} INFO - Filling up the DagBag from /opt/airflow/dags/sodai_pipeline_dag.py
[2025-11-19T22:12:51.513+0000] {processor.py:840} INFO - DAG(s) 'sodai_training_and_scoring' retrieved from /opt/airflow/dags/sodai_pipeline_dag.py
[2025-11-19T22:12:51.539+0000] {logging_mixin.py:188} INFO - [2025-11-19T22:12:51.538+0000] {dag.py:3096} INFO - Sync 1 DAGs
[2025-11-19T22:12:51.548+0000] {logging_mixin.py:188} INFO - [2025-11-19T22:12:51.548+0000] {dag.py:3954} INFO - Setting next_dagrun for sodai_training_and_scoring to None, run_after=None
[2025-11-19T22:12:51.567+0000] {processor.py:183} INFO - Processing /opt/airflow/dags/sodai_pipeline_dag.py took 0.088 seconds
[2025-11-19T22:13:21.714+0000] {processor.py:161} INFO - Started process (PID=559) to work on /opt/airflow/dags/sodai_pipeline_dag.py
[2025-11-19T22:13:21.715+0000] {processor.py:830} INFO - Processing file /opt/airflow/dags/sodai_pipeline_dag.py for tasks to queue
[2025-11-19T22:13:21.717+0000] {logging_mixin.py:188} INFO - [2025-11-19T22:13:21.717+0000] {dagbag.py:540} INFO - Filling up the DagBag from /opt/airflow/dags/sodai_pipeline_dag.py
[2025-11-19T22:13:21.730+0000] {processor.py:840} INFO - DAG(s) 'sodai_training_and_scoring' retrieved from /opt/airflow/dags/sodai_pipeline_dag.py
[2025-11-19T22:13:21.753+0000] {logging_mixin.py:188} INFO - [2025-11-19T22:13:21.752+0000] {dag.py:3096} INFO - Sync 1 DAGs
[2025-11-19T22:13:21.763+0000] {logging_mixin.py:188} INFO - [2025-11-19T22:13:21.763+0000] {dag.py:3954} INFO - Setting next_dagrun for sodai_training_and_scoring to None, run_after=None
[2025-11-19T22:13:21.777+0000] {processor.py:183} INFO - Processing /opt/airflow/dags/sodai_pipeline_dag.py took 0.068 seconds
[2025-11-19T22:13:52.084+0000] {processor.py:161} INFO - Started process (PID=569) to work on /opt/airflow/dags/sodai_pipeline_dag.py
[2025-11-19T22:13:52.085+0000] {processor.py:830} INFO - Processing file /opt/airflow/dags/sodai_pipeline_dag.py for tasks to queue
[2025-11-19T22:13:52.086+0000] {logging_mixin.py:188} INFO - [2025-11-19T22:13:52.086+0000] {dagbag.py:540} INFO - Filling up the DagBag from /opt/airflow/dags/sodai_pipeline_dag.py
[2025-11-19T22:13:52.099+0000] {processor.py:840} INFO - DAG(s) 'sodai_training_and_scoring' retrieved from /opt/airflow/dags/sodai_pipeline_dag.py
[2025-11-19T22:13:52.119+0000] {logging_mixin.py:188} INFO - [2025-11-19T22:13:52.119+0000] {dag.py:3096} INFO - Sync 1 DAGs
[2025-11-19T22:13:52.129+0000] {logging_mixin.py:188} INFO - [2025-11-19T22:13:52.128+0000] {dag.py:3954} INFO - Setting next_dagrun for sodai_training_and_scoring to None, run_after=None
[2025-11-19T22:13:52.143+0000] {processor.py:183} INFO - Processing /opt/airflow/dags/sodai_pipeline_dag.py took 0.064 seconds
[2025-11-19T22:14:22.379+0000] {processor.py:161} INFO - Started process (PID=579) to work on /opt/airflow/dags/sodai_pipeline_dag.py
[2025-11-19T22:14:22.379+0000] {processor.py:830} INFO - Processing file /opt/airflow/dags/sodai_pipeline_dag.py for tasks to queue
[2025-11-19T22:14:22.381+0000] {logging_mixin.py:188} INFO - [2025-11-19T22:14:22.381+0000] {dagbag.py:540} INFO - Filling up the DagBag from /opt/airflow/dags/sodai_pipeline_dag.py
[2025-11-19T22:14:22.396+0000] {processor.py:840} INFO - DAG(s) 'sodai_training_and_scoring' retrieved from /opt/airflow/dags/sodai_pipeline_dag.py
[2025-11-19T22:14:22.420+0000] {logging_mixin.py:188} INFO - [2025-11-19T22:14:22.419+0000] {dag.py:3096} INFO - Sync 1 DAGs
[2025-11-19T22:14:22.428+0000] {logging_mixin.py:188} INFO - [2025-11-19T22:14:22.428+0000] {dag.py:3954} INFO - Setting next_dagrun for sodai_training_and_scoring to None, run_after=None
[2025-11-19T22:14:22.443+0000] {processor.py:183} INFO - Processing /opt/airflow/dags/sodai_pipeline_dag.py took 0.068 seconds
[2025-11-19T22:14:52.689+0000] {processor.py:161} INFO - Started process (PID=589) to work on /opt/airflow/dags/sodai_pipeline_dag.py
[2025-11-19T22:14:52.691+0000] {processor.py:830} INFO - Processing file /opt/airflow/dags/sodai_pipeline_dag.py for tasks to queue
[2025-11-19T22:14:52.693+0000] {logging_mixin.py:188} INFO - [2025-11-19T22:14:52.693+0000] {dagbag.py:540} INFO - Filling up the DagBag from /opt/airflow/dags/sodai_pipeline_dag.py
[2025-11-19T22:14:52.717+0000] {processor.py:840} INFO - DAG(s) 'sodai_training_and_scoring' retrieved from /opt/airflow/dags/sodai_pipeline_dag.py
[2025-11-19T22:14:52.747+0000] {logging_mixin.py:188} INFO - [2025-11-19T22:14:52.747+0000] {dag.py:3096} INFO - Sync 1 DAGs
[2025-11-19T22:14:52.760+0000] {logging_mixin.py:188} INFO - [2025-11-19T22:14:52.759+0000] {dag.py:3954} INFO - Setting next_dagrun for sodai_training_and_scoring to None, run_after=None
[2025-11-19T22:14:52.781+0000] {processor.py:183} INFO - Processing /opt/airflow/dags/sodai_pipeline_dag.py took 0.099 seconds
[2025-11-19T22:15:23.054+0000] {processor.py:161} INFO - Started process (PID=599) to work on /opt/airflow/dags/sodai_pipeline_dag.py
[2025-11-19T22:15:23.055+0000] {processor.py:830} INFO - Processing file /opt/airflow/dags/sodai_pipeline_dag.py for tasks to queue
[2025-11-19T22:15:23.057+0000] {logging_mixin.py:188} INFO - [2025-11-19T22:15:23.057+0000] {dagbag.py:540} INFO - Filling up the DagBag from /opt/airflow/dags/sodai_pipeline_dag.py
[2025-11-19T22:15:23.078+0000] {processor.py:840} INFO - DAG(s) 'sodai_training_and_scoring' retrieved from /opt/airflow/dags/sodai_pipeline_dag.py
[2025-11-19T22:15:23.101+0000] {logging_mixin.py:188} INFO - [2025-11-19T22:15:23.100+0000] {dag.py:3096} INFO - Sync 1 DAGs
[2025-11-19T22:15:23.111+0000] {logging_mixin.py:188} INFO - [2025-11-19T22:15:23.111+0000] {dag.py:3954} INFO - Setting next_dagrun for sodai_training_and_scoring to None, run_after=None
[2025-11-19T22:15:23.147+0000] {processor.py:183} INFO - Processing /opt/airflow/dags/sodai_pipeline_dag.py took 0.097 seconds
[2025-11-19T22:15:53.476+0000] {processor.py:161} INFO - Started process (PID=609) to work on /opt/airflow/dags/sodai_pipeline_dag.py
[2025-11-19T22:15:53.477+0000] {processor.py:830} INFO - Processing file /opt/airflow/dags/sodai_pipeline_dag.py for tasks to queue
[2025-11-19T22:15:53.479+0000] {logging_mixin.py:188} INFO - [2025-11-19T22:15:53.478+0000] {dagbag.py:540} INFO - Filling up the DagBag from /opt/airflow/dags/sodai_pipeline_dag.py
[2025-11-19T22:15:53.497+0000] {processor.py:840} INFO - DAG(s) 'sodai_training_and_scoring' retrieved from /opt/airflow/dags/sodai_pipeline_dag.py
[2025-11-19T22:15:53.520+0000] {logging_mixin.py:188} INFO - [2025-11-19T22:15:53.520+0000] {dag.py:3096} INFO - Sync 1 DAGs
[2025-11-19T22:15:53.531+0000] {logging_mixin.py:188} INFO - [2025-11-19T22:15:53.531+0000] {dag.py:3954} INFO - Setting next_dagrun for sodai_training_and_scoring to None, run_after=None
[2025-11-19T22:15:53.559+0000] {processor.py:183} INFO - Processing /opt/airflow/dags/sodai_pipeline_dag.py took 0.088 seconds
[2025-11-19T22:16:23.854+0000] {processor.py:161} INFO - Started process (PID=619) to work on /opt/airflow/dags/sodai_pipeline_dag.py
[2025-11-19T22:16:23.855+0000] {processor.py:830} INFO - Processing file /opt/airflow/dags/sodai_pipeline_dag.py for tasks to queue
[2025-11-19T22:16:23.856+0000] {logging_mixin.py:188} INFO - [2025-11-19T22:16:23.856+0000] {dagbag.py:540} INFO - Filling up the DagBag from /opt/airflow/dags/sodai_pipeline_dag.py
[2025-11-19T22:16:23.873+0000] {processor.py:840} INFO - DAG(s) 'sodai_training_and_scoring' retrieved from /opt/airflow/dags/sodai_pipeline_dag.py
[2025-11-19T22:16:23.895+0000] {logging_mixin.py:188} INFO - [2025-11-19T22:16:23.895+0000] {dag.py:3096} INFO - Sync 1 DAGs
[2025-11-19T22:16:23.909+0000] {logging_mixin.py:188} INFO - [2025-11-19T22:16:23.908+0000] {dag.py:3954} INFO - Setting next_dagrun for sodai_training_and_scoring to None, run_after=None
[2025-11-19T22:16:23.928+0000] {processor.py:183} INFO - Processing /opt/airflow/dags/sodai_pipeline_dag.py took 0.078 seconds
[2025-11-19T22:16:54.332+0000] {processor.py:161} INFO - Started process (PID=629) to work on /opt/airflow/dags/sodai_pipeline_dag.py
[2025-11-19T22:16:54.332+0000] {processor.py:830} INFO - Processing file /opt/airflow/dags/sodai_pipeline_dag.py for tasks to queue
[2025-11-19T22:16:54.334+0000] {logging_mixin.py:188} INFO - [2025-11-19T22:16:54.334+0000] {dagbag.py:540} INFO - Filling up the DagBag from /opt/airflow/dags/sodai_pipeline_dag.py
[2025-11-19T22:16:54.354+0000] {processor.py:840} INFO - DAG(s) 'sodai_training_and_scoring' retrieved from /opt/airflow/dags/sodai_pipeline_dag.py
[2025-11-19T22:16:54.378+0000] {logging_mixin.py:188} INFO - [2025-11-19T22:16:54.378+0000] {dag.py:3096} INFO - Sync 1 DAGs
[2025-11-19T22:16:54.390+0000] {logging_mixin.py:188} INFO - [2025-11-19T22:16:54.389+0000] {dag.py:3954} INFO - Setting next_dagrun for sodai_training_and_scoring to None, run_after=None
[2025-11-19T22:16:54.431+0000] {processor.py:183} INFO - Processing /opt/airflow/dags/sodai_pipeline_dag.py took 0.104 seconds
[2025-11-19T22:17:24.796+0000] {processor.py:161} INFO - Started process (PID=639) to work on /opt/airflow/dags/sodai_pipeline_dag.py
[2025-11-19T22:17:24.797+0000] {processor.py:830} INFO - Processing file /opt/airflow/dags/sodai_pipeline_dag.py for tasks to queue
[2025-11-19T22:17:24.799+0000] {logging_mixin.py:188} INFO - [2025-11-19T22:17:24.798+0000] {dagbag.py:540} INFO - Filling up the DagBag from /opt/airflow/dags/sodai_pipeline_dag.py
[2025-11-19T22:17:24.818+0000] {processor.py:840} INFO - DAG(s) 'sodai_training_and_scoring' retrieved from /opt/airflow/dags/sodai_pipeline_dag.py
[2025-11-19T22:17:24.842+0000] {logging_mixin.py:188} INFO - [2025-11-19T22:17:24.841+0000] {dag.py:3096} INFO - Sync 1 DAGs
[2025-11-19T22:17:24.854+0000] {logging_mixin.py:188} INFO - [2025-11-19T22:17:24.854+0000] {dag.py:3954} INFO - Setting next_dagrun for sodai_training_and_scoring to None, run_after=None
[2025-11-19T22:17:24.870+0000] {processor.py:183} INFO - Processing /opt/airflow/dags/sodai_pipeline_dag.py took 0.079 seconds
[2025-11-19T22:17:55.403+0000] {processor.py:161} INFO - Started process (PID=649) to work on /opt/airflow/dags/sodai_pipeline_dag.py
[2025-11-19T22:17:55.405+0000] {processor.py:830} INFO - Processing file /opt/airflow/dags/sodai_pipeline_dag.py for tasks to queue
[2025-11-19T22:17:55.408+0000] {logging_mixin.py:188} INFO - [2025-11-19T22:17:55.407+0000] {dagbag.py:540} INFO - Filling up the DagBag from /opt/airflow/dags/sodai_pipeline_dag.py
[2025-11-19T22:17:55.434+0000] {processor.py:840} INFO - DAG(s) 'sodai_training_and_scoring' retrieved from /opt/airflow/dags/sodai_pipeline_dag.py
[2025-11-19T22:17:55.471+0000] {logging_mixin.py:188} INFO - [2025-11-19T22:17:55.470+0000] {dag.py:3096} INFO - Sync 1 DAGs
[2025-11-19T22:17:55.483+0000] {logging_mixin.py:188} INFO - [2025-11-19T22:17:55.483+0000] {dag.py:3954} INFO - Setting next_dagrun for sodai_training_and_scoring to None, run_after=None
[2025-11-19T22:17:55.504+0000] {processor.py:183} INFO - Processing /opt/airflow/dags/sodai_pipeline_dag.py took 0.111 seconds
[2025-11-19T22:18:25.864+0000] {processor.py:161} INFO - Started process (PID=659) to work on /opt/airflow/dags/sodai_pipeline_dag.py
[2025-11-19T22:18:25.865+0000] {processor.py:830} INFO - Processing file /opt/airflow/dags/sodai_pipeline_dag.py for tasks to queue
[2025-11-19T22:18:25.867+0000] {logging_mixin.py:188} INFO - [2025-11-19T22:18:25.867+0000] {dagbag.py:540} INFO - Filling up the DagBag from /opt/airflow/dags/sodai_pipeline_dag.py
[2025-11-19T22:18:25.894+0000] {processor.py:840} INFO - DAG(s) 'sodai_training_and_scoring' retrieved from /opt/airflow/dags/sodai_pipeline_dag.py
[2025-11-19T22:18:25.924+0000] {logging_mixin.py:188} INFO - [2025-11-19T22:18:25.923+0000] {dag.py:3096} INFO - Sync 1 DAGs
[2025-11-19T22:18:25.940+0000] {logging_mixin.py:188} INFO - [2025-11-19T22:18:25.940+0000] {dag.py:3954} INFO - Setting next_dagrun for sodai_training_and_scoring to None, run_after=None
[2025-11-19T22:18:25.959+0000] {processor.py:183} INFO - Processing /opt/airflow/dags/sodai_pipeline_dag.py took 0.121 seconds
[2025-11-19T22:18:58.274+0000] {processor.py:161} INFO - Started process (PID=669) to work on /opt/airflow/dags/sodai_pipeline_dag.py
[2025-11-19T22:18:58.275+0000] {processor.py:830} INFO - Processing file /opt/airflow/dags/sodai_pipeline_dag.py for tasks to queue
[2025-11-19T22:18:58.277+0000] {logging_mixin.py:188} INFO - [2025-11-19T22:18:58.276+0000] {dagbag.py:540} INFO - Filling up the DagBag from /opt/airflow/dags/sodai_pipeline_dag.py
[2025-11-19T22:18:58.293+0000] {processor.py:840} INFO - DAG(s) 'sodai_training_and_scoring' retrieved from /opt/airflow/dags/sodai_pipeline_dag.py
[2025-11-19T22:18:58.314+0000] {logging_mixin.py:188} INFO - [2025-11-19T22:18:58.313+0000] {dag.py:3096} INFO - Sync 1 DAGs
[2025-11-19T22:18:58.323+0000] {logging_mixin.py:188} INFO - [2025-11-19T22:18:58.322+0000] {dag.py:3954} INFO - Setting next_dagrun for sodai_training_and_scoring to None, run_after=None
[2025-11-19T22:18:58.362+0000] {processor.py:183} INFO - Processing /opt/airflow/dags/sodai_pipeline_dag.py took 0.092 seconds
[2025-11-19T22:19:29.708+0000] {processor.py:161} INFO - Started process (PID=679) to work on /opt/airflow/dags/sodai_pipeline_dag.py
[2025-11-19T22:19:29.710+0000] {processor.py:830} INFO - Processing file /opt/airflow/dags/sodai_pipeline_dag.py for tasks to queue
[2025-11-19T22:19:29.712+0000] {logging_mixin.py:188} INFO - [2025-11-19T22:19:29.711+0000] {dagbag.py:540} INFO - Filling up the DagBag from /opt/airflow/dags/sodai_pipeline_dag.py
[2025-11-19T22:19:29.729+0000] {processor.py:840} INFO - DAG(s) 'sodai_training_and_scoring' retrieved from /opt/airflow/dags/sodai_pipeline_dag.py
[2025-11-19T22:19:29.752+0000] {logging_mixin.py:188} INFO - [2025-11-19T22:19:29.751+0000] {dag.py:3096} INFO - Sync 1 DAGs
[2025-11-19T22:19:29.761+0000] {logging_mixin.py:188} INFO - [2025-11-19T22:19:29.761+0000] {dag.py:3954} INFO - Setting next_dagrun for sodai_training_and_scoring to None, run_after=None
[2025-11-19T22:19:29.777+0000] {processor.py:183} INFO - Processing /opt/airflow/dags/sodai_pipeline_dag.py took 0.073 seconds
[2025-11-19T22:20:00.526+0000] {processor.py:161} INFO - Started process (PID=689) to work on /opt/airflow/dags/sodai_pipeline_dag.py
[2025-11-19T22:20:00.528+0000] {processor.py:830} INFO - Processing file /opt/airflow/dags/sodai_pipeline_dag.py for tasks to queue
[2025-11-19T22:20:00.530+0000] {logging_mixin.py:188} INFO - [2025-11-19T22:20:00.530+0000] {dagbag.py:540} INFO - Filling up the DagBag from /opt/airflow/dags/sodai_pipeline_dag.py
[2025-11-19T22:20:00.556+0000] {processor.py:840} INFO - DAG(s) 'sodai_training_and_scoring' retrieved from /opt/airflow/dags/sodai_pipeline_dag.py
[2025-11-19T22:20:00.582+0000] {logging_mixin.py:188} INFO - [2025-11-19T22:20:00.582+0000] {dag.py:3096} INFO - Sync 1 DAGs
[2025-11-19T22:20:00.595+0000] {logging_mixin.py:188} INFO - [2025-11-19T22:20:00.594+0000] {dag.py:3954} INFO - Setting next_dagrun for sodai_training_and_scoring to None, run_after=None
[2025-11-19T22:20:00.635+0000] {processor.py:183} INFO - Processing /opt/airflow/dags/sodai_pipeline_dag.py took 0.116 seconds
[2025-11-19T22:20:31.413+0000] {processor.py:161} INFO - Started process (PID=699) to work on /opt/airflow/dags/sodai_pipeline_dag.py
[2025-11-19T22:20:31.414+0000] {processor.py:830} INFO - Processing file /opt/airflow/dags/sodai_pipeline_dag.py for tasks to queue
[2025-11-19T22:20:31.416+0000] {logging_mixin.py:188} INFO - [2025-11-19T22:20:31.415+0000] {dagbag.py:540} INFO - Filling up the DagBag from /opt/airflow/dags/sodai_pipeline_dag.py
[2025-11-19T22:20:31.439+0000] {processor.py:840} INFO - DAG(s) 'sodai_training_and_scoring' retrieved from /opt/airflow/dags/sodai_pipeline_dag.py
[2025-11-19T22:20:31.479+0000] {logging_mixin.py:188} INFO - [2025-11-19T22:20:31.479+0000] {dag.py:3096} INFO - Sync 1 DAGs
[2025-11-19T22:20:31.494+0000] {logging_mixin.py:188} INFO - [2025-11-19T22:20:31.493+0000] {dag.py:3954} INFO - Setting next_dagrun for sodai_training_and_scoring to None, run_after=None
[2025-11-19T22:20:31.539+0000] {processor.py:183} INFO - Processing /opt/airflow/dags/sodai_pipeline_dag.py took 0.133 seconds
[2025-11-19T22:21:01.828+0000] {processor.py:161} INFO - Started process (PID=709) to work on /opt/airflow/dags/sodai_pipeline_dag.py
[2025-11-19T22:21:01.828+0000] {processor.py:830} INFO - Processing file /opt/airflow/dags/sodai_pipeline_dag.py for tasks to queue
[2025-11-19T22:21:01.830+0000] {logging_mixin.py:188} INFO - [2025-11-19T22:21:01.830+0000] {dagbag.py:540} INFO - Filling up the DagBag from /opt/airflow/dags/sodai_pipeline_dag.py
[2025-11-19T22:21:01.849+0000] {processor.py:840} INFO - DAG(s) 'sodai_training_and_scoring' retrieved from /opt/airflow/dags/sodai_pipeline_dag.py
[2025-11-19T22:21:01.878+0000] {logging_mixin.py:188} INFO - [2025-11-19T22:21:01.877+0000] {dag.py:3096} INFO - Sync 1 DAGs
[2025-11-19T22:21:01.889+0000] {logging_mixin.py:188} INFO - [2025-11-19T22:21:01.889+0000] {dag.py:3954} INFO - Setting next_dagrun for sodai_training_and_scoring to None, run_after=None
[2025-11-19T22:21:01.930+0000] {processor.py:183} INFO - Processing /opt/airflow/dags/sodai_pipeline_dag.py took 0.107 seconds
[2025-11-19T22:21:32.222+0000] {processor.py:161} INFO - Started process (PID=719) to work on /opt/airflow/dags/sodai_pipeline_dag.py
[2025-11-19T22:21:32.223+0000] {processor.py:830} INFO - Processing file /opt/airflow/dags/sodai_pipeline_dag.py for tasks to queue
[2025-11-19T22:21:32.225+0000] {logging_mixin.py:188} INFO - [2025-11-19T22:21:32.224+0000] {dagbag.py:540} INFO - Filling up the DagBag from /opt/airflow/dags/sodai_pipeline_dag.py
[2025-11-19T22:21:32.243+0000] {processor.py:840} INFO - DAG(s) 'sodai_training_and_scoring' retrieved from /opt/airflow/dags/sodai_pipeline_dag.py
[2025-11-19T22:21:32.267+0000] {logging_mixin.py:188} INFO - [2025-11-19T22:21:32.267+0000] {dag.py:3096} INFO - Sync 1 DAGs
[2025-11-19T22:21:32.276+0000] {logging_mixin.py:188} INFO - [2025-11-19T22:21:32.276+0000] {dag.py:3954} INFO - Setting next_dagrun for sodai_training_and_scoring to None, run_after=None
[2025-11-19T22:21:32.290+0000] {processor.py:183} INFO - Processing /opt/airflow/dags/sodai_pipeline_dag.py took 0.072 seconds
[2025-11-19T22:22:02.666+0000] {processor.py:161} INFO - Started process (PID=729) to work on /opt/airflow/dags/sodai_pipeline_dag.py
[2025-11-19T22:22:02.667+0000] {processor.py:830} INFO - Processing file /opt/airflow/dags/sodai_pipeline_dag.py for tasks to queue
[2025-11-19T22:22:02.669+0000] {logging_mixin.py:188} INFO - [2025-11-19T22:22:02.668+0000] {dagbag.py:540} INFO - Filling up the DagBag from /opt/airflow/dags/sodai_pipeline_dag.py
[2025-11-19T22:22:02.687+0000] {processor.py:840} INFO - DAG(s) 'sodai_training_and_scoring' retrieved from /opt/airflow/dags/sodai_pipeline_dag.py
[2025-11-19T22:22:02.708+0000] {logging_mixin.py:188} INFO - [2025-11-19T22:22:02.708+0000] {dag.py:3096} INFO - Sync 1 DAGs
[2025-11-19T22:22:02.719+0000] {logging_mixin.py:188} INFO - [2025-11-19T22:22:02.718+0000] {dag.py:3954} INFO - Setting next_dagrun for sodai_training_and_scoring to None, run_after=None
[2025-11-19T22:22:02.756+0000] {processor.py:183} INFO - Processing /opt/airflow/dags/sodai_pipeline_dag.py took 0.095 seconds
[2025-11-19T22:22:33.250+0000] {processor.py:161} INFO - Started process (PID=739) to work on /opt/airflow/dags/sodai_pipeline_dag.py
[2025-11-19T22:22:33.251+0000] {processor.py:830} INFO - Processing file /opt/airflow/dags/sodai_pipeline_dag.py for tasks to queue
[2025-11-19T22:22:33.254+0000] {logging_mixin.py:188} INFO - [2025-11-19T22:22:33.254+0000] {dagbag.py:540} INFO - Filling up the DagBag from /opt/airflow/dags/sodai_pipeline_dag.py
[2025-11-19T22:22:33.285+0000] {processor.py:840} INFO - DAG(s) 'sodai_training_and_scoring' retrieved from /opt/airflow/dags/sodai_pipeline_dag.py
[2025-11-19T22:22:33.334+0000] {logging_mixin.py:188} INFO - [2025-11-19T22:22:33.333+0000] {dag.py:3096} INFO - Sync 1 DAGs
[2025-11-19T22:22:33.349+0000] {logging_mixin.py:188} INFO - [2025-11-19T22:22:33.349+0000] {dag.py:3954} INFO - Setting next_dagrun for sodai_training_and_scoring to None, run_after=None
[2025-11-19T22:22:33.384+0000] {processor.py:183} INFO - Processing /opt/airflow/dags/sodai_pipeline_dag.py took 0.147 seconds
[2025-11-19T22:23:03.755+0000] {processor.py:161} INFO - Started process (PID=749) to work on /opt/airflow/dags/sodai_pipeline_dag.py
[2025-11-19T22:23:03.756+0000] {processor.py:830} INFO - Processing file /opt/airflow/dags/sodai_pipeline_dag.py for tasks to queue
[2025-11-19T22:23:03.759+0000] {logging_mixin.py:188} INFO - [2025-11-19T22:23:03.758+0000] {dagbag.py:540} INFO - Filling up the DagBag from /opt/airflow/dags/sodai_pipeline_dag.py
[2025-11-19T22:23:03.785+0000] {processor.py:840} INFO - DAG(s) 'sodai_training_and_scoring' retrieved from /opt/airflow/dags/sodai_pipeline_dag.py
[2025-11-19T22:23:03.814+0000] {logging_mixin.py:188} INFO - [2025-11-19T22:23:03.813+0000] {dag.py:3096} INFO - Sync 1 DAGs
[2025-11-19T22:23:03.825+0000] {logging_mixin.py:188} INFO - [2025-11-19T22:23:03.825+0000] {dag.py:3954} INFO - Setting next_dagrun for sodai_training_and_scoring to None, run_after=None
[2025-11-19T22:23:03.843+0000] {processor.py:183} INFO - Processing /opt/airflow/dags/sodai_pipeline_dag.py took 0.093 seconds
[2025-11-19T22:23:34.141+0000] {processor.py:161} INFO - Started process (PID=759) to work on /opt/airflow/dags/sodai_pipeline_dag.py
[2025-11-19T22:23:34.142+0000] {processor.py:830} INFO - Processing file /opt/airflow/dags/sodai_pipeline_dag.py for tasks to queue
[2025-11-19T22:23:34.144+0000] {logging_mixin.py:188} INFO - [2025-11-19T22:23:34.143+0000] {dagbag.py:540} INFO - Filling up the DagBag from /opt/airflow/dags/sodai_pipeline_dag.py
[2025-11-19T22:23:34.160+0000] {processor.py:840} INFO - DAG(s) 'sodai_training_and_scoring' retrieved from /opt/airflow/dags/sodai_pipeline_dag.py
[2025-11-19T22:23:34.181+0000] {logging_mixin.py:188} INFO - [2025-11-19T22:23:34.181+0000] {dag.py:3096} INFO - Sync 1 DAGs
[2025-11-19T22:23:34.190+0000] {logging_mixin.py:188} INFO - [2025-11-19T22:23:34.190+0000] {dag.py:3954} INFO - Setting next_dagrun for sodai_training_and_scoring to None, run_after=None
[2025-11-19T22:23:34.226+0000] {processor.py:183} INFO - Processing /opt/airflow/dags/sodai_pipeline_dag.py took 0.094 seconds
[2025-11-19T22:24:04.526+0000] {processor.py:161} INFO - Started process (PID=769) to work on /opt/airflow/dags/sodai_pipeline_dag.py
[2025-11-19T22:24:04.527+0000] {processor.py:830} INFO - Processing file /opt/airflow/dags/sodai_pipeline_dag.py for tasks to queue
[2025-11-19T22:24:04.529+0000] {logging_mixin.py:188} INFO - [2025-11-19T22:24:04.529+0000] {dagbag.py:540} INFO - Filling up the DagBag from /opt/airflow/dags/sodai_pipeline_dag.py
[2025-11-19T22:24:04.545+0000] {processor.py:840} INFO - DAG(s) 'sodai_training_and_scoring' retrieved from /opt/airflow/dags/sodai_pipeline_dag.py
[2025-11-19T22:24:04.567+0000] {logging_mixin.py:188} INFO - [2025-11-19T22:24:04.567+0000] {dag.py:3096} INFO - Sync 1 DAGs
[2025-11-19T22:24:04.577+0000] {logging_mixin.py:188} INFO - [2025-11-19T22:24:04.577+0000] {dag.py:3954} INFO - Setting next_dagrun for sodai_training_and_scoring to None, run_after=None
[2025-11-19T22:24:04.613+0000] {processor.py:183} INFO - Processing /opt/airflow/dags/sodai_pipeline_dag.py took 0.092 seconds
[2025-11-19T22:24:34.939+0000] {processor.py:161} INFO - Started process (PID=779) to work on /opt/airflow/dags/sodai_pipeline_dag.py
[2025-11-19T22:24:34.940+0000] {processor.py:830} INFO - Processing file /opt/airflow/dags/sodai_pipeline_dag.py for tasks to queue
[2025-11-19T22:24:34.944+0000] {logging_mixin.py:188} INFO - [2025-11-19T22:24:34.943+0000] {dagbag.py:540} INFO - Filling up the DagBag from /opt/airflow/dags/sodai_pipeline_dag.py
[2025-11-19T22:24:34.965+0000] {processor.py:840} INFO - DAG(s) 'sodai_training_and_scoring' retrieved from /opt/airflow/dags/sodai_pipeline_dag.py
[2025-11-19T22:24:34.987+0000] {logging_mixin.py:188} INFO - [2025-11-19T22:24:34.987+0000] {dag.py:3096} INFO - Sync 1 DAGs
[2025-11-19T22:24:34.995+0000] {logging_mixin.py:188} INFO - [2025-11-19T22:24:34.995+0000] {dag.py:3954} INFO - Setting next_dagrun for sodai_training_and_scoring to None, run_after=None
[2025-11-19T22:24:35.008+0000] {processor.py:183} INFO - Processing /opt/airflow/dags/sodai_pipeline_dag.py took 0.073 seconds
[2025-11-19T22:25:05.376+0000] {processor.py:161} INFO - Started process (PID=789) to work on /opt/airflow/dags/sodai_pipeline_dag.py
[2025-11-19T22:25:05.377+0000] {processor.py:830} INFO - Processing file /opt/airflow/dags/sodai_pipeline_dag.py for tasks to queue
[2025-11-19T22:25:05.379+0000] {logging_mixin.py:188} INFO - [2025-11-19T22:25:05.379+0000] {dagbag.py:540} INFO - Filling up the DagBag from /opt/airflow/dags/sodai_pipeline_dag.py
[2025-11-19T22:25:05.402+0000] {processor.py:840} INFO - DAG(s) 'sodai_training_and_scoring' retrieved from /opt/airflow/dags/sodai_pipeline_dag.py
[2025-11-19T22:25:05.433+0000] {logging_mixin.py:188} INFO - [2025-11-19T22:25:05.433+0000] {dag.py:3096} INFO - Sync 1 DAGs
[2025-11-19T22:25:05.445+0000] {logging_mixin.py:188} INFO - [2025-11-19T22:25:05.445+0000] {dag.py:3954} INFO - Setting next_dagrun for sodai_training_and_scoring to None, run_after=None
[2025-11-19T22:25:05.466+0000] {processor.py:183} INFO - Processing /opt/airflow/dags/sodai_pipeline_dag.py took 0.094 seconds
[2025-11-19T22:25:36.888+0000] {processor.py:161} INFO - Started process (PID=799) to work on /opt/airflow/dags/sodai_pipeline_dag.py
[2025-11-19T22:25:36.890+0000] {processor.py:830} INFO - Processing file /opt/airflow/dags/sodai_pipeline_dag.py for tasks to queue
[2025-11-19T22:25:36.892+0000] {logging_mixin.py:188} INFO - [2025-11-19T22:25:36.892+0000] {dagbag.py:540} INFO - Filling up the DagBag from /opt/airflow/dags/sodai_pipeline_dag.py
[2025-11-19T22:25:36.914+0000] {processor.py:840} INFO - DAG(s) 'sodai_training_and_scoring' retrieved from /opt/airflow/dags/sodai_pipeline_dag.py
[2025-11-19T22:25:36.941+0000] {logging_mixin.py:188} INFO - [2025-11-19T22:25:36.941+0000] {dag.py:3096} INFO - Sync 1 DAGs
[2025-11-19T22:25:36.954+0000] {logging_mixin.py:188} INFO - [2025-11-19T22:25:36.954+0000] {dag.py:3954} INFO - Setting next_dagrun for sodai_training_and_scoring to None, run_after=None
[2025-11-19T22:25:36.971+0000] {processor.py:183} INFO - Processing /opt/airflow/dags/sodai_pipeline_dag.py took 0.091 seconds
[2025-11-19T22:26:07.224+0000] {processor.py:161} INFO - Started process (PID=809) to work on /opt/airflow/dags/sodai_pipeline_dag.py
[2025-11-19T22:26:07.226+0000] {processor.py:830} INFO - Processing file /opt/airflow/dags/sodai_pipeline_dag.py for tasks to queue
[2025-11-19T22:26:07.227+0000] {logging_mixin.py:188} INFO - [2025-11-19T22:26:07.227+0000] {dagbag.py:540} INFO - Filling up the DagBag from /opt/airflow/dags/sodai_pipeline_dag.py
[2025-11-19T22:26:07.240+0000] {processor.py:840} INFO - DAG(s) 'sodai_training_and_scoring' retrieved from /opt/airflow/dags/sodai_pipeline_dag.py
[2025-11-19T22:26:09.269+0000] {logging_mixin.py:188} INFO - [2025-11-19T22:26:09.269+0000] {dag.py:3096} INFO - Sync 1 DAGs
[2025-11-19T22:26:09.277+0000] {logging_mixin.py:188} INFO - [2025-11-19T22:26:09.277+0000] {dag.py:3954} INFO - Setting next_dagrun for sodai_training_and_scoring to None, run_after=None
[2025-11-19T22:26:09.312+0000] {processor.py:183} INFO - Processing /opt/airflow/dags/sodai_pipeline_dag.py took 0.089 seconds
[2025-11-19T22:26:42.692+0000] {processor.py:161} INFO - Started process (PID=819) to work on /opt/airflow/dags/sodai_pipeline_dag.py
[2025-11-19T22:26:42.693+0000] {processor.py:830} INFO - Processing file /opt/airflow/dags/sodai_pipeline_dag.py for tasks to queue
[2025-11-19T22:26:42.695+0000] {logging_mixin.py:188} INFO - [2025-11-19T22:26:42.694+0000] {dagbag.py:540} INFO - Filling up the DagBag from /opt/airflow/dags/sodai_pipeline_dag.py
[2025-11-19T22:26:42.713+0000] {processor.py:840} INFO - DAG(s) 'sodai_training_and_scoring' retrieved from /opt/airflow/dags/sodai_pipeline_dag.py
[2025-11-19T22:26:42.734+0000] {logging_mixin.py:188} INFO - [2025-11-19T22:26:42.734+0000] {dag.py:3096} INFO - Sync 1 DAGs
[2025-11-19T22:26:42.743+0000] {logging_mixin.py:188} INFO - [2025-11-19T22:26:42.743+0000] {dag.py:3954} INFO - Setting next_dagrun for sodai_training_and_scoring to None, run_after=None
[2025-11-19T22:26:42.757+0000] {processor.py:183} INFO - Processing /opt/airflow/dags/sodai_pipeline_dag.py took 0.070 seconds
[2025-11-19T22:27:16.164+0000] {processor.py:161} INFO - Started process (PID=829) to work on /opt/airflow/dags/sodai_pipeline_dag.py
[2025-11-19T22:27:16.165+0000] {processor.py:830} INFO - Processing file /opt/airflow/dags/sodai_pipeline_dag.py for tasks to queue
[2025-11-19T22:27:16.166+0000] {logging_mixin.py:188} INFO - [2025-11-19T22:27:16.166+0000] {dagbag.py:540} INFO - Filling up the DagBag from /opt/airflow/dags/sodai_pipeline_dag.py
[2025-11-19T22:27:16.181+0000] {processor.py:840} INFO - DAG(s) 'sodai_training_and_scoring' retrieved from /opt/airflow/dags/sodai_pipeline_dag.py
[2025-11-19T22:27:16.205+0000] {logging_mixin.py:188} INFO - [2025-11-19T22:27:16.204+0000] {dag.py:3096} INFO - Sync 1 DAGs
[2025-11-19T22:27:16.214+0000] {logging_mixin.py:188} INFO - [2025-11-19T22:27:16.214+0000] {dag.py:3954} INFO - Setting next_dagrun for sodai_training_and_scoring to None, run_after=None
[2025-11-19T22:27:16.249+0000] {processor.py:183} INFO - Processing /opt/airflow/dags/sodai_pipeline_dag.py took 0.090 seconds
[2025-11-19T22:27:46.752+0000] {processor.py:161} INFO - Started process (PID=839) to work on /opt/airflow/dags/sodai_pipeline_dag.py
[2025-11-19T22:27:46.754+0000] {processor.py:830} INFO - Processing file /opt/airflow/dags/sodai_pipeline_dag.py for tasks to queue
[2025-11-19T22:27:46.756+0000] {logging_mixin.py:188} INFO - [2025-11-19T22:27:46.755+0000] {dagbag.py:540} INFO - Filling up the DagBag from /opt/airflow/dags/sodai_pipeline_dag.py
[2025-11-19T22:27:46.777+0000] {processor.py:840} INFO - DAG(s) 'sodai_training_and_scoring' retrieved from /opt/airflow/dags/sodai_pipeline_dag.py
[2025-11-19T22:27:46.804+0000] {logging_mixin.py:188} INFO - [2025-11-19T22:27:46.804+0000] {dag.py:3096} INFO - Sync 1 DAGs
[2025-11-19T22:27:46.815+0000] {logging_mixin.py:188} INFO - [2025-11-19T22:27:46.814+0000] {dag.py:3954} INFO - Setting next_dagrun for sodai_training_and_scoring to None, run_after=None
[2025-11-19T22:27:48.812+0000] {processor.py:183} INFO - Processing /opt/airflow/dags/sodai_pipeline_dag.py took 0.109 seconds
[2025-11-19T22:28:22.182+0000] {processor.py:161} INFO - Started process (PID=854) to work on /opt/airflow/dags/sodai_pipeline_dag.py
[2025-11-19T22:28:22.183+0000] {processor.py:830} INFO - Processing file /opt/airflow/dags/sodai_pipeline_dag.py for tasks to queue
[2025-11-19T22:28:22.184+0000] {logging_mixin.py:188} INFO - [2025-11-19T22:28:22.184+0000] {dagbag.py:540} INFO - Filling up the DagBag from /opt/airflow/dags/sodai_pipeline_dag.py
[2025-11-19T22:28:22.199+0000] {processor.py:840} INFO - DAG(s) 'sodai_training_and_scoring' retrieved from /opt/airflow/dags/sodai_pipeline_dag.py
[2025-11-19T22:28:22.223+0000] {logging_mixin.py:188} INFO - [2025-11-19T22:28:22.223+0000] {dag.py:3096} INFO - Sync 1 DAGs
[2025-11-19T22:28:22.232+0000] {logging_mixin.py:188} INFO - [2025-11-19T22:28:22.232+0000] {dag.py:3954} INFO - Setting next_dagrun for sodai_training_and_scoring to None, run_after=None
[2025-11-19T22:28:22.269+0000] {processor.py:183} INFO - Processing /opt/airflow/dags/sodai_pipeline_dag.py took 0.091 seconds
[2025-11-19T22:28:55.722+0000] {processor.py:161} INFO - Started process (PID=864) to work on /opt/airflow/dags/sodai_pipeline_dag.py
[2025-11-19T22:28:55.723+0000] {processor.py:830} INFO - Processing file /opt/airflow/dags/sodai_pipeline_dag.py for tasks to queue
[2025-11-19T22:28:55.725+0000] {logging_mixin.py:188} INFO - [2025-11-19T22:28:55.725+0000] {dagbag.py:540} INFO - Filling up the DagBag from /opt/airflow/dags/sodai_pipeline_dag.py
[2025-11-19T22:28:55.744+0000] {processor.py:840} INFO - DAG(s) 'sodai_training_and_scoring' retrieved from /opt/airflow/dags/sodai_pipeline_dag.py
[2025-11-19T22:28:55.764+0000] {logging_mixin.py:188} INFO - [2025-11-19T22:28:55.763+0000] {dag.py:3096} INFO - Sync 1 DAGs
[2025-11-19T22:28:55.773+0000] {logging_mixin.py:188} INFO - [2025-11-19T22:28:55.773+0000] {dag.py:3954} INFO - Setting next_dagrun for sodai_training_and_scoring to None, run_after=None
[2025-11-19T22:28:55.808+0000] {processor.py:183} INFO - Processing /opt/airflow/dags/sodai_pipeline_dag.py took 0.090 seconds
[2025-11-19T22:29:26.149+0000] {processor.py:161} INFO - Started process (PID=874) to work on /opt/airflow/dags/sodai_pipeline_dag.py
[2025-11-19T22:29:26.150+0000] {processor.py:830} INFO - Processing file /opt/airflow/dags/sodai_pipeline_dag.py for tasks to queue
[2025-11-19T22:29:26.152+0000] {logging_mixin.py:188} INFO - [2025-11-19T22:29:26.151+0000] {dagbag.py:540} INFO - Filling up the DagBag from /opt/airflow/dags/sodai_pipeline_dag.py
[2025-11-19T22:29:26.167+0000] {processor.py:840} INFO - DAG(s) 'sodai_training_and_scoring' retrieved from /opt/airflow/dags/sodai_pipeline_dag.py
[2025-11-19T22:29:26.189+0000] {logging_mixin.py:188} INFO - [2025-11-19T22:29:26.189+0000] {dag.py:3096} INFO - Sync 1 DAGs
[2025-11-19T22:29:26.198+0000] {logging_mixin.py:188} INFO - [2025-11-19T22:29:26.198+0000] {dag.py:3954} INFO - Setting next_dagrun for sodai_training_and_scoring to None, run_after=None
[2025-11-19T22:29:26.212+0000] {processor.py:183} INFO - Processing /opt/airflow/dags/sodai_pipeline_dag.py took 0.067 seconds
[2025-11-19T22:29:56.370+0000] {processor.py:161} INFO - Started process (PID=884) to work on /opt/airflow/dags/sodai_pipeline_dag.py
[2025-11-19T22:29:56.371+0000] {processor.py:830} INFO - Processing file /opt/airflow/dags/sodai_pipeline_dag.py for tasks to queue
[2025-11-19T22:29:56.373+0000] {logging_mixin.py:188} INFO - [2025-11-19T22:29:56.373+0000] {dagbag.py:540} INFO - Filling up the DagBag from /opt/airflow/dags/sodai_pipeline_dag.py
[2025-11-19T22:29:56.392+0000] {processor.py:840} INFO - DAG(s) 'sodai_training_and_scoring' retrieved from /opt/airflow/dags/sodai_pipeline_dag.py
[2025-11-19T22:29:56.411+0000] {logging_mixin.py:188} INFO - [2025-11-19T22:29:56.411+0000] {dag.py:3096} INFO - Sync 1 DAGs
[2025-11-19T22:29:56.420+0000] {logging_mixin.py:188} INFO - [2025-11-19T22:29:56.419+0000] {dag.py:3954} INFO - Setting next_dagrun for sodai_training_and_scoring to None, run_after=None
[2025-11-19T22:29:56.457+0000] {processor.py:183} INFO - Processing /opt/airflow/dags/sodai_pipeline_dag.py took 0.092 seconds
[2025-11-19T22:30:26.894+0000] {processor.py:161} INFO - Started process (PID=894) to work on /opt/airflow/dags/sodai_pipeline_dag.py
[2025-11-19T22:30:26.895+0000] {processor.py:830} INFO - Processing file /opt/airflow/dags/sodai_pipeline_dag.py for tasks to queue
[2025-11-19T22:30:26.896+0000] {logging_mixin.py:188} INFO - [2025-11-19T22:30:26.896+0000] {dagbag.py:540} INFO - Filling up the DagBag from /opt/airflow/dags/sodai_pipeline_dag.py
[2025-11-19T22:30:26.931+0000] {processor.py:840} INFO - DAG(s) 'sodai_training_and_scoring' retrieved from /opt/airflow/dags/sodai_pipeline_dag.py
[2025-11-19T22:30:27.028+0000] {logging_mixin.py:188} INFO - [2025-11-19T22:30:27.027+0000] {dag.py:3096} INFO - Sync 1 DAGs
[2025-11-19T22:30:27.055+0000] {logging_mixin.py:188} INFO - [2025-11-19T22:30:27.055+0000] {dag.py:3954} INFO - Setting next_dagrun for sodai_training_and_scoring to None, run_after=None
[2025-11-19T22:30:27.088+0000] {processor.py:183} INFO - Processing /opt/airflow/dags/sodai_pipeline_dag.py took 0.199 seconds
[2025-11-19T22:30:57.283+0000] {processor.py:161} INFO - Started process (PID=904) to work on /opt/airflow/dags/sodai_pipeline_dag.py
[2025-11-19T22:30:57.284+0000] {processor.py:830} INFO - Processing file /opt/airflow/dags/sodai_pipeline_dag.py for tasks to queue
[2025-11-19T22:30:57.309+0000] {logging_mixin.py:188} INFO - [2025-11-19T22:30:57.308+0000] {dagbag.py:540} INFO - Filling up the DagBag from /opt/airflow/dags/sodai_pipeline_dag.py
[2025-11-19T22:30:57.328+0000] {processor.py:840} INFO - DAG(s) 'sodai_training_and_scoring' retrieved from /opt/airflow/dags/sodai_pipeline_dag.py
[2025-11-19T22:30:57.365+0000] {logging_mixin.py:188} INFO - [2025-11-19T22:30:57.365+0000] {dag.py:3096} INFO - Sync 1 DAGs
[2025-11-19T22:30:57.384+0000] {logging_mixin.py:188} INFO - [2025-11-19T22:30:57.384+0000] {dag.py:3954} INFO - Setting next_dagrun for sodai_training_and_scoring to None, run_after=None
[2025-11-19T22:30:57.404+0000] {processor.py:183} INFO - Processing /opt/airflow/dags/sodai_pipeline_dag.py took 0.125 seconds
[2025-11-19T22:31:27.843+0000] {processor.py:161} INFO - Started process (PID=914) to work on /opt/airflow/dags/sodai_pipeline_dag.py
[2025-11-19T22:31:27.844+0000] {processor.py:830} INFO - Processing file /opt/airflow/dags/sodai_pipeline_dag.py for tasks to queue
[2025-11-19T22:31:27.846+0000] {logging_mixin.py:188} INFO - [2025-11-19T22:31:27.846+0000] {dagbag.py:540} INFO - Filling up the DagBag from /opt/airflow/dags/sodai_pipeline_dag.py
[2025-11-19T22:31:27.864+0000] {processor.py:840} INFO - DAG(s) 'sodai_training_and_scoring' retrieved from /opt/airflow/dags/sodai_pipeline_dag.py
[2025-11-19T22:31:27.887+0000] {logging_mixin.py:188} INFO - [2025-11-19T22:31:27.886+0000] {dag.py:3096} INFO - Sync 1 DAGs
[2025-11-19T22:31:27.924+0000] {logging_mixin.py:188} INFO - [2025-11-19T22:31:27.924+0000] {dag.py:3954} INFO - Setting next_dagrun for sodai_training_and_scoring to None, run_after=None
[2025-11-19T22:31:27.947+0000] {processor.py:183} INFO - Processing /opt/airflow/dags/sodai_pipeline_dag.py took 0.107 seconds
[2025-11-19T22:31:58.213+0000] {processor.py:161} INFO - Started process (PID=924) to work on /opt/airflow/dags/sodai_pipeline_dag.py
[2025-11-19T22:31:58.215+0000] {processor.py:830} INFO - Processing file /opt/airflow/dags/sodai_pipeline_dag.py for tasks to queue
[2025-11-19T22:31:58.216+0000] {logging_mixin.py:188} INFO - [2025-11-19T22:31:58.216+0000] {dagbag.py:540} INFO - Filling up the DagBag from /opt/airflow/dags/sodai_pipeline_dag.py
[2025-11-19T22:31:58.231+0000] {processor.py:840} INFO - DAG(s) 'sodai_training_and_scoring' retrieved from /opt/airflow/dags/sodai_pipeline_dag.py
[2025-11-19T22:31:58.284+0000] {logging_mixin.py:188} INFO - [2025-11-19T22:31:58.284+0000] {dag.py:3096} INFO - Sync 1 DAGs
[2025-11-19T22:31:58.299+0000] {logging_mixin.py:188} INFO - [2025-11-19T22:31:58.298+0000] {dag.py:3954} INFO - Setting next_dagrun for sodai_training_and_scoring to None, run_after=None
[2025-11-19T22:31:58.317+0000] {processor.py:183} INFO - Processing /opt/airflow/dags/sodai_pipeline_dag.py took 0.108 seconds
[2025-11-19T22:32:28.795+0000] {processor.py:161} INFO - Started process (PID=934) to work on /opt/airflow/dags/sodai_pipeline_dag.py
[2025-11-19T22:32:28.796+0000] {processor.py:830} INFO - Processing file /opt/airflow/dags/sodai_pipeline_dag.py for tasks to queue
[2025-11-19T22:32:28.797+0000] {logging_mixin.py:188} INFO - [2025-11-19T22:32:28.797+0000] {dagbag.py:540} INFO - Filling up the DagBag from /opt/airflow/dags/sodai_pipeline_dag.py
[2025-11-19T22:32:28.815+0000] {processor.py:840} INFO - DAG(s) 'sodai_training_and_scoring' retrieved from /opt/airflow/dags/sodai_pipeline_dag.py
[2025-11-19T22:32:28.833+0000] {logging_mixin.py:188} INFO - [2025-11-19T22:32:28.833+0000] {dag.py:3096} INFO - Sync 1 DAGs
[2025-11-19T22:32:28.844+0000] {logging_mixin.py:188} INFO - [2025-11-19T22:32:28.844+0000] {dag.py:3954} INFO - Setting next_dagrun for sodai_training_and_scoring to None, run_after=None
[2025-11-19T22:32:28.862+0000] {processor.py:183} INFO - Processing /opt/airflow/dags/sodai_pipeline_dag.py took 0.072 seconds
[2025-11-19T22:32:59.081+0000] {processor.py:161} INFO - Started process (PID=944) to work on /opt/airflow/dags/sodai_pipeline_dag.py
[2025-11-19T22:32:59.082+0000] {processor.py:830} INFO - Processing file /opt/airflow/dags/sodai_pipeline_dag.py for tasks to queue
[2025-11-19T22:32:59.083+0000] {logging_mixin.py:188} INFO - [2025-11-19T22:32:59.083+0000] {dagbag.py:540} INFO - Filling up the DagBag from /opt/airflow/dags/sodai_pipeline_dag.py
[2025-11-19T22:32:59.101+0000] {processor.py:840} INFO - DAG(s) 'sodai_training_and_scoring' retrieved from /opt/airflow/dags/sodai_pipeline_dag.py
[2025-11-19T22:32:59.122+0000] {logging_mixin.py:188} INFO - [2025-11-19T22:32:59.121+0000] {dag.py:3096} INFO - Sync 1 DAGs
[2025-11-19T22:32:59.130+0000] {logging_mixin.py:188} INFO - [2025-11-19T22:32:59.130+0000] {dag.py:3954} INFO - Setting next_dagrun for sodai_training_and_scoring to None, run_after=None
[2025-11-19T22:32:59.146+0000] {processor.py:183} INFO - Processing /opt/airflow/dags/sodai_pipeline_dag.py took 0.069 seconds
[2025-11-19T22:33:29.650+0000] {processor.py:161} INFO - Started process (PID=954) to work on /opt/airflow/dags/sodai_pipeline_dag.py
[2025-11-19T22:33:29.651+0000] {processor.py:830} INFO - Processing file /opt/airflow/dags/sodai_pipeline_dag.py for tasks to queue
[2025-11-19T22:33:29.652+0000] {logging_mixin.py:188} INFO - [2025-11-19T22:33:29.652+0000] {dagbag.py:540} INFO - Filling up the DagBag from /opt/airflow/dags/sodai_pipeline_dag.py
[2025-11-19T22:33:29.667+0000] {processor.py:840} INFO - DAG(s) 'sodai_training_and_scoring' retrieved from /opt/airflow/dags/sodai_pipeline_dag.py
[2025-11-19T22:33:29.686+0000] {logging_mixin.py:188} INFO - [2025-11-19T22:33:29.686+0000] {dag.py:3096} INFO - Sync 1 DAGs
[2025-11-19T22:33:29.695+0000] {logging_mixin.py:188} INFO - [2025-11-19T22:33:29.694+0000] {dag.py:3954} INFO - Setting next_dagrun for sodai_training_and_scoring to None, run_after=None
[2025-11-19T22:33:29.734+0000] {processor.py:183} INFO - Processing /opt/airflow/dags/sodai_pipeline_dag.py took 0.089 seconds
[2025-11-19T22:34:00.063+0000] {processor.py:161} INFO - Started process (PID=964) to work on /opt/airflow/dags/sodai_pipeline_dag.py
[2025-11-19T22:34:00.064+0000] {processor.py:830} INFO - Processing file /opt/airflow/dags/sodai_pipeline_dag.py for tasks to queue
[2025-11-19T22:34:00.065+0000] {logging_mixin.py:188} INFO - [2025-11-19T22:34:00.065+0000] {dagbag.py:540} INFO - Filling up the DagBag from /opt/airflow/dags/sodai_pipeline_dag.py
[2025-11-19T22:34:00.081+0000] {processor.py:840} INFO - DAG(s) 'sodai_training_and_scoring' retrieved from /opt/airflow/dags/sodai_pipeline_dag.py
[2025-11-19T22:34:00.100+0000] {logging_mixin.py:188} INFO - [2025-11-19T22:34:00.100+0000] {dag.py:3096} INFO - Sync 1 DAGs
[2025-11-19T22:34:00.109+0000] {logging_mixin.py:188} INFO - [2025-11-19T22:34:00.108+0000] {dag.py:3954} INFO - Setting next_dagrun for sodai_training_and_scoring to None, run_after=None
[2025-11-19T22:34:00.145+0000] {processor.py:183} INFO - Processing /opt/airflow/dags/sodai_pipeline_dag.py took 0.086 seconds
[2025-11-19T22:34:30.404+0000] {processor.py:161} INFO - Started process (PID=974) to work on /opt/airflow/dags/sodai_pipeline_dag.py
[2025-11-19T22:34:30.405+0000] {processor.py:830} INFO - Processing file /opt/airflow/dags/sodai_pipeline_dag.py for tasks to queue
[2025-11-19T22:34:30.406+0000] {logging_mixin.py:188} INFO - [2025-11-19T22:34:30.406+0000] {dagbag.py:540} INFO - Filling up the DagBag from /opt/airflow/dags/sodai_pipeline_dag.py
[2025-11-19T22:34:30.422+0000] {processor.py:840} INFO - DAG(s) 'sodai_training_and_scoring' retrieved from /opt/airflow/dags/sodai_pipeline_dag.py
[2025-11-19T22:34:30.440+0000] {logging_mixin.py:188} INFO - [2025-11-19T22:34:30.440+0000] {dag.py:3096} INFO - Sync 1 DAGs
[2025-11-19T22:34:30.449+0000] {logging_mixin.py:188} INFO - [2025-11-19T22:34:30.448+0000] {dag.py:3954} INFO - Setting next_dagrun for sodai_training_and_scoring to None, run_after=None
[2025-11-19T22:34:30.463+0000] {processor.py:183} INFO - Processing /opt/airflow/dags/sodai_pipeline_dag.py took 0.063 seconds
[2025-11-19T22:35:00.781+0000] {processor.py:161} INFO - Started process (PID=979) to work on /opt/airflow/dags/sodai_pipeline_dag.py
[2025-11-19T22:35:00.782+0000] {processor.py:830} INFO - Processing file /opt/airflow/dags/sodai_pipeline_dag.py for tasks to queue
[2025-11-19T22:35:00.784+0000] {logging_mixin.py:188} INFO - [2025-11-19T22:35:00.784+0000] {dagbag.py:540} INFO - Filling up the DagBag from /opt/airflow/dags/sodai_pipeline_dag.py
[2025-11-19T22:35:00.807+0000] {processor.py:840} INFO - DAG(s) 'sodai_training_and_scoring' retrieved from /opt/airflow/dags/sodai_pipeline_dag.py
[2025-11-19T22:35:00.835+0000] {logging_mixin.py:188} INFO - [2025-11-19T22:35:00.835+0000] {dag.py:3096} INFO - Sync 1 DAGs
[2025-11-19T22:35:00.845+0000] {logging_mixin.py:188} INFO - [2025-11-19T22:35:00.845+0000] {dag.py:3954} INFO - Setting next_dagrun for sodai_training_and_scoring to None, run_after=None
[2025-11-19T22:35:00.861+0000] {processor.py:183} INFO - Processing /opt/airflow/dags/sodai_pipeline_dag.py took 0.085 seconds
[2025-11-19T22:35:33.218+0000] {processor.py:161} INFO - Started process (PID=989) to work on /opt/airflow/dags/sodai_pipeline_dag.py
[2025-11-19T22:35:33.219+0000] {processor.py:830} INFO - Processing file /opt/airflow/dags/sodai_pipeline_dag.py for tasks to queue
[2025-11-19T22:35:33.220+0000] {logging_mixin.py:188} INFO - [2025-11-19T22:35:33.220+0000] {dagbag.py:540} INFO - Filling up the DagBag from /opt/airflow/dags/sodai_pipeline_dag.py
[2025-11-19T22:35:33.240+0000] {processor.py:840} INFO - DAG(s) 'sodai_training_and_scoring' retrieved from /opt/airflow/dags/sodai_pipeline_dag.py
[2025-11-19T22:35:33.267+0000] {logging_mixin.py:188} INFO - [2025-11-19T22:35:33.266+0000] {dag.py:3096} INFO - Sync 1 DAGs
[2025-11-19T22:35:33.276+0000] {logging_mixin.py:188} INFO - [2025-11-19T22:35:33.275+0000] {dag.py:3954} INFO - Setting next_dagrun for sodai_training_and_scoring to None, run_after=None
[2025-11-19T22:35:33.316+0000] {processor.py:183} INFO - Processing /opt/airflow/dags/sodai_pipeline_dag.py took 0.103 seconds
[2025-11-19T22:36:06.632+0000] {processor.py:161} INFO - Started process (PID=999) to work on /opt/airflow/dags/sodai_pipeline_dag.py
[2025-11-19T22:36:06.633+0000] {processor.py:830} INFO - Processing file /opt/airflow/dags/sodai_pipeline_dag.py for tasks to queue
[2025-11-19T22:36:06.634+0000] {logging_mixin.py:188} INFO - [2025-11-19T22:36:06.634+0000] {dagbag.py:540} INFO - Filling up the DagBag from /opt/airflow/dags/sodai_pipeline_dag.py
[2025-11-19T22:36:06.652+0000] {processor.py:840} INFO - DAG(s) 'sodai_training_and_scoring' retrieved from /opt/airflow/dags/sodai_pipeline_dag.py
[2025-11-19T22:36:06.673+0000] {logging_mixin.py:188} INFO - [2025-11-19T22:36:06.673+0000] {dag.py:3096} INFO - Sync 1 DAGs
[2025-11-19T22:36:06.683+0000] {logging_mixin.py:188} INFO - [2025-11-19T22:36:06.682+0000] {dag.py:3954} INFO - Setting next_dagrun for sodai_training_and_scoring to None, run_after=None
[2025-11-19T22:36:06.726+0000] {processor.py:183} INFO - Processing /opt/airflow/dags/sodai_pipeline_dag.py took 0.098 seconds
[2025-11-19T22:36:40.031+0000] {processor.py:161} INFO - Started process (PID=1009) to work on /opt/airflow/dags/sodai_pipeline_dag.py
[2025-11-19T22:36:40.032+0000] {processor.py:830} INFO - Processing file /opt/airflow/dags/sodai_pipeline_dag.py for tasks to queue
[2025-11-19T22:36:40.034+0000] {logging_mixin.py:188} INFO - [2025-11-19T22:36:40.033+0000] {dagbag.py:540} INFO - Filling up the DagBag from /opt/airflow/dags/sodai_pipeline_dag.py
[2025-11-19T22:36:40.050+0000] {processor.py:840} INFO - DAG(s) 'sodai_training_and_scoring' retrieved from /opt/airflow/dags/sodai_pipeline_dag.py
[2025-11-19T22:36:40.072+0000] {logging_mixin.py:188} INFO - [2025-11-19T22:36:40.072+0000] {dag.py:3096} INFO - Sync 1 DAGs
[2025-11-19T22:36:40.082+0000] {logging_mixin.py:188} INFO - [2025-11-19T22:36:40.082+0000] {dag.py:3954} INFO - Setting next_dagrun for sodai_training_and_scoring to None, run_after=None
[2025-11-19T22:36:40.096+0000] {processor.py:183} INFO - Processing /opt/airflow/dags/sodai_pipeline_dag.py took 0.069 seconds
[2025-11-19T22:37:13.407+0000] {processor.py:161} INFO - Started process (PID=1019) to work on /opt/airflow/dags/sodai_pipeline_dag.py
[2025-11-19T22:37:13.408+0000] {processor.py:830} INFO - Processing file /opt/airflow/dags/sodai_pipeline_dag.py for tasks to queue
[2025-11-19T22:37:13.409+0000] {logging_mixin.py:188} INFO - [2025-11-19T22:37:13.409+0000] {dagbag.py:540} INFO - Filling up the DagBag from /opt/airflow/dags/sodai_pipeline_dag.py
[2025-11-19T22:37:13.425+0000] {processor.py:840} INFO - DAG(s) 'sodai_training_and_scoring' retrieved from /opt/airflow/dags/sodai_pipeline_dag.py
[2025-11-19T22:37:13.446+0000] {logging_mixin.py:188} INFO - [2025-11-19T22:37:13.446+0000] {dag.py:3096} INFO - Sync 1 DAGs
[2025-11-19T22:37:13.455+0000] {logging_mixin.py:188} INFO - [2025-11-19T22:37:13.455+0000] {dag.py:3954} INFO - Setting next_dagrun for sodai_training_and_scoring to None, run_after=None
[2025-11-19T22:37:13.467+0000] {processor.py:183} INFO - Processing /opt/airflow/dags/sodai_pipeline_dag.py took 0.064 seconds
[2025-11-19T22:37:45.767+0000] {processor.py:161} INFO - Started process (PID=1029) to work on /opt/airflow/dags/sodai_pipeline_dag.py
[2025-11-19T22:37:45.767+0000] {processor.py:830} INFO - Processing file /opt/airflow/dags/sodai_pipeline_dag.py for tasks to queue
[2025-11-19T22:37:45.769+0000] {logging_mixin.py:188} INFO - [2025-11-19T22:37:45.768+0000] {dagbag.py:540} INFO - Filling up the DagBag from /opt/airflow/dags/sodai_pipeline_dag.py
[2025-11-19T22:37:45.787+0000] {processor.py:840} INFO - DAG(s) 'sodai_training_and_scoring' retrieved from /opt/airflow/dags/sodai_pipeline_dag.py
[2025-11-19T22:37:45.809+0000] {logging_mixin.py:188} INFO - [2025-11-19T22:37:45.809+0000] {dag.py:3096} INFO - Sync 1 DAGs
[2025-11-19T22:37:45.819+0000] {logging_mixin.py:188} INFO - [2025-11-19T22:37:45.819+0000] {dag.py:3954} INFO - Setting next_dagrun for sodai_training_and_scoring to None, run_after=None
[2025-11-19T22:37:45.855+0000] {processor.py:183} INFO - Processing /opt/airflow/dags/sodai_pipeline_dag.py took 0.092 seconds
[2025-11-19T22:38:19.027+0000] {processor.py:161} INFO - Started process (PID=1039) to work on /opt/airflow/dags/sodai_pipeline_dag.py
[2025-11-19T22:38:19.028+0000] {processor.py:830} INFO - Processing file /opt/airflow/dags/sodai_pipeline_dag.py for tasks to queue
[2025-11-19T22:38:19.029+0000] {logging_mixin.py:188} INFO - [2025-11-19T22:38:19.029+0000] {dagbag.py:540} INFO - Filling up the DagBag from /opt/airflow/dags/sodai_pipeline_dag.py
[2025-11-19T22:38:19.046+0000] {processor.py:840} INFO - DAG(s) 'sodai_training_and_scoring' retrieved from /opt/airflow/dags/sodai_pipeline_dag.py
[2025-11-19T22:38:19.070+0000] {logging_mixin.py:188} INFO - [2025-11-19T22:38:19.070+0000] {dag.py:3096} INFO - Sync 1 DAGs
[2025-11-19T22:38:19.081+0000] {logging_mixin.py:188} INFO - [2025-11-19T22:38:19.081+0000] {dag.py:3954} INFO - Setting next_dagrun for sodai_training_and_scoring to None, run_after=None
[2025-11-19T22:38:19.107+0000] {processor.py:183} INFO - Processing /opt/airflow/dags/sodai_pipeline_dag.py took 0.084 seconds
[2025-11-19T22:38:52.407+0000] {processor.py:161} INFO - Started process (PID=1049) to work on /opt/airflow/dags/sodai_pipeline_dag.py
[2025-11-19T22:38:52.408+0000] {processor.py:830} INFO - Processing file /opt/airflow/dags/sodai_pipeline_dag.py for tasks to queue
[2025-11-19T22:38:52.409+0000] {logging_mixin.py:188} INFO - [2025-11-19T22:38:52.409+0000] {dagbag.py:540} INFO - Filling up the DagBag from /opt/airflow/dags/sodai_pipeline_dag.py
[2025-11-19T22:38:52.427+0000] {processor.py:840} INFO - DAG(s) 'sodai_training_and_scoring' retrieved from /opt/airflow/dags/sodai_pipeline_dag.py
[2025-11-19T22:38:52.475+0000] {logging_mixin.py:188} INFO - [2025-11-19T22:38:52.475+0000] {dag.py:3096} INFO - Sync 1 DAGs
[2025-11-19T22:38:52.486+0000] {logging_mixin.py:188} INFO - [2025-11-19T22:38:52.486+0000] {dag.py:3954} INFO - Setting next_dagrun for sodai_training_and_scoring to None, run_after=None
[2025-11-19T22:38:52.500+0000] {processor.py:183} INFO - Processing /opt/airflow/dags/sodai_pipeline_dag.py took 0.098 seconds
[2025-11-19T22:39:24.743+0000] {processor.py:161} INFO - Started process (PID=1059) to work on /opt/airflow/dags/sodai_pipeline_dag.py
[2025-11-19T22:39:24.744+0000] {processor.py:830} INFO - Processing file /opt/airflow/dags/sodai_pipeline_dag.py for tasks to queue
[2025-11-19T22:39:24.746+0000] {logging_mixin.py:188} INFO - [2025-11-19T22:39:24.745+0000] {dagbag.py:540} INFO - Filling up the DagBag from /opt/airflow/dags/sodai_pipeline_dag.py
[2025-11-19T22:39:24.765+0000] {processor.py:840} INFO - DAG(s) 'sodai_training_and_scoring' retrieved from /opt/airflow/dags/sodai_pipeline_dag.py
[2025-11-19T22:39:24.790+0000] {logging_mixin.py:188} INFO - [2025-11-19T22:39:24.790+0000] {dag.py:3096} INFO - Sync 1 DAGs
[2025-11-19T22:39:24.801+0000] {logging_mixin.py:188} INFO - [2025-11-19T22:39:24.800+0000] {dag.py:3954} INFO - Setting next_dagrun for sodai_training_and_scoring to None, run_after=None
[2025-11-19T22:39:24.818+0000] {processor.py:183} INFO - Processing /opt/airflow/dags/sodai_pipeline_dag.py took 0.079 seconds
[2025-11-19T22:39:58.100+0000] {processor.py:161} INFO - Started process (PID=1069) to work on /opt/airflow/dags/sodai_pipeline_dag.py
[2025-11-19T22:39:58.101+0000] {processor.py:830} INFO - Processing file /opt/airflow/dags/sodai_pipeline_dag.py for tasks to queue
[2025-11-19T22:39:58.103+0000] {logging_mixin.py:188} INFO - [2025-11-19T22:39:58.102+0000] {dagbag.py:540} INFO - Filling up the DagBag from /opt/airflow/dags/sodai_pipeline_dag.py
[2025-11-19T22:39:58.117+0000] {processor.py:840} INFO - DAG(s) 'sodai_training_and_scoring' retrieved from /opt/airflow/dags/sodai_pipeline_dag.py
[2025-11-19T22:39:58.140+0000] {logging_mixin.py:188} INFO - [2025-11-19T22:39:58.139+0000] {dag.py:3096} INFO - Sync 1 DAGs
[2025-11-19T22:39:58.149+0000] {logging_mixin.py:188} INFO - [2025-11-19T22:39:58.149+0000] {dag.py:3954} INFO - Setting next_dagrun for sodai_training_and_scoring to None, run_after=None
[2025-11-19T22:39:58.192+0000] {processor.py:183} INFO - Processing /opt/airflow/dags/sodai_pipeline_dag.py took 0.097 seconds
[2025-11-19T22:40:31.517+0000] {processor.py:161} INFO - Started process (PID=1079) to work on /opt/airflow/dags/sodai_pipeline_dag.py
[2025-11-19T22:40:31.518+0000] {processor.py:830} INFO - Processing file /opt/airflow/dags/sodai_pipeline_dag.py for tasks to queue
[2025-11-19T22:40:31.519+0000] {logging_mixin.py:188} INFO - [2025-11-19T22:40:31.519+0000] {dagbag.py:540} INFO - Filling up the DagBag from /opt/airflow/dags/sodai_pipeline_dag.py
[2025-11-19T22:40:31.537+0000] {processor.py:840} INFO - DAG(s) 'sodai_training_and_scoring' retrieved from /opt/airflow/dags/sodai_pipeline_dag.py
[2025-11-19T22:40:31.560+0000] {logging_mixin.py:188} INFO - [2025-11-19T22:40:31.559+0000] {dag.py:3096} INFO - Sync 1 DAGs
[2025-11-19T22:40:31.570+0000] {logging_mixin.py:188} INFO - [2025-11-19T22:40:31.570+0000] {dag.py:3954} INFO - Setting next_dagrun for sodai_training_and_scoring to None, run_after=None
[2025-11-19T22:40:31.584+0000] {processor.py:183} INFO - Processing /opt/airflow/dags/sodai_pipeline_dag.py took 0.071 seconds
[2025-11-19T22:41:01.932+0000] {processor.py:161} INFO - Started process (PID=1089) to work on /opt/airflow/dags/sodai_pipeline_dag.py
[2025-11-19T22:41:01.933+0000] {processor.py:830} INFO - Processing file /opt/airflow/dags/sodai_pipeline_dag.py for tasks to queue
[2025-11-19T22:41:01.935+0000] {logging_mixin.py:188} INFO - [2025-11-19T22:41:01.934+0000] {dagbag.py:540} INFO - Filling up the DagBag from /opt/airflow/dags/sodai_pipeline_dag.py
[2025-11-19T22:41:01.948+0000] {processor.py:840} INFO - DAG(s) 'sodai_training_and_scoring' retrieved from /opt/airflow/dags/sodai_pipeline_dag.py
[2025-11-19T22:41:01.969+0000] {logging_mixin.py:188} INFO - [2025-11-19T22:41:01.969+0000] {dag.py:3096} INFO - Sync 1 DAGs
[2025-11-19T22:41:01.980+0000] {logging_mixin.py:188} INFO - [2025-11-19T22:41:01.980+0000] {dag.py:3954} INFO - Setting next_dagrun for sodai_training_and_scoring to None, run_after=None
[2025-11-19T22:41:04.003+0000] {processor.py:183} INFO - Processing /opt/airflow/dags/sodai_pipeline_dag.py took 0.086 seconds
[2025-11-19T22:41:37.290+0000] {processor.py:161} INFO - Started process (PID=1104) to work on /opt/airflow/dags/sodai_pipeline_dag.py
[2025-11-19T22:41:37.291+0000] {processor.py:830} INFO - Processing file /opt/airflow/dags/sodai_pipeline_dag.py for tasks to queue
[2025-11-19T22:41:37.293+0000] {logging_mixin.py:188} INFO - [2025-11-19T22:41:37.292+0000] {dagbag.py:540} INFO - Filling up the DagBag from /opt/airflow/dags/sodai_pipeline_dag.py
[2025-11-19T22:41:37.308+0000] {processor.py:840} INFO - DAG(s) 'sodai_training_and_scoring' retrieved from /opt/airflow/dags/sodai_pipeline_dag.py
[2025-11-19T22:41:37.325+0000] {logging_mixin.py:188} INFO - [2025-11-19T22:41:37.325+0000] {dag.py:3096} INFO - Sync 1 DAGs
[2025-11-19T22:41:37.335+0000] {logging_mixin.py:188} INFO - [2025-11-19T22:41:37.335+0000] {dag.py:3954} INFO - Setting next_dagrun for sodai_training_and_scoring to None, run_after=None
[2025-11-19T22:41:37.367+0000] {processor.py:183} INFO - Processing /opt/airflow/dags/sodai_pipeline_dag.py took 0.081 seconds
[2025-11-19T22:42:10.826+0000] {processor.py:161} INFO - Started process (PID=1114) to work on /opt/airflow/dags/sodai_pipeline_dag.py
[2025-11-19T22:42:10.827+0000] {processor.py:830} INFO - Processing file /opt/airflow/dags/sodai_pipeline_dag.py for tasks to queue
[2025-11-19T22:42:10.828+0000] {logging_mixin.py:188} INFO - [2025-11-19T22:42:10.828+0000] {dagbag.py:540} INFO - Filling up the DagBag from /opt/airflow/dags/sodai_pipeline_dag.py
[2025-11-19T22:42:10.846+0000] {processor.py:840} INFO - DAG(s) 'sodai_training_and_scoring' retrieved from /opt/airflow/dags/sodai_pipeline_dag.py
[2025-11-19T22:42:10.865+0000] {logging_mixin.py:188} INFO - [2025-11-19T22:42:10.865+0000] {dag.py:3096} INFO - Sync 1 DAGs
[2025-11-19T22:42:10.874+0000] {logging_mixin.py:188} INFO - [2025-11-19T22:42:10.874+0000] {dag.py:3954} INFO - Setting next_dagrun for sodai_training_and_scoring to None, run_after=None
[2025-11-19T22:42:10.911+0000] {processor.py:183} INFO - Processing /opt/airflow/dags/sodai_pipeline_dag.py took 0.091 seconds
[2025-11-19T22:42:41.269+0000] {processor.py:161} INFO - Started process (PID=1124) to work on /opt/airflow/dags/sodai_pipeline_dag.py
[2025-11-19T22:42:41.270+0000] {processor.py:830} INFO - Processing file /opt/airflow/dags/sodai_pipeline_dag.py for tasks to queue
[2025-11-19T22:42:41.271+0000] {logging_mixin.py:188} INFO - [2025-11-19T22:42:41.271+0000] {dagbag.py:540} INFO - Filling up the DagBag from /opt/airflow/dags/sodai_pipeline_dag.py
[2025-11-19T22:42:41.289+0000] {processor.py:840} INFO - DAG(s) 'sodai_training_and_scoring' retrieved from /opt/airflow/dags/sodai_pipeline_dag.py
[2025-11-19T22:42:41.308+0000] {logging_mixin.py:188} INFO - [2025-11-19T22:42:41.308+0000] {dag.py:3096} INFO - Sync 1 DAGs
[2025-11-19T22:42:41.319+0000] {logging_mixin.py:188} INFO - [2025-11-19T22:42:41.319+0000] {dag.py:3954} INFO - Setting next_dagrun for sodai_training_and_scoring to None, run_after=None
[2025-11-19T22:42:43.355+0000] {processor.py:183} INFO - Processing /opt/airflow/dags/sodai_pipeline_dag.py took 0.088 seconds
[2025-11-19T22:43:16.600+0000] {processor.py:161} INFO - Started process (PID=1134) to work on /opt/airflow/dags/sodai_pipeline_dag.py
[2025-11-19T22:43:16.601+0000] {processor.py:830} INFO - Processing file /opt/airflow/dags/sodai_pipeline_dag.py for tasks to queue
[2025-11-19T22:43:16.603+0000] {logging_mixin.py:188} INFO - [2025-11-19T22:43:16.602+0000] {dagbag.py:540} INFO - Filling up the DagBag from /opt/airflow/dags/sodai_pipeline_dag.py
[2025-11-19T22:43:16.618+0000] {processor.py:840} INFO - DAG(s) 'sodai_training_and_scoring' retrieved from /opt/airflow/dags/sodai_pipeline_dag.py
[2025-11-19T22:43:16.637+0000] {logging_mixin.py:188} INFO - [2025-11-19T22:43:16.637+0000] {dag.py:3096} INFO - Sync 1 DAGs
[2025-11-19T22:43:16.645+0000] {logging_mixin.py:188} INFO - [2025-11-19T22:43:16.645+0000] {dag.py:3954} INFO - Setting next_dagrun for sodai_training_and_scoring to None, run_after=None
[2025-11-19T22:43:16.666+0000] {processor.py:183} INFO - Processing /opt/airflow/dags/sodai_pipeline_dag.py took 0.071 seconds
[2025-11-19T22:43:50.047+0000] {processor.py:161} INFO - Started process (PID=1144) to work on /opt/airflow/dags/sodai_pipeline_dag.py
[2025-11-19T22:43:50.048+0000] {processor.py:830} INFO - Processing file /opt/airflow/dags/sodai_pipeline_dag.py for tasks to queue
[2025-11-19T22:43:50.050+0000] {logging_mixin.py:188} INFO - [2025-11-19T22:43:50.050+0000] {dagbag.py:540} INFO - Filling up the DagBag from /opt/airflow/dags/sodai_pipeline_dag.py
[2025-11-19T22:43:50.071+0000] {processor.py:840} INFO - DAG(s) 'sodai_training_and_scoring' retrieved from /opt/airflow/dags/sodai_pipeline_dag.py
[2025-11-19T22:43:50.092+0000] {logging_mixin.py:188} INFO - [2025-11-19T22:43:50.092+0000] {dag.py:3096} INFO - Sync 1 DAGs
[2025-11-19T22:43:50.101+0000] {logging_mixin.py:188} INFO - [2025-11-19T22:43:50.101+0000] {dag.py:3954} INFO - Setting next_dagrun for sodai_training_and_scoring to None, run_after=None
[2025-11-19T22:43:50.119+0000] {processor.py:183} INFO - Processing /opt/airflow/dags/sodai_pipeline_dag.py took 0.076 seconds
[2025-11-19T22:44:23.428+0000] {processor.py:161} INFO - Started process (PID=1282) to work on /opt/airflow/dags/sodai_pipeline_dag.py
[2025-11-19T22:44:23.429+0000] {processor.py:830} INFO - Processing file /opt/airflow/dags/sodai_pipeline_dag.py for tasks to queue
[2025-11-19T22:44:23.432+0000] {logging_mixin.py:188} INFO - [2025-11-19T22:44:23.431+0000] {dagbag.py:540} INFO - Filling up the DagBag from /opt/airflow/dags/sodai_pipeline_dag.py
[2025-11-19T22:44:23.459+0000] {processor.py:840} INFO - DAG(s) 'sodai_training_and_scoring' retrieved from /opt/airflow/dags/sodai_pipeline_dag.py
[2025-11-19T22:44:23.496+0000] {logging_mixin.py:188} INFO - [2025-11-19T22:44:23.495+0000] {dag.py:3096} INFO - Sync 1 DAGs
[2025-11-19T22:44:23.517+0000] {logging_mixin.py:188} INFO - [2025-11-19T22:44:23.516+0000] {dag.py:3954} INFO - Setting next_dagrun for sodai_training_and_scoring to None, run_after=None
[2025-11-19T22:44:23.572+0000] {processor.py:183} INFO - Processing /opt/airflow/dags/sodai_pipeline_dag.py took 0.152 seconds
[2025-11-19T22:44:55.753+0000] {processor.py:161} INFO - Started process (PID=1292) to work on /opt/airflow/dags/sodai_pipeline_dag.py
[2025-11-19T22:44:55.755+0000] {processor.py:830} INFO - Processing file /opt/airflow/dags/sodai_pipeline_dag.py for tasks to queue
[2025-11-19T22:44:55.759+0000] {logging_mixin.py:188} INFO - [2025-11-19T22:44:55.758+0000] {dagbag.py:540} INFO - Filling up the DagBag from /opt/airflow/dags/sodai_pipeline_dag.py
[2025-11-19T22:44:55.791+0000] {processor.py:840} INFO - DAG(s) 'sodai_training_and_scoring' retrieved from /opt/airflow/dags/sodai_pipeline_dag.py
[2025-11-19T22:44:55.833+0000] {logging_mixin.py:188} INFO - [2025-11-19T22:44:55.832+0000] {dag.py:3096} INFO - Sync 1 DAGs
[2025-11-19T22:44:55.854+0000] {logging_mixin.py:188} INFO - [2025-11-19T22:44:55.854+0000] {dag.py:3954} INFO - Setting next_dagrun for sodai_training_and_scoring to None, run_after=None
[2025-11-19T22:44:55.904+0000] {processor.py:183} INFO - Processing /opt/airflow/dags/sodai_pipeline_dag.py took 0.159 seconds
[2025-11-19T22:45:29.194+0000] {processor.py:161} INFO - Started process (PID=1302) to work on /opt/airflow/dags/sodai_pipeline_dag.py
[2025-11-19T22:45:29.196+0000] {processor.py:830} INFO - Processing file /opt/airflow/dags/sodai_pipeline_dag.py for tasks to queue
[2025-11-19T22:45:29.199+0000] {logging_mixin.py:188} INFO - [2025-11-19T22:45:29.199+0000] {dagbag.py:540} INFO - Filling up the DagBag from /opt/airflow/dags/sodai_pipeline_dag.py
[2025-11-19T22:45:29.230+0000] {processor.py:840} INFO - DAG(s) 'sodai_training_and_scoring' retrieved from /opt/airflow/dags/sodai_pipeline_dag.py
[2025-11-19T22:45:29.267+0000] {logging_mixin.py:188} INFO - [2025-11-19T22:45:29.266+0000] {dag.py:3096} INFO - Sync 1 DAGs
[2025-11-19T22:45:29.285+0000] {logging_mixin.py:188} INFO - [2025-11-19T22:45:29.285+0000] {dag.py:3954} INFO - Setting next_dagrun for sodai_training_and_scoring to None, run_after=None
[2025-11-19T22:45:29.335+0000] {processor.py:183} INFO - Processing /opt/airflow/dags/sodai_pipeline_dag.py took 0.149 seconds
[2025-11-19T22:46:02.085+0000] {processor.py:161} INFO - Started process (PID=1312) to work on /opt/airflow/dags/sodai_pipeline_dag.py
[2025-11-19T22:46:02.089+0000] {processor.py:830} INFO - Processing file /opt/airflow/dags/sodai_pipeline_dag.py for tasks to queue
[2025-11-19T22:46:02.098+0000] {logging_mixin.py:188} INFO - [2025-11-19T22:46:02.097+0000] {dagbag.py:540} INFO - Filling up the DagBag from /opt/airflow/dags/sodai_pipeline_dag.py
[2025-11-19T22:46:02.169+0000] {processor.py:840} INFO - DAG(s) 'sodai_training_and_scoring' retrieved from /opt/airflow/dags/sodai_pipeline_dag.py
[2025-11-19T22:46:02.278+0000] {logging_mixin.py:188} INFO - [2025-11-19T22:46:02.276+0000] {dag.py:3096} INFO - Sync 1 DAGs
[2025-11-19T22:46:02.329+0000] {logging_mixin.py:188} INFO - [2025-11-19T22:46:02.327+0000] {dag.py:3954} INFO - Setting next_dagrun for sodai_training_and_scoring to None, run_after=None
[2025-11-19T22:46:02.431+0000] {processor.py:183} INFO - Processing /opt/airflow/dags/sodai_pipeline_dag.py took 0.369 seconds
[2025-11-19T22:46:35.937+0000] {processor.py:161} INFO - Started process (PID=1322) to work on /opt/airflow/dags/sodai_pipeline_dag.py
[2025-11-19T22:46:35.945+0000] {processor.py:830} INFO - Processing file /opt/airflow/dags/sodai_pipeline_dag.py for tasks to queue
[2025-11-19T22:46:35.959+0000] {logging_mixin.py:188} INFO - [2025-11-19T22:46:35.957+0000] {dagbag.py:540} INFO - Filling up the DagBag from /opt/airflow/dags/sodai_pipeline_dag.py
[2025-11-19T22:46:36.055+0000] {processor.py:840} INFO - DAG(s) 'sodai_training_and_scoring' retrieved from /opt/airflow/dags/sodai_pipeline_dag.py
[2025-11-19T22:46:36.195+0000] {logging_mixin.py:188} INFO - [2025-11-19T22:46:36.194+0000] {dag.py:3096} INFO - Sync 1 DAGs
[2025-11-19T22:46:36.262+0000] {logging_mixin.py:188} INFO - [2025-11-19T22:46:36.261+0000] {dag.py:3954} INFO - Setting next_dagrun for sodai_training_and_scoring to None, run_after=None
[2025-11-19T22:46:36.369+0000] {processor.py:183} INFO - Processing /opt/airflow/dags/sodai_pipeline_dag.py took 0.463 seconds
[2025-11-19T22:47:09.311+0000] {processor.py:161} INFO - Started process (PID=1332) to work on /opt/airflow/dags/sodai_pipeline_dag.py
[2025-11-19T22:47:09.316+0000] {processor.py:830} INFO - Processing file /opt/airflow/dags/sodai_pipeline_dag.py for tasks to queue
[2025-11-19T22:47:09.327+0000] {logging_mixin.py:188} INFO - [2025-11-19T22:47:09.323+0000] {dagbag.py:540} INFO - Filling up the DagBag from /opt/airflow/dags/sodai_pipeline_dag.py
[2025-11-19T22:47:09.429+0000] {processor.py:840} INFO - DAG(s) 'sodai_training_and_scoring' retrieved from /opt/airflow/dags/sodai_pipeline_dag.py
[2025-11-19T22:47:09.554+0000] {logging_mixin.py:188} INFO - [2025-11-19T22:47:09.554+0000] {dag.py:3096} INFO - Sync 1 DAGs
[2025-11-19T22:47:09.616+0000] {logging_mixin.py:188} INFO - [2025-11-19T22:47:09.615+0000] {dag.py:3954} INFO - Setting next_dagrun for sodai_training_and_scoring to None, run_after=None
[2025-11-19T22:47:09.713+0000] {processor.py:183} INFO - Processing /opt/airflow/dags/sodai_pipeline_dag.py took 0.434 seconds
[2025-11-19T22:47:41.906+0000] {processor.py:161} INFO - Started process (PID=1342) to work on /opt/airflow/dags/sodai_pipeline_dag.py
[2025-11-19T22:47:41.911+0000] {processor.py:830} INFO - Processing file /opt/airflow/dags/sodai_pipeline_dag.py for tasks to queue
[2025-11-19T22:47:41.917+0000] {logging_mixin.py:188} INFO - [2025-11-19T22:47:41.917+0000] {dagbag.py:540} INFO - Filling up the DagBag from /opt/airflow/dags/sodai_pipeline_dag.py
[2025-11-19T22:47:41.989+0000] {processor.py:840} INFO - DAG(s) 'sodai_training_and_scoring' retrieved from /opt/airflow/dags/sodai_pipeline_dag.py
[2025-11-19T22:47:42.087+0000] {logging_mixin.py:188} INFO - [2025-11-19T22:47:42.086+0000] {dag.py:3096} INFO - Sync 1 DAGs
[2025-11-19T22:47:42.133+0000] {logging_mixin.py:188} INFO - [2025-11-19T22:47:42.132+0000] {dag.py:3954} INFO - Setting next_dagrun for sodai_training_and_scoring to None, run_after=None
[2025-11-19T22:47:42.205+0000] {processor.py:183} INFO - Processing /opt/airflow/dags/sodai_pipeline_dag.py took 0.326 seconds
[2025-11-19T22:48:15.016+0000] {processor.py:161} INFO - Started process (PID=1352) to work on /opt/airflow/dags/sodai_pipeline_dag.py
[2025-11-19T22:48:15.021+0000] {processor.py:830} INFO - Processing file /opt/airflow/dags/sodai_pipeline_dag.py for tasks to queue
[2025-11-19T22:48:15.032+0000] {logging_mixin.py:188} INFO - [2025-11-19T22:48:15.030+0000] {dagbag.py:540} INFO - Filling up the DagBag from /opt/airflow/dags/sodai_pipeline_dag.py
[2025-11-19T22:48:15.144+0000] {processor.py:840} INFO - DAG(s) 'sodai_training_and_scoring' retrieved from /opt/airflow/dags/sodai_pipeline_dag.py
[2025-11-19T22:48:15.272+0000] {logging_mixin.py:188} INFO - [2025-11-19T22:48:15.271+0000] {dag.py:3096} INFO - Sync 1 DAGs
[2025-11-19T22:48:15.322+0000] {logging_mixin.py:188} INFO - [2025-11-19T22:48:15.321+0000] {dag.py:3954} INFO - Setting next_dagrun for sodai_training_and_scoring to None, run_after=None
[2025-11-19T22:48:15.431+0000] {processor.py:183} INFO - Processing /opt/airflow/dags/sodai_pipeline_dag.py took 0.436 seconds
[2025-11-19T22:48:48.451+0000] {processor.py:161} INFO - Started process (PID=1362) to work on /opt/airflow/dags/sodai_pipeline_dag.py
[2025-11-19T22:48:48.458+0000] {processor.py:830} INFO - Processing file /opt/airflow/dags/sodai_pipeline_dag.py for tasks to queue
[2025-11-19T22:48:48.472+0000] {logging_mixin.py:188} INFO - [2025-11-19T22:48:48.471+0000] {dagbag.py:540} INFO - Filling up the DagBag from /opt/airflow/dags/sodai_pipeline_dag.py
[2025-11-19T22:48:48.593+0000] {processor.py:840} INFO - DAG(s) 'sodai_training_and_scoring' retrieved from /opt/airflow/dags/sodai_pipeline_dag.py
[2025-11-19T22:48:48.696+0000] {logging_mixin.py:188} INFO - [2025-11-19T22:48:48.696+0000] {dag.py:3096} INFO - Sync 1 DAGs
[2025-11-19T22:48:48.748+0000] {logging_mixin.py:188} INFO - [2025-11-19T22:48:48.747+0000] {dag.py:3954} INFO - Setting next_dagrun for sodai_training_and_scoring to None, run_after=None
[2025-11-19T22:48:48.841+0000] {processor.py:183} INFO - Processing /opt/airflow/dags/sodai_pipeline_dag.py took 0.478 seconds
[2025-11-19T22:49:21.500+0000] {processor.py:161} INFO - Started process (PID=1372) to work on /opt/airflow/dags/sodai_pipeline_dag.py
[2025-11-19T22:49:21.508+0000] {processor.py:830} INFO - Processing file /opt/airflow/dags/sodai_pipeline_dag.py for tasks to queue
[2025-11-19T22:49:21.516+0000] {logging_mixin.py:188} INFO - [2025-11-19T22:49:21.514+0000] {dagbag.py:540} INFO - Filling up the DagBag from /opt/airflow/dags/sodai_pipeline_dag.py
[2025-11-19T22:49:21.611+0000] {processor.py:840} INFO - DAG(s) 'sodai_training_and_scoring' retrieved from /opt/airflow/dags/sodai_pipeline_dag.py
[2025-11-19T22:49:21.728+0000] {logging_mixin.py:188} INFO - [2025-11-19T22:49:21.726+0000] {dag.py:3096} INFO - Sync 1 DAGs
[2025-11-19T22:49:21.783+0000] {logging_mixin.py:188} INFO - [2025-11-19T22:49:21.782+0000] {dag.py:3954} INFO - Setting next_dagrun for sodai_training_and_scoring to None, run_after=None
[2025-11-19T22:49:21.886+0000] {processor.py:183} INFO - Processing /opt/airflow/dags/sodai_pipeline_dag.py took 0.408 seconds
[2025-11-19T22:49:54.527+0000] {processor.py:161} INFO - Started process (PID=1398) to work on /opt/airflow/dags/sodai_pipeline_dag.py
[2025-11-19T22:49:54.531+0000] {processor.py:830} INFO - Processing file /opt/airflow/dags/sodai_pipeline_dag.py for tasks to queue
[2025-11-19T22:49:54.541+0000] {logging_mixin.py:188} INFO - [2025-11-19T22:49:54.539+0000] {dagbag.py:540} INFO - Filling up the DagBag from /opt/airflow/dags/sodai_pipeline_dag.py
[2025-11-19T22:49:54.623+0000] {processor.py:840} INFO - DAG(s) 'sodai_training_and_scoring' retrieved from /opt/airflow/dags/sodai_pipeline_dag.py
[2025-11-19T22:49:54.723+0000] {logging_mixin.py:188} INFO - [2025-11-19T22:49:54.722+0000] {dag.py:3096} INFO - Sync 1 DAGs
[2025-11-19T22:49:54.775+0000] {logging_mixin.py:188} INFO - [2025-11-19T22:49:54.774+0000] {dag.py:3954} INFO - Setting next_dagrun for sodai_training_and_scoring to None, run_after=None
[2025-11-19T22:49:54.854+0000] {processor.py:183} INFO - Processing /opt/airflow/dags/sodai_pipeline_dag.py took 0.350 seconds
[2025-11-19T22:50:27.728+0000] {processor.py:161} INFO - Started process (PID=1490) to work on /opt/airflow/dags/sodai_pipeline_dag.py
[2025-11-19T22:50:27.732+0000] {processor.py:830} INFO - Processing file /opt/airflow/dags/sodai_pipeline_dag.py for tasks to queue
[2025-11-19T22:50:27.739+0000] {logging_mixin.py:188} INFO - [2025-11-19T22:50:27.737+0000] {dagbag.py:540} INFO - Filling up the DagBag from /opt/airflow/dags/sodai_pipeline_dag.py
[2025-11-19T22:50:27.844+0000] {processor.py:840} INFO - DAG(s) 'sodai_training_and_scoring' retrieved from /opt/airflow/dags/sodai_pipeline_dag.py
[2025-11-19T22:50:27.950+0000] {logging_mixin.py:188} INFO - [2025-11-19T22:50:27.949+0000] {dag.py:3096} INFO - Sync 1 DAGs
[2025-11-19T22:50:27.990+0000] {logging_mixin.py:188} INFO - [2025-11-19T22:50:27.989+0000] {dag.py:3954} INFO - Setting next_dagrun for sodai_training_and_scoring to None, run_after=None
[2025-11-19T22:50:28.069+0000] {processor.py:183} INFO - Processing /opt/airflow/dags/sodai_pipeline_dag.py took 0.358 seconds
[2025-11-19T22:50:58.820+0000] {processor.py:161} INFO - Started process (PID=1529) to work on /opt/airflow/dags/sodai_pipeline_dag.py
[2025-11-19T22:51:00.831+0000] {processor.py:830} INFO - Processing file /opt/airflow/dags/sodai_pipeline_dag.py for tasks to queue
[2025-11-19T22:51:00.842+0000] {logging_mixin.py:188} INFO - [2025-11-19T22:51:00.840+0000] {dagbag.py:540} INFO - Filling up the DagBag from /opt/airflow/dags/sodai_pipeline_dag.py
[2025-11-19T22:51:00.925+0000] {processor.py:840} INFO - DAG(s) 'sodai_training_and_scoring' retrieved from /opt/airflow/dags/sodai_pipeline_dag.py
[2025-11-19T22:51:01.031+0000] {logging_mixin.py:188} INFO - [2025-11-19T22:51:01.030+0000] {dag.py:3096} INFO - Sync 1 DAGs
[2025-11-19T22:51:01.080+0000] {logging_mixin.py:188} INFO - [2025-11-19T22:51:01.079+0000] {dag.py:3954} INFO - Setting next_dagrun for sodai_training_and_scoring to None, run_after=None
[2025-11-19T22:51:01.180+0000] {processor.py:183} INFO - Processing /opt/airflow/dags/sodai_pipeline_dag.py took 0.380 seconds
[2025-11-19T22:51:33.991+0000] {processor.py:161} INFO - Started process (PID=1539) to work on /opt/airflow/dags/sodai_pipeline_dag.py
[2025-11-19T22:51:33.998+0000] {processor.py:830} INFO - Processing file /opt/airflow/dags/sodai_pipeline_dag.py for tasks to queue
[2025-11-19T22:51:34.009+0000] {logging_mixin.py:188} INFO - [2025-11-19T22:51:34.007+0000] {dagbag.py:540} INFO - Filling up the DagBag from /opt/airflow/dags/sodai_pipeline_dag.py
[2025-11-19T22:51:34.089+0000] {processor.py:840} INFO - DAG(s) 'sodai_training_and_scoring' retrieved from /opt/airflow/dags/sodai_pipeline_dag.py
[2025-11-19T22:51:34.196+0000] {logging_mixin.py:188} INFO - [2025-11-19T22:51:34.194+0000] {dag.py:3096} INFO - Sync 1 DAGs
[2025-11-19T22:51:34.247+0000] {logging_mixin.py:188} INFO - [2025-11-19T22:51:34.246+0000] {dag.py:3954} INFO - Setting next_dagrun for sodai_training_and_scoring to None, run_after=None
[2025-11-19T22:51:34.337+0000] {processor.py:183} INFO - Processing /opt/airflow/dags/sodai_pipeline_dag.py took 0.371 seconds
[2025-11-19T22:52:07.182+0000] {processor.py:161} INFO - Started process (PID=1549) to work on /opt/airflow/dags/sodai_pipeline_dag.py
[2025-11-19T22:52:07.186+0000] {processor.py:830} INFO - Processing file /opt/airflow/dags/sodai_pipeline_dag.py for tasks to queue
[2025-11-19T22:52:07.197+0000] {logging_mixin.py:188} INFO - [2025-11-19T22:52:07.194+0000] {dagbag.py:540} INFO - Filling up the DagBag from /opt/airflow/dags/sodai_pipeline_dag.py
[2025-11-19T22:52:07.281+0000] {processor.py:840} INFO - DAG(s) 'sodai_training_and_scoring' retrieved from /opt/airflow/dags/sodai_pipeline_dag.py
[2025-11-19T22:52:07.394+0000] {logging_mixin.py:188} INFO - [2025-11-19T22:52:07.393+0000] {dag.py:3096} INFO - Sync 1 DAGs
[2025-11-19T22:52:07.451+0000] {logging_mixin.py:188} INFO - [2025-11-19T22:52:07.450+0000] {dag.py:3954} INFO - Setting next_dagrun for sodai_training_and_scoring to None, run_after=None
[2025-11-19T22:52:07.548+0000] {processor.py:183} INFO - Processing /opt/airflow/dags/sodai_pipeline_dag.py took 0.390 seconds
[2025-11-19T22:52:40.954+0000] {processor.py:161} INFO - Started process (PID=1559) to work on /opt/airflow/dags/sodai_pipeline_dag.py
[2025-11-19T22:52:40.959+0000] {processor.py:830} INFO - Processing file /opt/airflow/dags/sodai_pipeline_dag.py for tasks to queue
[2025-11-19T22:52:40.976+0000] {logging_mixin.py:188} INFO - [2025-11-19T22:52:40.972+0000] {dagbag.py:540} INFO - Filling up the DagBag from /opt/airflow/dags/sodai_pipeline_dag.py
[2025-11-19T22:52:41.105+0000] {processor.py:840} INFO - DAG(s) 'sodai_training_and_scoring' retrieved from /opt/airflow/dags/sodai_pipeline_dag.py
[2025-11-19T22:52:41.221+0000] {logging_mixin.py:188} INFO - [2025-11-19T22:52:41.220+0000] {dag.py:3096} INFO - Sync 1 DAGs
[2025-11-19T22:52:41.287+0000] {logging_mixin.py:188} INFO - [2025-11-19T22:52:41.286+0000] {dag.py:3954} INFO - Setting next_dagrun for sodai_training_and_scoring to None, run_after=None
[2025-11-19T22:52:41.406+0000] {processor.py:183} INFO - Processing /opt/airflow/dags/sodai_pipeline_dag.py took 0.468 seconds
[2025-11-19T22:53:15.911+0000] {processor.py:161} INFO - Started process (PID=1569) to work on /opt/airflow/dags/sodai_pipeline_dag.py
[2025-11-19T22:53:15.917+0000] {processor.py:830} INFO - Processing file /opt/airflow/dags/sodai_pipeline_dag.py for tasks to queue
[2025-11-19T22:53:16.032+0000] {logging_mixin.py:188} INFO - [2025-11-19T22:53:16.031+0000] {dagbag.py:540} INFO - Filling up the DagBag from /opt/airflow/dags/sodai_pipeline_dag.py
[2025-11-19T22:53:16.706+0000] {processor.py:840} INFO - DAG(s) 'sodai_training_and_scoring' retrieved from /opt/airflow/dags/sodai_pipeline_dag.py
[2025-11-19T22:53:17.007+0000] {logging_mixin.py:188} INFO - [2025-11-19T22:53:16.997+0000] {dag.py:3096} INFO - Sync 1 DAGs
[2025-11-19T22:53:17.103+0000] {logging_mixin.py:188} INFO - [2025-11-19T22:53:17.101+0000] {dag.py:3954} INFO - Setting next_dagrun for sodai_training_and_scoring to None, run_after=None
[2025-11-19T22:53:17.287+0000] {processor.py:183} INFO - Processing /opt/airflow/dags/sodai_pipeline_dag.py took 1.403 seconds
[2025-11-19T22:53:47.567+0000] {processor.py:161} INFO - Started process (PID=1579) to work on /opt/airflow/dags/sodai_pipeline_dag.py
[2025-11-19T22:53:47.577+0000] {processor.py:830} INFO - Processing file /opt/airflow/dags/sodai_pipeline_dag.py for tasks to queue
[2025-11-19T22:53:47.590+0000] {logging_mixin.py:188} INFO - [2025-11-19T22:53:47.586+0000] {dagbag.py:540} INFO - Filling up the DagBag from /opt/airflow/dags/sodai_pipeline_dag.py
[2025-11-19T22:53:47.727+0000] {processor.py:840} INFO - DAG(s) 'sodai_training_and_scoring' retrieved from /opt/airflow/dags/sodai_pipeline_dag.py
[2025-11-19T22:53:47.883+0000] {logging_mixin.py:188} INFO - [2025-11-19T22:53:47.883+0000] {dag.py:3096} INFO - Sync 1 DAGs
[2025-11-19T22:53:47.938+0000] {logging_mixin.py:188} INFO - [2025-11-19T22:53:47.937+0000] {dag.py:3954} INFO - Setting next_dagrun for sodai_training_and_scoring to None, run_after=None
[2025-11-19T22:53:48.053+0000] {processor.py:183} INFO - Processing /opt/airflow/dags/sodai_pipeline_dag.py took 0.511 seconds
[2025-11-19T22:54:20.463+0000] {processor.py:161} INFO - Started process (PID=1589) to work on /opt/airflow/dags/sodai_pipeline_dag.py
[2025-11-19T22:54:20.469+0000] {processor.py:830} INFO - Processing file /opt/airflow/dags/sodai_pipeline_dag.py for tasks to queue
[2025-11-19T22:54:20.478+0000] {logging_mixin.py:188} INFO - [2025-11-19T22:54:20.476+0000] {dagbag.py:540} INFO - Filling up the DagBag from /opt/airflow/dags/sodai_pipeline_dag.py
[2025-11-19T22:54:20.588+0000] {processor.py:840} INFO - DAG(s) 'sodai_training_and_scoring' retrieved from /opt/airflow/dags/sodai_pipeline_dag.py
[2025-11-19T22:54:20.726+0000] {logging_mixin.py:188} INFO - [2025-11-19T22:54:20.725+0000] {dag.py:3096} INFO - Sync 1 DAGs
[2025-11-19T22:54:20.800+0000] {logging_mixin.py:188} INFO - [2025-11-19T22:54:20.800+0000] {dag.py:3954} INFO - Setting next_dagrun for sodai_training_and_scoring to None, run_after=None
[2025-11-19T22:54:20.916+0000] {processor.py:183} INFO - Processing /opt/airflow/dags/sodai_pipeline_dag.py took 0.478 seconds
[2025-11-19T22:54:54.321+0000] {processor.py:161} INFO - Started process (PID=1604) to work on /opt/airflow/dags/sodai_pipeline_dag.py
[2025-11-19T22:54:54.336+0000] {processor.py:830} INFO - Processing file /opt/airflow/dags/sodai_pipeline_dag.py for tasks to queue
[2025-11-19T22:54:54.347+0000] {logging_mixin.py:188} INFO - [2025-11-19T22:54:54.344+0000] {dagbag.py:540} INFO - Filling up the DagBag from /opt/airflow/dags/sodai_pipeline_dag.py
[2025-11-19T22:54:54.686+0000] {processor.py:840} INFO - DAG(s) 'sodai_training_and_scoring' retrieved from /opt/airflow/dags/sodai_pipeline_dag.py
[2025-11-19T22:54:54.870+0000] {logging_mixin.py:188} INFO - [2025-11-19T22:54:54.869+0000] {dag.py:3096} INFO - Sync 1 DAGs
[2025-11-19T22:54:54.923+0000] {logging_mixin.py:188} INFO - [2025-11-19T22:54:54.922+0000] {dag.py:3954} INFO - Setting next_dagrun for sodai_training_and_scoring to None, run_after=None
[2025-11-19T22:54:55.082+0000] {processor.py:183} INFO - Processing /opt/airflow/dags/sodai_pipeline_dag.py took 0.805 seconds
[2025-11-19T22:55:26.425+0000] {processor.py:161} INFO - Started process (PID=1614) to work on /opt/airflow/dags/sodai_pipeline_dag.py
[2025-11-19T22:55:26.429+0000] {processor.py:830} INFO - Processing file /opt/airflow/dags/sodai_pipeline_dag.py for tasks to queue
[2025-11-19T22:55:26.436+0000] {logging_mixin.py:188} INFO - [2025-11-19T22:55:26.434+0000] {dagbag.py:540} INFO - Filling up the DagBag from /opt/airflow/dags/sodai_pipeline_dag.py
[2025-11-19T22:55:26.527+0000] {processor.py:840} INFO - DAG(s) 'sodai_training_and_scoring' retrieved from /opt/airflow/dags/sodai_pipeline_dag.py
[2025-11-19T22:55:26.637+0000] {logging_mixin.py:188} INFO - [2025-11-19T22:55:26.636+0000] {dag.py:3096} INFO - Sync 1 DAGs
[2025-11-19T22:55:26.694+0000] {logging_mixin.py:188} INFO - [2025-11-19T22:55:26.694+0000] {dag.py:3954} INFO - Setting next_dagrun for sodai_training_and_scoring to None, run_after=None
[2025-11-19T22:55:26.782+0000] {processor.py:183} INFO - Processing /opt/airflow/dags/sodai_pipeline_dag.py took 0.379 seconds
[2025-11-19T22:55:57.204+0000] {processor.py:161} INFO - Started process (PID=1619) to work on /opt/airflow/dags/sodai_pipeline_dag.py
[2025-11-19T22:55:57.205+0000] {processor.py:830} INFO - Processing file /opt/airflow/dags/sodai_pipeline_dag.py for tasks to queue
[2025-11-19T22:55:57.209+0000] {logging_mixin.py:188} INFO - [2025-11-19T22:55:57.208+0000] {dagbag.py:540} INFO - Filling up the DagBag from /opt/airflow/dags/sodai_pipeline_dag.py
[2025-11-19T22:55:57.247+0000] {processor.py:840} INFO - DAG(s) 'sodai_training_and_scoring' retrieved from /opt/airflow/dags/sodai_pipeline_dag.py
[2025-11-19T22:55:57.293+0000] {logging_mixin.py:188} INFO - [2025-11-19T22:55:57.292+0000] {dag.py:3096} INFO - Sync 1 DAGs
[2025-11-19T22:55:57.315+0000] {logging_mixin.py:188} INFO - [2025-11-19T22:55:57.315+0000] {dag.py:3954} INFO - Setting next_dagrun for sodai_training_and_scoring to None, run_after=None
[2025-11-19T22:55:57.371+0000] {processor.py:183} INFO - Processing /opt/airflow/dags/sodai_pipeline_dag.py took 0.176 seconds
[2025-11-19T22:56:28.220+0000] {processor.py:161} INFO - Started process (PID=1629) to work on /opt/airflow/dags/sodai_pipeline_dag.py
[2025-11-19T22:56:28.225+0000] {processor.py:830} INFO - Processing file /opt/airflow/dags/sodai_pipeline_dag.py for tasks to queue
[2025-11-19T22:56:28.230+0000] {logging_mixin.py:188} INFO - [2025-11-19T22:56:28.229+0000] {dagbag.py:540} INFO - Filling up the DagBag from /opt/airflow/dags/sodai_pipeline_dag.py
[2025-11-19T22:56:28.342+0000] {processor.py:840} INFO - DAG(s) 'sodai_training_and_scoring' retrieved from /opt/airflow/dags/sodai_pipeline_dag.py
[2025-11-19T22:56:28.431+0000] {logging_mixin.py:188} INFO - [2025-11-19T22:56:28.430+0000] {dag.py:3096} INFO - Sync 1 DAGs
[2025-11-19T22:56:28.483+0000] {logging_mixin.py:188} INFO - [2025-11-19T22:56:28.482+0000] {dag.py:3954} INFO - Setting next_dagrun for sodai_training_and_scoring to None, run_after=None
[2025-11-19T22:56:28.563+0000] {processor.py:183} INFO - Processing /opt/airflow/dags/sodai_pipeline_dag.py took 0.369 seconds
[2025-11-19T22:56:59.430+0000] {processor.py:161} INFO - Started process (PID=1639) to work on /opt/airflow/dags/sodai_pipeline_dag.py
[2025-11-19T22:56:59.443+0000] {processor.py:830} INFO - Processing file /opt/airflow/dags/sodai_pipeline_dag.py for tasks to queue
[2025-11-19T22:56:59.457+0000] {logging_mixin.py:188} INFO - [2025-11-19T22:56:59.450+0000] {dagbag.py:540} INFO - Filling up the DagBag from /opt/airflow/dags/sodai_pipeline_dag.py
[2025-11-19T22:56:59.567+0000] {processor.py:840} INFO - DAG(s) 'sodai_training_and_scoring' retrieved from /opt/airflow/dags/sodai_pipeline_dag.py
[2025-11-19T22:56:59.699+0000] {logging_mixin.py:188} INFO - [2025-11-19T22:56:59.698+0000] {dag.py:3096} INFO - Sync 1 DAGs
[2025-11-19T22:56:59.750+0000] {logging_mixin.py:188} INFO - [2025-11-19T22:56:59.748+0000] {dag.py:3954} INFO - Setting next_dagrun for sodai_training_and_scoring to None, run_after=None
[2025-11-19T22:56:59.858+0000] {processor.py:183} INFO - Processing /opt/airflow/dags/sodai_pipeline_dag.py took 0.451 seconds
[2025-11-19T22:57:30.298+0000] {processor.py:161} INFO - Started process (PID=1649) to work on /opt/airflow/dags/sodai_pipeline_dag.py
[2025-11-19T22:57:30.303+0000] {processor.py:830} INFO - Processing file /opt/airflow/dags/sodai_pipeline_dag.py for tasks to queue
[2025-11-19T22:57:30.315+0000] {logging_mixin.py:188} INFO - [2025-11-19T22:57:30.314+0000] {dagbag.py:540} INFO - Filling up the DagBag from /opt/airflow/dags/sodai_pipeline_dag.py
[2025-11-19T22:57:30.425+0000] {processor.py:840} INFO - DAG(s) 'sodai_training_and_scoring' retrieved from /opt/airflow/dags/sodai_pipeline_dag.py
[2025-11-19T22:57:30.524+0000] {logging_mixin.py:188} INFO - [2025-11-19T22:57:30.523+0000] {dag.py:3096} INFO - Sync 1 DAGs
[2025-11-19T22:57:30.569+0000] {logging_mixin.py:188} INFO - [2025-11-19T22:57:30.568+0000] {dag.py:3954} INFO - Setting next_dagrun for sodai_training_and_scoring to None, run_after=None
[2025-11-19T22:57:30.638+0000] {processor.py:183} INFO - Processing /opt/airflow/dags/sodai_pipeline_dag.py took 0.372 seconds
[2025-11-19T22:58:01.427+0000] {processor.py:161} INFO - Started process (PID=1659) to work on /opt/airflow/dags/sodai_pipeline_dag.py
[2025-11-19T22:58:01.434+0000] {processor.py:830} INFO - Processing file /opt/airflow/dags/sodai_pipeline_dag.py for tasks to queue
[2025-11-19T22:58:01.446+0000] {logging_mixin.py:188} INFO - [2025-11-19T22:58:01.443+0000] {dagbag.py:540} INFO - Filling up the DagBag from /opt/airflow/dags/sodai_pipeline_dag.py
[2025-11-19T22:58:01.531+0000] {processor.py:840} INFO - DAG(s) 'sodai_training_and_scoring' retrieved from /opt/airflow/dags/sodai_pipeline_dag.py
[2025-11-19T22:58:01.636+0000] {logging_mixin.py:188} INFO - [2025-11-19T22:58:01.635+0000] {dag.py:3096} INFO - Sync 1 DAGs
[2025-11-19T22:58:01.682+0000] {logging_mixin.py:188} INFO - [2025-11-19T22:58:01.681+0000] {dag.py:3954} INFO - Setting next_dagrun for sodai_training_and_scoring to None, run_after=None
[2025-11-19T22:58:01.757+0000] {processor.py:183} INFO - Processing /opt/airflow/dags/sodai_pipeline_dag.py took 0.354 seconds
[2025-11-19T22:58:32.447+0000] {processor.py:161} INFO - Started process (PID=1669) to work on /opt/airflow/dags/sodai_pipeline_dag.py
[2025-11-19T22:58:32.451+0000] {processor.py:830} INFO - Processing file /opt/airflow/dags/sodai_pipeline_dag.py for tasks to queue
[2025-11-19T22:58:32.462+0000] {logging_mixin.py:188} INFO - [2025-11-19T22:58:32.460+0000] {dagbag.py:540} INFO - Filling up the DagBag from /opt/airflow/dags/sodai_pipeline_dag.py
[2025-11-19T22:58:32.557+0000] {processor.py:840} INFO - DAG(s) 'sodai_training_and_scoring' retrieved from /opt/airflow/dags/sodai_pipeline_dag.py
[2025-11-19T22:58:32.672+0000] {logging_mixin.py:188} INFO - [2025-11-19T22:58:32.671+0000] {dag.py:3096} INFO - Sync 1 DAGs
[2025-11-19T22:58:32.732+0000] {logging_mixin.py:188} INFO - [2025-11-19T22:58:32.731+0000] {dag.py:3954} INFO - Setting next_dagrun for sodai_training_and_scoring to None, run_after=None
[2025-11-19T22:58:32.848+0000] {processor.py:183} INFO - Processing /opt/airflow/dags/sodai_pipeline_dag.py took 0.431 seconds
[2025-11-19T22:59:03.304+0000] {processor.py:161} INFO - Started process (PID=1679) to work on /opt/airflow/dags/sodai_pipeline_dag.py
[2025-11-19T22:59:03.306+0000] {processor.py:830} INFO - Processing file /opt/airflow/dags/sodai_pipeline_dag.py for tasks to queue
[2025-11-19T22:59:03.309+0000] {logging_mixin.py:188} INFO - [2025-11-19T22:59:03.308+0000] {dagbag.py:540} INFO - Filling up the DagBag from /opt/airflow/dags/sodai_pipeline_dag.py
[2025-11-19T22:59:03.348+0000] {processor.py:840} INFO - DAG(s) 'sodai_training_and_scoring' retrieved from /opt/airflow/dags/sodai_pipeline_dag.py
[2025-11-19T22:59:03.396+0000] {logging_mixin.py:188} INFO - [2025-11-19T22:59:03.396+0000] {dag.py:3096} INFO - Sync 1 DAGs
[2025-11-19T22:59:03.418+0000] {logging_mixin.py:188} INFO - [2025-11-19T22:59:03.417+0000] {dag.py:3954} INFO - Setting next_dagrun for sodai_training_and_scoring to None, run_after=None
[2025-11-19T22:59:03.459+0000] {processor.py:183} INFO - Processing /opt/airflow/dags/sodai_pipeline_dag.py took 0.167 seconds
[2025-11-19T22:59:34.235+0000] {processor.py:161} INFO - Started process (PID=1689) to work on /opt/airflow/dags/sodai_pipeline_dag.py
[2025-11-19T22:59:34.239+0000] {processor.py:830} INFO - Processing file /opt/airflow/dags/sodai_pipeline_dag.py for tasks to queue
[2025-11-19T22:59:34.253+0000] {logging_mixin.py:188} INFO - [2025-11-19T22:59:34.249+0000] {dagbag.py:540} INFO - Filling up the DagBag from /opt/airflow/dags/sodai_pipeline_dag.py
[2025-11-19T22:59:34.340+0000] {processor.py:840} INFO - DAG(s) 'sodai_training_and_scoring' retrieved from /opt/airflow/dags/sodai_pipeline_dag.py
[2025-11-19T22:59:34.462+0000] {logging_mixin.py:188} INFO - [2025-11-19T22:59:34.462+0000] {dag.py:3096} INFO - Sync 1 DAGs
[2025-11-19T22:59:34.524+0000] {logging_mixin.py:188} INFO - [2025-11-19T22:59:34.523+0000] {dag.py:3954} INFO - Setting next_dagrun for sodai_training_and_scoring to None, run_after=None
[2025-11-19T22:59:34.606+0000] {processor.py:183} INFO - Processing /opt/airflow/dags/sodai_pipeline_dag.py took 0.399 seconds
[2025-11-19T23:00:05.473+0000] {processor.py:161} INFO - Started process (PID=1699) to work on /opt/airflow/dags/sodai_pipeline_dag.py
[2025-11-19T23:00:05.478+0000] {processor.py:830} INFO - Processing file /opt/airflow/dags/sodai_pipeline_dag.py for tasks to queue
[2025-11-19T23:00:05.492+0000] {logging_mixin.py:188} INFO - [2025-11-19T23:00:05.490+0000] {dagbag.py:540} INFO - Filling up the DagBag from /opt/airflow/dags/sodai_pipeline_dag.py
[2025-11-19T23:00:05.593+0000] {processor.py:840} INFO - DAG(s) 'sodai_training_and_scoring' retrieved from /opt/airflow/dags/sodai_pipeline_dag.py
[2025-11-19T23:00:05.707+0000] {logging_mixin.py:188} INFO - [2025-11-19T23:00:05.706+0000] {dag.py:3096} INFO - Sync 1 DAGs
[2025-11-19T23:00:05.762+0000] {logging_mixin.py:188} INFO - [2025-11-19T23:00:05.761+0000] {dag.py:3954} INFO - Setting next_dagrun for sodai_training_and_scoring to None, run_after=None
[2025-11-19T23:00:05.871+0000] {processor.py:183} INFO - Processing /opt/airflow/dags/sodai_pipeline_dag.py took 0.425 seconds
[2025-11-19T23:00:36.540+0000] {processor.py:161} INFO - Started process (PID=1709) to work on /opt/airflow/dags/sodai_pipeline_dag.py
[2025-11-19T23:00:36.544+0000] {processor.py:830} INFO - Processing file /opt/airflow/dags/sodai_pipeline_dag.py for tasks to queue
[2025-11-19T23:00:36.551+0000] {logging_mixin.py:188} INFO - [2025-11-19T23:00:36.550+0000] {dagbag.py:540} INFO - Filling up the DagBag from /opt/airflow/dags/sodai_pipeline_dag.py
[2025-11-19T23:00:36.630+0000] {processor.py:840} INFO - DAG(s) 'sodai_training_and_scoring' retrieved from /opt/airflow/dags/sodai_pipeline_dag.py
[2025-11-19T23:00:36.746+0000] {logging_mixin.py:188} INFO - [2025-11-19T23:00:36.745+0000] {dag.py:3096} INFO - Sync 1 DAGs
[2025-11-19T23:00:36.795+0000] {logging_mixin.py:188} INFO - [2025-11-19T23:00:36.794+0000] {dag.py:3954} INFO - Setting next_dagrun for sodai_training_and_scoring to None, run_after=None
[2025-11-19T23:00:36.885+0000] {processor.py:183} INFO - Processing /opt/airflow/dags/sodai_pipeline_dag.py took 0.369 seconds
[2025-11-19T23:01:07.568+0000] {processor.py:161} INFO - Started process (PID=1719) to work on /opt/airflow/dags/sodai_pipeline_dag.py
[2025-11-19T23:01:07.574+0000] {processor.py:830} INFO - Processing file /opt/airflow/dags/sodai_pipeline_dag.py for tasks to queue
[2025-11-19T23:01:07.582+0000] {logging_mixin.py:188} INFO - [2025-11-19T23:01:07.580+0000] {dagbag.py:540} INFO - Filling up the DagBag from /opt/airflow/dags/sodai_pipeline_dag.py
[2025-11-19T23:01:07.681+0000] {processor.py:840} INFO - DAG(s) 'sodai_training_and_scoring' retrieved from /opt/airflow/dags/sodai_pipeline_dag.py
[2025-11-19T23:01:07.800+0000] {logging_mixin.py:188} INFO - [2025-11-19T23:01:07.799+0000] {dag.py:3096} INFO - Sync 1 DAGs
[2025-11-19T23:01:07.846+0000] {logging_mixin.py:188} INFO - [2025-11-19T23:01:07.845+0000] {dag.py:3954} INFO - Setting next_dagrun for sodai_training_and_scoring to None, run_after=None
[2025-11-19T23:01:07.943+0000] {processor.py:183} INFO - Processing /opt/airflow/dags/sodai_pipeline_dag.py took 0.403 seconds
[2025-11-19T23:01:38.386+0000] {processor.py:161} INFO - Started process (PID=1734) to work on /opt/airflow/dags/sodai_pipeline_dag.py
[2025-11-19T23:01:38.390+0000] {processor.py:830} INFO - Processing file /opt/airflow/dags/sodai_pipeline_dag.py for tasks to queue
[2025-11-19T23:01:38.399+0000] {logging_mixin.py:188} INFO - [2025-11-19T23:01:38.398+0000] {dagbag.py:540} INFO - Filling up the DagBag from /opt/airflow/dags/sodai_pipeline_dag.py
[2025-11-19T23:01:38.481+0000] {processor.py:840} INFO - DAG(s) 'sodai_training_and_scoring' retrieved from /opt/airflow/dags/sodai_pipeline_dag.py
[2025-11-19T23:01:38.592+0000] {logging_mixin.py:188} INFO - [2025-11-19T23:01:38.591+0000] {dag.py:3096} INFO - Sync 1 DAGs
[2025-11-19T23:01:38.644+0000] {logging_mixin.py:188} INFO - [2025-11-19T23:01:38.643+0000] {dag.py:3954} INFO - Setting next_dagrun for sodai_training_and_scoring to None, run_after=None
[2025-11-19T23:01:38.726+0000] {processor.py:183} INFO - Processing /opt/airflow/dags/sodai_pipeline_dag.py took 0.369 seconds
[2025-11-19T23:02:09.206+0000] {processor.py:161} INFO - Started process (PID=1744) to work on /opt/airflow/dags/sodai_pipeline_dag.py
[2025-11-19T23:02:09.228+0000] {processor.py:830} INFO - Processing file /opt/airflow/dags/sodai_pipeline_dag.py for tasks to queue
[2025-11-19T23:02:09.232+0000] {logging_mixin.py:188} INFO - [2025-11-19T23:02:09.231+0000] {dagbag.py:540} INFO - Filling up the DagBag from /opt/airflow/dags/sodai_pipeline_dag.py
[2025-11-19T23:02:09.313+0000] {processor.py:840} INFO - DAG(s) 'sodai_training_and_scoring' retrieved from /opt/airflow/dags/sodai_pipeline_dag.py
[2025-11-19T23:02:09.427+0000] {logging_mixin.py:188} INFO - [2025-11-19T23:02:09.426+0000] {dag.py:3096} INFO - Sync 1 DAGs
[2025-11-19T23:02:09.478+0000] {logging_mixin.py:188} INFO - [2025-11-19T23:02:09.477+0000] {dag.py:3954} INFO - Setting next_dagrun for sodai_training_and_scoring to None, run_after=None
[2025-11-19T23:02:09.543+0000] {processor.py:183} INFO - Processing /opt/airflow/dags/sodai_pipeline_dag.py took 0.378 seconds
[2025-11-19T23:02:40.419+0000] {processor.py:161} INFO - Started process (PID=1754) to work on /opt/airflow/dags/sodai_pipeline_dag.py
[2025-11-19T23:02:40.427+0000] {processor.py:830} INFO - Processing file /opt/airflow/dags/sodai_pipeline_dag.py for tasks to queue
[2025-11-19T23:02:40.439+0000] {logging_mixin.py:188} INFO - [2025-11-19T23:02:40.438+0000] {dagbag.py:540} INFO - Filling up the DagBag from /opt/airflow/dags/sodai_pipeline_dag.py
[2025-11-19T23:02:40.532+0000] {processor.py:840} INFO - DAG(s) 'sodai_training_and_scoring' retrieved from /opt/airflow/dags/sodai_pipeline_dag.py
[2025-11-19T23:02:40.626+0000] {logging_mixin.py:188} INFO - [2025-11-19T23:02:40.626+0000] {dag.py:3096} INFO - Sync 1 DAGs
[2025-11-19T23:02:40.712+0000] {logging_mixin.py:188} INFO - [2025-11-19T23:02:40.712+0000] {dag.py:3954} INFO - Setting next_dagrun for sodai_training_and_scoring to None, run_after=None
[2025-11-19T23:02:40.849+0000] {processor.py:183} INFO - Processing /opt/airflow/dags/sodai_pipeline_dag.py took 0.458 seconds
[2025-11-19T23:03:11.205+0000] {processor.py:161} INFO - Started process (PID=1764) to work on /opt/airflow/dags/sodai_pipeline_dag.py
[2025-11-19T23:03:11.231+0000] {processor.py:830} INFO - Processing file /opt/airflow/dags/sodai_pipeline_dag.py for tasks to queue
[2025-11-19T23:03:11.243+0000] {logging_mixin.py:188} INFO - [2025-11-19T23:03:11.243+0000] {dagbag.py:540} INFO - Filling up the DagBag from /opt/airflow/dags/sodai_pipeline_dag.py
[2025-11-19T23:03:11.365+0000] {processor.py:840} INFO - DAG(s) 'sodai_training_and_scoring' retrieved from /opt/airflow/dags/sodai_pipeline_dag.py
[2025-11-19T23:03:11.519+0000] {logging_mixin.py:188} INFO - [2025-11-19T23:03:11.518+0000] {dag.py:3096} INFO - Sync 1 DAGs
[2025-11-19T23:03:11.608+0000] {logging_mixin.py:188} INFO - [2025-11-19T23:03:11.597+0000] {dag.py:3954} INFO - Setting next_dagrun for sodai_training_and_scoring to None, run_after=None
[2025-11-19T23:03:11.801+0000] {processor.py:183} INFO - Processing /opt/airflow/dags/sodai_pipeline_dag.py took 0.645 seconds
[2025-11-19T23:03:44.055+0000] {processor.py:161} INFO - Started process (PID=1769) to work on /opt/airflow/dags/sodai_pipeline_dag.py
[2025-11-19T23:03:44.062+0000] {processor.py:830} INFO - Processing file /opt/airflow/dags/sodai_pipeline_dag.py for tasks to queue
[2025-11-19T23:03:44.093+0000] {logging_mixin.py:188} INFO - [2025-11-19T23:03:44.087+0000] {dagbag.py:540} INFO - Filling up the DagBag from /opt/airflow/dags/sodai_pipeline_dag.py
[2025-11-19T23:03:44.278+0000] {processor.py:840} INFO - DAG(s) 'sodai_training_and_scoring' retrieved from /opt/airflow/dags/sodai_pipeline_dag.py
[2025-11-19T23:03:44.551+0000] {logging_mixin.py:188} INFO - [2025-11-19T23:03:44.550+0000] {dag.py:3096} INFO - Sync 1 DAGs
[2025-11-19T23:03:44.641+0000] {logging_mixin.py:188} INFO - [2025-11-19T23:03:44.641+0000] {dag.py:3954} INFO - Setting next_dagrun for sodai_training_and_scoring to None, run_after=None
[2025-11-19T23:03:45.068+0000] {processor.py:183} INFO - Processing /opt/airflow/dags/sodai_pipeline_dag.py took 1.051 seconds
[2025-11-19T23:04:16.946+0000] {processor.py:161} INFO - Started process (PID=1784) to work on /opt/airflow/dags/sodai_pipeline_dag.py
[2025-11-19T23:04:16.952+0000] {processor.py:830} INFO - Processing file /opt/airflow/dags/sodai_pipeline_dag.py for tasks to queue
[2025-11-19T23:04:16.957+0000] {logging_mixin.py:188} INFO - [2025-11-19T23:04:16.956+0000] {dagbag.py:540} INFO - Filling up the DagBag from /opt/airflow/dags/sodai_pipeline_dag.py
[2025-11-19T23:04:17.062+0000] {processor.py:840} INFO - DAG(s) 'sodai_training_and_scoring' retrieved from /opt/airflow/dags/sodai_pipeline_dag.py
[2025-11-19T23:04:17.166+0000] {logging_mixin.py:188} INFO - [2025-11-19T23:04:17.163+0000] {dag.py:3096} INFO - Sync 1 DAGs
[2025-11-19T23:04:17.214+0000] {logging_mixin.py:188} INFO - [2025-11-19T23:04:17.213+0000] {dag.py:3954} INFO - Setting next_dagrun for sodai_training_and_scoring to None, run_after=None
[2025-11-19T23:04:17.298+0000] {processor.py:183} INFO - Processing /opt/airflow/dags/sodai_pipeline_dag.py took 0.371 seconds
[2025-11-19T23:04:49.981+0000] {processor.py:161} INFO - Started process (PID=1789) to work on /opt/airflow/dags/sodai_pipeline_dag.py
[2025-11-19T23:04:49.997+0000] {processor.py:830} INFO - Processing file /opt/airflow/dags/sodai_pipeline_dag.py for tasks to queue
[2025-11-19T23:04:50.019+0000] {logging_mixin.py:188} INFO - [2025-11-19T23:04:50.017+0000] {dagbag.py:540} INFO - Filling up the DagBag from /opt/airflow/dags/sodai_pipeline_dag.py
[2025-11-19T23:04:50.080+0000] {processor.py:840} INFO - DAG(s) 'sodai_training_and_scoring' retrieved from /opt/airflow/dags/sodai_pipeline_dag.py
[2025-11-19T23:04:50.197+0000] {logging_mixin.py:188} INFO - [2025-11-19T23:04:50.196+0000] {dag.py:3096} INFO - Sync 1 DAGs
[2025-11-19T23:04:50.251+0000] {logging_mixin.py:188} INFO - [2025-11-19T23:04:50.250+0000] {dag.py:3954} INFO - Setting next_dagrun for sodai_training_and_scoring to None, run_after=None
[2025-11-19T23:04:50.317+0000] {processor.py:183} INFO - Processing /opt/airflow/dags/sodai_pipeline_dag.py took 0.364 seconds
[2025-11-19T23:05:23.317+0000] {processor.py:161} INFO - Started process (PID=1799) to work on /opt/airflow/dags/sodai_pipeline_dag.py
[2025-11-19T23:05:23.320+0000] {processor.py:830} INFO - Processing file /opt/airflow/dags/sodai_pipeline_dag.py for tasks to queue
[2025-11-19T23:05:23.332+0000] {logging_mixin.py:188} INFO - [2025-11-19T23:05:23.330+0000] {dagbag.py:540} INFO - Filling up the DagBag from /opt/airflow/dags/sodai_pipeline_dag.py
[2025-11-19T23:05:23.447+0000] {processor.py:840} INFO - DAG(s) 'sodai_training_and_scoring' retrieved from /opt/airflow/dags/sodai_pipeline_dag.py
[2025-11-19T23:05:23.568+0000] {logging_mixin.py:188} INFO - [2025-11-19T23:05:23.567+0000] {dag.py:3096} INFO - Sync 1 DAGs
[2025-11-19T23:05:23.656+0000] {logging_mixin.py:188} INFO - [2025-11-19T23:05:23.651+0000] {dag.py:3954} INFO - Setting next_dagrun for sodai_training_and_scoring to None, run_after=None
[2025-11-19T23:05:23.793+0000] {processor.py:183} INFO - Processing /opt/airflow/dags/sodai_pipeline_dag.py took 0.506 seconds
[2025-11-19T23:05:56.732+0000] {processor.py:161} INFO - Started process (PID=1809) to work on /opt/airflow/dags/sodai_pipeline_dag.py
[2025-11-19T23:05:56.736+0000] {processor.py:830} INFO - Processing file /opt/airflow/dags/sodai_pipeline_dag.py for tasks to queue
[2025-11-19T23:05:56.762+0000] {logging_mixin.py:188} INFO - [2025-11-19T23:05:56.760+0000] {dagbag.py:540} INFO - Filling up the DagBag from /opt/airflow/dags/sodai_pipeline_dag.py
[2025-11-19T23:05:56.898+0000] {processor.py:840} INFO - DAG(s) 'sodai_training_and_scoring' retrieved from /opt/airflow/dags/sodai_pipeline_dag.py
[2025-11-19T23:05:57.041+0000] {logging_mixin.py:188} INFO - [2025-11-19T23:05:57.038+0000] {dag.py:3096} INFO - Sync 1 DAGs
[2025-11-19T23:05:57.108+0000] {logging_mixin.py:188} INFO - [2025-11-19T23:05:57.104+0000] {dag.py:3954} INFO - Setting next_dagrun for sodai_training_and_scoring to None, run_after=None
[2025-11-19T23:05:57.273+0000] {processor.py:183} INFO - Processing /opt/airflow/dags/sodai_pipeline_dag.py took 0.604 seconds
[2025-11-19T23:06:30.016+0000] {processor.py:161} INFO - Started process (PID=1824) to work on /opt/airflow/dags/sodai_pipeline_dag.py
[2025-11-19T23:06:30.025+0000] {processor.py:830} INFO - Processing file /opt/airflow/dags/sodai_pipeline_dag.py for tasks to queue
[2025-11-19T23:06:30.046+0000] {logging_mixin.py:188} INFO - [2025-11-19T23:06:30.044+0000] {dagbag.py:540} INFO - Filling up the DagBag from /opt/airflow/dags/sodai_pipeline_dag.py
[2025-11-19T23:06:30.197+0000] {processor.py:840} INFO - DAG(s) 'sodai_training_and_scoring' retrieved from /opt/airflow/dags/sodai_pipeline_dag.py
[2025-11-19T23:06:30.318+0000] {logging_mixin.py:188} INFO - [2025-11-19T23:06:30.317+0000] {dag.py:3096} INFO - Sync 1 DAGs
[2025-11-19T23:06:30.379+0000] {logging_mixin.py:188} INFO - [2025-11-19T23:06:30.378+0000] {dag.py:3954} INFO - Setting next_dagrun for sodai_training_and_scoring to None, run_after=None
[2025-11-19T23:06:30.494+0000] {processor.py:183} INFO - Processing /opt/airflow/dags/sodai_pipeline_dag.py took 0.501 seconds
[2025-11-19T23:07:03.626+0000] {processor.py:161} INFO - Started process (PID=1829) to work on /opt/airflow/dags/sodai_pipeline_dag.py
[2025-11-19T23:07:03.637+0000] {processor.py:830} INFO - Processing file /opt/airflow/dags/sodai_pipeline_dag.py for tasks to queue
[2025-11-19T23:07:03.652+0000] {logging_mixin.py:188} INFO - [2025-11-19T23:07:03.651+0000] {dagbag.py:540} INFO - Filling up the DagBag from /opt/airflow/dags/sodai_pipeline_dag.py
[2025-11-19T23:07:03.790+0000] {processor.py:840} INFO - DAG(s) 'sodai_training_and_scoring' retrieved from /opt/airflow/dags/sodai_pipeline_dag.py
[2025-11-19T23:07:03.967+0000] {logging_mixin.py:188} INFO - [2025-11-19T23:07:03.966+0000] {dag.py:3096} INFO - Sync 1 DAGs
[2025-11-19T23:07:04.039+0000] {logging_mixin.py:188} INFO - [2025-11-19T23:07:04.039+0000] {dag.py:3954} INFO - Setting next_dagrun for sodai_training_and_scoring to None, run_after=None
[2025-11-19T23:07:04.126+0000] {processor.py:183} INFO - Processing /opt/airflow/dags/sodai_pipeline_dag.py took 0.556 seconds
[2025-11-19T23:07:36.288+0000] {processor.py:161} INFO - Started process (PID=1839) to work on /opt/airflow/dags/sodai_pipeline_dag.py
[2025-11-19T23:07:36.302+0000] {processor.py:830} INFO - Processing file /opt/airflow/dags/sodai_pipeline_dag.py for tasks to queue
[2025-11-19T23:07:36.330+0000] {logging_mixin.py:188} INFO - [2025-11-19T23:07:36.324+0000] {dagbag.py:540} INFO - Filling up the DagBag from /opt/airflow/dags/sodai_pipeline_dag.py
[2025-11-19T23:07:36.468+0000] {processor.py:840} INFO - DAG(s) 'sodai_training_and_scoring' retrieved from /opt/airflow/dags/sodai_pipeline_dag.py
[2025-11-19T23:07:36.526+0000] {logging_mixin.py:188} INFO - [2025-11-19T23:07:36.526+0000] {dag.py:3096} INFO - Sync 1 DAGs
[2025-11-19T23:07:36.683+0000] {logging_mixin.py:188} INFO - [2025-11-19T23:07:36.682+0000] {dag.py:3954} INFO - Setting next_dagrun for sodai_training_and_scoring to None, run_after=None
[2025-11-19T23:07:36.895+0000] {processor.py:183} INFO - Processing /opt/airflow/dags/sodai_pipeline_dag.py took 0.661 seconds
[2025-11-19T23:08:09.191+0000] {processor.py:161} INFO - Started process (PID=1849) to work on /opt/airflow/dags/sodai_pipeline_dag.py
[2025-11-19T23:08:09.195+0000] {processor.py:830} INFO - Processing file /opt/airflow/dags/sodai_pipeline_dag.py for tasks to queue
[2025-11-19T23:08:09.214+0000] {logging_mixin.py:188} INFO - [2025-11-19T23:08:09.213+0000] {dagbag.py:540} INFO - Filling up the DagBag from /opt/airflow/dags/sodai_pipeline_dag.py
[2025-11-19T23:08:09.328+0000] {processor.py:840} INFO - DAG(s) 'sodai_training_and_scoring' retrieved from /opt/airflow/dags/sodai_pipeline_dag.py
[2025-11-19T23:08:09.456+0000] {logging_mixin.py:188} INFO - [2025-11-19T23:08:09.455+0000] {dag.py:3096} INFO - Sync 1 DAGs
[2025-11-19T23:08:09.533+0000] {logging_mixin.py:188} INFO - [2025-11-19T23:08:09.532+0000] {dag.py:3954} INFO - Setting next_dagrun for sodai_training_and_scoring to None, run_after=None
[2025-11-19T23:08:09.646+0000] {processor.py:183} INFO - Processing /opt/airflow/dags/sodai_pipeline_dag.py took 0.497 seconds
[2025-11-19T23:08:42.964+0000] {processor.py:161} INFO - Started process (PID=1859) to work on /opt/airflow/dags/sodai_pipeline_dag.py
[2025-11-19T23:08:42.967+0000] {processor.py:830} INFO - Processing file /opt/airflow/dags/sodai_pipeline_dag.py for tasks to queue
[2025-11-19T23:08:42.977+0000] {logging_mixin.py:188} INFO - [2025-11-19T23:08:42.975+0000] {dagbag.py:540} INFO - Filling up the DagBag from /opt/airflow/dags/sodai_pipeline_dag.py
[2025-11-19T23:08:43.111+0000] {processor.py:840} INFO - DAG(s) 'sodai_training_and_scoring' retrieved from /opt/airflow/dags/sodai_pipeline_dag.py
[2025-11-19T23:08:43.205+0000] {logging_mixin.py:188} INFO - [2025-11-19T23:08:43.205+0000] {dag.py:3096} INFO - Sync 1 DAGs
[2025-11-19T23:08:43.239+0000] {logging_mixin.py:188} INFO - [2025-11-19T23:08:43.238+0000] {dag.py:3954} INFO - Setting next_dagrun for sodai_training_and_scoring to None, run_after=None
[2025-11-19T23:08:43.345+0000] {processor.py:183} INFO - Processing /opt/airflow/dags/sodai_pipeline_dag.py took 0.409 seconds
[2025-11-19T23:09:15.844+0000] {processor.py:161} INFO - Started process (PID=1869) to work on /opt/airflow/dags/sodai_pipeline_dag.py
[2025-11-19T23:09:15.857+0000] {processor.py:830} INFO - Processing file /opt/airflow/dags/sodai_pipeline_dag.py for tasks to queue
[2025-11-19T23:09:15.884+0000] {logging_mixin.py:188} INFO - [2025-11-19T23:09:15.883+0000] {dagbag.py:540} INFO - Filling up the DagBag from /opt/airflow/dags/sodai_pipeline_dag.py
[2025-11-19T23:09:16.030+0000] {processor.py:840} INFO - DAG(s) 'sodai_training_and_scoring' retrieved from /opt/airflow/dags/sodai_pipeline_dag.py
[2025-11-19T23:09:16.160+0000] {logging_mixin.py:188} INFO - [2025-11-19T23:09:16.160+0000] {dag.py:3096} INFO - Sync 1 DAGs
[2025-11-19T23:09:16.237+0000] {logging_mixin.py:188} INFO - [2025-11-19T23:09:16.236+0000] {dag.py:3954} INFO - Setting next_dagrun for sodai_training_and_scoring to None, run_after=None
[2025-11-19T23:09:16.396+0000] {processor.py:183} INFO - Processing /opt/airflow/dags/sodai_pipeline_dag.py took 0.631 seconds
[2025-11-19T23:09:49.306+0000] {processor.py:161} INFO - Started process (PID=1879) to work on /opt/airflow/dags/sodai_pipeline_dag.py
[2025-11-19T23:09:49.320+0000] {processor.py:830} INFO - Processing file /opt/airflow/dags/sodai_pipeline_dag.py for tasks to queue
[2025-11-19T23:09:49.345+0000] {logging_mixin.py:188} INFO - [2025-11-19T23:09:49.343+0000] {dagbag.py:540} INFO - Filling up the DagBag from /opt/airflow/dags/sodai_pipeline_dag.py
[2025-11-19T23:09:49.495+0000] {processor.py:840} INFO - DAG(s) 'sodai_training_and_scoring' retrieved from /opt/airflow/dags/sodai_pipeline_dag.py
[2025-11-19T23:09:49.834+0000] {logging_mixin.py:188} INFO - [2025-11-19T23:09:49.834+0000] {dag.py:3096} INFO - Sync 1 DAGs
[2025-11-19T23:09:49.873+0000] {logging_mixin.py:188} INFO - [2025-11-19T23:09:49.872+0000] {dag.py:3954} INFO - Setting next_dagrun for sodai_training_and_scoring to None, run_after=None
[2025-11-19T23:09:49.983+0000] {processor.py:183} INFO - Processing /opt/airflow/dags/sodai_pipeline_dag.py took 0.751 seconds
[2025-11-19T23:10:22.485+0000] {processor.py:161} INFO - Started process (PID=1892) to work on /opt/airflow/dags/sodai_pipeline_dag.py
[2025-11-19T23:10:22.493+0000] {processor.py:830} INFO - Processing file /opt/airflow/dags/sodai_pipeline_dag.py for tasks to queue
[2025-11-19T23:10:22.497+0000] {logging_mixin.py:188} INFO - [2025-11-19T23:10:22.496+0000] {dagbag.py:540} INFO - Filling up the DagBag from /opt/airflow/dags/sodai_pipeline_dag.py
[2025-11-19T23:10:22.608+0000] {processor.py:840} INFO - DAG(s) 'sodai_training_and_scoring' retrieved from /opt/airflow/dags/sodai_pipeline_dag.py
[2025-11-19T23:10:22.759+0000] {logging_mixin.py:188} INFO - [2025-11-19T23:10:22.758+0000] {dag.py:3096} INFO - Sync 1 DAGs
[2025-11-19T23:10:22.846+0000] {logging_mixin.py:188} INFO - [2025-11-19T23:10:22.845+0000] {dag.py:3954} INFO - Setting next_dagrun for sodai_training_and_scoring to None, run_after=None
[2025-11-19T23:10:23.095+0000] {processor.py:183} INFO - Processing /opt/airflow/dags/sodai_pipeline_dag.py took 0.655 seconds
[2025-11-19T23:10:55.741+0000] {processor.py:161} INFO - Started process (PID=1899) to work on /opt/airflow/dags/sodai_pipeline_dag.py
[2025-11-19T23:10:55.744+0000] {processor.py:830} INFO - Processing file /opt/airflow/dags/sodai_pipeline_dag.py for tasks to queue
[2025-11-19T23:10:55.757+0000] {logging_mixin.py:188} INFO - [2025-11-19T23:10:55.752+0000] {dagbag.py:540} INFO - Filling up the DagBag from /opt/airflow/dags/sodai_pipeline_dag.py
[2025-11-19T23:10:55.935+0000] {processor.py:840} INFO - DAG(s) 'sodai_training_and_scoring' retrieved from /opt/airflow/dags/sodai_pipeline_dag.py
[2025-11-19T23:10:56.111+0000] {logging_mixin.py:188} INFO - [2025-11-19T23:10:56.110+0000] {dag.py:3096} INFO - Sync 1 DAGs
[2025-11-19T23:10:56.255+0000] {logging_mixin.py:188} INFO - [2025-11-19T23:10:56.254+0000] {dag.py:3954} INFO - Setting next_dagrun for sodai_training_and_scoring to None, run_after=None
[2025-11-19T23:10:56.405+0000] {processor.py:183} INFO - Processing /opt/airflow/dags/sodai_pipeline_dag.py took 0.728 seconds
[2025-11-19T23:11:28.815+0000] {processor.py:161} INFO - Started process (PID=1909) to work on /opt/airflow/dags/sodai_pipeline_dag.py
[2025-11-19T23:11:28.817+0000] {processor.py:830} INFO - Processing file /opt/airflow/dags/sodai_pipeline_dag.py for tasks to queue
[2025-11-19T23:11:28.824+0000] {logging_mixin.py:188} INFO - [2025-11-19T23:11:28.823+0000] {dagbag.py:540} INFO - Filling up the DagBag from /opt/airflow/dags/sodai_pipeline_dag.py
[2025-11-19T23:11:29.065+0000] {processor.py:840} INFO - DAG(s) 'sodai_training_and_scoring' retrieved from /opt/airflow/dags/sodai_pipeline_dag.py
[2025-11-19T23:11:29.190+0000] {logging_mixin.py:188} INFO - [2025-11-19T23:11:29.189+0000] {dag.py:3096} INFO - Sync 1 DAGs
[2025-11-19T23:11:29.359+0000] {logging_mixin.py:188} INFO - [2025-11-19T23:11:29.338+0000] {dag.py:3954} INFO - Setting next_dagrun for sodai_training_and_scoring to None, run_after=None
[2025-11-19T23:11:29.625+0000] {processor.py:183} INFO - Processing /opt/airflow/dags/sodai_pipeline_dag.py took 0.879 seconds
[2025-11-19T23:12:02.038+0000] {processor.py:161} INFO - Started process (PID=1919) to work on /opt/airflow/dags/sodai_pipeline_dag.py
[2025-11-19T23:12:02.069+0000] {processor.py:830} INFO - Processing file /opt/airflow/dags/sodai_pipeline_dag.py for tasks to queue
[2025-11-19T23:12:02.094+0000] {logging_mixin.py:188} INFO - [2025-11-19T23:12:02.093+0000] {dagbag.py:540} INFO - Filling up the DagBag from /opt/airflow/dags/sodai_pipeline_dag.py
[2025-11-19T23:12:02.320+0000] {processor.py:840} INFO - DAG(s) 'sodai_training_and_scoring' retrieved from /opt/airflow/dags/sodai_pipeline_dag.py
[2025-11-19T23:12:02.593+0000] {logging_mixin.py:188} INFO - [2025-11-19T23:12:02.591+0000] {dag.py:3096} INFO - Sync 1 DAGs
[2025-11-19T23:12:02.694+0000] {logging_mixin.py:188} INFO - [2025-11-19T23:12:02.693+0000] {dag.py:3954} INFO - Setting next_dagrun for sodai_training_and_scoring to None, run_after=None
[2025-11-19T23:12:02.913+0000] {processor.py:183} INFO - Processing /opt/airflow/dags/sodai_pipeline_dag.py took 0.934 seconds
[2025-11-19T23:12:35.256+0000] {processor.py:161} INFO - Started process (PID=1929) to work on /opt/airflow/dags/sodai_pipeline_dag.py
[2025-11-19T23:12:35.262+0000] {processor.py:830} INFO - Processing file /opt/airflow/dags/sodai_pipeline_dag.py for tasks to queue
[2025-11-19T23:12:35.270+0000] {logging_mixin.py:188} INFO - [2025-11-19T23:12:35.269+0000] {dagbag.py:540} INFO - Filling up the DagBag from /opt/airflow/dags/sodai_pipeline_dag.py
[2025-11-19T23:12:35.380+0000] {processor.py:840} INFO - DAG(s) 'sodai_training_and_scoring' retrieved from /opt/airflow/dags/sodai_pipeline_dag.py
[2025-11-19T23:12:35.442+0000] {logging_mixin.py:188} INFO - [2025-11-19T23:12:35.441+0000] {dag.py:3096} INFO - Sync 1 DAGs
[2025-11-19T23:12:35.462+0000] {logging_mixin.py:188} INFO - [2025-11-19T23:12:35.462+0000] {dag.py:3954} INFO - Setting next_dagrun for sodai_training_and_scoring to None, run_after=None
[2025-11-19T23:12:35.504+0000] {processor.py:183} INFO - Processing /opt/airflow/dags/sodai_pipeline_dag.py took 0.282 seconds
[2025-11-19T23:13:08.765+0000] {processor.py:161} INFO - Started process (PID=1939) to work on /opt/airflow/dags/sodai_pipeline_dag.py
[2025-11-19T23:13:08.770+0000] {processor.py:830} INFO - Processing file /opt/airflow/dags/sodai_pipeline_dag.py for tasks to queue
[2025-11-19T23:13:08.792+0000] {logging_mixin.py:188} INFO - [2025-11-19T23:13:08.782+0000] {dagbag.py:540} INFO - Filling up the DagBag from /opt/airflow/dags/sodai_pipeline_dag.py
[2025-11-19T23:13:08.902+0000] {processor.py:840} INFO - DAG(s) 'sodai_training_and_scoring' retrieved from /opt/airflow/dags/sodai_pipeline_dag.py
[2025-11-19T23:13:08.958+0000] {logging_mixin.py:188} INFO - [2025-11-19T23:13:08.958+0000] {dag.py:3096} INFO - Sync 1 DAGs
[2025-11-19T23:13:09.092+0000] {logging_mixin.py:188} INFO - [2025-11-19T23:13:09.091+0000] {dag.py:3954} INFO - Setting next_dagrun for sodai_training_and_scoring to None, run_after=None
[2025-11-19T23:13:09.277+0000] {processor.py:183} INFO - Processing /opt/airflow/dags/sodai_pipeline_dag.py took 0.541 seconds
[2025-11-19T23:13:41.459+0000] {processor.py:161} INFO - Started process (PID=1949) to work on /opt/airflow/dags/sodai_pipeline_dag.py
[2025-11-19T23:13:41.464+0000] {processor.py:830} INFO - Processing file /opt/airflow/dags/sodai_pipeline_dag.py for tasks to queue
[2025-11-19T23:13:41.468+0000] {logging_mixin.py:188} INFO - [2025-11-19T23:13:41.467+0000] {dagbag.py:540} INFO - Filling up the DagBag from /opt/airflow/dags/sodai_pipeline_dag.py
[2025-11-19T23:13:41.666+0000] {processor.py:840} INFO - DAG(s) 'sodai_training_and_scoring' retrieved from /opt/airflow/dags/sodai_pipeline_dag.py
[2025-11-19T23:13:41.860+0000] {logging_mixin.py:188} INFO - [2025-11-19T23:13:41.859+0000] {dag.py:3096} INFO - Sync 1 DAGs
[2025-11-19T23:13:42.094+0000] {logging_mixin.py:188} INFO - [2025-11-19T23:13:42.094+0000] {dag.py:3954} INFO - Setting next_dagrun for sodai_training_and_scoring to None, run_after=None
[2025-11-19T23:13:42.294+0000] {processor.py:183} INFO - Processing /opt/airflow/dags/sodai_pipeline_dag.py took 0.881 seconds
[2025-11-19T23:14:15.261+0000] {processor.py:161} INFO - Started process (PID=1959) to work on /opt/airflow/dags/sodai_pipeline_dag.py
[2025-11-19T23:14:15.291+0000] {processor.py:830} INFO - Processing file /opt/airflow/dags/sodai_pipeline_dag.py for tasks to queue
[2025-11-19T23:14:15.368+0000] {logging_mixin.py:188} INFO - [2025-11-19T23:14:15.321+0000] {dagbag.py:540} INFO - Filling up the DagBag from /opt/airflow/dags/sodai_pipeline_dag.py
[2025-11-19T23:14:15.731+0000] {processor.py:840} INFO - DAG(s) 'sodai_training_and_scoring' retrieved from /opt/airflow/dags/sodai_pipeline_dag.py
[2025-11-19T23:14:15.871+0000] {logging_mixin.py:188} INFO - [2025-11-19T23:14:15.870+0000] {dag.py:3096} INFO - Sync 1 DAGs
[2025-11-19T23:14:15.991+0000] {logging_mixin.py:188} INFO - [2025-11-19T23:14:15.990+0000] {dag.py:3954} INFO - Setting next_dagrun for sodai_training_and_scoring to None, run_after=None
[2025-11-19T23:14:16.267+0000] {processor.py:183} INFO - Processing /opt/airflow/dags/sodai_pipeline_dag.py took 1.041 seconds
[2025-11-19T23:14:47.886+0000] {processor.py:161} INFO - Started process (PID=1969) to work on /opt/airflow/dags/sodai_pipeline_dag.py
[2025-11-19T23:14:47.945+0000] {processor.py:830} INFO - Processing file /opt/airflow/dags/sodai_pipeline_dag.py for tasks to queue
[2025-11-19T23:14:47.966+0000] {logging_mixin.py:188} INFO - [2025-11-19T23:14:47.965+0000] {dagbag.py:540} INFO - Filling up the DagBag from /opt/airflow/dags/sodai_pipeline_dag.py
[2025-11-19T23:14:48.168+0000] {processor.py:840} INFO - DAG(s) 'sodai_training_and_scoring' retrieved from /opt/airflow/dags/sodai_pipeline_dag.py
[2025-11-19T23:14:48.344+0000] {logging_mixin.py:188} INFO - [2025-11-19T23:14:48.343+0000] {dag.py:3096} INFO - Sync 1 DAGs
[2025-11-19T23:14:48.511+0000] {logging_mixin.py:188} INFO - [2025-11-19T23:14:48.510+0000] {dag.py:3954} INFO - Setting next_dagrun for sodai_training_and_scoring to None, run_after=None
[2025-11-19T23:14:48.634+0000] {processor.py:183} INFO - Processing /opt/airflow/dags/sodai_pipeline_dag.py took 0.882 seconds
[2025-11-19T23:15:20.951+0000] {processor.py:161} INFO - Started process (PID=1979) to work on /opt/airflow/dags/sodai_pipeline_dag.py
[2025-11-19T23:15:20.960+0000] {processor.py:830} INFO - Processing file /opt/airflow/dags/sodai_pipeline_dag.py for tasks to queue
[2025-11-19T23:15:20.968+0000] {logging_mixin.py:188} INFO - [2025-11-19T23:15:20.967+0000] {dagbag.py:540} INFO - Filling up the DagBag from /opt/airflow/dags/sodai_pipeline_dag.py
[2025-11-19T23:15:21.147+0000] {processor.py:840} INFO - DAG(s) 'sodai_training_and_scoring' retrieved from /opt/airflow/dags/sodai_pipeline_dag.py
[2025-11-19T23:15:21.236+0000] {logging_mixin.py:188} INFO - [2025-11-19T23:15:21.236+0000] {dag.py:3096} INFO - Sync 1 DAGs
[2025-11-19T23:15:21.267+0000] {logging_mixin.py:188} INFO - [2025-11-19T23:15:21.266+0000] {dag.py:3954} INFO - Setting next_dagrun for sodai_training_and_scoring to None, run_after=None
[2025-11-19T23:15:21.375+0000] {processor.py:183} INFO - Processing /opt/airflow/dags/sodai_pipeline_dag.py took 0.445 seconds
[2025-11-19T23:15:53.877+0000] {processor.py:161} INFO - Started process (PID=1989) to work on /opt/airflow/dags/sodai_pipeline_dag.py
[2025-11-19T23:15:53.891+0000] {processor.py:830} INFO - Processing file /opt/airflow/dags/sodai_pipeline_dag.py for tasks to queue
[2025-11-19T23:15:53.904+0000] {logging_mixin.py:188} INFO - [2025-11-19T23:15:53.903+0000] {dagbag.py:540} INFO - Filling up the DagBag from /opt/airflow/dags/sodai_pipeline_dag.py
[2025-11-19T23:15:54.018+0000] {processor.py:840} INFO - DAG(s) 'sodai_training_and_scoring' retrieved from /opt/airflow/dags/sodai_pipeline_dag.py
[2025-11-19T23:15:54.122+0000] {logging_mixin.py:188} INFO - [2025-11-19T23:15:54.121+0000] {dag.py:3096} INFO - Sync 1 DAGs
[2025-11-19T23:15:54.177+0000] {logging_mixin.py:188} INFO - [2025-11-19T23:15:54.176+0000] {dag.py:3954} INFO - Setting next_dagrun for sodai_training_and_scoring to None, run_after=None
[2025-11-19T23:15:54.361+0000] {processor.py:183} INFO - Processing /opt/airflow/dags/sodai_pipeline_dag.py took 0.515 seconds
[2025-11-19T23:16:26.911+0000] {processor.py:161} INFO - Started process (PID=2004) to work on /opt/airflow/dags/sodai_pipeline_dag.py
[2025-11-19T23:16:26.913+0000] {processor.py:830} INFO - Processing file /opt/airflow/dags/sodai_pipeline_dag.py for tasks to queue
[2025-11-19T23:16:26.923+0000] {logging_mixin.py:188} INFO - [2025-11-19T23:16:26.923+0000] {dagbag.py:540} INFO - Filling up the DagBag from /opt/airflow/dags/sodai_pipeline_dag.py
[2025-11-19T23:16:27.017+0000] {processor.py:840} INFO - DAG(s) 'sodai_training_and_scoring' retrieved from /opt/airflow/dags/sodai_pipeline_dag.py
[2025-11-19T23:16:27.138+0000] {logging_mixin.py:188} INFO - [2025-11-19T23:16:27.137+0000] {dag.py:3096} INFO - Sync 1 DAGs
[2025-11-19T23:16:27.193+0000] {logging_mixin.py:188} INFO - [2025-11-19T23:16:27.191+0000] {dag.py:3954} INFO - Setting next_dagrun for sodai_training_and_scoring to None, run_after=None
[2025-11-19T23:16:27.282+0000] {processor.py:183} INFO - Processing /opt/airflow/dags/sodai_pipeline_dag.py took 0.409 seconds
[2025-11-19T23:17:00.084+0000] {processor.py:161} INFO - Started process (PID=2009) to work on /opt/airflow/dags/sodai_pipeline_dag.py
[2025-11-19T23:17:00.099+0000] {processor.py:830} INFO - Processing file /opt/airflow/dags/sodai_pipeline_dag.py for tasks to queue
[2025-11-19T23:17:00.110+0000] {logging_mixin.py:188} INFO - [2025-11-19T23:17:00.109+0000] {dagbag.py:540} INFO - Filling up the DagBag from /opt/airflow/dags/sodai_pipeline_dag.py
[2025-11-19T23:17:00.291+0000] {processor.py:840} INFO - DAG(s) 'sodai_training_and_scoring' retrieved from /opt/airflow/dags/sodai_pipeline_dag.py
[2025-11-19T23:17:00.364+0000] {logging_mixin.py:188} INFO - [2025-11-19T23:17:00.364+0000] {dag.py:3096} INFO - Sync 1 DAGs
[2025-11-19T23:17:00.396+0000] {logging_mixin.py:188} INFO - [2025-11-19T23:17:00.395+0000] {dag.py:3954} INFO - Setting next_dagrun for sodai_training_and_scoring to None, run_after=None
[2025-11-19T23:17:00.522+0000] {processor.py:183} INFO - Processing /opt/airflow/dags/sodai_pipeline_dag.py took 0.475 seconds
[2025-11-19T23:17:33.739+0000] {processor.py:161} INFO - Started process (PID=2019) to work on /opt/airflow/dags/sodai_pipeline_dag.py
[2025-11-19T23:17:33.749+0000] {processor.py:830} INFO - Processing file /opt/airflow/dags/sodai_pipeline_dag.py for tasks to queue
[2025-11-19T23:17:33.763+0000] {logging_mixin.py:188} INFO - [2025-11-19T23:17:33.762+0000] {dagbag.py:540} INFO - Filling up the DagBag from /opt/airflow/dags/sodai_pipeline_dag.py
[2025-11-19T23:17:33.963+0000] {processor.py:840} INFO - DAG(s) 'sodai_training_and_scoring' retrieved from /opt/airflow/dags/sodai_pipeline_dag.py
[2025-11-19T23:17:34.218+0000] {logging_mixin.py:188} INFO - [2025-11-19T23:17:34.217+0000] {dag.py:3096} INFO - Sync 1 DAGs
[2025-11-19T23:17:34.397+0000] {logging_mixin.py:188} INFO - [2025-11-19T23:17:34.396+0000] {dag.py:3954} INFO - Setting next_dagrun for sodai_training_and_scoring to None, run_after=None
[2025-11-19T23:17:34.517+0000] {processor.py:183} INFO - Processing /opt/airflow/dags/sodai_pipeline_dag.py took 0.856 seconds
[2025-11-19T23:18:06.999+0000] {processor.py:161} INFO - Started process (PID=2029) to work on /opt/airflow/dags/sodai_pipeline_dag.py
[2025-11-19T23:18:07.005+0000] {processor.py:830} INFO - Processing file /opt/airflow/dags/sodai_pipeline_dag.py for tasks to queue
[2025-11-19T23:18:07.015+0000] {logging_mixin.py:188} INFO - [2025-11-19T23:18:07.014+0000] {dagbag.py:540} INFO - Filling up the DagBag from /opt/airflow/dags/sodai_pipeline_dag.py
[2025-11-19T23:18:07.073+0000] {processor.py:840} INFO - DAG(s) 'sodai_training_and_scoring' retrieved from /opt/airflow/dags/sodai_pipeline_dag.py
[2025-11-19T23:18:07.117+0000] {logging_mixin.py:188} INFO - [2025-11-19T23:18:07.116+0000] {dag.py:3096} INFO - Sync 1 DAGs
[2025-11-19T23:18:07.196+0000] {logging_mixin.py:188} INFO - [2025-11-19T23:18:07.195+0000] {dag.py:3954} INFO - Setting next_dagrun for sodai_training_and_scoring to None, run_after=None
[2025-11-19T23:18:07.398+0000] {processor.py:183} INFO - Processing /opt/airflow/dags/sodai_pipeline_dag.py took 0.506 seconds
[2025-11-19T23:18:39.652+0000] {processor.py:161} INFO - Started process (PID=2039) to work on /opt/airflow/dags/sodai_pipeline_dag.py
[2025-11-19T23:18:39.666+0000] {processor.py:830} INFO - Processing file /opt/airflow/dags/sodai_pipeline_dag.py for tasks to queue
[2025-11-19T23:18:39.673+0000] {logging_mixin.py:188} INFO - [2025-11-19T23:18:39.673+0000] {dagbag.py:540} INFO - Filling up the DagBag from /opt/airflow/dags/sodai_pipeline_dag.py
[2025-11-19T23:18:39.778+0000] {processor.py:840} INFO - DAG(s) 'sodai_training_and_scoring' retrieved from /opt/airflow/dags/sodai_pipeline_dag.py
[2025-11-19T23:18:39.917+0000] {logging_mixin.py:188} INFO - [2025-11-19T23:18:39.916+0000] {dag.py:3096} INFO - Sync 1 DAGs
[2025-11-19T23:18:40.059+0000] {logging_mixin.py:188} INFO - [2025-11-19T23:18:40.059+0000] {dag.py:3954} INFO - Setting next_dagrun for sodai_training_and_scoring to None, run_after=None
[2025-11-19T23:18:40.245+0000] {processor.py:183} INFO - Processing /opt/airflow/dags/sodai_pipeline_dag.py took 0.644 seconds
[2025-11-19T23:19:13.218+0000] {processor.py:161} INFO - Started process (PID=2054) to work on /opt/airflow/dags/sodai_pipeline_dag.py
[2025-11-19T23:19:13.232+0000] {processor.py:830} INFO - Processing file /opt/airflow/dags/sodai_pipeline_dag.py for tasks to queue
[2025-11-19T23:19:13.246+0000] {logging_mixin.py:188} INFO - [2025-11-19T23:19:13.245+0000] {dagbag.py:540} INFO - Filling up the DagBag from /opt/airflow/dags/sodai_pipeline_dag.py
[2025-11-19T23:19:13.372+0000] {processor.py:840} INFO - DAG(s) 'sodai_training_and_scoring' retrieved from /opt/airflow/dags/sodai_pipeline_dag.py
[2025-11-19T23:19:13.588+0000] {logging_mixin.py:188} INFO - [2025-11-19T23:19:13.587+0000] {dag.py:3096} INFO - Sync 1 DAGs
[2025-11-19T23:19:13.691+0000] {logging_mixin.py:188} INFO - [2025-11-19T23:19:13.690+0000] {dag.py:3954} INFO - Setting next_dagrun for sodai_training_and_scoring to None, run_after=None
[2025-11-19T23:19:13.837+0000] {processor.py:183} INFO - Processing /opt/airflow/dags/sodai_pipeline_dag.py took 0.669 seconds
[2025-11-19T23:19:46.041+0000] {processor.py:161} INFO - Started process (PID=2059) to work on /opt/airflow/dags/sodai_pipeline_dag.py
[2025-11-19T23:19:46.063+0000] {processor.py:830} INFO - Processing file /opt/airflow/dags/sodai_pipeline_dag.py for tasks to queue
[2025-11-19T23:19:46.103+0000] {logging_mixin.py:188} INFO - [2025-11-19T23:19:46.102+0000] {dagbag.py:540} INFO - Filling up the DagBag from /opt/airflow/dags/sodai_pipeline_dag.py
[2025-11-19T23:19:46.246+0000] {processor.py:840} INFO - DAG(s) 'sodai_training_and_scoring' retrieved from /opt/airflow/dags/sodai_pipeline_dag.py
[2025-11-19T23:19:46.579+0000] {logging_mixin.py:188} INFO - [2025-11-19T23:19:46.578+0000] {dag.py:3096} INFO - Sync 1 DAGs
[2025-11-19T23:19:46.695+0000] {logging_mixin.py:188} INFO - [2025-11-19T23:19:46.694+0000] {dag.py:3954} INFO - Setting next_dagrun for sodai_training_and_scoring to None, run_after=None
[2025-11-19T23:19:46.928+0000] {processor.py:183} INFO - Processing /opt/airflow/dags/sodai_pipeline_dag.py took 0.944 seconds
[2025-11-19T23:20:19.103+0000] {processor.py:161} INFO - Started process (PID=2069) to work on /opt/airflow/dags/sodai_pipeline_dag.py
[2025-11-19T23:20:19.117+0000] {processor.py:830} INFO - Processing file /opt/airflow/dags/sodai_pipeline_dag.py for tasks to queue
[2025-11-19T23:20:19.129+0000] {logging_mixin.py:188} INFO - [2025-11-19T23:20:19.128+0000] {dagbag.py:540} INFO - Filling up the DagBag from /opt/airflow/dags/sodai_pipeline_dag.py
[2025-11-19T23:20:19.294+0000] {processor.py:840} INFO - DAG(s) 'sodai_training_and_scoring' retrieved from /opt/airflow/dags/sodai_pipeline_dag.py
[2025-11-19T23:20:19.459+0000] {logging_mixin.py:188} INFO - [2025-11-19T23:20:19.458+0000] {dag.py:3096} INFO - Sync 1 DAGs
[2025-11-19T23:20:19.599+0000] {logging_mixin.py:188} INFO - [2025-11-19T23:20:19.598+0000] {dag.py:3954} INFO - Setting next_dagrun for sodai_training_and_scoring to None, run_after=None
[2025-11-19T23:20:19.823+0000] {processor.py:183} INFO - Processing /opt/airflow/dags/sodai_pipeline_dag.py took 0.780 seconds
[2025-11-19T23:20:52.624+0000] {processor.py:161} INFO - Started process (PID=2084) to work on /opt/airflow/dags/sodai_pipeline_dag.py
[2025-11-19T23:20:52.641+0000] {processor.py:830} INFO - Processing file /opt/airflow/dags/sodai_pipeline_dag.py for tasks to queue
[2025-11-19T23:20:52.661+0000] {logging_mixin.py:188} INFO - [2025-11-19T23:20:52.660+0000] {dagbag.py:540} INFO - Filling up the DagBag from /opt/airflow/dags/sodai_pipeline_dag.py
[2025-11-19T23:20:52.814+0000] {processor.py:840} INFO - DAG(s) 'sodai_training_and_scoring' retrieved from /opt/airflow/dags/sodai_pipeline_dag.py
[2025-11-19T23:20:52.997+0000] {logging_mixin.py:188} INFO - [2025-11-19T23:20:52.996+0000] {dag.py:3096} INFO - Sync 1 DAGs
[2025-11-19T23:20:53.187+0000] {logging_mixin.py:188} INFO - [2025-11-19T23:20:53.186+0000] {dag.py:3954} INFO - Setting next_dagrun for sodai_training_and_scoring to None, run_after=None
[2025-11-19T23:20:53.589+0000] {processor.py:183} INFO - Processing /opt/airflow/dags/sodai_pipeline_dag.py took 1.054 seconds
[2025-11-19T23:21:25.322+0000] {processor.py:161} INFO - Started process (PID=2092) to work on /opt/airflow/dags/sodai_pipeline_dag.py
[2025-11-19T23:21:25.337+0000] {processor.py:830} INFO - Processing file /opt/airflow/dags/sodai_pipeline_dag.py for tasks to queue
[2025-11-19T23:21:25.346+0000] {logging_mixin.py:188} INFO - [2025-11-19T23:21:25.345+0000] {dagbag.py:540} INFO - Filling up the DagBag from /opt/airflow/dags/sodai_pipeline_dag.py
[2025-11-19T23:21:25.587+0000] {processor.py:840} INFO - DAG(s) 'sodai_training_and_scoring' retrieved from /opt/airflow/dags/sodai_pipeline_dag.py
[2025-11-19T23:21:25.645+0000] {logging_mixin.py:188} INFO - [2025-11-19T23:21:25.645+0000] {dag.py:3096} INFO - Sync 1 DAGs
[2025-11-19T23:21:25.691+0000] {logging_mixin.py:188} INFO - [2025-11-19T23:21:25.690+0000] {dag.py:3954} INFO - Setting next_dagrun for sodai_training_and_scoring to None, run_after=None
[2025-11-19T23:21:25.831+0000] {processor.py:183} INFO - Processing /opt/airflow/dags/sodai_pipeline_dag.py took 0.539 seconds
[2025-11-19T23:21:58.620+0000] {processor.py:161} INFO - Started process (PID=2099) to work on /opt/airflow/dags/sodai_pipeline_dag.py
[2025-11-19T23:21:58.632+0000] {processor.py:830} INFO - Processing file /opt/airflow/dags/sodai_pipeline_dag.py for tasks to queue
[2025-11-19T23:21:58.662+0000] {logging_mixin.py:188} INFO - [2025-11-19T23:21:58.661+0000] {dagbag.py:540} INFO - Filling up the DagBag from /opt/airflow/dags/sodai_pipeline_dag.py
[2025-11-19T23:21:58.817+0000] {processor.py:840} INFO - DAG(s) 'sodai_training_and_scoring' retrieved from /opt/airflow/dags/sodai_pipeline_dag.py
[2025-11-19T23:21:59.143+0000] {logging_mixin.py:188} INFO - [2025-11-19T23:21:59.142+0000] {dag.py:3096} INFO - Sync 1 DAGs
[2025-11-19T23:21:59.306+0000] {logging_mixin.py:188} INFO - [2025-11-19T23:21:59.305+0000] {dag.py:3954} INFO - Setting next_dagrun for sodai_training_and_scoring to None, run_after=None
[2025-11-19T23:21:59.449+0000] {processor.py:183} INFO - Processing /opt/airflow/dags/sodai_pipeline_dag.py took 0.892 seconds
[2025-11-19T23:22:32.508+0000] {processor.py:161} INFO - Started process (PID=2109) to work on /opt/airflow/dags/sodai_pipeline_dag.py
[2025-11-19T23:22:32.513+0000] {processor.py:830} INFO - Processing file /opt/airflow/dags/sodai_pipeline_dag.py for tasks to queue
[2025-11-19T23:22:32.536+0000] {logging_mixin.py:188} INFO - [2025-11-19T23:22:32.535+0000] {dagbag.py:540} INFO - Filling up the DagBag from /opt/airflow/dags/sodai_pipeline_dag.py
[2025-11-19T23:22:32.654+0000] {processor.py:840} INFO - DAG(s) 'sodai_training_and_scoring' retrieved from /opt/airflow/dags/sodai_pipeline_dag.py
[2025-11-19T23:22:32.752+0000] {logging_mixin.py:188} INFO - [2025-11-19T23:22:32.752+0000] {dag.py:3096} INFO - Sync 1 DAGs
[2025-11-19T23:22:32.835+0000] {logging_mixin.py:188} INFO - [2025-11-19T23:22:32.835+0000] {dag.py:3954} INFO - Setting next_dagrun for sodai_training_and_scoring to None, run_after=None
[2025-11-19T23:22:33.130+0000] {processor.py:183} INFO - Processing /opt/airflow/dags/sodai_pipeline_dag.py took 0.670 seconds
[2025-11-19T23:23:05.936+0000] {processor.py:161} INFO - Started process (PID=2119) to work on /opt/airflow/dags/sodai_pipeline_dag.py
[2025-11-19T23:23:05.952+0000] {processor.py:830} INFO - Processing file /opt/airflow/dags/sodai_pipeline_dag.py for tasks to queue
[2025-11-19T23:23:05.997+0000] {logging_mixin.py:188} INFO - [2025-11-19T23:23:05.996+0000] {dagbag.py:540} INFO - Filling up the DagBag from /opt/airflow/dags/sodai_pipeline_dag.py
[2025-11-19T23:23:06.242+0000] {processor.py:840} INFO - DAG(s) 'sodai_training_and_scoring' retrieved from /opt/airflow/dags/sodai_pipeline_dag.py
[2025-11-19T23:23:06.329+0000] {logging_mixin.py:188} INFO - [2025-11-19T23:23:06.328+0000] {dag.py:3096} INFO - Sync 1 DAGs
[2025-11-19T23:23:06.454+0000] {logging_mixin.py:188} INFO - [2025-11-19T23:23:06.451+0000] {dag.py:3954} INFO - Setting next_dagrun for sodai_training_and_scoring to None, run_after=None
[2025-11-19T23:23:06.602+0000] {processor.py:183} INFO - Processing /opt/airflow/dags/sodai_pipeline_dag.py took 0.886 seconds
[2025-11-19T23:23:38.986+0000] {processor.py:161} INFO - Started process (PID=2129) to work on /opt/airflow/dags/sodai_pipeline_dag.py
[2025-11-19T23:23:38.994+0000] {processor.py:830} INFO - Processing file /opt/airflow/dags/sodai_pipeline_dag.py for tasks to queue
[2025-11-19T23:23:39.002+0000] {logging_mixin.py:188} INFO - [2025-11-19T23:23:39.001+0000] {dagbag.py:540} INFO - Filling up the DagBag from /opt/airflow/dags/sodai_pipeline_dag.py
[2025-11-19T23:23:39.253+0000] {processor.py:840} INFO - DAG(s) 'sodai_training_and_scoring' retrieved from /opt/airflow/dags/sodai_pipeline_dag.py
[2025-11-19T23:23:39.489+0000] {logging_mixin.py:188} INFO - [2025-11-19T23:23:39.488+0000] {dag.py:3096} INFO - Sync 1 DAGs
[2025-11-19T23:23:39.556+0000] {logging_mixin.py:188} INFO - [2025-11-19T23:23:39.556+0000] {dag.py:3954} INFO - Setting next_dagrun for sodai_training_and_scoring to None, run_after=None
[2025-11-19T23:23:39.814+0000] {processor.py:183} INFO - Processing /opt/airflow/dags/sodai_pipeline_dag.py took 0.876 seconds
[2025-11-19T23:24:11.477+0000] {processor.py:161} INFO - Started process (PID=2139) to work on /opt/airflow/dags/sodai_pipeline_dag.py
[2025-11-19T23:24:11.496+0000] {processor.py:830} INFO - Processing file /opt/airflow/dags/sodai_pipeline_dag.py for tasks to queue
[2025-11-19T23:24:11.504+0000] {logging_mixin.py:188} INFO - [2025-11-19T23:24:11.504+0000] {dagbag.py:540} INFO - Filling up the DagBag from /opt/airflow/dags/sodai_pipeline_dag.py
[2025-11-19T23:24:11.675+0000] {processor.py:840} INFO - DAG(s) 'sodai_training_and_scoring' retrieved from /opt/airflow/dags/sodai_pipeline_dag.py
[2025-11-19T23:24:12.079+0000] {logging_mixin.py:188} INFO - [2025-11-19T23:24:12.078+0000] {dag.py:3096} INFO - Sync 1 DAGs
[2025-11-19T23:24:12.152+0000] {logging_mixin.py:188} INFO - [2025-11-19T23:24:12.149+0000] {dag.py:3954} INFO - Setting next_dagrun for sodai_training_and_scoring to None, run_after=None
[2025-11-19T23:24:12.416+0000] {processor.py:183} INFO - Processing /opt/airflow/dags/sodai_pipeline_dag.py took 0.930 seconds
[2025-11-19T23:24:44.703+0000] {processor.py:161} INFO - Started process (PID=2149) to work on /opt/airflow/dags/sodai_pipeline_dag.py
[2025-11-19T23:24:44.714+0000] {processor.py:830} INFO - Processing file /opt/airflow/dags/sodai_pipeline_dag.py for tasks to queue
[2025-11-19T23:24:44.737+0000] {logging_mixin.py:188} INFO - [2025-11-19T23:24:44.733+0000] {dagbag.py:540} INFO - Filling up the DagBag from /opt/airflow/dags/sodai_pipeline_dag.py
[2025-11-19T23:24:44.941+0000] {processor.py:840} INFO - DAG(s) 'sodai_training_and_scoring' retrieved from /opt/airflow/dags/sodai_pipeline_dag.py
[2025-11-19T23:24:45.100+0000] {logging_mixin.py:188} INFO - [2025-11-19T23:24:45.100+0000] {dag.py:3096} INFO - Sync 1 DAGs
[2025-11-19T23:24:45.232+0000] {logging_mixin.py:188} INFO - [2025-11-19T23:24:45.231+0000] {dag.py:3954} INFO - Setting next_dagrun for sodai_training_and_scoring to None, run_after=None
[2025-11-19T23:24:45.510+0000] {processor.py:183} INFO - Processing /opt/airflow/dags/sodai_pipeline_dag.py took 0.879 seconds
[2025-11-19T23:25:17.715+0000] {processor.py:161} INFO - Started process (PID=2159) to work on /opt/airflow/dags/sodai_pipeline_dag.py
[2025-11-19T23:25:17.738+0000] {processor.py:830} INFO - Processing file /opt/airflow/dags/sodai_pipeline_dag.py for tasks to queue
[2025-11-19T23:25:17.768+0000] {logging_mixin.py:188} INFO - [2025-11-19T23:25:17.767+0000] {dagbag.py:540} INFO - Filling up the DagBag from /opt/airflow/dags/sodai_pipeline_dag.py
[2025-11-19T23:25:17.965+0000] {processor.py:840} INFO - DAG(s) 'sodai_training_and_scoring' retrieved from /opt/airflow/dags/sodai_pipeline_dag.py
[2025-11-19T23:25:18.138+0000] {logging_mixin.py:188} INFO - [2025-11-19T23:25:18.137+0000] {dag.py:3096} INFO - Sync 1 DAGs
[2025-11-19T23:25:18.255+0000] {logging_mixin.py:188} INFO - [2025-11-19T23:25:18.254+0000] {dag.py:3954} INFO - Setting next_dagrun for sodai_training_and_scoring to None, run_after=None
[2025-11-19T23:25:18.696+0000] {processor.py:183} INFO - Processing /opt/airflow/dags/sodai_pipeline_dag.py took 1.084 seconds
[2025-11-19T23:25:51.069+0000] {processor.py:161} INFO - Started process (PID=2174) to work on /opt/airflow/dags/sodai_pipeline_dag.py
[2025-11-19T23:25:51.081+0000] {processor.py:830} INFO - Processing file /opt/airflow/dags/sodai_pipeline_dag.py for tasks to queue
[2025-11-19T23:25:51.092+0000] {logging_mixin.py:188} INFO - [2025-11-19T23:25:51.092+0000] {dagbag.py:540} INFO - Filling up the DagBag from /opt/airflow/dags/sodai_pipeline_dag.py
[2025-11-19T23:25:51.270+0000] {processor.py:840} INFO - DAG(s) 'sodai_training_and_scoring' retrieved from /opt/airflow/dags/sodai_pipeline_dag.py
[2025-11-19T23:25:51.356+0000] {logging_mixin.py:188} INFO - [2025-11-19T23:25:51.355+0000] {dag.py:3096} INFO - Sync 1 DAGs
[2025-11-19T23:25:51.489+0000] {logging_mixin.py:188} INFO - [2025-11-19T23:25:51.488+0000] {dag.py:3954} INFO - Setting next_dagrun for sodai_training_and_scoring to None, run_after=None
[2025-11-19T23:25:51.626+0000] {processor.py:183} INFO - Processing /opt/airflow/dags/sodai_pipeline_dag.py took 0.602 seconds
[2025-11-19T23:26:23.991+0000] {processor.py:161} INFO - Started process (PID=2179) to work on /opt/airflow/dags/sodai_pipeline_dag.py
[2025-11-19T23:26:24.007+0000] {processor.py:830} INFO - Processing file /opt/airflow/dags/sodai_pipeline_dag.py for tasks to queue
[2025-11-19T23:26:24.034+0000] {logging_mixin.py:188} INFO - [2025-11-19T23:26:24.023+0000] {dagbag.py:540} INFO - Filling up the DagBag from /opt/airflow/dags/sodai_pipeline_dag.py
[2025-11-19T23:26:24.171+0000] {processor.py:840} INFO - DAG(s) 'sodai_training_and_scoring' retrieved from /opt/airflow/dags/sodai_pipeline_dag.py
[2025-11-19T23:26:24.472+0000] {logging_mixin.py:188} INFO - [2025-11-19T23:26:24.471+0000] {dag.py:3096} INFO - Sync 1 DAGs
[2025-11-19T23:26:24.573+0000] {logging_mixin.py:188} INFO - [2025-11-19T23:26:24.573+0000] {dag.py:3954} INFO - Setting next_dagrun for sodai_training_and_scoring to None, run_after=None
[2025-11-19T23:26:24.710+0000] {processor.py:183} INFO - Processing /opt/airflow/dags/sodai_pipeline_dag.py took 0.834 seconds
[2025-11-19T23:26:56.818+0000] {processor.py:161} INFO - Started process (PID=2189) to work on /opt/airflow/dags/sodai_pipeline_dag.py
[2025-11-19T23:26:56.821+0000] {processor.py:830} INFO - Processing file /opt/airflow/dags/sodai_pipeline_dag.py for tasks to queue
[2025-11-19T23:26:56.824+0000] {logging_mixin.py:188} INFO - [2025-11-19T23:26:56.823+0000] {dagbag.py:540} INFO - Filling up the DagBag from /opt/airflow/dags/sodai_pipeline_dag.py
[2025-11-19T23:26:56.950+0000] {processor.py:840} INFO - DAG(s) 'sodai_training_and_scoring' retrieved from /opt/airflow/dags/sodai_pipeline_dag.py
[2025-11-19T23:26:57.142+0000] {logging_mixin.py:188} INFO - [2025-11-19T23:26:57.141+0000] {dag.py:3096} INFO - Sync 1 DAGs
[2025-11-19T23:26:57.192+0000] {logging_mixin.py:188} INFO - [2025-11-19T23:26:57.191+0000] {dag.py:3954} INFO - Setting next_dagrun for sodai_training_and_scoring to None, run_after=None
[2025-11-19T23:26:57.321+0000] {processor.py:183} INFO - Processing /opt/airflow/dags/sodai_pipeline_dag.py took 0.524 seconds
[2025-11-19T23:27:27.725+0000] {processor.py:161} INFO - Started process (PID=2199) to work on /opt/airflow/dags/sodai_pipeline_dag.py
[2025-11-19T23:27:27.735+0000] {processor.py:830} INFO - Processing file /opt/airflow/dags/sodai_pipeline_dag.py for tasks to queue
[2025-11-19T23:27:27.753+0000] {logging_mixin.py:188} INFO - [2025-11-19T23:27:27.752+0000] {dagbag.py:540} INFO - Filling up the DagBag from /opt/airflow/dags/sodai_pipeline_dag.py
[2025-11-19T23:27:29.763+0000] {processor.py:840} INFO - DAG(s) 'sodai_training_and_scoring' retrieved from /opt/airflow/dags/sodai_pipeline_dag.py
[2025-11-19T23:27:29.885+0000] {logging_mixin.py:188} INFO - [2025-11-19T23:27:29.884+0000] {dag.py:3096} INFO - Sync 1 DAGs
[2025-11-19T23:27:29.944+0000] {logging_mixin.py:188} INFO - [2025-11-19T23:27:29.943+0000] {dag.py:3954} INFO - Setting next_dagrun for sodai_training_and_scoring to None, run_after=None
[2025-11-19T23:27:30.061+0000] {processor.py:183} INFO - Processing /opt/airflow/dags/sodai_pipeline_dag.py took 0.458 seconds
[2025-11-19T23:28:00.737+0000] {processor.py:161} INFO - Started process (PID=2209) to work on /opt/airflow/dags/sodai_pipeline_dag.py
[2025-11-19T23:28:02.768+0000] {processor.py:830} INFO - Processing file /opt/airflow/dags/sodai_pipeline_dag.py for tasks to queue
[2025-11-19T23:28:02.771+0000] {logging_mixin.py:188} INFO - [2025-11-19T23:28:02.770+0000] {dagbag.py:540} INFO - Filling up the DagBag from /opt/airflow/dags/sodai_pipeline_dag.py
[2025-11-19T23:28:02.803+0000] {processor.py:840} INFO - DAG(s) 'sodai_training_and_scoring' retrieved from /opt/airflow/dags/sodai_pipeline_dag.py
[2025-11-19T23:28:02.844+0000] {logging_mixin.py:188} INFO - [2025-11-19T23:28:02.844+0000] {dag.py:3096} INFO - Sync 1 DAGs
[2025-11-19T23:28:02.861+0000] {logging_mixin.py:188} INFO - [2025-11-19T23:28:02.861+0000] {dag.py:3954} INFO - Setting next_dagrun for sodai_training_and_scoring to None, run_after=None
[2025-11-19T23:28:02.915+0000] {processor.py:183} INFO - Processing /opt/airflow/dags/sodai_pipeline_dag.py took 0.178 seconds
[2025-11-19T23:28:36.640+0000] {processor.py:161} INFO - Started process (PID=2219) to work on /opt/airflow/dags/sodai_pipeline_dag.py
[2025-11-19T23:28:36.642+0000] {processor.py:830} INFO - Processing file /opt/airflow/dags/sodai_pipeline_dag.py for tasks to queue
[2025-11-19T23:28:36.650+0000] {logging_mixin.py:188} INFO - [2025-11-19T23:28:36.650+0000] {dagbag.py:540} INFO - Filling up the DagBag from /opt/airflow/dags/sodai_pipeline_dag.py
[2025-11-19T23:28:36.723+0000] {processor.py:840} INFO - DAG(s) 'sodai_training_and_scoring' retrieved from /opt/airflow/dags/sodai_pipeline_dag.py
[2025-11-19T23:28:36.760+0000] {logging_mixin.py:188} INFO - [2025-11-19T23:28:36.759+0000] {dag.py:3096} INFO - Sync 1 DAGs
[2025-11-19T23:28:36.784+0000] {logging_mixin.py:188} INFO - [2025-11-19T23:28:36.784+0000] {dag.py:3954} INFO - Setting next_dagrun for sodai_training_and_scoring to None, run_after=None
[2025-11-19T23:28:36.816+0000] {processor.py:183} INFO - Processing /opt/airflow/dags/sodai_pipeline_dag.py took 0.189 seconds
[2025-11-19T23:29:09.594+0000] {processor.py:161} INFO - Started process (PID=2229) to work on /opt/airflow/dags/sodai_pipeline_dag.py
[2025-11-19T23:29:09.602+0000] {processor.py:830} INFO - Processing file /opt/airflow/dags/sodai_pipeline_dag.py for tasks to queue
[2025-11-19T23:29:09.604+0000] {logging_mixin.py:188} INFO - [2025-11-19T23:29:09.604+0000] {dagbag.py:540} INFO - Filling up the DagBag from /opt/airflow/dags/sodai_pipeline_dag.py
[2025-11-19T23:29:09.648+0000] {processor.py:840} INFO - DAG(s) 'sodai_training_and_scoring' retrieved from /opt/airflow/dags/sodai_pipeline_dag.py
[2025-11-19T23:29:09.713+0000] {logging_mixin.py:188} INFO - [2025-11-19T23:29:09.712+0000] {dag.py:3096} INFO - Sync 1 DAGs
[2025-11-19T23:29:09.746+0000] {logging_mixin.py:188} INFO - [2025-11-19T23:29:09.746+0000] {dag.py:3954} INFO - Setting next_dagrun for sodai_training_and_scoring to None, run_after=None
[2025-11-19T23:29:09.793+0000] {processor.py:183} INFO - Processing /opt/airflow/dags/sodai_pipeline_dag.py took 0.211 seconds
[2025-11-19T23:29:42.064+0000] {processor.py:161} INFO - Started process (PID=2239) to work on /opt/airflow/dags/sodai_pipeline_dag.py
[2025-11-19T23:29:42.067+0000] {processor.py:830} INFO - Processing file /opt/airflow/dags/sodai_pipeline_dag.py for tasks to queue
[2025-11-19T23:29:42.075+0000] {logging_mixin.py:188} INFO - [2025-11-19T23:29:42.073+0000] {dagbag.py:540} INFO - Filling up the DagBag from /opt/airflow/dags/sodai_pipeline_dag.py
[2025-11-19T23:29:42.127+0000] {processor.py:840} INFO - DAG(s) 'sodai_training_and_scoring' retrieved from /opt/airflow/dags/sodai_pipeline_dag.py
[2025-11-19T23:29:42.193+0000] {logging_mixin.py:188} INFO - [2025-11-19T23:29:42.192+0000] {dag.py:3096} INFO - Sync 1 DAGs
[2025-11-19T23:29:42.222+0000] {logging_mixin.py:188} INFO - [2025-11-19T23:29:42.221+0000] {dag.py:3954} INFO - Setting next_dagrun for sodai_training_and_scoring to None, run_after=None
[2025-11-19T23:29:42.261+0000] {processor.py:183} INFO - Processing /opt/airflow/dags/sodai_pipeline_dag.py took 0.221 seconds
[2025-11-19T23:30:15.617+0000] {processor.py:161} INFO - Started process (PID=2249) to work on /opt/airflow/dags/sodai_pipeline_dag.py
[2025-11-19T23:30:15.618+0000] {processor.py:830} INFO - Processing file /opt/airflow/dags/sodai_pipeline_dag.py for tasks to queue
[2025-11-19T23:30:15.621+0000] {logging_mixin.py:188} INFO - [2025-11-19T23:30:15.621+0000] {dagbag.py:540} INFO - Filling up the DagBag from /opt/airflow/dags/sodai_pipeline_dag.py
[2025-11-19T23:30:15.662+0000] {processor.py:840} INFO - DAG(s) 'sodai_training_and_scoring' retrieved from /opt/airflow/dags/sodai_pipeline_dag.py
[2025-11-19T23:30:15.703+0000] {logging_mixin.py:188} INFO - [2025-11-19T23:30:15.702+0000] {dag.py:3096} INFO - Sync 1 DAGs
[2025-11-19T23:30:15.720+0000] {logging_mixin.py:188} INFO - [2025-11-19T23:30:15.720+0000] {dag.py:3954} INFO - Setting next_dagrun for sodai_training_and_scoring to None, run_after=None
[2025-11-19T23:30:15.747+0000] {processor.py:183} INFO - Processing /opt/airflow/dags/sodai_pipeline_dag.py took 0.140 seconds
[2025-11-19T23:30:48.989+0000] {processor.py:161} INFO - Started process (PID=2259) to work on /opt/airflow/dags/sodai_pipeline_dag.py
[2025-11-19T23:30:48.990+0000] {processor.py:830} INFO - Processing file /opt/airflow/dags/sodai_pipeline_dag.py for tasks to queue
[2025-11-19T23:30:48.992+0000] {logging_mixin.py:188} INFO - [2025-11-19T23:30:48.991+0000] {dagbag.py:540} INFO - Filling up the DagBag from /opt/airflow/dags/sodai_pipeline_dag.py
[2025-11-19T23:30:49.009+0000] {processor.py:840} INFO - DAG(s) 'sodai_training_and_scoring' retrieved from /opt/airflow/dags/sodai_pipeline_dag.py
[2025-11-19T23:30:49.034+0000] {logging_mixin.py:188} INFO - [2025-11-19T23:30:49.034+0000] {dag.py:3096} INFO - Sync 1 DAGs
[2025-11-19T23:30:49.044+0000] {logging_mixin.py:188} INFO - [2025-11-19T23:30:49.044+0000] {dag.py:3954} INFO - Setting next_dagrun for sodai_training_and_scoring to None, run_after=None
[2025-11-19T23:30:49.065+0000] {processor.py:183} INFO - Processing /opt/airflow/dags/sodai_pipeline_dag.py took 0.082 seconds
[2025-11-19T23:31:19.322+0000] {processor.py:161} INFO - Started process (PID=2269) to work on /opt/airflow/dags/sodai_pipeline_dag.py
[2025-11-19T23:31:19.324+0000] {processor.py:830} INFO - Processing file /opt/airflow/dags/sodai_pipeline_dag.py for tasks to queue
[2025-11-19T23:31:19.327+0000] {logging_mixin.py:188} INFO - [2025-11-19T23:31:19.327+0000] {dagbag.py:540} INFO - Filling up the DagBag from /opt/airflow/dags/sodai_pipeline_dag.py
[2025-11-19T23:31:21.376+0000] {processor.py:840} INFO - DAG(s) 'sodai_training_and_scoring' retrieved from /opt/airflow/dags/sodai_pipeline_dag.py
[2025-11-19T23:31:21.410+0000] {logging_mixin.py:188} INFO - [2025-11-19T23:31:21.410+0000] {dag.py:3096} INFO - Sync 1 DAGs
[2025-11-19T23:31:21.421+0000] {logging_mixin.py:188} INFO - [2025-11-19T23:31:21.420+0000] {dag.py:3954} INFO - Setting next_dagrun for sodai_training_and_scoring to None, run_after=None
[2025-11-19T23:31:21.441+0000] {processor.py:183} INFO - Processing /opt/airflow/dags/sodai_pipeline_dag.py took 0.108 seconds
[2025-11-19T23:31:44.745+0000] {processor.py:161} INFO - Started process (PID=2279) to work on /opt/airflow/dags/sodai_pipeline_dag.py
[2025-11-19T23:31:44.746+0000] {processor.py:830} INFO - Processing file /opt/airflow/dags/sodai_pipeline_dag.py for tasks to queue
[2025-11-19T23:31:44.749+0000] {logging_mixin.py:188} INFO - [2025-11-19T23:31:44.748+0000] {dagbag.py:540} INFO - Filling up the DagBag from /opt/airflow/dags/sodai_pipeline_dag.py
[2025-11-19T23:31:44.774+0000] {processor.py:840} INFO - DAG(s) 'sodai_training_and_scoring' retrieved from /opt/airflow/dags/sodai_pipeline_dag.py
[2025-11-19T23:31:44.809+0000] {logging_mixin.py:188} INFO - [2025-11-19T23:31:44.809+0000] {dag.py:3096} INFO - Sync 1 DAGs
[2025-11-19T23:31:44.838+0000] {logging_mixin.py:188} INFO - [2025-11-19T23:31:44.837+0000] {dag.py:3954} INFO - Setting next_dagrun for sodai_training_and_scoring to None, run_after=None
[2025-11-19T23:31:44.877+0000] {processor.py:183} INFO - Processing /opt/airflow/dags/sodai_pipeline_dag.py took 0.137 seconds
[2025-11-19T23:32:15.013+0000] {processor.py:161} INFO - Started process (PID=2306) to work on /opt/airflow/dags/sodai_pipeline_dag.py
[2025-11-19T23:32:15.014+0000] {processor.py:830} INFO - Processing file /opt/airflow/dags/sodai_pipeline_dag.py for tasks to queue
[2025-11-19T23:32:15.016+0000] {logging_mixin.py:188} INFO - [2025-11-19T23:32:15.016+0000] {dagbag.py:540} INFO - Filling up the DagBag from /opt/airflow/dags/sodai_pipeline_dag.py
[2025-11-19T23:32:15.033+0000] {processor.py:840} INFO - DAG(s) 'sodai_training_and_scoring' retrieved from /opt/airflow/dags/sodai_pipeline_dag.py
[2025-11-19T23:32:15.055+0000] {logging_mixin.py:188} INFO - [2025-11-19T23:32:15.054+0000] {dag.py:3096} INFO - Sync 1 DAGs
[2025-11-19T23:32:15.064+0000] {logging_mixin.py:188} INFO - [2025-11-19T23:32:15.064+0000] {dag.py:3954} INFO - Setting next_dagrun for sodai_training_and_scoring to None, run_after=None
[2025-11-19T23:32:15.081+0000] {processor.py:183} INFO - Processing /opt/airflow/dags/sodai_pipeline_dag.py took 0.072 seconds
[2025-11-19T23:32:45.496+0000] {processor.py:161} INFO - Started process (PID=2401) to work on /opt/airflow/dags/sodai_pipeline_dag.py
[2025-11-19T23:32:45.497+0000] {processor.py:830} INFO - Processing file /opt/airflow/dags/sodai_pipeline_dag.py for tasks to queue
[2025-11-19T23:32:45.500+0000] {logging_mixin.py:188} INFO - [2025-11-19T23:32:45.499+0000] {dagbag.py:540} INFO - Filling up the DagBag from /opt/airflow/dags/sodai_pipeline_dag.py
[2025-11-19T23:32:45.524+0000] {processor.py:840} INFO - DAG(s) 'sodai_training_and_scoring' retrieved from /opt/airflow/dags/sodai_pipeline_dag.py
[2025-11-19T23:32:45.560+0000] {logging_mixin.py:188} INFO - [2025-11-19T23:32:45.560+0000] {dag.py:3096} INFO - Sync 1 DAGs
[2025-11-19T23:32:45.577+0000] {logging_mixin.py:188} INFO - [2025-11-19T23:32:45.577+0000] {dag.py:3954} INFO - Setting next_dagrun for sodai_training_and_scoring to None, run_after=None
[2025-11-19T23:32:45.604+0000] {processor.py:183} INFO - Processing /opt/airflow/dags/sodai_pipeline_dag.py took 0.116 seconds
[2025-11-19T23:33:15.837+0000] {processor.py:161} INFO - Started process (PID=2411) to work on /opt/airflow/dags/sodai_pipeline_dag.py
[2025-11-19T23:33:15.838+0000] {processor.py:830} INFO - Processing file /opt/airflow/dags/sodai_pipeline_dag.py for tasks to queue
[2025-11-19T23:33:15.839+0000] {logging_mixin.py:188} INFO - [2025-11-19T23:33:15.839+0000] {dagbag.py:540} INFO - Filling up the DagBag from /opt/airflow/dags/sodai_pipeline_dag.py
[2025-11-19T23:33:15.860+0000] {processor.py:840} INFO - DAG(s) 'sodai_training_and_scoring' retrieved from /opt/airflow/dags/sodai_pipeline_dag.py
[2025-11-19T23:33:15.899+0000] {logging_mixin.py:188} INFO - [2025-11-19T23:33:15.898+0000] {dag.py:3096} INFO - Sync 1 DAGs
[2025-11-19T23:33:15.921+0000] {logging_mixin.py:188} INFO - [2025-11-19T23:33:15.921+0000] {dag.py:3954} INFO - Setting next_dagrun for sodai_training_and_scoring to None, run_after=None
[2025-11-19T23:33:15.951+0000] {processor.py:183} INFO - Processing /opt/airflow/dags/sodai_pipeline_dag.py took 0.119 seconds
[2025-11-19T23:33:46.252+0000] {processor.py:161} INFO - Started process (PID=2421) to work on /opt/airflow/dags/sodai_pipeline_dag.py
[2025-11-19T23:33:46.253+0000] {processor.py:830} INFO - Processing file /opt/airflow/dags/sodai_pipeline_dag.py for tasks to queue
[2025-11-19T23:33:46.255+0000] {logging_mixin.py:188} INFO - [2025-11-19T23:33:46.255+0000] {dagbag.py:540} INFO - Filling up the DagBag from /opt/airflow/dags/sodai_pipeline_dag.py
[2025-11-19T23:33:46.271+0000] {processor.py:840} INFO - DAG(s) 'sodai_training_and_scoring' retrieved from /opt/airflow/dags/sodai_pipeline_dag.py
[2025-11-19T23:33:46.291+0000] {logging_mixin.py:188} INFO - [2025-11-19T23:33:46.290+0000] {dag.py:3096} INFO - Sync 1 DAGs
[2025-11-19T23:33:46.300+0000] {logging_mixin.py:188} INFO - [2025-11-19T23:33:46.300+0000] {dag.py:3954} INFO - Setting next_dagrun for sodai_training_and_scoring to None, run_after=None
[2025-11-19T23:33:46.314+0000] {processor.py:183} INFO - Processing /opt/airflow/dags/sodai_pipeline_dag.py took 0.067 seconds
[2025-11-19T23:34:16.684+0000] {processor.py:161} INFO - Started process (PID=2448) to work on /opt/airflow/dags/sodai_pipeline_dag.py
[2025-11-19T23:34:16.685+0000] {processor.py:830} INFO - Processing file /opt/airflow/dags/sodai_pipeline_dag.py for tasks to queue
[2025-11-19T23:34:16.687+0000] {logging_mixin.py:188} INFO - [2025-11-19T23:34:16.687+0000] {dagbag.py:540} INFO - Filling up the DagBag from /opt/airflow/dags/sodai_pipeline_dag.py
[2025-11-19T23:34:16.702+0000] {processor.py:840} INFO - DAG(s) 'sodai_training_and_scoring' retrieved from /opt/airflow/dags/sodai_pipeline_dag.py
[2025-11-19T23:34:16.724+0000] {logging_mixin.py:188} INFO - [2025-11-19T23:34:16.724+0000] {dag.py:3096} INFO - Sync 1 DAGs
[2025-11-19T23:34:16.736+0000] {logging_mixin.py:188} INFO - [2025-11-19T23:34:16.735+0000] {dag.py:3954} INFO - Setting next_dagrun for sodai_training_and_scoring to None, run_after=None
[2025-11-19T23:34:16.751+0000] {processor.py:183} INFO - Processing /opt/airflow/dags/sodai_pipeline_dag.py took 0.072 seconds
[2025-11-19T23:34:47.128+0000] {processor.py:161} INFO - Started process (PID=2481) to work on /opt/airflow/dags/sodai_pipeline_dag.py
[2025-11-19T23:34:47.130+0000] {processor.py:830} INFO - Processing file /opt/airflow/dags/sodai_pipeline_dag.py for tasks to queue
[2025-11-19T23:34:47.132+0000] {logging_mixin.py:188} INFO - [2025-11-19T23:34:47.132+0000] {dagbag.py:540} INFO - Filling up the DagBag from /opt/airflow/dags/sodai_pipeline_dag.py
[2025-11-19T23:34:47.157+0000] {processor.py:840} INFO - DAG(s) 'sodai_training_and_scoring' retrieved from /opt/airflow/dags/sodai_pipeline_dag.py
[2025-11-19T23:34:47.188+0000] {logging_mixin.py:188} INFO - [2025-11-19T23:34:47.187+0000] {dag.py:3096} INFO - Sync 1 DAGs
[2025-11-19T23:34:47.201+0000] {logging_mixin.py:188} INFO - [2025-11-19T23:34:47.201+0000] {dag.py:3954} INFO - Setting next_dagrun for sodai_training_and_scoring to None, run_after=None
[2025-11-19T23:34:47.226+0000] {processor.py:183} INFO - Processing /opt/airflow/dags/sodai_pipeline_dag.py took 0.103 seconds
[2025-11-19T23:35:17.374+0000] {processor.py:161} INFO - Started process (PID=2491) to work on /opt/airflow/dags/sodai_pipeline_dag.py
[2025-11-19T23:35:17.376+0000] {processor.py:830} INFO - Processing file /opt/airflow/dags/sodai_pipeline_dag.py for tasks to queue
[2025-11-19T23:35:17.377+0000] {logging_mixin.py:188} INFO - [2025-11-19T23:35:17.377+0000] {dagbag.py:540} INFO - Filling up the DagBag from /opt/airflow/dags/sodai_pipeline_dag.py
[2025-11-19T23:35:17.397+0000] {processor.py:840} INFO - DAG(s) 'sodai_training_and_scoring' retrieved from /opt/airflow/dags/sodai_pipeline_dag.py
[2025-11-19T23:35:17.427+0000] {logging_mixin.py:188} INFO - [2025-11-19T23:35:17.427+0000] {dag.py:3096} INFO - Sync 1 DAGs
[2025-11-19T23:35:17.439+0000] {logging_mixin.py:188} INFO - [2025-11-19T23:35:17.439+0000] {dag.py:3954} INFO - Setting next_dagrun for sodai_training_and_scoring to None, run_after=None
[2025-11-19T23:35:17.463+0000] {processor.py:183} INFO - Processing /opt/airflow/dags/sodai_pipeline_dag.py took 0.093 seconds
[2025-11-19T23:35:47.847+0000] {processor.py:161} INFO - Started process (PID=2501) to work on /opt/airflow/dags/sodai_pipeline_dag.py
[2025-11-19T23:35:47.848+0000] {processor.py:830} INFO - Processing file /opt/airflow/dags/sodai_pipeline_dag.py for tasks to queue
[2025-11-19T23:35:47.849+0000] {logging_mixin.py:188} INFO - [2025-11-19T23:35:47.849+0000] {dagbag.py:540} INFO - Filling up the DagBag from /opt/airflow/dags/sodai_pipeline_dag.py
[2025-11-19T23:35:47.865+0000] {processor.py:840} INFO - DAG(s) 'sodai_training_and_scoring' retrieved from /opt/airflow/dags/sodai_pipeline_dag.py
[2025-11-19T23:35:47.887+0000] {logging_mixin.py:188} INFO - [2025-11-19T23:35:47.887+0000] {dag.py:3096} INFO - Sync 1 DAGs
[2025-11-19T23:35:47.896+0000] {logging_mixin.py:188} INFO - [2025-11-19T23:35:47.896+0000] {dag.py:3954} INFO - Setting next_dagrun for sodai_training_and_scoring to None, run_after=None
[2025-11-19T23:35:47.915+0000] {processor.py:183} INFO - Processing /opt/airflow/dags/sodai_pipeline_dag.py took 0.073 seconds
[2025-11-19T23:36:20.213+0000] {processor.py:161} INFO - Started process (PID=2506) to work on /opt/airflow/dags/sodai_pipeline_dag.py
[2025-11-19T23:36:20.214+0000] {processor.py:830} INFO - Processing file /opt/airflow/dags/sodai_pipeline_dag.py for tasks to queue
[2025-11-19T23:36:20.216+0000] {logging_mixin.py:188} INFO - [2025-11-19T23:36:20.216+0000] {dagbag.py:540} INFO - Filling up the DagBag from /opt/airflow/dags/sodai_pipeline_dag.py
[2025-11-19T23:36:20.241+0000] {processor.py:840} INFO - DAG(s) 'sodai_training_and_scoring' retrieved from /opt/airflow/dags/sodai_pipeline_dag.py
[2025-11-19T23:36:20.274+0000] {logging_mixin.py:188} INFO - [2025-11-19T23:36:20.274+0000] {dag.py:3096} INFO - Sync 1 DAGs
[2025-11-19T23:36:20.290+0000] {logging_mixin.py:188} INFO - [2025-11-19T23:36:20.290+0000] {dag.py:3954} INFO - Setting next_dagrun for sodai_training_and_scoring to None, run_after=None
[2025-11-19T23:36:20.314+0000] {processor.py:183} INFO - Processing /opt/airflow/dags/sodai_pipeline_dag.py took 0.109 seconds
[2025-11-19T23:36:53.642+0000] {processor.py:161} INFO - Started process (PID=2516) to work on /opt/airflow/dags/sodai_pipeline_dag.py
[2025-11-19T23:36:53.643+0000] {processor.py:830} INFO - Processing file /opt/airflow/dags/sodai_pipeline_dag.py for tasks to queue
[2025-11-19T23:36:53.645+0000] {logging_mixin.py:188} INFO - [2025-11-19T23:36:53.645+0000] {dagbag.py:540} INFO - Filling up the DagBag from /opt/airflow/dags/sodai_pipeline_dag.py
[2025-11-19T23:36:53.660+0000] {processor.py:840} INFO - DAG(s) 'sodai_training_and_scoring' retrieved from /opt/airflow/dags/sodai_pipeline_dag.py
[2025-11-19T23:36:53.680+0000] {logging_mixin.py:188} INFO - [2025-11-19T23:36:53.680+0000] {dag.py:3096} INFO - Sync 1 DAGs
[2025-11-19T23:36:53.691+0000] {logging_mixin.py:188} INFO - [2025-11-19T23:36:53.691+0000] {dag.py:3954} INFO - Setting next_dagrun for sodai_training_and_scoring to None, run_after=None
[2025-11-19T23:36:53.705+0000] {processor.py:183} INFO - Processing /opt/airflow/dags/sodai_pipeline_dag.py took 0.067 seconds
[2025-11-19T23:37:25.997+0000] {processor.py:161} INFO - Started process (PID=2526) to work on /opt/airflow/dags/sodai_pipeline_dag.py
[2025-11-19T23:37:25.998+0000] {processor.py:830} INFO - Processing file /opt/airflow/dags/sodai_pipeline_dag.py for tasks to queue
[2025-11-19T23:37:25.999+0000] {logging_mixin.py:188} INFO - [2025-11-19T23:37:25.999+0000] {dagbag.py:540} INFO - Filling up the DagBag from /opt/airflow/dags/sodai_pipeline_dag.py
[2025-11-19T23:37:26.013+0000] {processor.py:840} INFO - DAG(s) 'sodai_training_and_scoring' retrieved from /opt/airflow/dags/sodai_pipeline_dag.py
[2025-11-19T23:37:26.036+0000] {logging_mixin.py:188} INFO - [2025-11-19T23:37:26.036+0000] {dag.py:3096} INFO - Sync 1 DAGs
[2025-11-19T23:37:26.045+0000] {logging_mixin.py:188} INFO - [2025-11-19T23:37:26.044+0000] {dag.py:3954} INFO - Setting next_dagrun for sodai_training_and_scoring to None, run_after=None
[2025-11-19T23:37:26.061+0000] {processor.py:183} INFO - Processing /opt/airflow/dags/sodai_pipeline_dag.py took 0.068 seconds
[2025-11-19T23:37:59.427+0000] {processor.py:161} INFO - Started process (PID=2536) to work on /opt/airflow/dags/sodai_pipeline_dag.py
[2025-11-19T23:37:59.428+0000] {processor.py:830} INFO - Processing file /opt/airflow/dags/sodai_pipeline_dag.py for tasks to queue
[2025-11-19T23:37:59.429+0000] {logging_mixin.py:188} INFO - [2025-11-19T23:37:59.429+0000] {dagbag.py:540} INFO - Filling up the DagBag from /opt/airflow/dags/sodai_pipeline_dag.py
[2025-11-19T23:37:59.444+0000] {processor.py:840} INFO - DAG(s) 'sodai_training_and_scoring' retrieved from /opt/airflow/dags/sodai_pipeline_dag.py
[2025-11-19T23:37:59.467+0000] {logging_mixin.py:188} INFO - [2025-11-19T23:37:59.466+0000] {dag.py:3096} INFO - Sync 1 DAGs
[2025-11-19T23:37:59.475+0000] {logging_mixin.py:188} INFO - [2025-11-19T23:37:59.475+0000] {dag.py:3954} INFO - Setting next_dagrun for sodai_training_and_scoring to None, run_after=None
[2025-11-19T23:37:59.488+0000] {processor.py:183} INFO - Processing /opt/airflow/dags/sodai_pipeline_dag.py took 0.066 seconds
[2025-11-19T23:38:32.742+0000] {processor.py:161} INFO - Started process (PID=2546) to work on /opt/airflow/dags/sodai_pipeline_dag.py
[2025-11-19T23:38:32.743+0000] {processor.py:830} INFO - Processing file /opt/airflow/dags/sodai_pipeline_dag.py for tasks to queue
[2025-11-19T23:38:32.745+0000] {logging_mixin.py:188} INFO - [2025-11-19T23:38:32.745+0000] {dagbag.py:540} INFO - Filling up the DagBag from /opt/airflow/dags/sodai_pipeline_dag.py
[2025-11-19T23:38:32.761+0000] {processor.py:840} INFO - DAG(s) 'sodai_training_and_scoring' retrieved from /opt/airflow/dags/sodai_pipeline_dag.py
[2025-11-19T23:38:32.788+0000] {logging_mixin.py:188} INFO - [2025-11-19T23:38:32.787+0000] {dag.py:3096} INFO - Sync 1 DAGs
[2025-11-19T23:38:32.797+0000] {logging_mixin.py:188} INFO - [2025-11-19T23:38:32.797+0000] {dag.py:3954} INFO - Setting next_dagrun for sodai_training_and_scoring to None, run_after=None
[2025-11-19T23:38:32.815+0000] {processor.py:183} INFO - Processing /opt/airflow/dags/sodai_pipeline_dag.py took 0.078 seconds
[2025-11-19T23:39:06.169+0000] {processor.py:161} INFO - Started process (PID=2596) to work on /opt/airflow/dags/sodai_pipeline_dag.py
[2025-11-19T23:39:06.170+0000] {processor.py:830} INFO - Processing file /opt/airflow/dags/sodai_pipeline_dag.py for tasks to queue
[2025-11-19T23:39:06.172+0000] {logging_mixin.py:188} INFO - [2025-11-19T23:39:06.172+0000] {dagbag.py:540} INFO - Filling up the DagBag from /opt/airflow/dags/sodai_pipeline_dag.py
[2025-11-19T23:39:06.194+0000] {processor.py:840} INFO - DAG(s) 'sodai_training_and_scoring' retrieved from /opt/airflow/dags/sodai_pipeline_dag.py
[2025-11-19T23:39:06.231+0000] {logging_mixin.py:188} INFO - [2025-11-19T23:39:06.230+0000] {dag.py:3096} INFO - Sync 1 DAGs
[2025-11-19T23:39:06.244+0000] {logging_mixin.py:188} INFO - [2025-11-19T23:39:06.244+0000] {dag.py:3954} INFO - Setting next_dagrun for sodai_training_and_scoring to None, run_after=None
[2025-11-19T23:39:06.265+0000] {processor.py:183} INFO - Processing /opt/airflow/dags/sodai_pipeline_dag.py took 0.106 seconds
[2025-11-19T23:39:38.571+0000] {processor.py:161} INFO - Started process (PID=2606) to work on /opt/airflow/dags/sodai_pipeline_dag.py
[2025-11-19T23:39:38.572+0000] {processor.py:830} INFO - Processing file /opt/airflow/dags/sodai_pipeline_dag.py for tasks to queue
[2025-11-19T23:39:38.575+0000] {logging_mixin.py:188} INFO - [2025-11-19T23:39:38.574+0000] {dagbag.py:540} INFO - Filling up the DagBag from /opt/airflow/dags/sodai_pipeline_dag.py
[2025-11-19T23:39:38.601+0000] {processor.py:840} INFO - DAG(s) 'sodai_training_and_scoring' retrieved from /opt/airflow/dags/sodai_pipeline_dag.py
[2025-11-19T23:39:38.637+0000] {logging_mixin.py:188} INFO - [2025-11-19T23:39:38.637+0000] {dag.py:3096} INFO - Sync 1 DAGs
[2025-11-19T23:39:38.652+0000] {logging_mixin.py:188} INFO - [2025-11-19T23:39:38.652+0000] {dag.py:3954} INFO - Setting next_dagrun for sodai_training_and_scoring to None, run_after=None
[2025-11-19T23:39:38.676+0000] {processor.py:183} INFO - Processing /opt/airflow/dags/sodai_pipeline_dag.py took 0.115 seconds
[2025-11-19T23:40:11.969+0000] {processor.py:161} INFO - Started process (PID=2663) to work on /opt/airflow/dags/sodai_pipeline_dag.py
[2025-11-19T23:40:11.970+0000] {processor.py:830} INFO - Processing file /opt/airflow/dags/sodai_pipeline_dag.py for tasks to queue
[2025-11-19T23:40:11.972+0000] {logging_mixin.py:188} INFO - [2025-11-19T23:40:11.971+0000] {dagbag.py:540} INFO - Filling up the DagBag from /opt/airflow/dags/sodai_pipeline_dag.py
[2025-11-19T23:40:11.988+0000] {processor.py:840} INFO - DAG(s) 'sodai_training_and_scoring' retrieved from /opt/airflow/dags/sodai_pipeline_dag.py
[2025-11-19T23:40:12.010+0000] {logging_mixin.py:188} INFO - [2025-11-19T23:40:12.010+0000] {dag.py:3096} INFO - Sync 1 DAGs
[2025-11-19T23:40:12.025+0000] {logging_mixin.py:188} INFO - [2025-11-19T23:40:12.024+0000] {dag.py:3954} INFO - Setting next_dagrun for sodai_training_and_scoring to None, run_after=None
[2025-11-19T23:40:12.045+0000] {processor.py:183} INFO - Processing /opt/airflow/dags/sodai_pipeline_dag.py took 0.083 seconds
[2025-11-19T23:40:45.315+0000] {processor.py:161} INFO - Started process (PID=2718) to work on /opt/airflow/dags/sodai_pipeline_dag.py
[2025-11-19T23:40:45.316+0000] {processor.py:830} INFO - Processing file /opt/airflow/dags/sodai_pipeline_dag.py for tasks to queue
[2025-11-19T23:40:45.317+0000] {logging_mixin.py:188} INFO - [2025-11-19T23:40:45.317+0000] {dagbag.py:540} INFO - Filling up the DagBag from /opt/airflow/dags/sodai_pipeline_dag.py
[2025-11-19T23:40:45.333+0000] {processor.py:840} INFO - DAG(s) 'sodai_training_and_scoring' retrieved from /opt/airflow/dags/sodai_pipeline_dag.py
[2025-11-19T23:40:45.356+0000] {logging_mixin.py:188} INFO - [2025-11-19T23:40:45.356+0000] {dag.py:3096} INFO - Sync 1 DAGs
[2025-11-19T23:40:45.366+0000] {logging_mixin.py:188} INFO - [2025-11-19T23:40:45.366+0000] {dag.py:3954} INFO - Setting next_dagrun for sodai_training_and_scoring to None, run_after=None
[2025-11-19T23:40:45.384+0000] {processor.py:183} INFO - Processing /opt/airflow/dags/sodai_pipeline_dag.py took 0.075 seconds
[2025-11-19T23:41:15.700+0000] {processor.py:161} INFO - Started process (PID=2728) to work on /opt/airflow/dags/sodai_pipeline_dag.py
[2025-11-19T23:41:15.701+0000] {processor.py:830} INFO - Processing file /opt/airflow/dags/sodai_pipeline_dag.py for tasks to queue
[2025-11-19T23:41:15.702+0000] {logging_mixin.py:188} INFO - [2025-11-19T23:41:15.702+0000] {dagbag.py:540} INFO - Filling up the DagBag from /opt/airflow/dags/sodai_pipeline_dag.py
[2025-11-19T23:41:15.716+0000] {processor.py:840} INFO - DAG(s) 'sodai_training_and_scoring' retrieved from /opt/airflow/dags/sodai_pipeline_dag.py
[2025-11-19T23:41:15.735+0000] {logging_mixin.py:188} INFO - [2025-11-19T23:41:15.735+0000] {dag.py:3096} INFO - Sync 1 DAGs
[2025-11-19T23:41:15.744+0000] {logging_mixin.py:188} INFO - [2025-11-19T23:41:15.744+0000] {dag.py:3954} INFO - Setting next_dagrun for sodai_training_and_scoring to None, run_after=None
[2025-11-19T23:41:15.759+0000] {processor.py:183} INFO - Processing /opt/airflow/dags/sodai_pipeline_dag.py took 0.063 seconds
[2025-11-19T23:41:45.958+0000] {processor.py:161} INFO - Started process (PID=2738) to work on /opt/airflow/dags/sodai_pipeline_dag.py
[2025-11-19T23:41:45.959+0000] {processor.py:830} INFO - Processing file /opt/airflow/dags/sodai_pipeline_dag.py for tasks to queue
[2025-11-19T23:41:45.961+0000] {logging_mixin.py:188} INFO - [2025-11-19T23:41:45.961+0000] {dagbag.py:540} INFO - Filling up the DagBag from /opt/airflow/dags/sodai_pipeline_dag.py
[2025-11-19T23:41:45.980+0000] {processor.py:840} INFO - DAG(s) 'sodai_training_and_scoring' retrieved from /opt/airflow/dags/sodai_pipeline_dag.py
[2025-11-19T23:41:46.007+0000] {logging_mixin.py:188} INFO - [2025-11-19T23:41:46.006+0000] {dag.py:3096} INFO - Sync 1 DAGs
[2025-11-19T23:41:46.018+0000] {logging_mixin.py:188} INFO - [2025-11-19T23:41:46.018+0000] {dag.py:3954} INFO - Setting next_dagrun for sodai_training_and_scoring to None, run_after=None
[2025-11-19T23:41:46.039+0000] {processor.py:183} INFO - Processing /opt/airflow/dags/sodai_pipeline_dag.py took 0.086 seconds
[2025-11-19T23:42:16.287+0000] {processor.py:161} INFO - Started process (PID=2748) to work on /opt/airflow/dags/sodai_pipeline_dag.py
[2025-11-19T23:42:16.287+0000] {processor.py:830} INFO - Processing file /opt/airflow/dags/sodai_pipeline_dag.py for tasks to queue
[2025-11-19T23:42:16.289+0000] {logging_mixin.py:188} INFO - [2025-11-19T23:42:16.289+0000] {dagbag.py:540} INFO - Filling up the DagBag from /opt/airflow/dags/sodai_pipeline_dag.py
[2025-11-19T23:42:16.304+0000] {processor.py:840} INFO - DAG(s) 'sodai_training_and_scoring' retrieved from /opt/airflow/dags/sodai_pipeline_dag.py
[2025-11-19T23:42:16.326+0000] {logging_mixin.py:188} INFO - [2025-11-19T23:42:16.326+0000] {dag.py:3096} INFO - Sync 1 DAGs
[2025-11-19T23:42:16.337+0000] {logging_mixin.py:188} INFO - [2025-11-19T23:42:16.336+0000] {dag.py:3954} INFO - Setting next_dagrun for sodai_training_and_scoring to None, run_after=None
[2025-11-19T23:42:16.350+0000] {processor.py:183} INFO - Processing /opt/airflow/dags/sodai_pipeline_dag.py took 0.067 seconds
[2025-11-19T23:42:46.729+0000] {processor.py:161} INFO - Started process (PID=2758) to work on /opt/airflow/dags/sodai_pipeline_dag.py
[2025-11-19T23:42:46.730+0000] {processor.py:830} INFO - Processing file /opt/airflow/dags/sodai_pipeline_dag.py for tasks to queue
[2025-11-19T23:42:46.732+0000] {logging_mixin.py:188} INFO - [2025-11-19T23:42:46.731+0000] {dagbag.py:540} INFO - Filling up the DagBag from /opt/airflow/dags/sodai_pipeline_dag.py
[2025-11-19T23:42:46.749+0000] {processor.py:840} INFO - DAG(s) 'sodai_training_and_scoring' retrieved from /opt/airflow/dags/sodai_pipeline_dag.py
[2025-11-19T23:42:46.772+0000] {logging_mixin.py:188} INFO - [2025-11-19T23:42:46.772+0000] {dag.py:3096} INFO - Sync 1 DAGs
[2025-11-19T23:42:46.784+0000] {logging_mixin.py:188} INFO - [2025-11-19T23:42:46.783+0000] {dag.py:3954} INFO - Setting next_dagrun for sodai_training_and_scoring to None, run_after=None
[2025-11-19T23:42:46.799+0000] {processor.py:183} INFO - Processing /opt/airflow/dags/sodai_pipeline_dag.py took 0.075 seconds
[2025-11-19T23:43:17.069+0000] {processor.py:161} INFO - Started process (PID=2768) to work on /opt/airflow/dags/sodai_pipeline_dag.py
[2025-11-19T23:43:17.071+0000] {processor.py:830} INFO - Processing file /opt/airflow/dags/sodai_pipeline_dag.py for tasks to queue
[2025-11-19T23:43:17.073+0000] {logging_mixin.py:188} INFO - [2025-11-19T23:43:17.072+0000] {dagbag.py:540} INFO - Filling up the DagBag from /opt/airflow/dags/sodai_pipeline_dag.py
[2025-11-19T23:43:17.091+0000] {processor.py:840} INFO - DAG(s) 'sodai_training_and_scoring' retrieved from /opt/airflow/dags/sodai_pipeline_dag.py
[2025-11-19T23:43:17.113+0000] {logging_mixin.py:188} INFO - [2025-11-19T23:43:17.113+0000] {dag.py:3096} INFO - Sync 1 DAGs
[2025-11-19T23:43:17.123+0000] {logging_mixin.py:188} INFO - [2025-11-19T23:43:17.122+0000] {dag.py:3954} INFO - Setting next_dagrun for sodai_training_and_scoring to None, run_after=None
[2025-11-19T23:43:17.137+0000] {processor.py:183} INFO - Processing /opt/airflow/dags/sodai_pipeline_dag.py took 0.075 seconds
[2025-11-19T23:43:47.464+0000] {processor.py:161} INFO - Started process (PID=2778) to work on /opt/airflow/dags/sodai_pipeline_dag.py
[2025-11-19T23:43:47.466+0000] {processor.py:830} INFO - Processing file /opt/airflow/dags/sodai_pipeline_dag.py for tasks to queue
[2025-11-19T23:43:47.467+0000] {logging_mixin.py:188} INFO - [2025-11-19T23:43:47.467+0000] {dagbag.py:540} INFO - Filling up the DagBag from /opt/airflow/dags/sodai_pipeline_dag.py
[2025-11-19T23:43:47.481+0000] {processor.py:840} INFO - DAG(s) 'sodai_training_and_scoring' retrieved from /opt/airflow/dags/sodai_pipeline_dag.py
[2025-11-19T23:43:47.502+0000] {logging_mixin.py:188} INFO - [2025-11-19T23:43:47.502+0000] {dag.py:3096} INFO - Sync 1 DAGs
[2025-11-19T23:43:47.511+0000] {logging_mixin.py:188} INFO - [2025-11-19T23:43:47.511+0000] {dag.py:3954} INFO - Setting next_dagrun for sodai_training_and_scoring to None, run_after=None
[2025-11-19T23:43:47.525+0000] {processor.py:183} INFO - Processing /opt/airflow/dags/sodai_pipeline_dag.py took 0.066 seconds
[2025-11-19T23:44:17.779+0000] {processor.py:161} INFO - Started process (PID=2788) to work on /opt/airflow/dags/sodai_pipeline_dag.py
[2025-11-19T23:44:17.780+0000] {processor.py:830} INFO - Processing file /opt/airflow/dags/sodai_pipeline_dag.py for tasks to queue
[2025-11-19T23:44:17.782+0000] {logging_mixin.py:188} INFO - [2025-11-19T23:44:17.782+0000] {dagbag.py:540} INFO - Filling up the DagBag from /opt/airflow/dags/sodai_pipeline_dag.py
[2025-11-19T23:44:17.798+0000] {processor.py:840} INFO - DAG(s) 'sodai_training_and_scoring' retrieved from /opt/airflow/dags/sodai_pipeline_dag.py
[2025-11-19T23:44:17.819+0000] {logging_mixin.py:188} INFO - [2025-11-19T23:44:17.819+0000] {dag.py:3096} INFO - Sync 1 DAGs
[2025-11-19T23:44:17.828+0000] {logging_mixin.py:188} INFO - [2025-11-19T23:44:17.828+0000] {dag.py:3954} INFO - Setting next_dagrun for sodai_training_and_scoring to None, run_after=None
[2025-11-19T23:44:17.840+0000] {processor.py:183} INFO - Processing /opt/airflow/dags/sodai_pipeline_dag.py took 0.066 seconds
[2025-11-19T23:44:48.131+0000] {processor.py:161} INFO - Started process (PID=2798) to work on /opt/airflow/dags/sodai_pipeline_dag.py
[2025-11-19T23:44:48.132+0000] {processor.py:830} INFO - Processing file /opt/airflow/dags/sodai_pipeline_dag.py for tasks to queue
[2025-11-19T23:44:48.134+0000] {logging_mixin.py:188} INFO - [2025-11-19T23:44:48.134+0000] {dagbag.py:540} INFO - Filling up the DagBag from /opt/airflow/dags/sodai_pipeline_dag.py
[2025-11-19T23:44:48.148+0000] {processor.py:840} INFO - DAG(s) 'sodai_training_and_scoring' retrieved from /opt/airflow/dags/sodai_pipeline_dag.py
[2025-11-19T23:44:48.170+0000] {logging_mixin.py:188} INFO - [2025-11-19T23:44:48.170+0000] {dag.py:3096} INFO - Sync 1 DAGs
[2025-11-19T23:44:48.180+0000] {logging_mixin.py:188} INFO - [2025-11-19T23:44:48.180+0000] {dag.py:3954} INFO - Setting next_dagrun for sodai_training_and_scoring to None, run_after=None
[2025-11-19T23:44:48.194+0000] {processor.py:183} INFO - Processing /opt/airflow/dags/sodai_pipeline_dag.py took 0.068 seconds
[2025-11-19T23:45:18.507+0000] {processor.py:161} INFO - Started process (PID=2855) to work on /opt/airflow/dags/sodai_pipeline_dag.py
[2025-11-19T23:45:18.508+0000] {processor.py:830} INFO - Processing file /opt/airflow/dags/sodai_pipeline_dag.py for tasks to queue
[2025-11-19T23:45:18.510+0000] {logging_mixin.py:188} INFO - [2025-11-19T23:45:18.510+0000] {dagbag.py:540} INFO - Filling up the DagBag from /opt/airflow/dags/sodai_pipeline_dag.py
[2025-11-19T23:45:18.527+0000] {processor.py:840} INFO - DAG(s) 'sodai_training_and_scoring' retrieved from /opt/airflow/dags/sodai_pipeline_dag.py
[2025-11-19T23:45:18.552+0000] {logging_mixin.py:188} INFO - [2025-11-19T23:45:18.551+0000] {dag.py:3096} INFO - Sync 1 DAGs
[2025-11-19T23:45:18.560+0000] {logging_mixin.py:188} INFO - [2025-11-19T23:45:18.560+0000] {dag.py:3954} INFO - Setting next_dagrun for sodai_training_and_scoring to None, run_after=None
[2025-11-19T23:45:18.575+0000] {processor.py:183} INFO - Processing /opt/airflow/dags/sodai_pipeline_dag.py took 0.074 seconds
[2025-11-19T23:45:48.921+0000] {processor.py:161} INFO - Started process (PID=2865) to work on /opt/airflow/dags/sodai_pipeline_dag.py
[2025-11-19T23:45:48.922+0000] {processor.py:830} INFO - Processing file /opt/airflow/dags/sodai_pipeline_dag.py for tasks to queue
[2025-11-19T23:45:48.924+0000] {logging_mixin.py:188} INFO - [2025-11-19T23:45:48.923+0000] {dagbag.py:540} INFO - Filling up the DagBag from /opt/airflow/dags/sodai_pipeline_dag.py
[2025-11-19T23:45:48.941+0000] {processor.py:840} INFO - DAG(s) 'sodai_training_and_scoring' retrieved from /opt/airflow/dags/sodai_pipeline_dag.py
[2025-11-19T23:45:48.963+0000] {logging_mixin.py:188} INFO - [2025-11-19T23:45:48.963+0000] {dag.py:3096} INFO - Sync 1 DAGs
[2025-11-19T23:45:48.973+0000] {logging_mixin.py:188} INFO - [2025-11-19T23:45:48.973+0000] {dag.py:3954} INFO - Setting next_dagrun for sodai_training_and_scoring to None, run_after=None
[2025-11-19T23:45:48.988+0000] {processor.py:183} INFO - Processing /opt/airflow/dags/sodai_pipeline_dag.py took 0.070 seconds
[2025-11-19T23:46:19.183+0000] {processor.py:161} INFO - Started process (PID=2875) to work on /opt/airflow/dags/sodai_pipeline_dag.py
[2025-11-19T23:46:19.183+0000] {processor.py:830} INFO - Processing file /opt/airflow/dags/sodai_pipeline_dag.py for tasks to queue
[2025-11-19T23:46:19.185+0000] {logging_mixin.py:188} INFO - [2025-11-19T23:46:19.184+0000] {dagbag.py:540} INFO - Filling up the DagBag from /opt/airflow/dags/sodai_pipeline_dag.py
[2025-11-19T23:46:19.199+0000] {processor.py:840} INFO - DAG(s) 'sodai_training_and_scoring' retrieved from /opt/airflow/dags/sodai_pipeline_dag.py
[2025-11-19T23:46:19.220+0000] {logging_mixin.py:188} INFO - [2025-11-19T23:46:19.219+0000] {dag.py:3096} INFO - Sync 1 DAGs
[2025-11-19T23:46:19.231+0000] {logging_mixin.py:188} INFO - [2025-11-19T23:46:19.230+0000] {dag.py:3954} INFO - Setting next_dagrun for sodai_training_and_scoring to None, run_after=None
[2025-11-19T23:46:19.244+0000] {processor.py:183} INFO - Processing /opt/airflow/dags/sodai_pipeline_dag.py took 0.066 seconds
[2025-11-19T23:46:49.494+0000] {processor.py:161} INFO - Started process (PID=2885) to work on /opt/airflow/dags/sodai_pipeline_dag.py
[2025-11-19T23:46:49.495+0000] {processor.py:830} INFO - Processing file /opt/airflow/dags/sodai_pipeline_dag.py for tasks to queue
[2025-11-19T23:46:49.497+0000] {logging_mixin.py:188} INFO - [2025-11-19T23:46:49.497+0000] {dagbag.py:540} INFO - Filling up the DagBag from /opt/airflow/dags/sodai_pipeline_dag.py
[2025-11-19T23:46:49.512+0000] {processor.py:840} INFO - DAG(s) 'sodai_training_and_scoring' retrieved from /opt/airflow/dags/sodai_pipeline_dag.py
[2025-11-19T23:46:49.533+0000] {logging_mixin.py:188} INFO - [2025-11-19T23:46:49.532+0000] {dag.py:3096} INFO - Sync 1 DAGs
[2025-11-19T23:46:49.546+0000] {logging_mixin.py:188} INFO - [2025-11-19T23:46:49.545+0000] {dag.py:3954} INFO - Setting next_dagrun for sodai_training_and_scoring to None, run_after=None
[2025-11-19T23:46:49.561+0000] {processor.py:183} INFO - Processing /opt/airflow/dags/sodai_pipeline_dag.py took 0.071 seconds
[2025-11-19T23:47:22.928+0000] {processor.py:161} INFO - Started process (PID=2895) to work on /opt/airflow/dags/sodai_pipeline_dag.py
[2025-11-19T23:47:22.929+0000] {processor.py:830} INFO - Processing file /opt/airflow/dags/sodai_pipeline_dag.py for tasks to queue
[2025-11-19T23:47:22.930+0000] {logging_mixin.py:188} INFO - [2025-11-19T23:47:22.930+0000] {dagbag.py:540} INFO - Filling up the DagBag from /opt/airflow/dags/sodai_pipeline_dag.py
[2025-11-19T23:47:22.944+0000] {processor.py:840} INFO - DAG(s) 'sodai_training_and_scoring' retrieved from /opt/airflow/dags/sodai_pipeline_dag.py
[2025-11-19T23:47:22.963+0000] {logging_mixin.py:188} INFO - [2025-11-19T23:47:22.963+0000] {dag.py:3096} INFO - Sync 1 DAGs
[2025-11-19T23:47:22.971+0000] {logging_mixin.py:188} INFO - [2025-11-19T23:47:22.971+0000] {dag.py:3954} INFO - Setting next_dagrun for sodai_training_and_scoring to None, run_after=None
[2025-11-19T23:47:22.983+0000] {processor.py:183} INFO - Processing /opt/airflow/dags/sodai_pipeline_dag.py took 0.059 seconds
[2025-11-19T23:47:54.400+0000] {processor.py:161} INFO - Started process (PID=2905) to work on /opt/airflow/dags/sodai_pipeline_dag.py
[2025-11-19T23:47:54.401+0000] {processor.py:830} INFO - Processing file /opt/airflow/dags/sodai_pipeline_dag.py for tasks to queue
[2025-11-19T23:47:54.403+0000] {logging_mixin.py:188} INFO - [2025-11-19T23:47:54.402+0000] {dagbag.py:540} INFO - Filling up the DagBag from /opt/airflow/dags/sodai_pipeline_dag.py
[2025-11-19T23:47:54.420+0000] {processor.py:840} INFO - DAG(s) 'sodai_training_and_scoring' retrieved from /opt/airflow/dags/sodai_pipeline_dag.py
[2025-11-19T23:47:54.442+0000] {logging_mixin.py:188} INFO - [2025-11-19T23:47:54.442+0000] {dag.py:3096} INFO - Sync 1 DAGs
[2025-11-19T23:47:54.451+0000] {logging_mixin.py:188} INFO - [2025-11-19T23:47:54.451+0000] {dag.py:3954} INFO - Setting next_dagrun for sodai_training_and_scoring to None, run_after=None
[2025-11-19T23:47:54.465+0000] {processor.py:183} INFO - Processing /opt/airflow/dags/sodai_pipeline_dag.py took 0.071 seconds
[2025-11-19T23:48:24.984+0000] {processor.py:161} INFO - Started process (PID=2915) to work on /opt/airflow/dags/sodai_pipeline_dag.py
[2025-11-19T23:48:24.985+0000] {processor.py:830} INFO - Processing file /opt/airflow/dags/sodai_pipeline_dag.py for tasks to queue
[2025-11-19T23:48:24.987+0000] {logging_mixin.py:188} INFO - [2025-11-19T23:48:24.987+0000] {dagbag.py:540} INFO - Filling up the DagBag from /opt/airflow/dags/sodai_pipeline_dag.py
[2025-11-19T23:48:25.003+0000] {processor.py:840} INFO - DAG(s) 'sodai_training_and_scoring' retrieved from /opt/airflow/dags/sodai_pipeline_dag.py
[2025-11-19T23:48:25.025+0000] {logging_mixin.py:188} INFO - [2025-11-19T23:48:25.025+0000] {dag.py:3096} INFO - Sync 1 DAGs
[2025-11-19T23:48:25.037+0000] {logging_mixin.py:188} INFO - [2025-11-19T23:48:25.037+0000] {dag.py:3954} INFO - Setting next_dagrun for sodai_training_and_scoring to None, run_after=None
[2025-11-19T23:48:25.052+0000] {processor.py:183} INFO - Processing /opt/airflow/dags/sodai_pipeline_dag.py took 0.073 seconds
[2025-11-19T23:48:55.801+0000] {processor.py:161} INFO - Started process (PID=2925) to work on /opt/airflow/dags/sodai_pipeline_dag.py
[2025-11-19T23:48:55.802+0000] {processor.py:830} INFO - Processing file /opt/airflow/dags/sodai_pipeline_dag.py for tasks to queue
[2025-11-19T23:48:55.805+0000] {logging_mixin.py:188} INFO - [2025-11-19T23:48:55.804+0000] {dagbag.py:540} INFO - Filling up the DagBag from /opt/airflow/dags/sodai_pipeline_dag.py
[2025-11-19T23:48:55.824+0000] {processor.py:840} INFO - DAG(s) 'sodai_training_and_scoring' retrieved from /opt/airflow/dags/sodai_pipeline_dag.py
[2025-11-19T23:48:55.848+0000] {logging_mixin.py:188} INFO - [2025-11-19T23:48:55.848+0000] {dag.py:3096} INFO - Sync 1 DAGs
[2025-11-19T23:48:55.859+0000] {logging_mixin.py:188} INFO - [2025-11-19T23:48:55.859+0000] {dag.py:3954} INFO - Setting next_dagrun for sodai_training_and_scoring to None, run_after=None
[2025-11-19T23:48:55.874+0000] {processor.py:183} INFO - Processing /opt/airflow/dags/sodai_pipeline_dag.py took 0.079 seconds
[2025-11-19T23:49:26.394+0000] {processor.py:161} INFO - Started process (PID=3038) to work on /opt/airflow/dags/sodai_pipeline_dag.py
[2025-11-19T23:49:26.396+0000] {processor.py:830} INFO - Processing file /opt/airflow/dags/sodai_pipeline_dag.py for tasks to queue
[2025-11-19T23:49:26.398+0000] {logging_mixin.py:188} INFO - [2025-11-19T23:49:26.398+0000] {dagbag.py:540} INFO - Filling up the DagBag from /opt/airflow/dags/sodai_pipeline_dag.py
[2025-11-19T23:49:26.421+0000] {processor.py:840} INFO - DAG(s) 'sodai_training_and_scoring' retrieved from /opt/airflow/dags/sodai_pipeline_dag.py
[2025-11-19T23:49:26.454+0000] {logging_mixin.py:188} INFO - [2025-11-19T23:49:26.454+0000] {dag.py:3096} INFO - Sync 1 DAGs
[2025-11-19T23:49:26.469+0000] {logging_mixin.py:188} INFO - [2025-11-19T23:49:26.468+0000] {dag.py:3954} INFO - Setting next_dagrun for sodai_training_and_scoring to None, run_after=None
[2025-11-19T23:49:26.495+0000] {processor.py:183} INFO - Processing /opt/airflow/dags/sodai_pipeline_dag.py took 0.111 seconds
[2025-11-19T23:49:56.871+0000] {processor.py:161} INFO - Started process (PID=3048) to work on /opt/airflow/dags/sodai_pipeline_dag.py
[2025-11-19T23:49:56.872+0000] {processor.py:830} INFO - Processing file /opt/airflow/dags/sodai_pipeline_dag.py for tasks to queue
[2025-11-19T23:49:56.874+0000] {logging_mixin.py:188} INFO - [2025-11-19T23:49:56.873+0000] {dagbag.py:540} INFO - Filling up the DagBag from /opt/airflow/dags/sodai_pipeline_dag.py
[2025-11-19T23:49:56.898+0000] {processor.py:840} INFO - DAG(s) 'sodai_training_and_scoring' retrieved from /opt/airflow/dags/sodai_pipeline_dag.py
[2025-11-19T23:49:56.925+0000] {logging_mixin.py:188} INFO - [2025-11-19T23:49:56.925+0000] {dag.py:3096} INFO - Sync 1 DAGs
[2025-11-19T23:49:56.937+0000] {logging_mixin.py:188} INFO - [2025-11-19T23:49:56.937+0000] {dag.py:3954} INFO - Setting next_dagrun for sodai_training_and_scoring to None, run_after=None
[2025-11-19T23:49:56.959+0000] {processor.py:183} INFO - Processing /opt/airflow/dags/sodai_pipeline_dag.py took 0.096 seconds
[2025-11-19T23:50:27.234+0000] {processor.py:161} INFO - Started process (PID=3058) to work on /opt/airflow/dags/sodai_pipeline_dag.py
[2025-11-19T23:50:27.235+0000] {processor.py:830} INFO - Processing file /opt/airflow/dags/sodai_pipeline_dag.py for tasks to queue
[2025-11-19T23:50:27.237+0000] {logging_mixin.py:188} INFO - [2025-11-19T23:50:27.237+0000] {dagbag.py:540} INFO - Filling up the DagBag from /opt/airflow/dags/sodai_pipeline_dag.py
[2025-11-19T23:50:27.254+0000] {processor.py:840} INFO - DAG(s) 'sodai_training_and_scoring' retrieved from /opt/airflow/dags/sodai_pipeline_dag.py
[2025-11-19T23:50:27.279+0000] {logging_mixin.py:188} INFO - [2025-11-19T23:50:27.278+0000] {dag.py:3096} INFO - Sync 1 DAGs
[2025-11-19T23:50:27.289+0000] {logging_mixin.py:188} INFO - [2025-11-19T23:50:27.289+0000] {dag.py:3954} INFO - Setting next_dagrun for sodai_training_and_scoring to None, run_after=None
[2025-11-19T23:50:27.307+0000] {processor.py:183} INFO - Processing /opt/airflow/dags/sodai_pipeline_dag.py took 0.077 seconds
[2025-11-19T23:50:57.793+0000] {processor.py:161} INFO - Started process (PID=3208) to work on /opt/airflow/dags/sodai_pipeline_dag.py
[2025-11-19T23:50:57.794+0000] {processor.py:830} INFO - Processing file /opt/airflow/dags/sodai_pipeline_dag.py for tasks to queue
[2025-11-19T23:50:57.796+0000] {logging_mixin.py:188} INFO - [2025-11-19T23:50:57.795+0000] {dagbag.py:540} INFO - Filling up the DagBag from /opt/airflow/dags/sodai_pipeline_dag.py
[2025-11-19T23:50:57.808+0000] {processor.py:840} INFO - DAG(s) 'sodai_training_and_scoring' retrieved from /opt/airflow/dags/sodai_pipeline_dag.py
[2025-11-19T23:50:57.829+0000] {logging_mixin.py:188} INFO - [2025-11-19T23:50:57.828+0000] {dag.py:3096} INFO - Sync 1 DAGs
[2025-11-19T23:50:57.837+0000] {logging_mixin.py:188} INFO - [2025-11-19T23:50:57.837+0000] {dag.py:3954} INFO - Setting next_dagrun for sodai_training_and_scoring to None, run_after=None
[2025-11-19T23:50:57.853+0000] {processor.py:183} INFO - Processing /opt/airflow/dags/sodai_pipeline_dag.py took 0.065 seconds
[2025-11-19T23:51:28.241+0000] {processor.py:161} INFO - Started process (PID=3218) to work on /opt/airflow/dags/sodai_pipeline_dag.py
[2025-11-19T23:51:28.241+0000] {processor.py:830} INFO - Processing file /opt/airflow/dags/sodai_pipeline_dag.py for tasks to queue
[2025-11-19T23:51:28.243+0000] {logging_mixin.py:188} INFO - [2025-11-19T23:51:28.243+0000] {dagbag.py:540} INFO - Filling up the DagBag from /opt/airflow/dags/sodai_pipeline_dag.py
[2025-11-19T23:51:28.258+0000] {processor.py:840} INFO - DAG(s) 'sodai_training_and_scoring' retrieved from /opt/airflow/dags/sodai_pipeline_dag.py
[2025-11-19T23:51:28.283+0000] {logging_mixin.py:188} INFO - [2025-11-19T23:51:28.283+0000] {dag.py:3096} INFO - Sync 1 DAGs
[2025-11-19T23:51:28.292+0000] {logging_mixin.py:188} INFO - [2025-11-19T23:51:28.292+0000] {dag.py:3954} INFO - Setting next_dagrun for sodai_training_and_scoring to None, run_after=None
[2025-11-19T23:51:28.307+0000] {processor.py:183} INFO - Processing /opt/airflow/dags/sodai_pipeline_dag.py took 0.073 seconds
[2025-11-19T23:51:58.647+0000] {processor.py:161} INFO - Started process (PID=3228) to work on /opt/airflow/dags/sodai_pipeline_dag.py
[2025-11-19T23:51:58.648+0000] {processor.py:830} INFO - Processing file /opt/airflow/dags/sodai_pipeline_dag.py for tasks to queue
[2025-11-19T23:51:58.649+0000] {logging_mixin.py:188} INFO - [2025-11-19T23:51:58.649+0000] {dagbag.py:540} INFO - Filling up the DagBag from /opt/airflow/dags/sodai_pipeline_dag.py
[2025-11-19T23:51:58.664+0000] {processor.py:840} INFO - DAG(s) 'sodai_training_and_scoring' retrieved from /opt/airflow/dags/sodai_pipeline_dag.py
[2025-11-19T23:51:58.691+0000] {logging_mixin.py:188} INFO - [2025-11-19T23:51:58.691+0000] {dag.py:3096} INFO - Sync 1 DAGs
[2025-11-19T23:51:58.699+0000] {logging_mixin.py:188} INFO - [2025-11-19T23:51:58.699+0000] {dag.py:3954} INFO - Setting next_dagrun for sodai_training_and_scoring to None, run_after=None
[2025-11-19T23:51:58.713+0000] {processor.py:183} INFO - Processing /opt/airflow/dags/sodai_pipeline_dag.py took 0.070 seconds
[2025-11-19T23:52:29.061+0000] {processor.py:161} INFO - Started process (PID=3238) to work on /opt/airflow/dags/sodai_pipeline_dag.py
[2025-11-19T23:52:29.062+0000] {processor.py:830} INFO - Processing file /opt/airflow/dags/sodai_pipeline_dag.py for tasks to queue
[2025-11-19T23:52:29.063+0000] {logging_mixin.py:188} INFO - [2025-11-19T23:52:29.063+0000] {dagbag.py:540} INFO - Filling up the DagBag from /opt/airflow/dags/sodai_pipeline_dag.py
[2025-11-19T23:52:29.078+0000] {processor.py:840} INFO - DAG(s) 'sodai_training_and_scoring' retrieved from /opt/airflow/dags/sodai_pipeline_dag.py
[2025-11-19T23:52:29.101+0000] {logging_mixin.py:188} INFO - [2025-11-19T23:52:29.101+0000] {dag.py:3096} INFO - Sync 1 DAGs
[2025-11-19T23:52:29.111+0000] {logging_mixin.py:188} INFO - [2025-11-19T23:52:29.110+0000] {dag.py:3954} INFO - Setting next_dagrun for sodai_training_and_scoring to None, run_after=None
[2025-11-19T23:52:29.125+0000] {processor.py:183} INFO - Processing /opt/airflow/dags/sodai_pipeline_dag.py took 0.069 seconds
[2025-11-19T23:52:59.600+0000] {processor.py:161} INFO - Started process (PID=3248) to work on /opt/airflow/dags/sodai_pipeline_dag.py
[2025-11-19T23:52:59.600+0000] {processor.py:830} INFO - Processing file /opt/airflow/dags/sodai_pipeline_dag.py for tasks to queue
[2025-11-19T23:52:59.602+0000] {logging_mixin.py:188} INFO - [2025-11-19T23:52:59.602+0000] {dagbag.py:540} INFO - Filling up the DagBag from /opt/airflow/dags/sodai_pipeline_dag.py
[2025-11-19T23:52:59.616+0000] {processor.py:840} INFO - DAG(s) 'sodai_training_and_scoring' retrieved from /opt/airflow/dags/sodai_pipeline_dag.py
[2025-11-19T23:52:59.639+0000] {logging_mixin.py:188} INFO - [2025-11-19T23:52:59.638+0000] {dag.py:3096} INFO - Sync 1 DAGs
[2025-11-19T23:52:59.647+0000] {logging_mixin.py:188} INFO - [2025-11-19T23:52:59.647+0000] {dag.py:3954} INFO - Setting next_dagrun for sodai_training_and_scoring to None, run_after=None
[2025-11-19T23:52:59.667+0000] {processor.py:183} INFO - Processing /opt/airflow/dags/sodai_pipeline_dag.py took 0.072 seconds
[2025-11-19T23:53:30.069+0000] {processor.py:161} INFO - Started process (PID=3258) to work on /opt/airflow/dags/sodai_pipeline_dag.py
[2025-11-19T23:53:30.070+0000] {processor.py:830} INFO - Processing file /opt/airflow/dags/sodai_pipeline_dag.py for tasks to queue
[2025-11-19T23:53:30.072+0000] {logging_mixin.py:188} INFO - [2025-11-19T23:53:30.071+0000] {dagbag.py:540} INFO - Filling up the DagBag from /opt/airflow/dags/sodai_pipeline_dag.py
[2025-11-19T23:53:30.085+0000] {processor.py:840} INFO - DAG(s) 'sodai_training_and_scoring' retrieved from /opt/airflow/dags/sodai_pipeline_dag.py
[2025-11-19T23:53:30.108+0000] {logging_mixin.py:188} INFO - [2025-11-19T23:53:30.107+0000] {dag.py:3096} INFO - Sync 1 DAGs
[2025-11-19T23:53:30.118+0000] {logging_mixin.py:188} INFO - [2025-11-19T23:53:30.118+0000] {dag.py:3954} INFO - Setting next_dagrun for sodai_training_and_scoring to None, run_after=None
[2025-11-19T23:53:30.135+0000] {processor.py:183} INFO - Processing /opt/airflow/dags/sodai_pipeline_dag.py took 0.070 seconds
[2025-11-19T23:54:01.455+0000] {processor.py:161} INFO - Started process (PID=3268) to work on /opt/airflow/dags/sodai_pipeline_dag.py
[2025-11-19T23:54:01.457+0000] {processor.py:830} INFO - Processing file /opt/airflow/dags/sodai_pipeline_dag.py for tasks to queue
[2025-11-19T23:54:01.459+0000] {logging_mixin.py:188} INFO - [2025-11-19T23:54:01.458+0000] {dagbag.py:540} INFO - Filling up the DagBag from /opt/airflow/dags/sodai_pipeline_dag.py
[2025-11-19T23:54:01.478+0000] {processor.py:840} INFO - DAG(s) 'sodai_training_and_scoring' retrieved from /opt/airflow/dags/sodai_pipeline_dag.py
[2025-11-19T23:54:01.505+0000] {logging_mixin.py:188} INFO - [2025-11-19T23:54:01.505+0000] {dag.py:3096} INFO - Sync 1 DAGs
[2025-11-19T23:54:01.517+0000] {logging_mixin.py:188} INFO - [2025-11-19T23:54:01.517+0000] {dag.py:3954} INFO - Setting next_dagrun for sodai_training_and_scoring to None, run_after=None
[2025-11-19T23:54:01.537+0000] {processor.py:183} INFO - Processing /opt/airflow/dags/sodai_pipeline_dag.py took 0.086 seconds
[2025-11-19T23:54:34.875+0000] {processor.py:161} INFO - Started process (PID=3278) to work on /opt/airflow/dags/sodai_pipeline_dag.py
[2025-11-19T23:54:34.876+0000] {processor.py:830} INFO - Processing file /opt/airflow/dags/sodai_pipeline_dag.py for tasks to queue
[2025-11-19T23:54:34.878+0000] {logging_mixin.py:188} INFO - [2025-11-19T23:54:34.877+0000] {dagbag.py:540} INFO - Filling up the DagBag from /opt/airflow/dags/sodai_pipeline_dag.py
[2025-11-19T23:54:34.894+0000] {processor.py:840} INFO - DAG(s) 'sodai_training_and_scoring' retrieved from /opt/airflow/dags/sodai_pipeline_dag.py
[2025-11-19T23:54:34.917+0000] {logging_mixin.py:188} INFO - [2025-11-19T23:54:34.916+0000] {dag.py:3096} INFO - Sync 1 DAGs
[2025-11-19T23:54:34.926+0000] {logging_mixin.py:188} INFO - [2025-11-19T23:54:34.926+0000] {dag.py:3954} INFO - Setting next_dagrun for sodai_training_and_scoring to None, run_after=None
[2025-11-19T23:54:34.943+0000] {processor.py:183} INFO - Processing /opt/airflow/dags/sodai_pipeline_dag.py took 0.072 seconds
[2025-11-19T23:55:07.292+0000] {processor.py:161} INFO - Started process (PID=3288) to work on /opt/airflow/dags/sodai_pipeline_dag.py
[2025-11-19T23:55:07.292+0000] {processor.py:830} INFO - Processing file /opt/airflow/dags/sodai_pipeline_dag.py for tasks to queue
[2025-11-19T23:55:07.294+0000] {logging_mixin.py:188} INFO - [2025-11-19T23:55:07.294+0000] {dagbag.py:540} INFO - Filling up the DagBag from /opt/airflow/dags/sodai_pipeline_dag.py
[2025-11-19T23:55:07.309+0000] {processor.py:840} INFO - DAG(s) 'sodai_training_and_scoring' retrieved from /opt/airflow/dags/sodai_pipeline_dag.py
[2025-11-19T23:55:07.338+0000] {logging_mixin.py:188} INFO - [2025-11-19T23:55:07.338+0000] {dag.py:3096} INFO - Sync 1 DAGs
[2025-11-19T23:55:07.348+0000] {logging_mixin.py:188} INFO - [2025-11-19T23:55:07.348+0000] {dag.py:3954} INFO - Setting next_dagrun for sodai_training_and_scoring to None, run_after=None
[2025-11-19T23:55:07.364+0000] {processor.py:183} INFO - Processing /opt/airflow/dags/sodai_pipeline_dag.py took 0.077 seconds
[2025-11-19T23:55:40.751+0000] {processor.py:161} INFO - Started process (PID=3298) to work on /opt/airflow/dags/sodai_pipeline_dag.py
[2025-11-19T23:55:40.752+0000] {processor.py:830} INFO - Processing file /opt/airflow/dags/sodai_pipeline_dag.py for tasks to queue
[2025-11-19T23:55:40.753+0000] {logging_mixin.py:188} INFO - [2025-11-19T23:55:40.753+0000] {dagbag.py:540} INFO - Filling up the DagBag from /opt/airflow/dags/sodai_pipeline_dag.py
[2025-11-19T23:55:40.768+0000] {processor.py:840} INFO - DAG(s) 'sodai_training_and_scoring' retrieved from /opt/airflow/dags/sodai_pipeline_dag.py
[2025-11-19T23:55:40.793+0000] {logging_mixin.py:188} INFO - [2025-11-19T23:55:40.792+0000] {dag.py:3096} INFO - Sync 1 DAGs
[2025-11-19T23:55:40.803+0000] {logging_mixin.py:188} INFO - [2025-11-19T23:55:40.803+0000] {dag.py:3954} INFO - Setting next_dagrun for sodai_training_and_scoring to None, run_after=None
[2025-11-19T23:55:40.820+0000] {processor.py:183} INFO - Processing /opt/airflow/dags/sodai_pipeline_dag.py took 0.074 seconds
[2025-11-19T23:56:14.212+0000] {processor.py:161} INFO - Started process (PID=3367) to work on /opt/airflow/dags/sodai_pipeline_dag.py
[2025-11-19T23:56:14.213+0000] {processor.py:830} INFO - Processing file /opt/airflow/dags/sodai_pipeline_dag.py for tasks to queue
[2025-11-19T23:56:14.215+0000] {logging_mixin.py:188} INFO - [2025-11-19T23:56:14.215+0000] {dagbag.py:540} INFO - Filling up the DagBag from /opt/airflow/dags/sodai_pipeline_dag.py
[2025-11-19T23:56:14.233+0000] {processor.py:840} INFO - DAG(s) 'sodai_training_and_scoring' retrieved from /opt/airflow/dags/sodai_pipeline_dag.py
[2025-11-19T23:56:14.258+0000] {logging_mixin.py:188} INFO - [2025-11-19T23:56:14.258+0000] {dag.py:3096} INFO - Sync 1 DAGs
[2025-11-19T23:56:14.267+0000] {logging_mixin.py:188} INFO - [2025-11-19T23:56:14.267+0000] {dag.py:3954} INFO - Setting next_dagrun for sodai_training_and_scoring to None, run_after=None
[2025-11-19T23:56:14.282+0000] {processor.py:183} INFO - Processing /opt/airflow/dags/sodai_pipeline_dag.py took 0.075 seconds
[2025-11-19T23:56:47.508+0000] {processor.py:161} INFO - Started process (PID=3377) to work on /opt/airflow/dags/sodai_pipeline_dag.py
[2025-11-19T23:56:47.509+0000] {processor.py:830} INFO - Processing file /opt/airflow/dags/sodai_pipeline_dag.py for tasks to queue
[2025-11-19T23:56:47.511+0000] {logging_mixin.py:188} INFO - [2025-11-19T23:56:47.510+0000] {dagbag.py:540} INFO - Filling up the DagBag from /opt/airflow/dags/sodai_pipeline_dag.py
[2025-11-19T23:56:47.530+0000] {processor.py:840} INFO - DAG(s) 'sodai_training_and_scoring' retrieved from /opt/airflow/dags/sodai_pipeline_dag.py
[2025-11-19T23:56:47.557+0000] {logging_mixin.py:188} INFO - [2025-11-19T23:56:47.557+0000] {dag.py:3096} INFO - Sync 1 DAGs
[2025-11-19T23:56:47.567+0000] {logging_mixin.py:188} INFO - [2025-11-19T23:56:47.567+0000] {dag.py:3954} INFO - Setting next_dagrun for sodai_training_and_scoring to None, run_after=None
[2025-11-19T23:56:47.590+0000] {processor.py:183} INFO - Processing /opt/airflow/dags/sodai_pipeline_dag.py took 0.086 seconds
[2025-11-19T23:57:18.056+0000] {processor.py:161} INFO - Started process (PID=3387) to work on /opt/airflow/dags/sodai_pipeline_dag.py
[2025-11-19T23:57:18.057+0000] {processor.py:830} INFO - Processing file /opt/airflow/dags/sodai_pipeline_dag.py for tasks to queue
[2025-11-19T23:57:18.059+0000] {logging_mixin.py:188} INFO - [2025-11-19T23:57:18.058+0000] {dagbag.py:540} INFO - Filling up the DagBag from /opt/airflow/dags/sodai_pipeline_dag.py
[2025-11-19T23:57:18.072+0000] {processor.py:840} INFO - DAG(s) 'sodai_training_and_scoring' retrieved from /opt/airflow/dags/sodai_pipeline_dag.py
[2025-11-19T23:57:20.128+0000] {logging_mixin.py:188} INFO - [2025-11-19T23:57:20.128+0000] {dag.py:3096} INFO - Sync 1 DAGs
[2025-11-19T23:57:20.137+0000] {logging_mixin.py:188} INFO - [2025-11-19T23:57:20.137+0000] {dag.py:3954} INFO - Setting next_dagrun for sodai_training_and_scoring to None, run_after=None
[2025-11-19T23:57:20.155+0000] {processor.py:183} INFO - Processing /opt/airflow/dags/sodai_pipeline_dag.py took 0.071 seconds
[2025-11-19T23:57:53.755+0000] {processor.py:161} INFO - Started process (PID=3397) to work on /opt/airflow/dags/sodai_pipeline_dag.py
[2025-11-19T23:57:53.756+0000] {processor.py:830} INFO - Processing file /opt/airflow/dags/sodai_pipeline_dag.py for tasks to queue
[2025-11-19T23:57:53.758+0000] {logging_mixin.py:188} INFO - [2025-11-19T23:57:53.757+0000] {dagbag.py:540} INFO - Filling up the DagBag from /opt/airflow/dags/sodai_pipeline_dag.py
[2025-11-19T23:57:53.771+0000] {processor.py:840} INFO - DAG(s) 'sodai_training_and_scoring' retrieved from /opt/airflow/dags/sodai_pipeline_dag.py
[2025-11-19T23:57:53.793+0000] {logging_mixin.py:188} INFO - [2025-11-19T23:57:53.793+0000] {dag.py:3096} INFO - Sync 1 DAGs
[2025-11-19T23:57:53.803+0000] {logging_mixin.py:188} INFO - [2025-11-19T23:57:53.802+0000] {dag.py:3954} INFO - Setting next_dagrun for sodai_training_and_scoring to None, run_after=None
[2025-11-19T23:57:53.819+0000] {processor.py:183} INFO - Processing /opt/airflow/dags/sodai_pipeline_dag.py took 0.068 seconds
[2025-11-19T23:58:27.198+0000] {processor.py:161} INFO - Started process (PID=3407) to work on /opt/airflow/dags/sodai_pipeline_dag.py
[2025-11-19T23:58:27.199+0000] {processor.py:830} INFO - Processing file /opt/airflow/dags/sodai_pipeline_dag.py for tasks to queue
[2025-11-19T23:58:27.201+0000] {logging_mixin.py:188} INFO - [2025-11-19T23:58:27.201+0000] {dagbag.py:540} INFO - Filling up the DagBag from /opt/airflow/dags/sodai_pipeline_dag.py
[2025-11-19T23:58:27.218+0000] {processor.py:840} INFO - DAG(s) 'sodai_training_and_scoring' retrieved from /opt/airflow/dags/sodai_pipeline_dag.py
[2025-11-19T23:58:27.244+0000] {logging_mixin.py:188} INFO - [2025-11-19T23:58:27.244+0000] {dag.py:3096} INFO - Sync 1 DAGs
[2025-11-19T23:58:27.257+0000] {logging_mixin.py:188} INFO - [2025-11-19T23:58:27.257+0000] {dag.py:3954} INFO - Setting next_dagrun for sodai_training_and_scoring to None, run_after=None
[2025-11-19T23:58:27.273+0000] {processor.py:183} INFO - Processing /opt/airflow/dags/sodai_pipeline_dag.py took 0.079 seconds
[2025-11-19T23:59:00.633+0000] {processor.py:161} INFO - Started process (PID=3417) to work on /opt/airflow/dags/sodai_pipeline_dag.py
[2025-11-19T23:59:00.634+0000] {processor.py:830} INFO - Processing file /opt/airflow/dags/sodai_pipeline_dag.py for tasks to queue
[2025-11-19T23:59:00.636+0000] {logging_mixin.py:188} INFO - [2025-11-19T23:59:00.636+0000] {dagbag.py:540} INFO - Filling up the DagBag from /opt/airflow/dags/sodai_pipeline_dag.py
[2025-11-19T23:59:00.651+0000] {processor.py:840} INFO - DAG(s) 'sodai_training_and_scoring' retrieved from /opt/airflow/dags/sodai_pipeline_dag.py
[2025-11-19T23:59:00.672+0000] {logging_mixin.py:188} INFO - [2025-11-19T23:59:00.672+0000] {dag.py:3096} INFO - Sync 1 DAGs
[2025-11-19T23:59:00.682+0000] {logging_mixin.py:188} INFO - [2025-11-19T23:59:00.682+0000] {dag.py:3954} INFO - Setting next_dagrun for sodai_training_and_scoring to None, run_after=None
[2025-11-19T23:59:00.698+0000] {processor.py:183} INFO - Processing /opt/airflow/dags/sodai_pipeline_dag.py took 0.069 seconds
[2025-11-19T23:59:33.039+0000] {processor.py:161} INFO - Started process (PID=3427) to work on /opt/airflow/dags/sodai_pipeline_dag.py
[2025-11-19T23:59:33.040+0000] {processor.py:830} INFO - Processing file /opt/airflow/dags/sodai_pipeline_dag.py for tasks to queue
[2025-11-19T23:59:33.042+0000] {logging_mixin.py:188} INFO - [2025-11-19T23:59:33.042+0000] {dagbag.py:540} INFO - Filling up the DagBag from /opt/airflow/dags/sodai_pipeline_dag.py
[2025-11-19T23:59:33.061+0000] {processor.py:840} INFO - DAG(s) 'sodai_training_and_scoring' retrieved from /opt/airflow/dags/sodai_pipeline_dag.py
[2025-11-19T23:59:33.089+0000] {logging_mixin.py:188} INFO - [2025-11-19T23:59:33.089+0000] {dag.py:3096} INFO - Sync 1 DAGs
[2025-11-19T23:59:33.099+0000] {logging_mixin.py:188} INFO - [2025-11-19T23:59:33.099+0000] {dag.py:3954} INFO - Setting next_dagrun for sodai_training_and_scoring to None, run_after=None
[2025-11-19T23:59:33.114+0000] {processor.py:183} INFO - Processing /opt/airflow/dags/sodai_pipeline_dag.py took 0.080 seconds
