[2025-11-19T16:24:53.556+0000] {processor.py:161} INFO - Started process (PID=194) to work on /opt/airflow/dags/sodai/__init__.py
[2025-11-19T16:24:53.558+0000] {processor.py:830} INFO - Processing file /opt/airflow/dags/sodai/__init__.py for tasks to queue
[2025-11-19T16:24:53.561+0000] {logging_mixin.py:188} INFO - [2025-11-19T16:24:53.560+0000] {dagbag.py:540} INFO - Filling up the DagBag from /opt/airflow/dags/sodai/__init__.py
[2025-11-19T16:24:53.598+0000] {processor.py:842} WARNING - No viable dags retrieved from /opt/airflow/dags/sodai/__init__.py
[2025-11-19T16:24:53.620+0000] {processor.py:183} INFO - Processing /opt/airflow/dags/sodai/__init__.py took 0.070 seconds
[2025-11-19T16:25:24.939+0000] {processor.py:161} INFO - Started process (PID=204) to work on /opt/airflow/dags/sodai/__init__.py
[2025-11-19T16:25:24.942+0000] {processor.py:830} INFO - Processing file /opt/airflow/dags/sodai/__init__.py for tasks to queue
[2025-11-19T16:25:24.945+0000] {logging_mixin.py:188} INFO - [2025-11-19T16:25:24.944+0000] {dagbag.py:540} INFO - Filling up the DagBag from /opt/airflow/dags/sodai/__init__.py
[2025-11-19T16:25:24.960+0000] {processor.py:842} WARNING - No viable dags retrieved from /opt/airflow/dags/sodai/__init__.py
[2025-11-19T16:25:24.980+0000] {processor.py:183} INFO - Processing /opt/airflow/dags/sodai/__init__.py took 0.050 seconds
[2025-11-19T16:25:57.278+0000] {processor.py:161} INFO - Started process (PID=214) to work on /opt/airflow/dags/sodai/__init__.py
[2025-11-19T16:25:57.280+0000] {processor.py:830} INFO - Processing file /opt/airflow/dags/sodai/__init__.py for tasks to queue
[2025-11-19T16:25:57.282+0000] {logging_mixin.py:188} INFO - [2025-11-19T16:25:57.282+0000] {dagbag.py:540} INFO - Filling up the DagBag from /opt/airflow/dags/sodai/__init__.py
[2025-11-19T16:25:57.298+0000] {processor.py:842} WARNING - No viable dags retrieved from /opt/airflow/dags/sodai/__init__.py
[2025-11-19T16:25:57.312+0000] {processor.py:183} INFO - Processing /opt/airflow/dags/sodai/__init__.py took 0.041 seconds
[2025-11-19T16:26:29.703+0000] {processor.py:161} INFO - Started process (PID=224) to work on /opt/airflow/dags/sodai/__init__.py
[2025-11-19T16:26:29.704+0000] {processor.py:830} INFO - Processing file /opt/airflow/dags/sodai/__init__.py for tasks to queue
[2025-11-19T16:26:29.706+0000] {logging_mixin.py:188} INFO - [2025-11-19T16:26:29.706+0000] {dagbag.py:540} INFO - Filling up the DagBag from /opt/airflow/dags/sodai/__init__.py
[2025-11-19T16:26:29.720+0000] {processor.py:842} WARNING - No viable dags retrieved from /opt/airflow/dags/sodai/__init__.py
[2025-11-19T16:26:29.735+0000] {processor.py:183} INFO - Processing /opt/airflow/dags/sodai/__init__.py took 0.038 seconds
[2025-11-19T16:27:01.118+0000] {processor.py:161} INFO - Started process (PID=234) to work on /opt/airflow/dags/sodai/__init__.py
[2025-11-19T16:27:01.119+0000] {processor.py:830} INFO - Processing file /opt/airflow/dags/sodai/__init__.py for tasks to queue
[2025-11-19T16:27:01.120+0000] {logging_mixin.py:188} INFO - [2025-11-19T16:27:01.120+0000] {dagbag.py:540} INFO - Filling up the DagBag from /opt/airflow/dags/sodai/__init__.py
[2025-11-19T16:27:01.133+0000] {processor.py:842} WARNING - No viable dags retrieved from /opt/airflow/dags/sodai/__init__.py
[2025-11-19T16:27:01.147+0000] {processor.py:183} INFO - Processing /opt/airflow/dags/sodai/__init__.py took 0.035 seconds
[2025-11-19T16:27:33.350+0000] {processor.py:161} INFO - Started process (PID=244) to work on /opt/airflow/dags/sodai/__init__.py
[2025-11-19T16:27:33.351+0000] {processor.py:830} INFO - Processing file /opt/airflow/dags/sodai/__init__.py for tasks to queue
[2025-11-19T16:27:33.353+0000] {logging_mixin.py:188} INFO - [2025-11-19T16:27:33.353+0000] {dagbag.py:540} INFO - Filling up the DagBag from /opt/airflow/dags/sodai/__init__.py
[2025-11-19T16:27:33.367+0000] {processor.py:842} WARNING - No viable dags retrieved from /opt/airflow/dags/sodai/__init__.py
[2025-11-19T16:27:33.385+0000] {processor.py:183} INFO - Processing /opt/airflow/dags/sodai/__init__.py took 0.040 seconds
[2025-11-19T16:28:05.675+0000] {processor.py:161} INFO - Started process (PID=254) to work on /opt/airflow/dags/sodai/__init__.py
[2025-11-19T16:28:05.677+0000] {processor.py:830} INFO - Processing file /opt/airflow/dags/sodai/__init__.py for tasks to queue
[2025-11-19T16:28:05.678+0000] {logging_mixin.py:188} INFO - [2025-11-19T16:28:05.678+0000] {dagbag.py:540} INFO - Filling up the DagBag from /opt/airflow/dags/sodai/__init__.py
[2025-11-19T16:28:05.692+0000] {processor.py:842} WARNING - No viable dags retrieved from /opt/airflow/dags/sodai/__init__.py
[2025-11-19T16:28:05.705+0000] {processor.py:183} INFO - Processing /opt/airflow/dags/sodai/__init__.py took 0.034 seconds
[2025-11-19T16:28:38.391+0000] {processor.py:161} INFO - Started process (PID=264) to work on /opt/airflow/dags/sodai/__init__.py
[2025-11-19T16:28:38.392+0000] {processor.py:830} INFO - Processing file /opt/airflow/dags/sodai/__init__.py for tasks to queue
[2025-11-19T16:28:38.393+0000] {logging_mixin.py:188} INFO - [2025-11-19T16:28:38.393+0000] {dagbag.py:540} INFO - Filling up the DagBag from /opt/airflow/dags/sodai/__init__.py
[2025-11-19T16:28:38.405+0000] {processor.py:842} WARNING - No viable dags retrieved from /opt/airflow/dags/sodai/__init__.py
[2025-11-19T16:28:38.418+0000] {processor.py:183} INFO - Processing /opt/airflow/dags/sodai/__init__.py took 0.032 seconds
[2025-11-19T16:29:09.904+0000] {processor.py:161} INFO - Started process (PID=274) to work on /opt/airflow/dags/sodai/__init__.py
[2025-11-19T16:29:09.905+0000] {processor.py:830} INFO - Processing file /opt/airflow/dags/sodai/__init__.py for tasks to queue
[2025-11-19T16:29:09.907+0000] {logging_mixin.py:188} INFO - [2025-11-19T16:29:09.907+0000] {dagbag.py:540} INFO - Filling up the DagBag from /opt/airflow/dags/sodai/__init__.py
[2025-11-19T16:29:09.920+0000] {processor.py:842} WARNING - No viable dags retrieved from /opt/airflow/dags/sodai/__init__.py
[2025-11-19T16:29:09.936+0000] {processor.py:183} INFO - Processing /opt/airflow/dags/sodai/__init__.py took 0.037 seconds
[2025-11-19T16:29:42.653+0000] {processor.py:161} INFO - Started process (PID=284) to work on /opt/airflow/dags/sodai/__init__.py
[2025-11-19T16:29:42.654+0000] {processor.py:830} INFO - Processing file /opt/airflow/dags/sodai/__init__.py for tasks to queue
[2025-11-19T16:29:42.657+0000] {logging_mixin.py:188} INFO - [2025-11-19T16:29:42.656+0000] {dagbag.py:540} INFO - Filling up the DagBag from /opt/airflow/dags/sodai/__init__.py
[2025-11-19T16:29:42.675+0000] {processor.py:842} WARNING - No viable dags retrieved from /opt/airflow/dags/sodai/__init__.py
[2025-11-19T16:29:42.692+0000] {processor.py:183} INFO - Processing /opt/airflow/dags/sodai/__init__.py took 0.048 seconds
[2025-11-19T16:30:15.406+0000] {processor.py:161} INFO - Started process (PID=294) to work on /opt/airflow/dags/sodai/__init__.py
[2025-11-19T16:30:15.407+0000] {processor.py:830} INFO - Processing file /opt/airflow/dags/sodai/__init__.py for tasks to queue
[2025-11-19T16:30:15.409+0000] {logging_mixin.py:188} INFO - [2025-11-19T16:30:15.409+0000] {dagbag.py:540} INFO - Filling up the DagBag from /opt/airflow/dags/sodai/__init__.py
[2025-11-19T16:30:15.425+0000] {processor.py:842} WARNING - No viable dags retrieved from /opt/airflow/dags/sodai/__init__.py
[2025-11-19T16:30:15.442+0000] {processor.py:183} INFO - Processing /opt/airflow/dags/sodai/__init__.py took 0.041 seconds
[2025-11-19T16:30:47.066+0000] {processor.py:161} INFO - Started process (PID=304) to work on /opt/airflow/dags/sodai/__init__.py
[2025-11-19T16:30:47.067+0000] {processor.py:830} INFO - Processing file /opt/airflow/dags/sodai/__init__.py for tasks to queue
[2025-11-19T16:30:47.068+0000] {logging_mixin.py:188} INFO - [2025-11-19T16:30:47.068+0000] {dagbag.py:540} INFO - Filling up the DagBag from /opt/airflow/dags/sodai/__init__.py
[2025-11-19T16:30:47.080+0000] {processor.py:842} WARNING - No viable dags retrieved from /opt/airflow/dags/sodai/__init__.py
[2025-11-19T16:30:47.092+0000] {processor.py:183} INFO - Processing /opt/airflow/dags/sodai/__init__.py took 0.030 seconds
[2025-11-19T16:31:19.476+0000] {processor.py:161} INFO - Started process (PID=314) to work on /opt/airflow/dags/sodai/__init__.py
[2025-11-19T16:31:19.477+0000] {processor.py:830} INFO - Processing file /opt/airflow/dags/sodai/__init__.py for tasks to queue
[2025-11-19T16:31:19.479+0000] {logging_mixin.py:188} INFO - [2025-11-19T16:31:19.479+0000] {dagbag.py:540} INFO - Filling up the DagBag from /opt/airflow/dags/sodai/__init__.py
[2025-11-19T16:31:19.492+0000] {processor.py:842} WARNING - No viable dags retrieved from /opt/airflow/dags/sodai/__init__.py
[2025-11-19T16:31:19.506+0000] {processor.py:183} INFO - Processing /opt/airflow/dags/sodai/__init__.py took 0.036 seconds
[2025-11-19T16:31:52.160+0000] {processor.py:161} INFO - Started process (PID=324) to work on /opt/airflow/dags/sodai/__init__.py
[2025-11-19T16:31:52.161+0000] {processor.py:830} INFO - Processing file /opt/airflow/dags/sodai/__init__.py for tasks to queue
[2025-11-19T16:31:52.162+0000] {logging_mixin.py:188} INFO - [2025-11-19T16:31:52.162+0000] {dagbag.py:540} INFO - Filling up the DagBag from /opt/airflow/dags/sodai/__init__.py
[2025-11-19T16:31:52.173+0000] {processor.py:842} WARNING - No viable dags retrieved from /opt/airflow/dags/sodai/__init__.py
[2025-11-19T16:31:52.187+0000] {processor.py:183} INFO - Processing /opt/airflow/dags/sodai/__init__.py took 0.032 seconds
[2025-11-19T16:32:24.541+0000] {processor.py:161} INFO - Started process (PID=334) to work on /opt/airflow/dags/sodai/__init__.py
[2025-11-19T16:32:24.543+0000] {processor.py:830} INFO - Processing file /opt/airflow/dags/sodai/__init__.py for tasks to queue
[2025-11-19T16:32:24.545+0000] {logging_mixin.py:188} INFO - [2025-11-19T16:32:24.544+0000] {dagbag.py:540} INFO - Filling up the DagBag from /opt/airflow/dags/sodai/__init__.py
[2025-11-19T16:32:24.558+0000] {processor.py:842} WARNING - No viable dags retrieved from /opt/airflow/dags/sodai/__init__.py
[2025-11-19T16:32:24.573+0000] {processor.py:183} INFO - Processing /opt/airflow/dags/sodai/__init__.py took 0.037 seconds
[2025-11-19T16:32:55.919+0000] {processor.py:161} INFO - Started process (PID=344) to work on /opt/airflow/dags/sodai/__init__.py
[2025-11-19T16:32:55.919+0000] {processor.py:830} INFO - Processing file /opt/airflow/dags/sodai/__init__.py for tasks to queue
[2025-11-19T16:32:55.921+0000] {logging_mixin.py:188} INFO - [2025-11-19T16:32:55.921+0000] {dagbag.py:540} INFO - Filling up the DagBag from /opt/airflow/dags/sodai/__init__.py
[2025-11-19T16:32:55.935+0000] {processor.py:842} WARNING - No viable dags retrieved from /opt/airflow/dags/sodai/__init__.py
[2025-11-19T16:32:55.949+0000] {processor.py:183} INFO - Processing /opt/airflow/dags/sodai/__init__.py took 0.035 seconds
[2025-11-19T16:33:28.442+0000] {processor.py:161} INFO - Started process (PID=354) to work on /opt/airflow/dags/sodai/__init__.py
[2025-11-19T16:33:28.442+0000] {processor.py:830} INFO - Processing file /opt/airflow/dags/sodai/__init__.py for tasks to queue
[2025-11-19T16:33:28.444+0000] {logging_mixin.py:188} INFO - [2025-11-19T16:33:28.443+0000] {dagbag.py:540} INFO - Filling up the DagBag from /opt/airflow/dags/sodai/__init__.py
[2025-11-19T16:33:28.459+0000] {processor.py:842} WARNING - No viable dags retrieved from /opt/airflow/dags/sodai/__init__.py
[2025-11-19T16:33:28.473+0000] {processor.py:183} INFO - Processing /opt/airflow/dags/sodai/__init__.py took 0.036 seconds
[2025-11-19T16:34:00.831+0000] {processor.py:161} INFO - Started process (PID=364) to work on /opt/airflow/dags/sodai/__init__.py
[2025-11-19T16:34:00.832+0000] {processor.py:830} INFO - Processing file /opt/airflow/dags/sodai/__init__.py for tasks to queue
[2025-11-19T16:34:00.833+0000] {logging_mixin.py:188} INFO - [2025-11-19T16:34:00.833+0000] {dagbag.py:540} INFO - Filling up the DagBag from /opt/airflow/dags/sodai/__init__.py
[2025-11-19T16:34:00.849+0000] {processor.py:842} WARNING - No viable dags retrieved from /opt/airflow/dags/sodai/__init__.py
[2025-11-19T16:34:00.864+0000] {processor.py:183} INFO - Processing /opt/airflow/dags/sodai/__init__.py took 0.039 seconds
[2025-11-19T16:34:33.238+0000] {processor.py:161} INFO - Started process (PID=374) to work on /opt/airflow/dags/sodai/__init__.py
[2025-11-19T16:34:33.239+0000] {processor.py:830} INFO - Processing file /opt/airflow/dags/sodai/__init__.py for tasks to queue
[2025-11-19T16:34:33.242+0000] {logging_mixin.py:188} INFO - [2025-11-19T16:34:33.241+0000] {dagbag.py:540} INFO - Filling up the DagBag from /opt/airflow/dags/sodai/__init__.py
[2025-11-19T16:34:33.258+0000] {processor.py:842} WARNING - No viable dags retrieved from /opt/airflow/dags/sodai/__init__.py
[2025-11-19T16:34:33.274+0000] {processor.py:183} INFO - Processing /opt/airflow/dags/sodai/__init__.py took 0.041 seconds
[2025-11-19T16:35:04.827+0000] {processor.py:161} INFO - Started process (PID=384) to work on /opt/airflow/dags/sodai/__init__.py
[2025-11-19T16:35:04.828+0000] {processor.py:830} INFO - Processing file /opt/airflow/dags/sodai/__init__.py for tasks to queue
[2025-11-19T16:35:04.829+0000] {logging_mixin.py:188} INFO - [2025-11-19T16:35:04.829+0000] {dagbag.py:540} INFO - Filling up the DagBag from /opt/airflow/dags/sodai/__init__.py
[2025-11-19T16:35:04.847+0000] {processor.py:842} WARNING - No viable dags retrieved from /opt/airflow/dags/sodai/__init__.py
[2025-11-19T16:35:04.864+0000] {processor.py:183} INFO - Processing /opt/airflow/dags/sodai/__init__.py took 0.044 seconds
[2025-11-19T16:35:37.437+0000] {processor.py:161} INFO - Started process (PID=394) to work on /opt/airflow/dags/sodai/__init__.py
[2025-11-19T16:35:37.439+0000] {processor.py:830} INFO - Processing file /opt/airflow/dags/sodai/__init__.py for tasks to queue
[2025-11-19T16:35:37.442+0000] {logging_mixin.py:188} INFO - [2025-11-19T16:35:37.442+0000] {dagbag.py:540} INFO - Filling up the DagBag from /opt/airflow/dags/sodai/__init__.py
[2025-11-19T16:35:37.460+0000] {processor.py:842} WARNING - No viable dags retrieved from /opt/airflow/dags/sodai/__init__.py
[2025-11-19T16:35:37.488+0000] {processor.py:183} INFO - Processing /opt/airflow/dags/sodai/__init__.py took 0.060 seconds
[2025-11-19T16:36:10.239+0000] {processor.py:161} INFO - Started process (PID=404) to work on /opt/airflow/dags/sodai/__init__.py
[2025-11-19T16:36:10.240+0000] {processor.py:830} INFO - Processing file /opt/airflow/dags/sodai/__init__.py for tasks to queue
[2025-11-19T16:36:10.241+0000] {logging_mixin.py:188} INFO - [2025-11-19T16:36:10.241+0000] {dagbag.py:540} INFO - Filling up the DagBag from /opt/airflow/dags/sodai/__init__.py
[2025-11-19T16:36:10.254+0000] {processor.py:842} WARNING - No viable dags retrieved from /opt/airflow/dags/sodai/__init__.py
[2025-11-19T16:36:10.267+0000] {processor.py:183} INFO - Processing /opt/airflow/dags/sodai/__init__.py took 0.034 seconds
[2025-11-19T16:36:42.860+0000] {processor.py:161} INFO - Started process (PID=414) to work on /opt/airflow/dags/sodai/__init__.py
[2025-11-19T16:36:42.861+0000] {processor.py:830} INFO - Processing file /opt/airflow/dags/sodai/__init__.py for tasks to queue
[2025-11-19T16:36:42.863+0000] {logging_mixin.py:188} INFO - [2025-11-19T16:36:42.862+0000] {dagbag.py:540} INFO - Filling up the DagBag from /opt/airflow/dags/sodai/__init__.py
[2025-11-19T16:36:42.877+0000] {processor.py:842} WARNING - No viable dags retrieved from /opt/airflow/dags/sodai/__init__.py
[2025-11-19T16:36:42.889+0000] {processor.py:183} INFO - Processing /opt/airflow/dags/sodai/__init__.py took 0.034 seconds
[2025-11-19T16:37:14.431+0000] {processor.py:161} INFO - Started process (PID=424) to work on /opt/airflow/dags/sodai/__init__.py
[2025-11-19T16:37:14.433+0000] {processor.py:830} INFO - Processing file /opt/airflow/dags/sodai/__init__.py for tasks to queue
[2025-11-19T16:37:14.435+0000] {logging_mixin.py:188} INFO - [2025-11-19T16:37:14.435+0000] {dagbag.py:540} INFO - Filling up the DagBag from /opt/airflow/dags/sodai/__init__.py
[2025-11-19T16:37:14.449+0000] {processor.py:842} WARNING - No viable dags retrieved from /opt/airflow/dags/sodai/__init__.py
[2025-11-19T16:37:14.463+0000] {processor.py:183} INFO - Processing /opt/airflow/dags/sodai/__init__.py took 0.036 seconds
[2025-11-19T16:37:46.998+0000] {processor.py:161} INFO - Started process (PID=434) to work on /opt/airflow/dags/sodai/__init__.py
[2025-11-19T16:37:46.999+0000] {processor.py:830} INFO - Processing file /opt/airflow/dags/sodai/__init__.py for tasks to queue
[2025-11-19T16:37:47.001+0000] {logging_mixin.py:188} INFO - [2025-11-19T16:37:47.001+0000] {dagbag.py:540} INFO - Filling up the DagBag from /opt/airflow/dags/sodai/__init__.py
[2025-11-19T16:37:47.017+0000] {processor.py:842} WARNING - No viable dags retrieved from /opt/airflow/dags/sodai/__init__.py
[2025-11-19T16:37:47.031+0000] {processor.py:183} INFO - Processing /opt/airflow/dags/sodai/__init__.py took 0.037 seconds
[2025-11-19T16:38:19.800+0000] {processor.py:161} INFO - Started process (PID=444) to work on /opt/airflow/dags/sodai/__init__.py
[2025-11-19T16:38:19.801+0000] {processor.py:830} INFO - Processing file /opt/airflow/dags/sodai/__init__.py for tasks to queue
[2025-11-19T16:38:19.802+0000] {logging_mixin.py:188} INFO - [2025-11-19T16:38:19.802+0000] {dagbag.py:540} INFO - Filling up the DagBag from /opt/airflow/dags/sodai/__init__.py
[2025-11-19T16:38:19.815+0000] {processor.py:842} WARNING - No viable dags retrieved from /opt/airflow/dags/sodai/__init__.py
[2025-11-19T16:38:19.828+0000] {processor.py:183} INFO - Processing /opt/airflow/dags/sodai/__init__.py took 0.033 seconds
[2025-11-19T16:38:52.365+0000] {processor.py:161} INFO - Started process (PID=454) to work on /opt/airflow/dags/sodai/__init__.py
[2025-11-19T16:38:52.366+0000] {processor.py:830} INFO - Processing file /opt/airflow/dags/sodai/__init__.py for tasks to queue
[2025-11-19T16:38:52.367+0000] {logging_mixin.py:188} INFO - [2025-11-19T16:38:52.367+0000] {dagbag.py:540} INFO - Filling up the DagBag from /opt/airflow/dags/sodai/__init__.py
[2025-11-19T16:38:52.379+0000] {processor.py:842} WARNING - No viable dags retrieved from /opt/airflow/dags/sodai/__init__.py
[2025-11-19T16:38:52.390+0000] {processor.py:183} INFO - Processing /opt/airflow/dags/sodai/__init__.py took 0.030 seconds
[2025-11-19T16:39:23.893+0000] {processor.py:161} INFO - Started process (PID=464) to work on /opt/airflow/dags/sodai/__init__.py
[2025-11-19T16:39:23.894+0000] {processor.py:830} INFO - Processing file /opt/airflow/dags/sodai/__init__.py for tasks to queue
[2025-11-19T16:39:23.896+0000] {logging_mixin.py:188} INFO - [2025-11-19T16:39:23.895+0000] {dagbag.py:540} INFO - Filling up the DagBag from /opt/airflow/dags/sodai/__init__.py
[2025-11-19T16:39:23.907+0000] {processor.py:842} WARNING - No viable dags retrieved from /opt/airflow/dags/sodai/__init__.py
[2025-11-19T16:39:23.918+0000] {processor.py:183} INFO - Processing /opt/airflow/dags/sodai/__init__.py took 0.030 seconds
[2025-11-19T16:39:56.621+0000] {processor.py:161} INFO - Started process (PID=474) to work on /opt/airflow/dags/sodai/__init__.py
[2025-11-19T16:39:56.622+0000] {processor.py:830} INFO - Processing file /opt/airflow/dags/sodai/__init__.py for tasks to queue
[2025-11-19T16:39:56.624+0000] {logging_mixin.py:188} INFO - [2025-11-19T16:39:56.623+0000] {dagbag.py:540} INFO - Filling up the DagBag from /opt/airflow/dags/sodai/__init__.py
[2025-11-19T16:39:56.637+0000] {processor.py:842} WARNING - No viable dags retrieved from /opt/airflow/dags/sodai/__init__.py
[2025-11-19T16:39:56.649+0000] {processor.py:183} INFO - Processing /opt/airflow/dags/sodai/__init__.py took 0.033 seconds
[2025-11-19T16:40:29.227+0000] {processor.py:161} INFO - Started process (PID=484) to work on /opt/airflow/dags/sodai/__init__.py
[2025-11-19T16:40:29.229+0000] {processor.py:830} INFO - Processing file /opt/airflow/dags/sodai/__init__.py for tasks to queue
[2025-11-19T16:40:29.231+0000] {logging_mixin.py:188} INFO - [2025-11-19T16:40:29.231+0000] {dagbag.py:540} INFO - Filling up the DagBag from /opt/airflow/dags/sodai/__init__.py
[2025-11-19T16:40:29.250+0000] {processor.py:842} WARNING - No viable dags retrieved from /opt/airflow/dags/sodai/__init__.py
[2025-11-19T16:40:29.266+0000] {processor.py:183} INFO - Processing /opt/airflow/dags/sodai/__init__.py took 0.046 seconds
[2025-11-19T16:41:01.569+0000] {processor.py:161} INFO - Started process (PID=494) to work on /opt/airflow/dags/sodai/__init__.py
[2025-11-19T16:41:01.570+0000] {processor.py:830} INFO - Processing file /opt/airflow/dags/sodai/__init__.py for tasks to queue
[2025-11-19T16:41:01.572+0000] {logging_mixin.py:188} INFO - [2025-11-19T16:41:01.571+0000] {dagbag.py:540} INFO - Filling up the DagBag from /opt/airflow/dags/sodai/__init__.py
[2025-11-19T16:41:01.585+0000] {processor.py:842} WARNING - No viable dags retrieved from /opt/airflow/dags/sodai/__init__.py
[2025-11-19T16:41:01.599+0000] {processor.py:183} INFO - Processing /opt/airflow/dags/sodai/__init__.py took 0.036 seconds
[2025-11-19T16:41:33.872+0000] {processor.py:161} INFO - Started process (PID=504) to work on /opt/airflow/dags/sodai/__init__.py
[2025-11-19T16:41:33.874+0000] {processor.py:830} INFO - Processing file /opt/airflow/dags/sodai/__init__.py for tasks to queue
[2025-11-19T16:41:33.876+0000] {logging_mixin.py:188} INFO - [2025-11-19T16:41:33.876+0000] {dagbag.py:540} INFO - Filling up the DagBag from /opt/airflow/dags/sodai/__init__.py
[2025-11-19T16:41:33.888+0000] {processor.py:842} WARNING - No viable dags retrieved from /opt/airflow/dags/sodai/__init__.py
[2025-11-19T16:41:33.900+0000] {processor.py:183} INFO - Processing /opt/airflow/dags/sodai/__init__.py took 0.032 seconds
[2025-11-19T16:42:05.273+0000] {processor.py:161} INFO - Started process (PID=514) to work on /opt/airflow/dags/sodai/__init__.py
[2025-11-19T16:42:05.274+0000] {processor.py:830} INFO - Processing file /opt/airflow/dags/sodai/__init__.py for tasks to queue
[2025-11-19T16:42:05.275+0000] {logging_mixin.py:188} INFO - [2025-11-19T16:42:05.275+0000] {dagbag.py:540} INFO - Filling up the DagBag from /opt/airflow/dags/sodai/__init__.py
[2025-11-19T16:42:05.287+0000] {processor.py:842} WARNING - No viable dags retrieved from /opt/airflow/dags/sodai/__init__.py
[2025-11-19T16:42:05.299+0000] {processor.py:183} INFO - Processing /opt/airflow/dags/sodai/__init__.py took 0.030 seconds
[2025-11-19T16:42:37.634+0000] {processor.py:161} INFO - Started process (PID=524) to work on /opt/airflow/dags/sodai/__init__.py
[2025-11-19T16:42:37.635+0000] {processor.py:830} INFO - Processing file /opt/airflow/dags/sodai/__init__.py for tasks to queue
[2025-11-19T16:42:37.636+0000] {logging_mixin.py:188} INFO - [2025-11-19T16:42:37.636+0000] {dagbag.py:540} INFO - Filling up the DagBag from /opt/airflow/dags/sodai/__init__.py
[2025-11-19T16:42:37.649+0000] {processor.py:842} WARNING - No viable dags retrieved from /opt/airflow/dags/sodai/__init__.py
[2025-11-19T16:42:37.662+0000] {processor.py:183} INFO - Processing /opt/airflow/dags/sodai/__init__.py took 0.032 seconds
[2025-11-19T16:43:10.028+0000] {processor.py:161} INFO - Started process (PID=534) to work on /opt/airflow/dags/sodai/__init__.py
[2025-11-19T16:43:10.029+0000] {processor.py:830} INFO - Processing file /opt/airflow/dags/sodai/__init__.py for tasks to queue
[2025-11-19T16:43:10.031+0000] {logging_mixin.py:188} INFO - [2025-11-19T16:43:10.031+0000] {dagbag.py:540} INFO - Filling up the DagBag from /opt/airflow/dags/sodai/__init__.py
[2025-11-19T16:43:10.043+0000] {processor.py:842} WARNING - No viable dags retrieved from /opt/airflow/dags/sodai/__init__.py
[2025-11-19T16:43:10.053+0000] {processor.py:183} INFO - Processing /opt/airflow/dags/sodai/__init__.py took 0.029 seconds
[2025-11-19T16:43:42.437+0000] {processor.py:161} INFO - Started process (PID=544) to work on /opt/airflow/dags/sodai/__init__.py
[2025-11-19T16:43:42.439+0000] {processor.py:830} INFO - Processing file /opt/airflow/dags/sodai/__init__.py for tasks to queue
[2025-11-19T16:43:42.440+0000] {logging_mixin.py:188} INFO - [2025-11-19T16:43:42.440+0000] {dagbag.py:540} INFO - Filling up the DagBag from /opt/airflow/dags/sodai/__init__.py
[2025-11-19T16:43:42.453+0000] {processor.py:842} WARNING - No viable dags retrieved from /opt/airflow/dags/sodai/__init__.py
[2025-11-19T16:43:42.466+0000] {processor.py:183} INFO - Processing /opt/airflow/dags/sodai/__init__.py took 0.032 seconds
[2025-11-19T16:44:13.884+0000] {processor.py:161} INFO - Started process (PID=554) to work on /opt/airflow/dags/sodai/__init__.py
[2025-11-19T16:44:13.885+0000] {processor.py:830} INFO - Processing file /opt/airflow/dags/sodai/__init__.py for tasks to queue
[2025-11-19T16:44:13.886+0000] {logging_mixin.py:188} INFO - [2025-11-19T16:44:13.886+0000] {dagbag.py:540} INFO - Filling up the DagBag from /opt/airflow/dags/sodai/__init__.py
[2025-11-19T16:44:13.900+0000] {processor.py:842} WARNING - No viable dags retrieved from /opt/airflow/dags/sodai/__init__.py
[2025-11-19T16:44:13.912+0000] {processor.py:183} INFO - Processing /opt/airflow/dags/sodai/__init__.py took 0.033 seconds
[2025-11-19T16:44:46.318+0000] {processor.py:161} INFO - Started process (PID=564) to work on /opt/airflow/dags/sodai/__init__.py
[2025-11-19T16:44:46.319+0000] {processor.py:830} INFO - Processing file /opt/airflow/dags/sodai/__init__.py for tasks to queue
[2025-11-19T16:44:46.321+0000] {logging_mixin.py:188} INFO - [2025-11-19T16:44:46.320+0000] {dagbag.py:540} INFO - Filling up the DagBag from /opt/airflow/dags/sodai/__init__.py
[2025-11-19T16:44:46.333+0000] {processor.py:842} WARNING - No viable dags retrieved from /opt/airflow/dags/sodai/__init__.py
[2025-11-19T16:44:46.343+0000] {processor.py:183} INFO - Processing /opt/airflow/dags/sodai/__init__.py took 0.030 seconds
[2025-11-19T16:45:18.863+0000] {processor.py:161} INFO - Started process (PID=574) to work on /opt/airflow/dags/sodai/__init__.py
[2025-11-19T16:45:18.864+0000] {processor.py:830} INFO - Processing file /opt/airflow/dags/sodai/__init__.py for tasks to queue
[2025-11-19T16:45:18.866+0000] {logging_mixin.py:188} INFO - [2025-11-19T16:45:18.865+0000] {dagbag.py:540} INFO - Filling up the DagBag from /opt/airflow/dags/sodai/__init__.py
[2025-11-19T16:45:18.877+0000] {processor.py:842} WARNING - No viable dags retrieved from /opt/airflow/dags/sodai/__init__.py
[2025-11-19T16:45:18.887+0000] {processor.py:183} INFO - Processing /opt/airflow/dags/sodai/__init__.py took 0.028 seconds
[2025-11-19T16:45:51.284+0000] {processor.py:161} INFO - Started process (PID=584) to work on /opt/airflow/dags/sodai/__init__.py
[2025-11-19T16:45:51.285+0000] {processor.py:830} INFO - Processing file /opt/airflow/dags/sodai/__init__.py for tasks to queue
[2025-11-19T16:45:51.286+0000] {logging_mixin.py:188} INFO - [2025-11-19T16:45:51.286+0000] {dagbag.py:540} INFO - Filling up the DagBag from /opt/airflow/dags/sodai/__init__.py
[2025-11-19T16:45:51.300+0000] {processor.py:842} WARNING - No viable dags retrieved from /opt/airflow/dags/sodai/__init__.py
[2025-11-19T16:45:51.312+0000] {processor.py:183} INFO - Processing /opt/airflow/dags/sodai/__init__.py took 0.033 seconds
[2025-11-19T16:46:22.725+0000] {processor.py:161} INFO - Started process (PID=594) to work on /opt/airflow/dags/sodai/__init__.py
[2025-11-19T16:46:22.726+0000] {processor.py:830} INFO - Processing file /opt/airflow/dags/sodai/__init__.py for tasks to queue
[2025-11-19T16:46:22.727+0000] {logging_mixin.py:188} INFO - [2025-11-19T16:46:22.727+0000] {dagbag.py:540} INFO - Filling up the DagBag from /opt/airflow/dags/sodai/__init__.py
[2025-11-19T16:46:22.740+0000] {processor.py:842} WARNING - No viable dags retrieved from /opt/airflow/dags/sodai/__init__.py
[2025-11-19T16:46:22.754+0000] {processor.py:183} INFO - Processing /opt/airflow/dags/sodai/__init__.py took 0.033 seconds
[2025-11-19T16:46:55.172+0000] {processor.py:161} INFO - Started process (PID=604) to work on /opt/airflow/dags/sodai/__init__.py
[2025-11-19T16:46:55.173+0000] {processor.py:830} INFO - Processing file /opt/airflow/dags/sodai/__init__.py for tasks to queue
[2025-11-19T16:46:55.175+0000] {logging_mixin.py:188} INFO - [2025-11-19T16:46:55.175+0000] {dagbag.py:540} INFO - Filling up the DagBag from /opt/airflow/dags/sodai/__init__.py
[2025-11-19T16:46:55.188+0000] {processor.py:842} WARNING - No viable dags retrieved from /opt/airflow/dags/sodai/__init__.py
[2025-11-19T16:46:55.200+0000] {processor.py:183} INFO - Processing /opt/airflow/dags/sodai/__init__.py took 0.032 seconds
[2025-11-19T16:47:27.626+0000] {processor.py:161} INFO - Started process (PID=614) to work on /opt/airflow/dags/sodai/__init__.py
[2025-11-19T16:47:27.627+0000] {processor.py:830} INFO - Processing file /opt/airflow/dags/sodai/__init__.py for tasks to queue
[2025-11-19T16:47:27.629+0000] {logging_mixin.py:188} INFO - [2025-11-19T16:47:27.629+0000] {dagbag.py:540} INFO - Filling up the DagBag from /opt/airflow/dags/sodai/__init__.py
[2025-11-19T16:47:27.644+0000] {processor.py:842} WARNING - No viable dags retrieved from /opt/airflow/dags/sodai/__init__.py
[2025-11-19T16:47:27.657+0000] {processor.py:183} INFO - Processing /opt/airflow/dags/sodai/__init__.py took 0.036 seconds
[2025-11-19T16:48:00.094+0000] {processor.py:161} INFO - Started process (PID=624) to work on /opt/airflow/dags/sodai/__init__.py
[2025-11-19T16:48:00.095+0000] {processor.py:830} INFO - Processing file /opt/airflow/dags/sodai/__init__.py for tasks to queue
[2025-11-19T16:48:00.097+0000] {logging_mixin.py:188} INFO - [2025-11-19T16:48:00.097+0000] {dagbag.py:540} INFO - Filling up the DagBag from /opt/airflow/dags/sodai/__init__.py
[2025-11-19T16:48:00.110+0000] {processor.py:842} WARNING - No viable dags retrieved from /opt/airflow/dags/sodai/__init__.py
[2025-11-19T16:48:00.121+0000] {processor.py:183} INFO - Processing /opt/airflow/dags/sodai/__init__.py took 0.031 seconds
[2025-11-19T16:48:31.790+0000] {processor.py:161} INFO - Started process (PID=634) to work on /opt/airflow/dags/sodai/__init__.py
[2025-11-19T16:48:31.791+0000] {processor.py:830} INFO - Processing file /opt/airflow/dags/sodai/__init__.py for tasks to queue
[2025-11-19T16:48:31.792+0000] {logging_mixin.py:188} INFO - [2025-11-19T16:48:31.792+0000] {dagbag.py:540} INFO - Filling up the DagBag from /opt/airflow/dags/sodai/__init__.py
[2025-11-19T16:48:31.804+0000] {processor.py:842} WARNING - No viable dags retrieved from /opt/airflow/dags/sodai/__init__.py
[2025-11-19T16:48:31.814+0000] {processor.py:183} INFO - Processing /opt/airflow/dags/sodai/__init__.py took 0.030 seconds
[2025-11-19T16:49:04.757+0000] {processor.py:161} INFO - Started process (PID=644) to work on /opt/airflow/dags/sodai/__init__.py
[2025-11-19T16:49:04.758+0000] {processor.py:830} INFO - Processing file /opt/airflow/dags/sodai/__init__.py for tasks to queue
[2025-11-19T16:49:04.759+0000] {logging_mixin.py:188} INFO - [2025-11-19T16:49:04.759+0000] {dagbag.py:540} INFO - Filling up the DagBag from /opt/airflow/dags/sodai/__init__.py
[2025-11-19T16:49:04.772+0000] {processor.py:842} WARNING - No viable dags retrieved from /opt/airflow/dags/sodai/__init__.py
[2025-11-19T16:49:04.782+0000] {processor.py:183} INFO - Processing /opt/airflow/dags/sodai/__init__.py took 0.031 seconds
[2025-11-19T16:49:37.209+0000] {processor.py:161} INFO - Started process (PID=654) to work on /opt/airflow/dags/sodai/__init__.py
[2025-11-19T16:49:37.210+0000] {processor.py:830} INFO - Processing file /opt/airflow/dags/sodai/__init__.py for tasks to queue
[2025-11-19T16:49:37.212+0000] {logging_mixin.py:188} INFO - [2025-11-19T16:49:37.212+0000] {dagbag.py:540} INFO - Filling up the DagBag from /opt/airflow/dags/sodai/__init__.py
[2025-11-19T16:49:37.223+0000] {processor.py:842} WARNING - No viable dags retrieved from /opt/airflow/dags/sodai/__init__.py
[2025-11-19T16:49:37.238+0000] {processor.py:183} INFO - Processing /opt/airflow/dags/sodai/__init__.py took 0.035 seconds
[2025-11-19T16:50:09.675+0000] {processor.py:161} INFO - Started process (PID=664) to work on /opt/airflow/dags/sodai/__init__.py
[2025-11-19T16:50:09.676+0000] {processor.py:830} INFO - Processing file /opt/airflow/dags/sodai/__init__.py for tasks to queue
[2025-11-19T16:50:09.678+0000] {logging_mixin.py:188} INFO - [2025-11-19T16:50:09.678+0000] {dagbag.py:540} INFO - Filling up the DagBag from /opt/airflow/dags/sodai/__init__.py
[2025-11-19T16:50:09.689+0000] {processor.py:842} WARNING - No viable dags retrieved from /opt/airflow/dags/sodai/__init__.py
[2025-11-19T16:50:09.705+0000] {processor.py:183} INFO - Processing /opt/airflow/dags/sodai/__init__.py took 0.036 seconds
[2025-11-19T16:50:42.354+0000] {processor.py:161} INFO - Started process (PID=674) to work on /opt/airflow/dags/sodai/__init__.py
[2025-11-19T16:50:42.355+0000] {processor.py:830} INFO - Processing file /opt/airflow/dags/sodai/__init__.py for tasks to queue
[2025-11-19T16:50:42.358+0000] {logging_mixin.py:188} INFO - [2025-11-19T16:50:42.357+0000] {dagbag.py:540} INFO - Filling up the DagBag from /opt/airflow/dags/sodai/__init__.py
[2025-11-19T16:50:42.372+0000] {processor.py:842} WARNING - No viable dags retrieved from /opt/airflow/dags/sodai/__init__.py
[2025-11-19T16:50:42.386+0000] {processor.py:183} INFO - Processing /opt/airflow/dags/sodai/__init__.py took 0.039 seconds
[2025-11-19T16:51:13.049+0000] {processor.py:161} INFO - Started process (PID=684) to work on /opt/airflow/dags/sodai/__init__.py
[2025-11-19T16:51:13.051+0000] {processor.py:830} INFO - Processing file /opt/airflow/dags/sodai/__init__.py for tasks to queue
[2025-11-19T16:51:13.053+0000] {logging_mixin.py:188} INFO - [2025-11-19T16:51:13.053+0000] {dagbag.py:540} INFO - Filling up the DagBag from /opt/airflow/dags/sodai/__init__.py
[2025-11-19T16:51:13.066+0000] {processor.py:842} WARNING - No viable dags retrieved from /opt/airflow/dags/sodai/__init__.py
[2025-11-19T16:51:13.080+0000] {processor.py:183} INFO - Processing /opt/airflow/dags/sodai/__init__.py took 0.037 seconds
[2025-11-19T16:51:43.248+0000] {processor.py:161} INFO - Started process (PID=694) to work on /opt/airflow/dags/sodai/__init__.py
[2025-11-19T16:51:43.250+0000] {processor.py:830} INFO - Processing file /opt/airflow/dags/sodai/__init__.py for tasks to queue
[2025-11-19T16:51:43.252+0000] {logging_mixin.py:188} INFO - [2025-11-19T16:51:43.252+0000] {dagbag.py:540} INFO - Filling up the DagBag from /opt/airflow/dags/sodai/__init__.py
[2025-11-19T16:51:43.266+0000] {processor.py:842} WARNING - No viable dags retrieved from /opt/airflow/dags/sodai/__init__.py
[2025-11-19T16:51:43.279+0000] {processor.py:183} INFO - Processing /opt/airflow/dags/sodai/__init__.py took 0.037 seconds
[2025-11-19T16:52:13.703+0000] {processor.py:161} INFO - Started process (PID=704) to work on /opt/airflow/dags/sodai/__init__.py
[2025-11-19T16:52:13.704+0000] {processor.py:830} INFO - Processing file /opt/airflow/dags/sodai/__init__.py for tasks to queue
[2025-11-19T16:52:13.706+0000] {logging_mixin.py:188} INFO - [2025-11-19T16:52:13.706+0000] {dagbag.py:540} INFO - Filling up the DagBag from /opt/airflow/dags/sodai/__init__.py
[2025-11-19T16:52:13.721+0000] {processor.py:842} WARNING - No viable dags retrieved from /opt/airflow/dags/sodai/__init__.py
[2025-11-19T16:52:13.735+0000] {processor.py:183} INFO - Processing /opt/airflow/dags/sodai/__init__.py took 0.037 seconds
[2025-11-19T16:52:43.880+0000] {processor.py:161} INFO - Started process (PID=714) to work on /opt/airflow/dags/sodai/__init__.py
[2025-11-19T16:52:43.882+0000] {processor.py:830} INFO - Processing file /opt/airflow/dags/sodai/__init__.py for tasks to queue
[2025-11-19T16:52:43.884+0000] {logging_mixin.py:188} INFO - [2025-11-19T16:52:43.883+0000] {dagbag.py:540} INFO - Filling up the DagBag from /opt/airflow/dags/sodai/__init__.py
[2025-11-19T16:52:43.898+0000] {processor.py:842} WARNING - No viable dags retrieved from /opt/airflow/dags/sodai/__init__.py
[2025-11-19T16:52:43.909+0000] {processor.py:183} INFO - Processing /opt/airflow/dags/sodai/__init__.py took 0.034 seconds
[2025-11-19T16:53:14.491+0000] {processor.py:161} INFO - Started process (PID=724) to work on /opt/airflow/dags/sodai/__init__.py
[2025-11-19T16:53:14.492+0000] {processor.py:830} INFO - Processing file /opt/airflow/dags/sodai/__init__.py for tasks to queue
[2025-11-19T16:53:14.494+0000] {logging_mixin.py:188} INFO - [2025-11-19T16:53:14.493+0000] {dagbag.py:540} INFO - Filling up the DagBag from /opt/airflow/dags/sodai/__init__.py
[2025-11-19T16:53:14.505+0000] {processor.py:842} WARNING - No viable dags retrieved from /opt/airflow/dags/sodai/__init__.py
[2025-11-19T16:53:14.519+0000] {processor.py:183} INFO - Processing /opt/airflow/dags/sodai/__init__.py took 0.033 seconds
[2025-11-19T16:53:45.179+0000] {processor.py:161} INFO - Started process (PID=734) to work on /opt/airflow/dags/sodai/__init__.py
[2025-11-19T16:53:45.181+0000] {processor.py:830} INFO - Processing file /opt/airflow/dags/sodai/__init__.py for tasks to queue
[2025-11-19T16:53:45.183+0000] {logging_mixin.py:188} INFO - [2025-11-19T16:53:45.182+0000] {dagbag.py:540} INFO - Filling up the DagBag from /opt/airflow/dags/sodai/__init__.py
[2025-11-19T16:53:45.196+0000] {processor.py:842} WARNING - No viable dags retrieved from /opt/airflow/dags/sodai/__init__.py
[2025-11-19T16:53:45.209+0000] {processor.py:183} INFO - Processing /opt/airflow/dags/sodai/__init__.py took 0.035 seconds
[2025-11-19T16:54:15.848+0000] {processor.py:161} INFO - Started process (PID=744) to work on /opt/airflow/dags/sodai/__init__.py
[2025-11-19T16:54:15.849+0000] {processor.py:830} INFO - Processing file /opt/airflow/dags/sodai/__init__.py for tasks to queue
[2025-11-19T16:54:15.851+0000] {logging_mixin.py:188} INFO - [2025-11-19T16:54:15.851+0000] {dagbag.py:540} INFO - Filling up the DagBag from /opt/airflow/dags/sodai/__init__.py
[2025-11-19T16:54:15.862+0000] {processor.py:842} WARNING - No viable dags retrieved from /opt/airflow/dags/sodai/__init__.py
[2025-11-19T16:54:15.874+0000] {processor.py:183} INFO - Processing /opt/airflow/dags/sodai/__init__.py took 0.031 seconds
[2025-11-19T16:54:46.724+0000] {processor.py:161} INFO - Started process (PID=754) to work on /opt/airflow/dags/sodai/__init__.py
[2025-11-19T16:54:46.725+0000] {processor.py:830} INFO - Processing file /opt/airflow/dags/sodai/__init__.py for tasks to queue
[2025-11-19T16:54:46.728+0000] {logging_mixin.py:188} INFO - [2025-11-19T16:54:46.728+0000] {dagbag.py:540} INFO - Filling up the DagBag from /opt/airflow/dags/sodai/__init__.py
[2025-11-19T16:54:46.741+0000] {processor.py:842} WARNING - No viable dags retrieved from /opt/airflow/dags/sodai/__init__.py
[2025-11-19T16:54:46.753+0000] {processor.py:183} INFO - Processing /opt/airflow/dags/sodai/__init__.py took 0.034 seconds
[2025-11-19T16:55:17.547+0000] {processor.py:161} INFO - Started process (PID=764) to work on /opt/airflow/dags/sodai/__init__.py
[2025-11-19T16:55:17.548+0000] {processor.py:830} INFO - Processing file /opt/airflow/dags/sodai/__init__.py for tasks to queue
[2025-11-19T16:55:17.549+0000] {logging_mixin.py:188} INFO - [2025-11-19T16:55:17.549+0000] {dagbag.py:540} INFO - Filling up the DagBag from /opt/airflow/dags/sodai/__init__.py
[2025-11-19T16:55:17.561+0000] {processor.py:842} WARNING - No viable dags retrieved from /opt/airflow/dags/sodai/__init__.py
[2025-11-19T16:55:17.573+0000] {processor.py:183} INFO - Processing /opt/airflow/dags/sodai/__init__.py took 0.030 seconds
[2025-11-19T16:55:48.466+0000] {processor.py:161} INFO - Started process (PID=774) to work on /opt/airflow/dags/sodai/__init__.py
[2025-11-19T16:55:48.467+0000] {processor.py:830} INFO - Processing file /opt/airflow/dags/sodai/__init__.py for tasks to queue
[2025-11-19T16:55:48.469+0000] {logging_mixin.py:188} INFO - [2025-11-19T16:55:48.469+0000] {dagbag.py:540} INFO - Filling up the DagBag from /opt/airflow/dags/sodai/__init__.py
[2025-11-19T16:55:48.483+0000] {processor.py:842} WARNING - No viable dags retrieved from /opt/airflow/dags/sodai/__init__.py
[2025-11-19T16:55:48.498+0000] {processor.py:183} INFO - Processing /opt/airflow/dags/sodai/__init__.py took 0.038 seconds
[2025-11-19T16:56:19.191+0000] {processor.py:161} INFO - Started process (PID=784) to work on /opt/airflow/dags/sodai/__init__.py
[2025-11-19T16:56:19.192+0000] {processor.py:830} INFO - Processing file /opt/airflow/dags/sodai/__init__.py for tasks to queue
[2025-11-19T16:56:19.193+0000] {logging_mixin.py:188} INFO - [2025-11-19T16:56:19.193+0000] {dagbag.py:540} INFO - Filling up the DagBag from /opt/airflow/dags/sodai/__init__.py
[2025-11-19T16:56:19.205+0000] {processor.py:842} WARNING - No viable dags retrieved from /opt/airflow/dags/sodai/__init__.py
[2025-11-19T16:56:19.218+0000] {processor.py:183} INFO - Processing /opt/airflow/dags/sodai/__init__.py took 0.032 seconds
[2025-11-19T16:56:49.282+0000] {processor.py:161} INFO - Started process (PID=791) to work on /opt/airflow/dags/sodai/__init__.py
[2025-11-19T16:56:49.282+0000] {processor.py:830} INFO - Processing file /opt/airflow/dags/sodai/__init__.py for tasks to queue
[2025-11-19T16:56:49.284+0000] {logging_mixin.py:188} INFO - [2025-11-19T16:56:49.284+0000] {dagbag.py:540} INFO - Filling up the DagBag from /opt/airflow/dags/sodai/__init__.py
[2025-11-19T16:56:49.297+0000] {processor.py:842} WARNING - No viable dags retrieved from /opt/airflow/dags/sodai/__init__.py
[2025-11-19T16:56:49.309+0000] {processor.py:183} INFO - Processing /opt/airflow/dags/sodai/__init__.py took 0.032 seconds
[2025-11-19T16:57:20.177+0000] {processor.py:161} INFO - Started process (PID=804) to work on /opt/airflow/dags/sodai/__init__.py
[2025-11-19T16:57:20.178+0000] {processor.py:830} INFO - Processing file /opt/airflow/dags/sodai/__init__.py for tasks to queue
[2025-11-19T16:57:20.180+0000] {logging_mixin.py:188} INFO - [2025-11-19T16:57:20.179+0000] {dagbag.py:540} INFO - Filling up the DagBag from /opt/airflow/dags/sodai/__init__.py
[2025-11-19T16:57:20.193+0000] {processor.py:842} WARNING - No viable dags retrieved from /opt/airflow/dags/sodai/__init__.py
[2025-11-19T16:57:20.205+0000] {processor.py:183} INFO - Processing /opt/airflow/dags/sodai/__init__.py took 0.033 seconds
[2025-11-19T16:57:51.107+0000] {processor.py:161} INFO - Started process (PID=814) to work on /opt/airflow/dags/sodai/__init__.py
[2025-11-19T16:57:51.108+0000] {processor.py:830} INFO - Processing file /opt/airflow/dags/sodai/__init__.py for tasks to queue
[2025-11-19T16:57:51.111+0000] {logging_mixin.py:188} INFO - [2025-11-19T16:57:51.111+0000] {dagbag.py:540} INFO - Filling up the DagBag from /opt/airflow/dags/sodai/__init__.py
[2025-11-19T16:57:51.131+0000] {processor.py:842} WARNING - No viable dags retrieved from /opt/airflow/dags/sodai/__init__.py
[2025-11-19T16:57:51.145+0000] {processor.py:183} INFO - Processing /opt/airflow/dags/sodai/__init__.py took 0.043 seconds
[2025-11-19T16:58:21.235+0000] {processor.py:161} INFO - Started process (PID=824) to work on /opt/airflow/dags/sodai/__init__.py
[2025-11-19T16:58:21.236+0000] {processor.py:830} INFO - Processing file /opt/airflow/dags/sodai/__init__.py for tasks to queue
[2025-11-19T16:58:21.237+0000] {logging_mixin.py:188} INFO - [2025-11-19T16:58:21.237+0000] {dagbag.py:540} INFO - Filling up the DagBag from /opt/airflow/dags/sodai/__init__.py
[2025-11-19T16:58:21.252+0000] {processor.py:842} WARNING - No viable dags retrieved from /opt/airflow/dags/sodai/__init__.py
[2025-11-19T16:58:21.264+0000] {processor.py:183} INFO - Processing /opt/airflow/dags/sodai/__init__.py took 0.032 seconds
[2025-11-19T16:58:51.386+0000] {processor.py:161} INFO - Started process (PID=834) to work on /opt/airflow/dags/sodai/__init__.py
[2025-11-19T16:58:51.387+0000] {processor.py:830} INFO - Processing file /opt/airflow/dags/sodai/__init__.py for tasks to queue
[2025-11-19T16:58:51.389+0000] {logging_mixin.py:188} INFO - [2025-11-19T16:58:51.389+0000] {dagbag.py:540} INFO - Filling up the DagBag from /opt/airflow/dags/sodai/__init__.py
[2025-11-19T16:58:51.402+0000] {processor.py:842} WARNING - No viable dags retrieved from /opt/airflow/dags/sodai/__init__.py
[2025-11-19T16:58:51.415+0000] {processor.py:183} INFO - Processing /opt/airflow/dags/sodai/__init__.py took 0.034 seconds
[2025-11-19T16:59:24.401+0000] {processor.py:161} INFO - Started process (PID=844) to work on /opt/airflow/dags/sodai/__init__.py
[2025-11-19T16:59:24.402+0000] {processor.py:830} INFO - Processing file /opt/airflow/dags/sodai/__init__.py for tasks to queue
[2025-11-19T16:59:24.404+0000] {logging_mixin.py:188} INFO - [2025-11-19T16:59:24.403+0000] {dagbag.py:540} INFO - Filling up the DagBag from /opt/airflow/dags/sodai/__init__.py
[2025-11-19T16:59:24.417+0000] {processor.py:842} WARNING - No viable dags retrieved from /opt/airflow/dags/sodai/__init__.py
[2025-11-19T16:59:24.432+0000] {processor.py:183} INFO - Processing /opt/airflow/dags/sodai/__init__.py took 0.036 seconds
[2025-11-19T16:59:56.420+0000] {processor.py:161} INFO - Started process (PID=854) to work on /opt/airflow/dags/sodai/__init__.py
[2025-11-19T16:59:56.421+0000] {processor.py:830} INFO - Processing file /opt/airflow/dags/sodai/__init__.py for tasks to queue
[2025-11-19T16:59:56.423+0000] {logging_mixin.py:188} INFO - [2025-11-19T16:59:56.423+0000] {dagbag.py:540} INFO - Filling up the DagBag from /opt/airflow/dags/sodai/__init__.py
[2025-11-19T16:59:56.439+0000] {processor.py:842} WARNING - No viable dags retrieved from /opt/airflow/dags/sodai/__init__.py
[2025-11-19T16:59:56.451+0000] {processor.py:183} INFO - Processing /opt/airflow/dags/sodai/__init__.py took 0.037 seconds
[2025-11-19T17:00:29.651+0000] {processor.py:161} INFO - Started process (PID=864) to work on /opt/airflow/dags/sodai/__init__.py
[2025-11-19T17:00:29.652+0000] {processor.py:830} INFO - Processing file /opt/airflow/dags/sodai/__init__.py for tasks to queue
[2025-11-19T17:00:29.653+0000] {logging_mixin.py:188} INFO - [2025-11-19T17:00:29.653+0000] {dagbag.py:540} INFO - Filling up the DagBag from /opt/airflow/dags/sodai/__init__.py
[2025-11-19T17:00:29.666+0000] {processor.py:842} WARNING - No viable dags retrieved from /opt/airflow/dags/sodai/__init__.py
[2025-11-19T17:00:29.680+0000] {processor.py:183} INFO - Processing /opt/airflow/dags/sodai/__init__.py took 0.035 seconds
[2025-11-19T17:01:02.800+0000] {processor.py:161} INFO - Started process (PID=874) to work on /opt/airflow/dags/sodai/__init__.py
[2025-11-19T17:01:02.801+0000] {processor.py:830} INFO - Processing file /opt/airflow/dags/sodai/__init__.py for tasks to queue
[2025-11-19T17:01:02.803+0000] {logging_mixin.py:188} INFO - [2025-11-19T17:01:02.803+0000] {dagbag.py:540} INFO - Filling up the DagBag from /opt/airflow/dags/sodai/__init__.py
[2025-11-19T17:01:02.815+0000] {processor.py:842} WARNING - No viable dags retrieved from /opt/airflow/dags/sodai/__init__.py
[2025-11-19T17:01:02.829+0000] {processor.py:183} INFO - Processing /opt/airflow/dags/sodai/__init__.py took 0.035 seconds
[2025-11-19T17:01:35.856+0000] {processor.py:161} INFO - Started process (PID=884) to work on /opt/airflow/dags/sodai/__init__.py
[2025-11-19T17:01:35.856+0000] {processor.py:830} INFO - Processing file /opt/airflow/dags/sodai/__init__.py for tasks to queue
[2025-11-19T17:01:35.858+0000] {logging_mixin.py:188} INFO - [2025-11-19T17:01:35.858+0000] {dagbag.py:540} INFO - Filling up the DagBag from /opt/airflow/dags/sodai/__init__.py
[2025-11-19T17:01:35.872+0000] {processor.py:842} WARNING - No viable dags retrieved from /opt/airflow/dags/sodai/__init__.py
[2025-11-19T17:01:35.886+0000] {processor.py:183} INFO - Processing /opt/airflow/dags/sodai/__init__.py took 0.035 seconds
[2025-11-19T17:02:06.086+0000] {processor.py:161} INFO - Started process (PID=894) to work on /opt/airflow/dags/sodai/__init__.py
[2025-11-19T17:02:06.087+0000] {processor.py:830} INFO - Processing file /opt/airflow/dags/sodai/__init__.py for tasks to queue
[2025-11-19T17:02:06.089+0000] {logging_mixin.py:188} INFO - [2025-11-19T17:02:06.089+0000] {dagbag.py:540} INFO - Filling up the DagBag from /opt/airflow/dags/sodai/__init__.py
[2025-11-19T17:02:06.106+0000] {processor.py:842} WARNING - No viable dags retrieved from /opt/airflow/dags/sodai/__init__.py
[2025-11-19T17:02:06.135+0000] {processor.py:183} INFO - Processing /opt/airflow/dags/sodai/__init__.py took 0.058 seconds
[2025-11-19T17:02:36.180+0000] {processor.py:161} INFO - Started process (PID=901) to work on /opt/airflow/dags/sodai/__init__.py
[2025-11-19T17:02:36.181+0000] {processor.py:830} INFO - Processing file /opt/airflow/dags/sodai/__init__.py for tasks to queue
[2025-11-19T17:02:36.183+0000] {logging_mixin.py:188} INFO - [2025-11-19T17:02:36.182+0000] {dagbag.py:540} INFO - Filling up the DagBag from /opt/airflow/dags/sodai/__init__.py
[2025-11-19T17:02:36.192+0000] {processor.py:842} WARNING - No viable dags retrieved from /opt/airflow/dags/sodai/__init__.py
[2025-11-19T17:02:36.205+0000] {processor.py:183} INFO - Processing /opt/airflow/dags/sodai/__init__.py took 0.030 seconds
[2025-11-19T17:03:06.325+0000] {processor.py:161} INFO - Started process (PID=911) to work on /opt/airflow/dags/sodai/__init__.py
[2025-11-19T17:03:06.326+0000] {processor.py:830} INFO - Processing file /opt/airflow/dags/sodai/__init__.py for tasks to queue
[2025-11-19T17:03:06.328+0000] {logging_mixin.py:188} INFO - [2025-11-19T17:03:06.328+0000] {dagbag.py:540} INFO - Filling up the DagBag from /opt/airflow/dags/sodai/__init__.py
[2025-11-19T17:03:06.337+0000] {processor.py:842} WARNING - No viable dags retrieved from /opt/airflow/dags/sodai/__init__.py
[2025-11-19T17:03:06.349+0000] {processor.py:183} INFO - Processing /opt/airflow/dags/sodai/__init__.py took 0.031 seconds
[2025-11-19T17:03:36.495+0000] {processor.py:161} INFO - Started process (PID=921) to work on /opt/airflow/dags/sodai/__init__.py
[2025-11-19T17:03:36.496+0000] {processor.py:830} INFO - Processing file /opt/airflow/dags/sodai/__init__.py for tasks to queue
[2025-11-19T17:03:36.500+0000] {logging_mixin.py:188} INFO - [2025-11-19T17:03:36.500+0000] {dagbag.py:540} INFO - Filling up the DagBag from /opt/airflow/dags/sodai/__init__.py
[2025-11-19T17:03:36.524+0000] {processor.py:842} WARNING - No viable dags retrieved from /opt/airflow/dags/sodai/__init__.py
[2025-11-19T17:03:36.546+0000] {processor.py:183} INFO - Processing /opt/airflow/dags/sodai/__init__.py took 0.061 seconds
[2025-11-19T17:04:06.600+0000] {processor.py:161} INFO - Started process (PID=931) to work on /opt/airflow/dags/sodai/__init__.py
[2025-11-19T17:04:06.601+0000] {processor.py:830} INFO - Processing file /opt/airflow/dags/sodai/__init__.py for tasks to queue
[2025-11-19T17:04:06.603+0000] {logging_mixin.py:188} INFO - [2025-11-19T17:04:06.602+0000] {dagbag.py:540} INFO - Filling up the DagBag from /opt/airflow/dags/sodai/__init__.py
[2025-11-19T17:04:06.613+0000] {processor.py:842} WARNING - No viable dags retrieved from /opt/airflow/dags/sodai/__init__.py
[2025-11-19T17:04:06.623+0000] {processor.py:183} INFO - Processing /opt/airflow/dags/sodai/__init__.py took 0.029 seconds
[2025-11-19T17:04:36.734+0000] {processor.py:161} INFO - Started process (PID=941) to work on /opt/airflow/dags/sodai/__init__.py
[2025-11-19T17:04:36.735+0000] {processor.py:830} INFO - Processing file /opt/airflow/dags/sodai/__init__.py for tasks to queue
[2025-11-19T17:04:36.736+0000] {logging_mixin.py:188} INFO - [2025-11-19T17:04:36.736+0000] {dagbag.py:540} INFO - Filling up the DagBag from /opt/airflow/dags/sodai/__init__.py
[2025-11-19T17:04:36.749+0000] {processor.py:842} WARNING - No viable dags retrieved from /opt/airflow/dags/sodai/__init__.py
[2025-11-19T17:04:36.762+0000] {processor.py:183} INFO - Processing /opt/airflow/dags/sodai/__init__.py took 0.032 seconds
[2025-11-19T17:05:06.954+0000] {processor.py:161} INFO - Started process (PID=951) to work on /opt/airflow/dags/sodai/__init__.py
[2025-11-19T17:05:06.954+0000] {processor.py:830} INFO - Processing file /opt/airflow/dags/sodai/__init__.py for tasks to queue
[2025-11-19T17:05:06.956+0000] {logging_mixin.py:188} INFO - [2025-11-19T17:05:06.956+0000] {dagbag.py:540} INFO - Filling up the DagBag from /opt/airflow/dags/sodai/__init__.py
[2025-11-19T17:05:06.965+0000] {processor.py:842} WARNING - No viable dags retrieved from /opt/airflow/dags/sodai/__init__.py
[2025-11-19T17:05:06.975+0000] {processor.py:183} INFO - Processing /opt/airflow/dags/sodai/__init__.py took 0.026 seconds
[2025-11-19T17:05:37.089+0000] {processor.py:161} INFO - Started process (PID=961) to work on /opt/airflow/dags/sodai/__init__.py
[2025-11-19T17:05:37.090+0000] {processor.py:830} INFO - Processing file /opt/airflow/dags/sodai/__init__.py for tasks to queue
[2025-11-19T17:05:37.092+0000] {logging_mixin.py:188} INFO - [2025-11-19T17:05:37.092+0000] {dagbag.py:540} INFO - Filling up the DagBag from /opt/airflow/dags/sodai/__init__.py
[2025-11-19T17:05:37.105+0000] {processor.py:842} WARNING - No viable dags retrieved from /opt/airflow/dags/sodai/__init__.py
[2025-11-19T17:05:37.124+0000] {processor.py:183} INFO - Processing /opt/airflow/dags/sodai/__init__.py took 0.040 seconds
[2025-11-19T17:06:07.194+0000] {processor.py:161} INFO - Started process (PID=971) to work on /opt/airflow/dags/sodai/__init__.py
[2025-11-19T17:06:07.195+0000] {processor.py:830} INFO - Processing file /opt/airflow/dags/sodai/__init__.py for tasks to queue
[2025-11-19T17:06:07.197+0000] {logging_mixin.py:188} INFO - [2025-11-19T17:06:07.196+0000] {dagbag.py:540} INFO - Filling up the DagBag from /opt/airflow/dags/sodai/__init__.py
[2025-11-19T17:06:07.207+0000] {processor.py:842} WARNING - No viable dags retrieved from /opt/airflow/dags/sodai/__init__.py
[2025-11-19T17:06:07.217+0000] {processor.py:183} INFO - Processing /opt/airflow/dags/sodai/__init__.py took 0.028 seconds
[2025-11-19T17:06:37.329+0000] {processor.py:161} INFO - Started process (PID=981) to work on /opt/airflow/dags/sodai/__init__.py
[2025-11-19T17:06:37.330+0000] {processor.py:830} INFO - Processing file /opt/airflow/dags/sodai/__init__.py for tasks to queue
[2025-11-19T17:06:37.332+0000] {logging_mixin.py:188} INFO - [2025-11-19T17:06:37.332+0000] {dagbag.py:540} INFO - Filling up the DagBag from /opt/airflow/dags/sodai/__init__.py
[2025-11-19T17:06:37.342+0000] {processor.py:842} WARNING - No viable dags retrieved from /opt/airflow/dags/sodai/__init__.py
[2025-11-19T17:06:37.354+0000] {processor.py:183} INFO - Processing /opt/airflow/dags/sodai/__init__.py took 0.030 seconds
[2025-11-19T17:07:07.466+0000] {processor.py:161} INFO - Started process (PID=991) to work on /opt/airflow/dags/sodai/__init__.py
[2025-11-19T17:07:07.467+0000] {processor.py:830} INFO - Processing file /opt/airflow/dags/sodai/__init__.py for tasks to queue
[2025-11-19T17:07:07.469+0000] {logging_mixin.py:188} INFO - [2025-11-19T17:07:07.468+0000] {dagbag.py:540} INFO - Filling up the DagBag from /opt/airflow/dags/sodai/__init__.py
[2025-11-19T17:07:07.481+0000] {processor.py:842} WARNING - No viable dags retrieved from /opt/airflow/dags/sodai/__init__.py
[2025-11-19T17:07:07.494+0000] {processor.py:183} INFO - Processing /opt/airflow/dags/sodai/__init__.py took 0.034 seconds
[2025-11-19T17:07:37.613+0000] {processor.py:161} INFO - Started process (PID=1001) to work on /opt/airflow/dags/sodai/__init__.py
[2025-11-19T17:07:37.614+0000] {processor.py:830} INFO - Processing file /opt/airflow/dags/sodai/__init__.py for tasks to queue
[2025-11-19T17:07:37.615+0000] {logging_mixin.py:188} INFO - [2025-11-19T17:07:37.615+0000] {dagbag.py:540} INFO - Filling up the DagBag from /opt/airflow/dags/sodai/__init__.py
[2025-11-19T17:07:37.628+0000] {processor.py:842} WARNING - No viable dags retrieved from /opt/airflow/dags/sodai/__init__.py
[2025-11-19T17:07:37.639+0000] {processor.py:183} INFO - Processing /opt/airflow/dags/sodai/__init__.py took 0.030 seconds
[2025-11-19T17:08:10.816+0000] {processor.py:161} INFO - Started process (PID=1011) to work on /opt/airflow/dags/sodai/__init__.py
[2025-11-19T17:08:10.818+0000] {processor.py:830} INFO - Processing file /opt/airflow/dags/sodai/__init__.py for tasks to queue
[2025-11-19T17:08:10.821+0000] {logging_mixin.py:188} INFO - [2025-11-19T17:08:10.820+0000] {dagbag.py:540} INFO - Filling up the DagBag from /opt/airflow/dags/sodai/__init__.py
[2025-11-19T17:08:10.837+0000] {processor.py:842} WARNING - No viable dags retrieved from /opt/airflow/dags/sodai/__init__.py
[2025-11-19T17:08:10.856+0000] {processor.py:183} INFO - Processing /opt/airflow/dags/sodai/__init__.py took 0.048 seconds
[2025-11-19T17:08:41.115+0000] {processor.py:161} INFO - Started process (PID=1021) to work on /opt/airflow/dags/sodai/__init__.py
[2025-11-19T17:08:41.117+0000] {processor.py:830} INFO - Processing file /opt/airflow/dags/sodai/__init__.py for tasks to queue
[2025-11-19T17:08:41.119+0000] {logging_mixin.py:188} INFO - [2025-11-19T17:08:41.119+0000] {dagbag.py:540} INFO - Filling up the DagBag from /opt/airflow/dags/sodai/__init__.py
[2025-11-19T17:08:41.135+0000] {processor.py:842} WARNING - No viable dags retrieved from /opt/airflow/dags/sodai/__init__.py
[2025-11-19T17:08:41.151+0000] {processor.py:183} INFO - Processing /opt/airflow/dags/sodai/__init__.py took 0.043 seconds
[2025-11-19T17:09:16.149+0000] {processor.py:161} INFO - Started process (PID=1031) to work on /opt/airflow/dags/sodai/__init__.py
[2025-11-19T17:09:16.150+0000] {processor.py:830} INFO - Processing file /opt/airflow/dags/sodai/__init__.py for tasks to queue
[2025-11-19T17:09:16.153+0000] {logging_mixin.py:188} INFO - [2025-11-19T17:09:16.152+0000] {dagbag.py:540} INFO - Filling up the DagBag from /opt/airflow/dags/sodai/__init__.py
[2025-11-19T17:09:16.166+0000] {processor.py:842} WARNING - No viable dags retrieved from /opt/airflow/dags/sodai/__init__.py
[2025-11-19T17:09:16.184+0000] {processor.py:183} INFO - Processing /opt/airflow/dags/sodai/__init__.py took 0.042 seconds
[2025-11-19T17:09:49.387+0000] {processor.py:161} INFO - Started process (PID=1044) to work on /opt/airflow/dags/sodai/__init__.py
[2025-11-19T17:09:49.388+0000] {processor.py:830} INFO - Processing file /opt/airflow/dags/sodai/__init__.py for tasks to queue
[2025-11-19T17:09:49.389+0000] {logging_mixin.py:188} INFO - [2025-11-19T17:09:49.389+0000] {dagbag.py:540} INFO - Filling up the DagBag from /opt/airflow/dags/sodai/__init__.py
[2025-11-19T17:09:49.402+0000] {processor.py:842} WARNING - No viable dags retrieved from /opt/airflow/dags/sodai/__init__.py
[2025-11-19T17:09:49.415+0000] {processor.py:183} INFO - Processing /opt/airflow/dags/sodai/__init__.py took 0.033 seconds
[2025-11-19T17:10:22.619+0000] {processor.py:161} INFO - Started process (PID=1054) to work on /opt/airflow/dags/sodai/__init__.py
[2025-11-19T17:10:22.620+0000] {processor.py:830} INFO - Processing file /opt/airflow/dags/sodai/__init__.py for tasks to queue
[2025-11-19T17:10:22.622+0000] {logging_mixin.py:188} INFO - [2025-11-19T17:10:22.622+0000] {dagbag.py:540} INFO - Filling up the DagBag from /opt/airflow/dags/sodai/__init__.py
[2025-11-19T17:10:22.637+0000] {processor.py:842} WARNING - No viable dags retrieved from /opt/airflow/dags/sodai/__init__.py
[2025-11-19T17:10:22.648+0000] {processor.py:183} INFO - Processing /opt/airflow/dags/sodai/__init__.py took 0.034 seconds
[2025-11-19T17:10:54.711+0000] {processor.py:161} INFO - Started process (PID=1064) to work on /opt/airflow/dags/sodai/__init__.py
[2025-11-19T17:10:54.712+0000] {processor.py:830} INFO - Processing file /opt/airflow/dags/sodai/__init__.py for tasks to queue
[2025-11-19T17:10:54.714+0000] {logging_mixin.py:188} INFO - [2025-11-19T17:10:54.713+0000] {dagbag.py:540} INFO - Filling up the DagBag from /opt/airflow/dags/sodai/__init__.py
[2025-11-19T17:10:54.731+0000] {processor.py:842} WARNING - No viable dags retrieved from /opt/airflow/dags/sodai/__init__.py
[2025-11-19T17:10:54.743+0000] {processor.py:183} INFO - Processing /opt/airflow/dags/sodai/__init__.py took 0.038 seconds
[2025-11-19T17:11:27.868+0000] {processor.py:161} INFO - Started process (PID=1074) to work on /opt/airflow/dags/sodai/__init__.py
[2025-11-19T17:11:27.870+0000] {processor.py:830} INFO - Processing file /opt/airflow/dags/sodai/__init__.py for tasks to queue
[2025-11-19T17:11:27.872+0000] {logging_mixin.py:188} INFO - [2025-11-19T17:11:27.872+0000] {dagbag.py:540} INFO - Filling up the DagBag from /opt/airflow/dags/sodai/__init__.py
[2025-11-19T17:11:27.888+0000] {processor.py:842} WARNING - No viable dags retrieved from /opt/airflow/dags/sodai/__init__.py
[2025-11-19T17:11:27.905+0000] {processor.py:183} INFO - Processing /opt/airflow/dags/sodai/__init__.py took 0.043 seconds
[2025-11-19T17:12:01.091+0000] {processor.py:161} INFO - Started process (PID=1084) to work on /opt/airflow/dags/sodai/__init__.py
[2025-11-19T17:12:01.093+0000] {processor.py:830} INFO - Processing file /opt/airflow/dags/sodai/__init__.py for tasks to queue
[2025-11-19T17:12:01.095+0000] {logging_mixin.py:188} INFO - [2025-11-19T17:12:01.094+0000] {dagbag.py:540} INFO - Filling up the DagBag from /opt/airflow/dags/sodai/__init__.py
[2025-11-19T17:12:01.113+0000] {processor.py:842} WARNING - No viable dags retrieved from /opt/airflow/dags/sodai/__init__.py
[2025-11-19T17:12:01.132+0000] {processor.py:183} INFO - Processing /opt/airflow/dags/sodai/__init__.py took 0.047 seconds
[2025-11-19T17:12:34.398+0000] {processor.py:161} INFO - Started process (PID=1094) to work on /opt/airflow/dags/sodai/__init__.py
[2025-11-19T17:12:34.399+0000] {processor.py:830} INFO - Processing file /opt/airflow/dags/sodai/__init__.py for tasks to queue
[2025-11-19T17:12:34.402+0000] {logging_mixin.py:188} INFO - [2025-11-19T17:12:34.402+0000] {dagbag.py:540} INFO - Filling up the DagBag from /opt/airflow/dags/sodai/__init__.py
[2025-11-19T17:12:34.421+0000] {processor.py:842} WARNING - No viable dags retrieved from /opt/airflow/dags/sodai/__init__.py
[2025-11-19T17:12:34.438+0000] {processor.py:183} INFO - Processing /opt/airflow/dags/sodai/__init__.py took 0.045 seconds
[2025-11-19T17:13:06.521+0000] {processor.py:161} INFO - Started process (PID=1104) to work on /opt/airflow/dags/sodai/__init__.py
[2025-11-19T17:13:06.522+0000] {processor.py:830} INFO - Processing file /opt/airflow/dags/sodai/__init__.py for tasks to queue
[2025-11-19T17:13:06.524+0000] {logging_mixin.py:188} INFO - [2025-11-19T17:13:06.524+0000] {dagbag.py:540} INFO - Filling up the DagBag from /opt/airflow/dags/sodai/__init__.py
[2025-11-19T17:13:06.541+0000] {processor.py:842} WARNING - No viable dags retrieved from /opt/airflow/dags/sodai/__init__.py
[2025-11-19T17:13:06.556+0000] {processor.py:183} INFO - Processing /opt/airflow/dags/sodai/__init__.py took 0.040 seconds
[2025-11-19T17:13:39.699+0000] {processor.py:161} INFO - Started process (PID=1114) to work on /opt/airflow/dags/sodai/__init__.py
[2025-11-19T17:13:39.700+0000] {processor.py:830} INFO - Processing file /opt/airflow/dags/sodai/__init__.py for tasks to queue
[2025-11-19T17:13:39.702+0000] {logging_mixin.py:188} INFO - [2025-11-19T17:13:39.702+0000] {dagbag.py:540} INFO - Filling up the DagBag from /opt/airflow/dags/sodai/__init__.py
[2025-11-19T17:13:39.719+0000] {processor.py:842} WARNING - No viable dags retrieved from /opt/airflow/dags/sodai/__init__.py
[2025-11-19T17:13:39.735+0000] {processor.py:183} INFO - Processing /opt/airflow/dags/sodai/__init__.py took 0.042 seconds
[2025-11-19T17:14:12.945+0000] {processor.py:161} INFO - Started process (PID=1124) to work on /opt/airflow/dags/sodai/__init__.py
[2025-11-19T17:14:12.947+0000] {processor.py:830} INFO - Processing file /opt/airflow/dags/sodai/__init__.py for tasks to queue
[2025-11-19T17:14:12.951+0000] {logging_mixin.py:188} INFO - [2025-11-19T17:14:12.951+0000] {dagbag.py:540} INFO - Filling up the DagBag from /opt/airflow/dags/sodai/__init__.py
[2025-11-19T17:14:12.971+0000] {processor.py:842} WARNING - No viable dags retrieved from /opt/airflow/dags/sodai/__init__.py
[2025-11-19T17:14:12.990+0000] {processor.py:183} INFO - Processing /opt/airflow/dags/sodai/__init__.py took 0.050 seconds
[2025-11-19T17:14:43.385+0000] {processor.py:161} INFO - Started process (PID=1134) to work on /opt/airflow/dags/sodai/__init__.py
[2025-11-19T17:14:43.386+0000] {processor.py:830} INFO - Processing file /opt/airflow/dags/sodai/__init__.py for tasks to queue
[2025-11-19T17:14:43.388+0000] {logging_mixin.py:188} INFO - [2025-11-19T17:14:43.388+0000] {dagbag.py:540} INFO - Filling up the DagBag from /opt/airflow/dags/sodai/__init__.py
[2025-11-19T17:14:43.403+0000] {processor.py:842} WARNING - No viable dags retrieved from /opt/airflow/dags/sodai/__init__.py
[2025-11-19T17:14:43.422+0000] {processor.py:183} INFO - Processing /opt/airflow/dags/sodai/__init__.py took 0.042 seconds
[2025-11-19T17:15:13.664+0000] {processor.py:161} INFO - Started process (PID=1144) to work on /opt/airflow/dags/sodai/__init__.py
[2025-11-19T17:15:13.668+0000] {processor.py:830} INFO - Processing file /opt/airflow/dags/sodai/__init__.py for tasks to queue
[2025-11-19T17:15:13.671+0000] {logging_mixin.py:188} INFO - [2025-11-19T17:15:13.671+0000] {dagbag.py:540} INFO - Filling up the DagBag from /opt/airflow/dags/sodai/__init__.py
[2025-11-19T17:15:13.697+0000] {processor.py:842} WARNING - No viable dags retrieved from /opt/airflow/dags/sodai/__init__.py
[2025-11-19T17:15:13.715+0000] {processor.py:183} INFO - Processing /opt/airflow/dags/sodai/__init__.py took 0.057 seconds
[2025-11-19T17:15:43.781+0000] {processor.py:161} INFO - Started process (PID=1151) to work on /opt/airflow/dags/sodai/__init__.py
[2025-11-19T17:15:43.782+0000] {processor.py:830} INFO - Processing file /opt/airflow/dags/sodai/__init__.py for tasks to queue
[2025-11-19T17:15:43.784+0000] {logging_mixin.py:188} INFO - [2025-11-19T17:15:43.784+0000] {dagbag.py:540} INFO - Filling up the DagBag from /opt/airflow/dags/sodai/__init__.py
[2025-11-19T17:15:43.798+0000] {processor.py:842} WARNING - No viable dags retrieved from /opt/airflow/dags/sodai/__init__.py
[2025-11-19T17:15:43.811+0000] {processor.py:183} INFO - Processing /opt/airflow/dags/sodai/__init__.py took 0.038 seconds
[2025-11-19T17:16:13.967+0000] {processor.py:161} INFO - Started process (PID=1161) to work on /opt/airflow/dags/sodai/__init__.py
[2025-11-19T17:16:13.968+0000] {processor.py:830} INFO - Processing file /opt/airflow/dags/sodai/__init__.py for tasks to queue
[2025-11-19T17:16:13.971+0000] {logging_mixin.py:188} INFO - [2025-11-19T17:16:13.970+0000] {dagbag.py:540} INFO - Filling up the DagBag from /opt/airflow/dags/sodai/__init__.py
[2025-11-19T17:16:13.983+0000] {processor.py:842} WARNING - No viable dags retrieved from /opt/airflow/dags/sodai/__init__.py
[2025-11-19T17:16:13.996+0000] {processor.py:183} INFO - Processing /opt/airflow/dags/sodai/__init__.py took 0.035 seconds
[2025-11-19T17:16:44.203+0000] {processor.py:161} INFO - Started process (PID=1174) to work on /opt/airflow/dags/sodai/__init__.py
[2025-11-19T17:16:44.204+0000] {processor.py:830} INFO - Processing file /opt/airflow/dags/sodai/__init__.py for tasks to queue
[2025-11-19T17:16:44.206+0000] {logging_mixin.py:188} INFO - [2025-11-19T17:16:44.206+0000] {dagbag.py:540} INFO - Filling up the DagBag from /opt/airflow/dags/sodai/__init__.py
[2025-11-19T17:16:44.228+0000] {processor.py:842} WARNING - No viable dags retrieved from /opt/airflow/dags/sodai/__init__.py
[2025-11-19T17:16:44.243+0000] {processor.py:183} INFO - Processing /opt/airflow/dags/sodai/__init__.py took 0.046 seconds
[2025-11-19T17:17:14.443+0000] {processor.py:161} INFO - Started process (PID=1184) to work on /opt/airflow/dags/sodai/__init__.py
[2025-11-19T17:17:14.443+0000] {processor.py:830} INFO - Processing file /opt/airflow/dags/sodai/__init__.py for tasks to queue
[2025-11-19T17:17:14.445+0000] {logging_mixin.py:188} INFO - [2025-11-19T17:17:14.445+0000] {dagbag.py:540} INFO - Filling up the DagBag from /opt/airflow/dags/sodai/__init__.py
[2025-11-19T17:17:14.460+0000] {processor.py:842} WARNING - No viable dags retrieved from /opt/airflow/dags/sodai/__init__.py
[2025-11-19T17:17:14.472+0000] {processor.py:183} INFO - Processing /opt/airflow/dags/sodai/__init__.py took 0.034 seconds
[2025-11-19T17:17:44.527+0000] {processor.py:161} INFO - Started process (PID=1191) to work on /opt/airflow/dags/sodai/__init__.py
[2025-11-19T17:17:44.528+0000] {processor.py:830} INFO - Processing file /opt/airflow/dags/sodai/__init__.py for tasks to queue
[2025-11-19T17:17:44.530+0000] {logging_mixin.py:188} INFO - [2025-11-19T17:17:44.529+0000] {dagbag.py:540} INFO - Filling up the DagBag from /opt/airflow/dags/sodai/__init__.py
[2025-11-19T17:17:44.542+0000] {processor.py:842} WARNING - No viable dags retrieved from /opt/airflow/dags/sodai/__init__.py
[2025-11-19T17:17:44.554+0000] {processor.py:183} INFO - Processing /opt/airflow/dags/sodai/__init__.py took 0.032 seconds
[2025-11-19T17:18:14.678+0000] {processor.py:161} INFO - Started process (PID=1201) to work on /opt/airflow/dags/sodai/__init__.py
[2025-11-19T17:18:14.679+0000] {processor.py:830} INFO - Processing file /opt/airflow/dags/sodai/__init__.py for tasks to queue
[2025-11-19T17:18:14.681+0000] {logging_mixin.py:188} INFO - [2025-11-19T17:18:14.681+0000] {dagbag.py:540} INFO - Filling up the DagBag from /opt/airflow/dags/sodai/__init__.py
[2025-11-19T17:18:14.696+0000] {processor.py:842} WARNING - No viable dags retrieved from /opt/airflow/dags/sodai/__init__.py
[2025-11-19T17:18:14.707+0000] {processor.py:183} INFO - Processing /opt/airflow/dags/sodai/__init__.py took 0.035 seconds
[2025-11-19T17:18:44.906+0000] {processor.py:161} INFO - Started process (PID=1214) to work on /opt/airflow/dags/sodai/__init__.py
[2025-11-19T17:18:44.906+0000] {processor.py:830} INFO - Processing file /opt/airflow/dags/sodai/__init__.py for tasks to queue
[2025-11-19T17:18:44.908+0000] {logging_mixin.py:188} INFO - [2025-11-19T17:18:44.908+0000] {dagbag.py:540} INFO - Filling up the DagBag from /opt/airflow/dags/sodai/__init__.py
[2025-11-19T17:18:44.924+0000] {processor.py:842} WARNING - No viable dags retrieved from /opt/airflow/dags/sodai/__init__.py
[2025-11-19T17:18:44.945+0000] {processor.py:183} INFO - Processing /opt/airflow/dags/sodai/__init__.py took 0.045 seconds
[2025-11-19T17:19:15.127+0000] {processor.py:161} INFO - Started process (PID=1224) to work on /opt/airflow/dags/sodai/__init__.py
[2025-11-19T17:19:15.128+0000] {processor.py:830} INFO - Processing file /opt/airflow/dags/sodai/__init__.py for tasks to queue
[2025-11-19T17:19:15.130+0000] {logging_mixin.py:188} INFO - [2025-11-19T17:19:15.130+0000] {dagbag.py:540} INFO - Filling up the DagBag from /opt/airflow/dags/sodai/__init__.py
[2025-11-19T17:19:15.141+0000] {processor.py:842} WARNING - No viable dags retrieved from /opt/airflow/dags/sodai/__init__.py
[2025-11-19T17:19:15.154+0000] {processor.py:183} INFO - Processing /opt/airflow/dags/sodai/__init__.py took 0.031 seconds
[2025-11-19T17:19:45.247+0000] {processor.py:161} INFO - Started process (PID=1234) to work on /opt/airflow/dags/sodai/__init__.py
[2025-11-19T17:19:45.248+0000] {processor.py:830} INFO - Processing file /opt/airflow/dags/sodai/__init__.py for tasks to queue
[2025-11-19T17:19:45.250+0000] {logging_mixin.py:188} INFO - [2025-11-19T17:19:45.250+0000] {dagbag.py:540} INFO - Filling up the DagBag from /opt/airflow/dags/sodai/__init__.py
[2025-11-19T17:19:45.263+0000] {processor.py:842} WARNING - No viable dags retrieved from /opt/airflow/dags/sodai/__init__.py
[2025-11-19T17:19:45.276+0000] {processor.py:183} INFO - Processing /opt/airflow/dags/sodai/__init__.py took 0.035 seconds
[2025-11-19T17:20:15.420+0000] {processor.py:161} INFO - Started process (PID=1244) to work on /opt/airflow/dags/sodai/__init__.py
[2025-11-19T17:20:15.421+0000] {processor.py:830} INFO - Processing file /opt/airflow/dags/sodai/__init__.py for tasks to queue
[2025-11-19T17:20:15.423+0000] {logging_mixin.py:188} INFO - [2025-11-19T17:20:15.423+0000] {dagbag.py:540} INFO - Filling up the DagBag from /opt/airflow/dags/sodai/__init__.py
[2025-11-19T17:20:15.439+0000] {processor.py:842} WARNING - No viable dags retrieved from /opt/airflow/dags/sodai/__init__.py
[2025-11-19T17:20:15.454+0000] {processor.py:183} INFO - Processing /opt/airflow/dags/sodai/__init__.py took 0.040 seconds
[2025-11-19T17:20:48.663+0000] {processor.py:161} INFO - Started process (PID=1254) to work on /opt/airflow/dags/sodai/__init__.py
[2025-11-19T17:20:48.664+0000] {processor.py:830} INFO - Processing file /opt/airflow/dags/sodai/__init__.py for tasks to queue
[2025-11-19T17:20:48.666+0000] {logging_mixin.py:188} INFO - [2025-11-19T17:20:48.665+0000] {dagbag.py:540} INFO - Filling up the DagBag from /opt/airflow/dags/sodai/__init__.py
[2025-11-19T17:20:48.678+0000] {processor.py:842} WARNING - No viable dags retrieved from /opt/airflow/dags/sodai/__init__.py
[2025-11-19T17:20:48.691+0000] {processor.py:183} INFO - Processing /opt/airflow/dags/sodai/__init__.py took 0.033 seconds
[2025-11-19T17:21:20.871+0000] {processor.py:161} INFO - Started process (PID=1264) to work on /opt/airflow/dags/sodai/__init__.py
[2025-11-19T17:21:20.872+0000] {processor.py:830} INFO - Processing file /opt/airflow/dags/sodai/__init__.py for tasks to queue
[2025-11-19T17:21:20.874+0000] {logging_mixin.py:188} INFO - [2025-11-19T17:21:20.874+0000] {dagbag.py:540} INFO - Filling up the DagBag from /opt/airflow/dags/sodai/__init__.py
[2025-11-19T17:21:20.886+0000] {processor.py:842} WARNING - No viable dags retrieved from /opt/airflow/dags/sodai/__init__.py
[2025-11-19T17:21:20.900+0000] {processor.py:183} INFO - Processing /opt/airflow/dags/sodai/__init__.py took 0.033 seconds
[2025-11-19T17:21:53.997+0000] {processor.py:161} INFO - Started process (PID=1274) to work on /opt/airflow/dags/sodai/__init__.py
[2025-11-19T17:21:53.998+0000] {processor.py:830} INFO - Processing file /opt/airflow/dags/sodai/__init__.py for tasks to queue
[2025-11-19T17:21:54.000+0000] {logging_mixin.py:188} INFO - [2025-11-19T17:21:53.999+0000] {dagbag.py:540} INFO - Filling up the DagBag from /opt/airflow/dags/sodai/__init__.py
[2025-11-19T17:21:54.011+0000] {processor.py:842} WARNING - No viable dags retrieved from /opt/airflow/dags/sodai/__init__.py
[2025-11-19T17:21:54.025+0000] {processor.py:183} INFO - Processing /opt/airflow/dags/sodai/__init__.py took 0.033 seconds
[2025-11-19T17:22:27.198+0000] {processor.py:161} INFO - Started process (PID=1284) to work on /opt/airflow/dags/sodai/__init__.py
[2025-11-19T17:22:27.199+0000] {processor.py:830} INFO - Processing file /opt/airflow/dags/sodai/__init__.py for tasks to queue
[2025-11-19T17:22:27.201+0000] {logging_mixin.py:188} INFO - [2025-11-19T17:22:27.200+0000] {dagbag.py:540} INFO - Filling up the DagBag from /opt/airflow/dags/sodai/__init__.py
[2025-11-19T17:22:27.216+0000] {processor.py:842} WARNING - No viable dags retrieved from /opt/airflow/dags/sodai/__init__.py
[2025-11-19T17:22:27.229+0000] {processor.py:183} INFO - Processing /opt/airflow/dags/sodai/__init__.py took 0.036 seconds
[2025-11-19T17:23:00.412+0000] {processor.py:161} INFO - Started process (PID=1294) to work on /opt/airflow/dags/sodai/__init__.py
[2025-11-19T17:23:00.413+0000] {processor.py:830} INFO - Processing file /opt/airflow/dags/sodai/__init__.py for tasks to queue
[2025-11-19T17:23:00.415+0000] {logging_mixin.py:188} INFO - [2025-11-19T17:23:00.414+0000] {dagbag.py:540} INFO - Filling up the DagBag from /opt/airflow/dags/sodai/__init__.py
[2025-11-19T17:23:00.427+0000] {processor.py:842} WARNING - No viable dags retrieved from /opt/airflow/dags/sodai/__init__.py
[2025-11-19T17:23:00.438+0000] {processor.py:183} INFO - Processing /opt/airflow/dags/sodai/__init__.py took 0.031 seconds
[2025-11-19T17:23:30.764+0000] {processor.py:161} INFO - Started process (PID=1304) to work on /opt/airflow/dags/sodai/__init__.py
[2025-11-19T17:23:30.765+0000] {processor.py:830} INFO - Processing file /opt/airflow/dags/sodai/__init__.py for tasks to queue
[2025-11-19T17:23:30.766+0000] {logging_mixin.py:188} INFO - [2025-11-19T17:23:30.766+0000] {dagbag.py:540} INFO - Filling up the DagBag from /opt/airflow/dags/sodai/__init__.py
[2025-11-19T17:23:30.779+0000] {processor.py:842} WARNING - No viable dags retrieved from /opt/airflow/dags/sodai/__init__.py
[2025-11-19T17:23:30.792+0000] {processor.py:183} INFO - Processing /opt/airflow/dags/sodai/__init__.py took 0.032 seconds
[2025-11-19T17:24:00.841+0000] {processor.py:161} INFO - Started process (PID=1311) to work on /opt/airflow/dags/sodai/__init__.py
[2025-11-19T17:24:00.842+0000] {processor.py:830} INFO - Processing file /opt/airflow/dags/sodai/__init__.py for tasks to queue
[2025-11-19T17:24:00.844+0000] {logging_mixin.py:188} INFO - [2025-11-19T17:24:00.843+0000] {dagbag.py:540} INFO - Filling up the DagBag from /opt/airflow/dags/sodai/__init__.py
[2025-11-19T17:24:00.855+0000] {processor.py:842} WARNING - No viable dags retrieved from /opt/airflow/dags/sodai/__init__.py
[2025-11-19T17:24:00.868+0000] {processor.py:183} INFO - Processing /opt/airflow/dags/sodai/__init__.py took 0.032 seconds
[2025-11-19T17:24:30.972+0000] {processor.py:161} INFO - Started process (PID=1321) to work on /opt/airflow/dags/sodai/__init__.py
[2025-11-19T17:24:30.973+0000] {processor.py:830} INFO - Processing file /opt/airflow/dags/sodai/__init__.py for tasks to queue
[2025-11-19T17:24:30.975+0000] {logging_mixin.py:188} INFO - [2025-11-19T17:24:30.975+0000] {dagbag.py:540} INFO - Filling up the DagBag from /opt/airflow/dags/sodai/__init__.py
[2025-11-19T17:24:30.985+0000] {processor.py:842} WARNING - No viable dags retrieved from /opt/airflow/dags/sodai/__init__.py
[2025-11-19T17:24:30.996+0000] {processor.py:183} INFO - Processing /opt/airflow/dags/sodai/__init__.py took 0.027 seconds
[2025-11-19T17:25:01.172+0000] {processor.py:161} INFO - Started process (PID=1334) to work on /opt/airflow/dags/sodai/__init__.py
[2025-11-19T17:25:01.172+0000] {processor.py:830} INFO - Processing file /opt/airflow/dags/sodai/__init__.py for tasks to queue
[2025-11-19T17:25:01.174+0000] {logging_mixin.py:188} INFO - [2025-11-19T17:25:01.174+0000] {dagbag.py:540} INFO - Filling up the DagBag from /opt/airflow/dags/sodai/__init__.py
[2025-11-19T17:25:01.186+0000] {processor.py:842} WARNING - No viable dags retrieved from /opt/airflow/dags/sodai/__init__.py
[2025-11-19T17:25:01.200+0000] {processor.py:183} INFO - Processing /opt/airflow/dags/sodai/__init__.py took 0.032 seconds
[2025-11-19T17:25:31.487+0000] {processor.py:161} INFO - Started process (PID=1344) to work on /opt/airflow/dags/sodai/__init__.py
[2025-11-19T17:25:31.488+0000] {processor.py:830} INFO - Processing file /opt/airflow/dags/sodai/__init__.py for tasks to queue
[2025-11-19T17:25:31.489+0000] {logging_mixin.py:188} INFO - [2025-11-19T17:25:31.489+0000] {dagbag.py:540} INFO - Filling up the DagBag from /opt/airflow/dags/sodai/__init__.py
[2025-11-19T17:25:31.503+0000] {processor.py:842} WARNING - No viable dags retrieved from /opt/airflow/dags/sodai/__init__.py
[2025-11-19T17:25:31.515+0000] {processor.py:183} INFO - Processing /opt/airflow/dags/sodai/__init__.py took 0.033 seconds
[2025-11-19T17:26:01.715+0000] {processor.py:161} INFO - Started process (PID=1354) to work on /opt/airflow/dags/sodai/__init__.py
[2025-11-19T17:26:01.716+0000] {processor.py:830} INFO - Processing file /opt/airflow/dags/sodai/__init__.py for tasks to queue
[2025-11-19T17:26:01.718+0000] {logging_mixin.py:188} INFO - [2025-11-19T17:26:01.718+0000] {dagbag.py:540} INFO - Filling up the DagBag from /opt/airflow/dags/sodai/__init__.py
[2025-11-19T17:26:01.731+0000] {processor.py:842} WARNING - No viable dags retrieved from /opt/airflow/dags/sodai/__init__.py
[2025-11-19T17:26:01.743+0000] {processor.py:183} INFO - Processing /opt/airflow/dags/sodai/__init__.py took 0.032 seconds
[2025-11-19T17:26:31.856+0000] {processor.py:161} INFO - Started process (PID=1364) to work on /opt/airflow/dags/sodai/__init__.py
[2025-11-19T17:26:31.857+0000] {processor.py:830} INFO - Processing file /opt/airflow/dags/sodai/__init__.py for tasks to queue
[2025-11-19T17:26:31.859+0000] {logging_mixin.py:188} INFO - [2025-11-19T17:26:31.859+0000] {dagbag.py:540} INFO - Filling up the DagBag from /opt/airflow/dags/sodai/__init__.py
[2025-11-19T17:26:31.872+0000] {processor.py:842} WARNING - No viable dags retrieved from /opt/airflow/dags/sodai/__init__.py
[2025-11-19T17:26:31.885+0000] {processor.py:183} INFO - Processing /opt/airflow/dags/sodai/__init__.py took 0.033 seconds
[2025-11-19T17:27:02.073+0000] {processor.py:161} INFO - Started process (PID=1374) to work on /opt/airflow/dags/sodai/__init__.py
[2025-11-19T17:27:02.074+0000] {processor.py:830} INFO - Processing file /opt/airflow/dags/sodai/__init__.py for tasks to queue
[2025-11-19T17:27:02.076+0000] {logging_mixin.py:188} INFO - [2025-11-19T17:27:02.076+0000] {dagbag.py:540} INFO - Filling up the DagBag from /opt/airflow/dags/sodai/__init__.py
[2025-11-19T17:27:02.089+0000] {processor.py:842} WARNING - No viable dags retrieved from /opt/airflow/dags/sodai/__init__.py
[2025-11-19T17:27:02.104+0000] {processor.py:183} INFO - Processing /opt/airflow/dags/sodai/__init__.py took 0.036 seconds
[2025-11-19T17:27:32.309+0000] {processor.py:161} INFO - Started process (PID=1384) to work on /opt/airflow/dags/sodai/__init__.py
[2025-11-19T17:27:32.310+0000] {processor.py:830} INFO - Processing file /opt/airflow/dags/sodai/__init__.py for tasks to queue
[2025-11-19T17:27:32.311+0000] {logging_mixin.py:188} INFO - [2025-11-19T17:27:32.311+0000] {dagbag.py:540} INFO - Filling up the DagBag from /opt/airflow/dags/sodai/__init__.py
[2025-11-19T17:27:32.321+0000] {processor.py:842} WARNING - No viable dags retrieved from /opt/airflow/dags/sodai/__init__.py
[2025-11-19T17:27:32.335+0000] {processor.py:183} INFO - Processing /opt/airflow/dags/sodai/__init__.py took 0.030 seconds
[2025-11-19T17:28:02.584+0000] {processor.py:161} INFO - Started process (PID=1394) to work on /opt/airflow/dags/sodai/__init__.py
[2025-11-19T17:28:02.586+0000] {processor.py:830} INFO - Processing file /opt/airflow/dags/sodai/__init__.py for tasks to queue
[2025-11-19T17:28:02.588+0000] {logging_mixin.py:188} INFO - [2025-11-19T17:28:02.587+0000] {dagbag.py:540} INFO - Filling up the DagBag from /opt/airflow/dags/sodai/__init__.py
[2025-11-19T17:28:02.603+0000] {processor.py:842} WARNING - No viable dags retrieved from /opt/airflow/dags/sodai/__init__.py
[2025-11-19T17:28:02.619+0000] {processor.py:183} INFO - Processing /opt/airflow/dags/sodai/__init__.py took 0.039 seconds
[2025-11-19T17:28:32.721+0000] {processor.py:161} INFO - Started process (PID=1404) to work on /opt/airflow/dags/sodai/__init__.py
[2025-11-19T17:28:32.722+0000] {processor.py:830} INFO - Processing file /opt/airflow/dags/sodai/__init__.py for tasks to queue
[2025-11-19T17:28:32.724+0000] {logging_mixin.py:188} INFO - [2025-11-19T17:28:32.724+0000] {dagbag.py:540} INFO - Filling up the DagBag from /opt/airflow/dags/sodai/__init__.py
[2025-11-19T17:28:32.741+0000] {processor.py:842} WARNING - No viable dags retrieved from /opt/airflow/dags/sodai/__init__.py
[2025-11-19T17:28:32.754+0000] {processor.py:183} INFO - Processing /opt/airflow/dags/sodai/__init__.py took 0.038 seconds
[2025-11-19T17:29:02.929+0000] {processor.py:161} INFO - Started process (PID=1414) to work on /opt/airflow/dags/sodai/__init__.py
[2025-11-19T17:29:02.930+0000] {processor.py:830} INFO - Processing file /opt/airflow/dags/sodai/__init__.py for tasks to queue
[2025-11-19T17:29:02.932+0000] {logging_mixin.py:188} INFO - [2025-11-19T17:29:02.932+0000] {dagbag.py:540} INFO - Filling up the DagBag from /opt/airflow/dags/sodai/__init__.py
[2025-11-19T17:29:02.945+0000] {processor.py:842} WARNING - No viable dags retrieved from /opt/airflow/dags/sodai/__init__.py
[2025-11-19T17:29:02.978+0000] {processor.py:183} INFO - Processing /opt/airflow/dags/sodai/__init__.py took 0.054 seconds
[2025-11-19T17:29:36.202+0000] {processor.py:161} INFO - Started process (PID=1424) to work on /opt/airflow/dags/sodai/__init__.py
[2025-11-19T17:29:36.203+0000] {processor.py:830} INFO - Processing file /opt/airflow/dags/sodai/__init__.py for tasks to queue
[2025-11-19T17:29:36.205+0000] {logging_mixin.py:188} INFO - [2025-11-19T17:29:36.204+0000] {dagbag.py:540} INFO - Filling up the DagBag from /opt/airflow/dags/sodai/__init__.py
[2025-11-19T17:29:36.217+0000] {processor.py:842} WARNING - No viable dags retrieved from /opt/airflow/dags/sodai/__init__.py
[2025-11-19T17:29:36.230+0000] {processor.py:183} INFO - Processing /opt/airflow/dags/sodai/__init__.py took 0.032 seconds
[2025-11-19T17:30:06.714+0000] {processor.py:161} INFO - Started process (PID=1434) to work on /opt/airflow/dags/sodai/__init__.py
[2025-11-19T17:30:06.715+0000] {processor.py:830} INFO - Processing file /opt/airflow/dags/sodai/__init__.py for tasks to queue
[2025-11-19T17:30:06.717+0000] {logging_mixin.py:188} INFO - [2025-11-19T17:30:06.716+0000] {dagbag.py:540} INFO - Filling up the DagBag from /opt/airflow/dags/sodai/__init__.py
[2025-11-19T17:30:06.730+0000] {processor.py:842} WARNING - No viable dags retrieved from /opt/airflow/dags/sodai/__init__.py
[2025-11-19T17:30:06.744+0000] {processor.py:183} INFO - Processing /opt/airflow/dags/sodai/__init__.py took 0.035 seconds
[2025-11-19T17:30:36.781+0000] {processor.py:161} INFO - Started process (PID=1441) to work on /opt/airflow/dags/sodai/__init__.py
[2025-11-19T17:30:36.782+0000] {processor.py:830} INFO - Processing file /opt/airflow/dags/sodai/__init__.py for tasks to queue
[2025-11-19T17:30:36.784+0000] {logging_mixin.py:188} INFO - [2025-11-19T17:30:36.784+0000] {dagbag.py:540} INFO - Filling up the DagBag from /opt/airflow/dags/sodai/__init__.py
[2025-11-19T17:30:36.793+0000] {processor.py:842} WARNING - No viable dags retrieved from /opt/airflow/dags/sodai/__init__.py
[2025-11-19T17:30:36.804+0000] {processor.py:183} INFO - Processing /opt/airflow/dags/sodai/__init__.py took 0.027 seconds
[2025-11-19T17:31:06.914+0000] {processor.py:161} INFO - Started process (PID=1451) to work on /opt/airflow/dags/sodai/__init__.py
[2025-11-19T17:31:06.915+0000] {processor.py:830} INFO - Processing file /opt/airflow/dags/sodai/__init__.py for tasks to queue
[2025-11-19T17:31:06.917+0000] {logging_mixin.py:188} INFO - [2025-11-19T17:31:06.916+0000] {dagbag.py:540} INFO - Filling up the DagBag from /opt/airflow/dags/sodai/__init__.py
[2025-11-19T17:31:06.926+0000] {processor.py:842} WARNING - No viable dags retrieved from /opt/airflow/dags/sodai/__init__.py
[2025-11-19T17:31:06.939+0000] {processor.py:183} INFO - Processing /opt/airflow/dags/sodai/__init__.py took 0.029 seconds
[2025-11-19T17:31:37.082+0000] {processor.py:161} INFO - Started process (PID=1461) to work on /opt/airflow/dags/sodai/__init__.py
[2025-11-19T17:31:37.083+0000] {processor.py:830} INFO - Processing file /opt/airflow/dags/sodai/__init__.py for tasks to queue
[2025-11-19T17:31:37.085+0000] {logging_mixin.py:188} INFO - [2025-11-19T17:31:37.084+0000] {dagbag.py:540} INFO - Filling up the DagBag from /opt/airflow/dags/sodai/__init__.py
[2025-11-19T17:31:37.094+0000] {processor.py:842} WARNING - No viable dags retrieved from /opt/airflow/dags/sodai/__init__.py
[2025-11-19T17:31:37.104+0000] {processor.py:183} INFO - Processing /opt/airflow/dags/sodai/__init__.py took 0.027 seconds
[2025-11-19T17:32:07.314+0000] {processor.py:161} INFO - Started process (PID=1471) to work on /opt/airflow/dags/sodai/__init__.py
[2025-11-19T17:32:07.315+0000] {processor.py:830} INFO - Processing file /opt/airflow/dags/sodai/__init__.py for tasks to queue
[2025-11-19T17:32:07.317+0000] {logging_mixin.py:188} INFO - [2025-11-19T17:32:07.317+0000] {dagbag.py:540} INFO - Filling up the DagBag from /opt/airflow/dags/sodai/__init__.py
[2025-11-19T17:32:07.330+0000] {processor.py:842} WARNING - No viable dags retrieved from /opt/airflow/dags/sodai/__init__.py
[2025-11-19T17:32:07.348+0000] {processor.py:183} INFO - Processing /opt/airflow/dags/sodai/__init__.py took 0.039 seconds
[2025-11-19T17:32:37.549+0000] {processor.py:161} INFO - Started process (PID=1481) to work on /opt/airflow/dags/sodai/__init__.py
[2025-11-19T17:32:37.550+0000] {processor.py:830} INFO - Processing file /opt/airflow/dags/sodai/__init__.py for tasks to queue
[2025-11-19T17:32:37.552+0000] {logging_mixin.py:188} INFO - [2025-11-19T17:32:37.552+0000] {dagbag.py:540} INFO - Filling up the DagBag from /opt/airflow/dags/sodai/__init__.py
[2025-11-19T17:32:37.561+0000] {processor.py:842} WARNING - No viable dags retrieved from /opt/airflow/dags/sodai/__init__.py
[2025-11-19T17:32:37.574+0000] {processor.py:183} INFO - Processing /opt/airflow/dags/sodai/__init__.py took 0.030 seconds
[2025-11-19T17:33:07.669+0000] {processor.py:161} INFO - Started process (PID=1491) to work on /opt/airflow/dags/sodai/__init__.py
[2025-11-19T17:33:07.670+0000] {processor.py:830} INFO - Processing file /opt/airflow/dags/sodai/__init__.py for tasks to queue
[2025-11-19T17:33:07.671+0000] {logging_mixin.py:188} INFO - [2025-11-19T17:33:07.671+0000] {dagbag.py:540} INFO - Filling up the DagBag from /opt/airflow/dags/sodai/__init__.py
[2025-11-19T17:33:07.681+0000] {processor.py:842} WARNING - No viable dags retrieved from /opt/airflow/dags/sodai/__init__.py
[2025-11-19T17:33:07.691+0000] {processor.py:183} INFO - Processing /opt/airflow/dags/sodai/__init__.py took 0.026 seconds
[2025-11-19T17:33:37.848+0000] {processor.py:161} INFO - Started process (PID=1501) to work on /opt/airflow/dags/sodai/__init__.py
[2025-11-19T17:33:37.849+0000] {processor.py:830} INFO - Processing file /opt/airflow/dags/sodai/__init__.py for tasks to queue
[2025-11-19T17:33:37.850+0000] {logging_mixin.py:188} INFO - [2025-11-19T17:33:37.850+0000] {dagbag.py:540} INFO - Filling up the DagBag from /opt/airflow/dags/sodai/__init__.py
[2025-11-19T17:33:37.860+0000] {processor.py:842} WARNING - No viable dags retrieved from /opt/airflow/dags/sodai/__init__.py
[2025-11-19T17:33:37.870+0000] {processor.py:183} INFO - Processing /opt/airflow/dags/sodai/__init__.py took 0.027 seconds
[2025-11-19T17:34:08.063+0000] {processor.py:161} INFO - Started process (PID=1511) to work on /opt/airflow/dags/sodai/__init__.py
[2025-11-19T17:34:08.064+0000] {processor.py:830} INFO - Processing file /opt/airflow/dags/sodai/__init__.py for tasks to queue
[2025-11-19T17:34:08.066+0000] {logging_mixin.py:188} INFO - [2025-11-19T17:34:08.066+0000] {dagbag.py:540} INFO - Filling up the DagBag from /opt/airflow/dags/sodai/__init__.py
[2025-11-19T17:34:08.074+0000] {processor.py:842} WARNING - No viable dags retrieved from /opt/airflow/dags/sodai/__init__.py
[2025-11-19T17:34:08.085+0000] {processor.py:183} INFO - Processing /opt/airflow/dags/sodai/__init__.py took 0.027 seconds
[2025-11-19T17:34:38.239+0000] {processor.py:161} INFO - Started process (PID=1521) to work on /opt/airflow/dags/sodai/__init__.py
[2025-11-19T17:34:38.240+0000] {processor.py:830} INFO - Processing file /opt/airflow/dags/sodai/__init__.py for tasks to queue
[2025-11-19T17:34:38.243+0000] {logging_mixin.py:188} INFO - [2025-11-19T17:34:38.242+0000] {dagbag.py:540} INFO - Filling up the DagBag from /opt/airflow/dags/sodai/__init__.py
[2025-11-19T17:34:38.255+0000] {processor.py:842} WARNING - No viable dags retrieved from /opt/airflow/dags/sodai/__init__.py
[2025-11-19T17:34:38.267+0000] {processor.py:183} INFO - Processing /opt/airflow/dags/sodai/__init__.py took 0.032 seconds
[2025-11-19T17:35:08.491+0000] {processor.py:161} INFO - Started process (PID=1531) to work on /opt/airflow/dags/sodai/__init__.py
[2025-11-19T17:35:08.492+0000] {processor.py:830} INFO - Processing file /opt/airflow/dags/sodai/__init__.py for tasks to queue
[2025-11-19T17:35:08.494+0000] {logging_mixin.py:188} INFO - [2025-11-19T17:35:08.494+0000] {dagbag.py:540} INFO - Filling up the DagBag from /opt/airflow/dags/sodai/__init__.py
[2025-11-19T17:35:08.508+0000] {processor.py:842} WARNING - No viable dags retrieved from /opt/airflow/dags/sodai/__init__.py
[2025-11-19T17:35:08.519+0000] {processor.py:183} INFO - Processing /opt/airflow/dags/sodai/__init__.py took 0.032 seconds
[2025-11-19T17:35:38.662+0000] {processor.py:161} INFO - Started process (PID=1539) to work on /opt/airflow/dags/sodai/__init__.py
[2025-11-19T17:35:38.663+0000] {processor.py:830} INFO - Processing file /opt/airflow/dags/sodai/__init__.py for tasks to queue
[2025-11-19T17:35:38.664+0000] {logging_mixin.py:188} INFO - [2025-11-19T17:35:38.664+0000] {dagbag.py:540} INFO - Filling up the DagBag from /opt/airflow/dags/sodai/__init__.py
[2025-11-19T17:35:38.676+0000] {processor.py:842} WARNING - No viable dags retrieved from /opt/airflow/dags/sodai/__init__.py
[2025-11-19T17:35:38.689+0000] {processor.py:183} INFO - Processing /opt/airflow/dags/sodai/__init__.py took 0.031 seconds
[2025-11-19T17:36:12.006+0000] {processor.py:161} INFO - Started process (PID=1549) to work on /opt/airflow/dags/sodai/__init__.py
[2025-11-19T17:36:12.007+0000] {processor.py:830} INFO - Processing file /opt/airflow/dags/sodai/__init__.py for tasks to queue
[2025-11-19T17:36:12.009+0000] {logging_mixin.py:188} INFO - [2025-11-19T17:36:12.009+0000] {dagbag.py:540} INFO - Filling up the DagBag from /opt/airflow/dags/sodai/__init__.py
[2025-11-19T17:36:12.022+0000] {processor.py:842} WARNING - No viable dags retrieved from /opt/airflow/dags/sodai/__init__.py
[2025-11-19T17:36:12.037+0000] {processor.py:183} INFO - Processing /opt/airflow/dags/sodai/__init__.py took 0.035 seconds
[2025-11-19T17:36:45.221+0000] {processor.py:161} INFO - Started process (PID=1559) to work on /opt/airflow/dags/sodai/__init__.py
[2025-11-19T17:36:45.222+0000] {processor.py:830} INFO - Processing file /opt/airflow/dags/sodai/__init__.py for tasks to queue
[2025-11-19T17:36:45.224+0000] {logging_mixin.py:188} INFO - [2025-11-19T17:36:45.224+0000] {dagbag.py:540} INFO - Filling up the DagBag from /opt/airflow/dags/sodai/__init__.py
[2025-11-19T17:36:45.240+0000] {processor.py:842} WARNING - No viable dags retrieved from /opt/airflow/dags/sodai/__init__.py
[2025-11-19T17:36:45.254+0000] {processor.py:183} INFO - Processing /opt/airflow/dags/sodai/__init__.py took 0.039 seconds
[2025-11-19T17:37:18.541+0000] {processor.py:161} INFO - Started process (PID=1569) to work on /opt/airflow/dags/sodai/__init__.py
[2025-11-19T17:37:18.542+0000] {processor.py:830} INFO - Processing file /opt/airflow/dags/sodai/__init__.py for tasks to queue
[2025-11-19T17:37:18.544+0000] {logging_mixin.py:188} INFO - [2025-11-19T17:37:18.544+0000] {dagbag.py:540} INFO - Filling up the DagBag from /opt/airflow/dags/sodai/__init__.py
[2025-11-19T17:37:18.557+0000] {processor.py:842} WARNING - No viable dags retrieved from /opt/airflow/dags/sodai/__init__.py
[2025-11-19T17:37:18.571+0000] {processor.py:183} INFO - Processing /opt/airflow/dags/sodai/__init__.py took 0.034 seconds
[2025-11-19T17:37:50.797+0000] {processor.py:161} INFO - Started process (PID=1579) to work on /opt/airflow/dags/sodai/__init__.py
[2025-11-19T17:37:50.798+0000] {processor.py:830} INFO - Processing file /opt/airflow/dags/sodai/__init__.py for tasks to queue
[2025-11-19T17:37:50.800+0000] {logging_mixin.py:188} INFO - [2025-11-19T17:37:50.800+0000] {dagbag.py:540} INFO - Filling up the DagBag from /opt/airflow/dags/sodai/__init__.py
[2025-11-19T17:37:50.813+0000] {processor.py:842} WARNING - No viable dags retrieved from /opt/airflow/dags/sodai/__init__.py
[2025-11-19T17:37:50.825+0000] {processor.py:183} INFO - Processing /opt/airflow/dags/sodai/__init__.py took 0.034 seconds
[2025-11-19T17:38:24.126+0000] {processor.py:161} INFO - Started process (PID=1589) to work on /opt/airflow/dags/sodai/__init__.py
[2025-11-19T17:38:24.128+0000] {processor.py:830} INFO - Processing file /opt/airflow/dags/sodai/__init__.py for tasks to queue
[2025-11-19T17:38:24.130+0000] {logging_mixin.py:188} INFO - [2025-11-19T17:38:24.129+0000] {dagbag.py:540} INFO - Filling up the DagBag from /opt/airflow/dags/sodai/__init__.py
[2025-11-19T17:38:24.150+0000] {processor.py:842} WARNING - No viable dags retrieved from /opt/airflow/dags/sodai/__init__.py
[2025-11-19T17:38:24.169+0000] {processor.py:183} INFO - Processing /opt/airflow/dags/sodai/__init__.py took 0.048 seconds
[2025-11-19T17:38:57.284+0000] {processor.py:161} INFO - Started process (PID=1599) to work on /opt/airflow/dags/sodai/__init__.py
[2025-11-19T17:38:57.284+0000] {processor.py:830} INFO - Processing file /opt/airflow/dags/sodai/__init__.py for tasks to queue
[2025-11-19T17:38:57.287+0000] {logging_mixin.py:188} INFO - [2025-11-19T17:38:57.286+0000] {dagbag.py:540} INFO - Filling up the DagBag from /opt/airflow/dags/sodai/__init__.py
[2025-11-19T17:38:57.300+0000] {processor.py:842} WARNING - No viable dags retrieved from /opt/airflow/dags/sodai/__init__.py
[2025-11-19T17:38:57.317+0000] {processor.py:183} INFO - Processing /opt/airflow/dags/sodai/__init__.py took 0.038 seconds
[2025-11-19T17:39:30.555+0000] {processor.py:161} INFO - Started process (PID=1609) to work on /opt/airflow/dags/sodai/__init__.py
[2025-11-19T17:39:30.556+0000] {processor.py:830} INFO - Processing file /opt/airflow/dags/sodai/__init__.py for tasks to queue
[2025-11-19T17:39:30.559+0000] {logging_mixin.py:188} INFO - [2025-11-19T17:39:30.557+0000] {dagbag.py:540} INFO - Filling up the DagBag from /opt/airflow/dags/sodai/__init__.py
[2025-11-19T17:39:30.573+0000] {processor.py:842} WARNING - No viable dags retrieved from /opt/airflow/dags/sodai/__init__.py
[2025-11-19T17:39:30.585+0000] {processor.py:183} INFO - Processing /opt/airflow/dags/sodai/__init__.py took 0.035 seconds
[2025-11-19T17:40:00.937+0000] {processor.py:161} INFO - Started process (PID=1619) to work on /opt/airflow/dags/sodai/__init__.py
[2025-11-19T17:40:00.938+0000] {processor.py:830} INFO - Processing file /opt/airflow/dags/sodai/__init__.py for tasks to queue
[2025-11-19T17:40:00.940+0000] {logging_mixin.py:188} INFO - [2025-11-19T17:40:00.939+0000] {dagbag.py:540} INFO - Filling up the DagBag from /opt/airflow/dags/sodai/__init__.py
[2025-11-19T17:40:00.950+0000] {processor.py:842} WARNING - No viable dags retrieved from /opt/airflow/dags/sodai/__init__.py
[2025-11-19T17:40:00.962+0000] {processor.py:183} INFO - Processing /opt/airflow/dags/sodai/__init__.py took 0.029 seconds
[2025-11-19T17:40:31.130+0000] {processor.py:161} INFO - Started process (PID=1629) to work on /opt/airflow/dags/sodai/__init__.py
[2025-11-19T17:40:31.131+0000] {processor.py:830} INFO - Processing file /opt/airflow/dags/sodai/__init__.py for tasks to queue
[2025-11-19T17:40:31.133+0000] {logging_mixin.py:188} INFO - [2025-11-19T17:40:31.133+0000] {dagbag.py:540} INFO - Filling up the DagBag from /opt/airflow/dags/sodai/__init__.py
[2025-11-19T17:40:31.145+0000] {processor.py:842} WARNING - No viable dags retrieved from /opt/airflow/dags/sodai/__init__.py
[2025-11-19T17:40:31.158+0000] {processor.py:183} INFO - Processing /opt/airflow/dags/sodai/__init__.py took 0.032 seconds
[2025-11-19T17:41:01.461+0000] {processor.py:161} INFO - Started process (PID=1639) to work on /opt/airflow/dags/sodai/__init__.py
[2025-11-19T17:41:01.462+0000] {processor.py:830} INFO - Processing file /opt/airflow/dags/sodai/__init__.py for tasks to queue
[2025-11-19T17:41:01.463+0000] {logging_mixin.py:188} INFO - [2025-11-19T17:41:01.463+0000] {dagbag.py:540} INFO - Filling up the DagBag from /opt/airflow/dags/sodai/__init__.py
[2025-11-19T17:41:01.476+0000] {processor.py:842} WARNING - No viable dags retrieved from /opt/airflow/dags/sodai/__init__.py
[2025-11-19T17:41:01.490+0000] {processor.py:183} INFO - Processing /opt/airflow/dags/sodai/__init__.py took 0.034 seconds
[2025-11-19T17:41:31.586+0000] {processor.py:161} INFO - Started process (PID=1649) to work on /opt/airflow/dags/sodai/__init__.py
[2025-11-19T17:41:31.588+0000] {processor.py:830} INFO - Processing file /opt/airflow/dags/sodai/__init__.py for tasks to queue
[2025-11-19T17:41:31.591+0000] {logging_mixin.py:188} INFO - [2025-11-19T17:41:31.591+0000] {dagbag.py:540} INFO - Filling up the DagBag from /opt/airflow/dags/sodai/__init__.py
[2025-11-19T17:41:31.603+0000] {processor.py:842} WARNING - No viable dags retrieved from /opt/airflow/dags/sodai/__init__.py
[2025-11-19T17:41:31.616+0000] {processor.py:183} INFO - Processing /opt/airflow/dags/sodai/__init__.py took 0.035 seconds
[2025-11-19T17:42:01.813+0000] {processor.py:161} INFO - Started process (PID=1659) to work on /opt/airflow/dags/sodai/__init__.py
[2025-11-19T17:42:01.814+0000] {processor.py:830} INFO - Processing file /opt/airflow/dags/sodai/__init__.py for tasks to queue
[2025-11-19T17:42:01.816+0000] {logging_mixin.py:188} INFO - [2025-11-19T17:42:01.816+0000] {dagbag.py:540} INFO - Filling up the DagBag from /opt/airflow/dags/sodai/__init__.py
[2025-11-19T17:42:01.828+0000] {processor.py:842} WARNING - No viable dags retrieved from /opt/airflow/dags/sodai/__init__.py
[2025-11-19T17:42:01.842+0000] {processor.py:183} INFO - Processing /opt/airflow/dags/sodai/__init__.py took 0.033 seconds
[2025-11-19T17:42:32.048+0000] {processor.py:161} INFO - Started process (PID=1669) to work on /opt/airflow/dags/sodai/__init__.py
[2025-11-19T17:42:32.049+0000] {processor.py:830} INFO - Processing file /opt/airflow/dags/sodai/__init__.py for tasks to queue
[2025-11-19T17:42:32.051+0000] {logging_mixin.py:188} INFO - [2025-11-19T17:42:32.051+0000] {dagbag.py:540} INFO - Filling up the DagBag from /opt/airflow/dags/sodai/__init__.py
[2025-11-19T17:42:32.064+0000] {processor.py:842} WARNING - No viable dags retrieved from /opt/airflow/dags/sodai/__init__.py
[2025-11-19T17:42:32.078+0000] {processor.py:183} INFO - Processing /opt/airflow/dags/sodai/__init__.py took 0.035 seconds
[2025-11-19T17:43:02.256+0000] {processor.py:161} INFO - Started process (PID=1679) to work on /opt/airflow/dags/sodai/__init__.py
[2025-11-19T17:43:02.257+0000] {processor.py:830} INFO - Processing file /opt/airflow/dags/sodai/__init__.py for tasks to queue
[2025-11-19T17:43:02.258+0000] {logging_mixin.py:188} INFO - [2025-11-19T17:43:02.258+0000] {dagbag.py:540} INFO - Filling up the DagBag from /opt/airflow/dags/sodai/__init__.py
[2025-11-19T17:43:02.270+0000] {processor.py:842} WARNING - No viable dags retrieved from /opt/airflow/dags/sodai/__init__.py
[2025-11-19T17:43:02.282+0000] {processor.py:183} INFO - Processing /opt/airflow/dags/sodai/__init__.py took 0.030 seconds
[2025-11-19T17:43:32.439+0000] {processor.py:161} INFO - Started process (PID=1689) to work on /opt/airflow/dags/sodai/__init__.py
[2025-11-19T17:43:32.440+0000] {processor.py:830} INFO - Processing file /opt/airflow/dags/sodai/__init__.py for tasks to queue
[2025-11-19T17:43:32.441+0000] {logging_mixin.py:188} INFO - [2025-11-19T17:43:32.441+0000] {dagbag.py:540} INFO - Filling up the DagBag from /opt/airflow/dags/sodai/__init__.py
[2025-11-19T17:43:32.453+0000] {processor.py:842} WARNING - No viable dags retrieved from /opt/airflow/dags/sodai/__init__.py
[2025-11-19T17:43:32.468+0000] {processor.py:183} INFO - Processing /opt/airflow/dags/sodai/__init__.py took 0.033 seconds
[2025-11-19T17:44:02.703+0000] {processor.py:161} INFO - Started process (PID=1699) to work on /opt/airflow/dags/sodai/__init__.py
[2025-11-19T17:44:02.704+0000] {processor.py:830} INFO - Processing file /opt/airflow/dags/sodai/__init__.py for tasks to queue
[2025-11-19T17:44:02.705+0000] {logging_mixin.py:188} INFO - [2025-11-19T17:44:02.705+0000] {dagbag.py:540} INFO - Filling up the DagBag from /opt/airflow/dags/sodai/__init__.py
[2025-11-19T17:44:02.719+0000] {processor.py:842} WARNING - No viable dags retrieved from /opt/airflow/dags/sodai/__init__.py
[2025-11-19T17:44:02.732+0000] {processor.py:183} INFO - Processing /opt/airflow/dags/sodai/__init__.py took 0.034 seconds
[2025-11-19T17:44:32.957+0000] {processor.py:161} INFO - Started process (PID=1709) to work on /opt/airflow/dags/sodai/__init__.py
[2025-11-19T17:44:32.958+0000] {processor.py:830} INFO - Processing file /opt/airflow/dags/sodai/__init__.py for tasks to queue
[2025-11-19T17:44:32.959+0000] {logging_mixin.py:188} INFO - [2025-11-19T17:44:32.959+0000] {dagbag.py:540} INFO - Filling up the DagBag from /opt/airflow/dags/sodai/__init__.py
[2025-11-19T17:44:32.970+0000] {processor.py:842} WARNING - No viable dags retrieved from /opt/airflow/dags/sodai/__init__.py
[2025-11-19T17:44:32.982+0000] {processor.py:183} INFO - Processing /opt/airflow/dags/sodai/__init__.py took 0.029 seconds
[2025-11-19T17:45:03.301+0000] {processor.py:161} INFO - Started process (PID=1719) to work on /opt/airflow/dags/sodai/__init__.py
[2025-11-19T17:45:03.302+0000] {processor.py:830} INFO - Processing file /opt/airflow/dags/sodai/__init__.py for tasks to queue
[2025-11-19T17:45:03.304+0000] {logging_mixin.py:188} INFO - [2025-11-19T17:45:03.303+0000] {dagbag.py:540} INFO - Filling up the DagBag from /opt/airflow/dags/sodai/__init__.py
[2025-11-19T17:45:03.315+0000] {processor.py:842} WARNING - No viable dags retrieved from /opt/airflow/dags/sodai/__init__.py
[2025-11-19T17:45:03.329+0000] {processor.py:183} INFO - Processing /opt/airflow/dags/sodai/__init__.py took 0.032 seconds
[2025-11-19T17:45:33.590+0000] {processor.py:161} INFO - Started process (PID=1729) to work on /opt/airflow/dags/sodai/__init__.py
[2025-11-19T17:45:33.591+0000] {processor.py:830} INFO - Processing file /opt/airflow/dags/sodai/__init__.py for tasks to queue
[2025-11-19T17:45:33.593+0000] {logging_mixin.py:188} INFO - [2025-11-19T17:45:33.593+0000] {dagbag.py:540} INFO - Filling up the DagBag from /opt/airflow/dags/sodai/__init__.py
[2025-11-19T17:45:33.605+0000] {processor.py:842} WARNING - No viable dags retrieved from /opt/airflow/dags/sodai/__init__.py
[2025-11-19T17:45:33.616+0000] {processor.py:183} INFO - Processing /opt/airflow/dags/sodai/__init__.py took 0.030 seconds
[2025-11-19T17:46:06.825+0000] {processor.py:161} INFO - Started process (PID=1739) to work on /opt/airflow/dags/sodai/__init__.py
[2025-11-19T17:46:06.827+0000] {processor.py:830} INFO - Processing file /opt/airflow/dags/sodai/__init__.py for tasks to queue
[2025-11-19T17:46:06.831+0000] {logging_mixin.py:188} INFO - [2025-11-19T17:46:06.830+0000] {dagbag.py:540} INFO - Filling up the DagBag from /opt/airflow/dags/sodai/__init__.py
[2025-11-19T17:46:06.849+0000] {processor.py:842} WARNING - No viable dags retrieved from /opt/airflow/dags/sodai/__init__.py
[2025-11-19T17:46:06.868+0000] {processor.py:183} INFO - Processing /opt/airflow/dags/sodai/__init__.py took 0.050 seconds
[2025-11-19T17:46:37.252+0000] {processor.py:161} INFO - Started process (PID=1749) to work on /opt/airflow/dags/sodai/__init__.py
[2025-11-19T17:46:37.253+0000] {processor.py:830} INFO - Processing file /opt/airflow/dags/sodai/__init__.py for tasks to queue
[2025-11-19T17:46:37.255+0000] {logging_mixin.py:188} INFO - [2025-11-19T17:46:37.254+0000] {dagbag.py:540} INFO - Filling up the DagBag from /opt/airflow/dags/sodai/__init__.py
[2025-11-19T17:46:37.275+0000] {processor.py:842} WARNING - No viable dags retrieved from /opt/airflow/dags/sodai/__init__.py
[2025-11-19T17:46:37.293+0000] {processor.py:183} INFO - Processing /opt/airflow/dags/sodai/__init__.py took 0.046 seconds
[2025-11-19T17:47:07.344+0000] {processor.py:161} INFO - Started process (PID=1756) to work on /opt/airflow/dags/sodai/__init__.py
[2025-11-19T17:47:07.344+0000] {processor.py:830} INFO - Processing file /opt/airflow/dags/sodai/__init__.py for tasks to queue
[2025-11-19T17:47:07.346+0000] {logging_mixin.py:188} INFO - [2025-11-19T17:47:07.346+0000] {dagbag.py:540} INFO - Filling up the DagBag from /opt/airflow/dags/sodai/__init__.py
[2025-11-19T17:47:07.357+0000] {processor.py:842} WARNING - No viable dags retrieved from /opt/airflow/dags/sodai/__init__.py
[2025-11-19T17:47:07.368+0000] {processor.py:183} INFO - Processing /opt/airflow/dags/sodai/__init__.py took 0.030 seconds
[2025-11-19T17:47:37.546+0000] {processor.py:161} INFO - Started process (PID=1766) to work on /opt/airflow/dags/sodai/__init__.py
[2025-11-19T17:47:37.548+0000] {processor.py:830} INFO - Processing file /opt/airflow/dags/sodai/__init__.py for tasks to queue
[2025-11-19T17:47:37.549+0000] {logging_mixin.py:188} INFO - [2025-11-19T17:47:37.549+0000] {dagbag.py:540} INFO - Filling up the DagBag from /opt/airflow/dags/sodai/__init__.py
[2025-11-19T17:47:37.561+0000] {processor.py:842} WARNING - No viable dags retrieved from /opt/airflow/dags/sodai/__init__.py
[2025-11-19T17:47:37.573+0000] {processor.py:183} INFO - Processing /opt/airflow/dags/sodai/__init__.py took 0.031 seconds
[2025-11-19T17:48:07.860+0000] {processor.py:161} INFO - Started process (PID=1776) to work on /opt/airflow/dags/sodai/__init__.py
[2025-11-19T17:48:07.861+0000] {processor.py:830} INFO - Processing file /opt/airflow/dags/sodai/__init__.py for tasks to queue
[2025-11-19T17:48:07.862+0000] {logging_mixin.py:188} INFO - [2025-11-19T17:48:07.862+0000] {dagbag.py:540} INFO - Filling up the DagBag from /opt/airflow/dags/sodai/__init__.py
[2025-11-19T17:48:07.872+0000] {processor.py:842} WARNING - No viable dags retrieved from /opt/airflow/dags/sodai/__init__.py
[2025-11-19T17:48:07.882+0000] {processor.py:183} INFO - Processing /opt/airflow/dags/sodai/__init__.py took 0.027 seconds
[2025-11-19T17:48:37.991+0000] {processor.py:161} INFO - Started process (PID=1786) to work on /opt/airflow/dags/sodai/__init__.py
[2025-11-19T17:48:37.992+0000] {processor.py:830} INFO - Processing file /opt/airflow/dags/sodai/__init__.py for tasks to queue
[2025-11-19T17:48:37.994+0000] {logging_mixin.py:188} INFO - [2025-11-19T17:48:37.993+0000] {dagbag.py:540} INFO - Filling up the DagBag from /opt/airflow/dags/sodai/__init__.py
[2025-11-19T17:48:38.004+0000] {processor.py:842} WARNING - No viable dags retrieved from /opt/airflow/dags/sodai/__init__.py
[2025-11-19T17:48:38.016+0000] {processor.py:183} INFO - Processing /opt/airflow/dags/sodai/__init__.py took 0.029 seconds
[2025-11-19T17:49:08.245+0000] {processor.py:161} INFO - Started process (PID=1796) to work on /opt/airflow/dags/sodai/__init__.py
[2025-11-19T17:49:08.246+0000] {processor.py:830} INFO - Processing file /opt/airflow/dags/sodai/__init__.py for tasks to queue
[2025-11-19T17:49:08.249+0000] {logging_mixin.py:188} INFO - [2025-11-19T17:49:08.248+0000] {dagbag.py:540} INFO - Filling up the DagBag from /opt/airflow/dags/sodai/__init__.py
[2025-11-19T17:49:08.262+0000] {processor.py:842} WARNING - No viable dags retrieved from /opt/airflow/dags/sodai/__init__.py
[2025-11-19T17:49:08.274+0000] {processor.py:183} INFO - Processing /opt/airflow/dags/sodai/__init__.py took 0.036 seconds
[2025-11-19T17:49:38.507+0000] {processor.py:161} INFO - Started process (PID=1806) to work on /opt/airflow/dags/sodai/__init__.py
[2025-11-19T17:49:38.508+0000] {processor.py:830} INFO - Processing file /opt/airflow/dags/sodai/__init__.py for tasks to queue
[2025-11-19T17:49:38.509+0000] {logging_mixin.py:188} INFO - [2025-11-19T17:49:38.509+0000] {dagbag.py:540} INFO - Filling up the DagBag from /opt/airflow/dags/sodai/__init__.py
[2025-11-19T17:49:38.520+0000] {processor.py:842} WARNING - No viable dags retrieved from /opt/airflow/dags/sodai/__init__.py
[2025-11-19T17:49:38.530+0000] {processor.py:183} INFO - Processing /opt/airflow/dags/sodai/__init__.py took 0.027 seconds
[2025-11-19T17:50:08.971+0000] {processor.py:161} INFO - Started process (PID=1816) to work on /opt/airflow/dags/sodai/__init__.py
[2025-11-19T17:50:08.972+0000] {processor.py:830} INFO - Processing file /opt/airflow/dags/sodai/__init__.py for tasks to queue
[2025-11-19T17:50:08.974+0000] {logging_mixin.py:188} INFO - [2025-11-19T17:50:08.973+0000] {dagbag.py:540} INFO - Filling up the DagBag from /opt/airflow/dags/sodai/__init__.py
[2025-11-19T17:50:08.986+0000] {processor.py:842} WARNING - No viable dags retrieved from /opt/airflow/dags/sodai/__init__.py
[2025-11-19T17:50:09.003+0000] {processor.py:183} INFO - Processing /opt/airflow/dags/sodai/__init__.py took 0.040 seconds
[2025-11-19T17:50:39.106+0000] {processor.py:161} INFO - Started process (PID=1826) to work on /opt/airflow/dags/sodai/__init__.py
[2025-11-19T17:50:39.108+0000] {processor.py:830} INFO - Processing file /opt/airflow/dags/sodai/__init__.py for tasks to queue
[2025-11-19T17:50:39.110+0000] {logging_mixin.py:188} INFO - [2025-11-19T17:50:39.110+0000] {dagbag.py:540} INFO - Filling up the DagBag from /opt/airflow/dags/sodai/__init__.py
[2025-11-19T17:50:39.129+0000] {processor.py:842} WARNING - No viable dags retrieved from /opt/airflow/dags/sodai/__init__.py
[2025-11-19T17:50:39.144+0000] {processor.py:183} INFO - Processing /opt/airflow/dags/sodai/__init__.py took 0.044 seconds
[2025-11-19T17:51:09.362+0000] {processor.py:161} INFO - Started process (PID=1836) to work on /opt/airflow/dags/sodai/__init__.py
[2025-11-19T17:51:09.363+0000] {processor.py:830} INFO - Processing file /opt/airflow/dags/sodai/__init__.py for tasks to queue
[2025-11-19T17:51:09.365+0000] {logging_mixin.py:188} INFO - [2025-11-19T17:51:09.365+0000] {dagbag.py:540} INFO - Filling up the DagBag from /opt/airflow/dags/sodai/__init__.py
[2025-11-19T17:51:09.380+0000] {processor.py:842} WARNING - No viable dags retrieved from /opt/airflow/dags/sodai/__init__.py
[2025-11-19T17:51:09.395+0000] {processor.py:183} INFO - Processing /opt/airflow/dags/sodai/__init__.py took 0.038 seconds
[2025-11-19T17:51:39.614+0000] {processor.py:161} INFO - Started process (PID=1846) to work on /opt/airflow/dags/sodai/__init__.py
[2025-11-19T17:51:39.615+0000] {processor.py:830} INFO - Processing file /opt/airflow/dags/sodai/__init__.py for tasks to queue
[2025-11-19T17:51:39.617+0000] {logging_mixin.py:188} INFO - [2025-11-19T17:51:39.617+0000] {dagbag.py:540} INFO - Filling up the DagBag from /opt/airflow/dags/sodai/__init__.py
[2025-11-19T17:51:39.632+0000] {processor.py:842} WARNING - No viable dags retrieved from /opt/airflow/dags/sodai/__init__.py
[2025-11-19T17:51:39.645+0000] {processor.py:183} INFO - Processing /opt/airflow/dags/sodai/__init__.py took 0.035 seconds
[2025-11-19T17:52:09.791+0000] {processor.py:161} INFO - Started process (PID=1856) to work on /opt/airflow/dags/sodai/__init__.py
[2025-11-19T17:52:09.792+0000] {processor.py:830} INFO - Processing file /opt/airflow/dags/sodai/__init__.py for tasks to queue
[2025-11-19T17:52:09.793+0000] {logging_mixin.py:188} INFO - [2025-11-19T17:52:09.793+0000] {dagbag.py:540} INFO - Filling up the DagBag from /opt/airflow/dags/sodai/__init__.py
[2025-11-19T17:52:09.802+0000] {processor.py:842} WARNING - No viable dags retrieved from /opt/airflow/dags/sodai/__init__.py
[2025-11-19T17:52:09.812+0000] {processor.py:183} INFO - Processing /opt/airflow/dags/sodai/__init__.py took 0.026 seconds
[2025-11-19T17:52:43.023+0000] {processor.py:161} INFO - Started process (PID=1866) to work on /opt/airflow/dags/sodai/__init__.py
[2025-11-19T17:52:43.025+0000] {processor.py:830} INFO - Processing file /opt/airflow/dags/sodai/__init__.py for tasks to queue
[2025-11-19T17:52:43.026+0000] {logging_mixin.py:188} INFO - [2025-11-19T17:52:43.026+0000] {dagbag.py:540} INFO - Filling up the DagBag from /opt/airflow/dags/sodai/__init__.py
[2025-11-19T17:52:43.037+0000] {processor.py:842} WARNING - No viable dags retrieved from /opt/airflow/dags/sodai/__init__.py
[2025-11-19T17:52:43.050+0000] {processor.py:183} INFO - Processing /opt/airflow/dags/sodai/__init__.py took 0.031 seconds
[2025-11-19T17:53:13.559+0000] {processor.py:161} INFO - Started process (PID=1876) to work on /opt/airflow/dags/sodai/__init__.py
[2025-11-19T17:53:13.560+0000] {processor.py:830} INFO - Processing file /opt/airflow/dags/sodai/__init__.py for tasks to queue
[2025-11-19T17:53:13.564+0000] {logging_mixin.py:188} INFO - [2025-11-19T17:53:13.563+0000] {dagbag.py:540} INFO - Filling up the DagBag from /opt/airflow/dags/sodai/__init__.py
[2025-11-19T17:53:13.579+0000] {processor.py:842} WARNING - No viable dags retrieved from /opt/airflow/dags/sodai/__init__.py
[2025-11-19T17:53:13.593+0000] {processor.py:183} INFO - Processing /opt/airflow/dags/sodai/__init__.py took 0.039 seconds
[2025-11-19T17:53:43.678+0000] {processor.py:161} INFO - Started process (PID=1886) to work on /opt/airflow/dags/sodai/__init__.py
[2025-11-19T17:53:43.679+0000] {processor.py:830} INFO - Processing file /opt/airflow/dags/sodai/__init__.py for tasks to queue
[2025-11-19T17:53:43.682+0000] {logging_mixin.py:188} INFO - [2025-11-19T17:53:43.682+0000] {dagbag.py:540} INFO - Filling up the DagBag from /opt/airflow/dags/sodai/__init__.py
[2025-11-19T17:53:43.696+0000] {processor.py:842} WARNING - No viable dags retrieved from /opt/airflow/dags/sodai/__init__.py
[2025-11-19T17:53:43.713+0000] {processor.py:183} INFO - Processing /opt/airflow/dags/sodai/__init__.py took 0.041 seconds
[2025-11-19T17:54:13.940+0000] {processor.py:161} INFO - Started process (PID=1896) to work on /opt/airflow/dags/sodai/__init__.py
[2025-11-19T17:54:13.941+0000] {processor.py:830} INFO - Processing file /opt/airflow/dags/sodai/__init__.py for tasks to queue
[2025-11-19T17:54:13.943+0000] {logging_mixin.py:188} INFO - [2025-11-19T17:54:13.943+0000] {dagbag.py:540} INFO - Filling up the DagBag from /opt/airflow/dags/sodai/__init__.py
[2025-11-19T17:54:13.954+0000] {processor.py:842} WARNING - No viable dags retrieved from /opt/airflow/dags/sodai/__init__.py
[2025-11-19T17:54:13.965+0000] {processor.py:183} INFO - Processing /opt/airflow/dags/sodai/__init__.py took 0.029 seconds
[2025-11-19T17:54:44.332+0000] {processor.py:161} INFO - Started process (PID=1906) to work on /opt/airflow/dags/sodai/__init__.py
[2025-11-19T17:54:44.334+0000] {processor.py:830} INFO - Processing file /opt/airflow/dags/sodai/__init__.py for tasks to queue
[2025-11-19T17:54:44.337+0000] {logging_mixin.py:188} INFO - [2025-11-19T17:54:44.337+0000] {dagbag.py:540} INFO - Filling up the DagBag from /opt/airflow/dags/sodai/__init__.py
[2025-11-19T17:54:44.353+0000] {processor.py:842} WARNING - No viable dags retrieved from /opt/airflow/dags/sodai/__init__.py
[2025-11-19T17:54:44.368+0000] {processor.py:183} INFO - Processing /opt/airflow/dags/sodai/__init__.py took 0.045 seconds
[2025-11-19T17:55:14.623+0000] {processor.py:161} INFO - Started process (PID=1916) to work on /opt/airflow/dags/sodai/__init__.py
[2025-11-19T17:55:14.624+0000] {processor.py:830} INFO - Processing file /opt/airflow/dags/sodai/__init__.py for tasks to queue
[2025-11-19T17:55:14.626+0000] {logging_mixin.py:188} INFO - [2025-11-19T17:55:14.625+0000] {dagbag.py:540} INFO - Filling up the DagBag from /opt/airflow/dags/sodai/__init__.py
[2025-11-19T17:55:14.639+0000] {processor.py:842} WARNING - No viable dags retrieved from /opt/airflow/dags/sodai/__init__.py
[2025-11-19T17:55:14.650+0000] {processor.py:183} INFO - Processing /opt/airflow/dags/sodai/__init__.py took 0.032 seconds
[2025-11-19T17:55:44.841+0000] {processor.py:161} INFO - Started process (PID=1926) to work on /opt/airflow/dags/sodai/__init__.py
[2025-11-19T17:55:44.842+0000] {processor.py:830} INFO - Processing file /opt/airflow/dags/sodai/__init__.py for tasks to queue
[2025-11-19T17:55:44.845+0000] {logging_mixin.py:188} INFO - [2025-11-19T17:55:44.845+0000] {dagbag.py:540} INFO - Filling up the DagBag from /opt/airflow/dags/sodai/__init__.py
[2025-11-19T17:55:44.857+0000] {processor.py:842} WARNING - No viable dags retrieved from /opt/airflow/dags/sodai/__init__.py
[2025-11-19T17:55:44.868+0000] {processor.py:183} INFO - Processing /opt/airflow/dags/sodai/__init__.py took 0.031 seconds
[2025-11-19T17:56:15.109+0000] {processor.py:161} INFO - Started process (PID=1936) to work on /opt/airflow/dags/sodai/__init__.py
[2025-11-19T17:56:15.110+0000] {processor.py:830} INFO - Processing file /opt/airflow/dags/sodai/__init__.py for tasks to queue
[2025-11-19T17:56:15.112+0000] {logging_mixin.py:188} INFO - [2025-11-19T17:56:15.112+0000] {dagbag.py:540} INFO - Filling up the DagBag from /opt/airflow/dags/sodai/__init__.py
[2025-11-19T17:56:15.122+0000] {processor.py:842} WARNING - No viable dags retrieved from /opt/airflow/dags/sodai/__init__.py
[2025-11-19T17:56:15.133+0000] {processor.py:183} INFO - Processing /opt/airflow/dags/sodai/__init__.py took 0.030 seconds
[2025-11-19T17:56:45.256+0000] {processor.py:161} INFO - Started process (PID=1946) to work on /opt/airflow/dags/sodai/__init__.py
[2025-11-19T17:56:45.257+0000] {processor.py:830} INFO - Processing file /opt/airflow/dags/sodai/__init__.py for tasks to queue
[2025-11-19T17:56:45.259+0000] {logging_mixin.py:188} INFO - [2025-11-19T17:56:45.259+0000] {dagbag.py:540} INFO - Filling up the DagBag from /opt/airflow/dags/sodai/__init__.py
[2025-11-19T17:56:45.269+0000] {processor.py:842} WARNING - No viable dags retrieved from /opt/airflow/dags/sodai/__init__.py
[2025-11-19T17:56:45.279+0000] {processor.py:183} INFO - Processing /opt/airflow/dags/sodai/__init__.py took 0.028 seconds
[2025-11-19T17:57:15.496+0000] {processor.py:161} INFO - Started process (PID=1956) to work on /opt/airflow/dags/sodai/__init__.py
[2025-11-19T17:57:15.497+0000] {processor.py:830} INFO - Processing file /opt/airflow/dags/sodai/__init__.py for tasks to queue
[2025-11-19T17:57:15.498+0000] {logging_mixin.py:188} INFO - [2025-11-19T17:57:15.498+0000] {dagbag.py:540} INFO - Filling up the DagBag from /opt/airflow/dags/sodai/__init__.py
[2025-11-19T17:57:15.509+0000] {processor.py:842} WARNING - No viable dags retrieved from /opt/airflow/dags/sodai/__init__.py
[2025-11-19T17:57:15.520+0000] {processor.py:183} INFO - Processing /opt/airflow/dags/sodai/__init__.py took 0.028 seconds
[2025-11-19T17:57:45.725+0000] {processor.py:161} INFO - Started process (PID=1966) to work on /opt/airflow/dags/sodai/__init__.py
[2025-11-19T17:57:45.726+0000] {processor.py:830} INFO - Processing file /opt/airflow/dags/sodai/__init__.py for tasks to queue
[2025-11-19T17:57:45.728+0000] {logging_mixin.py:188} INFO - [2025-11-19T17:57:45.728+0000] {dagbag.py:540} INFO - Filling up the DagBag from /opt/airflow/dags/sodai/__init__.py
[2025-11-19T17:57:45.736+0000] {processor.py:842} WARNING - No viable dags retrieved from /opt/airflow/dags/sodai/__init__.py
[2025-11-19T17:57:45.746+0000] {processor.py:183} INFO - Processing /opt/airflow/dags/sodai/__init__.py took 0.027 seconds
[2025-11-19T17:58:16.060+0000] {processor.py:161} INFO - Started process (PID=1976) to work on /opt/airflow/dags/sodai/__init__.py
[2025-11-19T17:58:16.061+0000] {processor.py:830} INFO - Processing file /opt/airflow/dags/sodai/__init__.py for tasks to queue
[2025-11-19T17:58:16.062+0000] {logging_mixin.py:188} INFO - [2025-11-19T17:58:16.062+0000] {dagbag.py:540} INFO - Filling up the DagBag from /opt/airflow/dags/sodai/__init__.py
[2025-11-19T17:58:16.074+0000] {processor.py:842} WARNING - No viable dags retrieved from /opt/airflow/dags/sodai/__init__.py
[2025-11-19T17:58:16.084+0000] {processor.py:183} INFO - Processing /opt/airflow/dags/sodai/__init__.py took 0.028 seconds
[2025-11-19T17:58:46.177+0000] {processor.py:161} INFO - Started process (PID=1986) to work on /opt/airflow/dags/sodai/__init__.py
[2025-11-19T17:58:46.178+0000] {processor.py:830} INFO - Processing file /opt/airflow/dags/sodai/__init__.py for tasks to queue
[2025-11-19T17:58:46.179+0000] {logging_mixin.py:188} INFO - [2025-11-19T17:58:46.179+0000] {dagbag.py:540} INFO - Filling up the DagBag from /opt/airflow/dags/sodai/__init__.py
[2025-11-19T17:58:46.190+0000] {processor.py:842} WARNING - No viable dags retrieved from /opt/airflow/dags/sodai/__init__.py
[2025-11-19T17:58:46.204+0000] {processor.py:183} INFO - Processing /opt/airflow/dags/sodai/__init__.py took 0.031 seconds
[2025-11-19T17:59:19.382+0000] {processor.py:161} INFO - Started process (PID=1996) to work on /opt/airflow/dags/sodai/__init__.py
[2025-11-19T17:59:19.383+0000] {processor.py:830} INFO - Processing file /opt/airflow/dags/sodai/__init__.py for tasks to queue
[2025-11-19T17:59:19.385+0000] {logging_mixin.py:188} INFO - [2025-11-19T17:59:19.384+0000] {dagbag.py:540} INFO - Filling up the DagBag from /opt/airflow/dags/sodai/__init__.py
[2025-11-19T17:59:19.395+0000] {processor.py:842} WARNING - No viable dags retrieved from /opt/airflow/dags/sodai/__init__.py
[2025-11-19T17:59:19.407+0000] {processor.py:183} INFO - Processing /opt/airflow/dags/sodai/__init__.py took 0.030 seconds
[2025-11-19T17:59:52.659+0000] {processor.py:161} INFO - Started process (PID=2006) to work on /opt/airflow/dags/sodai/__init__.py
[2025-11-19T17:59:52.660+0000] {processor.py:830} INFO - Processing file /opt/airflow/dags/sodai/__init__.py for tasks to queue
[2025-11-19T17:59:52.662+0000] {logging_mixin.py:188} INFO - [2025-11-19T17:59:52.662+0000] {dagbag.py:540} INFO - Filling up the DagBag from /opt/airflow/dags/sodai/__init__.py
[2025-11-19T17:59:52.672+0000] {processor.py:842} WARNING - No viable dags retrieved from /opt/airflow/dags/sodai/__init__.py
[2025-11-19T17:59:52.684+0000] {processor.py:183} INFO - Processing /opt/airflow/dags/sodai/__init__.py took 0.029 seconds
[2025-11-19T18:00:23.238+0000] {processor.py:161} INFO - Started process (PID=2016) to work on /opt/airflow/dags/sodai/__init__.py
[2025-11-19T18:00:23.239+0000] {processor.py:830} INFO - Processing file /opt/airflow/dags/sodai/__init__.py for tasks to queue
[2025-11-19T18:00:23.240+0000] {logging_mixin.py:188} INFO - [2025-11-19T18:00:23.240+0000] {dagbag.py:540} INFO - Filling up the DagBag from /opt/airflow/dags/sodai/__init__.py
[2025-11-19T18:00:23.250+0000] {processor.py:842} WARNING - No viable dags retrieved from /opt/airflow/dags/sodai/__init__.py
[2025-11-19T18:00:23.262+0000] {processor.py:183} INFO - Processing /opt/airflow/dags/sodai/__init__.py took 0.030 seconds
[2025-11-19T18:00:53.853+0000] {processor.py:161} INFO - Started process (PID=2026) to work on /opt/airflow/dags/sodai/__init__.py
[2025-11-19T18:00:53.854+0000] {processor.py:830} INFO - Processing file /opt/airflow/dags/sodai/__init__.py for tasks to queue
[2025-11-19T18:00:53.856+0000] {logging_mixin.py:188} INFO - [2025-11-19T18:00:53.856+0000] {dagbag.py:540} INFO - Filling up the DagBag from /opt/airflow/dags/sodai/__init__.py
[2025-11-19T18:00:53.866+0000] {processor.py:842} WARNING - No viable dags retrieved from /opt/airflow/dags/sodai/__init__.py
[2025-11-19T18:00:53.878+0000] {processor.py:183} INFO - Processing /opt/airflow/dags/sodai/__init__.py took 0.029 seconds
[2025-11-19T18:01:24.713+0000] {processor.py:161} INFO - Started process (PID=2036) to work on /opt/airflow/dags/sodai/__init__.py
[2025-11-19T18:01:24.714+0000] {processor.py:830} INFO - Processing file /opt/airflow/dags/sodai/__init__.py for tasks to queue
[2025-11-19T18:01:24.717+0000] {logging_mixin.py:188} INFO - [2025-11-19T18:01:24.716+0000] {dagbag.py:540} INFO - Filling up the DagBag from /opt/airflow/dags/sodai/__init__.py
[2025-11-19T18:01:24.726+0000] {processor.py:842} WARNING - No viable dags retrieved from /opt/airflow/dags/sodai/__init__.py
[2025-11-19T18:01:24.736+0000] {processor.py:183} INFO - Processing /opt/airflow/dags/sodai/__init__.py took 0.028 seconds
[2025-11-19T18:01:55.686+0000] {processor.py:161} INFO - Started process (PID=2046) to work on /opt/airflow/dags/sodai/__init__.py
[2025-11-19T18:01:55.687+0000] {processor.py:830} INFO - Processing file /opt/airflow/dags/sodai/__init__.py for tasks to queue
[2025-11-19T18:01:55.689+0000] {logging_mixin.py:188} INFO - [2025-11-19T18:01:55.688+0000] {dagbag.py:540} INFO - Filling up the DagBag from /opt/airflow/dags/sodai/__init__.py
[2025-11-19T18:01:55.698+0000] {processor.py:842} WARNING - No viable dags retrieved from /opt/airflow/dags/sodai/__init__.py
[2025-11-19T18:01:55.708+0000] {processor.py:183} INFO - Processing /opt/airflow/dags/sodai/__init__.py took 0.027 seconds
[2025-11-19T18:02:25.751+0000] {processor.py:161} INFO - Started process (PID=2056) to work on /opt/airflow/dags/sodai/__init__.py
[2025-11-19T18:02:25.752+0000] {processor.py:830} INFO - Processing file /opt/airflow/dags/sodai/__init__.py for tasks to queue
[2025-11-19T18:02:25.753+0000] {logging_mixin.py:188} INFO - [2025-11-19T18:02:25.753+0000] {dagbag.py:540} INFO - Filling up the DagBag from /opt/airflow/dags/sodai/__init__.py
[2025-11-19T18:02:25.764+0000] {processor.py:842} WARNING - No viable dags retrieved from /opt/airflow/dags/sodai/__init__.py
[2025-11-19T18:02:25.774+0000] {processor.py:183} INFO - Processing /opt/airflow/dags/sodai/__init__.py took 0.028 seconds
[2025-11-19T18:02:55.978+0000] {processor.py:161} INFO - Started process (PID=2066) to work on /opt/airflow/dags/sodai/__init__.py
[2025-11-19T18:02:55.979+0000] {processor.py:830} INFO - Processing file /opt/airflow/dags/sodai/__init__.py for tasks to queue
[2025-11-19T18:02:55.980+0000] {logging_mixin.py:188} INFO - [2025-11-19T18:02:55.980+0000] {dagbag.py:540} INFO - Filling up the DagBag from /opt/airflow/dags/sodai/__init__.py
[2025-11-19T18:02:55.993+0000] {processor.py:842} WARNING - No viable dags retrieved from /opt/airflow/dags/sodai/__init__.py
[2025-11-19T18:02:56.004+0000] {processor.py:183} INFO - Processing /opt/airflow/dags/sodai/__init__.py took 0.032 seconds
[2025-11-19T18:03:26.138+0000] {processor.py:161} INFO - Started process (PID=2076) to work on /opt/airflow/dags/sodai/__init__.py
[2025-11-19T18:03:26.139+0000] {processor.py:830} INFO - Processing file /opt/airflow/dags/sodai/__init__.py for tasks to queue
[2025-11-19T18:03:26.140+0000] {logging_mixin.py:188} INFO - [2025-11-19T18:03:26.140+0000] {dagbag.py:540} INFO - Filling up the DagBag from /opt/airflow/dags/sodai/__init__.py
[2025-11-19T18:03:26.155+0000] {processor.py:842} WARNING - No viable dags retrieved from /opt/airflow/dags/sodai/__init__.py
[2025-11-19T18:03:26.167+0000] {processor.py:183} INFO - Processing /opt/airflow/dags/sodai/__init__.py took 0.034 seconds
[2025-11-19T18:03:56.313+0000] {processor.py:161} INFO - Started process (PID=2086) to work on /opt/airflow/dags/sodai/__init__.py
[2025-11-19T18:03:56.314+0000] {processor.py:830} INFO - Processing file /opt/airflow/dags/sodai/__init__.py for tasks to queue
[2025-11-19T18:03:56.316+0000] {logging_mixin.py:188} INFO - [2025-11-19T18:03:56.315+0000] {dagbag.py:540} INFO - Filling up the DagBag from /opt/airflow/dags/sodai/__init__.py
[2025-11-19T18:03:56.326+0000] {processor.py:842} WARNING - No viable dags retrieved from /opt/airflow/dags/sodai/__init__.py
[2025-11-19T18:03:56.337+0000] {processor.py:183} INFO - Processing /opt/airflow/dags/sodai/__init__.py took 0.029 seconds
[2025-11-19T18:04:26.382+0000] {processor.py:161} INFO - Started process (PID=2096) to work on /opt/airflow/dags/sodai/__init__.py
[2025-11-19T18:04:26.383+0000] {processor.py:830} INFO - Processing file /opt/airflow/dags/sodai/__init__.py for tasks to queue
[2025-11-19T18:04:26.385+0000] {logging_mixin.py:188} INFO - [2025-11-19T18:04:26.385+0000] {dagbag.py:540} INFO - Filling up the DagBag from /opt/airflow/dags/sodai/__init__.py
[2025-11-19T18:04:26.401+0000] {processor.py:842} WARNING - No viable dags retrieved from /opt/airflow/dags/sodai/__init__.py
[2025-11-19T18:04:26.413+0000] {processor.py:183} INFO - Processing /opt/airflow/dags/sodai/__init__.py took 0.036 seconds
[2025-11-19T18:04:56.663+0000] {processor.py:161} INFO - Started process (PID=2106) to work on /opt/airflow/dags/sodai/__init__.py
[2025-11-19T18:04:56.664+0000] {processor.py:830} INFO - Processing file /opt/airflow/dags/sodai/__init__.py for tasks to queue
[2025-11-19T18:04:56.665+0000] {logging_mixin.py:188} INFO - [2025-11-19T18:04:56.665+0000] {dagbag.py:540} INFO - Filling up the DagBag from /opt/airflow/dags/sodai/__init__.py
[2025-11-19T18:04:56.674+0000] {processor.py:842} WARNING - No viable dags retrieved from /opt/airflow/dags/sodai/__init__.py
[2025-11-19T18:04:56.685+0000] {processor.py:183} INFO - Processing /opt/airflow/dags/sodai/__init__.py took 0.027 seconds
[2025-11-19T18:05:27.366+0000] {processor.py:161} INFO - Started process (PID=2116) to work on /opt/airflow/dags/sodai/__init__.py
[2025-11-19T18:05:27.367+0000] {processor.py:830} INFO - Processing file /opt/airflow/dags/sodai/__init__.py for tasks to queue
[2025-11-19T18:05:27.370+0000] {logging_mixin.py:188} INFO - [2025-11-19T18:05:27.369+0000] {dagbag.py:540} INFO - Filling up the DagBag from /opt/airflow/dags/sodai/__init__.py
[2025-11-19T18:05:27.386+0000] {processor.py:842} WARNING - No viable dags retrieved from /opt/airflow/dags/sodai/__init__.py
[2025-11-19T18:05:27.411+0000] {processor.py:183} INFO - Processing /opt/airflow/dags/sodai/__init__.py took 0.051 seconds
[2025-11-19T18:05:58.299+0000] {processor.py:161} INFO - Started process (PID=2126) to work on /opt/airflow/dags/sodai/__init__.py
[2025-11-19T18:05:58.300+0000] {processor.py:830} INFO - Processing file /opt/airflow/dags/sodai/__init__.py for tasks to queue
[2025-11-19T18:05:58.302+0000] {logging_mixin.py:188} INFO - [2025-11-19T18:05:58.302+0000] {dagbag.py:540} INFO - Filling up the DagBag from /opt/airflow/dags/sodai/__init__.py
[2025-11-19T18:05:58.311+0000] {processor.py:842} WARNING - No viable dags retrieved from /opt/airflow/dags/sodai/__init__.py
[2025-11-19T18:05:58.323+0000] {processor.py:183} INFO - Processing /opt/airflow/dags/sodai/__init__.py took 0.028 seconds
[2025-11-19T18:06:29.215+0000] {processor.py:161} INFO - Started process (PID=2136) to work on /opt/airflow/dags/sodai/__init__.py
[2025-11-19T18:06:29.216+0000] {processor.py:830} INFO - Processing file /opt/airflow/dags/sodai/__init__.py for tasks to queue
[2025-11-19T18:06:29.219+0000] {logging_mixin.py:188} INFO - [2025-11-19T18:06:29.218+0000] {dagbag.py:540} INFO - Filling up the DagBag from /opt/airflow/dags/sodai/__init__.py
[2025-11-19T18:06:29.229+0000] {processor.py:842} WARNING - No viable dags retrieved from /opt/airflow/dags/sodai/__init__.py
[2025-11-19T18:06:29.243+0000] {processor.py:183} INFO - Processing /opt/airflow/dags/sodai/__init__.py took 0.032 seconds
[2025-11-19T18:07:01.360+0000] {processor.py:161} INFO - Started process (PID=2146) to work on /opt/airflow/dags/sodai/__init__.py
[2025-11-19T18:07:01.361+0000] {processor.py:830} INFO - Processing file /opt/airflow/dags/sodai/__init__.py for tasks to queue
[2025-11-19T18:07:01.362+0000] {logging_mixin.py:188} INFO - [2025-11-19T18:07:01.362+0000] {dagbag.py:540} INFO - Filling up the DagBag from /opt/airflow/dags/sodai/__init__.py
[2025-11-19T18:07:01.372+0000] {processor.py:842} WARNING - No viable dags retrieved from /opt/airflow/dags/sodai/__init__.py
[2025-11-19T18:07:01.385+0000] {processor.py:183} INFO - Processing /opt/airflow/dags/sodai/__init__.py took 0.029 seconds
[2025-11-19T18:07:33.561+0000] {processor.py:161} INFO - Started process (PID=2156) to work on /opt/airflow/dags/sodai/__init__.py
[2025-11-19T18:07:33.562+0000] {processor.py:830} INFO - Processing file /opt/airflow/dags/sodai/__init__.py for tasks to queue
[2025-11-19T18:07:33.564+0000] {logging_mixin.py:188} INFO - [2025-11-19T18:07:33.564+0000] {dagbag.py:540} INFO - Filling up the DagBag from /opt/airflow/dags/sodai/__init__.py
[2025-11-19T18:07:33.573+0000] {processor.py:842} WARNING - No viable dags retrieved from /opt/airflow/dags/sodai/__init__.py
[2025-11-19T18:07:33.583+0000] {processor.py:183} INFO - Processing /opt/airflow/dags/sodai/__init__.py took 0.027 seconds
[2025-11-19T18:08:06.788+0000] {processor.py:161} INFO - Started process (PID=2166) to work on /opt/airflow/dags/sodai/__init__.py
[2025-11-19T18:08:06.790+0000] {processor.py:830} INFO - Processing file /opt/airflow/dags/sodai/__init__.py for tasks to queue
[2025-11-19T18:08:06.794+0000] {logging_mixin.py:188} INFO - [2025-11-19T18:08:06.793+0000] {dagbag.py:540} INFO - Filling up the DagBag from /opt/airflow/dags/sodai/__init__.py
[2025-11-19T18:08:06.815+0000] {processor.py:842} WARNING - No viable dags retrieved from /opt/airflow/dags/sodai/__init__.py
[2025-11-19T18:08:06.831+0000] {processor.py:183} INFO - Processing /opt/airflow/dags/sodai/__init__.py took 0.056 seconds
[2025-11-19T18:08:40.045+0000] {processor.py:161} INFO - Started process (PID=2176) to work on /opt/airflow/dags/sodai/__init__.py
[2025-11-19T18:08:40.046+0000] {processor.py:830} INFO - Processing file /opt/airflow/dags/sodai/__init__.py for tasks to queue
[2025-11-19T18:08:40.048+0000] {logging_mixin.py:188} INFO - [2025-11-19T18:08:40.048+0000] {dagbag.py:540} INFO - Filling up the DagBag from /opt/airflow/dags/sodai/__init__.py
[2025-11-19T18:08:40.059+0000] {processor.py:842} WARNING - No viable dags retrieved from /opt/airflow/dags/sodai/__init__.py
[2025-11-19T18:08:40.071+0000] {processor.py:183} INFO - Processing /opt/airflow/dags/sodai/__init__.py took 0.030 seconds
[2025-11-19T18:09:10.551+0000] {processor.py:161} INFO - Started process (PID=2186) to work on /opt/airflow/dags/sodai/__init__.py
[2025-11-19T18:09:10.552+0000] {processor.py:830} INFO - Processing file /opt/airflow/dags/sodai/__init__.py for tasks to queue
[2025-11-19T18:09:10.554+0000] {logging_mixin.py:188} INFO - [2025-11-19T18:09:10.553+0000] {dagbag.py:540} INFO - Filling up the DagBag from /opt/airflow/dags/sodai/__init__.py
[2025-11-19T18:09:10.566+0000] {processor.py:842} WARNING - No viable dags retrieved from /opt/airflow/dags/sodai/__init__.py
[2025-11-19T18:09:10.583+0000] {processor.py:183} INFO - Processing /opt/airflow/dags/sodai/__init__.py took 0.039 seconds
[2025-11-19T18:09:40.680+0000] {processor.py:161} INFO - Started process (PID=2196) to work on /opt/airflow/dags/sodai/__init__.py
[2025-11-19T18:09:40.681+0000] {processor.py:830} INFO - Processing file /opt/airflow/dags/sodai/__init__.py for tasks to queue
[2025-11-19T18:09:40.682+0000] {logging_mixin.py:188} INFO - [2025-11-19T18:09:40.682+0000] {dagbag.py:540} INFO - Filling up the DagBag from /opt/airflow/dags/sodai/__init__.py
[2025-11-19T18:09:40.693+0000] {processor.py:842} WARNING - No viable dags retrieved from /opt/airflow/dags/sodai/__init__.py
[2025-11-19T18:09:40.704+0000] {processor.py:183} INFO - Processing /opt/airflow/dags/sodai/__init__.py took 0.029 seconds
[2025-11-19T18:10:10.862+0000] {processor.py:161} INFO - Started process (PID=2206) to work on /opt/airflow/dags/sodai/__init__.py
[2025-11-19T18:10:10.863+0000] {processor.py:830} INFO - Processing file /opt/airflow/dags/sodai/__init__.py for tasks to queue
[2025-11-19T18:10:10.864+0000] {logging_mixin.py:188} INFO - [2025-11-19T18:10:10.864+0000] {dagbag.py:540} INFO - Filling up the DagBag from /opt/airflow/dags/sodai/__init__.py
[2025-11-19T18:10:10.873+0000] {processor.py:842} WARNING - No viable dags retrieved from /opt/airflow/dags/sodai/__init__.py
[2025-11-19T18:10:10.885+0000] {processor.py:183} INFO - Processing /opt/airflow/dags/sodai/__init__.py took 0.028 seconds
[2025-11-19T18:10:41.266+0000] {processor.py:161} INFO - Started process (PID=2216) to work on /opt/airflow/dags/sodai/__init__.py
[2025-11-19T18:10:41.267+0000] {processor.py:830} INFO - Processing file /opt/airflow/dags/sodai/__init__.py for tasks to queue
[2025-11-19T18:10:41.269+0000] {logging_mixin.py:188} INFO - [2025-11-19T18:10:41.269+0000] {dagbag.py:540} INFO - Filling up the DagBag from /opt/airflow/dags/sodai/__init__.py
[2025-11-19T18:10:41.281+0000] {processor.py:842} WARNING - No viable dags retrieved from /opt/airflow/dags/sodai/__init__.py
[2025-11-19T18:10:41.293+0000] {processor.py:183} INFO - Processing /opt/airflow/dags/sodai/__init__.py took 0.031 seconds
[2025-11-19T18:11:11.476+0000] {processor.py:161} INFO - Started process (PID=2226) to work on /opt/airflow/dags/sodai/__init__.py
[2025-11-19T18:11:11.477+0000] {processor.py:830} INFO - Processing file /opt/airflow/dags/sodai/__init__.py for tasks to queue
[2025-11-19T18:11:11.479+0000] {logging_mixin.py:188} INFO - [2025-11-19T18:11:11.479+0000] {dagbag.py:540} INFO - Filling up the DagBag from /opt/airflow/dags/sodai/__init__.py
[2025-11-19T18:11:11.490+0000] {processor.py:842} WARNING - No viable dags retrieved from /opt/airflow/dags/sodai/__init__.py
[2025-11-19T18:11:11.500+0000] {processor.py:183} INFO - Processing /opt/airflow/dags/sodai/__init__.py took 0.028 seconds
[2025-11-19T18:11:41.761+0000] {processor.py:161} INFO - Started process (PID=2236) to work on /opt/airflow/dags/sodai/__init__.py
[2025-11-19T18:11:41.762+0000] {processor.py:830} INFO - Processing file /opt/airflow/dags/sodai/__init__.py for tasks to queue
[2025-11-19T18:11:41.763+0000] {logging_mixin.py:188} INFO - [2025-11-19T18:11:41.763+0000] {dagbag.py:540} INFO - Filling up the DagBag from /opt/airflow/dags/sodai/__init__.py
[2025-11-19T18:11:41.772+0000] {processor.py:842} WARNING - No viable dags retrieved from /opt/airflow/dags/sodai/__init__.py
[2025-11-19T18:11:41.784+0000] {processor.py:183} INFO - Processing /opt/airflow/dags/sodai/__init__.py took 0.027 seconds
[2025-11-19T18:12:11.971+0000] {processor.py:161} INFO - Started process (PID=2246) to work on /opt/airflow/dags/sodai/__init__.py
[2025-11-19T18:12:11.972+0000] {processor.py:830} INFO - Processing file /opt/airflow/dags/sodai/__init__.py for tasks to queue
[2025-11-19T18:12:11.973+0000] {logging_mixin.py:188} INFO - [2025-11-19T18:12:11.973+0000] {dagbag.py:540} INFO - Filling up the DagBag from /opt/airflow/dags/sodai/__init__.py
[2025-11-19T18:12:11.983+0000] {processor.py:842} WARNING - No viable dags retrieved from /opt/airflow/dags/sodai/__init__.py
[2025-11-19T18:12:11.994+0000] {processor.py:183} INFO - Processing /opt/airflow/dags/sodai/__init__.py took 0.028 seconds
[2025-11-19T18:12:42.205+0000] {processor.py:161} INFO - Started process (PID=2256) to work on /opt/airflow/dags/sodai/__init__.py
[2025-11-19T18:12:42.207+0000] {processor.py:830} INFO - Processing file /opt/airflow/dags/sodai/__init__.py for tasks to queue
[2025-11-19T18:12:42.209+0000] {logging_mixin.py:188} INFO - [2025-11-19T18:12:42.208+0000] {dagbag.py:540} INFO - Filling up the DagBag from /opt/airflow/dags/sodai/__init__.py
[2025-11-19T18:12:42.222+0000] {processor.py:842} WARNING - No viable dags retrieved from /opt/airflow/dags/sodai/__init__.py
[2025-11-19T18:12:42.235+0000] {processor.py:183} INFO - Processing /opt/airflow/dags/sodai/__init__.py took 0.034 seconds
[2025-11-19T18:13:12.406+0000] {processor.py:161} INFO - Started process (PID=2266) to work on /opt/airflow/dags/sodai/__init__.py
[2025-11-19T18:13:12.407+0000] {processor.py:830} INFO - Processing file /opt/airflow/dags/sodai/__init__.py for tasks to queue
[2025-11-19T18:13:12.408+0000] {logging_mixin.py:188} INFO - [2025-11-19T18:13:12.408+0000] {dagbag.py:540} INFO - Filling up the DagBag from /opt/airflow/dags/sodai/__init__.py
[2025-11-19T18:13:12.418+0000] {processor.py:842} WARNING - No viable dags retrieved from /opt/airflow/dags/sodai/__init__.py
[2025-11-19T18:13:12.428+0000] {processor.py:183} INFO - Processing /opt/airflow/dags/sodai/__init__.py took 0.026 seconds
[2025-11-19T18:13:42.638+0000] {processor.py:161} INFO - Started process (PID=2276) to work on /opt/airflow/dags/sodai/__init__.py
[2025-11-19T18:13:42.640+0000] {processor.py:830} INFO - Processing file /opt/airflow/dags/sodai/__init__.py for tasks to queue
[2025-11-19T18:13:42.642+0000] {logging_mixin.py:188} INFO - [2025-11-19T18:13:42.642+0000] {dagbag.py:540} INFO - Filling up the DagBag from /opt/airflow/dags/sodai/__init__.py
[2025-11-19T18:13:42.651+0000] {processor.py:842} WARNING - No viable dags retrieved from /opt/airflow/dags/sodai/__init__.py
[2025-11-19T18:13:42.663+0000] {processor.py:183} INFO - Processing /opt/airflow/dags/sodai/__init__.py took 0.030 seconds
[2025-11-19T18:14:12.851+0000] {processor.py:161} INFO - Started process (PID=2286) to work on /opt/airflow/dags/sodai/__init__.py
[2025-11-19T18:14:12.852+0000] {processor.py:830} INFO - Processing file /opt/airflow/dags/sodai/__init__.py for tasks to queue
[2025-11-19T18:14:12.854+0000] {logging_mixin.py:188} INFO - [2025-11-19T18:14:12.853+0000] {dagbag.py:540} INFO - Filling up the DagBag from /opt/airflow/dags/sodai/__init__.py
[2025-11-19T18:14:12.864+0000] {processor.py:842} WARNING - No viable dags retrieved from /opt/airflow/dags/sodai/__init__.py
[2025-11-19T18:14:12.876+0000] {processor.py:183} INFO - Processing /opt/airflow/dags/sodai/__init__.py took 0.031 seconds
[2025-11-19T18:14:43.002+0000] {processor.py:161} INFO - Started process (PID=2296) to work on /opt/airflow/dags/sodai/__init__.py
[2025-11-19T18:14:43.003+0000] {processor.py:830} INFO - Processing file /opt/airflow/dags/sodai/__init__.py for tasks to queue
[2025-11-19T18:14:43.004+0000] {logging_mixin.py:188} INFO - [2025-11-19T18:14:43.004+0000] {dagbag.py:540} INFO - Filling up the DagBag from /opt/airflow/dags/sodai/__init__.py
[2025-11-19T18:14:43.014+0000] {processor.py:842} WARNING - No viable dags retrieved from /opt/airflow/dags/sodai/__init__.py
[2025-11-19T18:14:43.024+0000] {processor.py:183} INFO - Processing /opt/airflow/dags/sodai/__init__.py took 0.026 seconds
[2025-11-19T18:15:16.445+0000] {processor.py:161} INFO - Started process (PID=2306) to work on /opt/airflow/dags/sodai/__init__.py
[2025-11-19T18:15:16.446+0000] {processor.py:830} INFO - Processing file /opt/airflow/dags/sodai/__init__.py for tasks to queue
[2025-11-19T18:15:16.448+0000] {logging_mixin.py:188} INFO - [2025-11-19T18:15:16.447+0000] {dagbag.py:540} INFO - Filling up the DagBag from /opt/airflow/dags/sodai/__init__.py
[2025-11-19T18:15:16.456+0000] {processor.py:842} WARNING - No viable dags retrieved from /opt/airflow/dags/sodai/__init__.py
[2025-11-19T18:15:16.467+0000] {processor.py:183} INFO - Processing /opt/airflow/dags/sodai/__init__.py took 0.027 seconds
[2025-11-19T18:15:49.847+0000] {processor.py:161} INFO - Started process (PID=2316) to work on /opt/airflow/dags/sodai/__init__.py
[2025-11-19T18:15:49.848+0000] {processor.py:830} INFO - Processing file /opt/airflow/dags/sodai/__init__.py for tasks to queue
[2025-11-19T18:15:49.849+0000] {logging_mixin.py:188} INFO - [2025-11-19T18:15:49.849+0000] {dagbag.py:540} INFO - Filling up the DagBag from /opt/airflow/dags/sodai/__init__.py
[2025-11-19T18:15:49.858+0000] {processor.py:842} WARNING - No viable dags retrieved from /opt/airflow/dags/sodai/__init__.py
[2025-11-19T18:15:49.869+0000] {processor.py:183} INFO - Processing /opt/airflow/dags/sodai/__init__.py took 0.027 seconds
[2025-11-19T18:16:20.281+0000] {processor.py:161} INFO - Started process (PID=2326) to work on /opt/airflow/dags/sodai/__init__.py
[2025-11-19T18:16:20.282+0000] {processor.py:830} INFO - Processing file /opt/airflow/dags/sodai/__init__.py for tasks to queue
[2025-11-19T18:16:20.284+0000] {logging_mixin.py:188} INFO - [2025-11-19T18:16:20.283+0000] {dagbag.py:540} INFO - Filling up the DagBag from /opt/airflow/dags/sodai/__init__.py
[2025-11-19T18:16:20.292+0000] {processor.py:842} WARNING - No viable dags retrieved from /opt/airflow/dags/sodai/__init__.py
[2025-11-19T18:16:20.302+0000] {processor.py:183} INFO - Processing /opt/airflow/dags/sodai/__init__.py took 0.025 seconds
[2025-11-19T18:16:50.373+0000] {processor.py:161} INFO - Started process (PID=2336) to work on /opt/airflow/dags/sodai/__init__.py
[2025-11-19T18:16:50.374+0000] {processor.py:830} INFO - Processing file /opt/airflow/dags/sodai/__init__.py for tasks to queue
[2025-11-19T18:16:50.376+0000] {logging_mixin.py:188} INFO - [2025-11-19T18:16:50.376+0000] {dagbag.py:540} INFO - Filling up the DagBag from /opt/airflow/dags/sodai/__init__.py
[2025-11-19T18:16:50.385+0000] {processor.py:842} WARNING - No viable dags retrieved from /opt/airflow/dags/sodai/__init__.py
[2025-11-19T18:16:50.396+0000] {processor.py:183} INFO - Processing /opt/airflow/dags/sodai/__init__.py took 0.027 seconds
[2025-11-19T18:17:20.692+0000] {processor.py:161} INFO - Started process (PID=2346) to work on /opt/airflow/dags/sodai/__init__.py
[2025-11-19T18:17:20.693+0000] {processor.py:830} INFO - Processing file /opt/airflow/dags/sodai/__init__.py for tasks to queue
[2025-11-19T18:17:20.694+0000] {logging_mixin.py:188} INFO - [2025-11-19T18:17:20.694+0000] {dagbag.py:540} INFO - Filling up the DagBag from /opt/airflow/dags/sodai/__init__.py
[2025-11-19T18:17:20.705+0000] {processor.py:842} WARNING - No viable dags retrieved from /opt/airflow/dags/sodai/__init__.py
[2025-11-19T18:17:20.716+0000] {processor.py:183} INFO - Processing /opt/airflow/dags/sodai/__init__.py took 0.029 seconds
[2025-11-19T18:17:50.974+0000] {processor.py:161} INFO - Started process (PID=2356) to work on /opt/airflow/dags/sodai/__init__.py
[2025-11-19T18:17:50.974+0000] {processor.py:830} INFO - Processing file /opt/airflow/dags/sodai/__init__.py for tasks to queue
[2025-11-19T18:17:50.976+0000] {logging_mixin.py:188} INFO - [2025-11-19T18:17:50.976+0000] {dagbag.py:540} INFO - Filling up the DagBag from /opt/airflow/dags/sodai/__init__.py
[2025-11-19T18:17:50.988+0000] {processor.py:842} WARNING - No viable dags retrieved from /opt/airflow/dags/sodai/__init__.py
[2025-11-19T18:17:51.002+0000] {processor.py:183} INFO - Processing /opt/airflow/dags/sodai/__init__.py took 0.033 seconds
[2025-11-19T18:18:21.202+0000] {processor.py:161} INFO - Started process (PID=2366) to work on /opt/airflow/dags/sodai/__init__.py
[2025-11-19T18:18:21.203+0000] {processor.py:830} INFO - Processing file /opt/airflow/dags/sodai/__init__.py for tasks to queue
[2025-11-19T18:18:21.205+0000] {logging_mixin.py:188} INFO - [2025-11-19T18:18:21.205+0000] {dagbag.py:540} INFO - Filling up the DagBag from /opt/airflow/dags/sodai/__init__.py
[2025-11-19T18:18:21.213+0000] {processor.py:842} WARNING - No viable dags retrieved from /opt/airflow/dags/sodai/__init__.py
[2025-11-19T18:18:21.222+0000] {processor.py:183} INFO - Processing /opt/airflow/dags/sodai/__init__.py took 0.024 seconds
[2025-11-19T18:18:51.455+0000] {processor.py:161} INFO - Started process (PID=2376) to work on /opt/airflow/dags/sodai/__init__.py
[2025-11-19T18:18:51.456+0000] {processor.py:830} INFO - Processing file /opt/airflow/dags/sodai/__init__.py for tasks to queue
[2025-11-19T18:18:51.458+0000] {logging_mixin.py:188} INFO - [2025-11-19T18:18:51.458+0000] {dagbag.py:540} INFO - Filling up the DagBag from /opt/airflow/dags/sodai/__init__.py
[2025-11-19T18:18:51.469+0000] {processor.py:842} WARNING - No viable dags retrieved from /opt/airflow/dags/sodai/__init__.py
[2025-11-19T18:18:51.478+0000] {processor.py:183} INFO - Processing /opt/airflow/dags/sodai/__init__.py took 0.028 seconds
[2025-11-19T18:19:21.744+0000] {processor.py:161} INFO - Started process (PID=2386) to work on /opt/airflow/dags/sodai/__init__.py
[2025-11-19T18:19:21.745+0000] {processor.py:830} INFO - Processing file /opt/airflow/dags/sodai/__init__.py for tasks to queue
[2025-11-19T18:19:21.747+0000] {logging_mixin.py:188} INFO - [2025-11-19T18:19:21.747+0000] {dagbag.py:540} INFO - Filling up the DagBag from /opt/airflow/dags/sodai/__init__.py
[2025-11-19T18:19:21.759+0000] {processor.py:842} WARNING - No viable dags retrieved from /opt/airflow/dags/sodai/__init__.py
[2025-11-19T18:19:21.770+0000] {processor.py:183} INFO - Processing /opt/airflow/dags/sodai/__init__.py took 0.030 seconds
[2025-11-19T18:19:51.996+0000] {processor.py:161} INFO - Started process (PID=2396) to work on /opt/airflow/dags/sodai/__init__.py
[2025-11-19T18:19:51.997+0000] {processor.py:830} INFO - Processing file /opt/airflow/dags/sodai/__init__.py for tasks to queue
[2025-11-19T18:19:51.999+0000] {logging_mixin.py:188} INFO - [2025-11-19T18:19:51.999+0000] {dagbag.py:540} INFO - Filling up the DagBag from /opt/airflow/dags/sodai/__init__.py
[2025-11-19T18:19:52.009+0000] {processor.py:842} WARNING - No viable dags retrieved from /opt/airflow/dags/sodai/__init__.py
[2025-11-19T18:19:52.023+0000] {processor.py:183} INFO - Processing /opt/airflow/dags/sodai/__init__.py took 0.031 seconds
[2025-11-19T18:20:22.305+0000] {processor.py:161} INFO - Started process (PID=2406) to work on /opt/airflow/dags/sodai/__init__.py
[2025-11-19T18:20:22.306+0000] {processor.py:830} INFO - Processing file /opt/airflow/dags/sodai/__init__.py for tasks to queue
[2025-11-19T18:20:22.308+0000] {logging_mixin.py:188} INFO - [2025-11-19T18:20:22.308+0000] {dagbag.py:540} INFO - Filling up the DagBag from /opt/airflow/dags/sodai/__init__.py
[2025-11-19T18:20:22.317+0000] {processor.py:842} WARNING - No viable dags retrieved from /opt/airflow/dags/sodai/__init__.py
[2025-11-19T18:20:22.329+0000] {processor.py:183} INFO - Processing /opt/airflow/dags/sodai/__init__.py took 0.027 seconds
[2025-11-19T18:20:52.548+0000] {processor.py:161} INFO - Started process (PID=2416) to work on /opt/airflow/dags/sodai/__init__.py
[2025-11-19T18:20:52.549+0000] {processor.py:830} INFO - Processing file /opt/airflow/dags/sodai/__init__.py for tasks to queue
[2025-11-19T18:20:52.550+0000] {logging_mixin.py:188} INFO - [2025-11-19T18:20:52.550+0000] {dagbag.py:540} INFO - Filling up the DagBag from /opt/airflow/dags/sodai/__init__.py
[2025-11-19T18:20:52.560+0000] {processor.py:842} WARNING - No viable dags retrieved from /opt/airflow/dags/sodai/__init__.py
[2025-11-19T18:20:52.574+0000] {processor.py:183} INFO - Processing /opt/airflow/dags/sodai/__init__.py took 0.030 seconds
[2025-11-19T18:21:22.806+0000] {processor.py:161} INFO - Started process (PID=2426) to work on /opt/airflow/dags/sodai/__init__.py
[2025-11-19T18:21:22.807+0000] {processor.py:830} INFO - Processing file /opt/airflow/dags/sodai/__init__.py for tasks to queue
[2025-11-19T18:21:22.809+0000] {logging_mixin.py:188} INFO - [2025-11-19T18:21:22.809+0000] {dagbag.py:540} INFO - Filling up the DagBag from /opt/airflow/dags/sodai/__init__.py
[2025-11-19T18:21:22.821+0000] {processor.py:842} WARNING - No viable dags retrieved from /opt/airflow/dags/sodai/__init__.py
[2025-11-19T18:21:22.831+0000] {processor.py:183} INFO - Processing /opt/airflow/dags/sodai/__init__.py took 0.031 seconds
[2025-11-19T18:21:53.102+0000] {processor.py:161} INFO - Started process (PID=2436) to work on /opt/airflow/dags/sodai/__init__.py
[2025-11-19T18:21:53.103+0000] {processor.py:830} INFO - Processing file /opt/airflow/dags/sodai/__init__.py for tasks to queue
[2025-11-19T18:21:53.105+0000] {logging_mixin.py:188} INFO - [2025-11-19T18:21:53.104+0000] {dagbag.py:540} INFO - Filling up the DagBag from /opt/airflow/dags/sodai/__init__.py
[2025-11-19T18:21:53.114+0000] {processor.py:842} WARNING - No viable dags retrieved from /opt/airflow/dags/sodai/__init__.py
[2025-11-19T18:21:53.124+0000] {processor.py:183} INFO - Processing /opt/airflow/dags/sodai/__init__.py took 0.026 seconds
[2025-11-19T18:22:26.328+0000] {processor.py:161} INFO - Started process (PID=2444) to work on /opt/airflow/dags/sodai/__init__.py
[2025-11-19T18:22:26.330+0000] {processor.py:830} INFO - Processing file /opt/airflow/dags/sodai/__init__.py for tasks to queue
[2025-11-19T18:22:26.332+0000] {logging_mixin.py:188} INFO - [2025-11-19T18:22:26.331+0000] {dagbag.py:540} INFO - Filling up the DagBag from /opt/airflow/dags/sodai/__init__.py
[2025-11-19T18:22:26.343+0000] {processor.py:842} WARNING - No viable dags retrieved from /opt/airflow/dags/sodai/__init__.py
[2025-11-19T18:22:26.360+0000] {processor.py:183} INFO - Processing /opt/airflow/dags/sodai/__init__.py took 0.039 seconds
[2025-11-19T18:22:57.724+0000] {processor.py:161} INFO - Started process (PID=2454) to work on /opt/airflow/dags/sodai/__init__.py
[2025-11-19T18:22:57.725+0000] {processor.py:830} INFO - Processing file /opt/airflow/dags/sodai/__init__.py for tasks to queue
[2025-11-19T18:22:57.727+0000] {logging_mixin.py:188} INFO - [2025-11-19T18:22:57.727+0000] {dagbag.py:540} INFO - Filling up the DagBag from /opt/airflow/dags/sodai/__init__.py
[2025-11-19T18:22:57.741+0000] {processor.py:842} WARNING - No viable dags retrieved from /opt/airflow/dags/sodai/__init__.py
[2025-11-19T18:22:57.753+0000] {processor.py:183} INFO - Processing /opt/airflow/dags/sodai/__init__.py took 0.037 seconds
[2025-11-19T18:23:28.224+0000] {processor.py:161} INFO - Started process (PID=2464) to work on /opt/airflow/dags/sodai/__init__.py
[2025-11-19T18:23:28.225+0000] {processor.py:830} INFO - Processing file /opt/airflow/dags/sodai/__init__.py for tasks to queue
[2025-11-19T18:23:28.226+0000] {logging_mixin.py:188} INFO - [2025-11-19T18:23:28.226+0000] {dagbag.py:540} INFO - Filling up the DagBag from /opt/airflow/dags/sodai/__init__.py
[2025-11-19T18:23:28.237+0000] {processor.py:842} WARNING - No viable dags retrieved from /opt/airflow/dags/sodai/__init__.py
[2025-11-19T18:23:28.252+0000] {processor.py:183} INFO - Processing /opt/airflow/dags/sodai/__init__.py took 0.033 seconds
[2025-11-19T18:23:58.369+0000] {processor.py:161} INFO - Started process (PID=2471) to work on /opt/airflow/dags/sodai/__init__.py
[2025-11-19T18:23:58.370+0000] {processor.py:830} INFO - Processing file /opt/airflow/dags/sodai/__init__.py for tasks to queue
[2025-11-19T18:23:58.372+0000] {logging_mixin.py:188} INFO - [2025-11-19T18:23:58.371+0000] {dagbag.py:540} INFO - Filling up the DagBag from /opt/airflow/dags/sodai/__init__.py
[2025-11-19T18:23:58.381+0000] {processor.py:842} WARNING - No viable dags retrieved from /opt/airflow/dags/sodai/__init__.py
[2025-11-19T18:23:58.391+0000] {processor.py:183} INFO - Processing /opt/airflow/dags/sodai/__init__.py took 0.027 seconds
[2025-11-19T18:24:29.217+0000] {processor.py:161} INFO - Started process (PID=2481) to work on /opt/airflow/dags/sodai/__init__.py
[2025-11-19T18:24:29.218+0000] {processor.py:830} INFO - Processing file /opt/airflow/dags/sodai/__init__.py for tasks to queue
[2025-11-19T18:24:29.220+0000] {logging_mixin.py:188} INFO - [2025-11-19T18:24:29.220+0000] {dagbag.py:540} INFO - Filling up the DagBag from /opt/airflow/dags/sodai/__init__.py
[2025-11-19T18:24:29.229+0000] {processor.py:842} WARNING - No viable dags retrieved from /opt/airflow/dags/sodai/__init__.py
[2025-11-19T18:24:29.241+0000] {processor.py:183} INFO - Processing /opt/airflow/dags/sodai/__init__.py took 0.028 seconds
[2025-11-19T18:24:59.528+0000] {processor.py:161} INFO - Started process (PID=2491) to work on /opt/airflow/dags/sodai/__init__.py
[2025-11-19T18:24:59.529+0000] {processor.py:830} INFO - Processing file /opt/airflow/dags/sodai/__init__.py for tasks to queue
[2025-11-19T18:24:59.530+0000] {logging_mixin.py:188} INFO - [2025-11-19T18:24:59.530+0000] {dagbag.py:540} INFO - Filling up the DagBag from /opt/airflow/dags/sodai/__init__.py
[2025-11-19T18:24:59.541+0000] {processor.py:842} WARNING - No viable dags retrieved from /opt/airflow/dags/sodai/__init__.py
[2025-11-19T18:24:59.556+0000] {processor.py:183} INFO - Processing /opt/airflow/dags/sodai/__init__.py took 0.033 seconds
[2025-11-19T18:25:29.888+0000] {processor.py:161} INFO - Started process (PID=2501) to work on /opt/airflow/dags/sodai/__init__.py
[2025-11-19T18:25:29.889+0000] {processor.py:830} INFO - Processing file /opt/airflow/dags/sodai/__init__.py for tasks to queue
[2025-11-19T18:25:29.890+0000] {logging_mixin.py:188} INFO - [2025-11-19T18:25:29.890+0000] {dagbag.py:540} INFO - Filling up the DagBag from /opt/airflow/dags/sodai/__init__.py
[2025-11-19T18:25:29.899+0000] {processor.py:842} WARNING - No viable dags retrieved from /opt/airflow/dags/sodai/__init__.py
[2025-11-19T18:25:29.909+0000] {processor.py:183} INFO - Processing /opt/airflow/dags/sodai/__init__.py took 0.026 seconds
[2025-11-19T18:26:00.174+0000] {processor.py:161} INFO - Started process (PID=2511) to work on /opt/airflow/dags/sodai/__init__.py
[2025-11-19T18:26:00.181+0000] {processor.py:830} INFO - Processing file /opt/airflow/dags/sodai/__init__.py for tasks to queue
[2025-11-19T18:26:00.186+0000] {logging_mixin.py:188} INFO - [2025-11-19T18:26:00.186+0000] {dagbag.py:540} INFO - Filling up the DagBag from /opt/airflow/dags/sodai/__init__.py
[2025-11-19T18:26:00.204+0000] {processor.py:842} WARNING - No viable dags retrieved from /opt/airflow/dags/sodai/__init__.py
[2025-11-19T18:26:00.218+0000] {processor.py:183} INFO - Processing /opt/airflow/dags/sodai/__init__.py took 0.050 seconds
[2025-11-19T18:26:30.497+0000] {processor.py:161} INFO - Started process (PID=2521) to work on /opt/airflow/dags/sodai/__init__.py
[2025-11-19T18:26:30.498+0000] {processor.py:830} INFO - Processing file /opt/airflow/dags/sodai/__init__.py for tasks to queue
[2025-11-19T18:26:30.500+0000] {logging_mixin.py:188} INFO - [2025-11-19T18:26:30.499+0000] {dagbag.py:540} INFO - Filling up the DagBag from /opt/airflow/dags/sodai/__init__.py
[2025-11-19T18:26:30.514+0000] {processor.py:842} WARNING - No viable dags retrieved from /opt/airflow/dags/sodai/__init__.py
[2025-11-19T18:26:30.528+0000] {processor.py:183} INFO - Processing /opt/airflow/dags/sodai/__init__.py took 0.037 seconds
[2025-11-19T18:27:03.471+0000] {processor.py:161} INFO - Started process (PID=2534) to work on /opt/airflow/dags/sodai/__init__.py
[2025-11-19T18:27:03.472+0000] {processor.py:830} INFO - Processing file /opt/airflow/dags/sodai/__init__.py for tasks to queue
[2025-11-19T18:27:03.474+0000] {logging_mixin.py:188} INFO - [2025-11-19T18:27:03.473+0000] {dagbag.py:540} INFO - Filling up the DagBag from /opt/airflow/dags/sodai/__init__.py
[2025-11-19T18:27:03.486+0000] {processor.py:842} WARNING - No viable dags retrieved from /opt/airflow/dags/sodai/__init__.py
[2025-11-19T18:27:03.499+0000] {processor.py:183} INFO - Processing /opt/airflow/dags/sodai/__init__.py took 0.033 seconds
[2025-11-19T18:27:34.255+0000] {processor.py:161} INFO - Started process (PID=2544) to work on /opt/airflow/dags/sodai/__init__.py
[2025-11-19T18:27:34.257+0000] {processor.py:830} INFO - Processing file /opt/airflow/dags/sodai/__init__.py for tasks to queue
[2025-11-19T18:27:34.260+0000] {logging_mixin.py:188} INFO - [2025-11-19T18:27:34.260+0000] {dagbag.py:540} INFO - Filling up the DagBag from /opt/airflow/dags/sodai/__init__.py
[2025-11-19T18:27:34.277+0000] {processor.py:842} WARNING - No viable dags retrieved from /opt/airflow/dags/sodai/__init__.py
[2025-11-19T18:27:34.292+0000] {processor.py:183} INFO - Processing /opt/airflow/dags/sodai/__init__.py took 0.042 seconds
[2025-11-19T18:28:05.317+0000] {processor.py:161} INFO - Started process (PID=2554) to work on /opt/airflow/dags/sodai/__init__.py
[2025-11-19T18:28:05.318+0000] {processor.py:830} INFO - Processing file /opt/airflow/dags/sodai/__init__.py for tasks to queue
[2025-11-19T18:28:05.319+0000] {logging_mixin.py:188} INFO - [2025-11-19T18:28:05.319+0000] {dagbag.py:540} INFO - Filling up the DagBag from /opt/airflow/dags/sodai/__init__.py
[2025-11-19T18:28:05.332+0000] {processor.py:842} WARNING - No viable dags retrieved from /opt/airflow/dags/sodai/__init__.py
[2025-11-19T18:28:05.346+0000] {processor.py:183} INFO - Processing /opt/airflow/dags/sodai/__init__.py took 0.033 seconds
[2025-11-19T18:28:35.419+0000] {processor.py:161} INFO - Started process (PID=2561) to work on /opt/airflow/dags/sodai/__init__.py
[2025-11-19T18:28:35.420+0000] {processor.py:830} INFO - Processing file /opt/airflow/dags/sodai/__init__.py for tasks to queue
[2025-11-19T18:28:35.421+0000] {logging_mixin.py:188} INFO - [2025-11-19T18:28:35.421+0000] {dagbag.py:540} INFO - Filling up the DagBag from /opt/airflow/dags/sodai/__init__.py
[2025-11-19T18:28:35.438+0000] {processor.py:842} WARNING - No viable dags retrieved from /opt/airflow/dags/sodai/__init__.py
[2025-11-19T18:28:35.455+0000] {processor.py:183} INFO - Processing /opt/airflow/dags/sodai/__init__.py took 0.041 seconds
[2025-11-19T18:29:05.502+0000] {processor.py:161} INFO - Started process (PID=2571) to work on /opt/airflow/dags/sodai/__init__.py
[2025-11-19T18:29:05.503+0000] {processor.py:830} INFO - Processing file /opt/airflow/dags/sodai/__init__.py for tasks to queue
[2025-11-19T18:29:05.505+0000] {logging_mixin.py:188} INFO - [2025-11-19T18:29:05.505+0000] {dagbag.py:540} INFO - Filling up the DagBag from /opt/airflow/dags/sodai/__init__.py
[2025-11-19T18:29:05.516+0000] {processor.py:842} WARNING - No viable dags retrieved from /opt/airflow/dags/sodai/__init__.py
[2025-11-19T18:29:05.526+0000] {processor.py:183} INFO - Processing /opt/airflow/dags/sodai/__init__.py took 0.028 seconds
[2025-11-19T18:29:35.871+0000] {processor.py:161} INFO - Started process (PID=2581) to work on /opt/airflow/dags/sodai/__init__.py
[2025-11-19T18:29:35.872+0000] {processor.py:830} INFO - Processing file /opt/airflow/dags/sodai/__init__.py for tasks to queue
[2025-11-19T18:29:35.874+0000] {logging_mixin.py:188} INFO - [2025-11-19T18:29:35.874+0000] {dagbag.py:540} INFO - Filling up the DagBag from /opt/airflow/dags/sodai/__init__.py
[2025-11-19T18:29:35.886+0000] {processor.py:842} WARNING - No viable dags retrieved from /opt/airflow/dags/sodai/__init__.py
[2025-11-19T18:29:35.898+0000] {processor.py:183} INFO - Processing /opt/airflow/dags/sodai/__init__.py took 0.032 seconds
[2025-11-19T18:30:06.627+0000] {processor.py:161} INFO - Started process (PID=2596) to work on /opt/airflow/dags/sodai/__init__.py
[2025-11-19T18:30:06.628+0000] {processor.py:830} INFO - Processing file /opt/airflow/dags/sodai/__init__.py for tasks to queue
[2025-11-19T18:30:06.631+0000] {logging_mixin.py:188} INFO - [2025-11-19T18:30:06.630+0000] {dagbag.py:540} INFO - Filling up the DagBag from /opt/airflow/dags/sodai/__init__.py
[2025-11-19T18:30:06.640+0000] {processor.py:842} WARNING - No viable dags retrieved from /opt/airflow/dags/sodai/__init__.py
[2025-11-19T18:30:06.653+0000] {processor.py:183} INFO - Processing /opt/airflow/dags/sodai/__init__.py took 0.031 seconds
[2025-11-19T18:32:30.815+0000] {processor.py:161} INFO - Started process (PID=223) to work on /opt/airflow/dags/sodai/__init__.py
[2025-11-19T18:32:30.816+0000] {processor.py:830} INFO - Processing file /opt/airflow/dags/sodai/__init__.py for tasks to queue
[2025-11-19T18:32:30.819+0000] {logging_mixin.py:188} INFO - [2025-11-19T18:32:30.819+0000] {dagbag.py:540} INFO - Filling up the DagBag from /opt/airflow/dags/sodai/__init__.py
[2025-11-19T18:32:30.838+0000] {processor.py:842} WARNING - No viable dags retrieved from /opt/airflow/dags/sodai/__init__.py
[2025-11-19T18:32:30.856+0000] {processor.py:183} INFO - Processing /opt/airflow/dags/sodai/__init__.py took 0.047 seconds
[2025-11-19T18:33:01.108+0000] {processor.py:161} INFO - Started process (PID=233) to work on /opt/airflow/dags/sodai/__init__.py
[2025-11-19T18:33:01.109+0000] {processor.py:830} INFO - Processing file /opt/airflow/dags/sodai/__init__.py for tasks to queue
[2025-11-19T18:33:01.111+0000] {logging_mixin.py:188} INFO - [2025-11-19T18:33:01.111+0000] {dagbag.py:540} INFO - Filling up the DagBag from /opt/airflow/dags/sodai/__init__.py
[2025-11-19T18:33:01.124+0000] {processor.py:842} WARNING - No viable dags retrieved from /opt/airflow/dags/sodai/__init__.py
[2025-11-19T18:33:01.135+0000] {processor.py:183} INFO - Processing /opt/airflow/dags/sodai/__init__.py took 0.033 seconds
[2025-11-19T18:33:31.201+0000] {processor.py:161} INFO - Started process (PID=240) to work on /opt/airflow/dags/sodai/__init__.py
[2025-11-19T18:33:31.202+0000] {processor.py:830} INFO - Processing file /opt/airflow/dags/sodai/__init__.py for tasks to queue
[2025-11-19T18:33:31.205+0000] {logging_mixin.py:188} INFO - [2025-11-19T18:33:31.204+0000] {dagbag.py:540} INFO - Filling up the DagBag from /opt/airflow/dags/sodai/__init__.py
[2025-11-19T18:33:31.217+0000] {processor.py:842} WARNING - No viable dags retrieved from /opt/airflow/dags/sodai/__init__.py
[2025-11-19T18:33:31.229+0000] {processor.py:183} INFO - Processing /opt/airflow/dags/sodai/__init__.py took 0.033 seconds
[2025-11-19T18:34:02.245+0000] {processor.py:161} INFO - Started process (PID=253) to work on /opt/airflow/dags/sodai/__init__.py
[2025-11-19T18:34:02.246+0000] {processor.py:830} INFO - Processing file /opt/airflow/dags/sodai/__init__.py for tasks to queue
[2025-11-19T18:34:02.248+0000] {logging_mixin.py:188} INFO - [2025-11-19T18:34:02.248+0000] {dagbag.py:540} INFO - Filling up the DagBag from /opt/airflow/dags/sodai/__init__.py
[2025-11-19T18:34:02.264+0000] {processor.py:842} WARNING - No viable dags retrieved from /opt/airflow/dags/sodai/__init__.py
[2025-11-19T18:34:02.277+0000] {processor.py:183} INFO - Processing /opt/airflow/dags/sodai/__init__.py took 0.037 seconds
[2025-11-19T18:34:32.425+0000] {processor.py:161} INFO - Started process (PID=263) to work on /opt/airflow/dags/sodai/__init__.py
[2025-11-19T18:34:32.426+0000] {processor.py:830} INFO - Processing file /opt/airflow/dags/sodai/__init__.py for tasks to queue
[2025-11-19T18:34:32.428+0000] {logging_mixin.py:188} INFO - [2025-11-19T18:34:32.427+0000] {dagbag.py:540} INFO - Filling up the DagBag from /opt/airflow/dags/sodai/__init__.py
[2025-11-19T18:34:32.438+0000] {processor.py:842} WARNING - No viable dags retrieved from /opt/airflow/dags/sodai/__init__.py
[2025-11-19T18:34:32.451+0000] {processor.py:183} INFO - Processing /opt/airflow/dags/sodai/__init__.py took 0.030 seconds
[2025-11-19T18:35:02.521+0000] {processor.py:161} INFO - Started process (PID=270) to work on /opt/airflow/dags/sodai/__init__.py
[2025-11-19T18:35:02.522+0000] {processor.py:830} INFO - Processing file /opt/airflow/dags/sodai/__init__.py for tasks to queue
[2025-11-19T18:35:02.524+0000] {logging_mixin.py:188} INFO - [2025-11-19T18:35:02.524+0000] {dagbag.py:540} INFO - Filling up the DagBag from /opt/airflow/dags/sodai/__init__.py
[2025-11-19T18:35:02.539+0000] {processor.py:842} WARNING - No viable dags retrieved from /opt/airflow/dags/sodai/__init__.py
[2025-11-19T18:35:02.551+0000] {processor.py:183} INFO - Processing /opt/airflow/dags/sodai/__init__.py took 0.034 seconds
[2025-11-19T18:35:35.654+0000] {processor.py:161} INFO - Started process (PID=283) to work on /opt/airflow/dags/sodai/__init__.py
[2025-11-19T18:35:35.655+0000] {processor.py:830} INFO - Processing file /opt/airflow/dags/sodai/__init__.py for tasks to queue
[2025-11-19T18:35:35.657+0000] {logging_mixin.py:188} INFO - [2025-11-19T18:35:35.657+0000] {dagbag.py:540} INFO - Filling up the DagBag from /opt/airflow/dags/sodai/__init__.py
[2025-11-19T18:35:35.670+0000] {processor.py:842} WARNING - No viable dags retrieved from /opt/airflow/dags/sodai/__init__.py
[2025-11-19T18:35:35.682+0000] {processor.py:183} INFO - Processing /opt/airflow/dags/sodai/__init__.py took 0.032 seconds
[2025-11-19T18:36:08.734+0000] {processor.py:161} INFO - Started process (PID=293) to work on /opt/airflow/dags/sodai/__init__.py
[2025-11-19T18:36:08.735+0000] {processor.py:830} INFO - Processing file /opt/airflow/dags/sodai/__init__.py for tasks to queue
[2025-11-19T18:36:08.737+0000] {logging_mixin.py:188} INFO - [2025-11-19T18:36:08.737+0000] {dagbag.py:540} INFO - Filling up the DagBag from /opt/airflow/dags/sodai/__init__.py
[2025-11-19T18:36:08.751+0000] {processor.py:842} WARNING - No viable dags retrieved from /opt/airflow/dags/sodai/__init__.py
[2025-11-19T18:36:08.764+0000] {processor.py:183} INFO - Processing /opt/airflow/dags/sodai/__init__.py took 0.035 seconds
[2025-11-19T18:36:39.055+0000] {processor.py:161} INFO - Started process (PID=303) to work on /opt/airflow/dags/sodai/__init__.py
[2025-11-19T18:36:39.056+0000] {processor.py:830} INFO - Processing file /opt/airflow/dags/sodai/__init__.py for tasks to queue
[2025-11-19T18:36:39.058+0000] {logging_mixin.py:188} INFO - [2025-11-19T18:36:39.058+0000] {dagbag.py:540} INFO - Filling up the DagBag from /opt/airflow/dags/sodai/__init__.py
[2025-11-19T18:36:39.072+0000] {processor.py:842} WARNING - No viable dags retrieved from /opt/airflow/dags/sodai/__init__.py
[2025-11-19T18:36:40.982+0000] {processor.py:183} INFO - Processing /opt/airflow/dags/sodai/__init__.py took 0.038 seconds
[2025-11-19T18:37:14.196+0000] {processor.py:161} INFO - Started process (PID=313) to work on /opt/airflow/dags/sodai/__init__.py
[2025-11-19T18:37:14.197+0000] {processor.py:830} INFO - Processing file /opt/airflow/dags/sodai/__init__.py for tasks to queue
[2025-11-19T18:37:14.199+0000] {logging_mixin.py:188} INFO - [2025-11-19T18:37:14.198+0000] {dagbag.py:540} INFO - Filling up the DagBag from /opt/airflow/dags/sodai/__init__.py
[2025-11-19T18:37:14.213+0000] {processor.py:842} WARNING - No viable dags retrieved from /opt/airflow/dags/sodai/__init__.py
[2025-11-19T18:37:14.228+0000] {processor.py:183} INFO - Processing /opt/airflow/dags/sodai/__init__.py took 0.038 seconds
[2025-11-19T18:37:47.507+0000] {processor.py:161} INFO - Started process (PID=323) to work on /opt/airflow/dags/sodai/__init__.py
[2025-11-19T18:37:47.508+0000] {processor.py:830} INFO - Processing file /opt/airflow/dags/sodai/__init__.py for tasks to queue
[2025-11-19T18:37:47.510+0000] {logging_mixin.py:188} INFO - [2025-11-19T18:37:47.510+0000] {dagbag.py:540} INFO - Filling up the DagBag from /opt/airflow/dags/sodai/__init__.py
[2025-11-19T18:37:47.525+0000] {processor.py:842} WARNING - No viable dags retrieved from /opt/airflow/dags/sodai/__init__.py
[2025-11-19T18:37:47.540+0000] {processor.py:183} INFO - Processing /opt/airflow/dags/sodai/__init__.py took 0.039 seconds
[2025-11-19T18:38:17.754+0000] {processor.py:161} INFO - Started process (PID=333) to work on /opt/airflow/dags/sodai/__init__.py
[2025-11-19T18:38:17.755+0000] {processor.py:830} INFO - Processing file /opt/airflow/dags/sodai/__init__.py for tasks to queue
[2025-11-19T18:38:17.757+0000] {logging_mixin.py:188} INFO - [2025-11-19T18:38:17.756+0000] {dagbag.py:540} INFO - Filling up the DagBag from /opt/airflow/dags/sodai/__init__.py
[2025-11-19T18:38:17.775+0000] {processor.py:842} WARNING - No viable dags retrieved from /opt/airflow/dags/sodai/__init__.py
[2025-11-19T18:38:17.795+0000] {processor.py:183} INFO - Processing /opt/airflow/dags/sodai/__init__.py took 0.046 seconds
[2025-11-19T18:38:47.898+0000] {processor.py:161} INFO - Started process (PID=340) to work on /opt/airflow/dags/sodai/__init__.py
[2025-11-19T18:38:47.899+0000] {processor.py:830} INFO - Processing file /opt/airflow/dags/sodai/__init__.py for tasks to queue
[2025-11-19T18:38:47.901+0000] {logging_mixin.py:188} INFO - [2025-11-19T18:38:47.900+0000] {dagbag.py:540} INFO - Filling up the DagBag from /opt/airflow/dags/sodai/__init__.py
[2025-11-19T18:38:47.911+0000] {processor.py:842} WARNING - No viable dags retrieved from /opt/airflow/dags/sodai/__init__.py
[2025-11-19T18:38:47.923+0000] {processor.py:183} INFO - Processing /opt/airflow/dags/sodai/__init__.py took 0.030 seconds
[2025-11-19T18:39:18.121+0000] {processor.py:161} INFO - Started process (PID=350) to work on /opt/airflow/dags/sodai/__init__.py
[2025-11-19T18:39:18.122+0000] {processor.py:830} INFO - Processing file /opt/airflow/dags/sodai/__init__.py for tasks to queue
[2025-11-19T18:39:18.124+0000] {logging_mixin.py:188} INFO - [2025-11-19T18:39:18.124+0000] {dagbag.py:540} INFO - Filling up the DagBag from /opt/airflow/dags/sodai/__init__.py
[2025-11-19T18:39:18.136+0000] {processor.py:842} WARNING - No viable dags retrieved from /opt/airflow/dags/sodai/__init__.py
[2025-11-19T18:39:18.147+0000] {processor.py:183} INFO - Processing /opt/airflow/dags/sodai/__init__.py took 0.031 seconds
[2025-11-19T18:39:48.255+0000] {processor.py:161} INFO - Started process (PID=360) to work on /opt/airflow/dags/sodai/__init__.py
[2025-11-19T18:39:48.257+0000] {processor.py:830} INFO - Processing file /opt/airflow/dags/sodai/__init__.py for tasks to queue
[2025-11-19T18:39:48.259+0000] {logging_mixin.py:188} INFO - [2025-11-19T18:39:48.258+0000] {dagbag.py:540} INFO - Filling up the DagBag from /opt/airflow/dags/sodai/__init__.py
[2025-11-19T18:39:48.270+0000] {processor.py:842} WARNING - No viable dags retrieved from /opt/airflow/dags/sodai/__init__.py
[2025-11-19T18:39:48.284+0000] {processor.py:183} INFO - Processing /opt/airflow/dags/sodai/__init__.py took 0.033 seconds
[2025-11-19T18:40:18.397+0000] {processor.py:161} INFO - Started process (PID=370) to work on /opt/airflow/dags/sodai/__init__.py
[2025-11-19T18:40:18.398+0000] {processor.py:830} INFO - Processing file /opt/airflow/dags/sodai/__init__.py for tasks to queue
[2025-11-19T18:40:18.400+0000] {logging_mixin.py:188} INFO - [2025-11-19T18:40:18.399+0000] {dagbag.py:540} INFO - Filling up the DagBag from /opt/airflow/dags/sodai/__init__.py
[2025-11-19T18:40:18.410+0000] {processor.py:842} WARNING - No viable dags retrieved from /opt/airflow/dags/sodai/__init__.py
[2025-11-19T18:40:18.426+0000] {processor.py:183} INFO - Processing /opt/airflow/dags/sodai/__init__.py took 0.034 seconds
[2025-11-19T18:40:48.708+0000] {processor.py:161} INFO - Started process (PID=380) to work on /opt/airflow/dags/sodai/__init__.py
[2025-11-19T18:40:48.709+0000] {processor.py:830} INFO - Processing file /opt/airflow/dags/sodai/__init__.py for tasks to queue
[2025-11-19T18:40:48.711+0000] {logging_mixin.py:188} INFO - [2025-11-19T18:40:48.711+0000] {dagbag.py:540} INFO - Filling up the DagBag from /opt/airflow/dags/sodai/__init__.py
[2025-11-19T18:40:48.726+0000] {processor.py:842} WARNING - No viable dags retrieved from /opt/airflow/dags/sodai/__init__.py
[2025-11-19T18:40:48.741+0000] {processor.py:183} INFO - Processing /opt/airflow/dags/sodai/__init__.py took 0.038 seconds
[2025-11-19T18:41:18.952+0000] {processor.py:161} INFO - Started process (PID=390) to work on /opt/airflow/dags/sodai/__init__.py
[2025-11-19T18:41:18.954+0000] {processor.py:830} INFO - Processing file /opt/airflow/dags/sodai/__init__.py for tasks to queue
[2025-11-19T18:41:18.957+0000] {logging_mixin.py:188} INFO - [2025-11-19T18:41:18.957+0000] {dagbag.py:540} INFO - Filling up the DagBag from /opt/airflow/dags/sodai/__init__.py
[2025-11-19T18:41:18.972+0000] {processor.py:842} WARNING - No viable dags retrieved from /opt/airflow/dags/sodai/__init__.py
[2025-11-19T18:41:18.986+0000] {processor.py:183} INFO - Processing /opt/airflow/dags/sodai/__init__.py took 0.039 seconds
[2025-11-19T18:41:49.298+0000] {processor.py:161} INFO - Started process (PID=400) to work on /opt/airflow/dags/sodai/__init__.py
[2025-11-19T18:41:49.299+0000] {processor.py:830} INFO - Processing file /opt/airflow/dags/sodai/__init__.py for tasks to queue
[2025-11-19T18:41:49.302+0000] {logging_mixin.py:188} INFO - [2025-11-19T18:41:49.301+0000] {dagbag.py:540} INFO - Filling up the DagBag from /opt/airflow/dags/sodai/__init__.py
[2025-11-19T18:41:49.319+0000] {processor.py:842} WARNING - No viable dags retrieved from /opt/airflow/dags/sodai/__init__.py
[2025-11-19T18:41:49.334+0000] {processor.py:183} INFO - Processing /opt/airflow/dags/sodai/__init__.py took 0.040 seconds
[2025-11-19T18:42:19.485+0000] {processor.py:161} INFO - Started process (PID=410) to work on /opt/airflow/dags/sodai/__init__.py
[2025-11-19T18:42:19.486+0000] {processor.py:830} INFO - Processing file /opt/airflow/dags/sodai/__init__.py for tasks to queue
[2025-11-19T18:42:19.488+0000] {logging_mixin.py:188} INFO - [2025-11-19T18:42:19.487+0000] {dagbag.py:540} INFO - Filling up the DagBag from /opt/airflow/dags/sodai/__init__.py
[2025-11-19T18:42:19.501+0000] {processor.py:842} WARNING - No viable dags retrieved from /opt/airflow/dags/sodai/__init__.py
[2025-11-19T18:42:19.515+0000] {processor.py:183} INFO - Processing /opt/airflow/dags/sodai/__init__.py took 0.035 seconds
[2025-11-19T18:42:49.809+0000] {processor.py:161} INFO - Started process (PID=420) to work on /opt/airflow/dags/sodai/__init__.py
[2025-11-19T18:42:49.810+0000] {processor.py:830} INFO - Processing file /opt/airflow/dags/sodai/__init__.py for tasks to queue
[2025-11-19T18:42:49.812+0000] {logging_mixin.py:188} INFO - [2025-11-19T18:42:49.812+0000] {dagbag.py:540} INFO - Filling up the DagBag from /opt/airflow/dags/sodai/__init__.py
[2025-11-19T18:42:49.829+0000] {processor.py:842} WARNING - No viable dags retrieved from /opt/airflow/dags/sodai/__init__.py
[2025-11-19T18:42:49.845+0000] {processor.py:183} INFO - Processing /opt/airflow/dags/sodai/__init__.py took 0.042 seconds
[2025-11-19T18:43:20.005+0000] {processor.py:161} INFO - Started process (PID=430) to work on /opt/airflow/dags/sodai/__init__.py
[2025-11-19T18:43:20.007+0000] {processor.py:830} INFO - Processing file /opt/airflow/dags/sodai/__init__.py for tasks to queue
[2025-11-19T18:43:20.009+0000] {logging_mixin.py:188} INFO - [2025-11-19T18:43:20.008+0000] {dagbag.py:540} INFO - Filling up the DagBag from /opt/airflow/dags/sodai/__init__.py
[2025-11-19T18:43:20.023+0000] {processor.py:842} WARNING - No viable dags retrieved from /opt/airflow/dags/sodai/__init__.py
[2025-11-19T18:43:20.035+0000] {processor.py:183} INFO - Processing /opt/airflow/dags/sodai/__init__.py took 0.035 seconds
[2025-11-19T18:43:50.251+0000] {processor.py:161} INFO - Started process (PID=440) to work on /opt/airflow/dags/sodai/__init__.py
[2025-11-19T18:43:50.252+0000] {processor.py:830} INFO - Processing file /opt/airflow/dags/sodai/__init__.py for tasks to queue
[2025-11-19T18:43:50.254+0000] {logging_mixin.py:188} INFO - [2025-11-19T18:43:50.253+0000] {dagbag.py:540} INFO - Filling up the DagBag from /opt/airflow/dags/sodai/__init__.py
[2025-11-19T18:43:50.263+0000] {processor.py:842} WARNING - No viable dags retrieved from /opt/airflow/dags/sodai/__init__.py
[2025-11-19T18:43:50.274+0000] {processor.py:183} INFO - Processing /opt/airflow/dags/sodai/__init__.py took 0.027 seconds
[2025-11-19T18:44:23.421+0000] {processor.py:161} INFO - Started process (PID=450) to work on /opt/airflow/dags/sodai/__init__.py
[2025-11-19T18:44:23.422+0000] {processor.py:830} INFO - Processing file /opt/airflow/dags/sodai/__init__.py for tasks to queue
[2025-11-19T18:44:23.424+0000] {logging_mixin.py:188} INFO - [2025-11-19T18:44:23.424+0000] {dagbag.py:540} INFO - Filling up the DagBag from /opt/airflow/dags/sodai/__init__.py
[2025-11-19T18:44:23.436+0000] {processor.py:842} WARNING - No viable dags retrieved from /opt/airflow/dags/sodai/__init__.py
[2025-11-19T18:44:23.448+0000] {processor.py:183} INFO - Processing /opt/airflow/dags/sodai/__init__.py took 0.031 seconds
[2025-11-19T18:44:53.838+0000] {processor.py:161} INFO - Started process (PID=460) to work on /opt/airflow/dags/sodai/__init__.py
[2025-11-19T18:44:53.839+0000] {processor.py:830} INFO - Processing file /opt/airflow/dags/sodai/__init__.py for tasks to queue
[2025-11-19T18:44:53.841+0000] {logging_mixin.py:188} INFO - [2025-11-19T18:44:53.841+0000] {dagbag.py:540} INFO - Filling up the DagBag from /opt/airflow/dags/sodai/__init__.py
[2025-11-19T18:44:53.852+0000] {processor.py:842} WARNING - No viable dags retrieved from /opt/airflow/dags/sodai/__init__.py
[2025-11-19T18:44:53.864+0000] {processor.py:183} INFO - Processing /opt/airflow/dags/sodai/__init__.py took 0.031 seconds
[2025-11-19T18:45:23.945+0000] {processor.py:161} INFO - Started process (PID=470) to work on /opt/airflow/dags/sodai/__init__.py
[2025-11-19T18:45:23.946+0000] {processor.py:830} INFO - Processing file /opt/airflow/dags/sodai/__init__.py for tasks to queue
[2025-11-19T18:45:23.948+0000] {logging_mixin.py:188} INFO - [2025-11-19T18:45:23.948+0000] {dagbag.py:540} INFO - Filling up the DagBag from /opt/airflow/dags/sodai/__init__.py
[2025-11-19T18:45:23.962+0000] {processor.py:842} WARNING - No viable dags retrieved from /opt/airflow/dags/sodai/__init__.py
[2025-11-19T18:45:23.977+0000] {processor.py:183} INFO - Processing /opt/airflow/dags/sodai/__init__.py took 0.036 seconds
[2025-11-19T18:45:54.216+0000] {processor.py:161} INFO - Started process (PID=480) to work on /opt/airflow/dags/sodai/__init__.py
[2025-11-19T18:45:54.217+0000] {processor.py:830} INFO - Processing file /opt/airflow/dags/sodai/__init__.py for tasks to queue
[2025-11-19T18:45:54.219+0000] {logging_mixin.py:188} INFO - [2025-11-19T18:45:54.219+0000] {dagbag.py:540} INFO - Filling up the DagBag from /opt/airflow/dags/sodai/__init__.py
[2025-11-19T18:45:54.228+0000] {processor.py:842} WARNING - No viable dags retrieved from /opt/airflow/dags/sodai/__init__.py
[2025-11-19T18:45:54.240+0000] {processor.py:183} INFO - Processing /opt/airflow/dags/sodai/__init__.py took 0.029 seconds
[2025-11-19T18:46:24.555+0000] {processor.py:161} INFO - Started process (PID=551) to work on /opt/airflow/dags/sodai/__init__.py
[2025-11-19T18:46:24.557+0000] {processor.py:830} INFO - Processing file /opt/airflow/dags/sodai/__init__.py for tasks to queue
[2025-11-19T18:46:24.560+0000] {logging_mixin.py:188} INFO - [2025-11-19T18:46:24.560+0000] {dagbag.py:540} INFO - Filling up the DagBag from /opt/airflow/dags/sodai/__init__.py
[2025-11-19T18:46:24.577+0000] {processor.py:842} WARNING - No viable dags retrieved from /opt/airflow/dags/sodai/__init__.py
[2025-11-19T18:46:24.591+0000] {processor.py:183} INFO - Processing /opt/airflow/dags/sodai/__init__.py took 0.044 seconds
[2025-11-19T18:46:54.750+0000] {processor.py:161} INFO - Started process (PID=607) to work on /opt/airflow/dags/sodai/__init__.py
[2025-11-19T18:46:54.751+0000] {processor.py:830} INFO - Processing file /opt/airflow/dags/sodai/__init__.py for tasks to queue
[2025-11-19T18:46:54.754+0000] {logging_mixin.py:188} INFO - [2025-11-19T18:46:54.753+0000] {dagbag.py:540} INFO - Filling up the DagBag from /opt/airflow/dags/sodai/__init__.py
[2025-11-19T18:46:54.769+0000] {processor.py:842} WARNING - No viable dags retrieved from /opt/airflow/dags/sodai/__init__.py
[2025-11-19T18:46:54.785+0000] {processor.py:183} INFO - Processing /opt/airflow/dags/sodai/__init__.py took 0.041 seconds
[2025-11-19T18:47:24.935+0000] {processor.py:161} INFO - Started process (PID=657) to work on /opt/airflow/dags/sodai/__init__.py
[2025-11-19T18:47:24.935+0000] {processor.py:830} INFO - Processing file /opt/airflow/dags/sodai/__init__.py for tasks to queue
[2025-11-19T18:47:24.937+0000] {logging_mixin.py:188} INFO - [2025-11-19T18:47:24.937+0000] {dagbag.py:540} INFO - Filling up the DagBag from /opt/airflow/dags/sodai/__init__.py
[2025-11-19T18:47:24.947+0000] {processor.py:842} WARNING - No viable dags retrieved from /opt/airflow/dags/sodai/__init__.py
[2025-11-19T18:47:24.959+0000] {processor.py:183} INFO - Processing /opt/airflow/dags/sodai/__init__.py took 0.029 seconds
[2025-11-19T18:47:55.223+0000] {processor.py:161} INFO - Started process (PID=667) to work on /opt/airflow/dags/sodai/__init__.py
[2025-11-19T18:47:55.224+0000] {processor.py:830} INFO - Processing file /opt/airflow/dags/sodai/__init__.py for tasks to queue
[2025-11-19T18:47:55.225+0000] {logging_mixin.py:188} INFO - [2025-11-19T18:47:55.225+0000] {dagbag.py:540} INFO - Filling up the DagBag from /opt/airflow/dags/sodai/__init__.py
[2025-11-19T18:47:55.235+0000] {processor.py:842} WARNING - No viable dags retrieved from /opt/airflow/dags/sodai/__init__.py
[2025-11-19T18:47:55.246+0000] {processor.py:183} INFO - Processing /opt/airflow/dags/sodai/__init__.py took 0.027 seconds
[2025-11-19T18:48:25.405+0000] {processor.py:161} INFO - Started process (PID=677) to work on /opt/airflow/dags/sodai/__init__.py
[2025-11-19T18:48:25.406+0000] {processor.py:830} INFO - Processing file /opt/airflow/dags/sodai/__init__.py for tasks to queue
[2025-11-19T18:48:25.407+0000] {logging_mixin.py:188} INFO - [2025-11-19T18:48:25.407+0000] {dagbag.py:540} INFO - Filling up the DagBag from /opt/airflow/dags/sodai/__init__.py
[2025-11-19T18:48:25.420+0000] {processor.py:842} WARNING - No viable dags retrieved from /opt/airflow/dags/sodai/__init__.py
[2025-11-19T18:48:25.431+0000] {processor.py:183} INFO - Processing /opt/airflow/dags/sodai/__init__.py took 0.031 seconds
[2025-11-19T18:48:55.586+0000] {processor.py:161} INFO - Started process (PID=687) to work on /opt/airflow/dags/sodai/__init__.py
[2025-11-19T18:48:55.587+0000] {processor.py:830} INFO - Processing file /opt/airflow/dags/sodai/__init__.py for tasks to queue
[2025-11-19T18:48:55.588+0000] {logging_mixin.py:188} INFO - [2025-11-19T18:48:55.588+0000] {dagbag.py:540} INFO - Filling up the DagBag from /opt/airflow/dags/sodai/__init__.py
[2025-11-19T18:48:55.598+0000] {processor.py:842} WARNING - No viable dags retrieved from /opt/airflow/dags/sodai/__init__.py
[2025-11-19T18:48:55.610+0000] {processor.py:183} INFO - Processing /opt/airflow/dags/sodai/__init__.py took 0.029 seconds
[2025-11-19T18:49:25.831+0000] {processor.py:161} INFO - Started process (PID=697) to work on /opt/airflow/dags/sodai/__init__.py
[2025-11-19T18:49:25.832+0000] {processor.py:830} INFO - Processing file /opt/airflow/dags/sodai/__init__.py for tasks to queue
[2025-11-19T18:49:25.834+0000] {logging_mixin.py:188} INFO - [2025-11-19T18:49:25.834+0000] {dagbag.py:540} INFO - Filling up the DagBag from /opt/airflow/dags/sodai/__init__.py
[2025-11-19T18:49:25.845+0000] {processor.py:842} WARNING - No viable dags retrieved from /opt/airflow/dags/sodai/__init__.py
[2025-11-19T18:49:25.857+0000] {processor.py:183} INFO - Processing /opt/airflow/dags/sodai/__init__.py took 0.032 seconds
[2025-11-19T18:49:56.151+0000] {processor.py:161} INFO - Started process (PID=797) to work on /opt/airflow/dags/sodai/__init__.py
[2025-11-19T18:49:56.152+0000] {processor.py:830} INFO - Processing file /opt/airflow/dags/sodai/__init__.py for tasks to queue
[2025-11-19T18:49:56.155+0000] {logging_mixin.py:188} INFO - [2025-11-19T18:49:56.155+0000] {dagbag.py:540} INFO - Filling up the DagBag from /opt/airflow/dags/sodai/__init__.py
[2025-11-19T18:49:56.174+0000] {processor.py:842} WARNING - No viable dags retrieved from /opt/airflow/dags/sodai/__init__.py
[2025-11-19T18:49:56.189+0000] {processor.py:183} INFO - Processing /opt/airflow/dags/sodai/__init__.py took 0.045 seconds
[2025-11-19T18:50:26.540+0000] {processor.py:161} INFO - Started process (PID=855) to work on /opt/airflow/dags/sodai/__init__.py
[2025-11-19T18:50:26.542+0000] {processor.py:830} INFO - Processing file /opt/airflow/dags/sodai/__init__.py for tasks to queue
[2025-11-19T18:50:26.546+0000] {logging_mixin.py:188} INFO - [2025-11-19T18:50:26.545+0000] {dagbag.py:540} INFO - Filling up the DagBag from /opt/airflow/dags/sodai/__init__.py
[2025-11-19T18:50:26.560+0000] {processor.py:842} WARNING - No viable dags retrieved from /opt/airflow/dags/sodai/__init__.py
[2025-11-19T18:50:26.575+0000] {processor.py:183} INFO - Processing /opt/airflow/dags/sodai/__init__.py took 0.044 seconds
[2025-11-19T18:50:59.825+0000] {processor.py:161} INFO - Started process (PID=871) to work on /opt/airflow/dags/sodai/__init__.py
[2025-11-19T18:50:59.826+0000] {processor.py:830} INFO - Processing file /opt/airflow/dags/sodai/__init__.py for tasks to queue
[2025-11-19T18:50:59.827+0000] {logging_mixin.py:188} INFO - [2025-11-19T18:50:59.827+0000] {dagbag.py:540} INFO - Filling up the DagBag from /opt/airflow/dags/sodai/__init__.py
[2025-11-19T18:50:59.836+0000] {processor.py:842} WARNING - No viable dags retrieved from /opt/airflow/dags/sodai/__init__.py
[2025-11-19T18:50:59.847+0000] {processor.py:183} INFO - Processing /opt/airflow/dags/sodai/__init__.py took 0.026 seconds
[2025-11-19T18:51:33.023+0000] {processor.py:161} INFO - Started process (PID=881) to work on /opt/airflow/dags/sodai/__init__.py
[2025-11-19T18:51:33.024+0000] {processor.py:830} INFO - Processing file /opt/airflow/dags/sodai/__init__.py for tasks to queue
[2025-11-19T18:51:33.026+0000] {logging_mixin.py:188} INFO - [2025-11-19T18:51:33.025+0000] {dagbag.py:540} INFO - Filling up the DagBag from /opt/airflow/dags/sodai/__init__.py
[2025-11-19T18:51:33.036+0000] {processor.py:842} WARNING - No viable dags retrieved from /opt/airflow/dags/sodai/__init__.py
[2025-11-19T18:51:33.047+0000] {processor.py:183} INFO - Processing /opt/airflow/dags/sodai/__init__.py took 0.028 seconds
[2025-11-19T18:52:03.363+0000] {processor.py:161} INFO - Started process (PID=891) to work on /opt/airflow/dags/sodai/__init__.py
[2025-11-19T18:52:03.364+0000] {processor.py:830} INFO - Processing file /opt/airflow/dags/sodai/__init__.py for tasks to queue
[2025-11-19T18:52:03.366+0000] {logging_mixin.py:188} INFO - [2025-11-19T18:52:03.366+0000] {dagbag.py:540} INFO - Filling up the DagBag from /opt/airflow/dags/sodai/__init__.py
[2025-11-19T18:52:03.376+0000] {processor.py:842} WARNING - No viable dags retrieved from /opt/airflow/dags/sodai/__init__.py
[2025-11-19T18:52:03.388+0000] {processor.py:183} INFO - Processing /opt/airflow/dags/sodai/__init__.py took 0.030 seconds
[2025-11-19T18:52:33.622+0000] {processor.py:161} INFO - Started process (PID=901) to work on /opt/airflow/dags/sodai/__init__.py
[2025-11-19T18:52:33.624+0000] {processor.py:830} INFO - Processing file /opt/airflow/dags/sodai/__init__.py for tasks to queue
[2025-11-19T18:52:33.626+0000] {logging_mixin.py:188} INFO - [2025-11-19T18:52:33.625+0000] {dagbag.py:540} INFO - Filling up the DagBag from /opt/airflow/dags/sodai/__init__.py
[2025-11-19T18:52:33.640+0000] {processor.py:842} WARNING - No viable dags retrieved from /opt/airflow/dags/sodai/__init__.py
[2025-11-19T18:52:33.655+0000] {processor.py:183} INFO - Processing /opt/airflow/dags/sodai/__init__.py took 0.040 seconds
[2025-11-19T18:53:03.862+0000] {processor.py:161} INFO - Started process (PID=911) to work on /opt/airflow/dags/sodai/__init__.py
[2025-11-19T18:53:03.863+0000] {processor.py:830} INFO - Processing file /opt/airflow/dags/sodai/__init__.py for tasks to queue
[2025-11-19T18:53:03.865+0000] {logging_mixin.py:188} INFO - [2025-11-19T18:53:03.865+0000] {dagbag.py:540} INFO - Filling up the DagBag from /opt/airflow/dags/sodai/__init__.py
[2025-11-19T18:53:03.874+0000] {processor.py:842} WARNING - No viable dags retrieved from /opt/airflow/dags/sodai/__init__.py
[2025-11-19T18:53:03.885+0000] {processor.py:183} INFO - Processing /opt/airflow/dags/sodai/__init__.py took 0.027 seconds
[2025-11-19T18:53:34.047+0000] {processor.py:161} INFO - Started process (PID=921) to work on /opt/airflow/dags/sodai/__init__.py
[2025-11-19T18:53:34.047+0000] {processor.py:830} INFO - Processing file /opt/airflow/dags/sodai/__init__.py for tasks to queue
[2025-11-19T18:53:34.049+0000] {logging_mixin.py:188} INFO - [2025-11-19T18:53:34.049+0000] {dagbag.py:540} INFO - Filling up the DagBag from /opt/airflow/dags/sodai/__init__.py
[2025-11-19T18:53:34.063+0000] {processor.py:842} WARNING - No viable dags retrieved from /opt/airflow/dags/sodai/__init__.py
[2025-11-19T18:53:34.077+0000] {processor.py:183} INFO - Processing /opt/airflow/dags/sodai/__init__.py took 0.036 seconds
[2025-11-19T18:54:04.255+0000] {processor.py:161} INFO - Started process (PID=931) to work on /opt/airflow/dags/sodai/__init__.py
[2025-11-19T18:54:04.257+0000] {processor.py:830} INFO - Processing file /opt/airflow/dags/sodai/__init__.py for tasks to queue
[2025-11-19T18:54:04.258+0000] {logging_mixin.py:188} INFO - [2025-11-19T18:54:04.258+0000] {dagbag.py:540} INFO - Filling up the DagBag from /opt/airflow/dags/sodai/__init__.py
[2025-11-19T18:54:04.268+0000] {processor.py:842} WARNING - No viable dags retrieved from /opt/airflow/dags/sodai/__init__.py
[2025-11-19T18:54:04.280+0000] {processor.py:183} INFO - Processing /opt/airflow/dags/sodai/__init__.py took 0.030 seconds
[2025-11-19T18:54:34.481+0000] {processor.py:161} INFO - Started process (PID=941) to work on /opt/airflow/dags/sodai/__init__.py
[2025-11-19T18:54:34.483+0000] {processor.py:830} INFO - Processing file /opt/airflow/dags/sodai/__init__.py for tasks to queue
[2025-11-19T18:54:34.485+0000] {logging_mixin.py:188} INFO - [2025-11-19T18:54:34.485+0000] {dagbag.py:540} INFO - Filling up the DagBag from /opt/airflow/dags/sodai/__init__.py
[2025-11-19T18:54:34.495+0000] {processor.py:842} WARNING - No viable dags retrieved from /opt/airflow/dags/sodai/__init__.py
[2025-11-19T18:54:34.506+0000] {processor.py:183} INFO - Processing /opt/airflow/dags/sodai/__init__.py took 0.029 seconds
[2025-11-19T18:55:04.697+0000] {processor.py:161} INFO - Started process (PID=951) to work on /opt/airflow/dags/sodai/__init__.py
[2025-11-19T18:55:04.698+0000] {processor.py:830} INFO - Processing file /opt/airflow/dags/sodai/__init__.py for tasks to queue
[2025-11-19T18:55:04.699+0000] {logging_mixin.py:188} INFO - [2025-11-19T18:55:04.699+0000] {dagbag.py:540} INFO - Filling up the DagBag from /opt/airflow/dags/sodai/__init__.py
[2025-11-19T18:55:04.710+0000] {processor.py:842} WARNING - No viable dags retrieved from /opt/airflow/dags/sodai/__init__.py
[2025-11-19T18:55:04.720+0000] {processor.py:183} INFO - Processing /opt/airflow/dags/sodai/__init__.py took 0.028 seconds
[2025-11-19T18:55:35.053+0000] {processor.py:161} INFO - Started process (PID=961) to work on /opt/airflow/dags/sodai/__init__.py
[2025-11-19T18:55:35.054+0000] {processor.py:830} INFO - Processing file /opt/airflow/dags/sodai/__init__.py for tasks to queue
[2025-11-19T18:55:35.056+0000] {logging_mixin.py:188} INFO - [2025-11-19T18:55:35.055+0000] {dagbag.py:540} INFO - Filling up the DagBag from /opt/airflow/dags/sodai/__init__.py
[2025-11-19T18:55:35.065+0000] {processor.py:842} WARNING - No viable dags retrieved from /opt/airflow/dags/sodai/__init__.py
[2025-11-19T18:55:35.079+0000] {processor.py:183} INFO - Processing /opt/airflow/dags/sodai/__init__.py took 0.030 seconds
[2025-11-19T18:56:05.202+0000] {processor.py:161} INFO - Started process (PID=971) to work on /opt/airflow/dags/sodai/__init__.py
[2025-11-19T18:56:05.203+0000] {processor.py:830} INFO - Processing file /opt/airflow/dags/sodai/__init__.py for tasks to queue
[2025-11-19T18:56:05.204+0000] {logging_mixin.py:188} INFO - [2025-11-19T18:56:05.204+0000] {dagbag.py:540} INFO - Filling up the DagBag from /opt/airflow/dags/sodai/__init__.py
[2025-11-19T18:56:05.215+0000] {processor.py:842} WARNING - No viable dags retrieved from /opt/airflow/dags/sodai/__init__.py
[2025-11-19T18:56:05.228+0000] {processor.py:183} INFO - Processing /opt/airflow/dags/sodai/__init__.py took 0.031 seconds
[2025-11-19T18:56:35.389+0000] {processor.py:161} INFO - Started process (PID=981) to work on /opt/airflow/dags/sodai/__init__.py
[2025-11-19T18:56:35.390+0000] {processor.py:830} INFO - Processing file /opt/airflow/dags/sodai/__init__.py for tasks to queue
[2025-11-19T18:56:35.391+0000] {logging_mixin.py:188} INFO - [2025-11-19T18:56:35.391+0000] {dagbag.py:540} INFO - Filling up the DagBag from /opt/airflow/dags/sodai/__init__.py
[2025-11-19T18:56:35.403+0000] {processor.py:842} WARNING - No viable dags retrieved from /opt/airflow/dags/sodai/__init__.py
[2025-11-19T18:56:35.412+0000] {processor.py:183} INFO - Processing /opt/airflow/dags/sodai/__init__.py took 0.028 seconds
[2025-11-19T18:57:05.604+0000] {processor.py:161} INFO - Started process (PID=991) to work on /opt/airflow/dags/sodai/__init__.py
[2025-11-19T18:57:05.605+0000] {processor.py:830} INFO - Processing file /opt/airflow/dags/sodai/__init__.py for tasks to queue
[2025-11-19T18:57:05.606+0000] {logging_mixin.py:188} INFO - [2025-11-19T18:57:05.606+0000] {dagbag.py:540} INFO - Filling up the DagBag from /opt/airflow/dags/sodai/__init__.py
[2025-11-19T18:57:05.617+0000] {processor.py:842} WARNING - No viable dags retrieved from /opt/airflow/dags/sodai/__init__.py
[2025-11-19T18:57:05.629+0000] {processor.py:183} INFO - Processing /opt/airflow/dags/sodai/__init__.py took 0.029 seconds
[2025-11-19T18:57:35.872+0000] {processor.py:161} INFO - Started process (PID=1001) to work on /opt/airflow/dags/sodai/__init__.py
[2025-11-19T18:57:35.873+0000] {processor.py:830} INFO - Processing file /opt/airflow/dags/sodai/__init__.py for tasks to queue
[2025-11-19T18:57:35.874+0000] {logging_mixin.py:188} INFO - [2025-11-19T18:57:35.874+0000] {dagbag.py:540} INFO - Filling up the DagBag from /opt/airflow/dags/sodai/__init__.py
[2025-11-19T18:57:35.885+0000] {processor.py:842} WARNING - No viable dags retrieved from /opt/airflow/dags/sodai/__init__.py
[2025-11-19T18:57:35.896+0000] {processor.py:183} INFO - Processing /opt/airflow/dags/sodai/__init__.py took 0.027 seconds
[2025-11-19T18:58:09.112+0000] {processor.py:161} INFO - Started process (PID=1011) to work on /opt/airflow/dags/sodai/__init__.py
[2025-11-19T18:58:09.113+0000] {processor.py:830} INFO - Processing file /opt/airflow/dags/sodai/__init__.py for tasks to queue
[2025-11-19T18:58:09.115+0000] {logging_mixin.py:188} INFO - [2025-11-19T18:58:09.115+0000] {dagbag.py:540} INFO - Filling up the DagBag from /opt/airflow/dags/sodai/__init__.py
[2025-11-19T18:58:09.124+0000] {processor.py:842} WARNING - No viable dags retrieved from /opt/airflow/dags/sodai/__init__.py
[2025-11-19T18:58:09.134+0000] {processor.py:183} INFO - Processing /opt/airflow/dags/sodai/__init__.py took 0.026 seconds
[2025-11-19T18:58:42.339+0000] {processor.py:161} INFO - Started process (PID=1021) to work on /opt/airflow/dags/sodai/__init__.py
[2025-11-19T18:58:42.341+0000] {processor.py:830} INFO - Processing file /opt/airflow/dags/sodai/__init__.py for tasks to queue
[2025-11-19T18:58:42.343+0000] {logging_mixin.py:188} INFO - [2025-11-19T18:58:42.343+0000] {dagbag.py:540} INFO - Filling up the DagBag from /opt/airflow/dags/sodai/__init__.py
[2025-11-19T18:58:42.357+0000] {processor.py:842} WARNING - No viable dags retrieved from /opt/airflow/dags/sodai/__init__.py
[2025-11-19T18:58:42.370+0000] {processor.py:183} INFO - Processing /opt/airflow/dags/sodai/__init__.py took 0.035 seconds
[2025-11-19T18:59:15.604+0000] {processor.py:161} INFO - Started process (PID=1031) to work on /opt/airflow/dags/sodai/__init__.py
[2025-11-19T18:59:15.605+0000] {processor.py:830} INFO - Processing file /opt/airflow/dags/sodai/__init__.py for tasks to queue
[2025-11-19T18:59:15.608+0000] {logging_mixin.py:188} INFO - [2025-11-19T18:59:15.607+0000] {dagbag.py:540} INFO - Filling up the DagBag from /opt/airflow/dags/sodai/__init__.py
[2025-11-19T18:59:15.619+0000] {processor.py:842} WARNING - No viable dags retrieved from /opt/airflow/dags/sodai/__init__.py
[2025-11-19T18:59:15.631+0000] {processor.py:183} INFO - Processing /opt/airflow/dags/sodai/__init__.py took 0.033 seconds
[2025-11-19T18:59:46.067+0000] {processor.py:161} INFO - Started process (PID=1041) to work on /opt/airflow/dags/sodai/__init__.py
[2025-11-19T18:59:46.068+0000] {processor.py:830} INFO - Processing file /opt/airflow/dags/sodai/__init__.py for tasks to queue
[2025-11-19T18:59:46.070+0000] {logging_mixin.py:188} INFO - [2025-11-19T18:59:46.070+0000] {dagbag.py:540} INFO - Filling up the DagBag from /opt/airflow/dags/sodai/__init__.py
[2025-11-19T18:59:46.081+0000] {processor.py:842} WARNING - No viable dags retrieved from /opt/airflow/dags/sodai/__init__.py
[2025-11-19T18:59:48.001+0000] {processor.py:183} INFO - Processing /opt/airflow/dags/sodai/__init__.py took 0.033 seconds
[2025-11-19T19:00:21.181+0000] {processor.py:161} INFO - Started process (PID=1054) to work on /opt/airflow/dags/sodai/__init__.py
[2025-11-19T19:00:21.182+0000] {processor.py:830} INFO - Processing file /opt/airflow/dags/sodai/__init__.py for tasks to queue
[2025-11-19T19:00:21.183+0000] {logging_mixin.py:188} INFO - [2025-11-19T19:00:21.183+0000] {dagbag.py:540} INFO - Filling up the DagBag from /opt/airflow/dags/sodai/__init__.py
[2025-11-19T19:00:21.195+0000] {processor.py:842} WARNING - No viable dags retrieved from /opt/airflow/dags/sodai/__init__.py
[2025-11-19T19:00:21.208+0000] {processor.py:183} INFO - Processing /opt/airflow/dags/sodai/__init__.py took 0.033 seconds
[2025-11-19T19:00:54.461+0000] {processor.py:161} INFO - Started process (PID=1064) to work on /opt/airflow/dags/sodai/__init__.py
[2025-11-19T19:00:54.462+0000] {processor.py:830} INFO - Processing file /opt/airflow/dags/sodai/__init__.py for tasks to queue
[2025-11-19T19:00:54.463+0000] {logging_mixin.py:188} INFO - [2025-11-19T19:00:54.463+0000] {dagbag.py:540} INFO - Filling up the DagBag from /opt/airflow/dags/sodai/__init__.py
[2025-11-19T19:00:54.481+0000] {processor.py:842} WARNING - No viable dags retrieved from /opt/airflow/dags/sodai/__init__.py
[2025-11-19T19:00:54.495+0000] {processor.py:183} INFO - Processing /opt/airflow/dags/sodai/__init__.py took 0.039 seconds
[2025-11-19T19:01:27.860+0000] {processor.py:161} INFO - Started process (PID=1074) to work on /opt/airflow/dags/sodai/__init__.py
[2025-11-19T19:01:27.861+0000] {processor.py:830} INFO - Processing file /opt/airflow/dags/sodai/__init__.py for tasks to queue
[2025-11-19T19:01:27.864+0000] {logging_mixin.py:188} INFO - [2025-11-19T19:01:27.863+0000] {dagbag.py:540} INFO - Filling up the DagBag from /opt/airflow/dags/sodai/__init__.py
[2025-11-19T19:01:27.882+0000] {processor.py:842} WARNING - No viable dags retrieved from /opt/airflow/dags/sodai/__init__.py
[2025-11-19T19:01:27.899+0000] {processor.py:183} INFO - Processing /opt/airflow/dags/sodai/__init__.py took 0.045 seconds
[2025-11-19T19:01:58.168+0000] {processor.py:161} INFO - Started process (PID=1084) to work on /opt/airflow/dags/sodai/__init__.py
[2025-11-19T19:01:58.169+0000] {processor.py:830} INFO - Processing file /opt/airflow/dags/sodai/__init__.py for tasks to queue
[2025-11-19T19:01:58.171+0000] {logging_mixin.py:188} INFO - [2025-11-19T19:01:58.171+0000] {dagbag.py:540} INFO - Filling up the DagBag from /opt/airflow/dags/sodai/__init__.py
[2025-11-19T19:01:58.183+0000] {processor.py:842} WARNING - No viable dags retrieved from /opt/airflow/dags/sodai/__init__.py
[2025-11-19T19:01:58.196+0000] {processor.py:183} INFO - Processing /opt/airflow/dags/sodai/__init__.py took 0.033 seconds
[2025-11-19T19:02:28.296+0000] {processor.py:161} INFO - Started process (PID=1094) to work on /opt/airflow/dags/sodai/__init__.py
[2025-11-19T19:02:28.297+0000] {processor.py:830} INFO - Processing file /opt/airflow/dags/sodai/__init__.py for tasks to queue
[2025-11-19T19:02:28.298+0000] {logging_mixin.py:188} INFO - [2025-11-19T19:02:28.298+0000] {dagbag.py:540} INFO - Filling up the DagBag from /opt/airflow/dags/sodai/__init__.py
[2025-11-19T19:02:28.308+0000] {processor.py:842} WARNING - No viable dags retrieved from /opt/airflow/dags/sodai/__init__.py
[2025-11-19T19:02:28.319+0000] {processor.py:183} INFO - Processing /opt/airflow/dags/sodai/__init__.py took 0.028 seconds
[2025-11-19T19:02:58.606+0000] {processor.py:161} INFO - Started process (PID=1104) to work on /opt/airflow/dags/sodai/__init__.py
[2025-11-19T19:02:58.608+0000] {processor.py:830} INFO - Processing file /opt/airflow/dags/sodai/__init__.py for tasks to queue
[2025-11-19T19:02:58.611+0000] {logging_mixin.py:188} INFO - [2025-11-19T19:02:58.610+0000] {dagbag.py:540} INFO - Filling up the DagBag from /opt/airflow/dags/sodai/__init__.py
[2025-11-19T19:02:58.622+0000] {processor.py:842} WARNING - No viable dags retrieved from /opt/airflow/dags/sodai/__init__.py
[2025-11-19T19:02:58.635+0000] {processor.py:183} INFO - Processing /opt/airflow/dags/sodai/__init__.py took 0.035 seconds
[2025-11-19T19:03:28.880+0000] {processor.py:161} INFO - Started process (PID=1114) to work on /opt/airflow/dags/sodai/__init__.py
[2025-11-19T19:03:28.881+0000] {processor.py:830} INFO - Processing file /opt/airflow/dags/sodai/__init__.py for tasks to queue
[2025-11-19T19:03:28.882+0000] {logging_mixin.py:188} INFO - [2025-11-19T19:03:28.882+0000] {dagbag.py:540} INFO - Filling up the DagBag from /opt/airflow/dags/sodai/__init__.py
[2025-11-19T19:03:28.894+0000] {processor.py:842} WARNING - No viable dags retrieved from /opt/airflow/dags/sodai/__init__.py
[2025-11-19T19:03:28.906+0000] {processor.py:183} INFO - Processing /opt/airflow/dags/sodai/__init__.py took 0.030 seconds
[2025-11-19T19:03:59.148+0000] {processor.py:161} INFO - Started process (PID=1124) to work on /opt/airflow/dags/sodai/__init__.py
[2025-11-19T19:03:59.148+0000] {processor.py:830} INFO - Processing file /opt/airflow/dags/sodai/__init__.py for tasks to queue
[2025-11-19T19:03:59.150+0000] {logging_mixin.py:188} INFO - [2025-11-19T19:03:59.149+0000] {dagbag.py:540} INFO - Filling up the DagBag from /opt/airflow/dags/sodai/__init__.py
[2025-11-19T19:03:59.160+0000] {processor.py:842} WARNING - No viable dags retrieved from /opt/airflow/dags/sodai/__init__.py
[2025-11-19T19:03:59.171+0000] {processor.py:183} INFO - Processing /opt/airflow/dags/sodai/__init__.py took 0.027 seconds
[2025-11-19T19:04:29.344+0000] {processor.py:161} INFO - Started process (PID=1134) to work on /opt/airflow/dags/sodai/__init__.py
[2025-11-19T19:04:29.345+0000] {processor.py:830} INFO - Processing file /opt/airflow/dags/sodai/__init__.py for tasks to queue
[2025-11-19T19:04:29.347+0000] {logging_mixin.py:188} INFO - [2025-11-19T19:04:29.346+0000] {dagbag.py:540} INFO - Filling up the DagBag from /opt/airflow/dags/sodai/__init__.py
[2025-11-19T19:04:29.359+0000] {processor.py:842} WARNING - No viable dags retrieved from /opt/airflow/dags/sodai/__init__.py
[2025-11-19T19:04:29.369+0000] {processor.py:183} INFO - Processing /opt/airflow/dags/sodai/__init__.py took 0.029 seconds
[2025-11-19T19:04:59.598+0000] {processor.py:161} INFO - Started process (PID=1144) to work on /opt/airflow/dags/sodai/__init__.py
[2025-11-19T19:04:59.600+0000] {processor.py:830} INFO - Processing file /opt/airflow/dags/sodai/__init__.py for tasks to queue
[2025-11-19T19:04:59.603+0000] {logging_mixin.py:188} INFO - [2025-11-19T19:04:59.602+0000] {dagbag.py:540} INFO - Filling up the DagBag from /opt/airflow/dags/sodai/__init__.py
[2025-11-19T19:04:59.615+0000] {processor.py:842} WARNING - No viable dags retrieved from /opt/airflow/dags/sodai/__init__.py
[2025-11-19T19:04:59.629+0000] {processor.py:183} INFO - Processing /opt/airflow/dags/sodai/__init__.py took 0.041 seconds
[2025-11-19T19:05:29.888+0000] {processor.py:161} INFO - Started process (PID=1154) to work on /opt/airflow/dags/sodai/__init__.py
[2025-11-19T19:05:29.889+0000] {processor.py:830} INFO - Processing file /opt/airflow/dags/sodai/__init__.py for tasks to queue
[2025-11-19T19:05:29.890+0000] {logging_mixin.py:188} INFO - [2025-11-19T19:05:29.890+0000] {dagbag.py:540} INFO - Filling up the DagBag from /opt/airflow/dags/sodai/__init__.py
[2025-11-19T19:05:29.907+0000] {processor.py:842} WARNING - No viable dags retrieved from /opt/airflow/dags/sodai/__init__.py
[2025-11-19T19:05:29.922+0000] {processor.py:183} INFO - Processing /opt/airflow/dags/sodai/__init__.py took 0.039 seconds
[2025-11-19T19:06:00.140+0000] {processor.py:161} INFO - Started process (PID=1164) to work on /opt/airflow/dags/sodai/__init__.py
[2025-11-19T19:06:00.141+0000] {processor.py:830} INFO - Processing file /opt/airflow/dags/sodai/__init__.py for tasks to queue
[2025-11-19T19:06:00.142+0000] {logging_mixin.py:188} INFO - [2025-11-19T19:06:00.142+0000] {dagbag.py:540} INFO - Filling up the DagBag from /opt/airflow/dags/sodai/__init__.py
[2025-11-19T19:06:00.153+0000] {processor.py:842} WARNING - No viable dags retrieved from /opt/airflow/dags/sodai/__init__.py
[2025-11-19T19:06:00.163+0000] {processor.py:183} INFO - Processing /opt/airflow/dags/sodai/__init__.py took 0.026 seconds
[2025-11-19T19:06:30.361+0000] {processor.py:161} INFO - Started process (PID=1174) to work on /opt/airflow/dags/sodai/__init__.py
[2025-11-19T19:06:30.362+0000] {processor.py:830} INFO - Processing file /opt/airflow/dags/sodai/__init__.py for tasks to queue
[2025-11-19T19:06:30.364+0000] {logging_mixin.py:188} INFO - [2025-11-19T19:06:30.363+0000] {dagbag.py:540} INFO - Filling up the DagBag from /opt/airflow/dags/sodai/__init__.py
[2025-11-19T19:06:30.374+0000] {processor.py:842} WARNING - No viable dags retrieved from /opt/airflow/dags/sodai/__init__.py
[2025-11-19T19:06:30.386+0000] {processor.py:183} INFO - Processing /opt/airflow/dags/sodai/__init__.py took 0.028 seconds
[2025-11-19T19:07:00.589+0000] {processor.py:161} INFO - Started process (PID=1184) to work on /opt/airflow/dags/sodai/__init__.py
[2025-11-19T19:07:00.589+0000] {processor.py:830} INFO - Processing file /opt/airflow/dags/sodai/__init__.py for tasks to queue
[2025-11-19T19:07:00.591+0000] {logging_mixin.py:188} INFO - [2025-11-19T19:07:00.590+0000] {dagbag.py:540} INFO - Filling up the DagBag from /opt/airflow/dags/sodai/__init__.py
[2025-11-19T19:07:00.603+0000] {processor.py:842} WARNING - No viable dags retrieved from /opt/airflow/dags/sodai/__init__.py
[2025-11-19T19:07:00.613+0000] {processor.py:183} INFO - Processing /opt/airflow/dags/sodai/__init__.py took 0.028 seconds
[2025-11-19T19:07:30.878+0000] {processor.py:161} INFO - Started process (PID=1194) to work on /opt/airflow/dags/sodai/__init__.py
[2025-11-19T19:07:30.879+0000] {processor.py:830} INFO - Processing file /opt/airflow/dags/sodai/__init__.py for tasks to queue
[2025-11-19T19:07:30.880+0000] {logging_mixin.py:188} INFO - [2025-11-19T19:07:30.880+0000] {dagbag.py:540} INFO - Filling up the DagBag from /opt/airflow/dags/sodai/__init__.py
[2025-11-19T19:07:30.890+0000] {processor.py:842} WARNING - No viable dags retrieved from /opt/airflow/dags/sodai/__init__.py
[2025-11-19T19:07:30.904+0000] {processor.py:183} INFO - Processing /opt/airflow/dags/sodai/__init__.py took 0.030 seconds
[2025-11-19T19:08:04.202+0000] {processor.py:161} INFO - Started process (PID=1204) to work on /opt/airflow/dags/sodai/__init__.py
[2025-11-19T19:08:04.202+0000] {processor.py:830} INFO - Processing file /opt/airflow/dags/sodai/__init__.py for tasks to queue
[2025-11-19T19:08:04.204+0000] {logging_mixin.py:188} INFO - [2025-11-19T19:08:04.204+0000] {dagbag.py:540} INFO - Filling up the DagBag from /opt/airflow/dags/sodai/__init__.py
[2025-11-19T19:08:04.213+0000] {processor.py:842} WARNING - No viable dags retrieved from /opt/airflow/dags/sodai/__init__.py
[2025-11-19T19:08:04.224+0000] {processor.py:183} INFO - Processing /opt/airflow/dags/sodai/__init__.py took 0.025 seconds
[2025-11-19T19:08:37.427+0000] {processor.py:161} INFO - Started process (PID=1214) to work on /opt/airflow/dags/sodai/__init__.py
[2025-11-19T19:08:37.427+0000] {processor.py:830} INFO - Processing file /opt/airflow/dags/sodai/__init__.py for tasks to queue
[2025-11-19T19:08:37.429+0000] {logging_mixin.py:188} INFO - [2025-11-19T19:08:37.428+0000] {dagbag.py:540} INFO - Filling up the DagBag from /opt/airflow/dags/sodai/__init__.py
[2025-11-19T19:08:37.440+0000] {processor.py:842} WARNING - No viable dags retrieved from /opt/airflow/dags/sodai/__init__.py
[2025-11-19T19:08:37.453+0000] {processor.py:183} INFO - Processing /opt/airflow/dags/sodai/__init__.py took 0.030 seconds
[2025-11-19T19:09:07.779+0000] {processor.py:161} INFO - Started process (PID=1224) to work on /opt/airflow/dags/sodai/__init__.py
[2025-11-19T19:09:07.780+0000] {processor.py:830} INFO - Processing file /opt/airflow/dags/sodai/__init__.py for tasks to queue
[2025-11-19T19:09:07.781+0000] {logging_mixin.py:188} INFO - [2025-11-19T19:09:07.781+0000] {dagbag.py:540} INFO - Filling up the DagBag from /opt/airflow/dags/sodai/__init__.py
[2025-11-19T19:09:07.793+0000] {processor.py:842} WARNING - No viable dags retrieved from /opt/airflow/dags/sodai/__init__.py
[2025-11-19T19:09:07.804+0000] {processor.py:183} INFO - Processing /opt/airflow/dags/sodai/__init__.py took 0.028 seconds
[2025-11-19T19:09:37.888+0000] {processor.py:161} INFO - Started process (PID=1231) to work on /opt/airflow/dags/sodai/__init__.py
[2025-11-19T19:09:37.889+0000] {processor.py:830} INFO - Processing file /opt/airflow/dags/sodai/__init__.py for tasks to queue
[2025-11-19T19:09:37.891+0000] {logging_mixin.py:188} INFO - [2025-11-19T19:09:37.891+0000] {dagbag.py:540} INFO - Filling up the DagBag from /opt/airflow/dags/sodai/__init__.py
[2025-11-19T19:09:37.900+0000] {processor.py:842} WARNING - No viable dags retrieved from /opt/airflow/dags/sodai/__init__.py
[2025-11-19T19:09:37.908+0000] {processor.py:183} INFO - Processing /opt/airflow/dags/sodai/__init__.py took 0.024 seconds
[2025-11-19T19:10:08.126+0000] {processor.py:161} INFO - Started process (PID=1241) to work on /opt/airflow/dags/sodai/__init__.py
[2025-11-19T19:10:08.127+0000] {processor.py:830} INFO - Processing file /opt/airflow/dags/sodai/__init__.py for tasks to queue
[2025-11-19T19:10:08.128+0000] {logging_mixin.py:188} INFO - [2025-11-19T19:10:08.128+0000] {dagbag.py:540} INFO - Filling up the DagBag from /opt/airflow/dags/sodai/__init__.py
[2025-11-19T19:10:08.138+0000] {processor.py:842} WARNING - No viable dags retrieved from /opt/airflow/dags/sodai/__init__.py
[2025-11-19T19:10:08.148+0000] {processor.py:183} INFO - Processing /opt/airflow/dags/sodai/__init__.py took 0.026 seconds
[2025-11-19T19:10:38.368+0000] {processor.py:161} INFO - Started process (PID=1251) to work on /opt/airflow/dags/sodai/__init__.py
[2025-11-19T19:10:38.369+0000] {processor.py:830} INFO - Processing file /opt/airflow/dags/sodai/__init__.py for tasks to queue
[2025-11-19T19:10:38.370+0000] {logging_mixin.py:188} INFO - [2025-11-19T19:10:38.370+0000] {dagbag.py:540} INFO - Filling up the DagBag from /opt/airflow/dags/sodai/__init__.py
[2025-11-19T19:10:38.379+0000] {processor.py:842} WARNING - No viable dags retrieved from /opt/airflow/dags/sodai/__init__.py
[2025-11-19T19:10:38.390+0000] {processor.py:183} INFO - Processing /opt/airflow/dags/sodai/__init__.py took 0.026 seconds
[2025-11-19T19:11:08.552+0000] {processor.py:161} INFO - Started process (PID=1261) to work on /opt/airflow/dags/sodai/__init__.py
[2025-11-19T19:11:08.553+0000] {processor.py:830} INFO - Processing file /opt/airflow/dags/sodai/__init__.py for tasks to queue
[2025-11-19T19:11:08.554+0000] {logging_mixin.py:188} INFO - [2025-11-19T19:11:08.554+0000] {dagbag.py:540} INFO - Filling up the DagBag from /opt/airflow/dags/sodai/__init__.py
[2025-11-19T19:11:08.562+0000] {processor.py:842} WARNING - No viable dags retrieved from /opt/airflow/dags/sodai/__init__.py
[2025-11-19T19:11:08.572+0000] {processor.py:183} INFO - Processing /opt/airflow/dags/sodai/__init__.py took 0.025 seconds
[2025-11-19T19:11:38.833+0000] {processor.py:161} INFO - Started process (PID=1271) to work on /opt/airflow/dags/sodai/__init__.py
[2025-11-19T19:11:38.834+0000] {processor.py:830} INFO - Processing file /opt/airflow/dags/sodai/__init__.py for tasks to queue
[2025-11-19T19:11:38.835+0000] {logging_mixin.py:188} INFO - [2025-11-19T19:11:38.835+0000] {dagbag.py:540} INFO - Filling up the DagBag from /opt/airflow/dags/sodai/__init__.py
[2025-11-19T19:11:38.843+0000] {processor.py:842} WARNING - No viable dags retrieved from /opt/airflow/dags/sodai/__init__.py
[2025-11-19T19:11:38.853+0000] {processor.py:183} INFO - Processing /opt/airflow/dags/sodai/__init__.py took 0.024 seconds
[2025-11-19T19:12:09.152+0000] {processor.py:161} INFO - Started process (PID=1281) to work on /opt/airflow/dags/sodai/__init__.py
[2025-11-19T19:12:09.153+0000] {processor.py:830} INFO - Processing file /opt/airflow/dags/sodai/__init__.py for tasks to queue
[2025-11-19T19:12:09.155+0000] {logging_mixin.py:188} INFO - [2025-11-19T19:12:09.154+0000] {dagbag.py:540} INFO - Filling up the DagBag from /opt/airflow/dags/sodai/__init__.py
[2025-11-19T19:12:09.166+0000] {processor.py:842} WARNING - No viable dags retrieved from /opt/airflow/dags/sodai/__init__.py
[2025-11-19T19:12:09.176+0000] {processor.py:183} INFO - Processing /opt/airflow/dags/sodai/__init__.py took 0.029 seconds
[2025-11-19T19:12:39.572+0000] {processor.py:161} INFO - Started process (PID=1291) to work on /opt/airflow/dags/sodai/__init__.py
[2025-11-19T19:12:39.573+0000] {processor.py:830} INFO - Processing file /opt/airflow/dags/sodai/__init__.py for tasks to queue
[2025-11-19T19:12:39.575+0000] {logging_mixin.py:188} INFO - [2025-11-19T19:12:39.575+0000] {dagbag.py:540} INFO - Filling up the DagBag from /opt/airflow/dags/sodai/__init__.py
[2025-11-19T19:12:39.588+0000] {processor.py:842} WARNING - No viable dags retrieved from /opt/airflow/dags/sodai/__init__.py
[2025-11-19T19:12:39.601+0000] {processor.py:183} INFO - Processing /opt/airflow/dags/sodai/__init__.py took 0.034 seconds
[2025-11-19T19:13:09.779+0000] {processor.py:161} INFO - Started process (PID=1301) to work on /opt/airflow/dags/sodai/__init__.py
[2025-11-19T19:13:09.780+0000] {processor.py:830} INFO - Processing file /opt/airflow/dags/sodai/__init__.py for tasks to queue
[2025-11-19T19:13:09.783+0000] {logging_mixin.py:188} INFO - [2025-11-19T19:13:09.783+0000] {dagbag.py:540} INFO - Filling up the DagBag from /opt/airflow/dags/sodai/__init__.py
[2025-11-19T19:13:09.792+0000] {processor.py:842} WARNING - No viable dags retrieved from /opt/airflow/dags/sodai/__init__.py
[2025-11-19T19:13:09.803+0000] {processor.py:183} INFO - Processing /opt/airflow/dags/sodai/__init__.py took 0.028 seconds
[2025-11-19T19:13:40.012+0000] {processor.py:161} INFO - Started process (PID=1311) to work on /opt/airflow/dags/sodai/__init__.py
[2025-11-19T19:13:40.013+0000] {processor.py:830} INFO - Processing file /opt/airflow/dags/sodai/__init__.py for tasks to queue
[2025-11-19T19:13:40.014+0000] {logging_mixin.py:188} INFO - [2025-11-19T19:13:40.014+0000] {dagbag.py:540} INFO - Filling up the DagBag from /opt/airflow/dags/sodai/__init__.py
[2025-11-19T19:13:40.025+0000] {processor.py:842} WARNING - No viable dags retrieved from /opt/airflow/dags/sodai/__init__.py
[2025-11-19T19:13:40.040+0000] {processor.py:183} INFO - Processing /opt/airflow/dags/sodai/__init__.py took 0.034 seconds
[2025-11-19T19:14:10.336+0000] {processor.py:161} INFO - Started process (PID=1321) to work on /opt/airflow/dags/sodai/__init__.py
[2025-11-19T19:14:10.337+0000] {processor.py:830} INFO - Processing file /opt/airflow/dags/sodai/__init__.py for tasks to queue
[2025-11-19T19:14:10.338+0000] {logging_mixin.py:188} INFO - [2025-11-19T19:14:10.338+0000] {dagbag.py:540} INFO - Filling up the DagBag from /opt/airflow/dags/sodai/__init__.py
[2025-11-19T19:14:10.348+0000] {processor.py:842} WARNING - No viable dags retrieved from /opt/airflow/dags/sodai/__init__.py
[2025-11-19T19:14:10.360+0000] {processor.py:183} INFO - Processing /opt/airflow/dags/sodai/__init__.py took 0.028 seconds
[2025-11-19T19:14:40.604+0000] {processor.py:161} INFO - Started process (PID=1331) to work on /opt/airflow/dags/sodai/__init__.py
[2025-11-19T19:14:40.605+0000] {processor.py:830} INFO - Processing file /opt/airflow/dags/sodai/__init__.py for tasks to queue
[2025-11-19T19:14:40.606+0000] {logging_mixin.py:188} INFO - [2025-11-19T19:14:40.606+0000] {dagbag.py:540} INFO - Filling up the DagBag from /opt/airflow/dags/sodai/__init__.py
[2025-11-19T19:14:40.614+0000] {processor.py:842} WARNING - No viable dags retrieved from /opt/airflow/dags/sodai/__init__.py
[2025-11-19T19:14:40.624+0000] {processor.py:183} INFO - Processing /opt/airflow/dags/sodai/__init__.py took 0.024 seconds
[2025-11-19T19:15:13.831+0000] {processor.py:161} INFO - Started process (PID=1341) to work on /opt/airflow/dags/sodai/__init__.py
[2025-11-19T19:15:13.832+0000] {processor.py:830} INFO - Processing file /opt/airflow/dags/sodai/__init__.py for tasks to queue
[2025-11-19T19:15:13.833+0000] {logging_mixin.py:188} INFO - [2025-11-19T19:15:13.833+0000] {dagbag.py:540} INFO - Filling up the DagBag from /opt/airflow/dags/sodai/__init__.py
[2025-11-19T19:15:13.841+0000] {processor.py:842} WARNING - No viable dags retrieved from /opt/airflow/dags/sodai/__init__.py
[2025-11-19T19:15:13.852+0000] {processor.py:183} INFO - Processing /opt/airflow/dags/sodai/__init__.py took 0.025 seconds
[2025-11-19T19:15:47.086+0000] {processor.py:161} INFO - Started process (PID=1351) to work on /opt/airflow/dags/sodai/__init__.py
[2025-11-19T19:15:47.087+0000] {processor.py:830} INFO - Processing file /opt/airflow/dags/sodai/__init__.py for tasks to queue
[2025-11-19T19:15:47.089+0000] {logging_mixin.py:188} INFO - [2025-11-19T19:15:47.089+0000] {dagbag.py:540} INFO - Filling up the DagBag from /opt/airflow/dags/sodai/__init__.py
[2025-11-19T19:15:47.102+0000] {processor.py:842} WARNING - No viable dags retrieved from /opt/airflow/dags/sodai/__init__.py
[2025-11-19T19:15:47.117+0000] {processor.py:183} INFO - Processing /opt/airflow/dags/sodai/__init__.py took 0.035 seconds
[2025-11-19T19:16:20.454+0000] {processor.py:161} INFO - Started process (PID=1361) to work on /opt/airflow/dags/sodai/__init__.py
[2025-11-19T19:16:20.455+0000] {processor.py:830} INFO - Processing file /opt/airflow/dags/sodai/__init__.py for tasks to queue
[2025-11-19T19:16:20.457+0000] {logging_mixin.py:188} INFO - [2025-11-19T19:16:20.457+0000] {dagbag.py:540} INFO - Filling up the DagBag from /opt/airflow/dags/sodai/__init__.py
[2025-11-19T19:16:20.468+0000] {processor.py:842} WARNING - No viable dags retrieved from /opt/airflow/dags/sodai/__init__.py
[2025-11-19T19:16:20.482+0000] {processor.py:183} INFO - Processing /opt/airflow/dags/sodai/__init__.py took 0.032 seconds
[2025-11-19T19:16:50.860+0000] {processor.py:161} INFO - Started process (PID=1371) to work on /opt/airflow/dags/sodai/__init__.py
[2025-11-19T19:16:50.861+0000] {processor.py:830} INFO - Processing file /opt/airflow/dags/sodai/__init__.py for tasks to queue
[2025-11-19T19:16:50.862+0000] {logging_mixin.py:188} INFO - [2025-11-19T19:16:50.862+0000] {dagbag.py:540} INFO - Filling up the DagBag from /opt/airflow/dags/sodai/__init__.py
[2025-11-19T19:16:50.874+0000] {processor.py:842} WARNING - No viable dags retrieved from /opt/airflow/dags/sodai/__init__.py
[2025-11-19T19:16:50.885+0000] {processor.py:183} INFO - Processing /opt/airflow/dags/sodai/__init__.py took 0.031 seconds
[2025-11-19T19:17:20.958+0000] {processor.py:161} INFO - Started process (PID=1381) to work on /opt/airflow/dags/sodai/__init__.py
[2025-11-19T19:17:20.959+0000] {processor.py:830} INFO - Processing file /opt/airflow/dags/sodai/__init__.py for tasks to queue
[2025-11-19T19:17:20.962+0000] {logging_mixin.py:188} INFO - [2025-11-19T19:17:20.962+0000] {dagbag.py:540} INFO - Filling up the DagBag from /opt/airflow/dags/sodai/__init__.py
[2025-11-19T19:17:20.975+0000] {processor.py:842} WARNING - No viable dags retrieved from /opt/airflow/dags/sodai/__init__.py
[2025-11-19T19:17:20.986+0000] {processor.py:183} INFO - Processing /opt/airflow/dags/sodai/__init__.py took 0.033 seconds
[2025-11-19T19:17:51.241+0000] {processor.py:161} INFO - Started process (PID=1391) to work on /opt/airflow/dags/sodai/__init__.py
[2025-11-19T19:17:51.241+0000] {processor.py:830} INFO - Processing file /opt/airflow/dags/sodai/__init__.py for tasks to queue
[2025-11-19T19:17:51.243+0000] {logging_mixin.py:188} INFO - [2025-11-19T19:17:51.243+0000] {dagbag.py:540} INFO - Filling up the DagBag from /opt/airflow/dags/sodai/__init__.py
[2025-11-19T19:17:51.250+0000] {processor.py:842} WARNING - No viable dags retrieved from /opt/airflow/dags/sodai/__init__.py
[2025-11-19T19:17:51.261+0000] {processor.py:183} INFO - Processing /opt/airflow/dags/sodai/__init__.py took 0.025 seconds
[2025-11-19T19:18:21.469+0000] {processor.py:161} INFO - Started process (PID=1401) to work on /opt/airflow/dags/sodai/__init__.py
[2025-11-19T19:18:21.470+0000] {processor.py:830} INFO - Processing file /opt/airflow/dags/sodai/__init__.py for tasks to queue
[2025-11-19T19:18:21.472+0000] {logging_mixin.py:188} INFO - [2025-11-19T19:18:21.471+0000] {dagbag.py:540} INFO - Filling up the DagBag from /opt/airflow/dags/sodai/__init__.py
[2025-11-19T19:18:21.480+0000] {processor.py:842} WARNING - No viable dags retrieved from /opt/airflow/dags/sodai/__init__.py
[2025-11-19T19:18:21.491+0000] {processor.py:183} INFO - Processing /opt/airflow/dags/sodai/__init__.py took 0.026 seconds
[2025-11-19T19:18:51.756+0000] {processor.py:161} INFO - Started process (PID=1411) to work on /opt/airflow/dags/sodai/__init__.py
[2025-11-19T19:18:51.756+0000] {processor.py:830} INFO - Processing file /opt/airflow/dags/sodai/__init__.py for tasks to queue
[2025-11-19T19:18:51.758+0000] {logging_mixin.py:188} INFO - [2025-11-19T19:18:51.757+0000] {dagbag.py:540} INFO - Filling up the DagBag from /opt/airflow/dags/sodai/__init__.py
[2025-11-19T19:18:51.765+0000] {processor.py:842} WARNING - No viable dags retrieved from /opt/airflow/dags/sodai/__init__.py
[2025-11-19T19:18:51.776+0000] {processor.py:183} INFO - Processing /opt/airflow/dags/sodai/__init__.py took 0.024 seconds
[2025-11-19T19:19:22.024+0000] {processor.py:161} INFO - Started process (PID=1421) to work on /opt/airflow/dags/sodai/__init__.py
[2025-11-19T19:19:22.025+0000] {processor.py:830} INFO - Processing file /opt/airflow/dags/sodai/__init__.py for tasks to queue
[2025-11-19T19:19:22.027+0000] {logging_mixin.py:188} INFO - [2025-11-19T19:19:22.027+0000] {dagbag.py:540} INFO - Filling up the DagBag from /opt/airflow/dags/sodai/__init__.py
[2025-11-19T19:19:22.039+0000] {processor.py:842} WARNING - No viable dags retrieved from /opt/airflow/dags/sodai/__init__.py
[2025-11-19T19:19:22.050+0000] {processor.py:183} INFO - Processing /opt/airflow/dags/sodai/__init__.py took 0.030 seconds
[2025-11-19T19:19:52.237+0000] {processor.py:161} INFO - Started process (PID=1431) to work on /opt/airflow/dags/sodai/__init__.py
[2025-11-19T19:19:52.238+0000] {processor.py:830} INFO - Processing file /opt/airflow/dags/sodai/__init__.py for tasks to queue
[2025-11-19T19:19:52.240+0000] {logging_mixin.py:188} INFO - [2025-11-19T19:19:52.240+0000] {dagbag.py:540} INFO - Filling up the DagBag from /opt/airflow/dags/sodai/__init__.py
[2025-11-19T19:19:52.249+0000] {processor.py:842} WARNING - No viable dags retrieved from /opt/airflow/dags/sodai/__init__.py
[2025-11-19T19:19:52.260+0000] {processor.py:183} INFO - Processing /opt/airflow/dags/sodai/__init__.py took 0.029 seconds
[2025-11-19T19:20:22.491+0000] {processor.py:161} INFO - Started process (PID=1441) to work on /opt/airflow/dags/sodai/__init__.py
[2025-11-19T19:20:22.492+0000] {processor.py:830} INFO - Processing file /opt/airflow/dags/sodai/__init__.py for tasks to queue
[2025-11-19T19:20:22.494+0000] {logging_mixin.py:188} INFO - [2025-11-19T19:20:22.494+0000] {dagbag.py:540} INFO - Filling up the DagBag from /opt/airflow/dags/sodai/__init__.py
[2025-11-19T19:20:22.503+0000] {processor.py:842} WARNING - No viable dags retrieved from /opt/airflow/dags/sodai/__init__.py
[2025-11-19T19:20:22.515+0000] {processor.py:183} INFO - Processing /opt/airflow/dags/sodai/__init__.py took 0.028 seconds
[2025-11-19T19:20:52.796+0000] {processor.py:161} INFO - Started process (PID=1451) to work on /opt/airflow/dags/sodai/__init__.py
[2025-11-19T19:20:52.796+0000] {processor.py:830} INFO - Processing file /opt/airflow/dags/sodai/__init__.py for tasks to queue
[2025-11-19T19:20:52.798+0000] {logging_mixin.py:188} INFO - [2025-11-19T19:20:52.798+0000] {dagbag.py:540} INFO - Filling up the DagBag from /opt/airflow/dags/sodai/__init__.py
[2025-11-19T19:20:52.807+0000] {processor.py:842} WARNING - No viable dags retrieved from /opt/airflow/dags/sodai/__init__.py
[2025-11-19T19:20:52.818+0000] {processor.py:183} INFO - Processing /opt/airflow/dags/sodai/__init__.py took 0.027 seconds
[2025-11-19T19:21:23.108+0000] {processor.py:161} INFO - Started process (PID=1461) to work on /opt/airflow/dags/sodai/__init__.py
[2025-11-19T19:21:23.110+0000] {processor.py:830} INFO - Processing file /opt/airflow/dags/sodai/__init__.py for tasks to queue
[2025-11-19T19:21:23.112+0000] {logging_mixin.py:188} INFO - [2025-11-19T19:21:23.112+0000] {dagbag.py:540} INFO - Filling up the DagBag from /opt/airflow/dags/sodai/__init__.py
[2025-11-19T19:21:23.122+0000] {processor.py:842} WARNING - No viable dags retrieved from /opt/airflow/dags/sodai/__init__.py
[2025-11-19T19:21:23.138+0000] {processor.py:183} INFO - Processing /opt/airflow/dags/sodai/__init__.py took 0.035 seconds
[2025-11-19T19:21:53.457+0000] {processor.py:161} INFO - Started process (PID=1471) to work on /opt/airflow/dags/sodai/__init__.py
[2025-11-19T19:21:53.458+0000] {processor.py:830} INFO - Processing file /opt/airflow/dags/sodai/__init__.py for tasks to queue
[2025-11-19T19:21:53.459+0000] {logging_mixin.py:188} INFO - [2025-11-19T19:21:53.459+0000] {dagbag.py:540} INFO - Filling up the DagBag from /opt/airflow/dags/sodai/__init__.py
[2025-11-19T19:21:53.472+0000] {processor.py:842} WARNING - No viable dags retrieved from /opt/airflow/dags/sodai/__init__.py
[2025-11-19T19:21:53.484+0000] {processor.py:183} INFO - Processing /opt/airflow/dags/sodai/__init__.py took 0.032 seconds
[2025-11-19T19:22:24.674+0000] {processor.py:161} INFO - Started process (PID=1481) to work on /opt/airflow/dags/sodai/__init__.py
[2025-11-19T19:22:24.675+0000] {processor.py:830} INFO - Processing file /opt/airflow/dags/sodai/__init__.py for tasks to queue
[2025-11-19T19:22:24.678+0000] {logging_mixin.py:188} INFO - [2025-11-19T19:22:24.677+0000] {dagbag.py:540} INFO - Filling up the DagBag from /opt/airflow/dags/sodai/__init__.py
[2025-11-19T19:22:24.686+0000] {processor.py:842} WARNING - No viable dags retrieved from /opt/airflow/dags/sodai/__init__.py
[2025-11-19T19:22:24.698+0000] {processor.py:183} INFO - Processing /opt/airflow/dags/sodai/__init__.py took 0.029 seconds
[2025-11-19T19:22:57.096+0000] {processor.py:161} INFO - Started process (PID=1491) to work on /opt/airflow/dags/sodai/__init__.py
[2025-11-19T19:22:57.097+0000] {processor.py:830} INFO - Processing file /opt/airflow/dags/sodai/__init__.py for tasks to queue
[2025-11-19T19:22:57.099+0000] {logging_mixin.py:188} INFO - [2025-11-19T19:22:57.098+0000] {dagbag.py:540} INFO - Filling up the DagBag from /opt/airflow/dags/sodai/__init__.py
[2025-11-19T19:22:57.108+0000] {processor.py:842} WARNING - No viable dags retrieved from /opt/airflow/dags/sodai/__init__.py
[2025-11-19T19:22:57.120+0000] {processor.py:183} INFO - Processing /opt/airflow/dags/sodai/__init__.py took 0.028 seconds
[2025-11-19T19:23:30.356+0000] {processor.py:161} INFO - Started process (PID=1501) to work on /opt/airflow/dags/sodai/__init__.py
[2025-11-19T19:23:30.357+0000] {processor.py:830} INFO - Processing file /opt/airflow/dags/sodai/__init__.py for tasks to queue
[2025-11-19T19:23:30.359+0000] {logging_mixin.py:188} INFO - [2025-11-19T19:23:30.359+0000] {dagbag.py:540} INFO - Filling up the DagBag from /opt/airflow/dags/sodai/__init__.py
[2025-11-19T19:23:30.370+0000] {processor.py:842} WARNING - No viable dags retrieved from /opt/airflow/dags/sodai/__init__.py
[2025-11-19T19:23:30.381+0000] {processor.py:183} INFO - Processing /opt/airflow/dags/sodai/__init__.py took 0.030 seconds
[2025-11-19T19:24:03.598+0000] {processor.py:161} INFO - Started process (PID=1511) to work on /opt/airflow/dags/sodai/__init__.py
[2025-11-19T19:24:03.599+0000] {processor.py:830} INFO - Processing file /opt/airflow/dags/sodai/__init__.py for tasks to queue
[2025-11-19T19:24:03.600+0000] {logging_mixin.py:188} INFO - [2025-11-19T19:24:03.600+0000] {dagbag.py:540} INFO - Filling up the DagBag from /opt/airflow/dags/sodai/__init__.py
[2025-11-19T19:24:03.611+0000] {processor.py:842} WARNING - No viable dags retrieved from /opt/airflow/dags/sodai/__init__.py
[2025-11-19T19:24:03.622+0000] {processor.py:183} INFO - Processing /opt/airflow/dags/sodai/__init__.py took 0.029 seconds
[2025-11-19T19:24:36.875+0000] {processor.py:161} INFO - Started process (PID=1521) to work on /opt/airflow/dags/sodai/__init__.py
[2025-11-19T19:24:36.876+0000] {processor.py:830} INFO - Processing file /opt/airflow/dags/sodai/__init__.py for tasks to queue
[2025-11-19T19:24:36.879+0000] {logging_mixin.py:188} INFO - [2025-11-19T19:24:36.878+0000] {dagbag.py:540} INFO - Filling up the DagBag from /opt/airflow/dags/sodai/__init__.py
[2025-11-19T19:24:36.887+0000] {processor.py:842} WARNING - No viable dags retrieved from /opt/airflow/dags/sodai/__init__.py
[2025-11-19T19:24:36.897+0000] {processor.py:183} INFO - Processing /opt/airflow/dags/sodai/__init__.py took 0.026 seconds
[2025-11-19T19:25:07.312+0000] {processor.py:161} INFO - Started process (PID=1531) to work on /opt/airflow/dags/sodai/__init__.py
[2025-11-19T19:25:07.313+0000] {processor.py:830} INFO - Processing file /opt/airflow/dags/sodai/__init__.py for tasks to queue
[2025-11-19T19:25:07.315+0000] {logging_mixin.py:188} INFO - [2025-11-19T19:25:07.315+0000] {dagbag.py:540} INFO - Filling up the DagBag from /opt/airflow/dags/sodai/__init__.py
[2025-11-19T19:25:07.323+0000] {processor.py:842} WARNING - No viable dags retrieved from /opt/airflow/dags/sodai/__init__.py
[2025-11-19T19:25:07.334+0000] {processor.py:183} INFO - Processing /opt/airflow/dags/sodai/__init__.py took 0.027 seconds
[2025-11-19T19:25:37.405+0000] {processor.py:161} INFO - Started process (PID=1541) to work on /opt/airflow/dags/sodai/__init__.py
[2025-11-19T19:25:37.406+0000] {processor.py:830} INFO - Processing file /opt/airflow/dags/sodai/__init__.py for tasks to queue
[2025-11-19T19:25:37.407+0000] {logging_mixin.py:188} INFO - [2025-11-19T19:25:37.407+0000] {dagbag.py:540} INFO - Filling up the DagBag from /opt/airflow/dags/sodai/__init__.py
[2025-11-19T19:25:37.416+0000] {processor.py:842} WARNING - No viable dags retrieved from /opt/airflow/dags/sodai/__init__.py
[2025-11-19T19:25:37.428+0000] {processor.py:183} INFO - Processing /opt/airflow/dags/sodai/__init__.py took 0.028 seconds
[2025-11-19T19:26:02.707+0000] {processor.py:161} INFO - Started process (PID=190) to work on /opt/airflow/dags/sodai/__init__.py
[2025-11-19T19:26:02.708+0000] {processor.py:830} INFO - Processing file /opt/airflow/dags/sodai/__init__.py for tasks to queue
[2025-11-19T19:26:02.710+0000] {logging_mixin.py:188} INFO - [2025-11-19T19:26:02.710+0000] {dagbag.py:540} INFO - Filling up the DagBag from /opt/airflow/dags/sodai/__init__.py
[2025-11-19T19:26:02.723+0000] {processor.py:842} WARNING - No viable dags retrieved from /opt/airflow/dags/sodai/__init__.py
[2025-11-19T19:26:02.736+0000] {processor.py:183} INFO - Processing /opt/airflow/dags/sodai/__init__.py took 0.032 seconds
[2025-11-19T19:26:33.018+0000] {processor.py:161} INFO - Started process (PID=200) to work on /opt/airflow/dags/sodai/__init__.py
[2025-11-19T19:26:33.019+0000] {processor.py:830} INFO - Processing file /opt/airflow/dags/sodai/__init__.py for tasks to queue
[2025-11-19T19:26:33.021+0000] {logging_mixin.py:188} INFO - [2025-11-19T19:26:33.020+0000] {dagbag.py:540} INFO - Filling up the DagBag from /opt/airflow/dags/sodai/__init__.py
[2025-11-19T19:26:33.034+0000] {processor.py:842} WARNING - No viable dags retrieved from /opt/airflow/dags/sodai/__init__.py
[2025-11-19T19:26:33.046+0000] {processor.py:183} INFO - Processing /opt/airflow/dags/sodai/__init__.py took 0.033 seconds
[2025-11-19T19:27:03.319+0000] {processor.py:161} INFO - Started process (PID=210) to work on /opt/airflow/dags/sodai/__init__.py
[2025-11-19T19:27:03.320+0000] {processor.py:830} INFO - Processing file /opt/airflow/dags/sodai/__init__.py for tasks to queue
[2025-11-19T19:27:03.321+0000] {logging_mixin.py:188} INFO - [2025-11-19T19:27:03.321+0000] {dagbag.py:540} INFO - Filling up the DagBag from /opt/airflow/dags/sodai/__init__.py
[2025-11-19T19:27:03.332+0000] {processor.py:842} WARNING - No viable dags retrieved from /opt/airflow/dags/sodai/__init__.py
[2025-11-19T19:27:03.344+0000] {processor.py:183} INFO - Processing /opt/airflow/dags/sodai/__init__.py took 0.029 seconds
[2025-11-19T19:27:33.836+0000] {processor.py:161} INFO - Started process (PID=400) to work on /opt/airflow/dags/sodai/__init__.py
[2025-11-19T19:27:33.837+0000] {processor.py:830} INFO - Processing file /opt/airflow/dags/sodai/__init__.py for tasks to queue
[2025-11-19T19:27:33.839+0000] {logging_mixin.py:188} INFO - [2025-11-19T19:27:33.839+0000] {dagbag.py:540} INFO - Filling up the DagBag from /opt/airflow/dags/sodai/__init__.py
[2025-11-19T19:27:33.849+0000] {processor.py:842} WARNING - No viable dags retrieved from /opt/airflow/dags/sodai/__init__.py
[2025-11-19T19:27:33.865+0000] {processor.py:183} INFO - Processing /opt/airflow/dags/sodai/__init__.py took 0.037 seconds
[2025-11-19T19:28:04.263+0000] {processor.py:161} INFO - Started process (PID=529) to work on /opt/airflow/dags/sodai/__init__.py
[2025-11-19T19:28:04.264+0000] {processor.py:830} INFO - Processing file /opt/airflow/dags/sodai/__init__.py for tasks to queue
[2025-11-19T19:28:04.266+0000] {logging_mixin.py:188} INFO - [2025-11-19T19:28:04.266+0000] {dagbag.py:540} INFO - Filling up the DagBag from /opt/airflow/dags/sodai/__init__.py
[2025-11-19T19:28:04.296+0000] {processor.py:842} WARNING - No viable dags retrieved from /opt/airflow/dags/sodai/__init__.py
[2025-11-19T19:28:04.315+0000] {processor.py:183} INFO - Processing /opt/airflow/dags/sodai/__init__.py took 0.058 seconds
[2025-11-19T19:28:34.952+0000] {processor.py:161} INFO - Started process (PID=607) to work on /opt/airflow/dags/sodai/__init__.py
[2025-11-19T19:28:34.957+0000] {processor.py:830} INFO - Processing file /opt/airflow/dags/sodai/__init__.py for tasks to queue
[2025-11-19T19:28:34.966+0000] {logging_mixin.py:188} INFO - [2025-11-19T19:28:34.965+0000] {dagbag.py:540} INFO - Filling up the DagBag from /opt/airflow/dags/sodai/__init__.py
[2025-11-19T19:28:34.993+0000] {processor.py:842} WARNING - No viable dags retrieved from /opt/airflow/dags/sodai/__init__.py
[2025-11-19T19:28:35.047+0000] {processor.py:183} INFO - Processing /opt/airflow/dags/sodai/__init__.py took 0.123 seconds
[2025-11-19T19:29:05.606+0000] {processor.py:161} INFO - Started process (PID=702) to work on /opt/airflow/dags/sodai/__init__.py
[2025-11-19T19:29:05.607+0000] {processor.py:830} INFO - Processing file /opt/airflow/dags/sodai/__init__.py for tasks to queue
[2025-11-19T19:29:05.608+0000] {logging_mixin.py:188} INFO - [2025-11-19T19:29:05.608+0000] {dagbag.py:540} INFO - Filling up the DagBag from /opt/airflow/dags/sodai/__init__.py
[2025-11-19T19:29:05.622+0000] {processor.py:842} WARNING - No viable dags retrieved from /opt/airflow/dags/sodai/__init__.py
[2025-11-19T19:29:05.642+0000] {processor.py:183} INFO - Processing /opt/airflow/dags/sodai/__init__.py took 0.042 seconds
[2025-11-19T19:29:36.191+0000] {processor.py:161} INFO - Started process (PID=831) to work on /opt/airflow/dags/sodai/__init__.py
[2025-11-19T19:29:36.192+0000] {processor.py:830} INFO - Processing file /opt/airflow/dags/sodai/__init__.py for tasks to queue
[2025-11-19T19:29:36.194+0000] {logging_mixin.py:188} INFO - [2025-11-19T19:29:36.194+0000] {dagbag.py:540} INFO - Filling up the DagBag from /opt/airflow/dags/sodai/__init__.py
[2025-11-19T19:29:36.209+0000] {processor.py:842} WARNING - No viable dags retrieved from /opt/airflow/dags/sodai/__init__.py
[2025-11-19T19:29:36.225+0000] {processor.py:183} INFO - Processing /opt/airflow/dags/sodai/__init__.py took 0.042 seconds
[2025-11-19T19:30:07.869+0000] {processor.py:161} INFO - Started process (PID=943) to work on /opt/airflow/dags/sodai/__init__.py
[2025-11-19T19:30:07.872+0000] {processor.py:830} INFO - Processing file /opt/airflow/dags/sodai/__init__.py for tasks to queue
[2025-11-19T19:30:07.883+0000] {logging_mixin.py:188} INFO - [2025-11-19T19:30:07.879+0000] {dagbag.py:540} INFO - Filling up the DagBag from /opt/airflow/dags/sodai/__init__.py
[2025-11-19T19:30:07.918+0000] {processor.py:842} WARNING - No viable dags retrieved from /opt/airflow/dags/sodai/__init__.py
[2025-11-19T19:30:07.951+0000] {processor.py:183} INFO - Processing /opt/airflow/dags/sodai/__init__.py took 0.117 seconds
[2025-11-19T19:30:40.502+0000] {processor.py:161} INFO - Started process (PID=1072) to work on /opt/airflow/dags/sodai/__init__.py
[2025-11-19T19:30:40.508+0000] {processor.py:830} INFO - Processing file /opt/airflow/dags/sodai/__init__.py for tasks to queue
[2025-11-19T19:30:40.511+0000] {logging_mixin.py:188} INFO - [2025-11-19T19:30:40.510+0000] {dagbag.py:540} INFO - Filling up the DagBag from /opt/airflow/dags/sodai/__init__.py
[2025-11-19T19:30:40.537+0000] {processor.py:842} WARNING - No viable dags retrieved from /opt/airflow/dags/sodai/__init__.py
[2025-11-19T19:30:40.587+0000] {processor.py:183} INFO - Processing /opt/airflow/dags/sodai/__init__.py took 0.096 seconds
[2025-11-19T19:31:14.255+0000] {processor.py:161} INFO - Started process (PID=1201) to work on /opt/airflow/dags/sodai/__init__.py
[2025-11-19T19:31:14.257+0000] {processor.py:830} INFO - Processing file /opt/airflow/dags/sodai/__init__.py for tasks to queue
[2025-11-19T19:31:14.259+0000] {logging_mixin.py:188} INFO - [2025-11-19T19:31:14.259+0000] {dagbag.py:540} INFO - Filling up the DagBag from /opt/airflow/dags/sodai/__init__.py
[2025-11-19T19:31:14.276+0000] {processor.py:842} WARNING - No viable dags retrieved from /opt/airflow/dags/sodai/__init__.py
[2025-11-19T19:31:14.295+0000] {processor.py:183} INFO - Processing /opt/airflow/dags/sodai/__init__.py took 0.044 seconds
[2025-11-19T19:31:46.862+0000] {processor.py:161} INFO - Started process (PID=1279) to work on /opt/airflow/dags/sodai/__init__.py
[2025-11-19T19:31:46.871+0000] {processor.py:830} INFO - Processing file /opt/airflow/dags/sodai/__init__.py for tasks to queue
[2025-11-19T19:31:46.879+0000] {logging_mixin.py:188} INFO - [2025-11-19T19:31:46.879+0000] {dagbag.py:540} INFO - Filling up the DagBag from /opt/airflow/dags/sodai/__init__.py
[2025-11-19T19:31:46.920+0000] {processor.py:842} WARNING - No viable dags retrieved from /opt/airflow/dags/sodai/__init__.py
[2025-11-19T19:31:46.976+0000] {processor.py:183} INFO - Processing /opt/airflow/dags/sodai/__init__.py took 0.133 seconds
[2025-11-19T19:32:20.655+0000] {processor.py:161} INFO - Started process (PID=1357) to work on /opt/airflow/dags/sodai/__init__.py
[2025-11-19T19:32:20.663+0000] {processor.py:830} INFO - Processing file /opt/airflow/dags/sodai/__init__.py for tasks to queue
[2025-11-19T19:32:20.668+0000] {logging_mixin.py:188} INFO - [2025-11-19T19:32:20.667+0000] {dagbag.py:540} INFO - Filling up the DagBag from /opt/airflow/dags/sodai/__init__.py
[2025-11-19T19:32:20.704+0000] {processor.py:842} WARNING - No viable dags retrieved from /opt/airflow/dags/sodai/__init__.py
[2025-11-19T19:32:20.740+0000] {processor.py:183} INFO - Processing /opt/airflow/dags/sodai/__init__.py took 0.094 seconds
[2025-11-19T19:32:53.141+0000] {processor.py:161} INFO - Started process (PID=1435) to work on /opt/airflow/dags/sodai/__init__.py
[2025-11-19T19:32:53.142+0000] {processor.py:830} INFO - Processing file /opt/airflow/dags/sodai/__init__.py for tasks to queue
[2025-11-19T19:32:53.145+0000] {logging_mixin.py:188} INFO - [2025-11-19T19:32:53.144+0000] {dagbag.py:540} INFO - Filling up the DagBag from /opt/airflow/dags/sodai/__init__.py
[2025-11-19T19:32:53.158+0000] {processor.py:842} WARNING - No viable dags retrieved from /opt/airflow/dags/sodai/__init__.py
[2025-11-19T19:32:53.175+0000] {processor.py:183} INFO - Processing /opt/airflow/dags/sodai/__init__.py took 0.043 seconds
[2025-11-19T19:33:26.497+0000] {processor.py:161} INFO - Started process (PID=1475) to work on /opt/airflow/dags/sodai/__init__.py
[2025-11-19T19:33:26.498+0000] {processor.py:830} INFO - Processing file /opt/airflow/dags/sodai/__init__.py for tasks to queue
[2025-11-19T19:33:26.499+0000] {logging_mixin.py:188} INFO - [2025-11-19T19:33:26.499+0000] {dagbag.py:540} INFO - Filling up the DagBag from /opt/airflow/dags/sodai/__init__.py
[2025-11-19T19:33:26.518+0000] {processor.py:842} WARNING - No viable dags retrieved from /opt/airflow/dags/sodai/__init__.py
[2025-11-19T19:33:26.529+0000] {processor.py:183} INFO - Processing /opt/airflow/dags/sodai/__init__.py took 0.036 seconds
[2025-11-19T19:33:59.855+0000] {processor.py:161} INFO - Started process (PID=1519) to work on /opt/airflow/dags/sodai/__init__.py
[2025-11-19T19:33:59.856+0000] {processor.py:830} INFO - Processing file /opt/airflow/dags/sodai/__init__.py for tasks to queue
[2025-11-19T19:33:59.859+0000] {logging_mixin.py:188} INFO - [2025-11-19T19:33:59.859+0000] {dagbag.py:540} INFO - Filling up the DagBag from /opt/airflow/dags/sodai/__init__.py
[2025-11-19T19:33:59.872+0000] {processor.py:842} WARNING - No viable dags retrieved from /opt/airflow/dags/sodai/__init__.py
[2025-11-19T19:33:59.890+0000] {processor.py:183} INFO - Processing /opt/airflow/dags/sodai/__init__.py took 0.042 seconds
[2025-11-19T19:34:30.344+0000] {processor.py:161} INFO - Started process (PID=1583) to work on /opt/airflow/dags/sodai/__init__.py
[2025-11-19T19:34:30.345+0000] {processor.py:830} INFO - Processing file /opt/airflow/dags/sodai/__init__.py for tasks to queue
[2025-11-19T19:34:30.347+0000] {logging_mixin.py:188} INFO - [2025-11-19T19:34:30.346+0000] {dagbag.py:540} INFO - Filling up the DagBag from /opt/airflow/dags/sodai/__init__.py
[2025-11-19T19:34:30.358+0000] {processor.py:842} WARNING - No viable dags retrieved from /opt/airflow/dags/sodai/__init__.py
[2025-11-19T19:34:30.368+0000] {processor.py:183} INFO - Processing /opt/airflow/dags/sodai/__init__.py took 0.027 seconds
[2025-11-19T19:35:00.459+0000] {processor.py:161} INFO - Started process (PID=1590) to work on /opt/airflow/dags/sodai/__init__.py
[2025-11-19T19:35:00.460+0000] {processor.py:830} INFO - Processing file /opt/airflow/dags/sodai/__init__.py for tasks to queue
[2025-11-19T19:35:00.462+0000] {logging_mixin.py:188} INFO - [2025-11-19T19:35:00.461+0000] {dagbag.py:540} INFO - Filling up the DagBag from /opt/airflow/dags/sodai/__init__.py
[2025-11-19T19:35:00.472+0000] {processor.py:842} WARNING - No viable dags retrieved from /opt/airflow/dags/sodai/__init__.py
[2025-11-19T19:35:00.482+0000] {processor.py:183} INFO - Processing /opt/airflow/dags/sodai/__init__.py took 0.028 seconds
[2025-11-19T19:35:30.678+0000] {processor.py:161} INFO - Started process (PID=1600) to work on /opt/airflow/dags/sodai/__init__.py
[2025-11-19T19:35:30.679+0000] {processor.py:830} INFO - Processing file /opt/airflow/dags/sodai/__init__.py for tasks to queue
[2025-11-19T19:35:30.681+0000] {logging_mixin.py:188} INFO - [2025-11-19T19:35:30.680+0000] {dagbag.py:540} INFO - Filling up the DagBag from /opt/airflow/dags/sodai/__init__.py
[2025-11-19T19:35:30.690+0000] {processor.py:842} WARNING - No viable dags retrieved from /opt/airflow/dags/sodai/__init__.py
[2025-11-19T19:35:30.699+0000] {processor.py:183} INFO - Processing /opt/airflow/dags/sodai/__init__.py took 0.024 seconds
[2025-11-19T19:36:00.931+0000] {processor.py:161} INFO - Started process (PID=1610) to work on /opt/airflow/dags/sodai/__init__.py
[2025-11-19T19:36:00.932+0000] {processor.py:830} INFO - Processing file /opt/airflow/dags/sodai/__init__.py for tasks to queue
[2025-11-19T19:36:00.933+0000] {logging_mixin.py:188} INFO - [2025-11-19T19:36:00.933+0000] {dagbag.py:540} INFO - Filling up the DagBag from /opt/airflow/dags/sodai/__init__.py
[2025-11-19T19:36:00.942+0000] {processor.py:842} WARNING - No viable dags retrieved from /opt/airflow/dags/sodai/__init__.py
[2025-11-19T19:36:00.954+0000] {processor.py:183} INFO - Processing /opt/airflow/dags/sodai/__init__.py took 0.027 seconds
[2025-11-19T19:36:31.303+0000] {processor.py:161} INFO - Started process (PID=1620) to work on /opt/airflow/dags/sodai/__init__.py
[2025-11-19T19:36:31.304+0000] {processor.py:830} INFO - Processing file /opt/airflow/dags/sodai/__init__.py for tasks to queue
[2025-11-19T19:36:31.305+0000] {logging_mixin.py:188} INFO - [2025-11-19T19:36:31.305+0000] {dagbag.py:540} INFO - Filling up the DagBag from /opt/airflow/dags/sodai/__init__.py
[2025-11-19T19:36:31.316+0000] {processor.py:842} WARNING - No viable dags retrieved from /opt/airflow/dags/sodai/__init__.py
[2025-11-19T19:36:31.327+0000] {processor.py:183} INFO - Processing /opt/airflow/dags/sodai/__init__.py took 0.028 seconds
[2025-11-19T19:37:01.679+0000] {processor.py:161} INFO - Started process (PID=1630) to work on /opt/airflow/dags/sodai/__init__.py
[2025-11-19T19:37:01.680+0000] {processor.py:830} INFO - Processing file /opt/airflow/dags/sodai/__init__.py for tasks to queue
[2025-11-19T19:37:01.681+0000] {logging_mixin.py:188} INFO - [2025-11-19T19:37:01.681+0000] {dagbag.py:540} INFO - Filling up the DagBag from /opt/airflow/dags/sodai/__init__.py
[2025-11-19T19:37:01.691+0000] {processor.py:842} WARNING - No viable dags retrieved from /opt/airflow/dags/sodai/__init__.py
[2025-11-19T19:37:01.701+0000] {processor.py:183} INFO - Processing /opt/airflow/dags/sodai/__init__.py took 0.026 seconds
[2025-11-19T19:37:31.937+0000] {processor.py:161} INFO - Started process (PID=1640) to work on /opt/airflow/dags/sodai/__init__.py
[2025-11-19T19:37:31.938+0000] {processor.py:830} INFO - Processing file /opt/airflow/dags/sodai/__init__.py for tasks to queue
[2025-11-19T19:37:31.939+0000] {logging_mixin.py:188} INFO - [2025-11-19T19:37:31.939+0000] {dagbag.py:540} INFO - Filling up the DagBag from /opt/airflow/dags/sodai/__init__.py
[2025-11-19T19:37:31.948+0000] {processor.py:842} WARNING - No viable dags retrieved from /opt/airflow/dags/sodai/__init__.py
[2025-11-19T19:37:31.959+0000] {processor.py:183} INFO - Processing /opt/airflow/dags/sodai/__init__.py took 0.027 seconds
[2025-11-19T19:38:02.233+0000] {processor.py:161} INFO - Started process (PID=1650) to work on /opt/airflow/dags/sodai/__init__.py
[2025-11-19T19:38:02.234+0000] {processor.py:830} INFO - Processing file /opt/airflow/dags/sodai/__init__.py for tasks to queue
[2025-11-19T19:38:02.236+0000] {logging_mixin.py:188} INFO - [2025-11-19T19:38:02.235+0000] {dagbag.py:540} INFO - Filling up the DagBag from /opt/airflow/dags/sodai/__init__.py
[2025-11-19T19:38:02.243+0000] {processor.py:842} WARNING - No viable dags retrieved from /opt/airflow/dags/sodai/__init__.py
[2025-11-19T19:38:02.253+0000] {processor.py:183} INFO - Processing /opt/airflow/dags/sodai/__init__.py took 0.024 seconds
[2025-11-19T19:38:32.532+0000] {processor.py:161} INFO - Started process (PID=1660) to work on /opt/airflow/dags/sodai/__init__.py
[2025-11-19T19:38:32.533+0000] {processor.py:830} INFO - Processing file /opt/airflow/dags/sodai/__init__.py for tasks to queue
[2025-11-19T19:38:32.534+0000] {logging_mixin.py:188} INFO - [2025-11-19T19:38:32.534+0000] {dagbag.py:540} INFO - Filling up the DagBag from /opt/airflow/dags/sodai/__init__.py
[2025-11-19T19:38:32.542+0000] {processor.py:842} WARNING - No viable dags retrieved from /opt/airflow/dags/sodai/__init__.py
[2025-11-19T19:38:32.551+0000] {processor.py:183} INFO - Processing /opt/airflow/dags/sodai/__init__.py took 0.023 seconds
[2025-11-19T19:39:02.825+0000] {processor.py:161} INFO - Started process (PID=1670) to work on /opt/airflow/dags/sodai/__init__.py
[2025-11-19T19:39:02.825+0000] {processor.py:830} INFO - Processing file /opt/airflow/dags/sodai/__init__.py for tasks to queue
[2025-11-19T19:39:02.827+0000] {logging_mixin.py:188} INFO - [2025-11-19T19:39:02.826+0000] {dagbag.py:540} INFO - Filling up the DagBag from /opt/airflow/dags/sodai/__init__.py
[2025-11-19T19:39:02.834+0000] {processor.py:842} WARNING - No viable dags retrieved from /opt/airflow/dags/sodai/__init__.py
[2025-11-19T19:39:02.843+0000] {processor.py:183} INFO - Processing /opt/airflow/dags/sodai/__init__.py took 0.023 seconds
[2025-11-19T19:39:33.101+0000] {processor.py:161} INFO - Started process (PID=1680) to work on /opt/airflow/dags/sodai/__init__.py
[2025-11-19T19:39:33.102+0000] {processor.py:830} INFO - Processing file /opt/airflow/dags/sodai/__init__.py for tasks to queue
[2025-11-19T19:39:33.103+0000] {logging_mixin.py:188} INFO - [2025-11-19T19:39:33.103+0000] {dagbag.py:540} INFO - Filling up the DagBag from /opt/airflow/dags/sodai/__init__.py
[2025-11-19T19:39:33.112+0000] {processor.py:842} WARNING - No viable dags retrieved from /opt/airflow/dags/sodai/__init__.py
[2025-11-19T19:39:33.122+0000] {processor.py:183} INFO - Processing /opt/airflow/dags/sodai/__init__.py took 0.024 seconds
[2025-11-19T19:40:03.452+0000] {processor.py:161} INFO - Started process (PID=1690) to work on /opt/airflow/dags/sodai/__init__.py
[2025-11-19T19:40:03.453+0000] {processor.py:830} INFO - Processing file /opt/airflow/dags/sodai/__init__.py for tasks to queue
[2025-11-19T19:40:03.455+0000] {logging_mixin.py:188} INFO - [2025-11-19T19:40:03.454+0000] {dagbag.py:540} INFO - Filling up the DagBag from /opt/airflow/dags/sodai/__init__.py
[2025-11-19T19:40:03.464+0000] {processor.py:842} WARNING - No viable dags retrieved from /opt/airflow/dags/sodai/__init__.py
[2025-11-19T19:40:03.477+0000] {processor.py:183} INFO - Processing /opt/airflow/dags/sodai/__init__.py took 0.029 seconds
[2025-11-19T19:40:36.781+0000] {processor.py:161} INFO - Started process (PID=1700) to work on /opt/airflow/dags/sodai/__init__.py
[2025-11-19T19:40:36.783+0000] {processor.py:830} INFO - Processing file /opt/airflow/dags/sodai/__init__.py for tasks to queue
[2025-11-19T19:40:36.785+0000] {logging_mixin.py:188} INFO - [2025-11-19T19:40:36.784+0000] {dagbag.py:540} INFO - Filling up the DagBag from /opt/airflow/dags/sodai/__init__.py
[2025-11-19T19:40:36.794+0000] {processor.py:842} WARNING - No viable dags retrieved from /opt/airflow/dags/sodai/__init__.py
[2025-11-19T19:40:36.805+0000] {processor.py:183} INFO - Processing /opt/airflow/dags/sodai/__init__.py took 0.028 seconds
[2025-11-19T19:41:10.261+0000] {processor.py:161} INFO - Started process (PID=1710) to work on /opt/airflow/dags/sodai/__init__.py
[2025-11-19T19:41:10.262+0000] {processor.py:830} INFO - Processing file /opt/airflow/dags/sodai/__init__.py for tasks to queue
[2025-11-19T19:41:10.264+0000] {logging_mixin.py:188} INFO - [2025-11-19T19:41:10.264+0000] {dagbag.py:540} INFO - Filling up the DagBag from /opt/airflow/dags/sodai/__init__.py
[2025-11-19T19:41:10.275+0000] {processor.py:842} WARNING - No viable dags retrieved from /opt/airflow/dags/sodai/__init__.py
[2025-11-19T19:41:10.285+0000] {processor.py:183} INFO - Processing /opt/airflow/dags/sodai/__init__.py took 0.027 seconds
[2025-11-19T19:41:40.525+0000] {processor.py:161} INFO - Started process (PID=1720) to work on /opt/airflow/dags/sodai/__init__.py
[2025-11-19T19:41:40.526+0000] {processor.py:830} INFO - Processing file /opt/airflow/dags/sodai/__init__.py for tasks to queue
[2025-11-19T19:41:40.528+0000] {logging_mixin.py:188} INFO - [2025-11-19T19:41:40.528+0000] {dagbag.py:540} INFO - Filling up the DagBag from /opt/airflow/dags/sodai/__init__.py
[2025-11-19T19:41:40.537+0000] {processor.py:842} WARNING - No viable dags retrieved from /opt/airflow/dags/sodai/__init__.py
[2025-11-19T19:41:40.547+0000] {processor.py:183} INFO - Processing /opt/airflow/dags/sodai/__init__.py took 0.025 seconds
[2025-11-19T19:42:10.648+0000] {processor.py:161} INFO - Started process (PID=1730) to work on /opt/airflow/dags/sodai/__init__.py
[2025-11-19T19:42:10.650+0000] {processor.py:830} INFO - Processing file /opt/airflow/dags/sodai/__init__.py for tasks to queue
[2025-11-19T19:42:10.652+0000] {logging_mixin.py:188} INFO - [2025-11-19T19:42:10.651+0000] {dagbag.py:540} INFO - Filling up the DagBag from /opt/airflow/dags/sodai/__init__.py
[2025-11-19T19:42:10.661+0000] {processor.py:842} WARNING - No viable dags retrieved from /opt/airflow/dags/sodai/__init__.py
[2025-11-19T19:42:10.672+0000] {processor.py:183} INFO - Processing /opt/airflow/dags/sodai/__init__.py took 0.029 seconds
[2025-11-19T19:42:40.919+0000] {processor.py:161} INFO - Started process (PID=1740) to work on /opt/airflow/dags/sodai/__init__.py
[2025-11-19T19:42:40.920+0000] {processor.py:830} INFO - Processing file /opt/airflow/dags/sodai/__init__.py for tasks to queue
[2025-11-19T19:42:40.921+0000] {logging_mixin.py:188} INFO - [2025-11-19T19:42:40.921+0000] {dagbag.py:540} INFO - Filling up the DagBag from /opt/airflow/dags/sodai/__init__.py
[2025-11-19T19:42:40.931+0000] {processor.py:842} WARNING - No viable dags retrieved from /opt/airflow/dags/sodai/__init__.py
[2025-11-19T19:42:40.941+0000] {processor.py:183} INFO - Processing /opt/airflow/dags/sodai/__init__.py took 0.026 seconds
[2025-11-19T19:43:11.238+0000] {processor.py:161} INFO - Started process (PID=1750) to work on /opt/airflow/dags/sodai/__init__.py
[2025-11-19T19:43:11.239+0000] {processor.py:830} INFO - Processing file /opt/airflow/dags/sodai/__init__.py for tasks to queue
[2025-11-19T19:43:11.241+0000] {logging_mixin.py:188} INFO - [2025-11-19T19:43:11.241+0000] {dagbag.py:540} INFO - Filling up the DagBag from /opt/airflow/dags/sodai/__init__.py
[2025-11-19T19:43:11.252+0000] {processor.py:842} WARNING - No viable dags retrieved from /opt/airflow/dags/sodai/__init__.py
[2025-11-19T19:43:11.262+0000] {processor.py:183} INFO - Processing /opt/airflow/dags/sodai/__init__.py took 0.029 seconds
[2025-11-19T19:43:41.524+0000] {processor.py:161} INFO - Started process (PID=1760) to work on /opt/airflow/dags/sodai/__init__.py
[2025-11-19T19:43:41.525+0000] {processor.py:830} INFO - Processing file /opt/airflow/dags/sodai/__init__.py for tasks to queue
[2025-11-19T19:43:41.526+0000] {logging_mixin.py:188} INFO - [2025-11-19T19:43:41.526+0000] {dagbag.py:540} INFO - Filling up the DagBag from /opt/airflow/dags/sodai/__init__.py
[2025-11-19T19:43:41.535+0000] {processor.py:842} WARNING - No viable dags retrieved from /opt/airflow/dags/sodai/__init__.py
[2025-11-19T19:43:41.544+0000] {processor.py:183} INFO - Processing /opt/airflow/dags/sodai/__init__.py took 0.024 seconds
[2025-11-19T19:44:11.841+0000] {processor.py:161} INFO - Started process (PID=1770) to work on /opt/airflow/dags/sodai/__init__.py
[2025-11-19T19:44:11.842+0000] {processor.py:830} INFO - Processing file /opt/airflow/dags/sodai/__init__.py for tasks to queue
[2025-11-19T19:44:11.843+0000] {logging_mixin.py:188} INFO - [2025-11-19T19:44:11.843+0000] {dagbag.py:540} INFO - Filling up the DagBag from /opt/airflow/dags/sodai/__init__.py
[2025-11-19T19:44:11.850+0000] {processor.py:842} WARNING - No viable dags retrieved from /opt/airflow/dags/sodai/__init__.py
[2025-11-19T19:44:11.859+0000] {processor.py:183} INFO - Processing /opt/airflow/dags/sodai/__init__.py took 0.022 seconds
[2025-11-19T19:44:42.160+0000] {processor.py:161} INFO - Started process (PID=1780) to work on /opt/airflow/dags/sodai/__init__.py
[2025-11-19T19:44:42.161+0000] {processor.py:830} INFO - Processing file /opt/airflow/dags/sodai/__init__.py for tasks to queue
[2025-11-19T19:44:42.163+0000] {logging_mixin.py:188} INFO - [2025-11-19T19:44:42.163+0000] {dagbag.py:540} INFO - Filling up the DagBag from /opt/airflow/dags/sodai/__init__.py
[2025-11-19T19:44:42.172+0000] {processor.py:842} WARNING - No viable dags retrieved from /opt/airflow/dags/sodai/__init__.py
[2025-11-19T19:44:42.182+0000] {processor.py:183} INFO - Processing /opt/airflow/dags/sodai/__init__.py took 0.025 seconds
[2025-11-19T19:45:12.519+0000] {processor.py:161} INFO - Started process (PID=1790) to work on /opt/airflow/dags/sodai/__init__.py
[2025-11-19T19:45:12.520+0000] {processor.py:830} INFO - Processing file /opt/airflow/dags/sodai/__init__.py for tasks to queue
[2025-11-19T19:45:12.521+0000] {logging_mixin.py:188} INFO - [2025-11-19T19:45:12.521+0000] {dagbag.py:540} INFO - Filling up the DagBag from /opt/airflow/dags/sodai/__init__.py
[2025-11-19T19:45:12.530+0000] {processor.py:842} WARNING - No viable dags retrieved from /opt/airflow/dags/sodai/__init__.py
[2025-11-19T19:45:12.541+0000] {processor.py:183} INFO - Processing /opt/airflow/dags/sodai/__init__.py took 0.029 seconds
[2025-11-19T19:45:42.836+0000] {processor.py:161} INFO - Started process (PID=1800) to work on /opt/airflow/dags/sodai/__init__.py
[2025-11-19T19:45:42.837+0000] {processor.py:830} INFO - Processing file /opt/airflow/dags/sodai/__init__.py for tasks to queue
[2025-11-19T19:45:42.838+0000] {logging_mixin.py:188} INFO - [2025-11-19T19:45:42.838+0000] {dagbag.py:540} INFO - Filling up the DagBag from /opt/airflow/dags/sodai/__init__.py
[2025-11-19T19:45:42.847+0000] {processor.py:842} WARNING - No viable dags retrieved from /opt/airflow/dags/sodai/__init__.py
[2025-11-19T19:45:42.857+0000] {processor.py:183} INFO - Processing /opt/airflow/dags/sodai/__init__.py took 0.024 seconds
[2025-11-19T19:46:13.044+0000] {processor.py:161} INFO - Started process (PID=1810) to work on /opt/airflow/dags/sodai/__init__.py
[2025-11-19T19:46:13.045+0000] {processor.py:830} INFO - Processing file /opt/airflow/dags/sodai/__init__.py for tasks to queue
[2025-11-19T19:46:13.047+0000] {logging_mixin.py:188} INFO - [2025-11-19T19:46:13.046+0000] {dagbag.py:540} INFO - Filling up the DagBag from /opt/airflow/dags/sodai/__init__.py
[2025-11-19T19:46:13.058+0000] {processor.py:842} WARNING - No viable dags retrieved from /opt/airflow/dags/sodai/__init__.py
[2025-11-19T19:46:13.070+0000] {processor.py:183} INFO - Processing /opt/airflow/dags/sodai/__init__.py took 0.031 seconds
[2025-11-19T19:46:43.339+0000] {processor.py:161} INFO - Started process (PID=1820) to work on /opt/airflow/dags/sodai/__init__.py
[2025-11-19T19:46:43.340+0000] {processor.py:830} INFO - Processing file /opt/airflow/dags/sodai/__init__.py for tasks to queue
[2025-11-19T19:46:43.341+0000] {logging_mixin.py:188} INFO - [2025-11-19T19:46:43.341+0000] {dagbag.py:540} INFO - Filling up the DagBag from /opt/airflow/dags/sodai/__init__.py
[2025-11-19T19:46:43.352+0000] {processor.py:842} WARNING - No viable dags retrieved from /opt/airflow/dags/sodai/__init__.py
[2025-11-19T19:46:43.372+0000] {processor.py:183} INFO - Processing /opt/airflow/dags/sodai/__init__.py took 0.037 seconds
[2025-11-19T19:47:13.724+0000] {processor.py:161} INFO - Started process (PID=1828) to work on /opt/airflow/dags/sodai/__init__.py
[2025-11-19T19:47:13.725+0000] {processor.py:830} INFO - Processing file /opt/airflow/dags/sodai/__init__.py for tasks to queue
[2025-11-19T19:47:13.727+0000] {logging_mixin.py:188} INFO - [2025-11-19T19:47:13.726+0000] {dagbag.py:540} INFO - Filling up the DagBag from /opt/airflow/dags/sodai/__init__.py
[2025-11-19T19:47:13.735+0000] {processor.py:842} WARNING - No viable dags retrieved from /opt/airflow/dags/sodai/__init__.py
[2025-11-19T19:47:13.747+0000] {processor.py:183} INFO - Processing /opt/airflow/dags/sodai/__init__.py took 0.026 seconds
[2025-11-19T19:47:47.057+0000] {processor.py:161} INFO - Started process (PID=1838) to work on /opt/airflow/dags/sodai/__init__.py
[2025-11-19T19:47:47.058+0000] {processor.py:830} INFO - Processing file /opt/airflow/dags/sodai/__init__.py for tasks to queue
[2025-11-19T19:47:47.059+0000] {logging_mixin.py:188} INFO - [2025-11-19T19:47:47.059+0000] {dagbag.py:540} INFO - Filling up the DagBag from /opt/airflow/dags/sodai/__init__.py
[2025-11-19T19:47:47.069+0000] {processor.py:842} WARNING - No viable dags retrieved from /opt/airflow/dags/sodai/__init__.py
[2025-11-19T19:47:47.080+0000] {processor.py:183} INFO - Processing /opt/airflow/dags/sodai/__init__.py took 0.026 seconds
[2025-11-19T19:48:20.344+0000] {processor.py:161} INFO - Started process (PID=1848) to work on /opt/airflow/dags/sodai/__init__.py
[2025-11-19T19:48:20.345+0000] {processor.py:830} INFO - Processing file /opt/airflow/dags/sodai/__init__.py for tasks to queue
[2025-11-19T19:48:20.347+0000] {logging_mixin.py:188} INFO - [2025-11-19T19:48:20.347+0000] {dagbag.py:540} INFO - Filling up the DagBag from /opt/airflow/dags/sodai/__init__.py
[2025-11-19T19:48:20.357+0000] {processor.py:842} WARNING - No viable dags retrieved from /opt/airflow/dags/sodai/__init__.py
[2025-11-19T19:48:20.367+0000] {processor.py:183} INFO - Processing /opt/airflow/dags/sodai/__init__.py took 0.029 seconds
[2025-11-19T19:48:53.717+0000] {processor.py:161} INFO - Started process (PID=1858) to work on /opt/airflow/dags/sodai/__init__.py
[2025-11-19T19:48:53.718+0000] {processor.py:830} INFO - Processing file /opt/airflow/dags/sodai/__init__.py for tasks to queue
[2025-11-19T19:48:53.720+0000] {logging_mixin.py:188} INFO - [2025-11-19T19:48:53.720+0000] {dagbag.py:540} INFO - Filling up the DagBag from /opt/airflow/dags/sodai/__init__.py
[2025-11-19T19:48:53.731+0000] {processor.py:842} WARNING - No viable dags retrieved from /opt/airflow/dags/sodai/__init__.py
[2025-11-19T19:48:53.743+0000] {processor.py:183} INFO - Processing /opt/airflow/dags/sodai/__init__.py took 0.032 seconds
[2025-11-19T19:49:24.181+0000] {processor.py:161} INFO - Started process (PID=1868) to work on /opt/airflow/dags/sodai/__init__.py
[2025-11-19T19:49:24.182+0000] {processor.py:830} INFO - Processing file /opt/airflow/dags/sodai/__init__.py for tasks to queue
[2025-11-19T19:49:24.183+0000] {logging_mixin.py:188} INFO - [2025-11-19T19:49:24.183+0000] {dagbag.py:540} INFO - Filling up the DagBag from /opt/airflow/dags/sodai/__init__.py
[2025-11-19T19:49:26.121+0000] {processor.py:842} WARNING - No viable dags retrieved from /opt/airflow/dags/sodai/__init__.py
[2025-11-19T19:49:26.133+0000] {processor.py:183} INFO - Processing /opt/airflow/dags/sodai/__init__.py took 0.030 seconds
[2025-11-19T19:49:59.364+0000] {processor.py:161} INFO - Started process (PID=1878) to work on /opt/airflow/dags/sodai/__init__.py
[2025-11-19T19:49:59.365+0000] {processor.py:830} INFO - Processing file /opt/airflow/dags/sodai/__init__.py for tasks to queue
[2025-11-19T19:49:59.368+0000] {logging_mixin.py:188} INFO - [2025-11-19T19:49:59.368+0000] {dagbag.py:540} INFO - Filling up the DagBag from /opt/airflow/dags/sodai/__init__.py
[2025-11-19T19:49:59.385+0000] {processor.py:842} WARNING - No viable dags retrieved from /opt/airflow/dags/sodai/__init__.py
[2025-11-19T19:49:59.403+0000] {processor.py:183} INFO - Processing /opt/airflow/dags/sodai/__init__.py took 0.045 seconds
[2025-11-19T19:50:32.693+0000] {processor.py:161} INFO - Started process (PID=1888) to work on /opt/airflow/dags/sodai/__init__.py
[2025-11-19T19:50:32.694+0000] {processor.py:830} INFO - Processing file /opt/airflow/dags/sodai/__init__.py for tasks to queue
[2025-11-19T19:50:32.695+0000] {logging_mixin.py:188} INFO - [2025-11-19T19:50:32.695+0000] {dagbag.py:540} INFO - Filling up the DagBag from /opt/airflow/dags/sodai/__init__.py
[2025-11-19T19:50:32.707+0000] {processor.py:842} WARNING - No viable dags retrieved from /opt/airflow/dags/sodai/__init__.py
[2025-11-19T19:50:32.721+0000] {processor.py:183} INFO - Processing /opt/airflow/dags/sodai/__init__.py took 0.033 seconds
[2025-11-19T19:51:05.315+0000] {processor.py:161} INFO - Started process (PID=1898) to work on /opt/airflow/dags/sodai/__init__.py
[2025-11-19T19:51:05.316+0000] {processor.py:830} INFO - Processing file /opt/airflow/dags/sodai/__init__.py for tasks to queue
[2025-11-19T19:51:05.317+0000] {logging_mixin.py:188} INFO - [2025-11-19T19:51:05.317+0000] {dagbag.py:540} INFO - Filling up the DagBag from /opt/airflow/dags/sodai/__init__.py
[2025-11-19T19:51:05.330+0000] {processor.py:842} WARNING - No viable dags retrieved from /opt/airflow/dags/sodai/__init__.py
[2025-11-19T19:51:05.345+0000] {processor.py:183} INFO - Processing /opt/airflow/dags/sodai/__init__.py took 0.034 seconds
[2025-11-19T19:51:38.672+0000] {processor.py:161} INFO - Started process (PID=1908) to work on /opt/airflow/dags/sodai/__init__.py
[2025-11-19T19:51:38.673+0000] {processor.py:830} INFO - Processing file /opt/airflow/dags/sodai/__init__.py for tasks to queue
[2025-11-19T19:51:38.676+0000] {logging_mixin.py:188} INFO - [2025-11-19T19:51:38.675+0000] {dagbag.py:540} INFO - Filling up the DagBag from /opt/airflow/dags/sodai/__init__.py
[2025-11-19T19:51:38.691+0000] {processor.py:842} WARNING - No viable dags retrieved from /opt/airflow/dags/sodai/__init__.py
[2025-11-19T19:51:38.705+0000] {processor.py:183} INFO - Processing /opt/airflow/dags/sodai/__init__.py took 0.038 seconds
[2025-11-19T19:52:11.993+0000] {processor.py:161} INFO - Started process (PID=1918) to work on /opt/airflow/dags/sodai/__init__.py
[2025-11-19T19:52:11.993+0000] {processor.py:830} INFO - Processing file /opt/airflow/dags/sodai/__init__.py for tasks to queue
[2025-11-19T19:52:11.995+0000] {logging_mixin.py:188} INFO - [2025-11-19T19:52:11.995+0000] {dagbag.py:540} INFO - Filling up the DagBag from /opt/airflow/dags/sodai/__init__.py
[2025-11-19T19:52:12.004+0000] {processor.py:842} WARNING - No viable dags retrieved from /opt/airflow/dags/sodai/__init__.py
[2025-11-19T19:52:12.015+0000] {processor.py:183} INFO - Processing /opt/airflow/dags/sodai/__init__.py took 0.026 seconds
[2025-11-19T19:52:45.291+0000] {processor.py:161} INFO - Started process (PID=1928) to work on /opt/airflow/dags/sodai/__init__.py
[2025-11-19T19:52:45.291+0000] {processor.py:830} INFO - Processing file /opt/airflow/dags/sodai/__init__.py for tasks to queue
[2025-11-19T19:52:45.293+0000] {logging_mixin.py:188} INFO - [2025-11-19T19:52:45.292+0000] {dagbag.py:540} INFO - Filling up the DagBag from /opt/airflow/dags/sodai/__init__.py
[2025-11-19T19:52:45.302+0000] {processor.py:842} WARNING - No viable dags retrieved from /opt/airflow/dags/sodai/__init__.py
[2025-11-19T19:52:45.314+0000] {processor.py:183} INFO - Processing /opt/airflow/dags/sodai/__init__.py took 0.027 seconds
[2025-11-19T19:53:15.683+0000] {processor.py:161} INFO - Started process (PID=1938) to work on /opt/airflow/dags/sodai/__init__.py
[2025-11-19T19:53:15.684+0000] {processor.py:830} INFO - Processing file /opt/airflow/dags/sodai/__init__.py for tasks to queue
[2025-11-19T19:53:15.686+0000] {logging_mixin.py:188} INFO - [2025-11-19T19:53:15.685+0000] {dagbag.py:540} INFO - Filling up the DagBag from /opt/airflow/dags/sodai/__init__.py
[2025-11-19T19:53:15.696+0000] {processor.py:842} WARNING - No viable dags retrieved from /opt/airflow/dags/sodai/__init__.py
[2025-11-19T19:53:17.638+0000] {processor.py:183} INFO - Processing /opt/airflow/dags/sodai/__init__.py took 0.028 seconds
[2025-11-19T19:53:50.983+0000] {processor.py:161} INFO - Started process (PID=1948) to work on /opt/airflow/dags/sodai/__init__.py
[2025-11-19T19:53:50.984+0000] {processor.py:830} INFO - Processing file /opt/airflow/dags/sodai/__init__.py for tasks to queue
[2025-11-19T19:53:50.985+0000] {logging_mixin.py:188} INFO - [2025-11-19T19:53:50.985+0000] {dagbag.py:540} INFO - Filling up the DagBag from /opt/airflow/dags/sodai/__init__.py
[2025-11-19T19:53:50.995+0000] {processor.py:842} WARNING - No viable dags retrieved from /opt/airflow/dags/sodai/__init__.py
[2025-11-19T19:53:51.006+0000] {processor.py:183} INFO - Processing /opt/airflow/dags/sodai/__init__.py took 0.027 seconds
[2025-11-19T19:54:24.376+0000] {processor.py:161} INFO - Started process (PID=1958) to work on /opt/airflow/dags/sodai/__init__.py
[2025-11-19T19:54:24.377+0000] {processor.py:830} INFO - Processing file /opt/airflow/dags/sodai/__init__.py for tasks to queue
[2025-11-19T19:54:24.378+0000] {logging_mixin.py:188} INFO - [2025-11-19T19:54:24.378+0000] {dagbag.py:540} INFO - Filling up the DagBag from /opt/airflow/dags/sodai/__init__.py
[2025-11-19T19:54:24.388+0000] {processor.py:842} WARNING - No viable dags retrieved from /opt/airflow/dags/sodai/__init__.py
[2025-11-19T19:54:24.399+0000] {processor.py:183} INFO - Processing /opt/airflow/dags/sodai/__init__.py took 0.027 seconds
[2025-11-19T19:54:57.512+0000] {processor.py:161} INFO - Started process (PID=1968) to work on /opt/airflow/dags/sodai/__init__.py
[2025-11-19T19:54:57.513+0000] {processor.py:830} INFO - Processing file /opt/airflow/dags/sodai/__init__.py for tasks to queue
[2025-11-19T19:54:57.514+0000] {logging_mixin.py:188} INFO - [2025-11-19T19:54:57.514+0000] {dagbag.py:540} INFO - Filling up the DagBag from /opt/airflow/dags/sodai/__init__.py
[2025-11-19T19:54:57.526+0000] {processor.py:842} WARNING - No viable dags retrieved from /opt/airflow/dags/sodai/__init__.py
[2025-11-19T19:54:57.537+0000] {processor.py:183} INFO - Processing /opt/airflow/dags/sodai/__init__.py took 0.029 seconds
[2025-11-19T19:55:30.849+0000] {processor.py:161} INFO - Started process (PID=1978) to work on /opt/airflow/dags/sodai/__init__.py
[2025-11-19T19:55:30.850+0000] {processor.py:830} INFO - Processing file /opt/airflow/dags/sodai/__init__.py for tasks to queue
[2025-11-19T19:55:30.851+0000] {logging_mixin.py:188} INFO - [2025-11-19T19:55:30.851+0000] {dagbag.py:540} INFO - Filling up the DagBag from /opt/airflow/dags/sodai/__init__.py
[2025-11-19T19:55:30.862+0000] {processor.py:842} WARNING - No viable dags retrieved from /opt/airflow/dags/sodai/__init__.py
[2025-11-19T19:55:30.872+0000] {processor.py:183} INFO - Processing /opt/airflow/dags/sodai/__init__.py took 0.026 seconds
[2025-11-19T19:56:03.226+0000] {processor.py:161} INFO - Started process (PID=1988) to work on /opt/airflow/dags/sodai/__init__.py
[2025-11-19T19:56:03.227+0000] {processor.py:830} INFO - Processing file /opt/airflow/dags/sodai/__init__.py for tasks to queue
[2025-11-19T19:56:03.228+0000] {logging_mixin.py:188} INFO - [2025-11-19T19:56:03.228+0000] {dagbag.py:540} INFO - Filling up the DagBag from /opt/airflow/dags/sodai/__init__.py
[2025-11-19T19:56:03.238+0000] {processor.py:842} WARNING - No viable dags retrieved from /opt/airflow/dags/sodai/__init__.py
[2025-11-19T19:56:03.249+0000] {processor.py:183} INFO - Processing /opt/airflow/dags/sodai/__init__.py took 0.028 seconds
[2025-11-19T19:56:36.553+0000] {processor.py:161} INFO - Started process (PID=1998) to work on /opt/airflow/dags/sodai/__init__.py
[2025-11-19T19:56:36.554+0000] {processor.py:830} INFO - Processing file /opt/airflow/dags/sodai/__init__.py for tasks to queue
[2025-11-19T19:56:36.555+0000] {logging_mixin.py:188} INFO - [2025-11-19T19:56:36.555+0000] {dagbag.py:540} INFO - Filling up the DagBag from /opt/airflow/dags/sodai/__init__.py
[2025-11-19T19:56:36.565+0000] {processor.py:842} WARNING - No viable dags retrieved from /opt/airflow/dags/sodai/__init__.py
[2025-11-19T19:56:36.577+0000] {processor.py:183} INFO - Processing /opt/airflow/dags/sodai/__init__.py took 0.028 seconds
[2025-11-19T19:57:09.858+0000] {processor.py:161} INFO - Started process (PID=2008) to work on /opt/airflow/dags/sodai/__init__.py
[2025-11-19T19:57:09.859+0000] {processor.py:830} INFO - Processing file /opt/airflow/dags/sodai/__init__.py for tasks to queue
[2025-11-19T19:57:09.860+0000] {logging_mixin.py:188} INFO - [2025-11-19T19:57:09.860+0000] {dagbag.py:540} INFO - Filling up the DagBag from /opt/airflow/dags/sodai/__init__.py
[2025-11-19T19:57:09.870+0000] {processor.py:842} WARNING - No viable dags retrieved from /opt/airflow/dags/sodai/__init__.py
[2025-11-19T19:57:09.881+0000] {processor.py:183} INFO - Processing /opt/airflow/dags/sodai/__init__.py took 0.026 seconds
[2025-11-19T19:57:43.277+0000] {processor.py:161} INFO - Started process (PID=2018) to work on /opt/airflow/dags/sodai/__init__.py
[2025-11-19T19:57:43.277+0000] {processor.py:830} INFO - Processing file /opt/airflow/dags/sodai/__init__.py for tasks to queue
[2025-11-19T19:57:43.279+0000] {logging_mixin.py:188} INFO - [2025-11-19T19:57:43.278+0000] {dagbag.py:540} INFO - Filling up the DagBag from /opt/airflow/dags/sodai/__init__.py
[2025-11-19T19:57:43.290+0000] {processor.py:842} WARNING - No viable dags retrieved from /opt/airflow/dags/sodai/__init__.py
[2025-11-19T19:57:43.301+0000] {processor.py:183} INFO - Processing /opt/airflow/dags/sodai/__init__.py took 0.028 seconds
[2025-11-19T19:58:13.692+0000] {processor.py:161} INFO - Started process (PID=2028) to work on /opt/airflow/dags/sodai/__init__.py
[2025-11-19T19:58:13.693+0000] {processor.py:830} INFO - Processing file /opt/airflow/dags/sodai/__init__.py for tasks to queue
[2025-11-19T19:58:13.694+0000] {logging_mixin.py:188} INFO - [2025-11-19T19:58:13.694+0000] {dagbag.py:540} INFO - Filling up the DagBag from /opt/airflow/dags/sodai/__init__.py
[2025-11-19T19:58:13.705+0000] {processor.py:842} WARNING - No viable dags retrieved from /opt/airflow/dags/sodai/__init__.py
[2025-11-19T19:58:13.716+0000] {processor.py:183} INFO - Processing /opt/airflow/dags/sodai/__init__.py took 0.027 seconds
[2025-11-19T19:58:43.836+0000] {processor.py:161} INFO - Started process (PID=2035) to work on /opt/airflow/dags/sodai/__init__.py
[2025-11-19T19:58:43.837+0000] {processor.py:830} INFO - Processing file /opt/airflow/dags/sodai/__init__.py for tasks to queue
[2025-11-19T19:58:43.838+0000] {logging_mixin.py:188} INFO - [2025-11-19T19:58:43.838+0000] {dagbag.py:540} INFO - Filling up the DagBag from /opt/airflow/dags/sodai/__init__.py
[2025-11-19T19:58:43.845+0000] {processor.py:842} WARNING - No viable dags retrieved from /opt/airflow/dags/sodai/__init__.py
[2025-11-19T19:58:43.854+0000] {processor.py:183} INFO - Processing /opt/airflow/dags/sodai/__init__.py took 0.022 seconds
[2025-11-19T19:59:14.216+0000] {processor.py:161} INFO - Started process (PID=2045) to work on /opt/airflow/dags/sodai/__init__.py
[2025-11-19T19:59:14.218+0000] {processor.py:830} INFO - Processing file /opt/airflow/dags/sodai/__init__.py for tasks to queue
[2025-11-19T19:59:14.220+0000] {logging_mixin.py:188} INFO - [2025-11-19T19:59:14.219+0000] {dagbag.py:540} INFO - Filling up the DagBag from /opt/airflow/dags/sodai/__init__.py
[2025-11-19T19:59:14.227+0000] {processor.py:842} WARNING - No viable dags retrieved from /opt/airflow/dags/sodai/__init__.py
[2025-11-19T19:59:14.237+0000] {processor.py:183} INFO - Processing /opt/airflow/dags/sodai/__init__.py took 0.026 seconds
[2025-11-19T19:59:44.462+0000] {processor.py:161} INFO - Started process (PID=2055) to work on /opt/airflow/dags/sodai/__init__.py
[2025-11-19T19:59:44.463+0000] {processor.py:830} INFO - Processing file /opt/airflow/dags/sodai/__init__.py for tasks to queue
[2025-11-19T19:59:44.464+0000] {logging_mixin.py:188} INFO - [2025-11-19T19:59:44.464+0000] {dagbag.py:540} INFO - Filling up the DagBag from /opt/airflow/dags/sodai/__init__.py
[2025-11-19T19:59:44.472+0000] {processor.py:842} WARNING - No viable dags retrieved from /opt/airflow/dags/sodai/__init__.py
[2025-11-19T19:59:44.484+0000] {processor.py:183} INFO - Processing /opt/airflow/dags/sodai/__init__.py took 0.025 seconds
[2025-11-19T20:00:14.799+0000] {processor.py:161} INFO - Started process (PID=2065) to work on /opt/airflow/dags/sodai/__init__.py
[2025-11-19T20:00:14.800+0000] {processor.py:830} INFO - Processing file /opt/airflow/dags/sodai/__init__.py for tasks to queue
[2025-11-19T20:00:14.802+0000] {logging_mixin.py:188} INFO - [2025-11-19T20:00:14.802+0000] {dagbag.py:540} INFO - Filling up the DagBag from /opt/airflow/dags/sodai/__init__.py
[2025-11-19T20:00:14.813+0000] {processor.py:842} WARNING - No viable dags retrieved from /opt/airflow/dags/sodai/__init__.py
[2025-11-19T20:00:14.825+0000] {processor.py:183} INFO - Processing /opt/airflow/dags/sodai/__init__.py took 0.030 seconds
[2025-11-19T20:00:45.078+0000] {processor.py:161} INFO - Started process (PID=2075) to work on /opt/airflow/dags/sodai/__init__.py
[2025-11-19T20:00:45.079+0000] {processor.py:830} INFO - Processing file /opt/airflow/dags/sodai/__init__.py for tasks to queue
[2025-11-19T20:00:45.081+0000] {logging_mixin.py:188} INFO - [2025-11-19T20:00:45.080+0000] {dagbag.py:540} INFO - Filling up the DagBag from /opt/airflow/dags/sodai/__init__.py
[2025-11-19T20:00:45.090+0000] {processor.py:842} WARNING - No viable dags retrieved from /opt/airflow/dags/sodai/__init__.py
[2025-11-19T20:00:45.101+0000] {processor.py:183} INFO - Processing /opt/airflow/dags/sodai/__init__.py took 0.026 seconds
[2025-11-19T20:01:15.452+0000] {processor.py:161} INFO - Started process (PID=2085) to work on /opt/airflow/dags/sodai/__init__.py
[2025-11-19T20:01:15.453+0000] {processor.py:830} INFO - Processing file /opt/airflow/dags/sodai/__init__.py for tasks to queue
[2025-11-19T20:01:15.454+0000] {logging_mixin.py:188} INFO - [2025-11-19T20:01:15.454+0000] {dagbag.py:540} INFO - Filling up the DagBag from /opt/airflow/dags/sodai/__init__.py
[2025-11-19T20:01:15.462+0000] {processor.py:842} WARNING - No viable dags retrieved from /opt/airflow/dags/sodai/__init__.py
[2025-11-19T20:01:15.471+0000] {processor.py:183} INFO - Processing /opt/airflow/dags/sodai/__init__.py took 0.024 seconds
[2025-11-19T20:01:45.749+0000] {processor.py:161} INFO - Started process (PID=2095) to work on /opt/airflow/dags/sodai/__init__.py
[2025-11-19T20:01:45.750+0000] {processor.py:830} INFO - Processing file /opt/airflow/dags/sodai/__init__.py for tasks to queue
[2025-11-19T20:01:45.752+0000] {logging_mixin.py:188} INFO - [2025-11-19T20:01:45.751+0000] {dagbag.py:540} INFO - Filling up the DagBag from /opt/airflow/dags/sodai/__init__.py
[2025-11-19T20:01:45.762+0000] {processor.py:842} WARNING - No viable dags retrieved from /opt/airflow/dags/sodai/__init__.py
[2025-11-19T20:01:45.771+0000] {processor.py:183} INFO - Processing /opt/airflow/dags/sodai/__init__.py took 0.026 seconds
[2025-11-19T20:02:16.100+0000] {processor.py:161} INFO - Started process (PID=2105) to work on /opt/airflow/dags/sodai/__init__.py
[2025-11-19T20:02:16.101+0000] {processor.py:830} INFO - Processing file /opt/airflow/dags/sodai/__init__.py for tasks to queue
[2025-11-19T20:02:16.102+0000] {logging_mixin.py:188} INFO - [2025-11-19T20:02:16.102+0000] {dagbag.py:540} INFO - Filling up the DagBag from /opt/airflow/dags/sodai/__init__.py
[2025-11-19T20:02:16.110+0000] {processor.py:842} WARNING - No viable dags retrieved from /opt/airflow/dags/sodai/__init__.py
[2025-11-19T20:02:16.120+0000] {processor.py:183} INFO - Processing /opt/airflow/dags/sodai/__init__.py took 0.025 seconds
[2025-11-19T20:02:46.365+0000] {processor.py:161} INFO - Started process (PID=2115) to work on /opt/airflow/dags/sodai/__init__.py
[2025-11-19T20:02:46.367+0000] {processor.py:830} INFO - Processing file /opt/airflow/dags/sodai/__init__.py for tasks to queue
[2025-11-19T20:02:46.368+0000] {logging_mixin.py:188} INFO - [2025-11-19T20:02:46.368+0000] {dagbag.py:540} INFO - Filling up the DagBag from /opt/airflow/dags/sodai/__init__.py
[2025-11-19T20:02:46.379+0000] {processor.py:842} WARNING - No viable dags retrieved from /opt/airflow/dags/sodai/__init__.py
[2025-11-19T20:02:46.391+0000] {processor.py:183} INFO - Processing /opt/airflow/dags/sodai/__init__.py took 0.030 seconds
[2025-11-19T20:03:16.644+0000] {processor.py:161} INFO - Started process (PID=2125) to work on /opt/airflow/dags/sodai/__init__.py
[2025-11-19T20:03:16.645+0000] {processor.py:830} INFO - Processing file /opt/airflow/dags/sodai/__init__.py for tasks to queue
[2025-11-19T20:03:16.646+0000] {logging_mixin.py:188} INFO - [2025-11-19T20:03:16.646+0000] {dagbag.py:540} INFO - Filling up the DagBag from /opt/airflow/dags/sodai/__init__.py
[2025-11-19T20:03:16.655+0000] {processor.py:842} WARNING - No viable dags retrieved from /opt/airflow/dags/sodai/__init__.py
[2025-11-19T20:03:16.666+0000] {processor.py:183} INFO - Processing /opt/airflow/dags/sodai/__init__.py took 0.026 seconds
[2025-11-19T20:03:46.930+0000] {processor.py:161} INFO - Started process (PID=2133) to work on /opt/airflow/dags/sodai/__init__.py
[2025-11-19T20:03:46.930+0000] {processor.py:830} INFO - Processing file /opt/airflow/dags/sodai/__init__.py for tasks to queue
[2025-11-19T20:03:46.932+0000] {logging_mixin.py:188} INFO - [2025-11-19T20:03:46.931+0000] {dagbag.py:540} INFO - Filling up the DagBag from /opt/airflow/dags/sodai/__init__.py
[2025-11-19T20:03:46.944+0000] {processor.py:842} WARNING - No viable dags retrieved from /opt/airflow/dags/sodai/__init__.py
[2025-11-19T20:03:46.957+0000] {processor.py:183} INFO - Processing /opt/airflow/dags/sodai/__init__.py took 0.030 seconds
[2025-11-19T20:04:20.342+0000] {processor.py:161} INFO - Started process (PID=2143) to work on /opt/airflow/dags/sodai/__init__.py
[2025-11-19T20:04:20.343+0000] {processor.py:830} INFO - Processing file /opt/airflow/dags/sodai/__init__.py for tasks to queue
[2025-11-19T20:04:20.344+0000] {logging_mixin.py:188} INFO - [2025-11-19T20:04:20.344+0000] {dagbag.py:540} INFO - Filling up the DagBag from /opt/airflow/dags/sodai/__init__.py
[2025-11-19T20:04:20.357+0000] {processor.py:842} WARNING - No viable dags retrieved from /opt/airflow/dags/sodai/__init__.py
[2025-11-19T20:04:20.370+0000] {processor.py:183} INFO - Processing /opt/airflow/dags/sodai/__init__.py took 0.032 seconds
[2025-11-19T20:04:53.686+0000] {processor.py:161} INFO - Started process (PID=2153) to work on /opt/airflow/dags/sodai/__init__.py
[2025-11-19T20:04:53.687+0000] {processor.py:830} INFO - Processing file /opt/airflow/dags/sodai/__init__.py for tasks to queue
[2025-11-19T20:04:53.689+0000] {logging_mixin.py:188} INFO - [2025-11-19T20:04:53.688+0000] {dagbag.py:540} INFO - Filling up the DagBag from /opt/airflow/dags/sodai/__init__.py
[2025-11-19T20:04:53.703+0000] {processor.py:842} WARNING - No viable dags retrieved from /opt/airflow/dags/sodai/__init__.py
[2025-11-19T20:04:53.716+0000] {processor.py:183} INFO - Processing /opt/airflow/dags/sodai/__init__.py took 0.035 seconds
[2025-11-19T20:05:27.025+0000] {processor.py:161} INFO - Started process (PID=2163) to work on /opt/airflow/dags/sodai/__init__.py
[2025-11-19T20:05:27.026+0000] {processor.py:830} INFO - Processing file /opt/airflow/dags/sodai/__init__.py for tasks to queue
[2025-11-19T20:05:27.027+0000] {logging_mixin.py:188} INFO - [2025-11-19T20:05:27.027+0000] {dagbag.py:540} INFO - Filling up the DagBag from /opt/airflow/dags/sodai/__init__.py
[2025-11-19T20:05:27.038+0000] {processor.py:842} WARNING - No viable dags retrieved from /opt/airflow/dags/sodai/__init__.py
[2025-11-19T20:05:27.048+0000] {processor.py:183} INFO - Processing /opt/airflow/dags/sodai/__init__.py took 0.027 seconds
[2025-11-19T20:05:59.382+0000] {processor.py:161} INFO - Started process (PID=2173) to work on /opt/airflow/dags/sodai/__init__.py
[2025-11-19T20:05:59.383+0000] {processor.py:830} INFO - Processing file /opt/airflow/dags/sodai/__init__.py for tasks to queue
[2025-11-19T20:05:59.384+0000] {logging_mixin.py:188} INFO - [2025-11-19T20:05:59.384+0000] {dagbag.py:540} INFO - Filling up the DagBag from /opt/airflow/dags/sodai/__init__.py
[2025-11-19T20:05:59.396+0000] {processor.py:842} WARNING - No viable dags retrieved from /opt/airflow/dags/sodai/__init__.py
[2025-11-19T20:05:59.408+0000] {processor.py:183} INFO - Processing /opt/airflow/dags/sodai/__init__.py took 0.031 seconds
[2025-11-19T20:06:32.865+0000] {processor.py:161} INFO - Started process (PID=2183) to work on /opt/airflow/dags/sodai/__init__.py
[2025-11-19T20:06:32.866+0000] {processor.py:830} INFO - Processing file /opt/airflow/dags/sodai/__init__.py for tasks to queue
[2025-11-19T20:06:32.867+0000] {logging_mixin.py:188} INFO - [2025-11-19T20:06:32.867+0000] {dagbag.py:540} INFO - Filling up the DagBag from /opt/airflow/dags/sodai/__init__.py
[2025-11-19T20:06:32.878+0000] {processor.py:842} WARNING - No viable dags retrieved from /opt/airflow/dags/sodai/__init__.py
[2025-11-19T20:06:32.889+0000] {processor.py:183} INFO - Processing /opt/airflow/dags/sodai/__init__.py took 0.028 seconds
[2025-11-19T20:07:06.256+0000] {processor.py:161} INFO - Started process (PID=2193) to work on /opt/airflow/dags/sodai/__init__.py
[2025-11-19T20:07:06.257+0000] {processor.py:830} INFO - Processing file /opt/airflow/dags/sodai/__init__.py for tasks to queue
[2025-11-19T20:07:06.258+0000] {logging_mixin.py:188} INFO - [2025-11-19T20:07:06.258+0000] {dagbag.py:540} INFO - Filling up the DagBag from /opt/airflow/dags/sodai/__init__.py
[2025-11-19T20:07:06.269+0000] {processor.py:842} WARNING - No viable dags retrieved from /opt/airflow/dags/sodai/__init__.py
[2025-11-19T20:07:06.281+0000] {processor.py:183} INFO - Processing /opt/airflow/dags/sodai/__init__.py took 0.030 seconds
[2025-11-19T20:07:39.565+0000] {processor.py:161} INFO - Started process (PID=2203) to work on /opt/airflow/dags/sodai/__init__.py
[2025-11-19T20:07:39.566+0000] {processor.py:830} INFO - Processing file /opt/airflow/dags/sodai/__init__.py for tasks to queue
[2025-11-19T20:07:39.567+0000] {logging_mixin.py:188} INFO - [2025-11-19T20:07:39.567+0000] {dagbag.py:540} INFO - Filling up the DagBag from /opt/airflow/dags/sodai/__init__.py
[2025-11-19T20:07:39.581+0000] {processor.py:842} WARNING - No viable dags retrieved from /opt/airflow/dags/sodai/__init__.py
[2025-11-19T20:07:39.591+0000] {processor.py:183} INFO - Processing /opt/airflow/dags/sodai/__init__.py took 0.030 seconds
[2025-11-19T20:08:11.875+0000] {processor.py:161} INFO - Started process (PID=2213) to work on /opt/airflow/dags/sodai/__init__.py
[2025-11-19T20:08:11.876+0000] {processor.py:830} INFO - Processing file /opt/airflow/dags/sodai/__init__.py for tasks to queue
[2025-11-19T20:08:11.877+0000] {logging_mixin.py:188} INFO - [2025-11-19T20:08:11.877+0000] {dagbag.py:540} INFO - Filling up the DagBag from /opt/airflow/dags/sodai/__init__.py
[2025-11-19T20:08:11.887+0000] {processor.py:842} WARNING - No viable dags retrieved from /opt/airflow/dags/sodai/__init__.py
[2025-11-19T20:08:11.898+0000] {processor.py:183} INFO - Processing /opt/airflow/dags/sodai/__init__.py took 0.027 seconds
[2025-11-19T20:08:45.258+0000] {processor.py:161} INFO - Started process (PID=2223) to work on /opt/airflow/dags/sodai/__init__.py
[2025-11-19T20:08:45.259+0000] {processor.py:830} INFO - Processing file /opt/airflow/dags/sodai/__init__.py for tasks to queue
[2025-11-19T20:08:45.261+0000] {logging_mixin.py:188} INFO - [2025-11-19T20:08:45.261+0000] {dagbag.py:540} INFO - Filling up the DagBag from /opt/airflow/dags/sodai/__init__.py
[2025-11-19T20:08:45.274+0000] {processor.py:842} WARNING - No viable dags retrieved from /opt/airflow/dags/sodai/__init__.py
[2025-11-19T20:08:45.287+0000] {processor.py:183} INFO - Processing /opt/airflow/dags/sodai/__init__.py took 0.032 seconds
[2025-11-19T20:09:18.666+0000] {processor.py:161} INFO - Started process (PID=2233) to work on /opt/airflow/dags/sodai/__init__.py
[2025-11-19T20:09:18.667+0000] {processor.py:830} INFO - Processing file /opt/airflow/dags/sodai/__init__.py for tasks to queue
[2025-11-19T20:09:18.668+0000] {logging_mixin.py:188} INFO - [2025-11-19T20:09:18.668+0000] {dagbag.py:540} INFO - Filling up the DagBag from /opt/airflow/dags/sodai/__init__.py
[2025-11-19T20:09:18.680+0000] {processor.py:842} WARNING - No viable dags retrieved from /opt/airflow/dags/sodai/__init__.py
[2025-11-19T20:09:18.691+0000] {processor.py:183} INFO - Processing /opt/airflow/dags/sodai/__init__.py took 0.029 seconds
[2025-11-19T20:09:52.006+0000] {processor.py:161} INFO - Started process (PID=2243) to work on /opt/airflow/dags/sodai/__init__.py
[2025-11-19T20:09:52.007+0000] {processor.py:830} INFO - Processing file /opt/airflow/dags/sodai/__init__.py for tasks to queue
[2025-11-19T20:09:52.008+0000] {logging_mixin.py:188} INFO - [2025-11-19T20:09:52.008+0000] {dagbag.py:540} INFO - Filling up the DagBag from /opt/airflow/dags/sodai/__init__.py
[2025-11-19T20:09:52.018+0000] {processor.py:842} WARNING - No viable dags retrieved from /opt/airflow/dags/sodai/__init__.py
[2025-11-19T20:09:52.029+0000] {processor.py:183} INFO - Processing /opt/airflow/dags/sodai/__init__.py took 0.026 seconds
[2025-11-19T20:10:22.383+0000] {processor.py:161} INFO - Started process (PID=2253) to work on /opt/airflow/dags/sodai/__init__.py
[2025-11-19T20:10:22.384+0000] {processor.py:830} INFO - Processing file /opt/airflow/dags/sodai/__init__.py for tasks to queue
[2025-11-19T20:10:22.386+0000] {logging_mixin.py:188} INFO - [2025-11-19T20:10:22.385+0000] {dagbag.py:540} INFO - Filling up the DagBag from /opt/airflow/dags/sodai/__init__.py
[2025-11-19T20:10:22.395+0000] {processor.py:842} WARNING - No viable dags retrieved from /opt/airflow/dags/sodai/__init__.py
[2025-11-19T20:10:24.342+0000] {processor.py:183} INFO - Processing /opt/airflow/dags/sodai/__init__.py took 0.028 seconds
[2025-11-19T20:10:57.698+0000] {processor.py:161} INFO - Started process (PID=2263) to work on /opt/airflow/dags/sodai/__init__.py
[2025-11-19T20:10:57.699+0000] {processor.py:830} INFO - Processing file /opt/airflow/dags/sodai/__init__.py for tasks to queue
[2025-11-19T20:10:57.701+0000] {logging_mixin.py:188} INFO - [2025-11-19T20:10:57.701+0000] {dagbag.py:540} INFO - Filling up the DagBag from /opt/airflow/dags/sodai/__init__.py
[2025-11-19T20:10:57.717+0000] {processor.py:842} WARNING - No viable dags retrieved from /opt/airflow/dags/sodai/__init__.py
[2025-11-19T20:10:57.729+0000] {processor.py:183} INFO - Processing /opt/airflow/dags/sodai/__init__.py took 0.035 seconds
[2025-11-19T20:11:31.256+0000] {processor.py:161} INFO - Started process (PID=2273) to work on /opt/airflow/dags/sodai/__init__.py
[2025-11-19T20:11:31.257+0000] {processor.py:830} INFO - Processing file /opt/airflow/dags/sodai/__init__.py for tasks to queue
[2025-11-19T20:11:31.258+0000] {logging_mixin.py:188} INFO - [2025-11-19T20:11:31.258+0000] {dagbag.py:540} INFO - Filling up the DagBag from /opt/airflow/dags/sodai/__init__.py
[2025-11-19T20:11:31.268+0000] {processor.py:842} WARNING - No viable dags retrieved from /opt/airflow/dags/sodai/__init__.py
[2025-11-19T20:11:31.280+0000] {processor.py:183} INFO - Processing /opt/airflow/dags/sodai/__init__.py took 0.028 seconds
[2025-11-19T20:12:04.566+0000] {processor.py:161} INFO - Started process (PID=2283) to work on /opt/airflow/dags/sodai/__init__.py
[2025-11-19T20:12:04.567+0000] {processor.py:830} INFO - Processing file /opt/airflow/dags/sodai/__init__.py for tasks to queue
[2025-11-19T20:12:04.569+0000] {logging_mixin.py:188} INFO - [2025-11-19T20:12:04.568+0000] {dagbag.py:540} INFO - Filling up the DagBag from /opt/airflow/dags/sodai/__init__.py
[2025-11-19T20:12:04.580+0000] {processor.py:842} WARNING - No viable dags retrieved from /opt/airflow/dags/sodai/__init__.py
[2025-11-19T20:12:04.595+0000] {processor.py:183} INFO - Processing /opt/airflow/dags/sodai/__init__.py took 0.033 seconds
[2025-11-19T20:12:36.883+0000] {processor.py:161} INFO - Started process (PID=2293) to work on /opt/airflow/dags/sodai/__init__.py
[2025-11-19T20:12:36.884+0000] {processor.py:830} INFO - Processing file /opt/airflow/dags/sodai/__init__.py for tasks to queue
[2025-11-19T20:12:36.885+0000] {logging_mixin.py:188} INFO - [2025-11-19T20:12:36.885+0000] {dagbag.py:540} INFO - Filling up the DagBag from /opt/airflow/dags/sodai/__init__.py
[2025-11-19T20:12:36.898+0000] {processor.py:842} WARNING - No viable dags retrieved from /opt/airflow/dags/sodai/__init__.py
[2025-11-19T20:12:36.909+0000] {processor.py:183} INFO - Processing /opt/airflow/dags/sodai/__init__.py took 0.030 seconds
[2025-11-19T20:13:10.270+0000] {processor.py:161} INFO - Started process (PID=2303) to work on /opt/airflow/dags/sodai/__init__.py
[2025-11-19T20:13:10.271+0000] {processor.py:830} INFO - Processing file /opt/airflow/dags/sodai/__init__.py for tasks to queue
[2025-11-19T20:13:10.272+0000] {logging_mixin.py:188} INFO - [2025-11-19T20:13:10.272+0000] {dagbag.py:540} INFO - Filling up the DagBag from /opt/airflow/dags/sodai/__init__.py
[2025-11-19T20:13:10.287+0000] {processor.py:842} WARNING - No viable dags retrieved from /opt/airflow/dags/sodai/__init__.py
[2025-11-19T20:13:10.298+0000] {processor.py:183} INFO - Processing /opt/airflow/dags/sodai/__init__.py took 0.032 seconds
[2025-11-19T20:13:43.663+0000] {processor.py:161} INFO - Started process (PID=2313) to work on /opt/airflow/dags/sodai/__init__.py
[2025-11-19T20:13:43.664+0000] {processor.py:830} INFO - Processing file /opt/airflow/dags/sodai/__init__.py for tasks to queue
[2025-11-19T20:13:43.665+0000] {logging_mixin.py:188} INFO - [2025-11-19T20:13:43.665+0000] {dagbag.py:540} INFO - Filling up the DagBag from /opt/airflow/dags/sodai/__init__.py
[2025-11-19T20:13:43.675+0000] {processor.py:842} WARNING - No viable dags retrieved from /opt/airflow/dags/sodai/__init__.py
[2025-11-19T20:13:43.687+0000] {processor.py:183} INFO - Processing /opt/airflow/dags/sodai/__init__.py took 0.028 seconds
[2025-11-19T20:14:16.983+0000] {processor.py:161} INFO - Started process (PID=2323) to work on /opt/airflow/dags/sodai/__init__.py
[2025-11-19T20:14:16.984+0000] {processor.py:830} INFO - Processing file /opt/airflow/dags/sodai/__init__.py for tasks to queue
[2025-11-19T20:14:16.987+0000] {logging_mixin.py:188} INFO - [2025-11-19T20:14:16.986+0000] {dagbag.py:540} INFO - Filling up the DagBag from /opt/airflow/dags/sodai/__init__.py
[2025-11-19T20:14:17.001+0000] {processor.py:842} WARNING - No viable dags retrieved from /opt/airflow/dags/sodai/__init__.py
[2025-11-19T20:14:17.014+0000] {processor.py:183} INFO - Processing /opt/airflow/dags/sodai/__init__.py took 0.035 seconds
[2025-11-19T20:14:47.395+0000] {processor.py:161} INFO - Started process (PID=2333) to work on /opt/airflow/dags/sodai/__init__.py
[2025-11-19T20:14:47.396+0000] {processor.py:830} INFO - Processing file /opt/airflow/dags/sodai/__init__.py for tasks to queue
[2025-11-19T20:14:47.398+0000] {logging_mixin.py:188} INFO - [2025-11-19T20:14:47.397+0000] {dagbag.py:540} INFO - Filling up the DagBag from /opt/airflow/dags/sodai/__init__.py
[2025-11-19T20:14:47.408+0000] {processor.py:842} WARNING - No viable dags retrieved from /opt/airflow/dags/sodai/__init__.py
[2025-11-19T20:14:47.418+0000] {processor.py:183} INFO - Processing /opt/airflow/dags/sodai/__init__.py took 0.027 seconds
[2025-11-19T20:15:17.532+0000] {processor.py:161} INFO - Started process (PID=2340) to work on /opt/airflow/dags/sodai/__init__.py
[2025-11-19T20:15:17.534+0000] {processor.py:830} INFO - Processing file /opt/airflow/dags/sodai/__init__.py for tasks to queue
[2025-11-19T20:15:17.535+0000] {logging_mixin.py:188} INFO - [2025-11-19T20:15:17.535+0000] {dagbag.py:540} INFO - Filling up the DagBag from /opt/airflow/dags/sodai/__init__.py
[2025-11-19T20:15:17.543+0000] {processor.py:842} WARNING - No viable dags retrieved from /opt/airflow/dags/sodai/__init__.py
[2025-11-19T20:15:17.554+0000] {processor.py:183} INFO - Processing /opt/airflow/dags/sodai/__init__.py took 0.025 seconds
[2025-11-19T20:15:47.872+0000] {processor.py:161} INFO - Started process (PID=2350) to work on /opt/airflow/dags/sodai/__init__.py
[2025-11-19T20:15:47.873+0000] {processor.py:830} INFO - Processing file /opt/airflow/dags/sodai/__init__.py for tasks to queue
[2025-11-19T20:15:47.875+0000] {logging_mixin.py:188} INFO - [2025-11-19T20:15:47.875+0000] {dagbag.py:540} INFO - Filling up the DagBag from /opt/airflow/dags/sodai/__init__.py
[2025-11-19T20:15:47.888+0000] {processor.py:842} WARNING - No viable dags retrieved from /opt/airflow/dags/sodai/__init__.py
[2025-11-19T20:15:47.898+0000] {processor.py:183} INFO - Processing /opt/airflow/dags/sodai/__init__.py took 0.034 seconds
[2025-11-19T20:16:18.452+0000] {processor.py:161} INFO - Started process (PID=2360) to work on /opt/airflow/dags/sodai/__init__.py
[2025-11-19T20:16:18.452+0000] {processor.py:830} INFO - Processing file /opt/airflow/dags/sodai/__init__.py for tasks to queue
[2025-11-19T20:16:18.454+0000] {logging_mixin.py:188} INFO - [2025-11-19T20:16:18.454+0000] {dagbag.py:540} INFO - Filling up the DagBag from /opt/airflow/dags/sodai/__init__.py
[2025-11-19T20:16:18.462+0000] {processor.py:842} WARNING - No viable dags retrieved from /opt/airflow/dags/sodai/__init__.py
[2025-11-19T20:16:18.470+0000] {processor.py:183} INFO - Processing /opt/airflow/dags/sodai/__init__.py took 0.022 seconds
[2025-11-19T20:16:49.372+0000] {processor.py:161} INFO - Started process (PID=2370) to work on /opt/airflow/dags/sodai/__init__.py
[2025-11-19T20:16:49.373+0000] {processor.py:830} INFO - Processing file /opt/airflow/dags/sodai/__init__.py for tasks to queue
[2025-11-19T20:16:49.375+0000] {logging_mixin.py:188} INFO - [2025-11-19T20:16:49.374+0000] {dagbag.py:540} INFO - Filling up the DagBag from /opt/airflow/dags/sodai/__init__.py
[2025-11-19T20:16:49.384+0000] {processor.py:842} WARNING - No viable dags retrieved from /opt/airflow/dags/sodai/__init__.py
[2025-11-19T20:16:49.395+0000] {processor.py:183} INFO - Processing /opt/airflow/dags/sodai/__init__.py took 0.027 seconds
[2025-11-19T20:17:19.630+0000] {processor.py:161} INFO - Started process (PID=2380) to work on /opt/airflow/dags/sodai/__init__.py
[2025-11-19T20:17:19.631+0000] {processor.py:830} INFO - Processing file /opt/airflow/dags/sodai/__init__.py for tasks to queue
[2025-11-19T20:17:19.632+0000] {logging_mixin.py:188} INFO - [2025-11-19T20:17:19.632+0000] {dagbag.py:540} INFO - Filling up the DagBag from /opt/airflow/dags/sodai/__init__.py
[2025-11-19T20:17:19.640+0000] {processor.py:842} WARNING - No viable dags retrieved from /opt/airflow/dags/sodai/__init__.py
[2025-11-19T20:17:19.650+0000] {processor.py:183} INFO - Processing /opt/airflow/dags/sodai/__init__.py took 0.024 seconds
[2025-11-19T20:17:49.885+0000] {processor.py:161} INFO - Started process (PID=2390) to work on /opt/airflow/dags/sodai/__init__.py
[2025-11-19T20:17:49.885+0000] {processor.py:830} INFO - Processing file /opt/airflow/dags/sodai/__init__.py for tasks to queue
[2025-11-19T20:17:49.886+0000] {logging_mixin.py:188} INFO - [2025-11-19T20:17:49.886+0000] {dagbag.py:540} INFO - Filling up the DagBag from /opt/airflow/dags/sodai/__init__.py
[2025-11-19T20:17:49.895+0000] {processor.py:842} WARNING - No viable dags retrieved from /opt/airflow/dags/sodai/__init__.py
[2025-11-19T20:17:49.904+0000] {processor.py:183} INFO - Processing /opt/airflow/dags/sodai/__init__.py took 0.023 seconds
[2025-11-19T20:18:20.252+0000] {processor.py:161} INFO - Started process (PID=2400) to work on /opt/airflow/dags/sodai/__init__.py
[2025-11-19T20:18:20.253+0000] {processor.py:830} INFO - Processing file /opt/airflow/dags/sodai/__init__.py for tasks to queue
[2025-11-19T20:18:20.254+0000] {logging_mixin.py:188} INFO - [2025-11-19T20:18:20.254+0000] {dagbag.py:540} INFO - Filling up the DagBag from /opt/airflow/dags/sodai/__init__.py
[2025-11-19T20:18:20.266+0000] {processor.py:842} WARNING - No viable dags retrieved from /opt/airflow/dags/sodai/__init__.py
[2025-11-19T20:18:20.274+0000] {processor.py:183} INFO - Processing /opt/airflow/dags/sodai/__init__.py took 0.026 seconds
[2025-11-19T20:18:50.465+0000] {processor.py:161} INFO - Started process (PID=2410) to work on /opt/airflow/dags/sodai/__init__.py
[2025-11-19T20:18:50.466+0000] {processor.py:830} INFO - Processing file /opt/airflow/dags/sodai/__init__.py for tasks to queue
[2025-11-19T20:18:50.467+0000] {logging_mixin.py:188} INFO - [2025-11-19T20:18:50.467+0000] {dagbag.py:540} INFO - Filling up the DagBag from /opt/airflow/dags/sodai/__init__.py
[2025-11-19T20:18:50.477+0000] {processor.py:842} WARNING - No viable dags retrieved from /opt/airflow/dags/sodai/__init__.py
[2025-11-19T20:18:50.487+0000] {processor.py:183} INFO - Processing /opt/airflow/dags/sodai/__init__.py took 0.027 seconds
[2025-11-19T20:19:20.543+0000] {processor.py:161} INFO - Started process (PID=2420) to work on /opt/airflow/dags/sodai/__init__.py
[2025-11-19T20:19:20.544+0000] {processor.py:830} INFO - Processing file /opt/airflow/dags/sodai/__init__.py for tasks to queue
[2025-11-19T20:19:20.545+0000] {logging_mixin.py:188} INFO - [2025-11-19T20:19:20.545+0000] {dagbag.py:540} INFO - Filling up the DagBag from /opt/airflow/dags/sodai/__init__.py
[2025-11-19T20:19:20.553+0000] {processor.py:842} WARNING - No viable dags retrieved from /opt/airflow/dags/sodai/__init__.py
[2025-11-19T20:19:20.562+0000] {processor.py:183} INFO - Processing /opt/airflow/dags/sodai/__init__.py took 0.023 seconds
[2025-11-19T20:19:50.758+0000] {processor.py:161} INFO - Started process (PID=2430) to work on /opt/airflow/dags/sodai/__init__.py
[2025-11-19T20:19:50.759+0000] {processor.py:830} INFO - Processing file /opt/airflow/dags/sodai/__init__.py for tasks to queue
[2025-11-19T20:19:50.760+0000] {logging_mixin.py:188} INFO - [2025-11-19T20:19:50.760+0000] {dagbag.py:540} INFO - Filling up the DagBag from /opt/airflow/dags/sodai/__init__.py
[2025-11-19T20:19:50.769+0000] {processor.py:842} WARNING - No viable dags retrieved from /opt/airflow/dags/sodai/__init__.py
[2025-11-19T20:19:50.780+0000] {processor.py:183} INFO - Processing /opt/airflow/dags/sodai/__init__.py took 0.026 seconds
[2025-11-19T20:20:21.103+0000] {processor.py:161} INFO - Started process (PID=2440) to work on /opt/airflow/dags/sodai/__init__.py
[2025-11-19T20:20:21.103+0000] {processor.py:830} INFO - Processing file /opt/airflow/dags/sodai/__init__.py for tasks to queue
[2025-11-19T20:20:21.107+0000] {logging_mixin.py:188} INFO - [2025-11-19T20:20:21.106+0000] {dagbag.py:540} INFO - Filling up the DagBag from /opt/airflow/dags/sodai/__init__.py
[2025-11-19T20:20:21.117+0000] {processor.py:842} WARNING - No viable dags retrieved from /opt/airflow/dags/sodai/__init__.py
[2025-11-19T20:20:21.128+0000] {processor.py:183} INFO - Processing /opt/airflow/dags/sodai/__init__.py took 0.030 seconds
[2025-11-19T20:20:53.174+0000] {processor.py:161} INFO - Started process (PID=2450) to work on /opt/airflow/dags/sodai/__init__.py
[2025-11-19T20:20:53.175+0000] {processor.py:830} INFO - Processing file /opt/airflow/dags/sodai/__init__.py for tasks to queue
[2025-11-19T20:20:53.176+0000] {logging_mixin.py:188} INFO - [2025-11-19T20:20:53.176+0000] {dagbag.py:540} INFO - Filling up the DagBag from /opt/airflow/dags/sodai/__init__.py
[2025-11-19T20:20:53.185+0000] {processor.py:842} WARNING - No viable dags retrieved from /opt/airflow/dags/sodai/__init__.py
[2025-11-19T20:20:53.195+0000] {processor.py:183} INFO - Processing /opt/airflow/dags/sodai/__init__.py took 0.026 seconds
[2025-11-19T20:21:26.514+0000] {processor.py:161} INFO - Started process (PID=2460) to work on /opt/airflow/dags/sodai/__init__.py
[2025-11-19T20:21:26.515+0000] {processor.py:830} INFO - Processing file /opt/airflow/dags/sodai/__init__.py for tasks to queue
[2025-11-19T20:21:26.516+0000] {logging_mixin.py:188} INFO - [2025-11-19T20:21:26.516+0000] {dagbag.py:540} INFO - Filling up the DagBag from /opt/airflow/dags/sodai/__init__.py
[2025-11-19T20:21:26.524+0000] {processor.py:842} WARNING - No viable dags retrieved from /opt/airflow/dags/sodai/__init__.py
[2025-11-19T20:21:26.534+0000] {processor.py:183} INFO - Processing /opt/airflow/dags/sodai/__init__.py took 0.025 seconds
[2025-11-19T20:21:56.851+0000] {processor.py:161} INFO - Started process (PID=2470) to work on /opt/airflow/dags/sodai/__init__.py
[2025-11-19T20:21:56.852+0000] {processor.py:830} INFO - Processing file /opt/airflow/dags/sodai/__init__.py for tasks to queue
[2025-11-19T20:21:56.853+0000] {logging_mixin.py:188} INFO - [2025-11-19T20:21:56.853+0000] {dagbag.py:540} INFO - Filling up the DagBag from /opt/airflow/dags/sodai/__init__.py
[2025-11-19T20:21:56.863+0000] {processor.py:842} WARNING - No viable dags retrieved from /opt/airflow/dags/sodai/__init__.py
[2025-11-19T20:21:56.872+0000] {processor.py:183} INFO - Processing /opt/airflow/dags/sodai/__init__.py took 0.026 seconds
[2025-11-19T20:22:26.978+0000] {processor.py:161} INFO - Started process (PID=2480) to work on /opt/airflow/dags/sodai/__init__.py
[2025-11-19T20:22:26.979+0000] {processor.py:830} INFO - Processing file /opt/airflow/dags/sodai/__init__.py for tasks to queue
[2025-11-19T20:22:26.980+0000] {logging_mixin.py:188} INFO - [2025-11-19T20:22:26.980+0000] {dagbag.py:540} INFO - Filling up the DagBag from /opt/airflow/dags/sodai/__init__.py
[2025-11-19T20:22:26.990+0000] {processor.py:842} WARNING - No viable dags retrieved from /opt/airflow/dags/sodai/__init__.py
[2025-11-19T20:22:27.001+0000] {processor.py:183} INFO - Processing /opt/airflow/dags/sodai/__init__.py took 0.026 seconds
[2025-11-19T20:22:57.283+0000] {processor.py:161} INFO - Started process (PID=2490) to work on /opt/airflow/dags/sodai/__init__.py
[2025-11-19T20:22:57.284+0000] {processor.py:830} INFO - Processing file /opt/airflow/dags/sodai/__init__.py for tasks to queue
[2025-11-19T20:22:57.286+0000] {logging_mixin.py:188} INFO - [2025-11-19T20:22:57.285+0000] {dagbag.py:540} INFO - Filling up the DagBag from /opt/airflow/dags/sodai/__init__.py
[2025-11-19T20:22:57.297+0000] {processor.py:842} WARNING - No viable dags retrieved from /opt/airflow/dags/sodai/__init__.py
[2025-11-19T20:22:57.313+0000] {processor.py:183} INFO - Processing /opt/airflow/dags/sodai/__init__.py took 0.036 seconds
[2025-11-19T20:23:27.451+0000] {processor.py:161} INFO - Started process (PID=2500) to work on /opt/airflow/dags/sodai/__init__.py
[2025-11-19T20:23:27.452+0000] {processor.py:830} INFO - Processing file /opt/airflow/dags/sodai/__init__.py for tasks to queue
[2025-11-19T20:23:27.454+0000] {logging_mixin.py:188} INFO - [2025-11-19T20:23:27.453+0000] {dagbag.py:540} INFO - Filling up the DagBag from /opt/airflow/dags/sodai/__init__.py
[2025-11-19T20:23:27.463+0000] {processor.py:842} WARNING - No viable dags retrieved from /opt/airflow/dags/sodai/__init__.py
[2025-11-19T20:23:27.474+0000] {processor.py:183} INFO - Processing /opt/airflow/dags/sodai/__init__.py took 0.028 seconds
[2025-11-19T20:23:57.751+0000] {processor.py:161} INFO - Started process (PID=2510) to work on /opt/airflow/dags/sodai/__init__.py
[2025-11-19T20:23:57.755+0000] {processor.py:830} INFO - Processing file /opt/airflow/dags/sodai/__init__.py for tasks to queue
[2025-11-19T20:23:57.760+0000] {logging_mixin.py:188} INFO - [2025-11-19T20:23:57.759+0000] {dagbag.py:540} INFO - Filling up the DagBag from /opt/airflow/dags/sodai/__init__.py
[2025-11-19T20:23:57.777+0000] {processor.py:842} WARNING - No viable dags retrieved from /opt/airflow/dags/sodai/__init__.py
[2025-11-19T20:23:57.799+0000] {processor.py:183} INFO - Processing /opt/airflow/dags/sodai/__init__.py took 0.060 seconds
[2025-11-19T20:24:28.113+0000] {processor.py:161} INFO - Started process (PID=2520) to work on /opt/airflow/dags/sodai/__init__.py
[2025-11-19T20:24:28.114+0000] {processor.py:830} INFO - Processing file /opt/airflow/dags/sodai/__init__.py for tasks to queue
[2025-11-19T20:24:28.116+0000] {logging_mixin.py:188} INFO - [2025-11-19T20:24:28.115+0000] {dagbag.py:540} INFO - Filling up the DagBag from /opt/airflow/dags/sodai/__init__.py
[2025-11-19T20:24:28.127+0000] {processor.py:842} WARNING - No viable dags retrieved from /opt/airflow/dags/sodai/__init__.py
[2025-11-19T20:24:28.141+0000] {processor.py:183} INFO - Processing /opt/airflow/dags/sodai/__init__.py took 0.033 seconds
[2025-11-19T20:24:58.417+0000] {processor.py:161} INFO - Started process (PID=2530) to work on /opt/airflow/dags/sodai/__init__.py
[2025-11-19T20:24:58.417+0000] {processor.py:830} INFO - Processing file /opt/airflow/dags/sodai/__init__.py for tasks to queue
[2025-11-19T20:24:58.419+0000] {logging_mixin.py:188} INFO - [2025-11-19T20:24:58.418+0000] {dagbag.py:540} INFO - Filling up the DagBag from /opt/airflow/dags/sodai/__init__.py
[2025-11-19T20:24:58.427+0000] {processor.py:842} WARNING - No viable dags retrieved from /opt/airflow/dags/sodai/__init__.py
[2025-11-19T20:24:58.437+0000] {processor.py:183} INFO - Processing /opt/airflow/dags/sodai/__init__.py took 0.025 seconds
[2025-11-19T20:25:28.720+0000] {processor.py:161} INFO - Started process (PID=2540) to work on /opt/airflow/dags/sodai/__init__.py
[2025-11-19T20:25:28.721+0000] {processor.py:830} INFO - Processing file /opt/airflow/dags/sodai/__init__.py for tasks to queue
[2025-11-19T20:25:28.723+0000] {logging_mixin.py:188} INFO - [2025-11-19T20:25:28.723+0000] {dagbag.py:540} INFO - Filling up the DagBag from /opt/airflow/dags/sodai/__init__.py
[2025-11-19T20:25:28.732+0000] {processor.py:842} WARNING - No viable dags retrieved from /opt/airflow/dags/sodai/__init__.py
[2025-11-19T20:25:28.743+0000] {processor.py:183} INFO - Processing /opt/airflow/dags/sodai/__init__.py took 0.028 seconds
[2025-11-19T20:25:58.993+0000] {processor.py:161} INFO - Started process (PID=2550) to work on /opt/airflow/dags/sodai/__init__.py
[2025-11-19T20:25:58.994+0000] {processor.py:830} INFO - Processing file /opt/airflow/dags/sodai/__init__.py for tasks to queue
[2025-11-19T20:25:58.995+0000] {logging_mixin.py:188} INFO - [2025-11-19T20:25:58.995+0000] {dagbag.py:540} INFO - Filling up the DagBag from /opt/airflow/dags/sodai/__init__.py
[2025-11-19T20:25:59.004+0000] {processor.py:842} WARNING - No viable dags retrieved from /opt/airflow/dags/sodai/__init__.py
[2025-11-19T20:25:59.015+0000] {processor.py:183} INFO - Processing /opt/airflow/dags/sodai/__init__.py took 0.027 seconds
[2025-11-19T20:26:29.332+0000] {processor.py:161} INFO - Started process (PID=2560) to work on /opt/airflow/dags/sodai/__init__.py
[2025-11-19T20:26:29.333+0000] {processor.py:830} INFO - Processing file /opt/airflow/dags/sodai/__init__.py for tasks to queue
[2025-11-19T20:26:29.335+0000] {logging_mixin.py:188} INFO - [2025-11-19T20:26:29.335+0000] {dagbag.py:540} INFO - Filling up the DagBag from /opt/airflow/dags/sodai/__init__.py
[2025-11-19T20:26:29.345+0000] {processor.py:842} WARNING - No viable dags retrieved from /opt/airflow/dags/sodai/__init__.py
[2025-11-19T20:26:29.356+0000] {processor.py:183} INFO - Processing /opt/airflow/dags/sodai/__init__.py took 0.028 seconds
[2025-11-19T20:26:59.659+0000] {processor.py:161} INFO - Started process (PID=2570) to work on /opt/airflow/dags/sodai/__init__.py
[2025-11-19T20:26:59.660+0000] {processor.py:830} INFO - Processing file /opt/airflow/dags/sodai/__init__.py for tasks to queue
[2025-11-19T20:26:59.661+0000] {logging_mixin.py:188} INFO - [2025-11-19T20:26:59.661+0000] {dagbag.py:540} INFO - Filling up the DagBag from /opt/airflow/dags/sodai/__init__.py
[2025-11-19T20:26:59.670+0000] {processor.py:842} WARNING - No viable dags retrieved from /opt/airflow/dags/sodai/__init__.py
[2025-11-19T20:26:59.682+0000] {processor.py:183} INFO - Processing /opt/airflow/dags/sodai/__init__.py took 0.027 seconds
[2025-11-19T20:27:29.952+0000] {processor.py:161} INFO - Started process (PID=2580) to work on /opt/airflow/dags/sodai/__init__.py
[2025-11-19T20:27:29.953+0000] {processor.py:830} INFO - Processing file /opt/airflow/dags/sodai/__init__.py for tasks to queue
[2025-11-19T20:27:29.954+0000] {logging_mixin.py:188} INFO - [2025-11-19T20:27:29.954+0000] {dagbag.py:540} INFO - Filling up the DagBag from /opt/airflow/dags/sodai/__init__.py
[2025-11-19T20:27:29.966+0000] {processor.py:842} WARNING - No viable dags retrieved from /opt/airflow/dags/sodai/__init__.py
[2025-11-19T20:27:29.979+0000] {processor.py:183} INFO - Processing /opt/airflow/dags/sodai/__init__.py took 0.030 seconds
[2025-11-19T20:28:00.720+0000] {processor.py:161} INFO - Started process (PID=2590) to work on /opt/airflow/dags/sodai/__init__.py
[2025-11-19T20:28:00.721+0000] {processor.py:830} INFO - Processing file /opt/airflow/dags/sodai/__init__.py for tasks to queue
[2025-11-19T20:28:00.723+0000] {logging_mixin.py:188} INFO - [2025-11-19T20:28:00.722+0000] {dagbag.py:540} INFO - Filling up the DagBag from /opt/airflow/dags/sodai/__init__.py
[2025-11-19T20:28:00.733+0000] {processor.py:842} WARNING - No viable dags retrieved from /opt/airflow/dags/sodai/__init__.py
[2025-11-19T20:28:00.743+0000] {processor.py:183} INFO - Processing /opt/airflow/dags/sodai/__init__.py took 0.027 seconds
[2025-11-19T20:28:31.442+0000] {processor.py:161} INFO - Started process (PID=2600) to work on /opt/airflow/dags/sodai/__init__.py
[2025-11-19T20:28:31.443+0000] {processor.py:830} INFO - Processing file /opt/airflow/dags/sodai/__init__.py for tasks to queue
[2025-11-19T20:28:31.444+0000] {logging_mixin.py:188} INFO - [2025-11-19T20:28:31.444+0000] {dagbag.py:540} INFO - Filling up the DagBag from /opt/airflow/dags/sodai/__init__.py
[2025-11-19T20:28:31.455+0000] {processor.py:842} WARNING - No viable dags retrieved from /opt/airflow/dags/sodai/__init__.py
[2025-11-19T20:28:31.465+0000] {processor.py:183} INFO - Processing /opt/airflow/dags/sodai/__init__.py took 0.028 seconds
[2025-11-19T20:29:01.790+0000] {processor.py:161} INFO - Started process (PID=2610) to work on /opt/airflow/dags/sodai/__init__.py
[2025-11-19T20:29:01.791+0000] {processor.py:830} INFO - Processing file /opt/airflow/dags/sodai/__init__.py for tasks to queue
[2025-11-19T20:29:01.792+0000] {logging_mixin.py:188} INFO - [2025-11-19T20:29:01.792+0000] {dagbag.py:540} INFO - Filling up the DagBag from /opt/airflow/dags/sodai/__init__.py
[2025-11-19T20:29:01.805+0000] {processor.py:842} WARNING - No viable dags retrieved from /opt/airflow/dags/sodai/__init__.py
[2025-11-19T20:29:01.818+0000] {processor.py:183} INFO - Processing /opt/airflow/dags/sodai/__init__.py took 0.032 seconds
[2025-11-19T20:29:31.991+0000] {processor.py:161} INFO - Started process (PID=2620) to work on /opt/airflow/dags/sodai/__init__.py
[2025-11-19T20:29:31.992+0000] {processor.py:830} INFO - Processing file /opt/airflow/dags/sodai/__init__.py for tasks to queue
[2025-11-19T20:29:31.994+0000] {logging_mixin.py:188} INFO - [2025-11-19T20:29:31.993+0000] {dagbag.py:540} INFO - Filling up the DagBag from /opt/airflow/dags/sodai/__init__.py
[2025-11-19T20:29:32.006+0000] {processor.py:842} WARNING - No viable dags retrieved from /opt/airflow/dags/sodai/__init__.py
[2025-11-19T20:29:32.020+0000] {processor.py:183} INFO - Processing /opt/airflow/dags/sodai/__init__.py took 0.033 seconds
[2025-11-19T20:30:02.294+0000] {processor.py:161} INFO - Started process (PID=2630) to work on /opt/airflow/dags/sodai/__init__.py
[2025-11-19T20:30:02.295+0000] {processor.py:830} INFO - Processing file /opt/airflow/dags/sodai/__init__.py for tasks to queue
[2025-11-19T20:30:02.297+0000] {logging_mixin.py:188} INFO - [2025-11-19T20:30:02.296+0000] {dagbag.py:540} INFO - Filling up the DagBag from /opt/airflow/dags/sodai/__init__.py
[2025-11-19T20:30:02.304+0000] {processor.py:842} WARNING - No viable dags retrieved from /opt/airflow/dags/sodai/__init__.py
[2025-11-19T20:30:02.316+0000] {processor.py:183} INFO - Processing /opt/airflow/dags/sodai/__init__.py took 0.026 seconds
[2025-11-19T20:30:32.588+0000] {processor.py:161} INFO - Started process (PID=2640) to work on /opt/airflow/dags/sodai/__init__.py
[2025-11-19T20:30:32.589+0000] {processor.py:830} INFO - Processing file /opt/airflow/dags/sodai/__init__.py for tasks to queue
[2025-11-19T20:30:32.591+0000] {logging_mixin.py:188} INFO - [2025-11-19T20:30:32.591+0000] {dagbag.py:540} INFO - Filling up the DagBag from /opt/airflow/dags/sodai/__init__.py
[2025-11-19T20:30:32.601+0000] {processor.py:842} WARNING - No viable dags retrieved from /opt/airflow/dags/sodai/__init__.py
[2025-11-19T20:30:32.613+0000] {processor.py:183} INFO - Processing /opt/airflow/dags/sodai/__init__.py took 0.029 seconds
[2025-11-19T20:31:02.868+0000] {processor.py:161} INFO - Started process (PID=2650) to work on /opt/airflow/dags/sodai/__init__.py
[2025-11-19T20:31:02.870+0000] {processor.py:830} INFO - Processing file /opt/airflow/dags/sodai/__init__.py for tasks to queue
[2025-11-19T20:31:02.871+0000] {logging_mixin.py:188} INFO - [2025-11-19T20:31:02.871+0000] {dagbag.py:540} INFO - Filling up the DagBag from /opt/airflow/dags/sodai/__init__.py
[2025-11-19T20:31:02.883+0000] {processor.py:842} WARNING - No viable dags retrieved from /opt/airflow/dags/sodai/__init__.py
[2025-11-19T20:31:02.897+0000] {processor.py:183} INFO - Processing /opt/airflow/dags/sodai/__init__.py took 0.033 seconds
[2025-11-19T20:31:33.250+0000] {processor.py:161} INFO - Started process (PID=2660) to work on /opt/airflow/dags/sodai/__init__.py
[2025-11-19T20:31:33.251+0000] {processor.py:830} INFO - Processing file /opt/airflow/dags/sodai/__init__.py for tasks to queue
[2025-11-19T20:31:33.252+0000] {logging_mixin.py:188} INFO - [2025-11-19T20:31:33.252+0000] {dagbag.py:540} INFO - Filling up the DagBag from /opt/airflow/dags/sodai/__init__.py
[2025-11-19T20:31:33.261+0000] {processor.py:842} WARNING - No viable dags retrieved from /opt/airflow/dags/sodai/__init__.py
[2025-11-19T20:31:33.272+0000] {processor.py:183} INFO - Processing /opt/airflow/dags/sodai/__init__.py took 0.026 seconds
[2025-11-19T20:32:03.519+0000] {processor.py:161} INFO - Started process (PID=2670) to work on /opt/airflow/dags/sodai/__init__.py
[2025-11-19T20:32:03.519+0000] {processor.py:830} INFO - Processing file /opt/airflow/dags/sodai/__init__.py for tasks to queue
[2025-11-19T20:32:03.521+0000] {logging_mixin.py:188} INFO - [2025-11-19T20:32:03.521+0000] {dagbag.py:540} INFO - Filling up the DagBag from /opt/airflow/dags/sodai/__init__.py
[2025-11-19T20:32:03.529+0000] {processor.py:842} WARNING - No viable dags retrieved from /opt/airflow/dags/sodai/__init__.py
[2025-11-19T20:32:03.538+0000] {processor.py:183} INFO - Processing /opt/airflow/dags/sodai/__init__.py took 0.024 seconds
[2025-11-19T20:32:33.831+0000] {processor.py:161} INFO - Started process (PID=2680) to work on /opt/airflow/dags/sodai/__init__.py
[2025-11-19T20:32:33.832+0000] {processor.py:830} INFO - Processing file /opt/airflow/dags/sodai/__init__.py for tasks to queue
[2025-11-19T20:32:33.833+0000] {logging_mixin.py:188} INFO - [2025-11-19T20:32:33.833+0000] {dagbag.py:540} INFO - Filling up the DagBag from /opt/airflow/dags/sodai/__init__.py
[2025-11-19T20:32:33.845+0000] {processor.py:842} WARNING - No viable dags retrieved from /opt/airflow/dags/sodai/__init__.py
[2025-11-19T20:32:33.855+0000] {processor.py:183} INFO - Processing /opt/airflow/dags/sodai/__init__.py took 0.029 seconds
[2025-11-19T20:33:04.135+0000] {processor.py:161} INFO - Started process (PID=2690) to work on /opt/airflow/dags/sodai/__init__.py
[2025-11-19T20:33:04.136+0000] {processor.py:830} INFO - Processing file /opt/airflow/dags/sodai/__init__.py for tasks to queue
[2025-11-19T20:33:04.138+0000] {logging_mixin.py:188} INFO - [2025-11-19T20:33:04.137+0000] {dagbag.py:540} INFO - Filling up the DagBag from /opt/airflow/dags/sodai/__init__.py
[2025-11-19T20:33:04.153+0000] {processor.py:842} WARNING - No viable dags retrieved from /opt/airflow/dags/sodai/__init__.py
[2025-11-19T20:33:04.167+0000] {processor.py:183} INFO - Processing /opt/airflow/dags/sodai/__init__.py took 0.038 seconds
[2025-11-19T20:33:34.450+0000] {processor.py:161} INFO - Started process (PID=2698) to work on /opt/airflow/dags/sodai/__init__.py
[2025-11-19T20:33:34.451+0000] {processor.py:830} INFO - Processing file /opt/airflow/dags/sodai/__init__.py for tasks to queue
[2025-11-19T20:33:34.453+0000] {logging_mixin.py:188} INFO - [2025-11-19T20:33:34.453+0000] {dagbag.py:540} INFO - Filling up the DagBag from /opt/airflow/dags/sodai/__init__.py
[2025-11-19T20:33:34.467+0000] {processor.py:842} WARNING - No viable dags retrieved from /opt/airflow/dags/sodai/__init__.py
[2025-11-19T20:33:34.484+0000] {processor.py:183} INFO - Processing /opt/airflow/dags/sodai/__init__.py took 0.039 seconds
[2025-11-19T20:34:07.744+0000] {processor.py:161} INFO - Started process (PID=2708) to work on /opt/airflow/dags/sodai/__init__.py
[2025-11-19T20:34:07.746+0000] {processor.py:830} INFO - Processing file /opt/airflow/dags/sodai/__init__.py for tasks to queue
[2025-11-19T20:34:07.748+0000] {logging_mixin.py:188} INFO - [2025-11-19T20:34:07.748+0000] {dagbag.py:540} INFO - Filling up the DagBag from /opt/airflow/dags/sodai/__init__.py
[2025-11-19T20:34:07.768+0000] {processor.py:842} WARNING - No viable dags retrieved from /opt/airflow/dags/sodai/__init__.py
[2025-11-19T20:34:07.789+0000] {processor.py:183} INFO - Processing /opt/airflow/dags/sodai/__init__.py took 0.052 seconds
[2025-11-19T20:34:41.170+0000] {processor.py:161} INFO - Started process (PID=2718) to work on /opt/airflow/dags/sodai/__init__.py
[2025-11-19T20:34:41.170+0000] {processor.py:830} INFO - Processing file /opt/airflow/dags/sodai/__init__.py for tasks to queue
[2025-11-19T20:34:41.172+0000] {logging_mixin.py:188} INFO - [2025-11-19T20:34:41.171+0000] {dagbag.py:540} INFO - Filling up the DagBag from /opt/airflow/dags/sodai/__init__.py
[2025-11-19T20:34:41.196+0000] {processor.py:842} WARNING - No viable dags retrieved from /opt/airflow/dags/sodai/__init__.py
[2025-11-19T20:34:41.208+0000] {processor.py:183} INFO - Processing /opt/airflow/dags/sodai/__init__.py took 0.042 seconds
[2025-11-19T20:35:13.545+0000] {processor.py:161} INFO - Started process (PID=2728) to work on /opt/airflow/dags/sodai/__init__.py
[2025-11-19T20:35:13.546+0000] {processor.py:830} INFO - Processing file /opt/airflow/dags/sodai/__init__.py for tasks to queue
[2025-11-19T20:35:13.548+0000] {logging_mixin.py:188} INFO - [2025-11-19T20:35:13.548+0000] {dagbag.py:540} INFO - Filling up the DagBag from /opt/airflow/dags/sodai/__init__.py
[2025-11-19T20:35:13.563+0000] {processor.py:842} WARNING - No viable dags retrieved from /opt/airflow/dags/sodai/__init__.py
[2025-11-19T20:35:13.578+0000] {processor.py:183} INFO - Processing /opt/airflow/dags/sodai/__init__.py took 0.037 seconds
[2025-11-19T20:35:46.889+0000] {processor.py:161} INFO - Started process (PID=2804) to work on /opt/airflow/dags/sodai/__init__.py
[2025-11-19T20:35:46.890+0000] {processor.py:830} INFO - Processing file /opt/airflow/dags/sodai/__init__.py for tasks to queue
[2025-11-19T20:35:46.891+0000] {logging_mixin.py:188} INFO - [2025-11-19T20:35:46.891+0000] {dagbag.py:540} INFO - Filling up the DagBag from /opt/airflow/dags/sodai/__init__.py
[2025-11-19T20:35:46.905+0000] {processor.py:842} WARNING - No viable dags retrieved from /opt/airflow/dags/sodai/__init__.py
[2025-11-19T20:35:46.920+0000] {processor.py:183} INFO - Processing /opt/airflow/dags/sodai/__init__.py took 0.035 seconds
[2025-11-19T20:36:20.391+0000] {processor.py:161} INFO - Started process (PID=2820) to work on /opt/airflow/dags/sodai/__init__.py
[2025-11-19T20:36:20.392+0000] {processor.py:830} INFO - Processing file /opt/airflow/dags/sodai/__init__.py for tasks to queue
[2025-11-19T20:36:20.394+0000] {logging_mixin.py:188} INFO - [2025-11-19T20:36:20.394+0000] {dagbag.py:540} INFO - Filling up the DagBag from /opt/airflow/dags/sodai/__init__.py
[2025-11-19T20:36:20.408+0000] {processor.py:842} WARNING - No viable dags retrieved from /opt/airflow/dags/sodai/__init__.py
[2025-11-19T20:36:20.425+0000] {processor.py:183} INFO - Processing /opt/airflow/dags/sodai/__init__.py took 0.039 seconds
[2025-11-19T20:36:50.862+0000] {processor.py:161} INFO - Started process (PID=2836) to work on /opt/airflow/dags/sodai/__init__.py
[2025-11-19T20:36:50.864+0000] {processor.py:830} INFO - Processing file /opt/airflow/dags/sodai/__init__.py for tasks to queue
[2025-11-19T20:36:50.866+0000] {logging_mixin.py:188} INFO - [2025-11-19T20:36:50.866+0000] {dagbag.py:540} INFO - Filling up the DagBag from /opt/airflow/dags/sodai/__init__.py
[2025-11-19T20:36:50.884+0000] {processor.py:842} WARNING - No viable dags retrieved from /opt/airflow/dags/sodai/__init__.py
[2025-11-19T20:36:50.901+0000] {processor.py:183} INFO - Processing /opt/airflow/dags/sodai/__init__.py took 0.043 seconds
[2025-11-19T20:41:39.397+0000] {processor.py:161} INFO - Started process (PID=248) to work on /opt/airflow/dags/sodai/__init__.py
[2025-11-19T20:41:39.399+0000] {processor.py:830} INFO - Processing file /opt/airflow/dags/sodai/__init__.py for tasks to queue
[2025-11-19T20:41:39.401+0000] {logging_mixin.py:188} INFO - [2025-11-19T20:41:39.401+0000] {dagbag.py:540} INFO - Filling up the DagBag from /opt/airflow/dags/sodai/__init__.py
[2025-11-19T20:41:39.424+0000] {processor.py:842} WARNING - No viable dags retrieved from /opt/airflow/dags/sodai/__init__.py
[2025-11-19T20:41:39.443+0000] {processor.py:183} INFO - Processing /opt/airflow/dags/sodai/__init__.py took 0.053 seconds
[2025-11-19T20:42:09.777+0000] {processor.py:161} INFO - Started process (PID=359) to work on /opt/airflow/dags/sodai/__init__.py
[2025-11-19T20:42:09.777+0000] {processor.py:830} INFO - Processing file /opt/airflow/dags/sodai/__init__.py for tasks to queue
[2025-11-19T20:42:09.779+0000] {logging_mixin.py:188} INFO - [2025-11-19T20:42:09.779+0000] {dagbag.py:540} INFO - Filling up the DagBag from /opt/airflow/dags/sodai/__init__.py
[2025-11-19T20:42:09.792+0000] {processor.py:842} WARNING - No viable dags retrieved from /opt/airflow/dags/sodai/__init__.py
[2025-11-19T20:42:09.803+0000] {processor.py:183} INFO - Processing /opt/airflow/dags/sodai/__init__.py took 0.031 seconds
[2025-11-19T20:42:40.099+0000] {processor.py:161} INFO - Started process (PID=402) to work on /opt/airflow/dags/sodai/__init__.py
[2025-11-19T20:42:40.100+0000] {processor.py:830} INFO - Processing file /opt/airflow/dags/sodai/__init__.py for tasks to queue
[2025-11-19T20:42:40.101+0000] {logging_mixin.py:188} INFO - [2025-11-19T20:42:40.100+0000] {dagbag.py:540} INFO - Filling up the DagBag from /opt/airflow/dags/sodai/__init__.py
[2025-11-19T20:42:40.111+0000] {processor.py:842} WARNING - No viable dags retrieved from /opt/airflow/dags/sodai/__init__.py
[2025-11-19T20:42:40.121+0000] {processor.py:183} INFO - Processing /opt/airflow/dags/sodai/__init__.py took 0.026 seconds
[2025-11-19T20:43:10.446+0000] {processor.py:161} INFO - Started process (PID=412) to work on /opt/airflow/dags/sodai/__init__.py
[2025-11-19T20:43:10.447+0000] {processor.py:830} INFO - Processing file /opt/airflow/dags/sodai/__init__.py for tasks to queue
[2025-11-19T20:43:10.450+0000] {logging_mixin.py:188} INFO - [2025-11-19T20:43:10.449+0000] {dagbag.py:540} INFO - Filling up the DagBag from /opt/airflow/dags/sodai/__init__.py
[2025-11-19T20:43:10.461+0000] {processor.py:842} WARNING - No viable dags retrieved from /opt/airflow/dags/sodai/__init__.py
[2025-11-19T20:43:10.474+0000] {processor.py:183} INFO - Processing /opt/airflow/dags/sodai/__init__.py took 0.034 seconds
[2025-11-19T20:43:40.815+0000] {processor.py:161} INFO - Started process (PID=434) to work on /opt/airflow/dags/sodai/__init__.py
[2025-11-19T20:43:40.816+0000] {processor.py:830} INFO - Processing file /opt/airflow/dags/sodai/__init__.py for tasks to queue
[2025-11-19T20:43:40.817+0000] {logging_mixin.py:188} INFO - [2025-11-19T20:43:40.817+0000] {dagbag.py:540} INFO - Filling up the DagBag from /opt/airflow/dags/sodai/__init__.py
[2025-11-19T20:43:40.827+0000] {processor.py:842} WARNING - No viable dags retrieved from /opt/airflow/dags/sodai/__init__.py
[2025-11-19T20:43:40.837+0000] {processor.py:183} INFO - Processing /opt/airflow/dags/sodai/__init__.py took 0.026 seconds
[2025-11-19T20:44:11.234+0000] {processor.py:161} INFO - Started process (PID=461) to work on /opt/airflow/dags/sodai/__init__.py
[2025-11-19T20:44:11.236+0000] {processor.py:830} INFO - Processing file /opt/airflow/dags/sodai/__init__.py for tasks to queue
[2025-11-19T20:44:11.238+0000] {logging_mixin.py:188} INFO - [2025-11-19T20:44:11.238+0000] {dagbag.py:540} INFO - Filling up the DagBag from /opt/airflow/dags/sodai/__init__.py
[2025-11-19T20:44:11.252+0000] {processor.py:842} WARNING - No viable dags retrieved from /opt/airflow/dags/sodai/__init__.py
[2025-11-19T20:44:11.269+0000] {processor.py:183} INFO - Processing /opt/airflow/dags/sodai/__init__.py took 0.041 seconds
[2025-11-19T20:44:41.552+0000] {processor.py:161} INFO - Started process (PID=553) to work on /opt/airflow/dags/sodai/__init__.py
[2025-11-19T20:44:41.553+0000] {processor.py:830} INFO - Processing file /opt/airflow/dags/sodai/__init__.py for tasks to queue
[2025-11-19T20:44:41.554+0000] {logging_mixin.py:188} INFO - [2025-11-19T20:44:41.554+0000] {dagbag.py:540} INFO - Filling up the DagBag from /opt/airflow/dags/sodai/__init__.py
[2025-11-19T20:44:41.564+0000] {processor.py:842} WARNING - No viable dags retrieved from /opt/airflow/dags/sodai/__init__.py
[2025-11-19T20:44:41.575+0000] {processor.py:183} INFO - Processing /opt/airflow/dags/sodai/__init__.py took 0.026 seconds
[2025-11-19T20:45:11.865+0000] {processor.py:161} INFO - Started process (PID=563) to work on /opt/airflow/dags/sodai/__init__.py
[2025-11-19T20:45:11.867+0000] {processor.py:830} INFO - Processing file /opt/airflow/dags/sodai/__init__.py for tasks to queue
[2025-11-19T20:45:11.869+0000] {logging_mixin.py:188} INFO - [2025-11-19T20:45:11.868+0000] {dagbag.py:540} INFO - Filling up the DagBag from /opt/airflow/dags/sodai/__init__.py
[2025-11-19T20:45:11.883+0000] {processor.py:842} WARNING - No viable dags retrieved from /opt/airflow/dags/sodai/__init__.py
[2025-11-19T20:45:11.894+0000] {processor.py:183} INFO - Processing /opt/airflow/dags/sodai/__init__.py took 0.034 seconds
[2025-11-19T20:45:43.321+0000] {processor.py:161} INFO - Started process (PID=573) to work on /opt/airflow/dags/sodai/__init__.py
[2025-11-19T20:45:43.322+0000] {processor.py:830} INFO - Processing file /opt/airflow/dags/sodai/__init__.py for tasks to queue
[2025-11-19T20:45:43.324+0000] {logging_mixin.py:188} INFO - [2025-11-19T20:45:43.324+0000] {dagbag.py:540} INFO - Filling up the DagBag from /opt/airflow/dags/sodai/__init__.py
[2025-11-19T20:45:43.342+0000] {processor.py:842} WARNING - No viable dags retrieved from /opt/airflow/dags/sodai/__init__.py
[2025-11-19T20:45:43.355+0000] {processor.py:183} INFO - Processing /opt/airflow/dags/sodai/__init__.py took 0.038 seconds
[2025-11-19T20:46:16.837+0000] {processor.py:161} INFO - Started process (PID=589) to work on /opt/airflow/dags/sodai/__init__.py
[2025-11-19T20:46:16.838+0000] {processor.py:830} INFO - Processing file /opt/airflow/dags/sodai/__init__.py for tasks to queue
[2025-11-19T20:46:16.840+0000] {logging_mixin.py:188} INFO - [2025-11-19T20:46:16.839+0000] {dagbag.py:540} INFO - Filling up the DagBag from /opt/airflow/dags/sodai/__init__.py
[2025-11-19T20:46:16.854+0000] {processor.py:842} WARNING - No viable dags retrieved from /opt/airflow/dags/sodai/__init__.py
[2025-11-19T20:46:16.867+0000] {processor.py:183} INFO - Processing /opt/airflow/dags/sodai/__init__.py took 0.035 seconds
[2025-11-19T20:46:49.488+0000] {processor.py:161} INFO - Started process (PID=712) to work on /opt/airflow/dags/sodai/__init__.py
[2025-11-19T20:46:49.498+0000] {processor.py:830} INFO - Processing file /opt/airflow/dags/sodai/__init__.py for tasks to queue
[2025-11-19T20:46:49.510+0000] {logging_mixin.py:188} INFO - [2025-11-19T20:46:49.509+0000] {dagbag.py:540} INFO - Filling up the DagBag from /opt/airflow/dags/sodai/__init__.py
[2025-11-19T20:46:49.519+0000] {processor.py:842} WARNING - No viable dags retrieved from /opt/airflow/dags/sodai/__init__.py
[2025-11-19T20:46:49.537+0000] {processor.py:183} INFO - Processing /opt/airflow/dags/sodai/__init__.py took 0.057 seconds
[2025-11-19T20:47:23.093+0000] {processor.py:161} INFO - Started process (PID=775) to work on /opt/airflow/dags/sodai/__init__.py
[2025-11-19T20:47:23.099+0000] {processor.py:830} INFO - Processing file /opt/airflow/dags/sodai/__init__.py for tasks to queue
[2025-11-19T20:47:23.103+0000] {logging_mixin.py:188} INFO - [2025-11-19T20:47:23.102+0000] {dagbag.py:540} INFO - Filling up the DagBag from /opt/airflow/dags/sodai/__init__.py
[2025-11-19T20:47:23.124+0000] {processor.py:842} WARNING - No viable dags retrieved from /opt/airflow/dags/sodai/__init__.py
[2025-11-19T20:47:23.149+0000] {processor.py:183} INFO - Processing /opt/airflow/dags/sodai/__init__.py took 0.074 seconds
[2025-11-19T20:47:55.854+0000] {processor.py:161} INFO - Started process (PID=784) to work on /opt/airflow/dags/sodai/__init__.py
[2025-11-19T20:47:55.859+0000] {processor.py:830} INFO - Processing file /opt/airflow/dags/sodai/__init__.py for tasks to queue
[2025-11-19T20:47:55.862+0000] {logging_mixin.py:188} INFO - [2025-11-19T20:47:55.862+0000] {dagbag.py:540} INFO - Filling up the DagBag from /opt/airflow/dags/sodai/__init__.py
[2025-11-19T20:47:55.887+0000] {processor.py:842} WARNING - No viable dags retrieved from /opt/airflow/dags/sodai/__init__.py
[2025-11-19T20:47:55.931+0000] {processor.py:183} INFO - Processing /opt/airflow/dags/sodai/__init__.py took 0.088 seconds
[2025-11-19T20:48:29.587+0000] {processor.py:161} INFO - Started process (PID=794) to work on /opt/airflow/dags/sodai/__init__.py
[2025-11-19T20:48:29.595+0000] {processor.py:830} INFO - Processing file /opt/airflow/dags/sodai/__init__.py for tasks to queue
[2025-11-19T20:48:29.599+0000] {logging_mixin.py:188} INFO - [2025-11-19T20:48:29.598+0000] {dagbag.py:540} INFO - Filling up the DagBag from /opt/airflow/dags/sodai/__init__.py
[2025-11-19T20:48:29.631+0000] {processor.py:842} WARNING - No viable dags retrieved from /opt/airflow/dags/sodai/__init__.py
[2025-11-19T20:48:29.675+0000] {processor.py:183} INFO - Processing /opt/airflow/dags/sodai/__init__.py took 0.099 seconds
[2025-11-19T20:49:02.176+0000] {processor.py:161} INFO - Started process (PID=805) to work on /opt/airflow/dags/sodai/__init__.py
[2025-11-19T20:49:02.180+0000] {processor.py:830} INFO - Processing file /opt/airflow/dags/sodai/__init__.py for tasks to queue
[2025-11-19T20:49:02.183+0000] {logging_mixin.py:188} INFO - [2025-11-19T20:49:02.182+0000] {dagbag.py:540} INFO - Filling up the DagBag from /opt/airflow/dags/sodai/__init__.py
[2025-11-19T20:49:02.197+0000] {processor.py:842} WARNING - No viable dags retrieved from /opt/airflow/dags/sodai/__init__.py
[2025-11-19T20:49:02.248+0000] {processor.py:183} INFO - Processing /opt/airflow/dags/sodai/__init__.py took 0.097 seconds
[2025-11-19T20:49:35.963+0000] {processor.py:161} INFO - Started process (PID=867) to work on /opt/airflow/dags/sodai/__init__.py
[2025-11-19T20:49:35.964+0000] {processor.py:830} INFO - Processing file /opt/airflow/dags/sodai/__init__.py for tasks to queue
[2025-11-19T20:49:35.966+0000] {logging_mixin.py:188} INFO - [2025-11-19T20:49:35.966+0000] {dagbag.py:540} INFO - Filling up the DagBag from /opt/airflow/dags/sodai/__init__.py
[2025-11-19T20:49:36.006+0000] {processor.py:842} WARNING - No viable dags retrieved from /opt/airflow/dags/sodai/__init__.py
[2025-11-19T20:49:36.034+0000] {processor.py:183} INFO - Processing /opt/airflow/dags/sodai/__init__.py took 0.091 seconds
[2025-11-19T20:50:08.641+0000] {processor.py:161} INFO - Started process (PID=877) to work on /opt/airflow/dags/sodai/__init__.py
[2025-11-19T20:50:08.650+0000] {processor.py:830} INFO - Processing file /opt/airflow/dags/sodai/__init__.py for tasks to queue
[2025-11-19T20:50:08.658+0000] {logging_mixin.py:188} INFO - [2025-11-19T20:50:08.658+0000] {dagbag.py:540} INFO - Filling up the DagBag from /opt/airflow/dags/sodai/__init__.py
[2025-11-19T20:50:08.742+0000] {processor.py:842} WARNING - No viable dags retrieved from /opt/airflow/dags/sodai/__init__.py
[2025-11-19T20:50:08.761+0000] {processor.py:183} INFO - Processing /opt/airflow/dags/sodai/__init__.py took 0.131 seconds
[2025-11-19T20:50:41.570+0000] {processor.py:161} INFO - Started process (PID=887) to work on /opt/airflow/dags/sodai/__init__.py
[2025-11-19T20:50:41.575+0000] {processor.py:830} INFO - Processing file /opt/airflow/dags/sodai/__init__.py for tasks to queue
[2025-11-19T20:50:41.579+0000] {logging_mixin.py:188} INFO - [2025-11-19T20:50:41.579+0000] {dagbag.py:540} INFO - Filling up the DagBag from /opt/airflow/dags/sodai/__init__.py
[2025-11-19T20:50:41.621+0000] {processor.py:842} WARNING - No viable dags retrieved from /opt/airflow/dags/sodai/__init__.py
[2025-11-19T20:50:41.642+0000] {processor.py:183} INFO - Processing /opt/airflow/dags/sodai/__init__.py took 0.106 seconds
[2025-11-19T20:51:15.291+0000] {processor.py:161} INFO - Started process (PID=897) to work on /opt/airflow/dags/sodai/__init__.py
[2025-11-19T20:51:15.297+0000] {processor.py:830} INFO - Processing file /opt/airflow/dags/sodai/__init__.py for tasks to queue
[2025-11-19T20:51:15.303+0000] {logging_mixin.py:188} INFO - [2025-11-19T20:51:15.302+0000] {dagbag.py:540} INFO - Filling up the DagBag from /opt/airflow/dags/sodai/__init__.py
[2025-11-19T20:51:15.338+0000] {processor.py:842} WARNING - No viable dags retrieved from /opt/airflow/dags/sodai/__init__.py
[2025-11-19T20:51:15.430+0000] {processor.py:183} INFO - Processing /opt/airflow/dags/sodai/__init__.py took 0.150 seconds
[2025-11-19T20:51:48.258+0000] {processor.py:161} INFO - Started process (PID=907) to work on /opt/airflow/dags/sodai/__init__.py
[2025-11-19T20:51:48.265+0000] {processor.py:830} INFO - Processing file /opt/airflow/dags/sodai/__init__.py for tasks to queue
[2025-11-19T20:51:48.277+0000] {logging_mixin.py:188} INFO - [2025-11-19T20:51:48.276+0000] {dagbag.py:540} INFO - Filling up the DagBag from /opt/airflow/dags/sodai/__init__.py
[2025-11-19T20:51:48.296+0000] {processor.py:842} WARNING - No viable dags retrieved from /opt/airflow/dags/sodai/__init__.py
[2025-11-19T20:51:48.334+0000] {processor.py:183} INFO - Processing /opt/airflow/dags/sodai/__init__.py took 0.091 seconds
[2025-11-19T20:52:20.988+0000] {processor.py:161} INFO - Started process (PID=917) to work on /opt/airflow/dags/sodai/__init__.py
[2025-11-19T20:52:20.989+0000] {processor.py:830} INFO - Processing file /opt/airflow/dags/sodai/__init__.py for tasks to queue
[2025-11-19T20:52:20.992+0000] {logging_mixin.py:188} INFO - [2025-11-19T20:52:20.992+0000] {dagbag.py:540} INFO - Filling up the DagBag from /opt/airflow/dags/sodai/__init__.py
[2025-11-19T20:52:21.042+0000] {processor.py:842} WARNING - No viable dags retrieved from /opt/airflow/dags/sodai/__init__.py
[2025-11-19T20:52:21.066+0000] {processor.py:183} INFO - Processing /opt/airflow/dags/sodai/__init__.py took 0.092 seconds
[2025-11-19T20:52:54.828+0000] {processor.py:161} INFO - Started process (PID=937) to work on /opt/airflow/dags/sodai/__init__.py
[2025-11-19T20:52:54.832+0000] {processor.py:830} INFO - Processing file /opt/airflow/dags/sodai/__init__.py for tasks to queue
[2025-11-19T20:52:54.835+0000] {logging_mixin.py:188} INFO - [2025-11-19T20:52:54.834+0000] {dagbag.py:540} INFO - Filling up the DagBag from /opt/airflow/dags/sodai/__init__.py
[2025-11-19T20:52:54.910+0000] {processor.py:842} WARNING - No viable dags retrieved from /opt/airflow/dags/sodai/__init__.py
[2025-11-19T20:52:54.972+0000] {processor.py:183} INFO - Processing /opt/airflow/dags/sodai/__init__.py took 0.163 seconds
[2025-11-19T20:53:27.463+0000] {processor.py:161} INFO - Started process (PID=948) to work on /opt/airflow/dags/sodai/__init__.py
[2025-11-19T20:53:27.482+0000] {processor.py:830} INFO - Processing file /opt/airflow/dags/sodai/__init__.py for tasks to queue
[2025-11-19T20:53:27.494+0000] {logging_mixin.py:188} INFO - [2025-11-19T20:53:27.494+0000] {dagbag.py:540} INFO - Filling up the DagBag from /opt/airflow/dags/sodai/__init__.py
[2025-11-19T20:53:27.542+0000] {processor.py:842} WARNING - No viable dags retrieved from /opt/airflow/dags/sodai/__init__.py
[2025-11-19T20:53:27.594+0000] {processor.py:183} INFO - Processing /opt/airflow/dags/sodai/__init__.py took 0.154 seconds
[2025-11-19T20:53:58.353+0000] {processor.py:161} INFO - Started process (PID=959) to work on /opt/airflow/dags/sodai/__init__.py
[2025-11-19T20:53:58.356+0000] {processor.py:830} INFO - Processing file /opt/airflow/dags/sodai/__init__.py for tasks to queue
[2025-11-19T20:53:58.362+0000] {logging_mixin.py:188} INFO - [2025-11-19T20:53:58.362+0000] {dagbag.py:540} INFO - Filling up the DagBag from /opt/airflow/dags/sodai/__init__.py
[2025-11-19T20:54:00.335+0000] {processor.py:842} WARNING - No viable dags retrieved from /opt/airflow/dags/sodai/__init__.py
[2025-11-19T20:54:00.365+0000] {processor.py:183} INFO - Processing /opt/airflow/dags/sodai/__init__.py took 0.131 seconds
[2025-11-19T20:54:34.065+0000] {processor.py:161} INFO - Started process (PID=969) to work on /opt/airflow/dags/sodai/__init__.py
[2025-11-19T20:54:34.078+0000] {processor.py:830} INFO - Processing file /opt/airflow/dags/sodai/__init__.py for tasks to queue
[2025-11-19T20:54:34.080+0000] {logging_mixin.py:188} INFO - [2025-11-19T20:54:34.079+0000] {dagbag.py:540} INFO - Filling up the DagBag from /opt/airflow/dags/sodai/__init__.py
[2025-11-19T20:54:34.105+0000] {processor.py:842} WARNING - No viable dags retrieved from /opt/airflow/dags/sodai/__init__.py
[2025-11-19T20:54:34.130+0000] {processor.py:183} INFO - Processing /opt/airflow/dags/sodai/__init__.py took 0.104 seconds
[2025-11-19T20:55:06.581+0000] {processor.py:161} INFO - Started process (PID=979) to work on /opt/airflow/dags/sodai/__init__.py
[2025-11-19T20:55:06.586+0000] {processor.py:830} INFO - Processing file /opt/airflow/dags/sodai/__init__.py for tasks to queue
[2025-11-19T20:55:06.588+0000] {logging_mixin.py:188} INFO - [2025-11-19T20:55:06.588+0000] {dagbag.py:540} INFO - Filling up the DagBag from /opt/airflow/dags/sodai/__init__.py
[2025-11-19T20:55:06.637+0000] {processor.py:842} WARNING - No viable dags retrieved from /opt/airflow/dags/sodai/__init__.py
[2025-11-19T20:55:06.661+0000] {processor.py:183} INFO - Processing /opt/airflow/dags/sodai/__init__.py took 0.095 seconds
[2025-11-19T20:55:40.242+0000] {processor.py:161} INFO - Started process (PID=989) to work on /opt/airflow/dags/sodai/__init__.py
[2025-11-19T20:55:40.246+0000] {processor.py:830} INFO - Processing file /opt/airflow/dags/sodai/__init__.py for tasks to queue
[2025-11-19T20:55:40.254+0000] {logging_mixin.py:188} INFO - [2025-11-19T20:55:40.252+0000] {dagbag.py:540} INFO - Filling up the DagBag from /opt/airflow/dags/sodai/__init__.py
[2025-11-19T20:55:40.269+0000] {processor.py:842} WARNING - No viable dags retrieved from /opt/airflow/dags/sodai/__init__.py
[2025-11-19T20:55:40.292+0000] {processor.py:183} INFO - Processing /opt/airflow/dags/sodai/__init__.py took 0.057 seconds
[2025-11-19T20:56:12.995+0000] {processor.py:161} INFO - Started process (PID=1011) to work on /opt/airflow/dags/sodai/__init__.py
[2025-11-19T20:56:13.006+0000] {processor.py:830} INFO - Processing file /opt/airflow/dags/sodai/__init__.py for tasks to queue
[2025-11-19T20:56:13.008+0000] {logging_mixin.py:188} INFO - [2025-11-19T20:56:13.008+0000] {dagbag.py:540} INFO - Filling up the DagBag from /opt/airflow/dags/sodai/__init__.py
[2025-11-19T20:56:13.020+0000] {processor.py:842} WARNING - No viable dags retrieved from /opt/airflow/dags/sodai/__init__.py
[2025-11-19T20:56:13.062+0000] {processor.py:183} INFO - Processing /opt/airflow/dags/sodai/__init__.py took 0.091 seconds
[2025-11-19T20:56:43.901+0000] {processor.py:161} INFO - Started process (PID=1046) to work on /opt/airflow/dags/sodai/__init__.py
[2025-11-19T20:56:43.904+0000] {processor.py:830} INFO - Processing file /opt/airflow/dags/sodai/__init__.py for tasks to queue
[2025-11-19T20:56:43.910+0000] {logging_mixin.py:188} INFO - [2025-11-19T20:56:43.910+0000] {dagbag.py:540} INFO - Filling up the DagBag from /opt/airflow/dags/sodai/__init__.py
[2025-11-19T20:56:45.904+0000] {processor.py:842} WARNING - No viable dags retrieved from /opt/airflow/dags/sodai/__init__.py
[2025-11-19T20:56:45.935+0000] {processor.py:183} INFO - Processing /opt/airflow/dags/sodai/__init__.py took 0.085 seconds
[2025-11-19T20:57:19.799+0000] {processor.py:161} INFO - Started process (PID=1139) to work on /opt/airflow/dags/sodai/__init__.py
[2025-11-19T20:57:19.803+0000] {processor.py:830} INFO - Processing file /opt/airflow/dags/sodai/__init__.py for tasks to queue
[2025-11-19T20:57:19.809+0000] {logging_mixin.py:188} INFO - [2025-11-19T20:57:19.808+0000] {dagbag.py:540} INFO - Filling up the DagBag from /opt/airflow/dags/sodai/__init__.py
[2025-11-19T20:57:19.854+0000] {processor.py:842} WARNING - No viable dags retrieved from /opt/airflow/dags/sodai/__init__.py
[2025-11-19T20:57:19.916+0000] {processor.py:183} INFO - Processing /opt/airflow/dags/sodai/__init__.py took 0.124 seconds
[2025-11-19T20:57:52.464+0000] {processor.py:161} INFO - Started process (PID=1150) to work on /opt/airflow/dags/sodai/__init__.py
[2025-11-19T20:57:52.473+0000] {processor.py:830} INFO - Processing file /opt/airflow/dags/sodai/__init__.py for tasks to queue
[2025-11-19T20:57:52.495+0000] {logging_mixin.py:188} INFO - [2025-11-19T20:57:52.487+0000] {dagbag.py:540} INFO - Filling up the DagBag from /opt/airflow/dags/sodai/__init__.py
[2025-11-19T20:57:52.513+0000] {processor.py:842} WARNING - No viable dags retrieved from /opt/airflow/dags/sodai/__init__.py
[2025-11-19T20:57:52.556+0000] {processor.py:183} INFO - Processing /opt/airflow/dags/sodai/__init__.py took 0.111 seconds
[2025-11-19T20:58:25.247+0000] {processor.py:161} INFO - Started process (PID=1160) to work on /opt/airflow/dags/sodai/__init__.py
[2025-11-19T20:58:25.252+0000] {processor.py:830} INFO - Processing file /opt/airflow/dags/sodai/__init__.py for tasks to queue
[2025-11-19T20:58:25.255+0000] {logging_mixin.py:188} INFO - [2025-11-19T20:58:25.255+0000] {dagbag.py:540} INFO - Filling up the DagBag from /opt/airflow/dags/sodai/__init__.py
[2025-11-19T20:58:25.292+0000] {processor.py:842} WARNING - No viable dags retrieved from /opt/airflow/dags/sodai/__init__.py
[2025-11-19T20:58:25.317+0000] {processor.py:183} INFO - Processing /opt/airflow/dags/sodai/__init__.py took 0.100 seconds
[2025-11-19T20:58:59.209+0000] {processor.py:161} INFO - Started process (PID=1176) to work on /opt/airflow/dags/sodai/__init__.py
[2025-11-19T20:58:59.220+0000] {processor.py:830} INFO - Processing file /opt/airflow/dags/sodai/__init__.py for tasks to queue
[2025-11-19T20:58:59.222+0000] {logging_mixin.py:188} INFO - [2025-11-19T20:58:59.222+0000] {dagbag.py:540} INFO - Filling up the DagBag from /opt/airflow/dags/sodai/__init__.py
[2025-11-19T20:58:59.276+0000] {processor.py:842} WARNING - No viable dags retrieved from /opt/airflow/dags/sodai/__init__.py
[2025-11-19T20:58:59.301+0000] {processor.py:183} INFO - Processing /opt/airflow/dags/sodai/__init__.py took 0.116 seconds
[2025-11-19T20:59:32.359+0000] {processor.py:161} INFO - Started process (PID=1184) to work on /opt/airflow/dags/sodai/__init__.py
[2025-11-19T20:59:32.376+0000] {processor.py:830} INFO - Processing file /opt/airflow/dags/sodai/__init__.py for tasks to queue
[2025-11-19T20:59:32.386+0000] {logging_mixin.py:188} INFO - [2025-11-19T20:59:32.385+0000] {dagbag.py:540} INFO - Filling up the DagBag from /opt/airflow/dags/sodai/__init__.py
[2025-11-19T20:59:32.434+0000] {processor.py:842} WARNING - No viable dags retrieved from /opt/airflow/dags/sodai/__init__.py
[2025-11-19T20:59:32.466+0000] {processor.py:183} INFO - Processing /opt/airflow/dags/sodai/__init__.py took 0.184 seconds
[2025-11-19T21:00:04.998+0000] {processor.py:161} INFO - Started process (PID=1208) to work on /opt/airflow/dags/sodai/__init__.py
[2025-11-19T21:00:05.003+0000] {processor.py:830} INFO - Processing file /opt/airflow/dags/sodai/__init__.py for tasks to queue
[2025-11-19T21:00:05.005+0000] {logging_mixin.py:188} INFO - [2025-11-19T21:00:05.005+0000] {dagbag.py:540} INFO - Filling up the DagBag from /opt/airflow/dags/sodai/__init__.py
[2025-11-19T21:00:05.049+0000] {processor.py:842} WARNING - No viable dags retrieved from /opt/airflow/dags/sodai/__init__.py
[2025-11-19T21:00:05.079+0000] {processor.py:183} INFO - Processing /opt/airflow/dags/sodai/__init__.py took 0.098 seconds
[2025-11-19T21:00:37.863+0000] {processor.py:161} INFO - Started process (PID=1218) to work on /opt/airflow/dags/sodai/__init__.py
[2025-11-19T21:00:37.878+0000] {processor.py:830} INFO - Processing file /opt/airflow/dags/sodai/__init__.py for tasks to queue
[2025-11-19T21:00:37.883+0000] {logging_mixin.py:188} INFO - [2025-11-19T21:00:37.882+0000] {dagbag.py:540} INFO - Filling up the DagBag from /opt/airflow/dags/sodai/__init__.py
[2025-11-19T21:00:37.927+0000] {processor.py:842} WARNING - No viable dags retrieved from /opt/airflow/dags/sodai/__init__.py
[2025-11-19T21:00:37.982+0000] {processor.py:183} INFO - Processing /opt/airflow/dags/sodai/__init__.py took 0.129 seconds
[2025-11-19T21:01:10.779+0000] {processor.py:161} INFO - Started process (PID=1240) to work on /opt/airflow/dags/sodai/__init__.py
[2025-11-19T21:01:10.791+0000] {processor.py:830} INFO - Processing file /opt/airflow/dags/sodai/__init__.py for tasks to queue
[2025-11-19T21:01:10.802+0000] {logging_mixin.py:188} INFO - [2025-11-19T21:01:10.801+0000] {dagbag.py:540} INFO - Filling up the DagBag from /opt/airflow/dags/sodai/__init__.py
[2025-11-19T21:01:10.844+0000] {processor.py:842} WARNING - No viable dags retrieved from /opt/airflow/dags/sodai/__init__.py
[2025-11-19T21:01:10.866+0000] {processor.py:183} INFO - Processing /opt/airflow/dags/sodai/__init__.py took 0.120 seconds
[2025-11-19T21:01:44.623+0000] {processor.py:161} INFO - Started process (PID=1250) to work on /opt/airflow/dags/sodai/__init__.py
[2025-11-19T21:01:44.628+0000] {processor.py:830} INFO - Processing file /opt/airflow/dags/sodai/__init__.py for tasks to queue
[2025-11-19T21:01:44.639+0000] {logging_mixin.py:188} INFO - [2025-11-19T21:01:44.639+0000] {dagbag.py:540} INFO - Filling up the DagBag from /opt/airflow/dags/sodai/__init__.py
[2025-11-19T21:01:44.653+0000] {processor.py:842} WARNING - No viable dags retrieved from /opt/airflow/dags/sodai/__init__.py
[2025-11-19T21:01:44.679+0000] {processor.py:183} INFO - Processing /opt/airflow/dags/sodai/__init__.py took 0.068 seconds
[2025-11-19T21:02:17.340+0000] {processor.py:161} INFO - Started process (PID=1260) to work on /opt/airflow/dags/sodai/__init__.py
[2025-11-19T21:02:17.351+0000] {processor.py:830} INFO - Processing file /opt/airflow/dags/sodai/__init__.py for tasks to queue
[2025-11-19T21:02:17.363+0000] {logging_mixin.py:188} INFO - [2025-11-19T21:02:17.363+0000] {dagbag.py:540} INFO - Filling up the DagBag from /opt/airflow/dags/sodai/__init__.py
[2025-11-19T21:02:17.379+0000] {processor.py:842} WARNING - No viable dags retrieved from /opt/airflow/dags/sodai/__init__.py
[2025-11-19T21:02:17.425+0000] {processor.py:183} INFO - Processing /opt/airflow/dags/sodai/__init__.py took 0.101 seconds
[2025-11-19T21:02:50.196+0000] {processor.py:161} INFO - Started process (PID=1270) to work on /opt/airflow/dags/sodai/__init__.py
[2025-11-19T21:02:50.198+0000] {processor.py:830} INFO - Processing file /opt/airflow/dags/sodai/__init__.py for tasks to queue
[2025-11-19T21:02:50.215+0000] {logging_mixin.py:188} INFO - [2025-11-19T21:02:50.214+0000] {dagbag.py:540} INFO - Filling up the DagBag from /opt/airflow/dags/sodai/__init__.py
[2025-11-19T21:02:50.259+0000] {processor.py:842} WARNING - No viable dags retrieved from /opt/airflow/dags/sodai/__init__.py
[2025-11-19T21:02:50.277+0000] {processor.py:183} INFO - Processing /opt/airflow/dags/sodai/__init__.py took 0.093 seconds
[2025-11-19T21:03:24.245+0000] {processor.py:161} INFO - Started process (PID=1280) to work on /opt/airflow/dags/sodai/__init__.py
[2025-11-19T21:03:24.247+0000] {processor.py:830} INFO - Processing file /opt/airflow/dags/sodai/__init__.py for tasks to queue
[2025-11-19T21:03:24.251+0000] {logging_mixin.py:188} INFO - [2025-11-19T21:03:24.250+0000] {dagbag.py:540} INFO - Filling up the DagBag from /opt/airflow/dags/sodai/__init__.py
[2025-11-19T21:03:24.302+0000] {processor.py:842} WARNING - No viable dags retrieved from /opt/airflow/dags/sodai/__init__.py
[2025-11-19T21:03:24.393+0000] {processor.py:183} INFO - Processing /opt/airflow/dags/sodai/__init__.py took 0.179 seconds
[2025-11-19T21:03:56.751+0000] {processor.py:161} INFO - Started process (PID=1309) to work on /opt/airflow/dags/sodai/__init__.py
[2025-11-19T21:03:56.755+0000] {processor.py:830} INFO - Processing file /opt/airflow/dags/sodai/__init__.py for tasks to queue
[2025-11-19T21:03:56.757+0000] {logging_mixin.py:188} INFO - [2025-11-19T21:03:56.757+0000] {dagbag.py:540} INFO - Filling up the DagBag from /opt/airflow/dags/sodai/__init__.py
[2025-11-19T21:03:56.801+0000] {processor.py:842} WARNING - No viable dags retrieved from /opt/airflow/dags/sodai/__init__.py
[2025-11-19T21:03:56.850+0000] {processor.py:183} INFO - Processing /opt/airflow/dags/sodai/__init__.py took 0.113 seconds
[2025-11-19T21:04:30.116+0000] {processor.py:161} INFO - Started process (PID=1397) to work on /opt/airflow/dags/sodai/__init__.py
[2025-11-19T21:04:30.129+0000] {processor.py:830} INFO - Processing file /opt/airflow/dags/sodai/__init__.py for tasks to queue
[2025-11-19T21:04:30.132+0000] {logging_mixin.py:188} INFO - [2025-11-19T21:04:30.131+0000] {dagbag.py:540} INFO - Filling up the DagBag from /opt/airflow/dags/sodai/__init__.py
[2025-11-19T21:04:30.268+0000] {processor.py:842} WARNING - No viable dags retrieved from /opt/airflow/dags/sodai/__init__.py
[2025-11-19T21:04:30.302+0000] {processor.py:183} INFO - Processing /opt/airflow/dags/sodai/__init__.py took 0.295 seconds
[2025-11-19T21:05:03.335+0000] {processor.py:161} INFO - Started process (PID=1487) to work on /opt/airflow/dags/sodai/__init__.py
[2025-11-19T21:05:03.346+0000] {processor.py:830} INFO - Processing file /opt/airflow/dags/sodai/__init__.py for tasks to queue
[2025-11-19T21:05:03.358+0000] {logging_mixin.py:188} INFO - [2025-11-19T21:05:03.358+0000] {dagbag.py:540} INFO - Filling up the DagBag from /opt/airflow/dags/sodai/__init__.py
[2025-11-19T21:05:03.407+0000] {processor.py:842} WARNING - No viable dags retrieved from /opt/airflow/dags/sodai/__init__.py
[2025-11-19T21:05:03.444+0000] {processor.py:183} INFO - Processing /opt/airflow/dags/sodai/__init__.py took 0.148 seconds
[2025-11-19T21:05:34.128+0000] {processor.py:161} INFO - Started process (PID=1551) to work on /opt/airflow/dags/sodai/__init__.py
[2025-11-19T21:05:34.134+0000] {processor.py:830} INFO - Processing file /opt/airflow/dags/sodai/__init__.py for tasks to queue
[2025-11-19T21:05:34.150+0000] {logging_mixin.py:188} INFO - [2025-11-19T21:05:34.149+0000] {dagbag.py:540} INFO - Filling up the DagBag from /opt/airflow/dags/sodai/__init__.py
[2025-11-19T21:05:34.202+0000] {processor.py:842} WARNING - No viable dags retrieved from /opt/airflow/dags/sodai/__init__.py
[2025-11-19T21:05:34.225+0000] {processor.py:183} INFO - Processing /opt/airflow/dags/sodai/__init__.py took 0.106 seconds
[2025-11-19T21:06:05.284+0000] {processor.py:161} INFO - Started process (PID=1561) to work on /opt/airflow/dags/sodai/__init__.py
[2025-11-19T21:06:05.290+0000] {processor.py:830} INFO - Processing file /opt/airflow/dags/sodai/__init__.py for tasks to queue
[2025-11-19T21:06:05.295+0000] {logging_mixin.py:188} INFO - [2025-11-19T21:06:05.294+0000] {dagbag.py:540} INFO - Filling up the DagBag from /opt/airflow/dags/sodai/__init__.py
[2025-11-19T21:06:05.314+0000] {processor.py:842} WARNING - No viable dags retrieved from /opt/airflow/dags/sodai/__init__.py
[2025-11-19T21:06:05.344+0000] {processor.py:183} INFO - Processing /opt/airflow/dags/sodai/__init__.py took 0.076 seconds
[2025-11-19T21:06:35.778+0000] {processor.py:161} INFO - Started process (PID=1581) to work on /opt/airflow/dags/sodai/__init__.py
[2025-11-19T21:06:35.784+0000] {processor.py:830} INFO - Processing file /opt/airflow/dags/sodai/__init__.py for tasks to queue
[2025-11-19T21:06:35.812+0000] {logging_mixin.py:188} INFO - [2025-11-19T21:06:35.811+0000] {dagbag.py:540} INFO - Filling up the DagBag from /opt/airflow/dags/sodai/__init__.py
[2025-11-19T21:06:35.832+0000] {processor.py:842} WARNING - No viable dags retrieved from /opt/airflow/dags/sodai/__init__.py
[2025-11-19T21:06:35.869+0000] {processor.py:183} INFO - Processing /opt/airflow/dags/sodai/__init__.py took 0.108 seconds
[2025-11-19T21:07:06.271+0000] {processor.py:161} INFO - Started process (PID=1601) to work on /opt/airflow/dags/sodai/__init__.py
[2025-11-19T21:07:06.278+0000] {processor.py:830} INFO - Processing file /opt/airflow/dags/sodai/__init__.py for tasks to queue
[2025-11-19T21:07:06.281+0000] {logging_mixin.py:188} INFO - [2025-11-19T21:07:06.281+0000] {dagbag.py:540} INFO - Filling up the DagBag from /opt/airflow/dags/sodai/__init__.py
[2025-11-19T21:07:06.307+0000] {processor.py:842} WARNING - No viable dags retrieved from /opt/airflow/dags/sodai/__init__.py
[2025-11-19T21:07:06.329+0000] {processor.py:183} INFO - Processing /opt/airflow/dags/sodai/__init__.py took 0.063 seconds
[2025-11-19T21:07:37.029+0000] {processor.py:161} INFO - Started process (PID=1621) to work on /opt/airflow/dags/sodai/__init__.py
[2025-11-19T21:07:37.055+0000] {processor.py:830} INFO - Processing file /opt/airflow/dags/sodai/__init__.py for tasks to queue
[2025-11-19T21:07:37.059+0000] {logging_mixin.py:188} INFO - [2025-11-19T21:07:37.059+0000] {dagbag.py:540} INFO - Filling up the DagBag from /opt/airflow/dags/sodai/__init__.py
[2025-11-19T21:07:37.069+0000] {processor.py:842} WARNING - No viable dags retrieved from /opt/airflow/dags/sodai/__init__.py
[2025-11-19T21:07:37.105+0000] {processor.py:183} INFO - Processing /opt/airflow/dags/sodai/__init__.py took 0.100 seconds
[2025-11-19T21:08:07.589+0000] {processor.py:161} INFO - Started process (PID=1631) to work on /opt/airflow/dags/sodai/__init__.py
[2025-11-19T21:08:07.606+0000] {processor.py:830} INFO - Processing file /opt/airflow/dags/sodai/__init__.py for tasks to queue
[2025-11-19T21:08:07.608+0000] {logging_mixin.py:188} INFO - [2025-11-19T21:08:07.608+0000] {dagbag.py:540} INFO - Filling up the DagBag from /opt/airflow/dags/sodai/__init__.py
[2025-11-19T21:08:07.638+0000] {processor.py:842} WARNING - No viable dags retrieved from /opt/airflow/dags/sodai/__init__.py
[2025-11-19T21:08:07.690+0000] {processor.py:183} INFO - Processing /opt/airflow/dags/sodai/__init__.py took 0.105 seconds
[2025-11-19T21:08:38.242+0000] {processor.py:161} INFO - Started process (PID=1651) to work on /opt/airflow/dags/sodai/__init__.py
[2025-11-19T21:08:38.244+0000] {processor.py:830} INFO - Processing file /opt/airflow/dags/sodai/__init__.py for tasks to queue
[2025-11-19T21:08:38.254+0000] {logging_mixin.py:188} INFO - [2025-11-19T21:08:38.254+0000] {dagbag.py:540} INFO - Filling up the DagBag from /opt/airflow/dags/sodai/__init__.py
[2025-11-19T21:08:38.272+0000] {processor.py:842} WARNING - No viable dags retrieved from /opt/airflow/dags/sodai/__init__.py
[2025-11-19T21:08:38.312+0000] {processor.py:183} INFO - Processing /opt/airflow/dags/sodai/__init__.py took 0.090 seconds
[2025-11-19T21:09:08.827+0000] {processor.py:161} INFO - Started process (PID=1681) to work on /opt/airflow/dags/sodai/__init__.py
[2025-11-19T21:09:08.829+0000] {processor.py:830} INFO - Processing file /opt/airflow/dags/sodai/__init__.py for tasks to queue
[2025-11-19T21:09:08.832+0000] {logging_mixin.py:188} INFO - [2025-11-19T21:09:08.832+0000] {dagbag.py:540} INFO - Filling up the DagBag from /opt/airflow/dags/sodai/__init__.py
[2025-11-19T21:09:08.900+0000] {processor.py:842} WARNING - No viable dags retrieved from /opt/airflow/dags/sodai/__init__.py
[2025-11-19T21:09:08.956+0000] {processor.py:183} INFO - Processing /opt/airflow/dags/sodai/__init__.py took 0.161 seconds
[2025-11-19T21:09:39.465+0000] {processor.py:161} INFO - Started process (PID=1691) to work on /opt/airflow/dags/sodai/__init__.py
[2025-11-19T21:09:39.474+0000] {processor.py:830} INFO - Processing file /opt/airflow/dags/sodai/__init__.py for tasks to queue
[2025-11-19T21:09:39.484+0000] {logging_mixin.py:188} INFO - [2025-11-19T21:09:39.483+0000] {dagbag.py:540} INFO - Filling up the DagBag from /opt/airflow/dags/sodai/__init__.py
[2025-11-19T21:09:39.501+0000] {processor.py:842} WARNING - No viable dags retrieved from /opt/airflow/dags/sodai/__init__.py
[2025-11-19T21:09:39.543+0000] {processor.py:183} INFO - Processing /opt/airflow/dags/sodai/__init__.py took 0.086 seconds
[2025-11-19T21:10:10.075+0000] {processor.py:161} INFO - Started process (PID=1703) to work on /opt/airflow/dags/sodai/__init__.py
[2025-11-19T21:10:10.080+0000] {processor.py:830} INFO - Processing file /opt/airflow/dags/sodai/__init__.py for tasks to queue
[2025-11-19T21:10:10.088+0000] {logging_mixin.py:188} INFO - [2025-11-19T21:10:10.083+0000] {dagbag.py:540} INFO - Filling up the DagBag from /opt/airflow/dags/sodai/__init__.py
[2025-11-19T21:10:10.124+0000] {processor.py:842} WARNING - No viable dags retrieved from /opt/airflow/dags/sodai/__init__.py
[2025-11-19T21:10:10.159+0000] {processor.py:183} INFO - Processing /opt/airflow/dags/sodai/__init__.py took 0.105 seconds
[2025-11-19T21:10:40.697+0000] {processor.py:161} INFO - Started process (PID=1778) to work on /opt/airflow/dags/sodai/__init__.py
[2025-11-19T21:10:40.707+0000] {processor.py:830} INFO - Processing file /opt/airflow/dags/sodai/__init__.py for tasks to queue
[2025-11-19T21:10:40.714+0000] {logging_mixin.py:188} INFO - [2025-11-19T21:10:40.709+0000] {dagbag.py:540} INFO - Filling up the DagBag from /opt/airflow/dags/sodai/__init__.py
[2025-11-19T21:10:40.745+0000] {processor.py:842} WARNING - No viable dags retrieved from /opt/airflow/dags/sodai/__init__.py
[2025-11-19T21:10:40.772+0000] {processor.py:183} INFO - Processing /opt/airflow/dags/sodai/__init__.py took 0.101 seconds
[2025-11-19T21:11:11.418+0000] {processor.py:161} INFO - Started process (PID=1788) to work on /opt/airflow/dags/sodai/__init__.py
[2025-11-19T21:11:11.436+0000] {processor.py:830} INFO - Processing file /opt/airflow/dags/sodai/__init__.py for tasks to queue
[2025-11-19T21:11:11.442+0000] {logging_mixin.py:188} INFO - [2025-11-19T21:11:11.441+0000] {dagbag.py:540} INFO - Filling up the DagBag from /opt/airflow/dags/sodai/__init__.py
[2025-11-19T21:11:11.474+0000] {processor.py:842} WARNING - No viable dags retrieved from /opt/airflow/dags/sodai/__init__.py
[2025-11-19T21:11:11.525+0000] {processor.py:183} INFO - Processing /opt/airflow/dags/sodai/__init__.py took 0.127 seconds
[2025-11-19T21:11:41.978+0000] {processor.py:161} INFO - Started process (PID=1803) to work on /opt/airflow/dags/sodai/__init__.py
[2025-11-19T21:11:41.982+0000] {processor.py:830} INFO - Processing file /opt/airflow/dags/sodai/__init__.py for tasks to queue
[2025-11-19T21:11:41.988+0000] {logging_mixin.py:188} INFO - [2025-11-19T21:11:41.987+0000] {dagbag.py:540} INFO - Filling up the DagBag from /opt/airflow/dags/sodai/__init__.py
[2025-11-19T21:11:42.030+0000] {processor.py:842} WARNING - No viable dags retrieved from /opt/airflow/dags/sodai/__init__.py
[2025-11-19T21:11:42.060+0000] {processor.py:183} INFO - Processing /opt/airflow/dags/sodai/__init__.py took 0.144 seconds
[2025-11-19T21:12:00.243+0000] {processor.py:161} INFO - Started process (PID=192) to work on /opt/airflow/dags/sodai/__init__.py
[2025-11-19T21:12:00.244+0000] {processor.py:830} INFO - Processing file /opt/airflow/dags/sodai/__init__.py for tasks to queue
[2025-11-19T21:12:00.247+0000] {logging_mixin.py:188} INFO - [2025-11-19T21:12:00.247+0000] {dagbag.py:540} INFO - Filling up the DagBag from /opt/airflow/dags/sodai/__init__.py
[2025-11-19T21:12:00.265+0000] {processor.py:842} WARNING - No viable dags retrieved from /opt/airflow/dags/sodai/__init__.py
[2025-11-19T21:12:00.286+0000] {processor.py:183} INFO - Processing /opt/airflow/dags/sodai/__init__.py took 0.053 seconds
[2025-11-19T21:12:31.008+0000] {processor.py:161} INFO - Started process (PID=427) to work on /opt/airflow/dags/sodai/__init__.py
[2025-11-19T21:12:31.011+0000] {processor.py:830} INFO - Processing file /opt/airflow/dags/sodai/__init__.py for tasks to queue
[2025-11-19T21:12:31.016+0000] {logging_mixin.py:188} INFO - [2025-11-19T21:12:31.015+0000] {dagbag.py:540} INFO - Filling up the DagBag from /opt/airflow/dags/sodai/__init__.py
[2025-11-19T21:12:31.054+0000] {processor.py:842} WARNING - No viable dags retrieved from /opt/airflow/dags/sodai/__init__.py
[2025-11-19T21:12:31.101+0000] {processor.py:183} INFO - Processing /opt/airflow/dags/sodai/__init__.py took 0.107 seconds
[2025-11-19T21:13:01.812+0000] {processor.py:161} INFO - Started process (PID=611) to work on /opt/airflow/dags/sodai/__init__.py
[2025-11-19T21:13:01.815+0000] {processor.py:830} INFO - Processing file /opt/airflow/dags/sodai/__init__.py for tasks to queue
[2025-11-19T21:13:01.831+0000] {logging_mixin.py:188} INFO - [2025-11-19T21:13:01.830+0000] {dagbag.py:540} INFO - Filling up the DagBag from /opt/airflow/dags/sodai/__init__.py
[2025-11-19T21:13:01.945+0000] {processor.py:842} WARNING - No viable dags retrieved from /opt/airflow/dags/sodai/__init__.py
[2025-11-19T21:13:01.996+0000] {processor.py:183} INFO - Processing /opt/airflow/dags/sodai/__init__.py took 0.227 seconds
[2025-11-19T21:13:33.047+0000] {processor.py:161} INFO - Started process (PID=677) to work on /opt/airflow/dags/sodai/__init__.py
[2025-11-19T21:13:33.050+0000] {processor.py:830} INFO - Processing file /opt/airflow/dags/sodai/__init__.py for tasks to queue
[2025-11-19T21:13:33.057+0000] {logging_mixin.py:188} INFO - [2025-11-19T21:13:33.055+0000] {dagbag.py:540} INFO - Filling up the DagBag from /opt/airflow/dags/sodai/__init__.py
[2025-11-19T21:13:33.125+0000] {processor.py:842} WARNING - No viable dags retrieved from /opt/airflow/dags/sodai/__init__.py
[2025-11-19T21:13:33.215+0000] {processor.py:183} INFO - Processing /opt/airflow/dags/sodai/__init__.py took 0.195 seconds
[2025-11-19T21:14:03.879+0000] {processor.py:161} INFO - Started process (PID=735) to work on /opt/airflow/dags/sodai/__init__.py
[2025-11-19T21:14:03.882+0000] {processor.py:830} INFO - Processing file /opt/airflow/dags/sodai/__init__.py for tasks to queue
[2025-11-19T21:14:03.895+0000] {logging_mixin.py:188} INFO - [2025-11-19T21:14:03.893+0000] {dagbag.py:540} INFO - Filling up the DagBag from /opt/airflow/dags/sodai/__init__.py
[2025-11-19T21:14:03.987+0000] {processor.py:842} WARNING - No viable dags retrieved from /opt/airflow/dags/sodai/__init__.py
[2025-11-19T21:14:04.051+0000] {processor.py:183} INFO - Processing /opt/airflow/dags/sodai/__init__.py took 0.195 seconds
[2025-11-19T21:14:34.499+0000] {processor.py:161} INFO - Started process (PID=803) to work on /opt/airflow/dags/sodai/__init__.py
[2025-11-19T21:14:34.502+0000] {processor.py:830} INFO - Processing file /opt/airflow/dags/sodai/__init__.py for tasks to queue
[2025-11-19T21:14:34.509+0000] {logging_mixin.py:188} INFO - [2025-11-19T21:14:34.508+0000] {dagbag.py:540} INFO - Filling up the DagBag from /opt/airflow/dags/sodai/__init__.py
[2025-11-19T21:14:34.555+0000] {processor.py:842} WARNING - No viable dags retrieved from /opt/airflow/dags/sodai/__init__.py
[2025-11-19T21:14:34.602+0000] {processor.py:183} INFO - Processing /opt/airflow/dags/sodai/__init__.py took 0.116 seconds
[2025-11-19T21:15:04.945+0000] {processor.py:161} INFO - Started process (PID=857) to work on /opt/airflow/dags/sodai/__init__.py
[2025-11-19T21:15:04.949+0000] {processor.py:830} INFO - Processing file /opt/airflow/dags/sodai/__init__.py for tasks to queue
[2025-11-19T21:15:04.956+0000] {logging_mixin.py:188} INFO - [2025-11-19T21:15:04.955+0000] {dagbag.py:540} INFO - Filling up the DagBag from /opt/airflow/dags/sodai/__init__.py
[2025-11-19T21:15:05.008+0000] {processor.py:842} WARNING - No viable dags retrieved from /opt/airflow/dags/sodai/__init__.py
[2025-11-19T21:15:05.066+0000] {processor.py:183} INFO - Processing /opt/airflow/dags/sodai/__init__.py took 0.134 seconds
[2025-11-19T21:15:35.269+0000] {processor.py:161} INFO - Started process (PID=895) to work on /opt/airflow/dags/sodai/__init__.py
[2025-11-19T21:15:35.272+0000] {processor.py:830} INFO - Processing file /opt/airflow/dags/sodai/__init__.py for tasks to queue
[2025-11-19T21:15:35.281+0000] {logging_mixin.py:188} INFO - [2025-11-19T21:15:35.280+0000] {dagbag.py:540} INFO - Filling up the DagBag from /opt/airflow/dags/sodai/__init__.py
[2025-11-19T21:15:35.332+0000] {processor.py:842} WARNING - No viable dags retrieved from /opt/airflow/dags/sodai/__init__.py
[2025-11-19T21:15:35.372+0000] {processor.py:183} INFO - Processing /opt/airflow/dags/sodai/__init__.py took 0.118 seconds
[2025-11-19T21:16:06.239+0000] {processor.py:161} INFO - Started process (PID=959) to work on /opt/airflow/dags/sodai/__init__.py
[2025-11-19T21:16:06.245+0000] {processor.py:830} INFO - Processing file /opt/airflow/dags/sodai/__init__.py for tasks to queue
[2025-11-19T21:16:06.257+0000] {logging_mixin.py:188} INFO - [2025-11-19T21:16:06.254+0000] {dagbag.py:540} INFO - Filling up the DagBag from /opt/airflow/dags/sodai/__init__.py
[2025-11-19T21:16:06.331+0000] {processor.py:842} WARNING - No viable dags retrieved from /opt/airflow/dags/sodai/__init__.py
[2025-11-19T21:16:06.393+0000] {processor.py:183} INFO - Processing /opt/airflow/dags/sodai/__init__.py took 0.171 seconds
[2025-11-19T21:16:36.896+0000] {processor.py:161} INFO - Started process (PID=1005) to work on /opt/airflow/dags/sodai/__init__.py
[2025-11-19T21:16:36.899+0000] {processor.py:830} INFO - Processing file /opt/airflow/dags/sodai/__init__.py for tasks to queue
[2025-11-19T21:16:36.908+0000] {logging_mixin.py:188} INFO - [2025-11-19T21:16:36.907+0000] {dagbag.py:540} INFO - Filling up the DagBag from /opt/airflow/dags/sodai/__init__.py
[2025-11-19T21:16:36.949+0000] {processor.py:842} WARNING - No viable dags retrieved from /opt/airflow/dags/sodai/__init__.py
[2025-11-19T21:16:36.996+0000] {processor.py:183} INFO - Processing /opt/airflow/dags/sodai/__init__.py took 0.116 seconds
[2025-11-19T21:17:10.731+0000] {processor.py:161} INFO - Started process (PID=1169) to work on /opt/airflow/dags/sodai/__init__.py
[2025-11-19T21:17:10.751+0000] {processor.py:830} INFO - Processing file /opt/airflow/dags/sodai/__init__.py for tasks to queue
[2025-11-19T21:17:10.764+0000] {logging_mixin.py:188} INFO - [2025-11-19T21:17:10.763+0000] {dagbag.py:540} INFO - Filling up the DagBag from /opt/airflow/dags/sodai/__init__.py
[2025-11-19T21:17:10.901+0000] {processor.py:842} WARNING - No viable dags retrieved from /opt/airflow/dags/sodai/__init__.py
[2025-11-19T21:17:11.007+0000] {processor.py:183} INFO - Processing /opt/airflow/dags/sodai/__init__.py took 0.351 seconds
[2025-11-19T21:17:43.386+0000] {processor.py:161} INFO - Started process (PID=1227) to work on /opt/airflow/dags/sodai/__init__.py
[2025-11-19T21:17:43.397+0000] {processor.py:830} INFO - Processing file /opt/airflow/dags/sodai/__init__.py for tasks to queue
[2025-11-19T21:17:43.466+0000] {logging_mixin.py:188} INFO - [2025-11-19T21:17:43.464+0000] {dagbag.py:540} INFO - Filling up the DagBag from /opt/airflow/dags/sodai/__init__.py
[2025-11-19T21:17:43.569+0000] {processor.py:842} WARNING - No viable dags retrieved from /opt/airflow/dags/sodai/__init__.py
[2025-11-19T21:17:43.632+0000] {processor.py:183} INFO - Processing /opt/airflow/dags/sodai/__init__.py took 0.381 seconds
[2025-11-19T21:18:16.141+0000] {processor.py:161} INFO - Started process (PID=1293) to work on /opt/airflow/dags/sodai/__init__.py
[2025-11-19T21:18:16.154+0000] {processor.py:830} INFO - Processing file /opt/airflow/dags/sodai/__init__.py for tasks to queue
[2025-11-19T21:18:16.173+0000] {logging_mixin.py:188} INFO - [2025-11-19T21:18:16.173+0000] {dagbag.py:540} INFO - Filling up the DagBag from /opt/airflow/dags/sodai/__init__.py
[2025-11-19T21:18:16.230+0000] {processor.py:842} WARNING - No viable dags retrieved from /opt/airflow/dags/sodai/__init__.py
[2025-11-19T21:18:16.312+0000] {processor.py:183} INFO - Processing /opt/airflow/dags/sodai/__init__.py took 0.213 seconds
[2025-11-19T21:18:49.596+0000] {processor.py:161} INFO - Started process (PID=1383) to work on /opt/airflow/dags/sodai/__init__.py
[2025-11-19T21:18:49.610+0000] {processor.py:830} INFO - Processing file /opt/airflow/dags/sodai/__init__.py for tasks to queue
[2025-11-19T21:18:49.691+0000] {logging_mixin.py:188} INFO - [2025-11-19T21:18:49.675+0000] {dagbag.py:540} INFO - Filling up the DagBag from /opt/airflow/dags/sodai/__init__.py
[2025-11-19T21:18:49.789+0000] {processor.py:842} WARNING - No viable dags retrieved from /opt/airflow/dags/sodai/__init__.py
[2025-11-19T21:18:49.894+0000] {processor.py:183} INFO - Processing /opt/airflow/dags/sodai/__init__.py took 0.513 seconds
[2025-11-19T21:19:22.375+0000] {processor.py:161} INFO - Started process (PID=1445) to work on /opt/airflow/dags/sodai/__init__.py
[2025-11-19T21:19:22.384+0000] {processor.py:830} INFO - Processing file /opt/airflow/dags/sodai/__init__.py for tasks to queue
[2025-11-19T21:19:22.414+0000] {logging_mixin.py:188} INFO - [2025-11-19T21:19:22.413+0000] {dagbag.py:540} INFO - Filling up the DagBag from /opt/airflow/dags/sodai/__init__.py
[2025-11-19T21:19:22.488+0000] {processor.py:842} WARNING - No viable dags retrieved from /opt/airflow/dags/sodai/__init__.py
[2025-11-19T21:19:22.581+0000] {processor.py:183} INFO - Processing /opt/airflow/dags/sodai/__init__.py took 0.247 seconds
[2025-11-19T21:19:55.292+0000] {processor.py:161} INFO - Started process (PID=1507) to work on /opt/airflow/dags/sodai/__init__.py
[2025-11-19T21:19:55.294+0000] {processor.py:830} INFO - Processing file /opt/airflow/dags/sodai/__init__.py for tasks to queue
[2025-11-19T21:19:55.307+0000] {logging_mixin.py:188} INFO - [2025-11-19T21:19:55.305+0000] {dagbag.py:540} INFO - Filling up the DagBag from /opt/airflow/dags/sodai/__init__.py
[2025-11-19T21:19:55.360+0000] {processor.py:842} WARNING - No viable dags retrieved from /opt/airflow/dags/sodai/__init__.py
[2025-11-19T21:19:55.415+0000] {processor.py:183} INFO - Processing /opt/airflow/dags/sodai/__init__.py took 0.141 seconds
[2025-11-19T21:20:28.257+0000] {processor.py:161} INFO - Started process (PID=1577) to work on /opt/airflow/dags/sodai/__init__.py
[2025-11-19T21:20:28.260+0000] {processor.py:830} INFO - Processing file /opt/airflow/dags/sodai/__init__.py for tasks to queue
[2025-11-19T21:20:28.266+0000] {logging_mixin.py:188} INFO - [2025-11-19T21:20:28.264+0000] {dagbag.py:540} INFO - Filling up the DagBag from /opt/airflow/dags/sodai/__init__.py
[2025-11-19T21:20:28.322+0000] {processor.py:842} WARNING - No viable dags retrieved from /opt/airflow/dags/sodai/__init__.py
[2025-11-19T21:20:28.371+0000] {processor.py:183} INFO - Processing /opt/airflow/dags/sodai/__init__.py took 0.139 seconds
[2025-11-19T21:21:01.322+0000] {processor.py:161} INFO - Started process (PID=1615) to work on /opt/airflow/dags/sodai/__init__.py
[2025-11-19T21:21:01.327+0000] {processor.py:830} INFO - Processing file /opt/airflow/dags/sodai/__init__.py for tasks to queue
[2025-11-19T21:21:01.340+0000] {logging_mixin.py:188} INFO - [2025-11-19T21:21:01.338+0000] {dagbag.py:540} INFO - Filling up the DagBag from /opt/airflow/dags/sodai/__init__.py
[2025-11-19T21:21:01.391+0000] {processor.py:842} WARNING - No viable dags retrieved from /opt/airflow/dags/sodai/__init__.py
[2025-11-19T21:21:01.437+0000] {processor.py:183} INFO - Processing /opt/airflow/dags/sodai/__init__.py took 0.192 seconds
[2025-11-19T21:21:34.429+0000] {processor.py:161} INFO - Started process (PID=1653) to work on /opt/airflow/dags/sodai/__init__.py
[2025-11-19T21:21:34.431+0000] {processor.py:830} INFO - Processing file /opt/airflow/dags/sodai/__init__.py for tasks to queue
[2025-11-19T21:21:34.439+0000] {logging_mixin.py:188} INFO - [2025-11-19T21:21:34.438+0000] {dagbag.py:540} INFO - Filling up the DagBag from /opt/airflow/dags/sodai/__init__.py
[2025-11-19T21:21:34.486+0000] {processor.py:842} WARNING - No viable dags retrieved from /opt/airflow/dags/sodai/__init__.py
[2025-11-19T21:21:34.512+0000] {processor.py:183} INFO - Processing /opt/airflow/dags/sodai/__init__.py took 0.094 seconds
[2025-11-19T21:22:07.693+0000] {processor.py:161} INFO - Started process (PID=1679) to work on /opt/airflow/dags/sodai/__init__.py
[2025-11-19T21:22:07.705+0000] {processor.py:830} INFO - Processing file /opt/airflow/dags/sodai/__init__.py for tasks to queue
[2025-11-19T21:22:07.714+0000] {logging_mixin.py:188} INFO - [2025-11-19T21:22:07.713+0000] {dagbag.py:540} INFO - Filling up the DagBag from /opt/airflow/dags/sodai/__init__.py
[2025-11-19T21:22:07.768+0000] {processor.py:842} WARNING - No viable dags retrieved from /opt/airflow/dags/sodai/__init__.py
[2025-11-19T21:22:07.800+0000] {processor.py:183} INFO - Processing /opt/airflow/dags/sodai/__init__.py took 0.147 seconds
[2025-11-19T21:22:40.494+0000] {processor.py:161} INFO - Started process (PID=1701) to work on /opt/airflow/dags/sodai/__init__.py
[2025-11-19T21:22:40.496+0000] {processor.py:830} INFO - Processing file /opt/airflow/dags/sodai/__init__.py for tasks to queue
[2025-11-19T21:22:40.499+0000] {logging_mixin.py:188} INFO - [2025-11-19T21:22:40.499+0000] {dagbag.py:540} INFO - Filling up the DagBag from /opt/airflow/dags/sodai/__init__.py
[2025-11-19T21:22:40.525+0000] {processor.py:842} WARNING - No viable dags retrieved from /opt/airflow/dags/sodai/__init__.py
[2025-11-19T21:22:40.577+0000] {processor.py:183} INFO - Processing /opt/airflow/dags/sodai/__init__.py took 0.094 seconds
[2025-11-19T21:23:11.531+0000] {processor.py:161} INFO - Started process (PID=1719) to work on /opt/airflow/dags/sodai/__init__.py
[2025-11-19T21:23:11.537+0000] {processor.py:830} INFO - Processing file /opt/airflow/dags/sodai/__init__.py for tasks to queue
[2025-11-19T21:23:13.503+0000] {logging_mixin.py:188} INFO - [2025-11-19T21:23:11.541+0000] {dagbag.py:540} INFO - Filling up the DagBag from /opt/airflow/dags/sodai/__init__.py
[2025-11-19T21:23:13.544+0000] {processor.py:842} WARNING - No viable dags retrieved from /opt/airflow/dags/sodai/__init__.py
[2025-11-19T21:23:13.580+0000] {processor.py:183} INFO - Processing /opt/airflow/dags/sodai/__init__.py took 0.115 seconds
[2025-11-19T21:23:47.244+0000] {processor.py:161} INFO - Started process (PID=1745) to work on /opt/airflow/dags/sodai/__init__.py
[2025-11-19T21:23:47.254+0000] {processor.py:830} INFO - Processing file /opt/airflow/dags/sodai/__init__.py for tasks to queue
[2025-11-19T21:23:47.257+0000] {logging_mixin.py:188} INFO - [2025-11-19T21:23:47.257+0000] {dagbag.py:540} INFO - Filling up the DagBag from /opt/airflow/dags/sodai/__init__.py
[2025-11-19T21:23:47.325+0000] {processor.py:842} WARNING - No viable dags retrieved from /opt/airflow/dags/sodai/__init__.py
[2025-11-19T21:23:47.362+0000] {processor.py:183} INFO - Processing /opt/airflow/dags/sodai/__init__.py took 0.144 seconds
[2025-11-19T21:24:20.284+0000] {processor.py:161} INFO - Started process (PID=1771) to work on /opt/airflow/dags/sodai/__init__.py
[2025-11-19T21:24:20.291+0000] {processor.py:830} INFO - Processing file /opt/airflow/dags/sodai/__init__.py for tasks to queue
[2025-11-19T21:24:20.311+0000] {logging_mixin.py:188} INFO - [2025-11-19T21:24:20.310+0000] {dagbag.py:540} INFO - Filling up the DagBag from /opt/airflow/dags/sodai/__init__.py
[2025-11-19T21:24:20.346+0000] {processor.py:842} WARNING - No viable dags retrieved from /opt/airflow/dags/sodai/__init__.py
[2025-11-19T21:24:20.441+0000] {processor.py:183} INFO - Processing /opt/airflow/dags/sodai/__init__.py took 0.174 seconds
[2025-11-19T21:24:52.962+0000] {processor.py:161} INFO - Started process (PID=1781) to work on /opt/airflow/dags/sodai/__init__.py
[2025-11-19T21:24:52.964+0000] {processor.py:830} INFO - Processing file /opt/airflow/dags/sodai/__init__.py for tasks to queue
[2025-11-19T21:24:52.969+0000] {logging_mixin.py:188} INFO - [2025-11-19T21:24:52.968+0000] {dagbag.py:540} INFO - Filling up the DagBag from /opt/airflow/dags/sodai/__init__.py
[2025-11-19T21:24:53.049+0000] {processor.py:842} WARNING - No viable dags retrieved from /opt/airflow/dags/sodai/__init__.py
[2025-11-19T21:24:53.087+0000] {processor.py:183} INFO - Processing /opt/airflow/dags/sodai/__init__.py took 0.133 seconds
[2025-11-19T21:25:25.838+0000] {processor.py:161} INFO - Started process (PID=1790) to work on /opt/airflow/dags/sodai/__init__.py
[2025-11-19T21:25:25.844+0000] {processor.py:830} INFO - Processing file /opt/airflow/dags/sodai/__init__.py for tasks to queue
[2025-11-19T21:25:25.847+0000] {logging_mixin.py:188} INFO - [2025-11-19T21:25:25.847+0000] {dagbag.py:540} INFO - Filling up the DagBag from /opt/airflow/dags/sodai/__init__.py
[2025-11-19T21:25:25.904+0000] {processor.py:842} WARNING - No viable dags retrieved from /opt/airflow/dags/sodai/__init__.py
[2025-11-19T21:25:25.956+0000] {processor.py:183} INFO - Processing /opt/airflow/dags/sodai/__init__.py took 0.129 seconds
[2025-11-19T21:25:58.873+0000] {processor.py:161} INFO - Started process (PID=1801) to work on /opt/airflow/dags/sodai/__init__.py
[2025-11-19T21:25:58.877+0000] {processor.py:830} INFO - Processing file /opt/airflow/dags/sodai/__init__.py for tasks to queue
[2025-11-19T21:25:58.890+0000] {logging_mixin.py:188} INFO - [2025-11-19T21:25:58.890+0000] {dagbag.py:540} INFO - Filling up the DagBag from /opt/airflow/dags/sodai/__init__.py
[2025-11-19T21:25:58.939+0000] {processor.py:842} WARNING - No viable dags retrieved from /opt/airflow/dags/sodai/__init__.py
[2025-11-19T21:25:58.975+0000] {processor.py:183} INFO - Processing /opt/airflow/dags/sodai/__init__.py took 0.117 seconds
[2025-11-19T21:26:32.636+0000] {processor.py:161} INFO - Started process (PID=1815) to work on /opt/airflow/dags/sodai/__init__.py
[2025-11-19T21:26:32.645+0000] {processor.py:830} INFO - Processing file /opt/airflow/dags/sodai/__init__.py for tasks to queue
[2025-11-19T21:26:32.658+0000] {logging_mixin.py:188} INFO - [2025-11-19T21:26:32.656+0000] {dagbag.py:540} INFO - Filling up the DagBag from /opt/airflow/dags/sodai/__init__.py
[2025-11-19T21:26:32.730+0000] {processor.py:842} WARNING - No viable dags retrieved from /opt/airflow/dags/sodai/__init__.py
[2025-11-19T21:26:32.785+0000] {processor.py:183} INFO - Processing /opt/airflow/dags/sodai/__init__.py took 0.168 seconds
[2025-11-19T21:27:05.644+0000] {processor.py:161} INFO - Started process (PID=1825) to work on /opt/airflow/dags/sodai/__init__.py
[2025-11-19T21:27:05.656+0000] {processor.py:830} INFO - Processing file /opt/airflow/dags/sodai/__init__.py for tasks to queue
[2025-11-19T21:27:05.658+0000] {logging_mixin.py:188} INFO - [2025-11-19T21:27:05.657+0000] {dagbag.py:540} INFO - Filling up the DagBag from /opt/airflow/dags/sodai/__init__.py
[2025-11-19T21:27:05.704+0000] {processor.py:842} WARNING - No viable dags retrieved from /opt/airflow/dags/sodai/__init__.py
[2025-11-19T21:27:05.729+0000] {processor.py:183} INFO - Processing /opt/airflow/dags/sodai/__init__.py took 0.095 seconds
[2025-11-19T21:27:38.193+0000] {processor.py:161} INFO - Started process (PID=1835) to work on /opt/airflow/dags/sodai/__init__.py
[2025-11-19T21:27:38.197+0000] {processor.py:830} INFO - Processing file /opt/airflow/dags/sodai/__init__.py for tasks to queue
[2025-11-19T21:27:38.202+0000] {logging_mixin.py:188} INFO - [2025-11-19T21:27:38.201+0000] {dagbag.py:540} INFO - Filling up the DagBag from /opt/airflow/dags/sodai/__init__.py
[2025-11-19T21:27:38.227+0000] {processor.py:842} WARNING - No viable dags retrieved from /opt/airflow/dags/sodai/__init__.py
[2025-11-19T21:27:38.260+0000] {processor.py:183} INFO - Processing /opt/airflow/dags/sodai/__init__.py took 0.078 seconds
[2025-11-19T21:28:11.883+0000] {processor.py:161} INFO - Started process (PID=1850) to work on /opt/airflow/dags/sodai/__init__.py
[2025-11-19T21:28:11.893+0000] {processor.py:830} INFO - Processing file /opt/airflow/dags/sodai/__init__.py for tasks to queue
[2025-11-19T21:28:11.896+0000] {logging_mixin.py:188} INFO - [2025-11-19T21:28:11.896+0000] {dagbag.py:540} INFO - Filling up the DagBag from /opt/airflow/dags/sodai/__init__.py
[2025-11-19T21:28:11.933+0000] {processor.py:842} WARNING - No viable dags retrieved from /opt/airflow/dags/sodai/__init__.py
[2025-11-19T21:28:11.967+0000] {processor.py:183} INFO - Processing /opt/airflow/dags/sodai/__init__.py took 0.121 seconds
[2025-11-19T21:28:44.369+0000] {processor.py:161} INFO - Started process (PID=1860) to work on /opt/airflow/dags/sodai/__init__.py
[2025-11-19T21:28:44.371+0000] {processor.py:830} INFO - Processing file /opt/airflow/dags/sodai/__init__.py for tasks to queue
[2025-11-19T21:28:44.378+0000] {logging_mixin.py:188} INFO - [2025-11-19T21:28:44.377+0000] {dagbag.py:540} INFO - Filling up the DagBag from /opt/airflow/dags/sodai/__init__.py
[2025-11-19T21:28:44.394+0000] {processor.py:842} WARNING - No viable dags retrieved from /opt/airflow/dags/sodai/__init__.py
[2025-11-19T21:28:44.409+0000] {processor.py:183} INFO - Processing /opt/airflow/dags/sodai/__init__.py took 0.065 seconds
[2025-11-19T21:29:17.943+0000] {processor.py:161} INFO - Started process (PID=1870) to work on /opt/airflow/dags/sodai/__init__.py
[2025-11-19T21:29:17.950+0000] {processor.py:830} INFO - Processing file /opt/airflow/dags/sodai/__init__.py for tasks to queue
[2025-11-19T21:29:17.958+0000] {logging_mixin.py:188} INFO - [2025-11-19T21:29:17.957+0000] {dagbag.py:540} INFO - Filling up the DagBag from /opt/airflow/dags/sodai/__init__.py
[2025-11-19T21:29:17.984+0000] {processor.py:842} WARNING - No viable dags retrieved from /opt/airflow/dags/sodai/__init__.py
[2025-11-19T21:29:18.043+0000] {processor.py:183} INFO - Processing /opt/airflow/dags/sodai/__init__.py took 0.118 seconds
[2025-11-19T21:29:50.611+0000] {processor.py:161} INFO - Started process (PID=1880) to work on /opt/airflow/dags/sodai/__init__.py
[2025-11-19T21:29:50.615+0000] {processor.py:830} INFO - Processing file /opt/airflow/dags/sodai/__init__.py for tasks to queue
[2025-11-19T21:29:50.617+0000] {logging_mixin.py:188} INFO - [2025-11-19T21:29:50.616+0000] {dagbag.py:540} INFO - Filling up the DagBag from /opt/airflow/dags/sodai/__init__.py
[2025-11-19T21:29:50.633+0000] {processor.py:842} WARNING - No viable dags retrieved from /opt/airflow/dags/sodai/__init__.py
[2025-11-19T21:29:50.664+0000] {processor.py:183} INFO - Processing /opt/airflow/dags/sodai/__init__.py took 0.070 seconds
[2025-11-19T21:30:21.398+0000] {processor.py:161} INFO - Started process (PID=1890) to work on /opt/airflow/dags/sodai/__init__.py
[2025-11-19T21:30:21.406+0000] {processor.py:830} INFO - Processing file /opt/airflow/dags/sodai/__init__.py for tasks to queue
[2025-11-19T21:30:21.414+0000] {logging_mixin.py:188} INFO - [2025-11-19T21:30:21.412+0000] {dagbag.py:540} INFO - Filling up the DagBag from /opt/airflow/dags/sodai/__init__.py
[2025-11-19T21:30:21.441+0000] {processor.py:842} WARNING - No viable dags retrieved from /opt/airflow/dags/sodai/__init__.py
[2025-11-19T21:30:23.400+0000] {processor.py:183} INFO - Processing /opt/airflow/dags/sodai/__init__.py took 0.093 seconds
[2025-11-19T21:30:56.590+0000] {processor.py:161} INFO - Started process (PID=1902) to work on /opt/airflow/dags/sodai/__init__.py
[2025-11-19T21:30:56.595+0000] {processor.py:830} INFO - Processing file /opt/airflow/dags/sodai/__init__.py for tasks to queue
[2025-11-19T21:30:56.604+0000] {logging_mixin.py:188} INFO - [2025-11-19T21:30:56.603+0000] {dagbag.py:540} INFO - Filling up the DagBag from /opt/airflow/dags/sodai/__init__.py
[2025-11-19T21:30:56.615+0000] {processor.py:842} WARNING - No viable dags retrieved from /opt/airflow/dags/sodai/__init__.py
[2025-11-19T21:30:56.662+0000] {processor.py:183} INFO - Processing /opt/airflow/dags/sodai/__init__.py took 0.081 seconds
[2025-11-19T21:31:16.742+0000] {processor.py:161} INFO - Started process (PID=191) to work on /opt/airflow/dags/sodai/__init__.py
[2025-11-19T21:31:16.743+0000] {processor.py:830} INFO - Processing file /opt/airflow/dags/sodai/__init__.py for tasks to queue
[2025-11-19T21:31:16.745+0000] {logging_mixin.py:188} INFO - [2025-11-19T21:31:16.745+0000] {dagbag.py:540} INFO - Filling up the DagBag from /opt/airflow/dags/sodai/__init__.py
[2025-11-19T21:31:16.765+0000] {processor.py:842} WARNING - No viable dags retrieved from /opt/airflow/dags/sodai/__init__.py
[2025-11-19T21:31:16.783+0000] {processor.py:183} INFO - Processing /opt/airflow/dags/sodai/__init__.py took 0.049 seconds
[2025-11-19T21:31:47.251+0000] {processor.py:161} INFO - Started process (PID=284) to work on /opt/airflow/dags/sodai/__init__.py
[2025-11-19T21:31:47.252+0000] {processor.py:830} INFO - Processing file /opt/airflow/dags/sodai/__init__.py for tasks to queue
[2025-11-19T21:31:47.254+0000] {logging_mixin.py:188} INFO - [2025-11-19T21:31:47.254+0000] {dagbag.py:540} INFO - Filling up the DagBag from /opt/airflow/dags/sodai/__init__.py
[2025-11-19T21:31:47.288+0000] {processor.py:842} WARNING - No viable dags retrieved from /opt/airflow/dags/sodai/__init__.py
[2025-11-19T21:31:47.310+0000] {processor.py:183} INFO - Processing /opt/airflow/dags/sodai/__init__.py took 0.069 seconds
[2025-11-19T21:32:17.648+0000] {processor.py:161} INFO - Started process (PID=472) to work on /opt/airflow/dags/sodai/__init__.py
[2025-11-19T21:32:17.651+0000] {processor.py:830} INFO - Processing file /opt/airflow/dags/sodai/__init__.py for tasks to queue
[2025-11-19T21:32:17.655+0000] {logging_mixin.py:188} INFO - [2025-11-19T21:32:17.654+0000] {dagbag.py:540} INFO - Filling up the DagBag from /opt/airflow/dags/sodai/__init__.py
[2025-11-19T21:32:17.694+0000] {processor.py:842} WARNING - No viable dags retrieved from /opt/airflow/dags/sodai/__init__.py
[2025-11-19T21:32:17.721+0000] {processor.py:183} INFO - Processing /opt/airflow/dags/sodai/__init__.py took 0.085 seconds
[2025-11-19T21:32:48.310+0000] {processor.py:161} INFO - Started process (PID=482) to work on /opt/airflow/dags/sodai/__init__.py
[2025-11-19T21:32:48.320+0000] {processor.py:830} INFO - Processing file /opt/airflow/dags/sodai/__init__.py for tasks to queue
[2025-11-19T21:32:48.361+0000] {logging_mixin.py:188} INFO - [2025-11-19T21:32:48.360+0000] {dagbag.py:540} INFO - Filling up the DagBag from /opt/airflow/dags/sodai/__init__.py
[2025-11-19T21:32:48.436+0000] {processor.py:842} WARNING - No viable dags retrieved from /opt/airflow/dags/sodai/__init__.py
[2025-11-19T21:32:48.482+0000] {processor.py:183} INFO - Processing /opt/airflow/dags/sodai/__init__.py took 0.198 seconds
[2025-11-19T21:33:19.055+0000] {processor.py:161} INFO - Started process (PID=492) to work on /opt/airflow/dags/sodai/__init__.py
[2025-11-19T21:33:19.060+0000] {processor.py:830} INFO - Processing file /opt/airflow/dags/sodai/__init__.py for tasks to queue
[2025-11-19T21:33:19.065+0000] {logging_mixin.py:188} INFO - [2025-11-19T21:33:19.064+0000] {dagbag.py:540} INFO - Filling up the DagBag from /opt/airflow/dags/sodai/__init__.py
[2025-11-19T21:33:19.098+0000] {processor.py:842} WARNING - No viable dags retrieved from /opt/airflow/dags/sodai/__init__.py
[2025-11-19T21:33:19.127+0000] {processor.py:183} INFO - Processing /opt/airflow/dags/sodai/__init__.py took 0.092 seconds
[2025-11-19T21:33:49.752+0000] {processor.py:161} INFO - Started process (PID=502) to work on /opt/airflow/dags/sodai/__init__.py
[2025-11-19T21:33:49.755+0000] {processor.py:830} INFO - Processing file /opt/airflow/dags/sodai/__init__.py for tasks to queue
[2025-11-19T21:33:49.762+0000] {logging_mixin.py:188} INFO - [2025-11-19T21:33:49.760+0000] {dagbag.py:540} INFO - Filling up the DagBag from /opt/airflow/dags/sodai/__init__.py
[2025-11-19T21:33:49.798+0000] {processor.py:842} WARNING - No viable dags retrieved from /opt/airflow/dags/sodai/__init__.py
[2025-11-19T21:33:49.839+0000] {processor.py:183} INFO - Processing /opt/airflow/dags/sodai/__init__.py took 0.100 seconds
[2025-11-19T21:34:20.305+0000] {processor.py:161} INFO - Started process (PID=512) to work on /opt/airflow/dags/sodai/__init__.py
[2025-11-19T21:34:20.308+0000] {processor.py:830} INFO - Processing file /opt/airflow/dags/sodai/__init__.py for tasks to queue
[2025-11-19T21:34:20.312+0000] {logging_mixin.py:188} INFO - [2025-11-19T21:34:20.312+0000] {dagbag.py:540} INFO - Filling up the DagBag from /opt/airflow/dags/sodai/__init__.py
[2025-11-19T21:34:20.345+0000] {processor.py:842} WARNING - No viable dags retrieved from /opt/airflow/dags/sodai/__init__.py
[2025-11-19T21:34:20.377+0000] {processor.py:183} INFO - Processing /opt/airflow/dags/sodai/__init__.py took 0.089 seconds
[2025-11-19T21:34:50.969+0000] {processor.py:161} INFO - Started process (PID=522) to work on /opt/airflow/dags/sodai/__init__.py
[2025-11-19T21:34:50.972+0000] {processor.py:830} INFO - Processing file /opt/airflow/dags/sodai/__init__.py for tasks to queue
[2025-11-19T21:34:50.976+0000] {logging_mixin.py:188} INFO - [2025-11-19T21:34:50.975+0000] {dagbag.py:540} INFO - Filling up the DagBag from /opt/airflow/dags/sodai/__init__.py
[2025-11-19T21:34:51.012+0000] {processor.py:842} WARNING - No viable dags retrieved from /opt/airflow/dags/sodai/__init__.py
[2025-11-19T21:34:51.039+0000] {processor.py:183} INFO - Processing /opt/airflow/dags/sodai/__init__.py took 0.081 seconds
[2025-11-19T21:35:21.629+0000] {processor.py:161} INFO - Started process (PID=532) to work on /opt/airflow/dags/sodai/__init__.py
[2025-11-19T21:35:21.631+0000] {processor.py:830} INFO - Processing file /opt/airflow/dags/sodai/__init__.py for tasks to queue
[2025-11-19T21:35:21.636+0000] {logging_mixin.py:188} INFO - [2025-11-19T21:35:21.635+0000] {dagbag.py:540} INFO - Filling up the DagBag from /opt/airflow/dags/sodai/__init__.py
[2025-11-19T21:35:21.683+0000] {processor.py:842} WARNING - No viable dags retrieved from /opt/airflow/dags/sodai/__init__.py
[2025-11-19T21:35:21.720+0000] {processor.py:183} INFO - Processing /opt/airflow/dags/sodai/__init__.py took 0.104 seconds
[2025-11-19T21:35:52.489+0000] {processor.py:161} INFO - Started process (PID=542) to work on /opt/airflow/dags/sodai/__init__.py
[2025-11-19T21:35:52.491+0000] {processor.py:830} INFO - Processing file /opt/airflow/dags/sodai/__init__.py for tasks to queue
[2025-11-19T21:35:52.495+0000] {logging_mixin.py:188} INFO - [2025-11-19T21:35:52.494+0000] {dagbag.py:540} INFO - Filling up the DagBag from /opt/airflow/dags/sodai/__init__.py
[2025-11-19T21:35:54.469+0000] {processor.py:842} WARNING - No viable dags retrieved from /opt/airflow/dags/sodai/__init__.py
[2025-11-19T21:35:54.504+0000] {processor.py:183} INFO - Processing /opt/airflow/dags/sodai/__init__.py took 0.097 seconds
[2025-11-19T21:36:25.523+0000] {processor.py:161} INFO - Started process (PID=552) to work on /opt/airflow/dags/sodai/__init__.py
[2025-11-19T21:36:25.525+0000] {processor.py:830} INFO - Processing file /opt/airflow/dags/sodai/__init__.py for tasks to queue
[2025-11-19T21:36:25.529+0000] {logging_mixin.py:188} INFO - [2025-11-19T21:36:25.528+0000] {dagbag.py:540} INFO - Filling up the DagBag from /opt/airflow/dags/sodai/__init__.py
[2025-11-19T21:36:27.514+0000] {processor.py:842} WARNING - No viable dags retrieved from /opt/airflow/dags/sodai/__init__.py
[2025-11-19T21:36:27.541+0000] {processor.py:183} INFO - Processing /opt/airflow/dags/sodai/__init__.py took 0.076 seconds
[2025-11-19T21:37:01.242+0000] {processor.py:161} INFO - Started process (PID=562) to work on /opt/airflow/dags/sodai/__init__.py
[2025-11-19T21:37:01.244+0000] {processor.py:830} INFO - Processing file /opt/airflow/dags/sodai/__init__.py for tasks to queue
[2025-11-19T21:37:01.248+0000] {logging_mixin.py:188} INFO - [2025-11-19T21:37:01.247+0000] {dagbag.py:540} INFO - Filling up the DagBag from /opt/airflow/dags/sodai/__init__.py
[2025-11-19T21:37:01.283+0000] {processor.py:842} WARNING - No viable dags retrieved from /opt/airflow/dags/sodai/__init__.py
[2025-11-19T21:37:01.311+0000] {processor.py:183} INFO - Processing /opt/airflow/dags/sodai/__init__.py took 0.083 seconds
[2025-11-19T21:37:33.877+0000] {processor.py:161} INFO - Started process (PID=572) to work on /opt/airflow/dags/sodai/__init__.py
[2025-11-19T21:37:33.879+0000] {processor.py:830} INFO - Processing file /opt/airflow/dags/sodai/__init__.py for tasks to queue
[2025-11-19T21:37:33.882+0000] {logging_mixin.py:188} INFO - [2025-11-19T21:37:33.881+0000] {dagbag.py:540} INFO - Filling up the DagBag from /opt/airflow/dags/sodai/__init__.py
[2025-11-19T21:37:33.921+0000] {processor.py:842} WARNING - No viable dags retrieved from /opt/airflow/dags/sodai/__init__.py
[2025-11-19T21:37:33.967+0000] {processor.py:183} INFO - Processing /opt/airflow/dags/sodai/__init__.py took 0.102 seconds
[2025-11-19T21:38:07.443+0000] {processor.py:161} INFO - Started process (PID=582) to work on /opt/airflow/dags/sodai/__init__.py
[2025-11-19T21:38:07.445+0000] {processor.py:830} INFO - Processing file /opt/airflow/dags/sodai/__init__.py for tasks to queue
[2025-11-19T21:38:07.449+0000] {logging_mixin.py:188} INFO - [2025-11-19T21:38:07.448+0000] {dagbag.py:540} INFO - Filling up the DagBag from /opt/airflow/dags/sodai/__init__.py
[2025-11-19T21:38:07.479+0000] {processor.py:842} WARNING - No viable dags retrieved from /opt/airflow/dags/sodai/__init__.py
[2025-11-19T21:38:07.507+0000] {processor.py:183} INFO - Processing /opt/airflow/dags/sodai/__init__.py took 0.075 seconds
[2025-11-19T21:38:40.105+0000] {processor.py:161} INFO - Started process (PID=592) to work on /opt/airflow/dags/sodai/__init__.py
[2025-11-19T21:38:40.108+0000] {processor.py:830} INFO - Processing file /opt/airflow/dags/sodai/__init__.py for tasks to queue
[2025-11-19T21:38:40.113+0000] {logging_mixin.py:188} INFO - [2025-11-19T21:38:40.111+0000] {dagbag.py:540} INFO - Filling up the DagBag from /opt/airflow/dags/sodai/__init__.py
[2025-11-19T21:38:40.155+0000] {processor.py:842} WARNING - No viable dags retrieved from /opt/airflow/dags/sodai/__init__.py
[2025-11-19T21:38:40.191+0000] {processor.py:183} INFO - Processing /opt/airflow/dags/sodai/__init__.py took 0.103 seconds
[2025-11-19T21:39:13.795+0000] {processor.py:161} INFO - Started process (PID=602) to work on /opt/airflow/dags/sodai/__init__.py
[2025-11-19T21:39:13.798+0000] {processor.py:830} INFO - Processing file /opt/airflow/dags/sodai/__init__.py for tasks to queue
[2025-11-19T21:39:13.802+0000] {logging_mixin.py:188} INFO - [2025-11-19T21:39:13.801+0000] {dagbag.py:540} INFO - Filling up the DagBag from /opt/airflow/dags/sodai/__init__.py
[2025-11-19T21:39:13.835+0000] {processor.py:842} WARNING - No viable dags retrieved from /opt/airflow/dags/sodai/__init__.py
[2025-11-19T21:39:13.858+0000] {processor.py:183} INFO - Processing /opt/airflow/dags/sodai/__init__.py took 0.075 seconds
[2025-11-19T21:39:46.348+0000] {processor.py:161} INFO - Started process (PID=612) to work on /opt/airflow/dags/sodai/__init__.py
[2025-11-19T21:39:46.351+0000] {processor.py:830} INFO - Processing file /opt/airflow/dags/sodai/__init__.py for tasks to queue
[2025-11-19T21:39:46.356+0000] {logging_mixin.py:188} INFO - [2025-11-19T21:39:46.355+0000] {dagbag.py:540} INFO - Filling up the DagBag from /opt/airflow/dags/sodai/__init__.py
[2025-11-19T21:39:46.395+0000] {processor.py:842} WARNING - No viable dags retrieved from /opt/airflow/dags/sodai/__init__.py
[2025-11-19T21:39:46.422+0000] {processor.py:183} INFO - Processing /opt/airflow/dags/sodai/__init__.py took 0.089 seconds
[2025-11-19T21:40:19.914+0000] {processor.py:161} INFO - Started process (PID=622) to work on /opt/airflow/dags/sodai/__init__.py
[2025-11-19T21:40:19.916+0000] {processor.py:830} INFO - Processing file /opt/airflow/dags/sodai/__init__.py for tasks to queue
[2025-11-19T21:40:19.918+0000] {logging_mixin.py:188} INFO - [2025-11-19T21:40:19.918+0000] {dagbag.py:540} INFO - Filling up the DagBag from /opt/airflow/dags/sodai/__init__.py
[2025-11-19T21:40:19.955+0000] {processor.py:842} WARNING - No viable dags retrieved from /opt/airflow/dags/sodai/__init__.py
[2025-11-19T21:40:19.982+0000] {processor.py:183} INFO - Processing /opt/airflow/dags/sodai/__init__.py took 0.079 seconds
[2025-11-19T21:40:52.546+0000] {processor.py:161} INFO - Started process (PID=632) to work on /opt/airflow/dags/sodai/__init__.py
[2025-11-19T21:40:52.549+0000] {processor.py:830} INFO - Processing file /opt/airflow/dags/sodai/__init__.py for tasks to queue
[2025-11-19T21:40:52.553+0000] {logging_mixin.py:188} INFO - [2025-11-19T21:40:52.552+0000] {dagbag.py:540} INFO - Filling up the DagBag from /opt/airflow/dags/sodai/__init__.py
[2025-11-19T21:40:52.583+0000] {processor.py:842} WARNING - No viable dags retrieved from /opt/airflow/dags/sodai/__init__.py
[2025-11-19T21:40:52.614+0000] {processor.py:183} INFO - Processing /opt/airflow/dags/sodai/__init__.py took 0.079 seconds
[2025-11-19T21:41:25.582+0000] {processor.py:161} INFO - Started process (PID=642) to work on /opt/airflow/dags/sodai/__init__.py
[2025-11-19T21:41:25.585+0000] {processor.py:830} INFO - Processing file /opt/airflow/dags/sodai/__init__.py for tasks to queue
[2025-11-19T21:41:25.590+0000] {logging_mixin.py:188} INFO - [2025-11-19T21:41:25.589+0000] {dagbag.py:540} INFO - Filling up the DagBag from /opt/airflow/dags/sodai/__init__.py
[2025-11-19T21:41:25.624+0000] {processor.py:842} WARNING - No viable dags retrieved from /opt/airflow/dags/sodai/__init__.py
[2025-11-19T21:41:25.651+0000] {processor.py:183} INFO - Processing /opt/airflow/dags/sodai/__init__.py took 0.078 seconds
[2025-11-19T21:41:59.114+0000] {processor.py:161} INFO - Started process (PID=652) to work on /opt/airflow/dags/sodai/__init__.py
[2025-11-19T21:41:59.116+0000] {processor.py:830} INFO - Processing file /opt/airflow/dags/sodai/__init__.py for tasks to queue
[2025-11-19T21:41:59.122+0000] {logging_mixin.py:188} INFO - [2025-11-19T21:41:59.121+0000] {dagbag.py:540} INFO - Filling up the DagBag from /opt/airflow/dags/sodai/__init__.py
[2025-11-19T21:41:59.157+0000] {processor.py:842} WARNING - No viable dags retrieved from /opt/airflow/dags/sodai/__init__.py
[2025-11-19T21:41:59.186+0000] {processor.py:183} INFO - Processing /opt/airflow/dags/sodai/__init__.py took 0.087 seconds
[2025-11-19T21:42:31.773+0000] {processor.py:161} INFO - Started process (PID=662) to work on /opt/airflow/dags/sodai/__init__.py
[2025-11-19T21:42:31.776+0000] {processor.py:830} INFO - Processing file /opt/airflow/dags/sodai/__init__.py for tasks to queue
[2025-11-19T21:42:31.784+0000] {logging_mixin.py:188} INFO - [2025-11-19T21:42:31.783+0000] {dagbag.py:540} INFO - Filling up the DagBag from /opt/airflow/dags/sodai/__init__.py
[2025-11-19T21:42:31.830+0000] {processor.py:842} WARNING - No viable dags retrieved from /opt/airflow/dags/sodai/__init__.py
[2025-11-19T21:42:31.863+0000] {processor.py:183} INFO - Processing /opt/airflow/dags/sodai/__init__.py took 0.103 seconds
[2025-11-19T21:43:05.527+0000] {processor.py:161} INFO - Started process (PID=672) to work on /opt/airflow/dags/sodai/__init__.py
[2025-11-19T21:43:05.528+0000] {processor.py:830} INFO - Processing file /opt/airflow/dags/sodai/__init__.py for tasks to queue
[2025-11-19T21:43:05.534+0000] {logging_mixin.py:188} INFO - [2025-11-19T21:43:05.533+0000] {dagbag.py:540} INFO - Filling up the DagBag from /opt/airflow/dags/sodai/__init__.py
[2025-11-19T21:43:05.560+0000] {processor.py:842} WARNING - No viable dags retrieved from /opt/airflow/dags/sodai/__init__.py
[2025-11-19T21:43:05.593+0000] {processor.py:183} INFO - Processing /opt/airflow/dags/sodai/__init__.py took 0.090 seconds
[2025-11-19T21:43:38.327+0000] {processor.py:161} INFO - Started process (PID=682) to work on /opt/airflow/dags/sodai/__init__.py
[2025-11-19T21:43:38.335+0000] {processor.py:830} INFO - Processing file /opt/airflow/dags/sodai/__init__.py for tasks to queue
[2025-11-19T21:43:38.338+0000] {logging_mixin.py:188} INFO - [2025-11-19T21:43:38.337+0000] {dagbag.py:540} INFO - Filling up the DagBag from /opt/airflow/dags/sodai/__init__.py
[2025-11-19T21:43:38.374+0000] {processor.py:842} WARNING - No viable dags retrieved from /opt/airflow/dags/sodai/__init__.py
[2025-11-19T21:43:38.413+0000] {processor.py:183} INFO - Processing /opt/airflow/dags/sodai/__init__.py took 0.110 seconds
[2025-11-19T21:44:09.088+0000] {processor.py:161} INFO - Started process (PID=692) to work on /opt/airflow/dags/sodai/__init__.py
[2025-11-19T21:44:09.104+0000] {processor.py:830} INFO - Processing file /opt/airflow/dags/sodai/__init__.py for tasks to queue
[2025-11-19T21:44:09.113+0000] {logging_mixin.py:188} INFO - [2025-11-19T21:44:09.112+0000] {dagbag.py:540} INFO - Filling up the DagBag from /opt/airflow/dags/sodai/__init__.py
[2025-11-19T21:44:11.142+0000] {processor.py:842} WARNING - No viable dags retrieved from /opt/airflow/dags/sodai/__init__.py
[2025-11-19T21:44:11.170+0000] {processor.py:183} INFO - Processing /opt/airflow/dags/sodai/__init__.py took 0.123 seconds
[2025-11-19T21:44:44.765+0000] {processor.py:161} INFO - Started process (PID=702) to work on /opt/airflow/dags/sodai/__init__.py
[2025-11-19T21:44:44.782+0000] {processor.py:830} INFO - Processing file /opt/airflow/dags/sodai/__init__.py for tasks to queue
[2025-11-19T21:44:44.791+0000] {logging_mixin.py:188} INFO - [2025-11-19T21:44:44.791+0000] {dagbag.py:540} INFO - Filling up the DagBag from /opt/airflow/dags/sodai/__init__.py
[2025-11-19T21:44:44.833+0000] {processor.py:842} WARNING - No viable dags retrieved from /opt/airflow/dags/sodai/__init__.py
[2025-11-19T21:44:44.850+0000] {processor.py:183} INFO - Processing /opt/airflow/dags/sodai/__init__.py took 0.105 seconds
[2025-11-19T21:45:17.628+0000] {processor.py:161} INFO - Started process (PID=712) to work on /opt/airflow/dags/sodai/__init__.py
[2025-11-19T21:45:17.641+0000] {processor.py:830} INFO - Processing file /opt/airflow/dags/sodai/__init__.py for tasks to queue
[2025-11-19T21:45:17.644+0000] {logging_mixin.py:188} INFO - [2025-11-19T21:45:17.644+0000] {dagbag.py:540} INFO - Filling up the DagBag from /opt/airflow/dags/sodai/__init__.py
[2025-11-19T21:45:17.674+0000] {processor.py:842} WARNING - No viable dags retrieved from /opt/airflow/dags/sodai/__init__.py
[2025-11-19T21:45:17.687+0000] {processor.py:183} INFO - Processing /opt/airflow/dags/sodai/__init__.py took 0.081 seconds
[2025-11-19T21:45:51.432+0000] {processor.py:161} INFO - Started process (PID=722) to work on /opt/airflow/dags/sodai/__init__.py
[2025-11-19T21:45:51.443+0000] {processor.py:830} INFO - Processing file /opt/airflow/dags/sodai/__init__.py for tasks to queue
[2025-11-19T21:45:51.445+0000] {logging_mixin.py:188} INFO - [2025-11-19T21:45:51.445+0000] {dagbag.py:540} INFO - Filling up the DagBag from /opt/airflow/dags/sodai/__init__.py
[2025-11-19T21:45:51.465+0000] {processor.py:842} WARNING - No viable dags retrieved from /opt/airflow/dags/sodai/__init__.py
[2025-11-19T21:45:51.484+0000] {processor.py:183} INFO - Processing /opt/airflow/dags/sodai/__init__.py took 0.077 seconds
[2025-11-19T21:46:24.655+0000] {processor.py:161} INFO - Started process (PID=732) to work on /opt/airflow/dags/sodai/__init__.py
[2025-11-19T21:46:24.659+0000] {processor.py:830} INFO - Processing file /opt/airflow/dags/sodai/__init__.py for tasks to queue
[2025-11-19T21:46:24.667+0000] {logging_mixin.py:188} INFO - [2025-11-19T21:46:24.667+0000] {dagbag.py:540} INFO - Filling up the DagBag from /opt/airflow/dags/sodai/__init__.py
[2025-11-19T21:46:24.700+0000] {processor.py:842} WARNING - No viable dags retrieved from /opt/airflow/dags/sodai/__init__.py
[2025-11-19T21:46:24.746+0000] {processor.py:183} INFO - Processing /opt/airflow/dags/sodai/__init__.py took 0.098 seconds
[2025-11-19T21:46:57.406+0000] {processor.py:161} INFO - Started process (PID=742) to work on /opt/airflow/dags/sodai/__init__.py
[2025-11-19T21:46:57.407+0000] {processor.py:830} INFO - Processing file /opt/airflow/dags/sodai/__init__.py for tasks to queue
[2025-11-19T21:46:57.428+0000] {logging_mixin.py:188} INFO - [2025-11-19T21:46:57.427+0000] {dagbag.py:540} INFO - Filling up the DagBag from /opt/airflow/dags/sodai/__init__.py
[2025-11-19T21:46:57.471+0000] {processor.py:842} WARNING - No viable dags retrieved from /opt/airflow/dags/sodai/__init__.py
[2025-11-19T21:46:57.498+0000] {processor.py:183} INFO - Processing /opt/airflow/dags/sodai/__init__.py took 0.119 seconds
[2025-11-19T21:47:30.109+0000] {processor.py:161} INFO - Started process (PID=752) to work on /opt/airflow/dags/sodai/__init__.py
[2025-11-19T21:47:30.116+0000] {processor.py:830} INFO - Processing file /opt/airflow/dags/sodai/__init__.py for tasks to queue
[2025-11-19T21:47:30.126+0000] {logging_mixin.py:188} INFO - [2025-11-19T21:47:30.126+0000] {dagbag.py:540} INFO - Filling up the DagBag from /opt/airflow/dags/sodai/__init__.py
[2025-11-19T21:47:30.150+0000] {processor.py:842} WARNING - No viable dags retrieved from /opt/airflow/dags/sodai/__init__.py
[2025-11-19T21:47:30.166+0000] {processor.py:183} INFO - Processing /opt/airflow/dags/sodai/__init__.py took 0.062 seconds
[2025-11-19T21:48:01.007+0000] {processor.py:161} INFO - Started process (PID=761) to work on /opt/airflow/dags/sodai/__init__.py
[2025-11-19T21:48:01.012+0000] {processor.py:830} INFO - Processing file /opt/airflow/dags/sodai/__init__.py for tasks to queue
[2025-11-19T21:48:01.019+0000] {logging_mixin.py:188} INFO - [2025-11-19T21:48:01.018+0000] {dagbag.py:540} INFO - Filling up the DagBag from /opt/airflow/dags/sodai/__init__.py
[2025-11-19T21:48:03.020+0000] {processor.py:842} WARNING - No viable dags retrieved from /opt/airflow/dags/sodai/__init__.py
[2025-11-19T21:48:03.035+0000] {processor.py:183} INFO - Processing /opt/airflow/dags/sodai/__init__.py took 0.089 seconds
[2025-11-19T21:48:36.332+0000] {processor.py:161} INFO - Started process (PID=772) to work on /opt/airflow/dags/sodai/__init__.py
[2025-11-19T21:48:36.341+0000] {processor.py:830} INFO - Processing file /opt/airflow/dags/sodai/__init__.py for tasks to queue
[2025-11-19T21:48:36.348+0000] {logging_mixin.py:188} INFO - [2025-11-19T21:48:36.347+0000] {dagbag.py:540} INFO - Filling up the DagBag from /opt/airflow/dags/sodai/__init__.py
[2025-11-19T21:48:36.394+0000] {processor.py:842} WARNING - No viable dags retrieved from /opt/airflow/dags/sodai/__init__.py
[2025-11-19T21:48:36.435+0000] {processor.py:183} INFO - Processing /opt/airflow/dags/sodai/__init__.py took 0.124 seconds
[2025-11-19T21:49:10.103+0000] {processor.py:161} INFO - Started process (PID=781) to work on /opt/airflow/dags/sodai/__init__.py
[2025-11-19T21:49:10.104+0000] {processor.py:830} INFO - Processing file /opt/airflow/dags/sodai/__init__.py for tasks to queue
[2025-11-19T21:49:10.113+0000] {logging_mixin.py:188} INFO - [2025-11-19T21:49:10.112+0000] {dagbag.py:540} INFO - Filling up the DagBag from /opt/airflow/dags/sodai/__init__.py
[2025-11-19T21:49:10.135+0000] {processor.py:842} WARNING - No viable dags retrieved from /opt/airflow/dags/sodai/__init__.py
[2025-11-19T21:49:10.158+0000] {processor.py:183} INFO - Processing /opt/airflow/dags/sodai/__init__.py took 0.069 seconds
[2025-11-19T21:49:42.916+0000] {processor.py:161} INFO - Started process (PID=792) to work on /opt/airflow/dags/sodai/__init__.py
[2025-11-19T21:49:42.922+0000] {processor.py:830} INFO - Processing file /opt/airflow/dags/sodai/__init__.py for tasks to queue
[2025-11-19T21:49:42.929+0000] {logging_mixin.py:188} INFO - [2025-11-19T21:49:42.929+0000] {dagbag.py:540} INFO - Filling up the DagBag from /opt/airflow/dags/sodai/__init__.py
[2025-11-19T21:49:42.963+0000] {processor.py:842} WARNING - No viable dags retrieved from /opt/airflow/dags/sodai/__init__.py
[2025-11-19T21:49:43.000+0000] {processor.py:183} INFO - Processing /opt/airflow/dags/sodai/__init__.py took 0.096 seconds
[2025-11-19T21:50:15.656+0000] {processor.py:161} INFO - Started process (PID=802) to work on /opt/airflow/dags/sodai/__init__.py
[2025-11-19T21:50:15.659+0000] {processor.py:830} INFO - Processing file /opt/airflow/dags/sodai/__init__.py for tasks to queue
[2025-11-19T21:50:15.664+0000] {logging_mixin.py:188} INFO - [2025-11-19T21:50:15.664+0000] {dagbag.py:540} INFO - Filling up the DagBag from /opt/airflow/dags/sodai/__init__.py
[2025-11-19T21:50:15.691+0000] {processor.py:842} WARNING - No viable dags retrieved from /opt/airflow/dags/sodai/__init__.py
[2025-11-19T21:50:15.710+0000] {processor.py:183} INFO - Processing /opt/airflow/dags/sodai/__init__.py took 0.072 seconds
[2025-11-19T21:50:49.521+0000] {processor.py:161} INFO - Started process (PID=812) to work on /opt/airflow/dags/sodai/__init__.py
[2025-11-19T21:50:49.523+0000] {processor.py:830} INFO - Processing file /opt/airflow/dags/sodai/__init__.py for tasks to queue
[2025-11-19T21:50:49.526+0000] {logging_mixin.py:188} INFO - [2025-11-19T21:50:49.526+0000] {dagbag.py:540} INFO - Filling up the DagBag from /opt/airflow/dags/sodai/__init__.py
[2025-11-19T21:50:49.550+0000] {processor.py:842} WARNING - No viable dags retrieved from /opt/airflow/dags/sodai/__init__.py
[2025-11-19T21:50:49.585+0000] {processor.py:183} INFO - Processing /opt/airflow/dags/sodai/__init__.py took 0.084 seconds
[2025-11-19T21:51:22.415+0000] {processor.py:161} INFO - Started process (PID=822) to work on /opt/airflow/dags/sodai/__init__.py
[2025-11-19T21:51:22.422+0000] {processor.py:830} INFO - Processing file /opt/airflow/dags/sodai/__init__.py for tasks to queue
[2025-11-19T21:51:22.437+0000] {logging_mixin.py:188} INFO - [2025-11-19T21:51:22.436+0000] {dagbag.py:540} INFO - Filling up the DagBag from /opt/airflow/dags/sodai/__init__.py
[2025-11-19T21:51:22.481+0000] {processor.py:842} WARNING - No viable dags retrieved from /opt/airflow/dags/sodai/__init__.py
[2025-11-19T21:51:22.531+0000] {processor.py:183} INFO - Processing /opt/airflow/dags/sodai/__init__.py took 0.128 seconds
[2025-11-19T21:51:55.149+0000] {processor.py:161} INFO - Started process (PID=832) to work on /opt/airflow/dags/sodai/__init__.py
[2025-11-19T21:51:55.157+0000] {processor.py:830} INFO - Processing file /opt/airflow/dags/sodai/__init__.py for tasks to queue
[2025-11-19T21:51:55.160+0000] {logging_mixin.py:188} INFO - [2025-11-19T21:51:55.159+0000] {dagbag.py:540} INFO - Filling up the DagBag from /opt/airflow/dags/sodai/__init__.py
[2025-11-19T21:51:55.175+0000] {processor.py:842} WARNING - No viable dags retrieved from /opt/airflow/dags/sodai/__init__.py
[2025-11-19T21:51:55.200+0000] {processor.py:183} INFO - Processing /opt/airflow/dags/sodai/__init__.py took 0.072 seconds
[2025-11-19T21:52:28.916+0000] {processor.py:161} INFO - Started process (PID=842) to work on /opt/airflow/dags/sodai/__init__.py
[2025-11-19T21:52:28.926+0000] {processor.py:830} INFO - Processing file /opt/airflow/dags/sodai/__init__.py for tasks to queue
[2025-11-19T21:52:28.929+0000] {logging_mixin.py:188} INFO - [2025-11-19T21:52:28.928+0000] {dagbag.py:540} INFO - Filling up the DagBag from /opt/airflow/dags/sodai/__init__.py
[2025-11-19T21:52:28.954+0000] {processor.py:842} WARNING - No viable dags retrieved from /opt/airflow/dags/sodai/__init__.py
[2025-11-19T21:52:28.980+0000] {processor.py:183} INFO - Processing /opt/airflow/dags/sodai/__init__.py took 0.080 seconds
[2025-11-19T21:53:01.973+0000] {processor.py:161} INFO - Started process (PID=852) to work on /opt/airflow/dags/sodai/__init__.py
[2025-11-19T21:53:01.979+0000] {processor.py:830} INFO - Processing file /opt/airflow/dags/sodai/__init__.py for tasks to queue
[2025-11-19T21:53:01.984+0000] {logging_mixin.py:188} INFO - [2025-11-19T21:53:01.983+0000] {dagbag.py:540} INFO - Filling up the DagBag from /opt/airflow/dags/sodai/__init__.py
[2025-11-19T21:53:02.050+0000] {processor.py:842} WARNING - No viable dags retrieved from /opt/airflow/dags/sodai/__init__.py
[2025-11-19T21:53:02.090+0000] {processor.py:183} INFO - Processing /opt/airflow/dags/sodai/__init__.py took 0.133 seconds
[2025-11-19T21:53:34.704+0000] {processor.py:161} INFO - Started process (PID=862) to work on /opt/airflow/dags/sodai/__init__.py
[2025-11-19T21:53:34.706+0000] {processor.py:830} INFO - Processing file /opt/airflow/dags/sodai/__init__.py for tasks to queue
[2025-11-19T21:53:34.710+0000] {logging_mixin.py:188} INFO - [2025-11-19T21:53:34.710+0000] {dagbag.py:540} INFO - Filling up the DagBag from /opt/airflow/dags/sodai/__init__.py
[2025-11-19T21:53:34.730+0000] {processor.py:842} WARNING - No viable dags retrieved from /opt/airflow/dags/sodai/__init__.py
[2025-11-19T21:53:34.758+0000] {processor.py:183} INFO - Processing /opt/airflow/dags/sodai/__init__.py took 0.067 seconds
[2025-11-19T21:54:07.600+0000] {processor.py:161} INFO - Started process (PID=871) to work on /opt/airflow/dags/sodai/__init__.py
[2025-11-19T21:54:07.603+0000] {processor.py:830} INFO - Processing file /opt/airflow/dags/sodai/__init__.py for tasks to queue
[2025-11-19T21:54:07.606+0000] {logging_mixin.py:188} INFO - [2025-11-19T21:54:07.605+0000] {dagbag.py:540} INFO - Filling up the DagBag from /opt/airflow/dags/sodai/__init__.py
[2025-11-19T21:54:07.642+0000] {processor.py:842} WARNING - No viable dags retrieved from /opt/airflow/dags/sodai/__init__.py
[2025-11-19T21:54:07.661+0000] {processor.py:183} INFO - Processing /opt/airflow/dags/sodai/__init__.py took 0.069 seconds
[2025-11-19T21:54:41.492+0000] {processor.py:161} INFO - Started process (PID=882) to work on /opt/airflow/dags/sodai/__init__.py
[2025-11-19T21:54:41.494+0000] {processor.py:830} INFO - Processing file /opt/airflow/dags/sodai/__init__.py for tasks to queue
[2025-11-19T21:54:41.504+0000] {logging_mixin.py:188} INFO - [2025-11-19T21:54:41.503+0000] {dagbag.py:540} INFO - Filling up the DagBag from /opt/airflow/dags/sodai/__init__.py
[2025-11-19T21:54:41.549+0000] {processor.py:842} WARNING - No viable dags retrieved from /opt/airflow/dags/sodai/__init__.py
[2025-11-19T21:54:41.569+0000] {processor.py:183} INFO - Processing /opt/airflow/dags/sodai/__init__.py took 0.087 seconds
[2025-11-19T21:55:14.364+0000] {processor.py:161} INFO - Started process (PID=892) to work on /opt/airflow/dags/sodai/__init__.py
[2025-11-19T21:55:14.378+0000] {processor.py:830} INFO - Processing file /opt/airflow/dags/sodai/__init__.py for tasks to queue
[2025-11-19T21:55:14.382+0000] {logging_mixin.py:188} INFO - [2025-11-19T21:55:14.382+0000] {dagbag.py:540} INFO - Filling up the DagBag from /opt/airflow/dags/sodai/__init__.py
[2025-11-19T21:55:14.400+0000] {processor.py:842} WARNING - No viable dags retrieved from /opt/airflow/dags/sodai/__init__.py
[2025-11-19T21:55:14.455+0000] {processor.py:183} INFO - Processing /opt/airflow/dags/sodai/__init__.py took 0.124 seconds
[2025-11-19T21:55:47.045+0000] {processor.py:161} INFO - Started process (PID=902) to work on /opt/airflow/dags/sodai/__init__.py
[2025-11-19T21:55:47.049+0000] {processor.py:830} INFO - Processing file /opt/airflow/dags/sodai/__init__.py for tasks to queue
[2025-11-19T21:55:47.057+0000] {logging_mixin.py:188} INFO - [2025-11-19T21:55:47.055+0000] {dagbag.py:540} INFO - Filling up the DagBag from /opt/airflow/dags/sodai/__init__.py
[2025-11-19T21:55:47.103+0000] {processor.py:842} WARNING - No viable dags retrieved from /opt/airflow/dags/sodai/__init__.py
[2025-11-19T21:55:47.139+0000] {processor.py:183} INFO - Processing /opt/airflow/dags/sodai/__init__.py took 0.122 seconds
[2025-11-19T21:56:20.164+0000] {processor.py:161} INFO - Started process (PID=912) to work on /opt/airflow/dags/sodai/__init__.py
[2025-11-19T21:56:20.167+0000] {processor.py:830} INFO - Processing file /opt/airflow/dags/sodai/__init__.py for tasks to queue
[2025-11-19T21:56:20.169+0000] {logging_mixin.py:188} INFO - [2025-11-19T21:56:20.169+0000] {dagbag.py:540} INFO - Filling up the DagBag from /opt/airflow/dags/sodai/__init__.py
[2025-11-19T21:56:20.192+0000] {processor.py:842} WARNING - No viable dags retrieved from /opt/airflow/dags/sodai/__init__.py
[2025-11-19T21:56:20.207+0000] {processor.py:183} INFO - Processing /opt/airflow/dags/sodai/__init__.py took 0.048 seconds
[2025-11-19T21:56:54.020+0000] {processor.py:161} INFO - Started process (PID=922) to work on /opt/airflow/dags/sodai/__init__.py
[2025-11-19T21:56:54.029+0000] {processor.py:830} INFO - Processing file /opt/airflow/dags/sodai/__init__.py for tasks to queue
[2025-11-19T21:56:54.037+0000] {logging_mixin.py:188} INFO - [2025-11-19T21:56:54.036+0000] {dagbag.py:540} INFO - Filling up the DagBag from /opt/airflow/dags/sodai/__init__.py
[2025-11-19T21:56:54.067+0000] {processor.py:842} WARNING - No viable dags retrieved from /opt/airflow/dags/sodai/__init__.py
[2025-11-19T21:56:54.133+0000] {processor.py:183} INFO - Processing /opt/airflow/dags/sodai/__init__.py took 0.144 seconds
[2025-11-19T21:57:13.337+0000] {processor.py:161} INFO - Started process (PID=190) to work on /opt/airflow/dags/sodai/__init__.py
[2025-11-19T21:57:13.340+0000] {processor.py:830} INFO - Processing file /opt/airflow/dags/sodai/__init__.py for tasks to queue
[2025-11-19T21:57:13.345+0000] {logging_mixin.py:188} INFO - [2025-11-19T21:57:13.344+0000] {dagbag.py:540} INFO - Filling up the DagBag from /opt/airflow/dags/sodai/__init__.py
[2025-11-19T21:57:13.358+0000] {processor.py:842} WARNING - No viable dags retrieved from /opt/airflow/dags/sodai/__init__.py
[2025-11-19T21:57:13.387+0000] {processor.py:183} INFO - Processing /opt/airflow/dags/sodai/__init__.py took 0.061 seconds
[2025-11-19T21:57:43.784+0000] {processor.py:161} INFO - Started process (PID=200) to work on /opt/airflow/dags/sodai/__init__.py
[2025-11-19T21:57:43.785+0000] {processor.py:830} INFO - Processing file /opt/airflow/dags/sodai/__init__.py for tasks to queue
[2025-11-19T21:57:43.787+0000] {logging_mixin.py:188} INFO - [2025-11-19T21:57:43.787+0000] {dagbag.py:540} INFO - Filling up the DagBag from /opt/airflow/dags/sodai/__init__.py
[2025-11-19T21:57:43.799+0000] {processor.py:842} WARNING - No viable dags retrieved from /opt/airflow/dags/sodai/__init__.py
[2025-11-19T21:57:43.815+0000] {processor.py:183} INFO - Processing /opt/airflow/dags/sodai/__init__.py took 0.037 seconds
[2025-11-19T21:58:14.073+0000] {processor.py:161} INFO - Started process (PID=210) to work on /opt/airflow/dags/sodai/__init__.py
[2025-11-19T21:58:14.074+0000] {processor.py:830} INFO - Processing file /opt/airflow/dags/sodai/__init__.py for tasks to queue
[2025-11-19T21:58:14.076+0000] {logging_mixin.py:188} INFO - [2025-11-19T21:58:14.075+0000] {dagbag.py:540} INFO - Filling up the DagBag from /opt/airflow/dags/sodai/__init__.py
[2025-11-19T21:58:14.087+0000] {processor.py:842} WARNING - No viable dags retrieved from /opt/airflow/dags/sodai/__init__.py
[2025-11-19T21:58:14.101+0000] {processor.py:183} INFO - Processing /opt/airflow/dags/sodai/__init__.py took 0.032 seconds
[2025-11-19T21:58:44.512+0000] {processor.py:161} INFO - Started process (PID=220) to work on /opt/airflow/dags/sodai/__init__.py
[2025-11-19T21:58:44.513+0000] {processor.py:830} INFO - Processing file /opt/airflow/dags/sodai/__init__.py for tasks to queue
[2025-11-19T21:58:44.514+0000] {logging_mixin.py:188} INFO - [2025-11-19T21:58:44.514+0000] {dagbag.py:540} INFO - Filling up the DagBag from /opt/airflow/dags/sodai/__init__.py
[2025-11-19T21:58:44.527+0000] {processor.py:842} WARNING - No viable dags retrieved from /opt/airflow/dags/sodai/__init__.py
[2025-11-19T21:58:44.538+0000] {processor.py:183} INFO - Processing /opt/airflow/dags/sodai/__init__.py took 0.029 seconds
[2025-11-19T21:59:14.891+0000] {processor.py:161} INFO - Started process (PID=230) to work on /opt/airflow/dags/sodai/__init__.py
[2025-11-19T21:59:14.892+0000] {processor.py:830} INFO - Processing file /opt/airflow/dags/sodai/__init__.py for tasks to queue
[2025-11-19T21:59:14.894+0000] {logging_mixin.py:188} INFO - [2025-11-19T21:59:14.894+0000] {dagbag.py:540} INFO - Filling up the DagBag from /opt/airflow/dags/sodai/__init__.py
[2025-11-19T21:59:14.908+0000] {processor.py:842} WARNING - No viable dags retrieved from /opt/airflow/dags/sodai/__init__.py
[2025-11-19T21:59:14.921+0000] {processor.py:183} INFO - Processing /opt/airflow/dags/sodai/__init__.py took 0.034 seconds
[2025-11-19T21:59:45.177+0000] {processor.py:161} INFO - Started process (PID=240) to work on /opt/airflow/dags/sodai/__init__.py
[2025-11-19T21:59:45.178+0000] {processor.py:830} INFO - Processing file /opt/airflow/dags/sodai/__init__.py for tasks to queue
[2025-11-19T21:59:45.180+0000] {logging_mixin.py:188} INFO - [2025-11-19T21:59:45.180+0000] {dagbag.py:540} INFO - Filling up the DagBag from /opt/airflow/dags/sodai/__init__.py
[2025-11-19T21:59:45.191+0000] {processor.py:842} WARNING - No viable dags retrieved from /opt/airflow/dags/sodai/__init__.py
[2025-11-19T21:59:45.200+0000] {processor.py:183} INFO - Processing /opt/airflow/dags/sodai/__init__.py took 0.027 seconds
[2025-11-19T22:00:15.556+0000] {processor.py:161} INFO - Started process (PID=250) to work on /opt/airflow/dags/sodai/__init__.py
[2025-11-19T22:00:15.559+0000] {processor.py:830} INFO - Processing file /opt/airflow/dags/sodai/__init__.py for tasks to queue
[2025-11-19T22:00:15.562+0000] {logging_mixin.py:188} INFO - [2025-11-19T22:00:15.562+0000] {dagbag.py:540} INFO - Filling up the DagBag from /opt/airflow/dags/sodai/__init__.py
[2025-11-19T22:00:15.578+0000] {processor.py:842} WARNING - No viable dags retrieved from /opt/airflow/dags/sodai/__init__.py
[2025-11-19T22:00:15.593+0000] {processor.py:183} INFO - Processing /opt/airflow/dags/sodai/__init__.py took 0.046 seconds
[2025-11-19T22:00:45.993+0000] {processor.py:161} INFO - Started process (PID=260) to work on /opt/airflow/dags/sodai/__init__.py
[2025-11-19T22:00:45.994+0000] {processor.py:830} INFO - Processing file /opt/airflow/dags/sodai/__init__.py for tasks to queue
[2025-11-19T22:00:45.996+0000] {logging_mixin.py:188} INFO - [2025-11-19T22:00:45.996+0000] {dagbag.py:540} INFO - Filling up the DagBag from /opt/airflow/dags/sodai/__init__.py
[2025-11-19T22:00:46.010+0000] {processor.py:842} WARNING - No viable dags retrieved from /opt/airflow/dags/sodai/__init__.py
[2025-11-19T22:00:46.027+0000] {processor.py:183} INFO - Processing /opt/airflow/dags/sodai/__init__.py took 0.039 seconds
[2025-11-19T22:01:16.432+0000] {processor.py:161} INFO - Started process (PID=270) to work on /opt/airflow/dags/sodai/__init__.py
[2025-11-19T22:01:16.433+0000] {processor.py:830} INFO - Processing file /opt/airflow/dags/sodai/__init__.py for tasks to queue
[2025-11-19T22:01:16.435+0000] {logging_mixin.py:188} INFO - [2025-11-19T22:01:16.435+0000] {dagbag.py:540} INFO - Filling up the DagBag from /opt/airflow/dags/sodai/__init__.py
[2025-11-19T22:01:16.446+0000] {processor.py:842} WARNING - No viable dags retrieved from /opt/airflow/dags/sodai/__init__.py
[2025-11-19T22:01:16.458+0000] {processor.py:183} INFO - Processing /opt/airflow/dags/sodai/__init__.py took 0.030 seconds
[2025-11-19T22:01:46.636+0000] {processor.py:161} INFO - Started process (PID=277) to work on /opt/airflow/dags/sodai/__init__.py
[2025-11-19T22:01:46.637+0000] {processor.py:830} INFO - Processing file /opt/airflow/dags/sodai/__init__.py for tasks to queue
[2025-11-19T22:01:46.639+0000] {logging_mixin.py:188} INFO - [2025-11-19T22:01:46.638+0000] {dagbag.py:540} INFO - Filling up the DagBag from /opt/airflow/dags/sodai/__init__.py
[2025-11-19T22:01:46.647+0000] {processor.py:842} WARNING - No viable dags retrieved from /opt/airflow/dags/sodai/__init__.py
[2025-11-19T22:01:46.656+0000] {processor.py:183} INFO - Processing /opt/airflow/dags/sodai/__init__.py took 0.025 seconds
[2025-11-19T22:02:17.395+0000] {processor.py:161} INFO - Started process (PID=354) to work on /opt/airflow/dags/sodai/__init__.py
[2025-11-19T22:02:17.400+0000] {processor.py:830} INFO - Processing file /opt/airflow/dags/sodai/__init__.py for tasks to queue
[2025-11-19T22:02:17.404+0000] {logging_mixin.py:188} INFO - [2025-11-19T22:02:17.404+0000] {dagbag.py:540} INFO - Filling up the DagBag from /opt/airflow/dags/sodai/__init__.py
[2025-11-19T22:02:17.430+0000] {processor.py:842} WARNING - No viable dags retrieved from /opt/airflow/dags/sodai/__init__.py
[2025-11-19T22:02:17.460+0000] {processor.py:183} INFO - Processing /opt/airflow/dags/sodai/__init__.py took 0.079 seconds
[2025-11-19T22:02:47.973+0000] {processor.py:161} INFO - Started process (PID=364) to work on /opt/airflow/dags/sodai/__init__.py
[2025-11-19T22:02:47.979+0000] {processor.py:830} INFO - Processing file /opt/airflow/dags/sodai/__init__.py for tasks to queue
[2025-11-19T22:02:47.988+0000] {logging_mixin.py:188} INFO - [2025-11-19T22:02:47.986+0000] {dagbag.py:540} INFO - Filling up the DagBag from /opt/airflow/dags/sodai/__init__.py
[2025-11-19T22:02:48.018+0000] {processor.py:842} WARNING - No viable dags retrieved from /opt/airflow/dags/sodai/__init__.py
[2025-11-19T22:02:48.075+0000] {processor.py:183} INFO - Processing /opt/airflow/dags/sodai/__init__.py took 0.141 seconds
[2025-11-19T22:03:18.769+0000] {processor.py:161} INFO - Started process (PID=374) to work on /opt/airflow/dags/sodai/__init__.py
[2025-11-19T22:03:18.778+0000] {processor.py:830} INFO - Processing file /opt/airflow/dags/sodai/__init__.py for tasks to queue
[2025-11-19T22:03:18.798+0000] {logging_mixin.py:188} INFO - [2025-11-19T22:03:18.795+0000] {dagbag.py:540} INFO - Filling up the DagBag from /opt/airflow/dags/sodai/__init__.py
[2025-11-19T22:03:18.843+0000] {processor.py:842} WARNING - No viable dags retrieved from /opt/airflow/dags/sodai/__init__.py
[2025-11-19T22:03:18.894+0000] {processor.py:183} INFO - Processing /opt/airflow/dags/sodai/__init__.py took 0.155 seconds
[2025-11-19T22:03:49.416+0000] {processor.py:161} INFO - Started process (PID=384) to work on /opt/airflow/dags/sodai/__init__.py
[2025-11-19T22:03:49.419+0000] {processor.py:830} INFO - Processing file /opt/airflow/dags/sodai/__init__.py for tasks to queue
[2025-11-19T22:03:49.425+0000] {logging_mixin.py:188} INFO - [2025-11-19T22:03:49.424+0000] {dagbag.py:540} INFO - Filling up the DagBag from /opt/airflow/dags/sodai/__init__.py
[2025-11-19T22:03:49.451+0000] {processor.py:842} WARNING - No viable dags retrieved from /opt/airflow/dags/sodai/__init__.py
[2025-11-19T22:03:49.481+0000] {processor.py:183} INFO - Processing /opt/airflow/dags/sodai/__init__.py took 0.079 seconds
[2025-11-19T22:04:19.899+0000] {processor.py:161} INFO - Started process (PID=394) to work on /opt/airflow/dags/sodai/__init__.py
[2025-11-19T22:04:19.903+0000] {processor.py:830} INFO - Processing file /opt/airflow/dags/sodai/__init__.py for tasks to queue
[2025-11-19T22:04:19.907+0000] {logging_mixin.py:188} INFO - [2025-11-19T22:04:19.906+0000] {dagbag.py:540} INFO - Filling up the DagBag from /opt/airflow/dags/sodai/__init__.py
[2025-11-19T22:04:19.938+0000] {processor.py:842} WARNING - No viable dags retrieved from /opt/airflow/dags/sodai/__init__.py
[2025-11-19T22:04:19.961+0000] {processor.py:183} INFO - Processing /opt/airflow/dags/sodai/__init__.py took 0.077 seconds
[2025-11-19T22:04:50.502+0000] {processor.py:161} INFO - Started process (PID=404) to work on /opt/airflow/dags/sodai/__init__.py
[2025-11-19T22:04:50.504+0000] {processor.py:830} INFO - Processing file /opt/airflow/dags/sodai/__init__.py for tasks to queue
[2025-11-19T22:04:50.512+0000] {logging_mixin.py:188} INFO - [2025-11-19T22:04:50.511+0000] {dagbag.py:540} INFO - Filling up the DagBag from /opt/airflow/dags/sodai/__init__.py
[2025-11-19T22:04:50.560+0000] {processor.py:842} WARNING - No viable dags retrieved from /opt/airflow/dags/sodai/__init__.py
[2025-11-19T22:04:50.593+0000] {processor.py:183} INFO - Processing /opt/airflow/dags/sodai/__init__.py took 0.114 seconds
[2025-11-19T22:05:21.033+0000] {processor.py:161} INFO - Started process (PID=414) to work on /opt/airflow/dags/sodai/__init__.py
[2025-11-19T22:05:21.035+0000] {processor.py:830} INFO - Processing file /opt/airflow/dags/sodai/__init__.py for tasks to queue
[2025-11-19T22:05:21.039+0000] {logging_mixin.py:188} INFO - [2025-11-19T22:05:21.039+0000] {dagbag.py:540} INFO - Filling up the DagBag from /opt/airflow/dags/sodai/__init__.py
[2025-11-19T22:05:21.065+0000] {processor.py:842} WARNING - No viable dags retrieved from /opt/airflow/dags/sodai/__init__.py
[2025-11-19T22:05:21.088+0000] {processor.py:183} INFO - Processing /opt/airflow/dags/sodai/__init__.py took 0.064 seconds
[2025-11-19T22:05:51.454+0000] {processor.py:161} INFO - Started process (PID=424) to work on /opt/airflow/dags/sodai/__init__.py
[2025-11-19T22:05:51.456+0000] {processor.py:830} INFO - Processing file /opt/airflow/dags/sodai/__init__.py for tasks to queue
[2025-11-19T22:05:51.458+0000] {logging_mixin.py:188} INFO - [2025-11-19T22:05:51.458+0000] {dagbag.py:540} INFO - Filling up the DagBag from /opt/airflow/dags/sodai/__init__.py
[2025-11-19T22:05:51.484+0000] {processor.py:842} WARNING - No viable dags retrieved from /opt/airflow/dags/sodai/__init__.py
[2025-11-19T22:05:51.504+0000] {processor.py:183} INFO - Processing /opt/airflow/dags/sodai/__init__.py took 0.059 seconds
[2025-11-19T22:06:21.867+0000] {processor.py:161} INFO - Started process (PID=434) to work on /opt/airflow/dags/sodai/__init__.py
[2025-11-19T22:06:21.868+0000] {processor.py:830} INFO - Processing file /opt/airflow/dags/sodai/__init__.py for tasks to queue
[2025-11-19T22:06:21.871+0000] {logging_mixin.py:188} INFO - [2025-11-19T22:06:21.870+0000] {dagbag.py:540} INFO - Filling up the DagBag from /opt/airflow/dags/sodai/__init__.py
[2025-11-19T22:06:21.893+0000] {processor.py:842} WARNING - No viable dags retrieved from /opt/airflow/dags/sodai/__init__.py
[2025-11-19T22:06:21.912+0000] {processor.py:183} INFO - Processing /opt/airflow/dags/sodai/__init__.py took 0.051 seconds
[2025-11-19T22:06:52.285+0000] {processor.py:161} INFO - Started process (PID=444) to work on /opt/airflow/dags/sodai/__init__.py
[2025-11-19T22:06:52.287+0000] {processor.py:830} INFO - Processing file /opt/airflow/dags/sodai/__init__.py for tasks to queue
[2025-11-19T22:06:52.290+0000] {logging_mixin.py:188} INFO - [2025-11-19T22:06:52.290+0000] {dagbag.py:540} INFO - Filling up the DagBag from /opt/airflow/dags/sodai/__init__.py
[2025-11-19T22:06:52.315+0000] {processor.py:842} WARNING - No viable dags retrieved from /opt/airflow/dags/sodai/__init__.py
[2025-11-19T22:06:52.339+0000] {processor.py:183} INFO - Processing /opt/airflow/dags/sodai/__init__.py took 0.065 seconds
[2025-11-19T22:07:23.028+0000] {processor.py:161} INFO - Started process (PID=454) to work on /opt/airflow/dags/sodai/__init__.py
[2025-11-19T22:07:23.029+0000] {processor.py:830} INFO - Processing file /opt/airflow/dags/sodai/__init__.py for tasks to queue
[2025-11-19T22:07:23.033+0000] {logging_mixin.py:188} INFO - [2025-11-19T22:07:23.033+0000] {dagbag.py:540} INFO - Filling up the DagBag from /opt/airflow/dags/sodai/__init__.py
[2025-11-19T22:07:23.074+0000] {processor.py:842} WARNING - No viable dags retrieved from /opt/airflow/dags/sodai/__init__.py
[2025-11-19T22:07:23.095+0000] {processor.py:183} INFO - Processing /opt/airflow/dags/sodai/__init__.py took 0.073 seconds
[2025-11-19T22:07:56.514+0000] {processor.py:161} INFO - Started process (PID=462) to work on /opt/airflow/dags/sodai/__init__.py
[2025-11-19T22:07:56.518+0000] {processor.py:830} INFO - Processing file /opt/airflow/dags/sodai/__init__.py for tasks to queue
[2025-11-19T22:07:56.529+0000] {logging_mixin.py:188} INFO - [2025-11-19T22:07:56.527+0000] {dagbag.py:540} INFO - Filling up the DagBag from /opt/airflow/dags/sodai/__init__.py
[2025-11-19T22:07:56.543+0000] {processor.py:842} WARNING - No viable dags retrieved from /opt/airflow/dags/sodai/__init__.py
[2025-11-19T22:07:56.564+0000] {processor.py:183} INFO - Processing /opt/airflow/dags/sodai/__init__.py took 0.063 seconds
[2025-11-19T22:08:26.799+0000] {processor.py:161} INFO - Started process (PID=472) to work on /opt/airflow/dags/sodai/__init__.py
[2025-11-19T22:08:26.800+0000] {processor.py:830} INFO - Processing file /opt/airflow/dags/sodai/__init__.py for tasks to queue
[2025-11-19T22:08:28.793+0000] {logging_mixin.py:188} INFO - [2025-11-19T22:08:28.793+0000] {dagbag.py:540} INFO - Filling up the DagBag from /opt/airflow/dags/sodai/__init__.py
[2025-11-19T22:08:28.803+0000] {processor.py:842} WARNING - No viable dags retrieved from /opt/airflow/dags/sodai/__init__.py
[2025-11-19T22:08:28.814+0000] {processor.py:183} INFO - Processing /opt/airflow/dags/sodai/__init__.py took 0.027 seconds
[2025-11-19T22:09:02.087+0000] {processor.py:161} INFO - Started process (PID=482) to work on /opt/airflow/dags/sodai/__init__.py
[2025-11-19T22:09:02.087+0000] {processor.py:830} INFO - Processing file /opt/airflow/dags/sodai/__init__.py for tasks to queue
[2025-11-19T22:09:02.089+0000] {logging_mixin.py:188} INFO - [2025-11-19T22:09:02.089+0000] {dagbag.py:540} INFO - Filling up the DagBag from /opt/airflow/dags/sodai/__init__.py
[2025-11-19T22:09:02.099+0000] {processor.py:842} WARNING - No viable dags retrieved from /opt/airflow/dags/sodai/__init__.py
[2025-11-19T22:09:02.108+0000] {processor.py:183} INFO - Processing /opt/airflow/dags/sodai/__init__.py took 0.026 seconds
[2025-11-19T22:09:35.365+0000] {processor.py:161} INFO - Started process (PID=492) to work on /opt/airflow/dags/sodai/__init__.py
[2025-11-19T22:09:35.366+0000] {processor.py:830} INFO - Processing file /opt/airflow/dags/sodai/__init__.py for tasks to queue
[2025-11-19T22:09:35.368+0000] {logging_mixin.py:188} INFO - [2025-11-19T22:09:35.368+0000] {dagbag.py:540} INFO - Filling up the DagBag from /opt/airflow/dags/sodai/__init__.py
[2025-11-19T22:09:35.378+0000] {processor.py:842} WARNING - No viable dags retrieved from /opt/airflow/dags/sodai/__init__.py
[2025-11-19T22:09:35.389+0000] {processor.py:183} INFO - Processing /opt/airflow/dags/sodai/__init__.py took 0.028 seconds
[2025-11-19T22:10:08.693+0000] {processor.py:161} INFO - Started process (PID=502) to work on /opt/airflow/dags/sodai/__init__.py
[2025-11-19T22:10:08.694+0000] {processor.py:830} INFO - Processing file /opt/airflow/dags/sodai/__init__.py for tasks to queue
[2025-11-19T22:10:08.695+0000] {logging_mixin.py:188} INFO - [2025-11-19T22:10:08.695+0000] {dagbag.py:540} INFO - Filling up the DagBag from /opt/airflow/dags/sodai/__init__.py
[2025-11-19T22:10:08.707+0000] {processor.py:842} WARNING - No viable dags retrieved from /opt/airflow/dags/sodai/__init__.py
[2025-11-19T22:10:08.717+0000] {processor.py:183} INFO - Processing /opt/airflow/dags/sodai/__init__.py took 0.028 seconds
[2025-11-19T22:10:42.022+0000] {processor.py:161} INFO - Started process (PID=512) to work on /opt/airflow/dags/sodai/__init__.py
[2025-11-19T22:10:42.023+0000] {processor.py:830} INFO - Processing file /opt/airflow/dags/sodai/__init__.py for tasks to queue
[2025-11-19T22:10:42.025+0000] {logging_mixin.py:188} INFO - [2025-11-19T22:10:42.024+0000] {dagbag.py:540} INFO - Filling up the DagBag from /opt/airflow/dags/sodai/__init__.py
[2025-11-19T22:10:42.039+0000] {processor.py:842} WARNING - No viable dags retrieved from /opt/airflow/dags/sodai/__init__.py
[2025-11-19T22:10:42.052+0000] {processor.py:183} INFO - Processing /opt/airflow/dags/sodai/__init__.py took 0.034 seconds
[2025-11-19T22:11:14.321+0000] {processor.py:161} INFO - Started process (PID=522) to work on /opt/airflow/dags/sodai/__init__.py
[2025-11-19T22:11:14.322+0000] {processor.py:830} INFO - Processing file /opt/airflow/dags/sodai/__init__.py for tasks to queue
[2025-11-19T22:11:14.323+0000] {logging_mixin.py:188} INFO - [2025-11-19T22:11:14.323+0000] {dagbag.py:540} INFO - Filling up the DagBag from /opt/airflow/dags/sodai/__init__.py
[2025-11-19T22:11:14.334+0000] {processor.py:842} WARNING - No viable dags retrieved from /opt/airflow/dags/sodai/__init__.py
[2025-11-19T22:11:14.344+0000] {processor.py:183} INFO - Processing /opt/airflow/dags/sodai/__init__.py took 0.026 seconds
[2025-11-19T22:11:47.634+0000] {processor.py:161} INFO - Started process (PID=532) to work on /opt/airflow/dags/sodai/__init__.py
[2025-11-19T22:11:47.635+0000] {processor.py:830} INFO - Processing file /opt/airflow/dags/sodai/__init__.py for tasks to queue
[2025-11-19T22:11:47.637+0000] {logging_mixin.py:188} INFO - [2025-11-19T22:11:47.637+0000] {dagbag.py:540} INFO - Filling up the DagBag from /opt/airflow/dags/sodai/__init__.py
[2025-11-19T22:11:47.653+0000] {processor.py:842} WARNING - No viable dags retrieved from /opt/airflow/dags/sodai/__init__.py
[2025-11-19T22:11:47.667+0000] {processor.py:183} INFO - Processing /opt/airflow/dags/sodai/__init__.py took 0.039 seconds
[2025-11-19T22:12:21.113+0000] {processor.py:161} INFO - Started process (PID=542) to work on /opt/airflow/dags/sodai/__init__.py
[2025-11-19T22:12:21.114+0000] {processor.py:830} INFO - Processing file /opt/airflow/dags/sodai/__init__.py for tasks to queue
[2025-11-19T22:12:21.115+0000] {logging_mixin.py:188} INFO - [2025-11-19T22:12:21.115+0000] {dagbag.py:540} INFO - Filling up the DagBag from /opt/airflow/dags/sodai/__init__.py
[2025-11-19T22:12:21.128+0000] {processor.py:842} WARNING - No viable dags retrieved from /opt/airflow/dags/sodai/__init__.py
[2025-11-19T22:12:21.139+0000] {processor.py:183} INFO - Processing /opt/airflow/dags/sodai/__init__.py took 0.031 seconds
[2025-11-19T22:12:51.492+0000] {processor.py:161} INFO - Started process (PID=552) to work on /opt/airflow/dags/sodai/__init__.py
[2025-11-19T22:12:51.493+0000] {processor.py:830} INFO - Processing file /opt/airflow/dags/sodai/__init__.py for tasks to queue
[2025-11-19T22:12:51.495+0000] {logging_mixin.py:188} INFO - [2025-11-19T22:12:51.495+0000] {dagbag.py:540} INFO - Filling up the DagBag from /opt/airflow/dags/sodai/__init__.py
[2025-11-19T22:12:51.509+0000] {processor.py:842} WARNING - No viable dags retrieved from /opt/airflow/dags/sodai/__init__.py
[2025-11-19T22:12:51.524+0000] {processor.py:183} INFO - Processing /opt/airflow/dags/sodai/__init__.py took 0.037 seconds
[2025-11-19T22:13:21.721+0000] {processor.py:161} INFO - Started process (PID=562) to work on /opt/airflow/dags/sodai/__init__.py
[2025-11-19T22:13:21.722+0000] {processor.py:830} INFO - Processing file /opt/airflow/dags/sodai/__init__.py for tasks to queue
[2025-11-19T22:13:21.723+0000] {logging_mixin.py:188} INFO - [2025-11-19T22:13:21.723+0000] {dagbag.py:540} INFO - Filling up the DagBag from /opt/airflow/dags/sodai/__init__.py
[2025-11-19T22:13:21.733+0000] {processor.py:842} WARNING - No viable dags retrieved from /opt/airflow/dags/sodai/__init__.py
[2025-11-19T22:13:21.742+0000] {processor.py:183} INFO - Processing /opt/airflow/dags/sodai/__init__.py took 0.025 seconds
[2025-11-19T22:13:52.089+0000] {processor.py:161} INFO - Started process (PID=572) to work on /opt/airflow/dags/sodai/__init__.py
[2025-11-19T22:13:52.089+0000] {processor.py:830} INFO - Processing file /opt/airflow/dags/sodai/__init__.py for tasks to queue
[2025-11-19T22:13:52.090+0000] {logging_mixin.py:188} INFO - [2025-11-19T22:13:52.090+0000] {dagbag.py:540} INFO - Filling up the DagBag from /opt/airflow/dags/sodai/__init__.py
[2025-11-19T22:13:52.100+0000] {processor.py:842} WARNING - No viable dags retrieved from /opt/airflow/dags/sodai/__init__.py
[2025-11-19T22:13:52.109+0000] {processor.py:183} INFO - Processing /opt/airflow/dags/sodai/__init__.py took 0.024 seconds
[2025-11-19T22:14:22.385+0000] {processor.py:161} INFO - Started process (PID=582) to work on /opt/airflow/dags/sodai/__init__.py
[2025-11-19T22:14:22.385+0000] {processor.py:830} INFO - Processing file /opt/airflow/dags/sodai/__init__.py for tasks to queue
[2025-11-19T22:14:22.387+0000] {logging_mixin.py:188} INFO - [2025-11-19T22:14:22.386+0000] {dagbag.py:540} INFO - Filling up the DagBag from /opt/airflow/dags/sodai/__init__.py
[2025-11-19T22:14:22.396+0000] {processor.py:842} WARNING - No viable dags retrieved from /opt/airflow/dags/sodai/__init__.py
[2025-11-19T22:14:22.409+0000] {processor.py:183} INFO - Processing /opt/airflow/dags/sodai/__init__.py took 0.028 seconds
[2025-11-19T22:14:52.698+0000] {processor.py:161} INFO - Started process (PID=592) to work on /opt/airflow/dags/sodai/__init__.py
[2025-11-19T22:14:52.699+0000] {processor.py:830} INFO - Processing file /opt/airflow/dags/sodai/__init__.py for tasks to queue
[2025-11-19T22:14:52.701+0000] {logging_mixin.py:188} INFO - [2025-11-19T22:14:52.700+0000] {dagbag.py:540} INFO - Filling up the DagBag from /opt/airflow/dags/sodai/__init__.py
[2025-11-19T22:14:52.717+0000] {processor.py:842} WARNING - No viable dags retrieved from /opt/airflow/dags/sodai/__init__.py
[2025-11-19T22:14:52.733+0000] {processor.py:183} INFO - Processing /opt/airflow/dags/sodai/__init__.py took 0.040 seconds
[2025-11-19T22:15:23.065+0000] {processor.py:161} INFO - Started process (PID=602) to work on /opt/airflow/dags/sodai/__init__.py
[2025-11-19T22:15:23.066+0000] {processor.py:830} INFO - Processing file /opt/airflow/dags/sodai/__init__.py for tasks to queue
[2025-11-19T22:15:23.067+0000] {logging_mixin.py:188} INFO - [2025-11-19T22:15:23.067+0000] {dagbag.py:540} INFO - Filling up the DagBag from /opt/airflow/dags/sodai/__init__.py
[2025-11-19T22:15:23.082+0000] {processor.py:842} WARNING - No viable dags retrieved from /opt/airflow/dags/sodai/__init__.py
[2025-11-19T22:15:23.094+0000] {processor.py:183} INFO - Processing /opt/airflow/dags/sodai/__init__.py took 0.033 seconds
[2025-11-19T22:15:53.489+0000] {processor.py:161} INFO - Started process (PID=612) to work on /opt/airflow/dags/sodai/__init__.py
[2025-11-19T22:15:53.490+0000] {processor.py:830} INFO - Processing file /opt/airflow/dags/sodai/__init__.py for tasks to queue
[2025-11-19T22:15:53.491+0000] {logging_mixin.py:188} INFO - [2025-11-19T22:15:53.491+0000] {dagbag.py:540} INFO - Filling up the DagBag from /opt/airflow/dags/sodai/__init__.py
[2025-11-19T22:15:53.507+0000] {processor.py:842} WARNING - No viable dags retrieved from /opt/airflow/dags/sodai/__init__.py
[2025-11-19T22:15:53.519+0000] {processor.py:183} INFO - Processing /opt/airflow/dags/sodai/__init__.py took 0.034 seconds
[2025-11-19T22:16:23.861+0000] {processor.py:161} INFO - Started process (PID=622) to work on /opt/airflow/dags/sodai/__init__.py
[2025-11-19T22:16:23.862+0000] {processor.py:830} INFO - Processing file /opt/airflow/dags/sodai/__init__.py for tasks to queue
[2025-11-19T22:16:23.863+0000] {logging_mixin.py:188} INFO - [2025-11-19T22:16:23.863+0000] {dagbag.py:540} INFO - Filling up the DagBag from /opt/airflow/dags/sodai/__init__.py
[2025-11-19T22:16:23.897+0000] {processor.py:842} WARNING - No viable dags retrieved from /opt/airflow/dags/sodai/__init__.py
[2025-11-19T22:16:23.910+0000] {processor.py:183} INFO - Processing /opt/airflow/dags/sodai/__init__.py took 0.053 seconds
[2025-11-19T22:16:54.338+0000] {processor.py:161} INFO - Started process (PID=632) to work on /opt/airflow/dags/sodai/__init__.py
[2025-11-19T22:16:54.339+0000] {processor.py:830} INFO - Processing file /opt/airflow/dags/sodai/__init__.py for tasks to queue
[2025-11-19T22:16:54.340+0000] {logging_mixin.py:188} INFO - [2025-11-19T22:16:54.340+0000] {dagbag.py:540} INFO - Filling up the DagBag from /opt/airflow/dags/sodai/__init__.py
[2025-11-19T22:16:54.357+0000] {processor.py:842} WARNING - No viable dags retrieved from /opt/airflow/dags/sodai/__init__.py
[2025-11-19T22:16:54.368+0000] {processor.py:183} INFO - Processing /opt/airflow/dags/sodai/__init__.py took 0.034 seconds
[2025-11-19T22:17:24.807+0000] {processor.py:161} INFO - Started process (PID=642) to work on /opt/airflow/dags/sodai/__init__.py
[2025-11-19T22:17:24.808+0000] {processor.py:830} INFO - Processing file /opt/airflow/dags/sodai/__init__.py for tasks to queue
[2025-11-19T22:17:24.809+0000] {logging_mixin.py:188} INFO - [2025-11-19T22:17:24.809+0000] {dagbag.py:540} INFO - Filling up the DagBag from /opt/airflow/dags/sodai/__init__.py
[2025-11-19T22:17:24.825+0000] {processor.py:842} WARNING - No viable dags retrieved from /opt/airflow/dags/sodai/__init__.py
[2025-11-19T22:17:24.837+0000] {processor.py:183} INFO - Processing /opt/airflow/dags/sodai/__init__.py took 0.034 seconds
[2025-11-19T22:17:55.414+0000] {processor.py:161} INFO - Started process (PID=652) to work on /opt/airflow/dags/sodai/__init__.py
[2025-11-19T22:17:55.416+0000] {processor.py:830} INFO - Processing file /opt/airflow/dags/sodai/__init__.py for tasks to queue
[2025-11-19T22:17:55.418+0000] {logging_mixin.py:188} INFO - [2025-11-19T22:17:55.418+0000] {dagbag.py:540} INFO - Filling up the DagBag from /opt/airflow/dags/sodai/__init__.py
[2025-11-19T22:17:55.437+0000] {processor.py:842} WARNING - No viable dags retrieved from /opt/airflow/dags/sodai/__init__.py
[2025-11-19T22:17:55.453+0000] {processor.py:183} INFO - Processing /opt/airflow/dags/sodai/__init__.py took 0.047 seconds
[2025-11-19T22:18:25.834+0000] {processor.py:161} INFO - Started process (PID=660) to work on /opt/airflow/dags/sodai/__init__.py
[2025-11-19T22:18:25.836+0000] {processor.py:830} INFO - Processing file /opt/airflow/dags/sodai/__init__.py for tasks to queue
[2025-11-19T22:18:25.840+0000] {logging_mixin.py:188} INFO - [2025-11-19T22:18:25.839+0000] {dagbag.py:540} INFO - Filling up the DagBag from /opt/airflow/dags/sodai/__init__.py
[2025-11-19T22:18:25.865+0000] {processor.py:842} WARNING - No viable dags retrieved from /opt/airflow/dags/sodai/__init__.py
[2025-11-19T22:18:25.881+0000] {processor.py:183} INFO - Processing /opt/airflow/dags/sodai/__init__.py took 0.053 seconds
[2025-11-19T22:18:58.279+0000] {processor.py:161} INFO - Started process (PID=672) to work on /opt/airflow/dags/sodai/__init__.py
[2025-11-19T22:18:58.279+0000] {processor.py:830} INFO - Processing file /opt/airflow/dags/sodai/__init__.py for tasks to queue
[2025-11-19T22:18:58.281+0000] {logging_mixin.py:188} INFO - [2025-11-19T22:18:58.281+0000] {dagbag.py:540} INFO - Filling up the DagBag from /opt/airflow/dags/sodai/__init__.py
[2025-11-19T22:18:58.294+0000] {processor.py:842} WARNING - No viable dags retrieved from /opt/airflow/dags/sodai/__init__.py
[2025-11-19T22:18:58.304+0000] {processor.py:183} INFO - Processing /opt/airflow/dags/sodai/__init__.py took 0.030 seconds
[2025-11-19T22:19:29.717+0000] {processor.py:161} INFO - Started process (PID=682) to work on /opt/airflow/dags/sodai/__init__.py
[2025-11-19T22:19:29.718+0000] {processor.py:830} INFO - Processing file /opt/airflow/dags/sodai/__init__.py for tasks to queue
[2025-11-19T22:19:29.719+0000] {logging_mixin.py:188} INFO - [2025-11-19T22:19:29.719+0000] {dagbag.py:540} INFO - Filling up the DagBag from /opt/airflow/dags/sodai/__init__.py
[2025-11-19T22:19:29.733+0000] {processor.py:842} WARNING - No viable dags retrieved from /opt/airflow/dags/sodai/__init__.py
[2025-11-19T22:19:29.744+0000] {processor.py:183} INFO - Processing /opt/airflow/dags/sodai/__init__.py took 0.031 seconds
[2025-11-19T22:20:00.542+0000] {processor.py:161} INFO - Started process (PID=692) to work on /opt/airflow/dags/sodai/__init__.py
[2025-11-19T22:20:00.544+0000] {processor.py:830} INFO - Processing file /opt/airflow/dags/sodai/__init__.py for tasks to queue
[2025-11-19T22:20:00.546+0000] {logging_mixin.py:188} INFO - [2025-11-19T22:20:00.546+0000] {dagbag.py:540} INFO - Filling up the DagBag from /opt/airflow/dags/sodai/__init__.py
[2025-11-19T22:20:00.563+0000] {processor.py:842} WARNING - No viable dags retrieved from /opt/airflow/dags/sodai/__init__.py
[2025-11-19T22:20:00.575+0000] {processor.py:183} INFO - Processing /opt/airflow/dags/sodai/__init__.py took 0.039 seconds
[2025-11-19T22:20:31.424+0000] {processor.py:161} INFO - Started process (PID=702) to work on /opt/airflow/dags/sodai/__init__.py
[2025-11-19T22:20:31.425+0000] {processor.py:830} INFO - Processing file /opt/airflow/dags/sodai/__init__.py for tasks to queue
[2025-11-19T22:20:31.427+0000] {logging_mixin.py:188} INFO - [2025-11-19T22:20:31.427+0000] {dagbag.py:540} INFO - Filling up the DagBag from /opt/airflow/dags/sodai/__init__.py
[2025-11-19T22:20:31.446+0000] {processor.py:842} WARNING - No viable dags retrieved from /opt/airflow/dags/sodai/__init__.py
[2025-11-19T22:20:31.468+0000] {processor.py:183} INFO - Processing /opt/airflow/dags/sodai/__init__.py took 0.049 seconds
[2025-11-19T22:21:01.840+0000] {processor.py:161} INFO - Started process (PID=712) to work on /opt/airflow/dags/sodai/__init__.py
[2025-11-19T22:21:01.841+0000] {processor.py:830} INFO - Processing file /opt/airflow/dags/sodai/__init__.py for tasks to queue
[2025-11-19T22:21:01.844+0000] {logging_mixin.py:188} INFO - [2025-11-19T22:21:01.843+0000] {dagbag.py:540} INFO - Filling up the DagBag from /opt/airflow/dags/sodai/__init__.py
[2025-11-19T22:21:01.864+0000] {processor.py:842} WARNING - No viable dags retrieved from /opt/airflow/dags/sodai/__init__.py
[2025-11-19T22:21:01.877+0000] {processor.py:183} INFO - Processing /opt/airflow/dags/sodai/__init__.py took 0.044 seconds
[2025-11-19T22:21:32.230+0000] {processor.py:161} INFO - Started process (PID=722) to work on /opt/airflow/dags/sodai/__init__.py
[2025-11-19T22:21:32.231+0000] {processor.py:830} INFO - Processing file /opt/airflow/dags/sodai/__init__.py for tasks to queue
[2025-11-19T22:21:32.233+0000] {logging_mixin.py:188} INFO - [2025-11-19T22:21:32.233+0000] {dagbag.py:540} INFO - Filling up the DagBag from /opt/airflow/dags/sodai/__init__.py
[2025-11-19T22:21:32.249+0000] {processor.py:842} WARNING - No viable dags retrieved from /opt/airflow/dags/sodai/__init__.py
[2025-11-19T22:21:32.261+0000] {processor.py:183} INFO - Processing /opt/airflow/dags/sodai/__init__.py took 0.035 seconds
[2025-11-19T22:22:02.674+0000] {processor.py:161} INFO - Started process (PID=732) to work on /opt/airflow/dags/sodai/__init__.py
[2025-11-19T22:22:02.675+0000] {processor.py:830} INFO - Processing file /opt/airflow/dags/sodai/__init__.py for tasks to queue
[2025-11-19T22:22:02.677+0000] {logging_mixin.py:188} INFO - [2025-11-19T22:22:02.677+0000] {dagbag.py:540} INFO - Filling up the DagBag from /opt/airflow/dags/sodai/__init__.py
[2025-11-19T22:22:02.693+0000] {processor.py:842} WARNING - No viable dags retrieved from /opt/airflow/dags/sodai/__init__.py
[2025-11-19T22:22:02.703+0000] {processor.py:183} INFO - Processing /opt/airflow/dags/sodai/__init__.py took 0.033 seconds
[2025-11-19T22:22:33.259+0000] {processor.py:161} INFO - Started process (PID=742) to work on /opt/airflow/dags/sodai/__init__.py
[2025-11-19T22:22:33.261+0000] {processor.py:830} INFO - Processing file /opt/airflow/dags/sodai/__init__.py for tasks to queue
[2025-11-19T22:22:33.262+0000] {logging_mixin.py:188} INFO - [2025-11-19T22:22:33.262+0000] {dagbag.py:540} INFO - Filling up the DagBag from /opt/airflow/dags/sodai/__init__.py
[2025-11-19T22:22:33.291+0000] {processor.py:842} WARNING - No viable dags retrieved from /opt/airflow/dags/sodai/__init__.py
[2025-11-19T22:22:33.315+0000] {processor.py:183} INFO - Processing /opt/airflow/dags/sodai/__init__.py took 0.065 seconds
[2025-11-19T22:23:03.773+0000] {processor.py:161} INFO - Started process (PID=752) to work on /opt/airflow/dags/sodai/__init__.py
[2025-11-19T22:23:03.774+0000] {processor.py:830} INFO - Processing file /opt/airflow/dags/sodai/__init__.py for tasks to queue
[2025-11-19T22:23:03.777+0000] {logging_mixin.py:188} INFO - [2025-11-19T22:23:03.776+0000] {dagbag.py:540} INFO - Filling up the DagBag from /opt/airflow/dags/sodai/__init__.py
[2025-11-19T22:23:03.793+0000] {processor.py:842} WARNING - No viable dags retrieved from /opt/airflow/dags/sodai/__init__.py
[2025-11-19T22:23:03.809+0000] {processor.py:183} INFO - Processing /opt/airflow/dags/sodai/__init__.py took 0.041 seconds
[2025-11-19T22:23:34.151+0000] {processor.py:161} INFO - Started process (PID=762) to work on /opt/airflow/dags/sodai/__init__.py
[2025-11-19T22:23:34.152+0000] {processor.py:830} INFO - Processing file /opt/airflow/dags/sodai/__init__.py for tasks to queue
[2025-11-19T22:23:34.153+0000] {logging_mixin.py:188} INFO - [2025-11-19T22:23:34.153+0000] {dagbag.py:540} INFO - Filling up the DagBag from /opt/airflow/dags/sodai/__init__.py
[2025-11-19T22:23:34.164+0000] {processor.py:842} WARNING - No viable dags retrieved from /opt/airflow/dags/sodai/__init__.py
[2025-11-19T22:23:34.174+0000] {processor.py:183} INFO - Processing /opt/airflow/dags/sodai/__init__.py took 0.027 seconds
[2025-11-19T22:24:04.533+0000] {processor.py:161} INFO - Started process (PID=772) to work on /opt/airflow/dags/sodai/__init__.py
[2025-11-19T22:24:04.534+0000] {processor.py:830} INFO - Processing file /opt/airflow/dags/sodai/__init__.py for tasks to queue
[2025-11-19T22:24:04.535+0000] {logging_mixin.py:188} INFO - [2025-11-19T22:24:04.535+0000] {dagbag.py:540} INFO - Filling up the DagBag from /opt/airflow/dags/sodai/__init__.py
[2025-11-19T22:24:04.550+0000] {processor.py:842} WARNING - No viable dags retrieved from /opt/airflow/dags/sodai/__init__.py
[2025-11-19T22:24:04.561+0000] {processor.py:183} INFO - Processing /opt/airflow/dags/sodai/__init__.py took 0.033 seconds
[2025-11-19T22:24:34.944+0000] {processor.py:161} INFO - Started process (PID=782) to work on /opt/airflow/dags/sodai/__init__.py
[2025-11-19T22:24:34.945+0000] {processor.py:830} INFO - Processing file /opt/airflow/dags/sodai/__init__.py for tasks to queue
[2025-11-19T22:24:34.947+0000] {logging_mixin.py:188} INFO - [2025-11-19T22:24:34.946+0000] {dagbag.py:540} INFO - Filling up the DagBag from /opt/airflow/dags/sodai/__init__.py
[2025-11-19T22:24:34.960+0000] {processor.py:842} WARNING - No viable dags retrieved from /opt/airflow/dags/sodai/__init__.py
[2025-11-19T22:24:34.972+0000] {processor.py:183} INFO - Processing /opt/airflow/dags/sodai/__init__.py took 0.034 seconds
[2025-11-19T22:25:05.385+0000] {processor.py:161} INFO - Started process (PID=792) to work on /opt/airflow/dags/sodai/__init__.py
[2025-11-19T22:25:05.386+0000] {processor.py:830} INFO - Processing file /opt/airflow/dags/sodai/__init__.py for tasks to queue
[2025-11-19T22:25:05.388+0000] {logging_mixin.py:188} INFO - [2025-11-19T22:25:05.388+0000] {dagbag.py:540} INFO - Filling up the DagBag from /opt/airflow/dags/sodai/__init__.py
[2025-11-19T22:25:05.408+0000] {processor.py:842} WARNING - No viable dags retrieved from /opt/airflow/dags/sodai/__init__.py
[2025-11-19T22:25:05.422+0000] {processor.py:183} INFO - Processing /opt/airflow/dags/sodai/__init__.py took 0.041 seconds
[2025-11-19T22:25:36.901+0000] {processor.py:161} INFO - Started process (PID=802) to work on /opt/airflow/dags/sodai/__init__.py
[2025-11-19T22:25:36.902+0000] {processor.py:830} INFO - Processing file /opt/airflow/dags/sodai/__init__.py for tasks to queue
[2025-11-19T22:25:36.904+0000] {logging_mixin.py:188} INFO - [2025-11-19T22:25:36.904+0000] {dagbag.py:540} INFO - Filling up the DagBag from /opt/airflow/dags/sodai/__init__.py
[2025-11-19T22:25:36.923+0000] {processor.py:842} WARNING - No viable dags retrieved from /opt/airflow/dags/sodai/__init__.py
[2025-11-19T22:25:36.935+0000] {processor.py:183} INFO - Processing /opt/airflow/dags/sodai/__init__.py took 0.040 seconds
[2025-11-19T22:26:07.235+0000] {processor.py:161} INFO - Started process (PID=812) to work on /opt/airflow/dags/sodai/__init__.py
[2025-11-19T22:26:07.236+0000] {processor.py:830} INFO - Processing file /opt/airflow/dags/sodai/__init__.py for tasks to queue
[2025-11-19T22:26:07.237+0000] {logging_mixin.py:188} INFO - [2025-11-19T22:26:07.237+0000] {dagbag.py:540} INFO - Filling up the DagBag from /opt/airflow/dags/sodai/__init__.py
[2025-11-19T22:26:09.254+0000] {processor.py:842} WARNING - No viable dags retrieved from /opt/airflow/dags/sodai/__init__.py
[2025-11-19T22:26:09.266+0000] {processor.py:183} INFO - Processing /opt/airflow/dags/sodai/__init__.py took 0.032 seconds
[2025-11-19T22:26:42.706+0000] {processor.py:161} INFO - Started process (PID=822) to work on /opt/airflow/dags/sodai/__init__.py
[2025-11-19T22:26:42.707+0000] {processor.py:830} INFO - Processing file /opt/airflow/dags/sodai/__init__.py for tasks to queue
[2025-11-19T22:26:42.709+0000] {logging_mixin.py:188} INFO - [2025-11-19T22:26:42.708+0000] {dagbag.py:540} INFO - Filling up the DagBag from /opt/airflow/dags/sodai/__init__.py
[2025-11-19T22:26:42.723+0000] {processor.py:842} WARNING - No viable dags retrieved from /opt/airflow/dags/sodai/__init__.py
[2025-11-19T22:26:42.734+0000] {processor.py:183} INFO - Processing /opt/airflow/dags/sodai/__init__.py took 0.032 seconds
[2025-11-19T22:27:16.172+0000] {processor.py:161} INFO - Started process (PID=832) to work on /opt/airflow/dags/sodai/__init__.py
[2025-11-19T22:27:16.173+0000] {processor.py:830} INFO - Processing file /opt/airflow/dags/sodai/__init__.py for tasks to queue
[2025-11-19T22:27:16.174+0000] {logging_mixin.py:188} INFO - [2025-11-19T22:27:16.174+0000] {dagbag.py:540} INFO - Filling up the DagBag from /opt/airflow/dags/sodai/__init__.py
[2025-11-19T22:27:16.187+0000] {processor.py:842} WARNING - No viable dags retrieved from /opt/airflow/dags/sodai/__init__.py
[2025-11-19T22:27:16.199+0000] {processor.py:183} INFO - Processing /opt/airflow/dags/sodai/__init__.py took 0.031 seconds
[2025-11-19T22:27:46.759+0000] {processor.py:161} INFO - Started process (PID=842) to work on /opt/airflow/dags/sodai/__init__.py
[2025-11-19T22:27:46.760+0000] {processor.py:830} INFO - Processing file /opt/airflow/dags/sodai/__init__.py for tasks to queue
[2025-11-19T22:27:46.761+0000] {logging_mixin.py:188} INFO - [2025-11-19T22:27:46.761+0000] {dagbag.py:540} INFO - Filling up the DagBag from /opt/airflow/dags/sodai/__init__.py
[2025-11-19T22:27:46.777+0000] {processor.py:842} WARNING - No viable dags retrieved from /opt/airflow/dags/sodai/__init__.py
[2025-11-19T22:27:46.790+0000] {processor.py:183} INFO - Processing /opt/airflow/dags/sodai/__init__.py took 0.035 seconds
[2025-11-19T22:28:16.995+0000] {processor.py:161} INFO - Started process (PID=849) to work on /opt/airflow/dags/sodai/__init__.py
[2025-11-19T22:28:16.996+0000] {processor.py:830} INFO - Processing file /opt/airflow/dags/sodai/__init__.py for tasks to queue
[2025-11-19T22:28:16.997+0000] {logging_mixin.py:188} INFO - [2025-11-19T22:28:16.997+0000] {dagbag.py:540} INFO - Filling up the DagBag from /opt/airflow/dags/sodai/__init__.py
[2025-11-19T22:28:17.011+0000] {processor.py:842} WARNING - No viable dags retrieved from /opt/airflow/dags/sodai/__init__.py
[2025-11-19T22:28:17.021+0000] {processor.py:183} INFO - Processing /opt/airflow/dags/sodai/__init__.py took 0.031 seconds
[2025-11-19T22:28:47.379+0000] {processor.py:161} INFO - Started process (PID=859) to work on /opt/airflow/dags/sodai/__init__.py
[2025-11-19T22:28:47.380+0000] {processor.py:830} INFO - Processing file /opt/airflow/dags/sodai/__init__.py for tasks to queue
[2025-11-19T22:28:47.382+0000] {logging_mixin.py:188} INFO - [2025-11-19T22:28:47.381+0000] {dagbag.py:540} INFO - Filling up the DagBag from /opt/airflow/dags/sodai/__init__.py
[2025-11-19T22:28:47.394+0000] {processor.py:842} WARNING - No viable dags retrieved from /opt/airflow/dags/sodai/__init__.py
[2025-11-19T22:28:47.404+0000] {processor.py:183} INFO - Processing /opt/airflow/dags/sodai/__init__.py took 0.030 seconds
[2025-11-19T22:29:17.910+0000] {processor.py:161} INFO - Started process (PID=869) to work on /opt/airflow/dags/sodai/__init__.py
[2025-11-19T22:29:17.911+0000] {processor.py:830} INFO - Processing file /opt/airflow/dags/sodai/__init__.py for tasks to queue
[2025-11-19T22:29:17.913+0000] {logging_mixin.py:188} INFO - [2025-11-19T22:29:17.913+0000] {dagbag.py:540} INFO - Filling up the DagBag from /opt/airflow/dags/sodai/__init__.py
[2025-11-19T22:29:17.928+0000] {processor.py:842} WARNING - No viable dags retrieved from /opt/airflow/dags/sodai/__init__.py
[2025-11-19T22:29:17.938+0000] {processor.py:183} INFO - Processing /opt/airflow/dags/sodai/__init__.py took 0.032 seconds
[2025-11-19T22:29:48.293+0000] {processor.py:161} INFO - Started process (PID=879) to work on /opt/airflow/dags/sodai/__init__.py
[2025-11-19T22:29:48.293+0000] {processor.py:830} INFO - Processing file /opt/airflow/dags/sodai/__init__.py for tasks to queue
[2025-11-19T22:29:48.295+0000] {logging_mixin.py:188} INFO - [2025-11-19T22:29:48.295+0000] {dagbag.py:540} INFO - Filling up the DagBag from /opt/airflow/dags/sodai/__init__.py
[2025-11-19T22:29:48.302+0000] {processor.py:842} WARNING - No viable dags retrieved from /opt/airflow/dags/sodai/__init__.py
[2025-11-19T22:29:48.312+0000] {processor.py:183} INFO - Processing /opt/airflow/dags/sodai/__init__.py took 0.024 seconds
[2025-11-19T22:30:18.753+0000] {processor.py:161} INFO - Started process (PID=889) to work on /opt/airflow/dags/sodai/__init__.py
[2025-11-19T22:30:18.765+0000] {processor.py:830} INFO - Processing file /opt/airflow/dags/sodai/__init__.py for tasks to queue
[2025-11-19T22:30:18.790+0000] {logging_mixin.py:188} INFO - [2025-11-19T22:30:18.789+0000] {dagbag.py:540} INFO - Filling up the DagBag from /opt/airflow/dags/sodai/__init__.py
[2025-11-19T22:30:18.812+0000] {processor.py:842} WARNING - No viable dags retrieved from /opt/airflow/dags/sodai/__init__.py
[2025-11-19T22:30:18.861+0000] {processor.py:183} INFO - Processing /opt/airflow/dags/sodai/__init__.py took 0.150 seconds
[2025-11-19T22:30:49.254+0000] {processor.py:161} INFO - Started process (PID=899) to work on /opt/airflow/dags/sodai/__init__.py
[2025-11-19T22:30:49.255+0000] {processor.py:830} INFO - Processing file /opt/airflow/dags/sodai/__init__.py for tasks to queue
[2025-11-19T22:30:49.259+0000] {logging_mixin.py:188} INFO - [2025-11-19T22:30:49.258+0000] {dagbag.py:540} INFO - Filling up the DagBag from /opt/airflow/dags/sodai/__init__.py
[2025-11-19T22:30:49.275+0000] {processor.py:842} WARNING - No viable dags retrieved from /opt/airflow/dags/sodai/__init__.py
[2025-11-19T22:30:49.312+0000] {processor.py:183} INFO - Processing /opt/airflow/dags/sodai/__init__.py took 0.068 seconds
[2025-11-19T22:31:19.779+0000] {processor.py:161} INFO - Started process (PID=909) to work on /opt/airflow/dags/sodai/__init__.py
[2025-11-19T22:31:19.780+0000] {processor.py:830} INFO - Processing file /opt/airflow/dags/sodai/__init__.py for tasks to queue
[2025-11-19T22:31:19.781+0000] {logging_mixin.py:188} INFO - [2025-11-19T22:31:19.781+0000] {dagbag.py:540} INFO - Filling up the DagBag from /opt/airflow/dags/sodai/__init__.py
[2025-11-19T22:31:19.797+0000] {processor.py:842} WARNING - No viable dags retrieved from /opt/airflow/dags/sodai/__init__.py
[2025-11-19T22:31:19.807+0000] {processor.py:183} INFO - Processing /opt/airflow/dags/sodai/__init__.py took 0.033 seconds
[2025-11-19T22:31:50.158+0000] {processor.py:161} INFO - Started process (PID=919) to work on /opt/airflow/dags/sodai/__init__.py
[2025-11-19T22:31:50.159+0000] {processor.py:830} INFO - Processing file /opt/airflow/dags/sodai/__init__.py for tasks to queue
[2025-11-19T22:31:50.161+0000] {logging_mixin.py:188} INFO - [2025-11-19T22:31:50.161+0000] {dagbag.py:540} INFO - Filling up the DagBag from /opt/airflow/dags/sodai/__init__.py
[2025-11-19T22:31:50.173+0000] {processor.py:842} WARNING - No viable dags retrieved from /opt/airflow/dags/sodai/__init__.py
[2025-11-19T22:31:50.185+0000] {processor.py:183} INFO - Processing /opt/airflow/dags/sodai/__init__.py took 0.031 seconds
[2025-11-19T22:32:20.724+0000] {processor.py:161} INFO - Started process (PID=929) to work on /opt/airflow/dags/sodai/__init__.py
[2025-11-19T22:32:20.725+0000] {processor.py:830} INFO - Processing file /opt/airflow/dags/sodai/__init__.py for tasks to queue
[2025-11-19T22:32:20.726+0000] {logging_mixin.py:188} INFO - [2025-11-19T22:32:20.726+0000] {dagbag.py:540} INFO - Filling up the DagBag from /opt/airflow/dags/sodai/__init__.py
[2025-11-19T22:32:20.738+0000] {processor.py:842} WARNING - No viable dags retrieved from /opt/airflow/dags/sodai/__init__.py
[2025-11-19T22:32:20.747+0000] {processor.py:183} INFO - Processing /opt/airflow/dags/sodai/__init__.py took 0.028 seconds
[2025-11-19T22:32:50.975+0000] {processor.py:161} INFO - Started process (PID=939) to work on /opt/airflow/dags/sodai/__init__.py
[2025-11-19T22:32:50.977+0000] {processor.py:830} INFO - Processing file /opt/airflow/dags/sodai/__init__.py for tasks to queue
[2025-11-19T22:32:50.978+0000] {logging_mixin.py:188} INFO - [2025-11-19T22:32:50.978+0000] {dagbag.py:540} INFO - Filling up the DagBag from /opt/airflow/dags/sodai/__init__.py
[2025-11-19T22:32:50.989+0000] {processor.py:842} WARNING - No viable dags retrieved from /opt/airflow/dags/sodai/__init__.py
[2025-11-19T22:32:50.999+0000] {processor.py:183} INFO - Processing /opt/airflow/dags/sodai/__init__.py took 0.028 seconds
[2025-11-19T22:33:21.597+0000] {processor.py:161} INFO - Started process (PID=949) to work on /opt/airflow/dags/sodai/__init__.py
[2025-11-19T22:33:21.598+0000] {processor.py:830} INFO - Processing file /opt/airflow/dags/sodai/__init__.py for tasks to queue
[2025-11-19T22:33:21.599+0000] {logging_mixin.py:188} INFO - [2025-11-19T22:33:21.599+0000] {dagbag.py:540} INFO - Filling up the DagBag from /opt/airflow/dags/sodai/__init__.py
[2025-11-19T22:33:21.614+0000] {processor.py:842} WARNING - No viable dags retrieved from /opt/airflow/dags/sodai/__init__.py
[2025-11-19T22:33:21.624+0000] {processor.py:183} INFO - Processing /opt/airflow/dags/sodai/__init__.py took 0.032 seconds
[2025-11-19T22:33:53.980+0000] {processor.py:161} INFO - Started process (PID=959) to work on /opt/airflow/dags/sodai/__init__.py
[2025-11-19T22:33:53.981+0000] {processor.py:830} INFO - Processing file /opt/airflow/dags/sodai/__init__.py for tasks to queue
[2025-11-19T22:33:53.983+0000] {logging_mixin.py:188} INFO - [2025-11-19T22:33:53.982+0000] {dagbag.py:540} INFO - Filling up the DagBag from /opt/airflow/dags/sodai/__init__.py
[2025-11-19T22:33:53.995+0000] {processor.py:842} WARNING - No viable dags retrieved from /opt/airflow/dags/sodai/__init__.py
[2025-11-19T22:33:54.005+0000] {processor.py:183} INFO - Processing /opt/airflow/dags/sodai/__init__.py took 0.029 seconds
[2025-11-19T22:34:27.376+0000] {processor.py:161} INFO - Started process (PID=969) to work on /opt/airflow/dags/sodai/__init__.py
[2025-11-19T22:34:27.377+0000] {processor.py:830} INFO - Processing file /opt/airflow/dags/sodai/__init__.py for tasks to queue
[2025-11-19T22:34:27.379+0000] {logging_mixin.py:188} INFO - [2025-11-19T22:34:27.379+0000] {dagbag.py:540} INFO - Filling up the DagBag from /opt/airflow/dags/sodai/__init__.py
[2025-11-19T22:34:27.392+0000] {processor.py:842} WARNING - No viable dags retrieved from /opt/airflow/dags/sodai/__init__.py
[2025-11-19T22:34:27.404+0000] {processor.py:183} INFO - Processing /opt/airflow/dags/sodai/__init__.py took 0.032 seconds
[2025-11-19T22:35:00.792+0000] {processor.py:161} INFO - Started process (PID=982) to work on /opt/airflow/dags/sodai/__init__.py
[2025-11-19T22:35:00.793+0000] {processor.py:830} INFO - Processing file /opt/airflow/dags/sodai/__init__.py for tasks to queue
[2025-11-19T22:35:00.796+0000] {logging_mixin.py:188} INFO - [2025-11-19T22:35:00.795+0000] {dagbag.py:540} INFO - Filling up the DagBag from /opt/airflow/dags/sodai/__init__.py
[2025-11-19T22:35:00.818+0000] {processor.py:842} WARNING - No viable dags retrieved from /opt/airflow/dags/sodai/__init__.py
[2025-11-19T22:35:00.831+0000] {processor.py:183} INFO - Processing /opt/airflow/dags/sodai/__init__.py took 0.045 seconds
[2025-11-19T22:35:33.229+0000] {processor.py:161} INFO - Started process (PID=992) to work on /opt/airflow/dags/sodai/__init__.py
[2025-11-19T22:35:33.230+0000] {processor.py:830} INFO - Processing file /opt/airflow/dags/sodai/__init__.py for tasks to queue
[2025-11-19T22:35:33.231+0000] {logging_mixin.py:188} INFO - [2025-11-19T22:35:33.231+0000] {dagbag.py:540} INFO - Filling up the DagBag from /opt/airflow/dags/sodai/__init__.py
[2025-11-19T22:35:33.246+0000] {processor.py:842} WARNING - No viable dags retrieved from /opt/airflow/dags/sodai/__init__.py
[2025-11-19T22:35:33.258+0000] {processor.py:183} INFO - Processing /opt/airflow/dags/sodai/__init__.py took 0.033 seconds
[2025-11-19T22:36:06.642+0000] {processor.py:161} INFO - Started process (PID=1002) to work on /opt/airflow/dags/sodai/__init__.py
[2025-11-19T22:36:06.642+0000] {processor.py:830} INFO - Processing file /opt/airflow/dags/sodai/__init__.py for tasks to queue
[2025-11-19T22:36:06.644+0000] {logging_mixin.py:188} INFO - [2025-11-19T22:36:06.644+0000] {dagbag.py:540} INFO - Filling up the DagBag from /opt/airflow/dags/sodai/__init__.py
[2025-11-19T22:36:06.658+0000] {processor.py:842} WARNING - No viable dags retrieved from /opt/airflow/dags/sodai/__init__.py
[2025-11-19T22:36:06.668+0000] {processor.py:183} INFO - Processing /opt/airflow/dags/sodai/__init__.py took 0.031 seconds
[2025-11-19T22:36:40.037+0000] {processor.py:161} INFO - Started process (PID=1012) to work on /opt/airflow/dags/sodai/__init__.py
[2025-11-19T22:36:40.038+0000] {processor.py:830} INFO - Processing file /opt/airflow/dags/sodai/__init__.py for tasks to queue
[2025-11-19T22:36:40.039+0000] {logging_mixin.py:188} INFO - [2025-11-19T22:36:40.039+0000] {dagbag.py:540} INFO - Filling up the DagBag from /opt/airflow/dags/sodai/__init__.py
[2025-11-19T22:36:40.052+0000] {processor.py:842} WARNING - No viable dags retrieved from /opt/airflow/dags/sodai/__init__.py
[2025-11-19T22:36:40.062+0000] {processor.py:183} INFO - Processing /opt/airflow/dags/sodai/__init__.py took 0.029 seconds
[2025-11-19T22:37:13.413+0000] {processor.py:161} INFO - Started process (PID=1022) to work on /opt/airflow/dags/sodai/__init__.py
[2025-11-19T22:37:13.413+0000] {processor.py:830} INFO - Processing file /opt/airflow/dags/sodai/__init__.py for tasks to queue
[2025-11-19T22:37:13.415+0000] {logging_mixin.py:188} INFO - [2025-11-19T22:37:13.415+0000] {dagbag.py:540} INFO - Filling up the DagBag from /opt/airflow/dags/sodai/__init__.py
[2025-11-19T22:37:13.429+0000] {processor.py:842} WARNING - No viable dags retrieved from /opt/airflow/dags/sodai/__init__.py
[2025-11-19T22:37:13.440+0000] {processor.py:183} INFO - Processing /opt/airflow/dags/sodai/__init__.py took 0.031 seconds
[2025-11-19T22:37:45.775+0000] {processor.py:161} INFO - Started process (PID=1032) to work on /opt/airflow/dags/sodai/__init__.py
[2025-11-19T22:37:45.776+0000] {processor.py:830} INFO - Processing file /opt/airflow/dags/sodai/__init__.py for tasks to queue
[2025-11-19T22:37:45.778+0000] {logging_mixin.py:188} INFO - [2025-11-19T22:37:45.777+0000] {dagbag.py:540} INFO - Filling up the DagBag from /opt/airflow/dags/sodai/__init__.py
[2025-11-19T22:37:45.792+0000] {processor.py:842} WARNING - No viable dags retrieved from /opt/airflow/dags/sodai/__init__.py
[2025-11-19T22:37:45.804+0000] {processor.py:183} INFO - Processing /opt/airflow/dags/sodai/__init__.py took 0.032 seconds
[2025-11-19T22:38:19.035+0000] {processor.py:161} INFO - Started process (PID=1042) to work on /opt/airflow/dags/sodai/__init__.py
[2025-11-19T22:38:19.036+0000] {processor.py:830} INFO - Processing file /opt/airflow/dags/sodai/__init__.py for tasks to queue
[2025-11-19T22:38:19.037+0000] {logging_mixin.py:188} INFO - [2025-11-19T22:38:19.037+0000] {dagbag.py:540} INFO - Filling up the DagBag from /opt/airflow/dags/sodai/__init__.py
[2025-11-19T22:38:19.052+0000] {processor.py:842} WARNING - No viable dags retrieved from /opt/airflow/dags/sodai/__init__.py
[2025-11-19T22:38:19.064+0000] {processor.py:183} INFO - Processing /opt/airflow/dags/sodai/__init__.py took 0.032 seconds
[2025-11-19T22:38:52.417+0000] {processor.py:161} INFO - Started process (PID=1052) to work on /opt/airflow/dags/sodai/__init__.py
[2025-11-19T22:38:52.418+0000] {processor.py:830} INFO - Processing file /opt/airflow/dags/sodai/__init__.py for tasks to queue
[2025-11-19T22:38:52.420+0000] {logging_mixin.py:188} INFO - [2025-11-19T22:38:52.419+0000] {dagbag.py:540} INFO - Filling up the DagBag from /opt/airflow/dags/sodai/__init__.py
[2025-11-19T22:38:52.460+0000] {processor.py:842} WARNING - No viable dags retrieved from /opt/airflow/dags/sodai/__init__.py
[2025-11-19T22:38:52.472+0000] {processor.py:183} INFO - Processing /opt/airflow/dags/sodai/__init__.py took 0.059 seconds
[2025-11-19T22:39:24.752+0000] {processor.py:161} INFO - Started process (PID=1062) to work on /opt/airflow/dags/sodai/__init__.py
[2025-11-19T22:39:24.753+0000] {processor.py:830} INFO - Processing file /opt/airflow/dags/sodai/__init__.py for tasks to queue
[2025-11-19T22:39:24.755+0000] {logging_mixin.py:188} INFO - [2025-11-19T22:39:24.754+0000] {dagbag.py:540} INFO - Filling up the DagBag from /opt/airflow/dags/sodai/__init__.py
[2025-11-19T22:39:24.771+0000] {processor.py:842} WARNING - No viable dags retrieved from /opt/airflow/dags/sodai/__init__.py
[2025-11-19T22:39:24.784+0000] {processor.py:183} INFO - Processing /opt/airflow/dags/sodai/__init__.py took 0.036 seconds
[2025-11-19T22:39:58.108+0000] {processor.py:161} INFO - Started process (PID=1072) to work on /opt/airflow/dags/sodai/__init__.py
[2025-11-19T22:39:58.108+0000] {processor.py:830} INFO - Processing file /opt/airflow/dags/sodai/__init__.py for tasks to queue
[2025-11-19T22:39:58.110+0000] {logging_mixin.py:188} INFO - [2025-11-19T22:39:58.110+0000] {dagbag.py:540} INFO - Filling up the DagBag from /opt/airflow/dags/sodai/__init__.py
[2025-11-19T22:39:58.125+0000] {processor.py:842} WARNING - No viable dags retrieved from /opt/airflow/dags/sodai/__init__.py
[2025-11-19T22:39:58.136+0000] {processor.py:183} INFO - Processing /opt/airflow/dags/sodai/__init__.py took 0.032 seconds
[2025-11-19T22:40:31.525+0000] {processor.py:161} INFO - Started process (PID=1082) to work on /opt/airflow/dags/sodai/__init__.py
[2025-11-19T22:40:31.525+0000] {processor.py:830} INFO - Processing file /opt/airflow/dags/sodai/__init__.py for tasks to queue
[2025-11-19T22:40:31.527+0000] {logging_mixin.py:188} INFO - [2025-11-19T22:40:31.527+0000] {dagbag.py:540} INFO - Filling up the DagBag from /opt/airflow/dags/sodai/__init__.py
[2025-11-19T22:40:31.541+0000] {processor.py:842} WARNING - No viable dags retrieved from /opt/airflow/dags/sodai/__init__.py
[2025-11-19T22:40:31.551+0000] {processor.py:183} INFO - Processing /opt/airflow/dags/sodai/__init__.py took 0.031 seconds
[2025-11-19T22:41:01.938+0000] {processor.py:161} INFO - Started process (PID=1092) to work on /opt/airflow/dags/sodai/__init__.py
[2025-11-19T22:41:01.939+0000] {processor.py:830} INFO - Processing file /opt/airflow/dags/sodai/__init__.py for tasks to queue
[2025-11-19T22:41:01.940+0000] {logging_mixin.py:188} INFO - [2025-11-19T22:41:01.940+0000] {dagbag.py:540} INFO - Filling up the DagBag from /opt/airflow/dags/sodai/__init__.py
[2025-11-19T22:41:01.953+0000] {processor.py:842} WARNING - No viable dags retrieved from /opt/airflow/dags/sodai/__init__.py
[2025-11-19T22:41:01.964+0000] {processor.py:183} INFO - Processing /opt/airflow/dags/sodai/__init__.py took 0.029 seconds
[2025-11-19T22:41:32.209+0000] {processor.py:161} INFO - Started process (PID=1099) to work on /opt/airflow/dags/sodai/__init__.py
[2025-11-19T22:41:32.210+0000] {processor.py:830} INFO - Processing file /opt/airflow/dags/sodai/__init__.py for tasks to queue
[2025-11-19T22:41:32.211+0000] {logging_mixin.py:188} INFO - [2025-11-19T22:41:32.211+0000] {dagbag.py:540} INFO - Filling up the DagBag from /opt/airflow/dags/sodai/__init__.py
[2025-11-19T22:41:32.223+0000] {processor.py:842} WARNING - No viable dags retrieved from /opt/airflow/dags/sodai/__init__.py
[2025-11-19T22:41:32.232+0000] {processor.py:183} INFO - Processing /opt/airflow/dags/sodai/__init__.py took 0.027 seconds
[2025-11-19T22:42:02.516+0000] {processor.py:161} INFO - Started process (PID=1109) to work on /opt/airflow/dags/sodai/__init__.py
[2025-11-19T22:42:02.517+0000] {processor.py:830} INFO - Processing file /opt/airflow/dags/sodai/__init__.py for tasks to queue
[2025-11-19T22:42:02.518+0000] {logging_mixin.py:188} INFO - [2025-11-19T22:42:02.518+0000] {dagbag.py:540} INFO - Filling up the DagBag from /opt/airflow/dags/sodai/__init__.py
[2025-11-19T22:42:02.529+0000] {processor.py:842} WARNING - No viable dags retrieved from /opt/airflow/dags/sodai/__init__.py
[2025-11-19T22:42:02.538+0000] {processor.py:183} INFO - Processing /opt/airflow/dags/sodai/__init__.py took 0.027 seconds
[2025-11-19T22:42:33.171+0000] {processor.py:161} INFO - Started process (PID=1119) to work on /opt/airflow/dags/sodai/__init__.py
[2025-11-19T22:42:33.172+0000] {processor.py:830} INFO - Processing file /opt/airflow/dags/sodai/__init__.py for tasks to queue
[2025-11-19T22:42:33.174+0000] {logging_mixin.py:188} INFO - [2025-11-19T22:42:33.174+0000] {dagbag.py:540} INFO - Filling up the DagBag from /opt/airflow/dags/sodai/__init__.py
[2025-11-19T22:42:33.192+0000] {processor.py:842} WARNING - No viable dags retrieved from /opt/airflow/dags/sodai/__init__.py
[2025-11-19T22:42:33.203+0000] {processor.py:183} INFO - Processing /opt/airflow/dags/sodai/__init__.py took 0.036 seconds
[2025-11-19T22:43:03.453+0000] {processor.py:161} INFO - Started process (PID=1129) to work on /opt/airflow/dags/sodai/__init__.py
[2025-11-19T22:43:03.454+0000] {processor.py:830} INFO - Processing file /opt/airflow/dags/sodai/__init__.py for tasks to queue
[2025-11-19T22:43:03.455+0000] {logging_mixin.py:188} INFO - [2025-11-19T22:43:03.455+0000] {dagbag.py:540} INFO - Filling up the DagBag from /opt/airflow/dags/sodai/__init__.py
[2025-11-19T22:43:03.468+0000] {processor.py:842} WARNING - No viable dags retrieved from /opt/airflow/dags/sodai/__init__.py
[2025-11-19T22:43:03.478+0000] {processor.py:183} INFO - Processing /opt/airflow/dags/sodai/__init__.py took 0.030 seconds
[2025-11-19T22:43:33.755+0000] {processor.py:161} INFO - Started process (PID=1139) to work on /opt/airflow/dags/sodai/__init__.py
[2025-11-19T22:43:33.756+0000] {processor.py:830} INFO - Processing file /opt/airflow/dags/sodai/__init__.py for tasks to queue
[2025-11-19T22:43:33.758+0000] {logging_mixin.py:188} INFO - [2025-11-19T22:43:33.757+0000] {dagbag.py:540} INFO - Filling up the DagBag from /opt/airflow/dags/sodai/__init__.py
[2025-11-19T22:43:33.770+0000] {processor.py:842} WARNING - No viable dags retrieved from /opt/airflow/dags/sodai/__init__.py
[2025-11-19T22:43:33.781+0000] {processor.py:183} INFO - Processing /opt/airflow/dags/sodai/__init__.py took 0.030 seconds
[2025-11-19T22:44:04.156+0000] {processor.py:161} INFO - Started process (PID=1166) to work on /opt/airflow/dags/sodai/__init__.py
[2025-11-19T22:44:04.158+0000] {processor.py:830} INFO - Processing file /opt/airflow/dags/sodai/__init__.py for tasks to queue
[2025-11-19T22:44:04.159+0000] {logging_mixin.py:188} INFO - [2025-11-19T22:44:04.159+0000] {dagbag.py:540} INFO - Filling up the DagBag from /opt/airflow/dags/sodai/__init__.py
[2025-11-19T22:44:04.173+0000] {processor.py:842} WARNING - No viable dags retrieved from /opt/airflow/dags/sodai/__init__.py
[2025-11-19T22:44:04.186+0000] {processor.py:183} INFO - Processing /opt/airflow/dags/sodai/__init__.py took 0.035 seconds
[2025-11-19T22:44:34.557+0000] {processor.py:161} INFO - Started process (PID=1287) to work on /opt/airflow/dags/sodai/__init__.py
[2025-11-19T22:44:34.559+0000] {processor.py:830} INFO - Processing file /opt/airflow/dags/sodai/__init__.py for tasks to queue
[2025-11-19T22:44:34.563+0000] {logging_mixin.py:188} INFO - [2025-11-19T22:44:34.562+0000] {dagbag.py:540} INFO - Filling up the DagBag from /opt/airflow/dags/sodai/__init__.py
[2025-11-19T22:44:34.585+0000] {processor.py:842} WARNING - No viable dags retrieved from /opt/airflow/dags/sodai/__init__.py
[2025-11-19T22:44:34.605+0000] {processor.py:183} INFO - Processing /opt/airflow/dags/sodai/__init__.py took 0.057 seconds
[2025-11-19T22:45:04.880+0000] {processor.py:161} INFO - Started process (PID=1297) to work on /opt/airflow/dags/sodai/__init__.py
[2025-11-19T22:45:04.881+0000] {processor.py:830} INFO - Processing file /opt/airflow/dags/sodai/__init__.py for tasks to queue
[2025-11-19T22:45:04.885+0000] {logging_mixin.py:188} INFO - [2025-11-19T22:45:04.884+0000] {dagbag.py:540} INFO - Filling up the DagBag from /opt/airflow/dags/sodai/__init__.py
[2025-11-19T22:45:04.905+0000] {processor.py:842} WARNING - No viable dags retrieved from /opt/airflow/dags/sodai/__init__.py
[2025-11-19T22:45:04.925+0000] {processor.py:183} INFO - Processing /opt/airflow/dags/sodai/__init__.py took 0.050 seconds
[2025-11-19T22:45:35.403+0000] {processor.py:161} INFO - Started process (PID=1307) to work on /opt/airflow/dags/sodai/__init__.py
[2025-11-19T22:45:35.406+0000] {processor.py:830} INFO - Processing file /opt/airflow/dags/sodai/__init__.py for tasks to queue
[2025-11-19T22:45:35.412+0000] {logging_mixin.py:188} INFO - [2025-11-19T22:45:35.411+0000] {dagbag.py:540} INFO - Filling up the DagBag from /opt/airflow/dags/sodai/__init__.py
[2025-11-19T22:45:35.467+0000] {processor.py:842} WARNING - No viable dags retrieved from /opt/airflow/dags/sodai/__init__.py
[2025-11-19T22:45:35.506+0000] {processor.py:183} INFO - Processing /opt/airflow/dags/sodai/__init__.py took 0.121 seconds
[2025-11-19T22:46:06.237+0000] {processor.py:161} INFO - Started process (PID=1317) to work on /opt/airflow/dags/sodai/__init__.py
[2025-11-19T22:46:06.243+0000] {processor.py:830} INFO - Processing file /opt/airflow/dags/sodai/__init__.py for tasks to queue
[2025-11-19T22:46:06.252+0000] {logging_mixin.py:188} INFO - [2025-11-19T22:46:06.251+0000] {dagbag.py:540} INFO - Filling up the DagBag from /opt/airflow/dags/sodai/__init__.py
[2025-11-19T22:46:06.313+0000] {processor.py:842} WARNING - No viable dags retrieved from /opt/airflow/dags/sodai/__init__.py
[2025-11-19T22:46:06.376+0000] {processor.py:183} INFO - Processing /opt/airflow/dags/sodai/__init__.py took 0.158 seconds
[2025-11-19T22:46:36.539+0000] {processor.py:161} INFO - Started process (PID=1327) to work on /opt/airflow/dags/sodai/__init__.py
[2025-11-19T22:46:36.542+0000] {processor.py:830} INFO - Processing file /opt/airflow/dags/sodai/__init__.py for tasks to queue
[2025-11-19T22:46:36.550+0000] {logging_mixin.py:188} INFO - [2025-11-19T22:46:36.548+0000] {dagbag.py:540} INFO - Filling up the DagBag from /opt/airflow/dags/sodai/__init__.py
[2025-11-19T22:46:36.610+0000] {processor.py:842} WARNING - No viable dags retrieved from /opt/airflow/dags/sodai/__init__.py
[2025-11-19T22:46:36.660+0000] {processor.py:183} INFO - Processing /opt/airflow/dags/sodai/__init__.py took 0.140 seconds
[2025-11-19T22:47:09.335+0000] {processor.py:161} INFO - Started process (PID=1335) to work on /opt/airflow/dags/sodai/__init__.py
[2025-11-19T22:47:09.338+0000] {processor.py:830} INFO - Processing file /opt/airflow/dags/sodai/__init__.py for tasks to queue
[2025-11-19T22:47:09.349+0000] {logging_mixin.py:188} INFO - [2025-11-19T22:47:09.347+0000] {dagbag.py:540} INFO - Filling up the DagBag from /opt/airflow/dags/sodai/__init__.py
[2025-11-19T22:47:09.414+0000] {processor.py:842} WARNING - No viable dags retrieved from /opt/airflow/dags/sodai/__init__.py
[2025-11-19T22:47:09.469+0000] {processor.py:183} INFO - Processing /opt/airflow/dags/sodai/__init__.py took 0.158 seconds
[2025-11-19T22:47:41.930+0000] {processor.py:161} INFO - Started process (PID=1345) to work on /opt/airflow/dags/sodai/__init__.py
[2025-11-19T22:47:41.935+0000] {processor.py:830} INFO - Processing file /opt/airflow/dags/sodai/__init__.py for tasks to queue
[2025-11-19T22:47:41.944+0000] {logging_mixin.py:188} INFO - [2025-11-19T22:47:41.942+0000] {dagbag.py:540} INFO - Filling up the DagBag from /opt/airflow/dags/sodai/__init__.py
[2025-11-19T22:47:42.005+0000] {processor.py:842} WARNING - No viable dags retrieved from /opt/airflow/dags/sodai/__init__.py
[2025-11-19T22:47:42.055+0000] {processor.py:183} INFO - Processing /opt/airflow/dags/sodai/__init__.py took 0.145 seconds
[2025-11-19T22:48:15.084+0000] {processor.py:161} INFO - Started process (PID=1355) to work on /opt/airflow/dags/sodai/__init__.py
[2025-11-19T22:48:15.091+0000] {processor.py:830} INFO - Processing file /opt/airflow/dags/sodai/__init__.py for tasks to queue
[2025-11-19T22:48:15.100+0000] {logging_mixin.py:188} INFO - [2025-11-19T22:48:15.097+0000] {dagbag.py:540} INFO - Filling up the DagBag from /opt/airflow/dags/sodai/__init__.py
[2025-11-19T22:48:15.202+0000] {processor.py:842} WARNING - No viable dags retrieved from /opt/airflow/dags/sodai/__init__.py
[2025-11-19T22:48:15.269+0000] {processor.py:183} INFO - Processing /opt/airflow/dags/sodai/__init__.py took 0.206 seconds
[2025-11-19T22:48:48.464+0000] {processor.py:161} INFO - Started process (PID=1365) to work on /opt/airflow/dags/sodai/__init__.py
[2025-11-19T22:48:48.471+0000] {processor.py:830} INFO - Processing file /opt/airflow/dags/sodai/__init__.py for tasks to queue
[2025-11-19T22:48:48.477+0000] {logging_mixin.py:188} INFO - [2025-11-19T22:48:48.476+0000] {dagbag.py:540} INFO - Filling up the DagBag from /opt/airflow/dags/sodai/__init__.py
[2025-11-19T22:48:48.565+0000] {processor.py:842} WARNING - No viable dags retrieved from /opt/airflow/dags/sodai/__init__.py
[2025-11-19T22:48:48.648+0000] {processor.py:183} INFO - Processing /opt/airflow/dags/sodai/__init__.py took 0.209 seconds
[2025-11-19T22:49:21.561+0000] {processor.py:161} INFO - Started process (PID=1375) to work on /opt/airflow/dags/sodai/__init__.py
[2025-11-19T22:49:21.565+0000] {processor.py:830} INFO - Processing file /opt/airflow/dags/sodai/__init__.py for tasks to queue
[2025-11-19T22:49:21.575+0000] {logging_mixin.py:188} INFO - [2025-11-19T22:49:21.573+0000] {dagbag.py:540} INFO - Filling up the DagBag from /opt/airflow/dags/sodai/__init__.py
[2025-11-19T22:49:21.640+0000] {processor.py:842} WARNING - No viable dags retrieved from /opt/airflow/dags/sodai/__init__.py
[2025-11-19T22:49:21.693+0000] {processor.py:183} INFO - Processing /opt/airflow/dags/sodai/__init__.py took 0.156 seconds
[2025-11-19T22:49:54.571+0000] {processor.py:161} INFO - Started process (PID=1401) to work on /opt/airflow/dags/sodai/__init__.py
[2025-11-19T22:49:54.575+0000] {processor.py:830} INFO - Processing file /opt/airflow/dags/sodai/__init__.py for tasks to queue
[2025-11-19T22:49:54.586+0000] {logging_mixin.py:188} INFO - [2025-11-19T22:49:54.583+0000] {dagbag.py:540} INFO - Filling up the DagBag from /opt/airflow/dags/sodai/__init__.py
[2025-11-19T22:49:54.659+0000] {processor.py:842} WARNING - No viable dags retrieved from /opt/airflow/dags/sodai/__init__.py
[2025-11-19T22:49:54.722+0000] {processor.py:183} INFO - Processing /opt/airflow/dags/sodai/__init__.py took 0.175 seconds
[2025-11-19T22:50:27.789+0000] {processor.py:161} INFO - Started process (PID=1496) to work on /opt/airflow/dags/sodai/__init__.py
[2025-11-19T22:50:27.799+0000] {processor.py:830} INFO - Processing file /opt/airflow/dags/sodai/__init__.py for tasks to queue
[2025-11-19T22:50:27.808+0000] {logging_mixin.py:188} INFO - [2025-11-19T22:50:27.806+0000] {dagbag.py:540} INFO - Filling up the DagBag from /opt/airflow/dags/sodai/__init__.py
[2025-11-19T22:50:27.899+0000] {processor.py:842} WARNING - No viable dags retrieved from /opt/airflow/dags/sodai/__init__.py
[2025-11-19T22:50:27.973+0000] {processor.py:183} INFO - Processing /opt/airflow/dags/sodai/__init__.py took 0.206 seconds
[2025-11-19T22:51:00.867+0000] {processor.py:161} INFO - Started process (PID=1532) to work on /opt/airflow/dags/sodai/__init__.py
[2025-11-19T22:51:00.871+0000] {processor.py:830} INFO - Processing file /opt/airflow/dags/sodai/__init__.py for tasks to queue
[2025-11-19T22:51:00.880+0000] {logging_mixin.py:188} INFO - [2025-11-19T22:51:00.878+0000] {dagbag.py:540} INFO - Filling up the DagBag from /opt/airflow/dags/sodai/__init__.py
[2025-11-19T22:51:00.943+0000] {processor.py:842} WARNING - No viable dags retrieved from /opt/airflow/dags/sodai/__init__.py
[2025-11-19T22:51:01.001+0000] {processor.py:183} INFO - Processing /opt/airflow/dags/sodai/__init__.py took 0.157 seconds
[2025-11-19T22:51:34.032+0000] {processor.py:161} INFO - Started process (PID=1542) to work on /opt/airflow/dags/sodai/__init__.py
[2025-11-19T22:51:34.037+0000] {processor.py:830} INFO - Processing file /opt/airflow/dags/sodai/__init__.py for tasks to queue
[2025-11-19T22:51:34.046+0000] {logging_mixin.py:188} INFO - [2025-11-19T22:51:34.045+0000] {dagbag.py:540} INFO - Filling up the DagBag from /opt/airflow/dags/sodai/__init__.py
[2025-11-19T22:51:34.104+0000] {processor.py:842} WARNING - No viable dags retrieved from /opt/airflow/dags/sodai/__init__.py
[2025-11-19T22:51:34.163+0000] {processor.py:183} INFO - Processing /opt/airflow/dags/sodai/__init__.py took 0.157 seconds
[2025-11-19T22:52:07.237+0000] {processor.py:161} INFO - Started process (PID=1552) to work on /opt/airflow/dags/sodai/__init__.py
[2025-11-19T22:52:07.242+0000] {processor.py:830} INFO - Processing file /opt/airflow/dags/sodai/__init__.py for tasks to queue
[2025-11-19T22:52:07.251+0000] {logging_mixin.py:188} INFO - [2025-11-19T22:52:07.250+0000] {dagbag.py:540} INFO - Filling up the DagBag from /opt/airflow/dags/sodai/__init__.py
[2025-11-19T22:52:07.323+0000] {processor.py:842} WARNING - No viable dags retrieved from /opt/airflow/dags/sodai/__init__.py
[2025-11-19T22:52:07.377+0000] {processor.py:183} INFO - Processing /opt/airflow/dags/sodai/__init__.py took 0.171 seconds
[2025-11-19T22:52:41.019+0000] {processor.py:161} INFO - Started process (PID=1562) to work on /opt/airflow/dags/sodai/__init__.py
[2025-11-19T22:52:41.023+0000] {processor.py:830} INFO - Processing file /opt/airflow/dags/sodai/__init__.py for tasks to queue
[2025-11-19T22:52:41.034+0000] {logging_mixin.py:188} INFO - [2025-11-19T22:52:41.031+0000] {dagbag.py:540} INFO - Filling up the DagBag from /opt/airflow/dags/sodai/__init__.py
[2025-11-19T22:52:41.113+0000] {processor.py:842} WARNING - No viable dags retrieved from /opt/airflow/dags/sodai/__init__.py
[2025-11-19T22:52:41.177+0000] {processor.py:183} INFO - Processing /opt/airflow/dags/sodai/__init__.py took 0.185 seconds
[2025-11-19T22:53:16.590+0000] {processor.py:161} INFO - Started process (PID=1572) to work on /opt/airflow/dags/sodai/__init__.py
[2025-11-19T22:53:16.611+0000] {processor.py:830} INFO - Processing file /opt/airflow/dags/sodai/__init__.py for tasks to queue
[2025-11-19T22:53:16.639+0000] {logging_mixin.py:188} INFO - [2025-11-19T22:53:16.638+0000] {dagbag.py:540} INFO - Filling up the DagBag from /opt/airflow/dags/sodai/__init__.py
[2025-11-19T22:53:17.879+0000] {processor.py:842} WARNING - No viable dags retrieved from /opt/airflow/dags/sodai/__init__.py
[2025-11-19T22:53:17.979+0000] {processor.py:183} INFO - Processing /opt/airflow/dags/sodai/__init__.py took 1.418 seconds
[2025-11-19T22:53:48.300+0000] {processor.py:161} INFO - Started process (PID=1584) to work on /opt/airflow/dags/sodai/__init__.py
[2025-11-19T22:53:48.305+0000] {processor.py:830} INFO - Processing file /opt/airflow/dags/sodai/__init__.py for tasks to queue
[2025-11-19T22:53:48.314+0000] {logging_mixin.py:188} INFO - [2025-11-19T22:53:48.312+0000] {dagbag.py:540} INFO - Filling up the DagBag from /opt/airflow/dags/sodai/__init__.py
[2025-11-19T22:53:48.407+0000] {processor.py:842} WARNING - No viable dags retrieved from /opt/airflow/dags/sodai/__init__.py
[2025-11-19T22:53:48.482+0000] {processor.py:183} INFO - Processing /opt/airflow/dags/sodai/__init__.py took 0.205 seconds
[2025-11-19T22:54:20.525+0000] {processor.py:161} INFO - Started process (PID=1592) to work on /opt/airflow/dags/sodai/__init__.py
[2025-11-19T22:54:20.535+0000] {processor.py:830} INFO - Processing file /opt/airflow/dags/sodai/__init__.py for tasks to queue
[2025-11-19T22:54:20.548+0000] {logging_mixin.py:188} INFO - [2025-11-19T22:54:20.547+0000] {dagbag.py:540} INFO - Filling up the DagBag from /opt/airflow/dags/sodai/__init__.py
[2025-11-19T22:54:20.634+0000] {processor.py:842} WARNING - No viable dags retrieved from /opt/airflow/dags/sodai/__init__.py
[2025-11-19T22:54:20.715+0000] {processor.py:183} INFO - Processing /opt/airflow/dags/sodai/__init__.py took 0.216 seconds
[2025-11-19T22:54:53.183+0000] {processor.py:161} INFO - Started process (PID=1599) to work on /opt/airflow/dags/sodai/__init__.py
[2025-11-19T22:54:53.189+0000] {processor.py:830} INFO - Processing file /opt/airflow/dags/sodai/__init__.py for tasks to queue
[2025-11-19T22:54:53.200+0000] {logging_mixin.py:188} INFO - [2025-11-19T22:54:53.199+0000] {dagbag.py:540} INFO - Filling up the DagBag from /opt/airflow/dags/sodai/__init__.py
[2025-11-19T22:54:53.407+0000] {processor.py:842} WARNING - No viable dags retrieved from /opt/airflow/dags/sodai/__init__.py
[2025-11-19T22:54:53.533+0000] {processor.py:183} INFO - Processing /opt/airflow/dags/sodai/__init__.py took 0.383 seconds
[2025-11-19T22:55:24.059+0000] {processor.py:161} INFO - Started process (PID=1609) to work on /opt/airflow/dags/sodai/__init__.py
[2025-11-19T22:55:24.062+0000] {processor.py:830} INFO - Processing file /opt/airflow/dags/sodai/__init__.py for tasks to queue
[2025-11-19T22:55:24.076+0000] {logging_mixin.py:188} INFO - [2025-11-19T22:55:24.072+0000] {dagbag.py:540} INFO - Filling up the DagBag from /opt/airflow/dags/sodai/__init__.py
[2025-11-19T22:55:26.151+0000] {processor.py:842} WARNING - No viable dags retrieved from /opt/airflow/dags/sodai/__init__.py
[2025-11-19T22:55:26.213+0000] {processor.py:183} INFO - Processing /opt/airflow/dags/sodai/__init__.py took 0.188 seconds
[2025-11-19T22:55:57.223+0000] {processor.py:161} INFO - Started process (PID=1622) to work on /opt/airflow/dags/sodai/__init__.py
[2025-11-19T22:55:57.224+0000] {processor.py:830} INFO - Processing file /opt/airflow/dags/sodai/__init__.py for tasks to queue
[2025-11-19T22:55:57.228+0000] {logging_mixin.py:188} INFO - [2025-11-19T22:55:57.227+0000] {dagbag.py:540} INFO - Filling up the DagBag from /opt/airflow/dags/sodai/__init__.py
[2025-11-19T22:55:57.254+0000] {processor.py:842} WARNING - No viable dags retrieved from /opt/airflow/dags/sodai/__init__.py
[2025-11-19T22:55:57.278+0000] {processor.py:183} INFO - Processing /opt/airflow/dags/sodai/__init__.py took 0.067 seconds
[2025-11-19T22:56:28.272+0000] {processor.py:161} INFO - Started process (PID=1632) to work on /opt/airflow/dags/sodai/__init__.py
[2025-11-19T22:56:28.275+0000] {processor.py:830} INFO - Processing file /opt/airflow/dags/sodai/__init__.py for tasks to queue
[2025-11-19T22:56:28.282+0000] {logging_mixin.py:188} INFO - [2025-11-19T22:56:28.280+0000] {dagbag.py:540} INFO - Filling up the DagBag from /opt/airflow/dags/sodai/__init__.py
[2025-11-19T22:56:28.347+0000] {processor.py:842} WARNING - No viable dags retrieved from /opt/airflow/dags/sodai/__init__.py
[2025-11-19T22:56:28.392+0000] {processor.py:183} INFO - Processing /opt/airflow/dags/sodai/__init__.py took 0.151 seconds
[2025-11-19T22:56:59.517+0000] {processor.py:161} INFO - Started process (PID=1642) to work on /opt/airflow/dags/sodai/__init__.py
[2025-11-19T22:56:59.528+0000] {processor.py:830} INFO - Processing file /opt/airflow/dags/sodai/__init__.py for tasks to queue
[2025-11-19T22:56:59.539+0000] {logging_mixin.py:188} INFO - [2025-11-19T22:56:59.538+0000] {dagbag.py:540} INFO - Filling up the DagBag from /opt/airflow/dags/sodai/__init__.py
[2025-11-19T22:56:59.627+0000] {processor.py:842} WARNING - No viable dags retrieved from /opt/airflow/dags/sodai/__init__.py
[2025-11-19T22:56:59.680+0000] {processor.py:183} INFO - Processing /opt/airflow/dags/sodai/__init__.py took 0.201 seconds
[2025-11-19T22:57:30.346+0000] {processor.py:161} INFO - Started process (PID=1652) to work on /opt/airflow/dags/sodai/__init__.py
[2025-11-19T22:57:30.348+0000] {processor.py:830} INFO - Processing file /opt/airflow/dags/sodai/__init__.py for tasks to queue
[2025-11-19T22:57:30.363+0000] {logging_mixin.py:188} INFO - [2025-11-19T22:57:30.361+0000] {dagbag.py:540} INFO - Filling up the DagBag from /opt/airflow/dags/sodai/__init__.py
[2025-11-19T22:57:30.447+0000] {processor.py:842} WARNING - No viable dags retrieved from /opt/airflow/dags/sodai/__init__.py
[2025-11-19T22:57:30.498+0000] {processor.py:183} INFO - Processing /opt/airflow/dags/sodai/__init__.py took 0.178 seconds
[2025-11-19T22:58:01.469+0000] {processor.py:161} INFO - Started process (PID=1662) to work on /opt/airflow/dags/sodai/__init__.py
[2025-11-19T22:58:01.472+0000] {processor.py:830} INFO - Processing file /opt/airflow/dags/sodai/__init__.py for tasks to queue
[2025-11-19T22:58:01.482+0000] {logging_mixin.py:188} INFO - [2025-11-19T22:58:01.480+0000] {dagbag.py:540} INFO - Filling up the DagBag from /opt/airflow/dags/sodai/__init__.py
[2025-11-19T22:58:01.577+0000] {processor.py:842} WARNING - No viable dags retrieved from /opt/airflow/dags/sodai/__init__.py
[2025-11-19T22:58:01.633+0000] {processor.py:183} INFO - Processing /opt/airflow/dags/sodai/__init__.py took 0.189 seconds
[2025-11-19T22:58:32.475+0000] {processor.py:161} INFO - Started process (PID=1672) to work on /opt/airflow/dags/sodai/__init__.py
[2025-11-19T22:58:32.479+0000] {processor.py:830} INFO - Processing file /opt/airflow/dags/sodai/__init__.py for tasks to queue
[2025-11-19T22:58:32.488+0000] {logging_mixin.py:188} INFO - [2025-11-19T22:58:32.487+0000] {dagbag.py:540} INFO - Filling up the DagBag from /opt/airflow/dags/sodai/__init__.py
[2025-11-19T22:58:32.548+0000] {processor.py:842} WARNING - No viable dags retrieved from /opt/airflow/dags/sodai/__init__.py
[2025-11-19T22:58:32.612+0000] {processor.py:183} INFO - Processing /opt/airflow/dags/sodai/__init__.py took 0.162 seconds
[2025-11-19T22:59:03.315+0000] {processor.py:161} INFO - Started process (PID=1682) to work on /opt/airflow/dags/sodai/__init__.py
[2025-11-19T22:59:03.317+0000] {processor.py:830} INFO - Processing file /opt/airflow/dags/sodai/__init__.py for tasks to queue
[2025-11-19T22:59:03.321+0000] {logging_mixin.py:188} INFO - [2025-11-19T22:59:03.320+0000] {dagbag.py:540} INFO - Filling up the DagBag from /opt/airflow/dags/sodai/__init__.py
[2025-11-19T22:59:03.349+0000] {processor.py:842} WARNING - No viable dags retrieved from /opt/airflow/dags/sodai/__init__.py
[2025-11-19T22:59:03.375+0000] {processor.py:183} INFO - Processing /opt/airflow/dags/sodai/__init__.py took 0.069 seconds
[2025-11-19T22:59:34.260+0000] {processor.py:161} INFO - Started process (PID=1692) to work on /opt/airflow/dags/sodai/__init__.py
[2025-11-19T22:59:34.266+0000] {processor.py:830} INFO - Processing file /opt/airflow/dags/sodai/__init__.py for tasks to queue
[2025-11-19T22:59:34.275+0000] {logging_mixin.py:188} INFO - [2025-11-19T22:59:34.274+0000] {dagbag.py:540} INFO - Filling up the DagBag from /opt/airflow/dags/sodai/__init__.py
[2025-11-19T22:59:34.347+0000] {processor.py:842} WARNING - No viable dags retrieved from /opt/airflow/dags/sodai/__init__.py
[2025-11-19T22:59:34.396+0000] {processor.py:183} INFO - Processing /opt/airflow/dags/sodai/__init__.py took 0.156 seconds
[2025-11-19T23:00:05.513+0000] {processor.py:161} INFO - Started process (PID=1702) to work on /opt/airflow/dags/sodai/__init__.py
[2025-11-19T23:00:05.517+0000] {processor.py:830} INFO - Processing file /opt/airflow/dags/sodai/__init__.py for tasks to queue
[2025-11-19T23:00:05.527+0000] {logging_mixin.py:188} INFO - [2025-11-19T23:00:05.525+0000] {dagbag.py:540} INFO - Filling up the DagBag from /opt/airflow/dags/sodai/__init__.py
[2025-11-19T23:00:05.600+0000] {processor.py:842} WARNING - No viable dags retrieved from /opt/airflow/dags/sodai/__init__.py
[2025-11-19T23:00:05.657+0000] {processor.py:183} INFO - Processing /opt/airflow/dags/sodai/__init__.py took 0.173 seconds
[2025-11-19T23:00:36.581+0000] {processor.py:161} INFO - Started process (PID=1712) to work on /opt/airflow/dags/sodai/__init__.py
[2025-11-19T23:00:36.585+0000] {processor.py:830} INFO - Processing file /opt/airflow/dags/sodai/__init__.py for tasks to queue
[2025-11-19T23:00:36.592+0000] {logging_mixin.py:188} INFO - [2025-11-19T23:00:36.590+0000] {dagbag.py:540} INFO - Filling up the DagBag from /opt/airflow/dags/sodai/__init__.py
[2025-11-19T23:00:36.661+0000] {processor.py:842} WARNING - No viable dags retrieved from /opt/airflow/dags/sodai/__init__.py
[2025-11-19T23:00:36.717+0000] {processor.py:183} INFO - Processing /opt/airflow/dags/sodai/__init__.py took 0.163 seconds
[2025-11-19T23:01:07.591+0000] {processor.py:161} INFO - Started process (PID=1722) to work on /opt/airflow/dags/sodai/__init__.py
[2025-11-19T23:01:07.595+0000] {processor.py:830} INFO - Processing file /opt/airflow/dags/sodai/__init__.py for tasks to queue
[2025-11-19T23:01:07.606+0000] {logging_mixin.py:188} INFO - [2025-11-19T23:01:07.605+0000] {dagbag.py:540} INFO - Filling up the DagBag from /opt/airflow/dags/sodai/__init__.py
[2025-11-19T23:01:07.679+0000] {processor.py:842} WARNING - No viable dags retrieved from /opt/airflow/dags/sodai/__init__.py
[2025-11-19T23:01:07.737+0000] {processor.py:183} INFO - Processing /opt/airflow/dags/sodai/__init__.py took 0.170 seconds
[2025-11-19T23:01:38.005+0000] {processor.py:161} INFO - Started process (PID=1729) to work on /opt/airflow/dags/sodai/__init__.py
[2025-11-19T23:01:38.008+0000] {processor.py:830} INFO - Processing file /opt/airflow/dags/sodai/__init__.py for tasks to queue
[2025-11-19T23:01:38.016+0000] {logging_mixin.py:188} INFO - [2025-11-19T23:01:38.015+0000] {dagbag.py:540} INFO - Filling up the DagBag from /opt/airflow/dags/sodai/__init__.py
[2025-11-19T23:01:38.082+0000] {processor.py:842} WARNING - No viable dags retrieved from /opt/airflow/dags/sodai/__init__.py
[2025-11-19T23:01:38.136+0000] {processor.py:183} INFO - Processing /opt/airflow/dags/sodai/__init__.py took 0.157 seconds
[2025-11-19T23:02:08.722+0000] {processor.py:161} INFO - Started process (PID=1739) to work on /opt/airflow/dags/sodai/__init__.py
[2025-11-19T23:02:08.737+0000] {processor.py:830} INFO - Processing file /opt/airflow/dags/sodai/__init__.py for tasks to queue
[2025-11-19T23:02:08.748+0000] {logging_mixin.py:188} INFO - [2025-11-19T23:02:08.748+0000] {dagbag.py:540} INFO - Filling up the DagBag from /opt/airflow/dags/sodai/__init__.py
[2025-11-19T23:02:08.824+0000] {processor.py:842} WARNING - No viable dags retrieved from /opt/airflow/dags/sodai/__init__.py
[2025-11-19T23:02:08.891+0000] {processor.py:183} INFO - Processing /opt/airflow/dags/sodai/__init__.py took 0.213 seconds
[2025-11-19T23:02:39.304+0000] {processor.py:161} INFO - Started process (PID=1749) to work on /opt/airflow/dags/sodai/__init__.py
[2025-11-19T23:02:39.315+0000] {processor.py:830} INFO - Processing file /opt/airflow/dags/sodai/__init__.py for tasks to queue
[2025-11-19T23:02:39.333+0000] {logging_mixin.py:188} INFO - [2025-11-19T23:02:39.331+0000] {dagbag.py:540} INFO - Filling up the DagBag from /opt/airflow/dags/sodai/__init__.py
[2025-11-19T23:02:39.393+0000] {processor.py:842} WARNING - No viable dags retrieved from /opt/airflow/dags/sodai/__init__.py
[2025-11-19T23:02:39.446+0000] {processor.py:183} INFO - Processing /opt/airflow/dags/sodai/__init__.py took 0.164 seconds
[2025-11-19T23:03:10.771+0000] {processor.py:161} INFO - Started process (PID=1759) to work on /opt/airflow/dags/sodai/__init__.py
[2025-11-19T23:03:10.779+0000] {processor.py:830} INFO - Processing file /opt/airflow/dags/sodai/__init__.py for tasks to queue
[2025-11-19T23:03:10.788+0000] {logging_mixin.py:188} INFO - [2025-11-19T23:03:10.786+0000] {dagbag.py:540} INFO - Filling up the DagBag from /opt/airflow/dags/sodai/__init__.py
[2025-11-19T23:03:10.862+0000] {processor.py:842} WARNING - No viable dags retrieved from /opt/airflow/dags/sodai/__init__.py
[2025-11-19T23:03:10.935+0000] {processor.py:183} INFO - Processing /opt/airflow/dags/sodai/__init__.py took 0.212 seconds
[2025-11-19T23:03:44.055+0000] {processor.py:161} INFO - Started process (PID=1772) to work on /opt/airflow/dags/sodai/__init__.py
[2025-11-19T23:03:44.062+0000] {processor.py:830} INFO - Processing file /opt/airflow/dags/sodai/__init__.py for tasks to queue
[2025-11-19T23:03:44.094+0000] {logging_mixin.py:188} INFO - [2025-11-19T23:03:44.093+0000] {dagbag.py:540} INFO - Filling up the DagBag from /opt/airflow/dags/sodai/__init__.py
[2025-11-19T23:03:44.225+0000] {processor.py:842} WARNING - No viable dags retrieved from /opt/airflow/dags/sodai/__init__.py
[2025-11-19T23:03:44.321+0000] {processor.py:183} INFO - Processing /opt/airflow/dags/sodai/__init__.py took 0.298 seconds
[2025-11-19T23:04:14.656+0000] {processor.py:161} INFO - Started process (PID=1779) to work on /opt/airflow/dags/sodai/__init__.py
[2025-11-19T23:04:14.661+0000] {processor.py:830} INFO - Processing file /opt/airflow/dags/sodai/__init__.py for tasks to queue
[2025-11-19T23:04:14.673+0000] {logging_mixin.py:188} INFO - [2025-11-19T23:04:14.670+0000] {dagbag.py:540} INFO - Filling up the DagBag from /opt/airflow/dags/sodai/__init__.py
[2025-11-19T23:04:16.702+0000] {processor.py:842} WARNING - No viable dags retrieved from /opt/airflow/dags/sodai/__init__.py
[2025-11-19T23:04:16.750+0000] {processor.py:183} INFO - Processing /opt/airflow/dags/sodai/__init__.py took 0.139 seconds
[2025-11-19T23:04:50.046+0000] {processor.py:161} INFO - Started process (PID=1792) to work on /opt/airflow/dags/sodai/__init__.py
[2025-11-19T23:04:50.048+0000] {processor.py:830} INFO - Processing file /opt/airflow/dags/sodai/__init__.py for tasks to queue
[2025-11-19T23:04:50.061+0000] {logging_mixin.py:188} INFO - [2025-11-19T23:04:50.061+0000] {dagbag.py:540} INFO - Filling up the DagBag from /opt/airflow/dags/sodai/__init__.py
[2025-11-19T23:04:50.129+0000] {processor.py:842} WARNING - No viable dags retrieved from /opt/airflow/dags/sodai/__init__.py
[2025-11-19T23:04:50.184+0000] {processor.py:183} INFO - Processing /opt/airflow/dags/sodai/__init__.py took 0.177 seconds
[2025-11-19T23:05:23.329+0000] {processor.py:161} INFO - Started process (PID=1802) to work on /opt/airflow/dags/sodai/__init__.py
[2025-11-19T23:05:23.333+0000] {processor.py:830} INFO - Processing file /opt/airflow/dags/sodai/__init__.py for tasks to queue
[2025-11-19T23:05:23.340+0000] {logging_mixin.py:188} INFO - [2025-11-19T23:05:23.339+0000] {dagbag.py:540} INFO - Filling up the DagBag from /opt/airflow/dags/sodai/__init__.py
[2025-11-19T23:05:23.398+0000] {processor.py:842} WARNING - No viable dags retrieved from /opt/airflow/dags/sodai/__init__.py
[2025-11-19T23:05:23.451+0000] {processor.py:183} INFO - Processing /opt/airflow/dags/sodai/__init__.py took 0.137 seconds
[2025-11-19T23:05:56.774+0000] {processor.py:161} INFO - Started process (PID=1812) to work on /opt/airflow/dags/sodai/__init__.py
[2025-11-19T23:05:56.782+0000] {processor.py:830} INFO - Processing file /opt/airflow/dags/sodai/__init__.py for tasks to queue
[2025-11-19T23:05:56.814+0000] {logging_mixin.py:188} INFO - [2025-11-19T23:05:56.799+0000] {dagbag.py:540} INFO - Filling up the DagBag from /opt/airflow/dags/sodai/__init__.py
[2025-11-19T23:05:56.882+0000] {processor.py:842} WARNING - No viable dags retrieved from /opt/airflow/dags/sodai/__init__.py
[2025-11-19T23:05:56.968+0000] {processor.py:183} INFO - Processing /opt/airflow/dags/sodai/__init__.py took 0.242 seconds
[2025-11-19T23:06:29.548+0000] {processor.py:161} INFO - Started process (PID=1819) to work on /opt/airflow/dags/sodai/__init__.py
[2025-11-19T23:06:29.563+0000] {processor.py:830} INFO - Processing file /opt/airflow/dags/sodai/__init__.py for tasks to queue
[2025-11-19T23:06:29.584+0000] {logging_mixin.py:188} INFO - [2025-11-19T23:06:29.583+0000] {dagbag.py:540} INFO - Filling up the DagBag from /opt/airflow/dags/sodai/__init__.py
[2025-11-19T23:06:29.659+0000] {processor.py:842} WARNING - No viable dags retrieved from /opt/airflow/dags/sodai/__init__.py
[2025-11-19T23:06:29.726+0000] {processor.py:183} INFO - Processing /opt/airflow/dags/sodai/__init__.py took 0.250 seconds
[2025-11-19T23:07:03.621+0000] {processor.py:161} INFO - Started process (PID=1832) to work on /opt/airflow/dags/sodai/__init__.py
[2025-11-19T23:07:03.625+0000] {processor.py:830} INFO - Processing file /opt/airflow/dags/sodai/__init__.py for tasks to queue
[2025-11-19T23:07:03.635+0000] {logging_mixin.py:188} INFO - [2025-11-19T23:07:03.633+0000] {dagbag.py:540} INFO - Filling up the DagBag from /opt/airflow/dags/sodai/__init__.py
[2025-11-19T23:07:03.720+0000] {processor.py:842} WARNING - No viable dags retrieved from /opt/airflow/dags/sodai/__init__.py
[2025-11-19T23:07:03.779+0000] {processor.py:183} INFO - Processing /opt/airflow/dags/sodai/__init__.py took 0.185 seconds
[2025-11-19T23:07:36.399+0000] {processor.py:161} INFO - Started process (PID=1842) to work on /opt/airflow/dags/sodai/__init__.py
[2025-11-19T23:07:36.406+0000] {processor.py:830} INFO - Processing file /opt/airflow/dags/sodai/__init__.py for tasks to queue
[2025-11-19T23:07:36.446+0000] {logging_mixin.py:188} INFO - [2025-11-19T23:07:36.444+0000] {dagbag.py:540} INFO - Filling up the DagBag from /opt/airflow/dags/sodai/__init__.py
[2025-11-19T23:07:36.505+0000] {processor.py:842} WARNING - No viable dags retrieved from /opt/airflow/dags/sodai/__init__.py
[2025-11-19T23:07:36.550+0000] {processor.py:183} INFO - Processing /opt/airflow/dags/sodai/__init__.py took 0.194 seconds
[2025-11-19T23:08:09.265+0000] {processor.py:161} INFO - Started process (PID=1852) to work on /opt/airflow/dags/sodai/__init__.py
[2025-11-19T23:08:09.280+0000] {processor.py:830} INFO - Processing file /opt/airflow/dags/sodai/__init__.py for tasks to queue
[2025-11-19T23:08:09.292+0000] {logging_mixin.py:188} INFO - [2025-11-19T23:08:09.290+0000] {dagbag.py:540} INFO - Filling up the DagBag from /opt/airflow/dags/sodai/__init__.py
[2025-11-19T23:08:09.367+0000] {processor.py:842} WARNING - No viable dags retrieved from /opt/airflow/dags/sodai/__init__.py
[2025-11-19T23:08:09.416+0000] {processor.py:183} INFO - Processing /opt/airflow/dags/sodai/__init__.py took 0.206 seconds
[2025-11-19T23:08:43.013+0000] {processor.py:161} INFO - Started process (PID=1862) to work on /opt/airflow/dags/sodai/__init__.py
[2025-11-19T23:08:43.028+0000] {processor.py:830} INFO - Processing file /opt/airflow/dags/sodai/__init__.py for tasks to queue
[2025-11-19T23:08:43.060+0000] {logging_mixin.py:188} INFO - [2025-11-19T23:08:43.059+0000] {dagbag.py:540} INFO - Filling up the DagBag from /opt/airflow/dags/sodai/__init__.py
[2025-11-19T23:08:43.183+0000] {processor.py:842} WARNING - No viable dags retrieved from /opt/airflow/dags/sodai/__init__.py
[2025-11-19T23:08:43.288+0000] {processor.py:183} INFO - Processing /opt/airflow/dags/sodai/__init__.py took 0.311 seconds
[2025-11-19T23:09:15.957+0000] {processor.py:161} INFO - Started process (PID=1872) to work on /opt/airflow/dags/sodai/__init__.py
[2025-11-19T23:09:15.985+0000] {processor.py:830} INFO - Processing file /opt/airflow/dags/sodai/__init__.py for tasks to queue
[2025-11-19T23:09:16.000+0000] {logging_mixin.py:188} INFO - [2025-11-19T23:09:15.998+0000] {dagbag.py:540} INFO - Filling up the DagBag from /opt/airflow/dags/sodai/__init__.py
[2025-11-19T23:09:16.093+0000] {processor.py:842} WARNING - No viable dags retrieved from /opt/airflow/dags/sodai/__init__.py
[2025-11-19T23:09:16.142+0000] {processor.py:183} INFO - Processing /opt/airflow/dags/sodai/__init__.py took 0.271 seconds
[2025-11-19T23:09:49.467+0000] {processor.py:161} INFO - Started process (PID=1882) to work on /opt/airflow/dags/sodai/__init__.py
[2025-11-19T23:09:49.474+0000] {processor.py:830} INFO - Processing file /opt/airflow/dags/sodai/__init__.py for tasks to queue
[2025-11-19T23:09:49.485+0000] {logging_mixin.py:188} INFO - [2025-11-19T23:09:49.483+0000] {dagbag.py:540} INFO - Filling up the DagBag from /opt/airflow/dags/sodai/__init__.py
[2025-11-19T23:09:49.576+0000] {processor.py:842} WARNING - No viable dags retrieved from /opt/airflow/dags/sodai/__init__.py
[2025-11-19T23:09:49.658+0000] {processor.py:183} INFO - Processing /opt/airflow/dags/sodai/__init__.py took 0.282 seconds
[2025-11-19T23:10:22.164+0000] {processor.py:161} INFO - Started process (PID=1889) to work on /opt/airflow/dags/sodai/__init__.py
[2025-11-19T23:10:22.175+0000] {processor.py:830} INFO - Processing file /opt/airflow/dags/sodai/__init__.py for tasks to queue
[2025-11-19T23:10:22.201+0000] {logging_mixin.py:188} INFO - [2025-11-19T23:10:22.199+0000] {dagbag.py:540} INFO - Filling up the DagBag from /opt/airflow/dags/sodai/__init__.py
[2025-11-19T23:10:22.286+0000] {processor.py:842} WARNING - No viable dags retrieved from /opt/airflow/dags/sodai/__init__.py
[2025-11-19T23:10:22.387+0000] {processor.py:183} INFO - Processing /opt/airflow/dags/sodai/__init__.py took 0.269 seconds
[2025-11-19T23:10:55.870+0000] {processor.py:161} INFO - Started process (PID=1902) to work on /opt/airflow/dags/sodai/__init__.py
[2025-11-19T23:10:55.878+0000] {processor.py:830} INFO - Processing file /opt/airflow/dags/sodai/__init__.py for tasks to queue
[2025-11-19T23:10:55.896+0000] {logging_mixin.py:188} INFO - [2025-11-19T23:10:55.895+0000] {dagbag.py:540} INFO - Filling up the DagBag from /opt/airflow/dags/sodai/__init__.py
[2025-11-19T23:10:55.982+0000] {processor.py:842} WARNING - No viable dags retrieved from /opt/airflow/dags/sodai/__init__.py
[2025-11-19T23:10:56.066+0000] {processor.py:183} INFO - Processing /opt/airflow/dags/sodai/__init__.py took 0.300 seconds
[2025-11-19T23:11:28.947+0000] {processor.py:161} INFO - Started process (PID=1912) to work on /opt/airflow/dags/sodai/__init__.py
[2025-11-19T23:11:28.961+0000] {processor.py:830} INFO - Processing file /opt/airflow/dags/sodai/__init__.py for tasks to queue
[2025-11-19T23:11:28.978+0000] {logging_mixin.py:188} INFO - [2025-11-19T23:11:28.977+0000] {dagbag.py:540} INFO - Filling up the DagBag from /opt/airflow/dags/sodai/__init__.py
[2025-11-19T23:11:29.074+0000] {processor.py:842} WARNING - No viable dags retrieved from /opt/airflow/dags/sodai/__init__.py
[2025-11-19T23:11:29.218+0000] {processor.py:183} INFO - Processing /opt/airflow/dags/sodai/__init__.py took 0.364 seconds
[2025-11-19T23:12:02.084+0000] {processor.py:161} INFO - Started process (PID=1922) to work on /opt/airflow/dags/sodai/__init__.py
[2025-11-19T23:12:02.106+0000] {processor.py:830} INFO - Processing file /opt/airflow/dags/sodai/__init__.py for tasks to queue
[2025-11-19T23:12:02.151+0000] {logging_mixin.py:188} INFO - [2025-11-19T23:12:02.150+0000] {dagbag.py:540} INFO - Filling up the DagBag from /opt/airflow/dags/sodai/__init__.py
[2025-11-19T23:12:02.218+0000] {processor.py:842} WARNING - No viable dags retrieved from /opt/airflow/dags/sodai/__init__.py
[2025-11-19T23:12:02.362+0000] {processor.py:183} INFO - Processing /opt/airflow/dags/sodai/__init__.py took 0.351 seconds
[2025-11-19T23:12:35.264+0000] {processor.py:161} INFO - Started process (PID=1932) to work on /opt/airflow/dags/sodai/__init__.py
[2025-11-19T23:12:35.269+0000] {processor.py:830} INFO - Processing file /opt/airflow/dags/sodai/__init__.py for tasks to queue
[2025-11-19T23:12:35.275+0000] {logging_mixin.py:188} INFO - [2025-11-19T23:12:35.273+0000] {dagbag.py:540} INFO - Filling up the DagBag from /opt/airflow/dags/sodai/__init__.py
[2025-11-19T23:12:35.323+0000] {processor.py:842} WARNING - No viable dags retrieved from /opt/airflow/dags/sodai/__init__.py
[2025-11-19T23:12:35.346+0000] {processor.py:183} INFO - Processing /opt/airflow/dags/sodai/__init__.py took 0.116 seconds
[2025-11-19T23:13:08.828+0000] {processor.py:161} INFO - Started process (PID=1942) to work on /opt/airflow/dags/sodai/__init__.py
[2025-11-19T23:13:08.839+0000] {processor.py:830} INFO - Processing file /opt/airflow/dags/sodai/__init__.py for tasks to queue
[2025-11-19T23:13:08.854+0000] {logging_mixin.py:188} INFO - [2025-11-19T23:13:08.853+0000] {dagbag.py:540} INFO - Filling up the DagBag from /opt/airflow/dags/sodai/__init__.py
[2025-11-19T23:13:08.935+0000] {processor.py:842} WARNING - No viable dags retrieved from /opt/airflow/dags/sodai/__init__.py
[2025-11-19T23:13:08.966+0000] {processor.py:183} INFO - Processing /opt/airflow/dags/sodai/__init__.py took 0.189 seconds
[2025-11-19T23:13:41.507+0000] {processor.py:161} INFO - Started process (PID=1952) to work on /opt/airflow/dags/sodai/__init__.py
[2025-11-19T23:13:41.511+0000] {processor.py:830} INFO - Processing file /opt/airflow/dags/sodai/__init__.py for tasks to queue
[2025-11-19T23:13:41.524+0000] {logging_mixin.py:188} INFO - [2025-11-19T23:13:41.524+0000] {dagbag.py:540} INFO - Filling up the DagBag from /opt/airflow/dags/sodai/__init__.py
[2025-11-19T23:13:41.688+0000] {processor.py:842} WARNING - No viable dags retrieved from /opt/airflow/dags/sodai/__init__.py
[2025-11-19T23:13:41.834+0000] {processor.py:183} INFO - Processing /opt/airflow/dags/sodai/__init__.py took 0.358 seconds
[2025-11-19T23:14:15.610+0000] {processor.py:161} INFO - Started process (PID=1962) to work on /opt/airflow/dags/sodai/__init__.py
[2025-11-19T23:14:15.622+0000] {processor.py:830} INFO - Processing file /opt/airflow/dags/sodai/__init__.py for tasks to queue
[2025-11-19T23:14:15.648+0000] {logging_mixin.py:188} INFO - [2025-11-19T23:14:15.647+0000] {dagbag.py:540} INFO - Filling up the DagBag from /opt/airflow/dags/sodai/__init__.py
[2025-11-19T23:14:15.830+0000] {processor.py:842} WARNING - No viable dags retrieved from /opt/airflow/dags/sodai/__init__.py
[2025-11-19T23:14:15.923+0000] {processor.py:183} INFO - Processing /opt/airflow/dags/sodai/__init__.py took 0.406 seconds
[2025-11-19T23:14:47.945+0000] {processor.py:161} INFO - Started process (PID=1972) to work on /opt/airflow/dags/sodai/__init__.py
[2025-11-19T23:14:47.958+0000] {processor.py:830} INFO - Processing file /opt/airflow/dags/sodai/__init__.py for tasks to queue
[2025-11-19T23:14:47.972+0000] {logging_mixin.py:188} INFO - [2025-11-19T23:14:47.971+0000] {dagbag.py:540} INFO - Filling up the DagBag from /opt/airflow/dags/sodai/__init__.py
[2025-11-19T23:14:48.113+0000] {processor.py:842} WARNING - No viable dags retrieved from /opt/airflow/dags/sodai/__init__.py
[2025-11-19T23:14:48.248+0000] {processor.py:183} INFO - Processing /opt/airflow/dags/sodai/__init__.py took 0.364 seconds
[2025-11-19T23:15:21.097+0000] {processor.py:161} INFO - Started process (PID=1982) to work on /opt/airflow/dags/sodai/__init__.py
[2025-11-19T23:15:21.106+0000] {processor.py:830} INFO - Processing file /opt/airflow/dags/sodai/__init__.py for tasks to queue
[2025-11-19T23:15:21.122+0000] {logging_mixin.py:188} INFO - [2025-11-19T23:15:21.121+0000] {dagbag.py:540} INFO - Filling up the DagBag from /opt/airflow/dags/sodai/__init__.py
[2025-11-19T23:15:21.239+0000] {processor.py:842} WARNING - No viable dags retrieved from /opt/airflow/dags/sodai/__init__.py
[2025-11-19T23:15:21.280+0000] {processor.py:183} INFO - Processing /opt/airflow/dags/sodai/__init__.py took 0.247 seconds
[2025-11-19T23:15:53.984+0000] {processor.py:161} INFO - Started process (PID=1992) to work on /opt/airflow/dags/sodai/__init__.py
[2025-11-19T23:15:53.987+0000] {processor.py:830} INFO - Processing file /opt/airflow/dags/sodai/__init__.py for tasks to queue
[2025-11-19T23:15:53.996+0000] {logging_mixin.py:188} INFO - [2025-11-19T23:15:53.995+0000] {dagbag.py:540} INFO - Filling up the DagBag from /opt/airflow/dags/sodai/__init__.py
[2025-11-19T23:15:54.062+0000] {processor.py:842} WARNING - No viable dags retrieved from /opt/airflow/dags/sodai/__init__.py
[2025-11-19T23:15:54.112+0000] {processor.py:183} INFO - Processing /opt/airflow/dags/sodai/__init__.py took 0.167 seconds
[2025-11-19T23:16:24.572+0000] {processor.py:161} INFO - Started process (PID=1999) to work on /opt/airflow/dags/sodai/__init__.py
[2025-11-19T23:16:24.579+0000] {processor.py:830} INFO - Processing file /opt/airflow/dags/sodai/__init__.py for tasks to queue
[2025-11-19T23:16:24.593+0000] {logging_mixin.py:188} INFO - [2025-11-19T23:16:24.592+0000] {dagbag.py:540} INFO - Filling up the DagBag from /opt/airflow/dags/sodai/__init__.py
[2025-11-19T23:16:24.668+0000] {processor.py:842} WARNING - No viable dags retrieved from /opt/airflow/dags/sodai/__init__.py
[2025-11-19T23:16:26.721+0000] {processor.py:183} INFO - Processing /opt/airflow/dags/sodai/__init__.py took 0.210 seconds
[2025-11-19T23:17:00.185+0000] {processor.py:161} INFO - Started process (PID=2012) to work on /opt/airflow/dags/sodai/__init__.py
[2025-11-19T23:17:00.212+0000] {processor.py:830} INFO - Processing file /opt/airflow/dags/sodai/__init__.py for tasks to queue
[2025-11-19T23:17:00.245+0000] {logging_mixin.py:188} INFO - [2025-11-19T23:17:00.244+0000] {dagbag.py:540} INFO - Filling up the DagBag from /opt/airflow/dags/sodai/__init__.py
[2025-11-19T23:17:00.323+0000] {processor.py:842} WARNING - No viable dags retrieved from /opt/airflow/dags/sodai/__init__.py
[2025-11-19T23:17:00.367+0000] {processor.py:183} INFO - Processing /opt/airflow/dags/sodai/__init__.py took 0.291 seconds
[2025-11-19T23:17:33.770+0000] {processor.py:161} INFO - Started process (PID=2022) to work on /opt/airflow/dags/sodai/__init__.py
[2025-11-19T23:17:33.776+0000] {processor.py:830} INFO - Processing file /opt/airflow/dags/sodai/__init__.py for tasks to queue
[2025-11-19T23:17:33.790+0000] {logging_mixin.py:188} INFO - [2025-11-19T23:17:33.788+0000] {dagbag.py:540} INFO - Filling up the DagBag from /opt/airflow/dags/sodai/__init__.py
[2025-11-19T23:17:33.910+0000] {processor.py:842} WARNING - No viable dags retrieved from /opt/airflow/dags/sodai/__init__.py
[2025-11-19T23:17:33.996+0000] {processor.py:183} INFO - Processing /opt/airflow/dags/sodai/__init__.py took 0.247 seconds
[2025-11-19T23:18:07.024+0000] {processor.py:161} INFO - Started process (PID=2032) to work on /opt/airflow/dags/sodai/__init__.py
[2025-11-19T23:18:07.033+0000] {processor.py:830} INFO - Processing file /opt/airflow/dags/sodai/__init__.py for tasks to queue
[2025-11-19T23:18:07.051+0000] {logging_mixin.py:188} INFO - [2025-11-19T23:18:07.048+0000] {dagbag.py:540} INFO - Filling up the DagBag from /opt/airflow/dags/sodai/__init__.py
[2025-11-19T23:18:07.123+0000] {processor.py:842} WARNING - No viable dags retrieved from /opt/airflow/dags/sodai/__init__.py
[2025-11-19T23:18:07.167+0000] {processor.py:183} INFO - Processing /opt/airflow/dags/sodai/__init__.py took 0.174 seconds
[2025-11-19T23:18:39.714+0000] {processor.py:161} INFO - Started process (PID=2042) to work on /opt/airflow/dags/sodai/__init__.py
[2025-11-19T23:18:39.724+0000] {processor.py:830} INFO - Processing file /opt/airflow/dags/sodai/__init__.py for tasks to queue
[2025-11-19T23:18:39.742+0000] {logging_mixin.py:188} INFO - [2025-11-19T23:18:39.741+0000] {dagbag.py:540} INFO - Filling up the DagBag from /opt/airflow/dags/sodai/__init__.py
[2025-11-19T23:18:39.810+0000] {processor.py:842} WARNING - No viable dags retrieved from /opt/airflow/dags/sodai/__init__.py
[2025-11-19T23:18:39.873+0000] {processor.py:183} INFO - Processing /opt/airflow/dags/sodai/__init__.py took 0.187 seconds
[2025-11-19T23:19:12.615+0000] {processor.py:161} INFO - Started process (PID=2049) to work on /opt/airflow/dags/sodai/__init__.py
[2025-11-19T23:19:12.636+0000] {processor.py:830} INFO - Processing file /opt/airflow/dags/sodai/__init__.py for tasks to queue
[2025-11-19T23:19:12.657+0000] {logging_mixin.py:188} INFO - [2025-11-19T23:19:12.656+0000] {dagbag.py:540} INFO - Filling up the DagBag from /opt/airflow/dags/sodai/__init__.py
[2025-11-19T23:19:12.794+0000] {processor.py:842} WARNING - No viable dags retrieved from /opt/airflow/dags/sodai/__init__.py
[2025-11-19T23:19:12.879+0000] {processor.py:183} INFO - Processing /opt/airflow/dags/sodai/__init__.py took 0.325 seconds
[2025-11-19T23:19:46.204+0000] {processor.py:161} INFO - Started process (PID=2062) to work on /opt/airflow/dags/sodai/__init__.py
[2025-11-19T23:19:46.211+0000] {processor.py:830} INFO - Processing file /opt/airflow/dags/sodai/__init__.py for tasks to queue
[2025-11-19T23:19:46.231+0000] {logging_mixin.py:188} INFO - [2025-11-19T23:19:46.225+0000] {dagbag.py:540} INFO - Filling up the DagBag from /opt/airflow/dags/sodai/__init__.py
[2025-11-19T23:19:46.427+0000] {processor.py:842} WARNING - No viable dags retrieved from /opt/airflow/dags/sodai/__init__.py
[2025-11-19T23:19:46.533+0000] {processor.py:183} INFO - Processing /opt/airflow/dags/sodai/__init__.py took 0.393 seconds
[2025-11-19T23:20:19.288+0000] {processor.py:161} INFO - Started process (PID=2072) to work on /opt/airflow/dags/sodai/__init__.py
[2025-11-19T23:20:19.305+0000] {processor.py:830} INFO - Processing file /opt/airflow/dags/sodai/__init__.py for tasks to queue
[2025-11-19T23:20:19.326+0000] {logging_mixin.py:188} INFO - [2025-11-19T23:20:19.325+0000] {dagbag.py:540} INFO - Filling up the DagBag from /opt/airflow/dags/sodai/__init__.py
[2025-11-19T23:20:19.387+0000] {processor.py:842} WARNING - No viable dags retrieved from /opt/airflow/dags/sodai/__init__.py
[2025-11-19T23:20:19.469+0000] {processor.py:183} INFO - Processing /opt/airflow/dags/sodai/__init__.py took 0.279 seconds
[2025-11-19T23:20:51.979+0000] {processor.py:161} INFO - Started process (PID=2079) to work on /opt/airflow/dags/sodai/__init__.py
[2025-11-19T23:20:51.990+0000] {processor.py:830} INFO - Processing file /opt/airflow/dags/sodai/__init__.py for tasks to queue
[2025-11-19T23:20:52.006+0000] {logging_mixin.py:188} INFO - [2025-11-19T23:20:52.005+0000] {dagbag.py:540} INFO - Filling up the DagBag from /opt/airflow/dags/sodai/__init__.py
[2025-11-19T23:20:52.059+0000] {processor.py:842} WARNING - No viable dags retrieved from /opt/airflow/dags/sodai/__init__.py
[2025-11-19T23:20:52.193+0000] {processor.py:183} INFO - Processing /opt/airflow/dags/sodai/__init__.py took 0.274 seconds
[2025-11-19T23:21:25.184+0000] {processor.py:161} INFO - Started process (PID=2089) to work on /opt/airflow/dags/sodai/__init__.py
[2025-11-19T23:21:25.197+0000] {processor.py:830} INFO - Processing file /opt/airflow/dags/sodai/__init__.py for tasks to queue
[2025-11-19T23:21:25.221+0000] {logging_mixin.py:188} INFO - [2025-11-19T23:21:25.221+0000] {dagbag.py:540} INFO - Filling up the DagBag from /opt/airflow/dags/sodai/__init__.py
[2025-11-19T23:21:25.313+0000] {processor.py:842} WARNING - No viable dags retrieved from /opt/airflow/dags/sodai/__init__.py
[2025-11-19T23:21:25.336+0000] {processor.py:183} INFO - Processing /opt/airflow/dags/sodai/__init__.py took 0.203 seconds
[2025-11-19T23:21:58.732+0000] {processor.py:161} INFO - Started process (PID=2102) to work on /opt/airflow/dags/sodai/__init__.py
[2025-11-19T23:21:58.743+0000] {processor.py:830} INFO - Processing file /opt/airflow/dags/sodai/__init__.py for tasks to queue
[2025-11-19T23:21:58.787+0000] {logging_mixin.py:188} INFO - [2025-11-19T23:21:58.784+0000] {dagbag.py:540} INFO - Filling up the DagBag from /opt/airflow/dags/sodai/__init__.py
[2025-11-19T23:21:58.959+0000] {processor.py:842} WARNING - No viable dags retrieved from /opt/airflow/dags/sodai/__init__.py
[2025-11-19T23:21:59.069+0000] {processor.py:183} INFO - Processing /opt/airflow/dags/sodai/__init__.py took 0.380 seconds
[2025-11-19T23:22:32.616+0000] {processor.py:161} INFO - Started process (PID=2112) to work on /opt/airflow/dags/sodai/__init__.py
[2025-11-19T23:22:32.619+0000] {processor.py:830} INFO - Processing file /opt/airflow/dags/sodai/__init__.py for tasks to queue
[2025-11-19T23:22:32.634+0000] {logging_mixin.py:188} INFO - [2025-11-19T23:22:32.631+0000] {dagbag.py:540} INFO - Filling up the DagBag from /opt/airflow/dags/sodai/__init__.py
[2025-11-19T23:22:32.787+0000] {processor.py:842} WARNING - No viable dags retrieved from /opt/airflow/dags/sodai/__init__.py
[2025-11-19T23:22:32.833+0000] {processor.py:183} INFO - Processing /opt/airflow/dags/sodai/__init__.py took 0.253 seconds
[2025-11-19T23:23:05.933+0000] {processor.py:161} INFO - Started process (PID=2122) to work on /opt/airflow/dags/sodai/__init__.py
[2025-11-19T23:23:05.960+0000] {processor.py:830} INFO - Processing file /opt/airflow/dags/sodai/__init__.py for tasks to queue
[2025-11-19T23:23:05.994+0000] {logging_mixin.py:188} INFO - [2025-11-19T23:23:05.993+0000] {dagbag.py:540} INFO - Filling up the DagBag from /opt/airflow/dags/sodai/__init__.py
[2025-11-19T23:23:06.142+0000] {processor.py:842} WARNING - No viable dags retrieved from /opt/airflow/dags/sodai/__init__.py
[2025-11-19T23:23:06.230+0000] {processor.py:183} INFO - Processing /opt/airflow/dags/sodai/__init__.py took 0.455 seconds
[2025-11-19T23:23:39.236+0000] {processor.py:161} INFO - Started process (PID=2132) to work on /opt/airflow/dags/sodai/__init__.py
[2025-11-19T23:23:39.243+0000] {processor.py:830} INFO - Processing file /opt/airflow/dags/sodai/__init__.py for tasks to queue
[2025-11-19T23:23:39.269+0000] {logging_mixin.py:188} INFO - [2025-11-19T23:23:39.268+0000] {dagbag.py:540} INFO - Filling up the DagBag from /opt/airflow/dags/sodai/__init__.py
[2025-11-19T23:23:39.383+0000] {processor.py:842} WARNING - No viable dags retrieved from /opt/airflow/dags/sodai/__init__.py
[2025-11-19T23:23:39.478+0000] {processor.py:183} INFO - Processing /opt/airflow/dags/sodai/__init__.py took 0.340 seconds
[2025-11-19T23:24:11.478+0000] {processor.py:161} INFO - Started process (PID=2141) to work on /opt/airflow/dags/sodai/__init__.py
[2025-11-19T23:24:11.488+0000] {processor.py:830} INFO - Processing file /opt/airflow/dags/sodai/__init__.py for tasks to queue
[2025-11-19T23:24:11.497+0000] {logging_mixin.py:188} INFO - [2025-11-19T23:24:11.496+0000] {dagbag.py:540} INFO - Filling up the DagBag from /opt/airflow/dags/sodai/__init__.py
[2025-11-19T23:24:11.638+0000] {processor.py:842} WARNING - No viable dags retrieved from /opt/airflow/dags/sodai/__init__.py
[2025-11-19T23:24:11.714+0000] {processor.py:183} INFO - Processing /opt/airflow/dags/sodai/__init__.py took 0.261 seconds
[2025-11-19T23:24:44.804+0000] {processor.py:161} INFO - Started process (PID=2152) to work on /opt/airflow/dags/sodai/__init__.py
[2025-11-19T23:24:44.813+0000] {processor.py:830} INFO - Processing file /opt/airflow/dags/sodai/__init__.py for tasks to queue
[2025-11-19T23:24:44.834+0000] {logging_mixin.py:188} INFO - [2025-11-19T23:24:44.833+0000] {dagbag.py:540} INFO - Filling up the DagBag from /opt/airflow/dags/sodai/__init__.py
[2025-11-19T23:24:44.933+0000] {processor.py:842} WARNING - No viable dags retrieved from /opt/airflow/dags/sodai/__init__.py
[2025-11-19T23:24:45.030+0000] {processor.py:183} INFO - Processing /opt/airflow/dags/sodai/__init__.py took 0.295 seconds
[2025-11-19T23:25:17.741+0000] {processor.py:161} INFO - Started process (PID=2161) to work on /opt/airflow/dags/sodai/__init__.py
[2025-11-19T23:25:17.754+0000] {processor.py:830} INFO - Processing file /opt/airflow/dags/sodai/__init__.py for tasks to queue
[2025-11-19T23:25:17.783+0000] {logging_mixin.py:188} INFO - [2025-11-19T23:25:17.782+0000] {dagbag.py:540} INFO - Filling up the DagBag from /opt/airflow/dags/sodai/__init__.py
[2025-11-19T23:25:17.887+0000] {processor.py:842} WARNING - No viable dags retrieved from /opt/airflow/dags/sodai/__init__.py
[2025-11-19T23:25:17.990+0000] {processor.py:183} INFO - Processing /opt/airflow/dags/sodai/__init__.py took 0.415 seconds
[2025-11-19T23:25:50.395+0000] {processor.py:161} INFO - Started process (PID=2169) to work on /opt/airflow/dags/sodai/__init__.py
[2025-11-19T23:25:50.404+0000] {processor.py:830} INFO - Processing file /opt/airflow/dags/sodai/__init__.py for tasks to queue
[2025-11-19T23:25:50.411+0000] {logging_mixin.py:188} INFO - [2025-11-19T23:25:50.410+0000] {dagbag.py:540} INFO - Filling up the DagBag from /opt/airflow/dags/sodai/__init__.py
[2025-11-19T23:25:50.560+0000] {processor.py:842} WARNING - No viable dags retrieved from /opt/airflow/dags/sodai/__init__.py
[2025-11-19T23:25:50.695+0000] {processor.py:183} INFO - Processing /opt/airflow/dags/sodai/__init__.py took 0.374 seconds
[2025-11-19T23:26:24.055+0000] {processor.py:161} INFO - Started process (PID=2182) to work on /opt/airflow/dags/sodai/__init__.py
[2025-11-19T23:26:24.066+0000] {processor.py:830} INFO - Processing file /opt/airflow/dags/sodai/__init__.py for tasks to queue
[2025-11-19T23:26:24.098+0000] {logging_mixin.py:188} INFO - [2025-11-19T23:26:24.096+0000] {dagbag.py:540} INFO - Filling up the DagBag from /opt/airflow/dags/sodai/__init__.py
[2025-11-19T23:26:24.183+0000] {processor.py:842} WARNING - No viable dags retrieved from /opt/airflow/dags/sodai/__init__.py
[2025-11-19T23:26:24.229+0000] {processor.py:183} INFO - Processing /opt/airflow/dags/sodai/__init__.py took 0.267 seconds
[2025-11-19T23:26:56.844+0000] {processor.py:161} INFO - Started process (PID=2191) to work on /opt/airflow/dags/sodai/__init__.py
[2025-11-19T23:26:56.860+0000] {processor.py:830} INFO - Processing file /opt/airflow/dags/sodai/__init__.py for tasks to queue
[2025-11-19T23:26:56.889+0000] {logging_mixin.py:188} INFO - [2025-11-19T23:26:56.888+0000] {dagbag.py:540} INFO - Filling up the DagBag from /opt/airflow/dags/sodai/__init__.py
[2025-11-19T23:26:56.954+0000] {processor.py:842} WARNING - No viable dags retrieved from /opt/airflow/dags/sodai/__init__.py
[2025-11-19T23:26:57.028+0000] {processor.py:183} INFO - Processing /opt/airflow/dags/sodai/__init__.py took 0.217 seconds
[2025-11-19T23:27:27.753+0000] {processor.py:161} INFO - Started process (PID=2202) to work on /opt/airflow/dags/sodai/__init__.py
[2025-11-19T23:27:27.759+0000] {processor.py:830} INFO - Processing file /opt/airflow/dags/sodai/__init__.py for tasks to queue
[2025-11-19T23:27:27.777+0000] {logging_mixin.py:188} INFO - [2025-11-19T23:27:27.776+0000] {dagbag.py:540} INFO - Filling up the DagBag from /opt/airflow/dags/sodai/__init__.py
[2025-11-19T23:27:29.791+0000] {processor.py:842} WARNING - No viable dags retrieved from /opt/airflow/dags/sodai/__init__.py
[2025-11-19T23:27:29.825+0000] {processor.py:183} INFO - Processing /opt/airflow/dags/sodai/__init__.py took 0.170 seconds
[2025-11-19T23:28:02.785+0000] {processor.py:161} INFO - Started process (PID=2212) to work on /opt/airflow/dags/sodai/__init__.py
[2025-11-19T23:28:02.790+0000] {processor.py:830} INFO - Processing file /opt/airflow/dags/sodai/__init__.py for tasks to queue
[2025-11-19T23:28:02.793+0000] {logging_mixin.py:188} INFO - [2025-11-19T23:28:02.793+0000] {dagbag.py:540} INFO - Filling up the DagBag from /opt/airflow/dags/sodai/__init__.py
[2025-11-19T23:28:02.811+0000] {processor.py:842} WARNING - No viable dags retrieved from /opt/airflow/dags/sodai/__init__.py
[2025-11-19T23:28:02.837+0000] {processor.py:183} INFO - Processing /opt/airflow/dags/sodai/__init__.py took 0.073 seconds
[2025-11-19T23:28:36.705+0000] {processor.py:161} INFO - Started process (PID=2222) to work on /opt/airflow/dags/sodai/__init__.py
[2025-11-19T23:28:36.709+0000] {processor.py:830} INFO - Processing file /opt/airflow/dags/sodai/__init__.py for tasks to queue
[2025-11-19T23:28:36.716+0000] {logging_mixin.py:188} INFO - [2025-11-19T23:28:36.716+0000] {dagbag.py:540} INFO - Filling up the DagBag from /opt/airflow/dags/sodai/__init__.py
[2025-11-19T23:28:36.756+0000] {processor.py:842} WARNING - No viable dags retrieved from /opt/airflow/dags/sodai/__init__.py
[2025-11-19T23:28:36.781+0000] {processor.py:183} INFO - Processing /opt/airflow/dags/sodai/__init__.py took 0.113 seconds
[2025-11-19T23:29:09.587+0000] {processor.py:161} INFO - Started process (PID=2231) to work on /opt/airflow/dags/sodai/__init__.py
[2025-11-19T23:29:09.596+0000] {processor.py:830} INFO - Processing file /opt/airflow/dags/sodai/__init__.py for tasks to queue
[2025-11-19T23:29:09.604+0000] {logging_mixin.py:188} INFO - [2025-11-19T23:29:09.604+0000] {dagbag.py:540} INFO - Filling up the DagBag from /opt/airflow/dags/sodai/__init__.py
[2025-11-19T23:29:09.622+0000] {processor.py:842} WARNING - No viable dags retrieved from /opt/airflow/dags/sodai/__init__.py
[2025-11-19T23:29:09.645+0000] {processor.py:183} INFO - Processing /opt/airflow/dags/sodai/__init__.py took 0.077 seconds
[2025-11-19T23:29:42.084+0000] {processor.py:161} INFO - Started process (PID=2242) to work on /opt/airflow/dags/sodai/__init__.py
[2025-11-19T23:29:42.089+0000] {processor.py:830} INFO - Processing file /opt/airflow/dags/sodai/__init__.py for tasks to queue
[2025-11-19T23:29:42.095+0000] {logging_mixin.py:188} INFO - [2025-11-19T23:29:42.095+0000] {dagbag.py:540} INFO - Filling up the DagBag from /opt/airflow/dags/sodai/__init__.py
[2025-11-19T23:29:42.131+0000] {processor.py:842} WARNING - No viable dags retrieved from /opt/airflow/dags/sodai/__init__.py
[2025-11-19T23:29:42.165+0000] {processor.py:183} INFO - Processing /opt/airflow/dags/sodai/__init__.py took 0.102 seconds
[2025-11-19T23:30:15.615+0000] {processor.py:161} INFO - Started process (PID=2252) to work on /opt/airflow/dags/sodai/__init__.py
[2025-11-19T23:30:15.617+0000] {processor.py:830} INFO - Processing file /opt/airflow/dags/sodai/__init__.py for tasks to queue
[2025-11-19T23:30:15.619+0000] {logging_mixin.py:188} INFO - [2025-11-19T23:30:15.619+0000] {dagbag.py:540} INFO - Filling up the DagBag from /opt/airflow/dags/sodai/__init__.py
[2025-11-19T23:30:15.633+0000] {processor.py:842} WARNING - No viable dags retrieved from /opt/airflow/dags/sodai/__init__.py
[2025-11-19T23:30:15.645+0000] {processor.py:183} INFO - Processing /opt/airflow/dags/sodai/__init__.py took 0.042 seconds
[2025-11-19T23:30:48.999+0000] {processor.py:161} INFO - Started process (PID=2262) to work on /opt/airflow/dags/sodai/__init__.py
[2025-11-19T23:30:48.999+0000] {processor.py:830} INFO - Processing file /opt/airflow/dags/sodai/__init__.py for tasks to queue
[2025-11-19T23:30:49.001+0000] {logging_mixin.py:188} INFO - [2025-11-19T23:30:49.001+0000] {dagbag.py:540} INFO - Filling up the DagBag from /opt/airflow/dags/sodai/__init__.py
[2025-11-19T23:30:49.012+0000] {processor.py:842} WARNING - No viable dags retrieved from /opt/airflow/dags/sodai/__init__.py
[2025-11-19T23:30:49.025+0000] {processor.py:183} INFO - Processing /opt/airflow/dags/sodai/__init__.py took 0.032 seconds
[2025-11-19T23:31:19.331+0000] {processor.py:161} INFO - Started process (PID=2272) to work on /opt/airflow/dags/sodai/__init__.py
[2025-11-19T23:31:19.332+0000] {processor.py:830} INFO - Processing file /opt/airflow/dags/sodai/__init__.py for tasks to queue
[2025-11-19T23:31:19.336+0000] {logging_mixin.py:188} INFO - [2025-11-19T23:31:19.335+0000] {dagbag.py:540} INFO - Filling up the DagBag from /opt/airflow/dags/sodai/__init__.py
[2025-11-19T23:31:21.378+0000] {processor.py:842} WARNING - No viable dags retrieved from /opt/airflow/dags/sodai/__init__.py
[2025-11-19T23:31:21.397+0000] {processor.py:183} INFO - Processing /opt/airflow/dags/sodai/__init__.py took 0.054 seconds
[2025-11-19T23:31:54.895+0000] {processor.py:161} INFO - Started process (PID=2284) to work on /opt/airflow/dags/sodai/__init__.py
[2025-11-19T23:31:54.896+0000] {processor.py:830} INFO - Processing file /opt/airflow/dags/sodai/__init__.py for tasks to queue
[2025-11-19T23:31:54.897+0000] {logging_mixin.py:188} INFO - [2025-11-19T23:31:54.897+0000] {dagbag.py:540} INFO - Filling up the DagBag from /opt/airflow/dags/sodai/__init__.py
[2025-11-19T23:31:54.907+0000] {processor.py:842} WARNING - No viable dags retrieved from /opt/airflow/dags/sodai/__init__.py
[2025-11-19T23:31:54.919+0000] {processor.py:183} INFO - Processing /opt/airflow/dags/sodai/__init__.py took 0.028 seconds
[2025-11-19T23:32:28.363+0000] {processor.py:161} INFO - Started process (PID=2396) to work on /opt/airflow/dags/sodai/__init__.py
[2025-11-19T23:32:28.365+0000] {processor.py:830} INFO - Processing file /opt/airflow/dags/sodai/__init__.py for tasks to queue
[2025-11-19T23:32:28.367+0000] {logging_mixin.py:188} INFO - [2025-11-19T23:32:28.367+0000] {dagbag.py:540} INFO - Filling up the DagBag from /opt/airflow/dags/sodai/__init__.py
[2025-11-19T23:32:28.379+0000] {processor.py:842} WARNING - No viable dags retrieved from /opt/airflow/dags/sodai/__init__.py
[2025-11-19T23:32:28.394+0000] {processor.py:183} INFO - Processing /opt/airflow/dags/sodai/__init__.py took 0.040 seconds
[2025-11-19T23:33:00.718+0000] {processor.py:161} INFO - Started process (PID=2406) to work on /opt/airflow/dags/sodai/__init__.py
[2025-11-19T23:33:00.719+0000] {processor.py:830} INFO - Processing file /opt/airflow/dags/sodai/__init__.py for tasks to queue
[2025-11-19T23:33:00.722+0000] {logging_mixin.py:188} INFO - [2025-11-19T23:33:00.721+0000] {dagbag.py:540} INFO - Filling up the DagBag from /opt/airflow/dags/sodai/__init__.py
[2025-11-19T23:33:00.737+0000] {processor.py:842} WARNING - No viable dags retrieved from /opt/airflow/dags/sodai/__init__.py
[2025-11-19T23:33:00.752+0000] {processor.py:183} INFO - Processing /opt/airflow/dags/sodai/__init__.py took 0.041 seconds
[2025-11-19T23:33:34.182+0000] {processor.py:161} INFO - Started process (PID=2416) to work on /opt/airflow/dags/sodai/__init__.py
[2025-11-19T23:33:34.184+0000] {processor.py:830} INFO - Processing file /opt/airflow/dags/sodai/__init__.py for tasks to queue
[2025-11-19T23:33:34.186+0000] {logging_mixin.py:188} INFO - [2025-11-19T23:33:34.185+0000] {dagbag.py:540} INFO - Filling up the DagBag from /opt/airflow/dags/sodai/__init__.py
[2025-11-19T23:33:34.201+0000] {processor.py:842} WARNING - No viable dags retrieved from /opt/airflow/dags/sodai/__init__.py
[2025-11-19T23:33:34.214+0000] {processor.py:183} INFO - Processing /opt/airflow/dags/sodai/__init__.py took 0.038 seconds
[2025-11-19T23:34:07.607+0000] {processor.py:161} INFO - Started process (PID=2426) to work on /opt/airflow/dags/sodai/__init__.py
[2025-11-19T23:34:07.608+0000] {processor.py:830} INFO - Processing file /opt/airflow/dags/sodai/__init__.py for tasks to queue
[2025-11-19T23:34:07.609+0000] {logging_mixin.py:188} INFO - [2025-11-19T23:34:07.609+0000] {dagbag.py:540} INFO - Filling up the DagBag from /opt/airflow/dags/sodai/__init__.py
[2025-11-19T23:34:07.620+0000] {processor.py:842} WARNING - No viable dags retrieved from /opt/airflow/dags/sodai/__init__.py
[2025-11-19T23:34:07.629+0000] {processor.py:183} INFO - Processing /opt/airflow/dags/sodai/__init__.py took 0.027 seconds
[2025-11-19T23:34:41.029+0000] {processor.py:161} INFO - Started process (PID=2476) to work on /opt/airflow/dags/sodai/__init__.py
[2025-11-19T23:34:41.031+0000] {processor.py:830} INFO - Processing file /opt/airflow/dags/sodai/__init__.py for tasks to queue
[2025-11-19T23:34:41.033+0000] {logging_mixin.py:188} INFO - [2025-11-19T23:34:41.033+0000] {dagbag.py:540} INFO - Filling up the DagBag from /opt/airflow/dags/sodai/__init__.py
[2025-11-19T23:34:41.051+0000] {processor.py:842} WARNING - No viable dags retrieved from /opt/airflow/dags/sodai/__init__.py
[2025-11-19T23:34:41.066+0000] {processor.py:183} INFO - Processing /opt/airflow/dags/sodai/__init__.py took 0.044 seconds
[2025-11-19T23:35:13.344+0000] {processor.py:161} INFO - Started process (PID=2486) to work on /opt/airflow/dags/sodai/__init__.py
[2025-11-19T23:35:13.345+0000] {processor.py:830} INFO - Processing file /opt/airflow/dags/sodai/__init__.py for tasks to queue
[2025-11-19T23:35:13.347+0000] {logging_mixin.py:188} INFO - [2025-11-19T23:35:13.346+0000] {dagbag.py:540} INFO - Filling up the DagBag from /opt/airflow/dags/sodai/__init__.py
[2025-11-19T23:35:13.361+0000] {processor.py:842} WARNING - No viable dags retrieved from /opt/airflow/dags/sodai/__init__.py
[2025-11-19T23:35:13.381+0000] {processor.py:183} INFO - Processing /opt/airflow/dags/sodai/__init__.py took 0.046 seconds
[2025-11-19T23:35:46.808+0000] {processor.py:161} INFO - Started process (PID=2496) to work on /opt/airflow/dags/sodai/__init__.py
[2025-11-19T23:35:46.809+0000] {processor.py:830} INFO - Processing file /opt/airflow/dags/sodai/__init__.py for tasks to queue
[2025-11-19T23:35:46.811+0000] {logging_mixin.py:188} INFO - [2025-11-19T23:35:46.811+0000] {dagbag.py:540} INFO - Filling up the DagBag from /opt/airflow/dags/sodai/__init__.py
[2025-11-19T23:35:46.822+0000] {processor.py:842} WARNING - No viable dags retrieved from /opt/airflow/dags/sodai/__init__.py
[2025-11-19T23:35:46.832+0000] {processor.py:183} INFO - Processing /opt/airflow/dags/sodai/__init__.py took 0.028 seconds
[2025-11-19T23:36:20.223+0000] {processor.py:161} INFO - Started process (PID=2509) to work on /opt/airflow/dags/sodai/__init__.py
[2025-11-19T23:36:20.224+0000] {processor.py:830} INFO - Processing file /opt/airflow/dags/sodai/__init__.py for tasks to queue
[2025-11-19T23:36:20.226+0000] {logging_mixin.py:188} INFO - [2025-11-19T23:36:20.226+0000] {dagbag.py:540} INFO - Filling up the DagBag from /opt/airflow/dags/sodai/__init__.py
[2025-11-19T23:36:20.242+0000] {processor.py:842} WARNING - No viable dags retrieved from /opt/airflow/dags/sodai/__init__.py
[2025-11-19T23:36:20.259+0000] {processor.py:183} INFO - Processing /opt/airflow/dags/sodai/__init__.py took 0.042 seconds
[2025-11-19T23:36:53.651+0000] {processor.py:161} INFO - Started process (PID=2519) to work on /opt/airflow/dags/sodai/__init__.py
[2025-11-19T23:36:53.652+0000] {processor.py:830} INFO - Processing file /opt/airflow/dags/sodai/__init__.py for tasks to queue
[2025-11-19T23:36:53.653+0000] {logging_mixin.py:188} INFO - [2025-11-19T23:36:53.653+0000] {dagbag.py:540} INFO - Filling up the DagBag from /opt/airflow/dags/sodai/__init__.py
[2025-11-19T23:36:53.663+0000] {processor.py:842} WARNING - No viable dags retrieved from /opt/airflow/dags/sodai/__init__.py
[2025-11-19T23:36:53.672+0000] {processor.py:183} INFO - Processing /opt/airflow/dags/sodai/__init__.py took 0.025 seconds
[2025-11-19T23:37:26.004+0000] {processor.py:161} INFO - Started process (PID=2529) to work on /opt/airflow/dags/sodai/__init__.py
[2025-11-19T23:37:26.005+0000] {processor.py:830} INFO - Processing file /opt/airflow/dags/sodai/__init__.py for tasks to queue
[2025-11-19T23:37:26.007+0000] {logging_mixin.py:188} INFO - [2025-11-19T23:37:26.006+0000] {dagbag.py:540} INFO - Filling up the DagBag from /opt/airflow/dags/sodai/__init__.py
[2025-11-19T23:37:26.018+0000] {processor.py:842} WARNING - No viable dags retrieved from /opt/airflow/dags/sodai/__init__.py
[2025-11-19T23:37:26.029+0000] {processor.py:183} INFO - Processing /opt/airflow/dags/sodai/__init__.py took 0.029 seconds
[2025-11-19T23:37:59.434+0000] {processor.py:161} INFO - Started process (PID=2539) to work on /opt/airflow/dags/sodai/__init__.py
[2025-11-19T23:37:59.434+0000] {processor.py:830} INFO - Processing file /opt/airflow/dags/sodai/__init__.py for tasks to queue
[2025-11-19T23:37:59.436+0000] {logging_mixin.py:188} INFO - [2025-11-19T23:37:59.436+0000] {dagbag.py:540} INFO - Filling up the DagBag from /opt/airflow/dags/sodai/__init__.py
[2025-11-19T23:37:59.446+0000] {processor.py:842} WARNING - No viable dags retrieved from /opt/airflow/dags/sodai/__init__.py
[2025-11-19T23:37:59.457+0000] {processor.py:183} INFO - Processing /opt/airflow/dags/sodai/__init__.py took 0.029 seconds
[2025-11-19T23:38:32.749+0000] {processor.py:161} INFO - Started process (PID=2549) to work on /opt/airflow/dags/sodai/__init__.py
[2025-11-19T23:38:32.750+0000] {processor.py:830} INFO - Processing file /opt/airflow/dags/sodai/__init__.py for tasks to queue
[2025-11-19T23:38:32.751+0000] {logging_mixin.py:188} INFO - [2025-11-19T23:38:32.751+0000] {dagbag.py:540} INFO - Filling up the DagBag from /opt/airflow/dags/sodai/__init__.py
[2025-11-19T23:38:32.762+0000] {processor.py:842} WARNING - No viable dags retrieved from /opt/airflow/dags/sodai/__init__.py
[2025-11-19T23:38:32.773+0000] {processor.py:183} INFO - Processing /opt/airflow/dags/sodai/__init__.py took 0.029 seconds
[2025-11-19T23:39:06.176+0000] {processor.py:161} INFO - Started process (PID=2599) to work on /opt/airflow/dags/sodai/__init__.py
[2025-11-19T23:39:06.178+0000] {processor.py:830} INFO - Processing file /opt/airflow/dags/sodai/__init__.py for tasks to queue
[2025-11-19T23:39:06.180+0000] {logging_mixin.py:188} INFO - [2025-11-19T23:39:06.180+0000] {dagbag.py:540} INFO - Filling up the DagBag from /opt/airflow/dags/sodai/__init__.py
[2025-11-19T23:39:06.196+0000] {processor.py:842} WARNING - No viable dags retrieved from /opt/airflow/dags/sodai/__init__.py
[2025-11-19T23:39:06.212+0000] {processor.py:183} INFO - Processing /opt/airflow/dags/sodai/__init__.py took 0.042 seconds
[2025-11-19T23:39:38.584+0000] {processor.py:161} INFO - Started process (PID=2609) to work on /opt/airflow/dags/sodai/__init__.py
[2025-11-19T23:39:38.585+0000] {processor.py:830} INFO - Processing file /opt/airflow/dags/sodai/__init__.py for tasks to queue
[2025-11-19T23:39:38.588+0000] {logging_mixin.py:188} INFO - [2025-11-19T23:39:38.588+0000] {dagbag.py:540} INFO - Filling up the DagBag from /opt/airflow/dags/sodai/__init__.py
[2025-11-19T23:39:38.607+0000] {processor.py:842} WARNING - No viable dags retrieved from /opt/airflow/dags/sodai/__init__.py
[2025-11-19T23:39:38.626+0000] {processor.py:183} INFO - Processing /opt/airflow/dags/sodai/__init__.py took 0.050 seconds
[2025-11-19T23:40:11.980+0000] {processor.py:161} INFO - Started process (PID=2666) to work on /opt/airflow/dags/sodai/__init__.py
[2025-11-19T23:40:11.981+0000] {processor.py:830} INFO - Processing file /opt/airflow/dags/sodai/__init__.py for tasks to queue
[2025-11-19T23:40:11.982+0000] {logging_mixin.py:188} INFO - [2025-11-19T23:40:11.982+0000] {dagbag.py:540} INFO - Filling up the DagBag from /opt/airflow/dags/sodai/__init__.py
[2025-11-19T23:40:11.995+0000] {processor.py:842} WARNING - No viable dags retrieved from /opt/airflow/dags/sodai/__init__.py
[2025-11-19T23:40:12.006+0000] {processor.py:183} INFO - Processing /opt/airflow/dags/sodai/__init__.py took 0.033 seconds
[2025-11-19T23:40:45.326+0000] {processor.py:161} INFO - Started process (PID=2721) to work on /opt/airflow/dags/sodai/__init__.py
[2025-11-19T23:40:45.326+0000] {processor.py:830} INFO - Processing file /opt/airflow/dags/sodai/__init__.py for tasks to queue
[2025-11-19T23:40:45.328+0000] {logging_mixin.py:188} INFO - [2025-11-19T23:40:45.328+0000] {dagbag.py:540} INFO - Filling up the DagBag from /opt/airflow/dags/sodai/__init__.py
[2025-11-19T23:40:45.341+0000] {processor.py:842} WARNING - No viable dags retrieved from /opt/airflow/dags/sodai/__init__.py
[2025-11-19T23:40:45.352+0000] {processor.py:183} INFO - Processing /opt/airflow/dags/sodai/__init__.py took 0.031 seconds
[2025-11-19T23:41:15.709+0000] {processor.py:161} INFO - Started process (PID=2731) to work on /opt/airflow/dags/sodai/__init__.py
[2025-11-19T23:41:15.710+0000] {processor.py:830} INFO - Processing file /opt/airflow/dags/sodai/__init__.py for tasks to queue
[2025-11-19T23:41:15.711+0000] {logging_mixin.py:188} INFO - [2025-11-19T23:41:15.711+0000] {dagbag.py:540} INFO - Filling up the DagBag from /opt/airflow/dags/sodai/__init__.py
[2025-11-19T23:41:15.720+0000] {processor.py:842} WARNING - No viable dags retrieved from /opt/airflow/dags/sodai/__init__.py
[2025-11-19T23:41:15.731+0000] {processor.py:183} INFO - Processing /opt/airflow/dags/sodai/__init__.py took 0.026 seconds
[2025-11-19T23:41:45.966+0000] {processor.py:161} INFO - Started process (PID=2741) to work on /opt/airflow/dags/sodai/__init__.py
[2025-11-19T23:41:45.967+0000] {processor.py:830} INFO - Processing file /opt/airflow/dags/sodai/__init__.py for tasks to queue
[2025-11-19T23:41:45.969+0000] {logging_mixin.py:188} INFO - [2025-11-19T23:41:45.968+0000] {dagbag.py:540} INFO - Filling up the DagBag from /opt/airflow/dags/sodai/__init__.py
[2025-11-19T23:41:45.982+0000] {processor.py:842} WARNING - No viable dags retrieved from /opt/airflow/dags/sodai/__init__.py
[2025-11-19T23:41:45.996+0000] {processor.py:183} INFO - Processing /opt/airflow/dags/sodai/__init__.py took 0.035 seconds
[2025-11-19T23:42:16.295+0000] {processor.py:161} INFO - Started process (PID=2751) to work on /opt/airflow/dags/sodai/__init__.py
[2025-11-19T23:42:16.296+0000] {processor.py:830} INFO - Processing file /opt/airflow/dags/sodai/__init__.py for tasks to queue
[2025-11-19T23:42:16.298+0000] {logging_mixin.py:188} INFO - [2025-11-19T23:42:16.297+0000] {dagbag.py:540} INFO - Filling up the DagBag from /opt/airflow/dags/sodai/__init__.py
[2025-11-19T23:42:16.311+0000] {processor.py:842} WARNING - No viable dags retrieved from /opt/airflow/dags/sodai/__init__.py
[2025-11-19T23:42:16.321+0000] {processor.py:183} INFO - Processing /opt/airflow/dags/sodai/__init__.py took 0.030 seconds
[2025-11-19T23:42:46.740+0000] {processor.py:161} INFO - Started process (PID=2761) to work on /opt/airflow/dags/sodai/__init__.py
[2025-11-19T23:42:46.741+0000] {processor.py:830} INFO - Processing file /opt/airflow/dags/sodai/__init__.py for tasks to queue
[2025-11-19T23:42:46.742+0000] {logging_mixin.py:188} INFO - [2025-11-19T23:42:46.742+0000] {dagbag.py:540} INFO - Filling up the DagBag from /opt/airflow/dags/sodai/__init__.py
[2025-11-19T23:42:46.753+0000] {processor.py:842} WARNING - No viable dags retrieved from /opt/airflow/dags/sodai/__init__.py
[2025-11-19T23:42:46.765+0000] {processor.py:183} INFO - Processing /opt/airflow/dags/sodai/__init__.py took 0.030 seconds
[2025-11-19T23:43:17.078+0000] {processor.py:161} INFO - Started process (PID=2771) to work on /opt/airflow/dags/sodai/__init__.py
[2025-11-19T23:43:17.079+0000] {processor.py:830} INFO - Processing file /opt/airflow/dags/sodai/__init__.py for tasks to queue
[2025-11-19T23:43:17.081+0000] {logging_mixin.py:188} INFO - [2025-11-19T23:43:17.080+0000] {dagbag.py:540} INFO - Filling up the DagBag from /opt/airflow/dags/sodai/__init__.py
[2025-11-19T23:43:17.093+0000] {processor.py:842} WARNING - No viable dags retrieved from /opt/airflow/dags/sodai/__init__.py
[2025-11-19T23:43:17.103+0000] {processor.py:183} INFO - Processing /opt/airflow/dags/sodai/__init__.py took 0.030 seconds
[2025-11-19T23:43:47.474+0000] {processor.py:161} INFO - Started process (PID=2781) to work on /opt/airflow/dags/sodai/__init__.py
[2025-11-19T23:43:47.475+0000] {processor.py:830} INFO - Processing file /opt/airflow/dags/sodai/__init__.py for tasks to queue
[2025-11-19T23:43:47.476+0000] {logging_mixin.py:188} INFO - [2025-11-19T23:43:47.476+0000] {dagbag.py:540} INFO - Filling up the DagBag from /opt/airflow/dags/sodai/__init__.py
[2025-11-19T23:43:47.488+0000] {processor.py:842} WARNING - No viable dags retrieved from /opt/airflow/dags/sodai/__init__.py
[2025-11-19T23:43:47.499+0000] {processor.py:183} INFO - Processing /opt/airflow/dags/sodai/__init__.py took 0.029 seconds
[2025-11-19T23:44:17.789+0000] {processor.py:161} INFO - Started process (PID=2791) to work on /opt/airflow/dags/sodai/__init__.py
[2025-11-19T23:44:17.789+0000] {processor.py:830} INFO - Processing file /opt/airflow/dags/sodai/__init__.py for tasks to queue
[2025-11-19T23:44:17.791+0000] {logging_mixin.py:188} INFO - [2025-11-19T23:44:17.791+0000] {dagbag.py:540} INFO - Filling up the DagBag from /opt/airflow/dags/sodai/__init__.py
[2025-11-19T23:44:17.805+0000] {processor.py:842} WARNING - No viable dags retrieved from /opt/airflow/dags/sodai/__init__.py
[2025-11-19T23:44:17.816+0000] {processor.py:183} INFO - Processing /opt/airflow/dags/sodai/__init__.py took 0.031 seconds
[2025-11-19T23:44:48.139+0000] {processor.py:161} INFO - Started process (PID=2801) to work on /opt/airflow/dags/sodai/__init__.py
[2025-11-19T23:44:48.140+0000] {processor.py:830} INFO - Processing file /opt/airflow/dags/sodai/__init__.py for tasks to queue
[2025-11-19T23:44:48.142+0000] {logging_mixin.py:188} INFO - [2025-11-19T23:44:48.142+0000] {dagbag.py:540} INFO - Filling up the DagBag from /opt/airflow/dags/sodai/__init__.py
[2025-11-19T23:44:48.152+0000] {processor.py:842} WARNING - No viable dags retrieved from /opt/airflow/dags/sodai/__init__.py
[2025-11-19T23:44:48.163+0000] {processor.py:183} INFO - Processing /opt/airflow/dags/sodai/__init__.py took 0.028 seconds
[2025-11-19T23:45:18.516+0000] {processor.py:161} INFO - Started process (PID=2858) to work on /opt/airflow/dags/sodai/__init__.py
[2025-11-19T23:45:18.516+0000] {processor.py:830} INFO - Processing file /opt/airflow/dags/sodai/__init__.py for tasks to queue
[2025-11-19T23:45:18.518+0000] {logging_mixin.py:188} INFO - [2025-11-19T23:45:18.518+0000] {dagbag.py:540} INFO - Filling up the DagBag from /opt/airflow/dags/sodai/__init__.py
[2025-11-19T23:45:18.529+0000] {processor.py:842} WARNING - No viable dags retrieved from /opt/airflow/dags/sodai/__init__.py
[2025-11-19T23:45:18.541+0000] {processor.py:183} INFO - Processing /opt/airflow/dags/sodai/__init__.py took 0.030 seconds
[2025-11-19T23:45:48.929+0000] {processor.py:161} INFO - Started process (PID=2868) to work on /opt/airflow/dags/sodai/__init__.py
[2025-11-19T23:45:48.930+0000] {processor.py:830} INFO - Processing file /opt/airflow/dags/sodai/__init__.py for tasks to queue
[2025-11-19T23:45:48.931+0000] {logging_mixin.py:188} INFO - [2025-11-19T23:45:48.931+0000] {dagbag.py:540} INFO - Filling up the DagBag from /opt/airflow/dags/sodai/__init__.py
[2025-11-19T23:45:48.942+0000] {processor.py:842} WARNING - No viable dags retrieved from /opt/airflow/dags/sodai/__init__.py
[2025-11-19T23:45:48.953+0000] {processor.py:183} INFO - Processing /opt/airflow/dags/sodai/__init__.py took 0.028 seconds
[2025-11-19T23:46:19.190+0000] {processor.py:161} INFO - Started process (PID=2878) to work on /opt/airflow/dags/sodai/__init__.py
[2025-11-19T23:46:19.191+0000] {processor.py:830} INFO - Processing file /opt/airflow/dags/sodai/__init__.py for tasks to queue
[2025-11-19T23:46:19.193+0000] {logging_mixin.py:188} INFO - [2025-11-19T23:46:19.193+0000] {dagbag.py:540} INFO - Filling up the DagBag from /opt/airflow/dags/sodai/__init__.py
[2025-11-19T23:46:19.203+0000] {processor.py:842} WARNING - No viable dags retrieved from /opt/airflow/dags/sodai/__init__.py
[2025-11-19T23:46:19.213+0000] {processor.py:183} INFO - Processing /opt/airflow/dags/sodai/__init__.py took 0.026 seconds
[2025-11-19T23:46:49.504+0000] {processor.py:161} INFO - Started process (PID=2888) to work on /opt/airflow/dags/sodai/__init__.py
[2025-11-19T23:46:49.504+0000] {processor.py:830} INFO - Processing file /opt/airflow/dags/sodai/__init__.py for tasks to queue
[2025-11-19T23:46:49.506+0000] {logging_mixin.py:188} INFO - [2025-11-19T23:46:49.506+0000] {dagbag.py:540} INFO - Filling up the DagBag from /opt/airflow/dags/sodai/__init__.py
[2025-11-19T23:46:49.516+0000] {processor.py:842} WARNING - No viable dags retrieved from /opt/airflow/dags/sodai/__init__.py
[2025-11-19T23:46:49.526+0000] {processor.py:183} INFO - Processing /opt/airflow/dags/sodai/__init__.py took 0.026 seconds
[2025-11-19T23:47:22.937+0000] {processor.py:161} INFO - Started process (PID=2898) to work on /opt/airflow/dags/sodai/__init__.py
[2025-11-19T23:47:22.938+0000] {processor.py:830} INFO - Processing file /opt/airflow/dags/sodai/__init__.py for tasks to queue
[2025-11-19T23:47:22.939+0000] {logging_mixin.py:188} INFO - [2025-11-19T23:47:22.939+0000] {dagbag.py:540} INFO - Filling up the DagBag from /opt/airflow/dags/sodai/__init__.py
[2025-11-19T23:47:22.951+0000] {processor.py:842} WARNING - No viable dags retrieved from /opt/airflow/dags/sodai/__init__.py
[2025-11-19T23:47:22.961+0000] {processor.py:183} INFO - Processing /opt/airflow/dags/sodai/__init__.py took 0.028 seconds
[2025-11-19T23:47:54.408+0000] {processor.py:161} INFO - Started process (PID=2908) to work on /opt/airflow/dags/sodai/__init__.py
[2025-11-19T23:47:54.409+0000] {processor.py:830} INFO - Processing file /opt/airflow/dags/sodai/__init__.py for tasks to queue
[2025-11-19T23:47:54.410+0000] {logging_mixin.py:188} INFO - [2025-11-19T23:47:54.410+0000] {dagbag.py:540} INFO - Filling up the DagBag from /opt/airflow/dags/sodai/__init__.py
[2025-11-19T23:47:54.422+0000] {processor.py:842} WARNING - No viable dags retrieved from /opt/airflow/dags/sodai/__init__.py
[2025-11-19T23:47:54.434+0000] {processor.py:183} INFO - Processing /opt/airflow/dags/sodai/__init__.py took 0.030 seconds
[2025-11-19T23:48:24.991+0000] {processor.py:161} INFO - Started process (PID=2918) to work on /opt/airflow/dags/sodai/__init__.py
[2025-11-19T23:48:24.992+0000] {processor.py:830} INFO - Processing file /opt/airflow/dags/sodai/__init__.py for tasks to queue
[2025-11-19T23:48:24.993+0000] {logging_mixin.py:188} INFO - [2025-11-19T23:48:24.993+0000] {dagbag.py:540} INFO - Filling up the DagBag from /opt/airflow/dags/sodai/__init__.py
[2025-11-19T23:48:25.004+0000] {processor.py:842} WARNING - No viable dags retrieved from /opt/airflow/dags/sodai/__init__.py
[2025-11-19T23:48:25.014+0000] {processor.py:183} INFO - Processing /opt/airflow/dags/sodai/__init__.py took 0.027 seconds
[2025-11-19T23:48:55.812+0000] {processor.py:161} INFO - Started process (PID=2928) to work on /opt/airflow/dags/sodai/__init__.py
[2025-11-19T23:48:55.813+0000] {processor.py:830} INFO - Processing file /opt/airflow/dags/sodai/__init__.py for tasks to queue
[2025-11-19T23:48:55.815+0000] {logging_mixin.py:188} INFO - [2025-11-19T23:48:55.815+0000] {dagbag.py:540} INFO - Filling up the DagBag from /opt/airflow/dags/sodai/__init__.py
[2025-11-19T23:48:55.829+0000] {processor.py:842} WARNING - No viable dags retrieved from /opt/airflow/dags/sodai/__init__.py
[2025-11-19T23:48:55.841+0000] {processor.py:183} INFO - Processing /opt/airflow/dags/sodai/__init__.py took 0.034 seconds
[2025-11-19T23:49:26.408+0000] {processor.py:161} INFO - Started process (PID=3041) to work on /opt/airflow/dags/sodai/__init__.py
[2025-11-19T23:49:26.409+0000] {processor.py:830} INFO - Processing file /opt/airflow/dags/sodai/__init__.py for tasks to queue
[2025-11-19T23:49:26.411+0000] {logging_mixin.py:188} INFO - [2025-11-19T23:49:26.411+0000] {dagbag.py:540} INFO - Filling up the DagBag from /opt/airflow/dags/sodai/__init__.py
[2025-11-19T23:49:26.428+0000] {processor.py:842} WARNING - No viable dags retrieved from /opt/airflow/dags/sodai/__init__.py
[2025-11-19T23:49:26.447+0000] {processor.py:183} INFO - Processing /opt/airflow/dags/sodai/__init__.py took 0.045 seconds
[2025-11-19T23:49:56.878+0000] {processor.py:161} INFO - Started process (PID=3051) to work on /opt/airflow/dags/sodai/__init__.py
[2025-11-19T23:49:56.879+0000] {processor.py:830} INFO - Processing file /opt/airflow/dags/sodai/__init__.py for tasks to queue
[2025-11-19T23:49:56.884+0000] {logging_mixin.py:188} INFO - [2025-11-19T23:49:56.883+0000] {dagbag.py:540} INFO - Filling up the DagBag from /opt/airflow/dags/sodai/__init__.py
[2025-11-19T23:49:56.896+0000] {processor.py:842} WARNING - No viable dags retrieved from /opt/airflow/dags/sodai/__init__.py
[2025-11-19T23:49:56.914+0000] {processor.py:183} INFO - Processing /opt/airflow/dags/sodai/__init__.py took 0.041 seconds
[2025-11-19T23:50:27.244+0000] {processor.py:161} INFO - Started process (PID=3061) to work on /opt/airflow/dags/sodai/__init__.py
[2025-11-19T23:50:27.245+0000] {processor.py:830} INFO - Processing file /opt/airflow/dags/sodai/__init__.py for tasks to queue
[2025-11-19T23:50:27.247+0000] {logging_mixin.py:188} INFO - [2025-11-19T23:50:27.247+0000] {dagbag.py:540} INFO - Filling up the DagBag from /opt/airflow/dags/sodai/__init__.py
[2025-11-19T23:50:27.260+0000] {processor.py:842} WARNING - No viable dags retrieved from /opt/airflow/dags/sodai/__init__.py
[2025-11-19T23:50:27.272+0000] {processor.py:183} INFO - Processing /opt/airflow/dags/sodai/__init__.py took 0.032 seconds
[2025-11-19T23:50:57.799+0000] {processor.py:161} INFO - Started process (PID=3211) to work on /opt/airflow/dags/sodai/__init__.py
[2025-11-19T23:50:57.800+0000] {processor.py:830} INFO - Processing file /opt/airflow/dags/sodai/__init__.py for tasks to queue
[2025-11-19T23:50:57.801+0000] {logging_mixin.py:188} INFO - [2025-11-19T23:50:57.801+0000] {dagbag.py:540} INFO - Filling up the DagBag from /opt/airflow/dags/sodai/__init__.py
[2025-11-19T23:50:57.810+0000] {processor.py:842} WARNING - No viable dags retrieved from /opt/airflow/dags/sodai/__init__.py
[2025-11-19T23:50:57.819+0000] {processor.py:183} INFO - Processing /opt/airflow/dags/sodai/__init__.py took 0.024 seconds
[2025-11-19T23:51:28.247+0000] {processor.py:161} INFO - Started process (PID=3221) to work on /opt/airflow/dags/sodai/__init__.py
[2025-11-19T23:51:28.247+0000] {processor.py:830} INFO - Processing file /opt/airflow/dags/sodai/__init__.py for tasks to queue
[2025-11-19T23:51:28.249+0000] {logging_mixin.py:188} INFO - [2025-11-19T23:51:28.249+0000] {dagbag.py:540} INFO - Filling up the DagBag from /opt/airflow/dags/sodai/__init__.py
[2025-11-19T23:51:28.260+0000] {processor.py:842} WARNING - No viable dags retrieved from /opt/airflow/dags/sodai/__init__.py
[2025-11-19T23:51:28.271+0000] {processor.py:183} INFO - Processing /opt/airflow/dags/sodai/__init__.py took 0.028 seconds
[2025-11-19T23:51:58.654+0000] {processor.py:161} INFO - Started process (PID=3231) to work on /opt/airflow/dags/sodai/__init__.py
[2025-11-19T23:51:58.655+0000] {processor.py:830} INFO - Processing file /opt/airflow/dags/sodai/__init__.py for tasks to queue
[2025-11-19T23:51:58.656+0000] {logging_mixin.py:188} INFO - [2025-11-19T23:51:58.656+0000] {dagbag.py:540} INFO - Filling up the DagBag from /opt/airflow/dags/sodai/__init__.py
[2025-11-19T23:51:58.669+0000] {processor.py:842} WARNING - No viable dags retrieved from /opt/airflow/dags/sodai/__init__.py
[2025-11-19T23:51:58.682+0000] {processor.py:183} INFO - Processing /opt/airflow/dags/sodai/__init__.py took 0.031 seconds
[2025-11-19T23:52:29.065+0000] {processor.py:161} INFO - Started process (PID=3241) to work on /opt/airflow/dags/sodai/__init__.py
[2025-11-19T23:52:29.066+0000] {processor.py:830} INFO - Processing file /opt/airflow/dags/sodai/__init__.py for tasks to queue
[2025-11-19T23:52:29.067+0000] {logging_mixin.py:188} INFO - [2025-11-19T23:52:29.067+0000] {dagbag.py:540} INFO - Filling up the DagBag from /opt/airflow/dags/sodai/__init__.py
[2025-11-19T23:52:29.076+0000] {processor.py:842} WARNING - No viable dags retrieved from /opt/airflow/dags/sodai/__init__.py
[2025-11-19T23:52:29.088+0000] {processor.py:183} INFO - Processing /opt/airflow/dags/sodai/__init__.py took 0.027 seconds
[2025-11-19T23:52:59.607+0000] {processor.py:161} INFO - Started process (PID=3251) to work on /opt/airflow/dags/sodai/__init__.py
[2025-11-19T23:52:59.608+0000] {processor.py:830} INFO - Processing file /opt/airflow/dags/sodai/__init__.py for tasks to queue
[2025-11-19T23:52:59.610+0000] {logging_mixin.py:188} INFO - [2025-11-19T23:52:59.609+0000] {dagbag.py:540} INFO - Filling up the DagBag from /opt/airflow/dags/sodai/__init__.py
[2025-11-19T23:52:59.621+0000] {processor.py:842} WARNING - No viable dags retrieved from /opt/airflow/dags/sodai/__init__.py
[2025-11-19T23:52:59.632+0000] {processor.py:183} INFO - Processing /opt/airflow/dags/sodai/__init__.py took 0.029 seconds
[2025-11-19T23:53:30.077+0000] {processor.py:161} INFO - Started process (PID=3261) to work on /opt/airflow/dags/sodai/__init__.py
[2025-11-19T23:53:30.078+0000] {processor.py:830} INFO - Processing file /opt/airflow/dags/sodai/__init__.py for tasks to queue
[2025-11-19T23:53:30.080+0000] {logging_mixin.py:188} INFO - [2025-11-19T23:53:30.079+0000] {dagbag.py:540} INFO - Filling up the DagBag from /opt/airflow/dags/sodai/__init__.py
[2025-11-19T23:53:30.091+0000] {processor.py:842} WARNING - No viable dags retrieved from /opt/airflow/dags/sodai/__init__.py
[2025-11-19T23:53:30.102+0000] {processor.py:183} INFO - Processing /opt/airflow/dags/sodai/__init__.py took 0.029 seconds
[2025-11-19T23:54:01.464+0000] {processor.py:161} INFO - Started process (PID=3271) to work on /opt/airflow/dags/sodai/__init__.py
[2025-11-19T23:54:01.465+0000] {processor.py:830} INFO - Processing file /opt/airflow/dags/sodai/__init__.py for tasks to queue
[2025-11-19T23:54:01.468+0000] {logging_mixin.py:188} INFO - [2025-11-19T23:54:01.467+0000] {dagbag.py:540} INFO - Filling up the DagBag from /opt/airflow/dags/sodai/__init__.py
[2025-11-19T23:54:01.485+0000] {processor.py:842} WARNING - No viable dags retrieved from /opt/airflow/dags/sodai/__init__.py
[2025-11-19T23:54:01.498+0000] {processor.py:183} INFO - Processing /opt/airflow/dags/sodai/__init__.py took 0.039 seconds
[2025-11-19T23:54:34.881+0000] {processor.py:161} INFO - Started process (PID=3281) to work on /opt/airflow/dags/sodai/__init__.py
[2025-11-19T23:54:34.882+0000] {processor.py:830} INFO - Processing file /opt/airflow/dags/sodai/__init__.py for tasks to queue
[2025-11-19T23:54:34.884+0000] {logging_mixin.py:188} INFO - [2025-11-19T23:54:34.883+0000] {dagbag.py:540} INFO - Filling up the DagBag from /opt/airflow/dags/sodai/__init__.py
[2025-11-19T23:54:34.895+0000] {processor.py:842} WARNING - No viable dags retrieved from /opt/airflow/dags/sodai/__init__.py
[2025-11-19T23:54:34.906+0000] {processor.py:183} INFO - Processing /opt/airflow/dags/sodai/__init__.py took 0.030 seconds
[2025-11-19T23:55:07.301+0000] {processor.py:161} INFO - Started process (PID=3291) to work on /opt/airflow/dags/sodai/__init__.py
[2025-11-19T23:55:07.302+0000] {processor.py:830} INFO - Processing file /opt/airflow/dags/sodai/__init__.py for tasks to queue
[2025-11-19T23:55:07.304+0000] {logging_mixin.py:188} INFO - [2025-11-19T23:55:07.303+0000] {dagbag.py:540} INFO - Filling up the DagBag from /opt/airflow/dags/sodai/__init__.py
[2025-11-19T23:55:07.313+0000] {processor.py:842} WARNING - No viable dags retrieved from /opt/airflow/dags/sodai/__init__.py
[2025-11-19T23:55:07.326+0000] {processor.py:183} INFO - Processing /opt/airflow/dags/sodai/__init__.py took 0.029 seconds
[2025-11-19T23:55:40.758+0000] {processor.py:161} INFO - Started process (PID=3301) to work on /opt/airflow/dags/sodai/__init__.py
[2025-11-19T23:55:40.759+0000] {processor.py:830} INFO - Processing file /opt/airflow/dags/sodai/__init__.py for tasks to queue
[2025-11-19T23:55:40.760+0000] {logging_mixin.py:188} INFO - [2025-11-19T23:55:40.760+0000] {dagbag.py:540} INFO - Filling up the DagBag from /opt/airflow/dags/sodai/__init__.py
[2025-11-19T23:55:40.773+0000] {processor.py:842} WARNING - No viable dags retrieved from /opt/airflow/dags/sodai/__init__.py
[2025-11-19T23:55:40.786+0000] {processor.py:183} INFO - Processing /opt/airflow/dags/sodai/__init__.py took 0.031 seconds
[2025-11-19T23:56:14.221+0000] {processor.py:161} INFO - Started process (PID=3370) to work on /opt/airflow/dags/sodai/__init__.py
[2025-11-19T23:56:14.221+0000] {processor.py:830} INFO - Processing file /opt/airflow/dags/sodai/__init__.py for tasks to queue
[2025-11-19T23:56:14.223+0000] {logging_mixin.py:188} INFO - [2025-11-19T23:56:14.223+0000] {dagbag.py:540} INFO - Filling up the DagBag from /opt/airflow/dags/sodai/__init__.py
[2025-11-19T23:56:14.236+0000] {processor.py:842} WARNING - No viable dags retrieved from /opt/airflow/dags/sodai/__init__.py
[2025-11-19T23:56:14.248+0000] {processor.py:183} INFO - Processing /opt/airflow/dags/sodai/__init__.py took 0.032 seconds
[2025-11-19T23:56:47.519+0000] {processor.py:161} INFO - Started process (PID=3380) to work on /opt/airflow/dags/sodai/__init__.py
[2025-11-19T23:56:47.520+0000] {processor.py:830} INFO - Processing file /opt/airflow/dags/sodai/__init__.py for tasks to queue
[2025-11-19T23:56:47.521+0000] {logging_mixin.py:188} INFO - [2025-11-19T23:56:47.521+0000] {dagbag.py:540} INFO - Filling up the DagBag from /opt/airflow/dags/sodai/__init__.py
[2025-11-19T23:56:47.535+0000] {processor.py:842} WARNING - No viable dags retrieved from /opt/airflow/dags/sodai/__init__.py
[2025-11-19T23:56:47.548+0000] {processor.py:183} INFO - Processing /opt/airflow/dags/sodai/__init__.py took 0.034 seconds
[2025-11-19T23:57:18.064+0000] {processor.py:161} INFO - Started process (PID=3390) to work on /opt/airflow/dags/sodai/__init__.py
[2025-11-19T23:57:18.064+0000] {processor.py:830} INFO - Processing file /opt/airflow/dags/sodai/__init__.py for tasks to queue
[2025-11-19T23:57:18.066+0000] {logging_mixin.py:188} INFO - [2025-11-19T23:57:18.066+0000] {dagbag.py:540} INFO - Filling up the DagBag from /opt/airflow/dags/sodai/__init__.py
[2025-11-19T23:57:18.075+0000] {processor.py:842} WARNING - No viable dags retrieved from /opt/airflow/dags/sodai/__init__.py
[2025-11-19T23:57:20.118+0000] {processor.py:183} INFO - Processing /opt/airflow/dags/sodai/__init__.py took 0.025 seconds
[2025-11-19T23:57:53.763+0000] {processor.py:161} INFO - Started process (PID=3400) to work on /opt/airflow/dags/sodai/__init__.py
[2025-11-19T23:57:53.764+0000] {processor.py:830} INFO - Processing file /opt/airflow/dags/sodai/__init__.py for tasks to queue
[2025-11-19T23:57:53.766+0000] {logging_mixin.py:188} INFO - [2025-11-19T23:57:53.765+0000] {dagbag.py:540} INFO - Filling up the DagBag from /opt/airflow/dags/sodai/__init__.py
[2025-11-19T23:57:53.777+0000] {processor.py:842} WARNING - No viable dags retrieved from /opt/airflow/dags/sodai/__init__.py
[2025-11-19T23:57:53.789+0000] {processor.py:183} INFO - Processing /opt/airflow/dags/sodai/__init__.py took 0.029 seconds
[2025-11-19T23:58:27.205+0000] {processor.py:161} INFO - Started process (PID=3410) to work on /opt/airflow/dags/sodai/__init__.py
[2025-11-19T23:58:27.206+0000] {processor.py:830} INFO - Processing file /opt/airflow/dags/sodai/__init__.py for tasks to queue
[2025-11-19T23:58:27.207+0000] {logging_mixin.py:188} INFO - [2025-11-19T23:58:27.207+0000] {dagbag.py:540} INFO - Filling up the DagBag from /opt/airflow/dags/sodai/__init__.py
[2025-11-19T23:58:27.220+0000] {processor.py:842} WARNING - No viable dags retrieved from /opt/airflow/dags/sodai/__init__.py
[2025-11-19T23:58:27.233+0000] {processor.py:183} INFO - Processing /opt/airflow/dags/sodai/__init__.py took 0.032 seconds
[2025-11-19T23:59:00.643+0000] {processor.py:161} INFO - Started process (PID=3420) to work on /opt/airflow/dags/sodai/__init__.py
[2025-11-19T23:59:00.643+0000] {processor.py:830} INFO - Processing file /opt/airflow/dags/sodai/__init__.py for tasks to queue
[2025-11-19T23:59:00.645+0000] {logging_mixin.py:188} INFO - [2025-11-19T23:59:00.644+0000] {dagbag.py:540} INFO - Filling up the DagBag from /opt/airflow/dags/sodai/__init__.py
[2025-11-19T23:59:00.656+0000] {processor.py:842} WARNING - No viable dags retrieved from /opt/airflow/dags/sodai/__init__.py
[2025-11-19T23:59:00.666+0000] {processor.py:183} INFO - Processing /opt/airflow/dags/sodai/__init__.py took 0.028 seconds
[2025-11-19T23:59:33.046+0000] {processor.py:161} INFO - Started process (PID=3430) to work on /opt/airflow/dags/sodai/__init__.py
[2025-11-19T23:59:33.047+0000] {processor.py:830} INFO - Processing file /opt/airflow/dags/sodai/__init__.py for tasks to queue
[2025-11-19T23:59:33.048+0000] {logging_mixin.py:188} INFO - [2025-11-19T23:59:33.048+0000] {dagbag.py:540} INFO - Filling up the DagBag from /opt/airflow/dags/sodai/__init__.py
[2025-11-19T23:59:33.060+0000] {processor.py:842} WARNING - No viable dags retrieved from /opt/airflow/dags/sodai/__init__.py
[2025-11-19T23:59:33.073+0000] {processor.py:183} INFO - Processing /opt/airflow/dags/sodai/__init__.py took 0.032 seconds
